id,arrival,output,prompt,session,cluster,switched,old_cluster,p_start,hit_tokens,p_service,p_end,kv_start,kv_end,d_start,first,end,ttft,e2e,p_wait,kv_wait,d_wait,decode_first
0,0.0008824462728289674,64,640,0,0,0,,0.0008824462728289674,0,0.1876977777777778,0.18858022405060676,0.18858022405060676,0.19513577960616232,0.19513577960616232,0.2204482796061623,1.8161201546061625,0.21956583333333335,1.8152377083333335,0.0,0.0,0.0,0.025312499999999988
1,0.011546866014359525,96,704,0,1,1,0,0.011546866014359525,0,0.20566755555555558,0.2172144215699151,0.2172144215699151,0.22412553268102622,0.22412553268102622,0.24946928268102622,2.6613749630195676,0.2379224166666667,2.649828097005208,0.0,0.0,0.0,0.025343749999999998
2,0.022937309349755318,96,640,48,2,0,,0.022937309349755318,0,0.1876977777777778,0.21063508712753312,0.21063508712753312,0.21719064268308869,0.21719064268308869,0.2425031426830887,2.6581090997143386,0.21956583333333338,2.6351717903645833,0.0,0.0,0.0,0.025312500000000016
3,0.04171476480976072,96,2176,46,3,0,,0.04171476480976072,0,0.6189724444444444,0.6606872092542051,0.6606872092542051,0.675776098143094,0.675776098143094,0.701838598143094,3.1752551427394478,0.6601238333333332,3.133540377929687,0.0,0.0,0.0,0.02606249999999999
4,0.44252199861210956,160,768,0,4,1,1,0.44252199861210956,0,0.22363733333333335,0.6661593319454429,0.6661593319454429,0.6734259986121095,0.6734259986121095,0.6988009986121095,4.752672914302214,0.256279,4.310150915690104,0.0,0.0,0.0,0.025375000000000036
5,0.4723678010347012,96,1152,1,5,0,,0.4723678010347012,0,0.33145600000000003,0.8038238010347012,0.8038238010347012,0.8132238010347012,0.8132238010347012,0.8387863010347012,3.2565275119722012,0.3664185,2.7841597109375,0.0,0.0,0.0,0.025562500000000044
6,0.48923516027628355,64,2176,2,6,0,,0.48923516027628355,0,0.6189724444444444,1.1082076047207279,1.1082076047207279,1.1232964936096168,1.1232964936096168,1.149358993609617,2.7678914643127417,0.6601238333333334,2.278656304036458,0.0,0.0,0.0,0.0260625000000001
7,0.7087740062416623,96,1152,77,7,0,,0.7087740062416623,0,0.33145600000000003,1.0402300062416623,1.0402300062416623,1.0496300062416624,1.0496300062416624,1.0751925062416623,3.494059693741663,0.3664185,2.7852856875000005,0.0,0.0,0.0,0.025562499999999932
8,0.7201832032643822,64,4224,63,0,0,,0.7201832032643822,256,1.1228942222222222,1.8430774254866045,1.8430774254866045,1.869544092153271,1.869544092153271,1.896606592153271,3.602302881215772,1.1764233888888889,2.8821196779513896,0.0,0.0,0.0,0.02706249999999999
9,0.8150545108340383,96,640,88,1,0,,0.8150545108340383,256,0.11658666666666667,0.931641177500705,0.931641177500705,0.9381967330562605,0.9592925248685265,0.9846277299466515,3.400924645636755,0.16957321911261314,2.5858701348027164,0.0,0.0,0.02109579181226595,0.025335205078125034
10,0.831687827876313,128,1152,9,2,0,,0.831687827876313,256,0.2603448888888889,1.092032716765202,1.092032716765202,1.101432716765202,1.1034186700268387,1.1288647149487137,4.427411834089338,0.29717688707240064,3.5957240062130253,0.0,0.0,0.0019859532616366415,0.025446044921874966
11,0.9048388057851131,128,2240,2,3,1,6,0.9048388057851131,256,0.5658311111111111,1.4706699168962243,1.4706699168962243,1.4861143613406687,1.510018285643094,1.536104223143094,4.817125341307156,0.6312654173579808,3.9122865355220426,0.0,0.0,0.023903924302425272,0.02608593749999999
12,0.9296425723837571,128,640,20,4,0,,0.9296425723837571,256,0.11658666666666667,1.0462292390504238,1.0462292390504238,1.0527847946059794,1.0541022681433596,1.0794496802527347,4.315653383052213,0.14980710786897755,3.386010810668456,0.0,0.0,0.0013174735373802093,0.025347412109375078
13,1.1619656394315547,128,512,144,5,0,,1.1619656394315547,0,0.15175822222222224,1.313723861653777,1.313723861653777,1.3195683060982215,1.3245665744722013,1.3499777072847012,4.583242477792514,0.1880120678531465,3.4212768383609595,0.0,0.0,0.004998268373979764,0.02541113281249996
14,1.2205886211935337,128,640,120,6,0,,1.2205886211935337,256,0.11658666666666667,1.3371752878602003,1.3371752878602003,1.343730843415756,1.3578765717346168,1.383566269000242,4.644418808062744,0.1629776478067082,3.42383018686921,0.0,0.0,0.01414572831886085,0.02568969726562509
15,1.2276022287504205,128,256,1,7,0,5,1.2276022287504205,0,0.07987911111111111,1.3074813398615315,1.3074813398615315,1.3119035620837538,1.3308443617104124,1.3561907972572875,4.602643645564579,0.12858856850686706,3.3750414168141587,0.0,0.0,0.018940799626658622,0.0253464355468751
16,1.3067001477240916,96,4224,3,0,0,,1.8430774254866045,256,1.1228942222222222,2.9659716477088267,2.9659716477088267,2.9924383143754936,3.0065895023095215,3.0336622562157713,5.580385221710564,1.7269621084916797,4.2736850739864725,0.5363772777625129,0.0,0.01415118793402792,0.027072753906249858
17,1.3153453368414743,160,1280,1,1,1,5,1.3153453368414743,256,0.29628444444444446,1.6116297812859188,1.6116297812859188,1.62174089239703,1.6435144486966515,1.6689550411445682,5.741023574905725,0.3536097043030939,4.4256782380642505,0.0,0.0,0.02177355629962152,0.025440592447916632
18,1.4264518797246857,64,4224,19,2,0,,1.4264518797246857,256,1.1228942222222222,2.5493461019469077,2.5493461019469077,2.5758127686135746,2.5800964044018384,2.606100147891422,4.269888884870588,1.1796482681667362,2.8434370051459026,0.0,0.0,0.004283635788263851,0.026003743489583453
19,1.573911092870856,96,2048,28,3,0,,1.573911092870856,0,0.5830328888888889,2.1569439817597447,2.1569439817597447,2.1713217595375225,2.188411352049344,2.214477107257677,4.6638035639634055,0.640566014386821,3.0898924710925497,0.0,0.0,0.017089592511821294,0.026065755208333208
20,1.5865649651188571,64,1152,153,4,0,,1.5865649651188571,256,0.2603448888888889,1.846909854007746,1.846909854007746,1.856309854007746,1.8654616431433597,1.890891167882943,3.496036195552214,0.30432620276408584,1.909471230433357,0.0,0.0,0.009151789135613653,0.025429524739583265
21,1.6358113421795548,128,640,60,5,0,,1.6358113421795548,256,0.11658666666666667,1.7523980088462214,1.7523980088462214,1.758953564401777,1.782041672128451,1.8074257867117844,5.052070114511265,0.17161444453222963,3.41625877233171,0.0,0.0,0.023088107726674023,0.02538411458333334
22,1.9206574372265983,64,640,12,6,0,,1.9206574372265983,256,0.11658666666666667,2.037244103893265,2.037244103893265,2.0437996594488204,2.0516697846252416,2.0772425385314914,3.6801785736877424,0.15658510130489312,1.759521136461144,0.0,0.0,0.007870125176421272,0.0255727539062498
23,1.9681152417710488,160,4288,63,7,1,0,1.9681152417710488,256,1.140864,3.108979241771049,3.108979241771049,3.135801463993271,3.1570357679604126,3.182988079158329,7.3046644300697885,1.2148728373872804,5.33654918829874,0.0,0.0,0.021234303967141432,0.025952311197916522
24,2.226519176371767,160,4224,55,0,0,,2.9659716477088267,256,1.1228942222222222,4.088865869931049,4.088865869931049,4.115332536597716,4.116777978872021,4.1438504886376455,8.318420122194196,1.9173313122658784,6.091900945822429,0.7394524713370596,0.0,0.0014454422743046536,0.027072509765624808
25,2.2571460732779576,128,832,0,1,1,4,2.2571460732779576,576,0.0816071111111111,2.3387531843890685,2.3387531843890685,2.346375406611291,2.3560356075508175,2.381477868293005,5.637753346111083,0.12433179501504732,3.3806072728331253,0.0,0.0,0.009660200939526575,0.02544226074218736
26,2.2993107989117303,64,4224,155,2,0,,2.5493461019469077,256,1.1228942222222222,3.67224032416913,3.67224032416913,3.698706990835797,3.7116149590893386,3.7382008965893387,5.394712428164858,1.4388900976776084,3.095401629253128,0.2500353030351774,0.0,0.012907968253541569,0.026585937500000156
27,2.4827908805609766,128,640,96,3,0,,2.4827908805609766,256,0.11658666666666667,2.5993775472276432,2.5993775472276432,2.6059331027831987,2.6315955968410103,2.657479263833198,5.944170263182156,0.17468838327222125,3.461379382621179,0.0,0.0,0.025662494057811625,0.02588366699218758
28,2.5662879967619627,160,2176,18,4,0,,2.5662879967619627,256,0.5478613333333333,3.1141493300952963,3.1141493300952963,3.129238218984185,3.1375360246537767,3.163142103755339,7.2897739152787775,0.5968541069933764,4.723485918516815,0.0,0.0,0.008297805669591707,0.02560607910156243
29,2.584673568887715,128,1344,1,5,1,1,2.584673568887715,1024,0.10092088888888888,2.685594457776604,2.685594457776604,2.696061124443271,2.6961774143159514,2.7216427463472015,5.9989775201102225,0.13696917745948634,3.4143039512225073,0.0,0.0,0.00011628987268030855,0.02546533203125012
30,2.674840572340526,64,4224,11,6,0,,2.674840572340526,256,1.1228942222222222,3.797734794562748,3.797734794562748,3.824201461229415,3.832327499468992,3.8585386811096174,5.510464706500246,1.1836981087690912,2.8356241341597195,0.0,0.0,0.008126038239577138,0.026211181640625192
31,2.7276597111248573,128,1152,5,7,0,,3.108979241771049,256,0.2603448888888889,3.369324130659938,3.369324130659938,3.378724130659938,3.3906241468666627,3.416482301163538,6.7052705824135375,0.6888225900386806,3.97761087128868,0.38131953064619184,0.0,0.01190001620672465,0.025858154296875213
32,2.8113451224228405,64,1152,21,0,0,,4.088865869931049,256,0.2603448888888889,4.349210758819938,4.349210758819938,4.358610758819938,4.360448144887646,4.387020247752229,6.049448738963168,1.5756751253293886,3.2381036165403274,1.2775207475082087,0.0,0.0018373860677076692,0.026572102864583336
33,2.905568973573945,128,1408,1,1,1,5,2.905568973573945,1152,0.08333511111111111,2.988904084685056,2.988904084685056,2.999726306907278,3.0179613888008174,3.04348885462113,6.308974305002451,0.13791988104718467,3.4034053314285058,0.0,0.0,0.018235081893539284,0.0255274658203124
34,2.9219400446904555,96,2176,98,2,0,,3.67224032416913,256,0.5478613333333333,4.220101657502464,4.220101657502464,4.235190546391353,4.243426482526838,4.269888884870588,6.748902302141794,1.3479488401801327,3.826962257451339,0.7503002794786746,0.0,0.008235936135485566,0.026462402343749858
35,3.1017459960759206,64,256,3,3,0,0,3.1017459960759206,0,0.07987911111111111,3.1816251071870316,3.1816251071870316,3.186047329409254,3.201077245604031,3.226725438963406,4.842982763182156,0.12497944288748553,1.7412367671062352,0.0,0.0,0.015029916194777115,0.02564819335937507
36,3.147401135138116,96,1152,73,4,0,,3.147401135138116,256,0.2603448888888889,3.407746024027005,3.407746024027005,3.417146024027005,3.419229750239714,3.444831410395964,5.898413726476693,0.29743027525784793,2.7510125913385766,0.0,0.0,0.002083726212708914,0.025601660156250095
37,3.18816554651025,64,4224,39,5,0,,3.18816554651025,256,1.1228942222222222,4.3110597687324725,4.3110597687324725,4.337526435399139,4.350528976815951,4.376384079355014,6.025193950774285,1.1882185328447639,2.837028404264035,0.0,0.0,0.013002541416812008,0.025855102539062536
38,3.3097196187568048,96,2176,6,6,0,,3.797734794562748,256,0.5478613333333333,4.345596127896082,4.345596127896082,4.360685016784971,4.382864852984619,4.409033310015869,6.894314397255454,1.0993136912590642,3.584594778498649,0.48801517580594345,0.0,0.022179836199647696,0.02616845703125037
39,3.337477676933652,64,512,3,7,0,0,3.369324130659938,0,0.15175822222222224,3.5210823528821606,3.5210823528821606,3.526926797326605,3.5459475518145793,3.5717185479083295,5.197202385798954,0.2342408709746775,1.8597247088653024,0.03184645372628614,0.0,0.019020754487974134,0.02577099609375022
40,3.3423518202444833,160,2304,2,0,1,3,4.349210758819938,256,0.5838008888888889,4.933011647708827,4.933011647708827,4.948811647708826,4.971730045929314,4.998198795929314,9.161820773235862,1.6558469756848306,5.819468952991379,1.0068589385754545,0.0,0.022918398220487468,0.026468750000000263
41,3.498885273880251,96,2176,10,1,0,,3.498885273880251,256,0.5478613333333333,4.046746607213584,4.046746607213584,4.061835496102473,4.066508141730505,4.092228234503943,6.541145261568672,0.593342960623692,3.042259987688421,0.0,0.0,0.004672645628032157,0.025720092773437564
42,3.5375213195106636,160,896,0,2,1,1,4.220101657502464,256,0.1884657777777778,4.408567435280242,4.408567435280242,4.416545213058019,4.427411834089338,4.453604867943505,8.603004329671554,0.9160835484328413,5.065483010160891,0.6825803379918001,0.0,0.010866621031318857,0.026193033854166714
43,3.66489346426443,128,4224,147,3,0,,3.66489346426443,256,1.1228942222222222,4.787787686486652,4.787787686486652,4.814254353153319,4.817125341307156,4.842982763182156,8.245797297687362,1.1780892989177256,4.580903833422932,0.0,0.0,0.0028709881538366844,0.025857421875000064
44,3.7661235730539935,128,4096,3,4,0,0,3.7661235730539935,0,1.1580657777777779,4.924189350831771,4.924189350831771,4.949944906387326,4.959411195552214,4.985640850500131,8.31602026479514,1.2195172774461374,4.5498966917411465,0.0,0.0,0.009466289164887343,0.02622965494791707
45,3.9262676357823367,96,4224,139,5,0,,4.3110597687324725,256,1.1228942222222222,5.433953990954695,5.433953990954695,5.460420657621362,5.474343552011265,5.500961878834182,7.962698298802561,1.574694243051845,4.036430663020225,0.3847921329501358,0.0,0.013922894389903462,0.026618326822916316
46,4.06013458729837,64,1152,17,6,0,,4.345596127896082,256,0.2603448888888889,4.60594101678497,4.60594101678497,4.615341016784971,4.618398544390868,4.644418808062744,6.291483464638267,0.5842842207643741,2.2313488773398973,0.2854615405977121,0.0,0.003057527605897725,0.026020263671875377
47,4.139400115040669,160,1152,41,7,0,,4.139400115040669,256,0.2603448888888889,4.399745003929557,4.399745003929557,4.409145003929558,4.42243534478333,4.44817792290833,8.571152292793004,0.30877780786766085,4.431752177752335,0.0,0.0,0.013290340853772342,0.025742578124999582
48,4.341682966155089,128,2176,34,0,0,,4.933011647708827,256,0.5478613333333333,5.48087298104216,5.48087298104216,5.495961869931049,5.501197819366814,5.527593131866814,8.844720187298362,1.185910165711725,4.503037221143273,0.5913286815537377,0.0,0.005235949435764553,0.026395312500000045
49,4.368043392179142,96,2240,6,1,1,6,4.368043392179142,256,0.5658311111111111,4.9338745032902525,4.9338745032902525,4.949318947734697,4.967001916144567,4.992810412238317,7.442449379407214,0.6247670200591751,3.0744059872280722,0.0,0.0,0.01768296840987027,0.02580849609374969
50,4.472195039655328,96,960,0,2,0,2,4.472195039655328,768,0.06421333333333333,4.536408372988661,4.536408372988661,4.544741706321995,4.558381886172672,4.584395680117985,7.060607380266793,0.11220064046265676,2.588412340611465,0.0,0.0,0.013640179850677114,0.02601379394531289
51,4.475718605948391,128,4224,131,3,0,,4.787787686486652,256,1.1228942222222222,5.910681908708875,5.910681908708875,5.9371485753755415,5.944170263182156,5.971243261229031,9.399860725421737,1.49552465528064,4.924142119473347,0.31206908053826155,0.0,0.007021687806614274,0.027072998046874908
52,4.498486295247026,128,1024,0,4,1,2,4.924189350831771,640,0.11773866666666667,5.041928017498438,5.041928017498438,5.050616906387327,5.06433274503138,5.090381451086068,8.42067866323264,0.5918951558390422,3.9221923679856134,0.4257030555847452,0.0,0.013715838644053235,0.026048706054687898
53,4.518871986866341,96,256,12,5,0,6,5.433953990954695,0,0.07987911111111111,5.5138331020658065,5.5138331020658065,5.518255324288028,5.527580693938348,5.55382642147741,8.013902470119525,1.0349544346110688,3.495030483253184,0.9150820040883536,0.0,0.009325369650319715,0.02624572753906218
54,4.5452771869453015,96,4096,64,6,0,,4.60594101678497,0,1.1580657777777779,5.764006794562748,5.764006794562748,5.789762350118304,5.794635849078371,5.820860295692954,8.29712459768328,1.2755831087476528,3.7518474107379793,0.06066382983966889,0.0,0.0048734989600669465,0.026224446614583563
55,4.6016866806651215,160,1088,0,7,1,4,4.6016866806651215,256,0.2423751111111111,4.844061791776233,4.844061791776233,4.853106236220677,4.861521819392705,4.887340471736454,9.011805194578718,0.2856537910713328,4.410118513913597,0.0,0.0,0.008415583172027397,0.025818652343749804
56,4.6431056896824625,64,768,12,0,1,6,5.48087298104216,256,0.15252622222222223,5.633399203264382,5.633399203264382,5.640665869931048,5.659042570343376,5.6850936445621265,7.323778171859372,1.041987954879664,2.6806724821769095,0.8377672913596976,0.0,0.018376700412328084,0.02605107421875008
57,4.808114211367828,128,1216,73,1,1,4,4.9338745032902525,256,0.27831466666666665,5.212189169956919,5.212189169956919,5.221944725512475,5.225108849738317,5.250885623826858,8.521974477063463,0.44277141245903007,3.7138602656956348,0.12576029192242455,0.0,0.003164124225842002,0.025776774088541288
58,4.827262321389663,128,4288,155,2,0,2,4.827262321389663,4096,0.07419733333333334,4.901459654722996,4.901459654722996,4.928281876945218,4.948640064883609,4.974875709414859,8.290591127476612,0.14761338802519663,3.463328806086949,0.0,0.0,0.020358187938390948,0.02623564453125038
59,4.831445974292721,128,4096,19,3,0,2,5.910681908708875,0,1.1580657777777779,7.0687476864866525,7.0687476864866525,7.094503242042208,7.108750097166532,7.1358127599269485,10.52567493440611,2.304366785634228,5.6942289601133895,1.079235934416154,0.0,0.01424685512432422,0.027062662760416245
60,4.847580423120591,160,2368,2,4,1,0,5.041928017498438,256,0.6017706666666667,5.643698684165105,5.643698684165105,5.65985423972066,5.663576519445442,5.689655718664192,9.870796376216271,0.8420752955436015,5.02321595309568,0.194347594377847,0.0,0.003722279724781785,0.026079199218750126
61,4.850410087968259,160,1152,45,5,0,,5.5138331020658065,256,0.2603448888888889,5.774177990954695,5.774177990954695,5.783577990954695,5.790059941985223,5.816172930266473,9.925125598374736,0.9657628422982141,5.074715510406477,0.6634230140975479,0.0,0.006481951030527178,0.026112988281250082
62,4.860846617359346,128,1152,137,6,0,,5.764006794562748,256,0.2603448888888889,6.024351683451637,6.024351683451637,6.033751683451637,6.056902287880455,6.082964909950767,9.37396183261631,1.2221182925914205,4.513115215256963,0.9031601772034019,0.0,0.023150604428817445,0.02606262207031218
63,4.900763618399929,160,2240,18,7,1,4,4.900763618399929,256,0.5658311111111111,5.46659472951104,5.46659472951104,5.482039173955484,5.482799553767705,5.508791350642705,9.637961713133409,0.6080277322427756,4.73719809473348,0.0,0.0,0.0007603798122204353,0.025991796875000084
64,4.904867859606111,96,1152,89,0,0,,5.633399203264382,256,0.2603448888888889,5.893744092153271,5.893744092153271,5.903144092153271,5.919575285187126,5.9455489993798345,8.422980343548362,1.0406811397737235,3.518112483942251,0.728531343658271,0.0,0.01643119303385543,0.02597371419270811
65,4.91441914618642,128,2304,6,1,0,1,5.212189169956919,2112,0.06824533333333334,5.280434503290253,5.280434503290253,5.296234503290252,5.302440636847691,5.328268413075369,8.59920836378221,0.4138492668889491,3.6847892175957906,0.2977700237704992,0.0,0.006206133557438598,0.02582777622767818
66,4.944175342616389,128,4224,111,2,0,,4.944175342616389,256,1.1228942222222222,6.0670695648386115,6.0670695648386115,6.093536231505278,6.097734156680484,6.123982398867984,9.443850228109051,1.1798070562515948,4.499674885492662,0.0,0.0,0.0041979251752053415,0.026248242187500104
67,5.009236252428093,64,4224,71,3,0,,7.0687476864866525,256,1.1228942222222222,8.191641908708874,8.191641908708874,8.21810857537554,8.218719660968612,8.245797297687362,9.925535530109237,3.2365610452592692,4.916299277681143,2.0595114340585594,0.0,0.0006110855930714365,0.027077636718750853
68,5.023959339262372,96,2432,2,4,0,4,5.643698684165105,2240,0.06862933333333333,5.712328017498438,5.712328017498438,5.728839128609549,5.741815581945443,5.7679140519975265,8.263394450993058,0.7439547127351549,3.2394351117306863,0.6197393449027331,0.0,0.012976453335894256,0.026098470052083655
69,5.032796232702276,128,2176,82,5,0,,5.774177990954695,256,0.5478613333333333,6.322039324288029,6.322039324288029,6.337128213176918,6.362252381763868,6.388216248951369,9.662746659572651,1.3554200162490924,4.629950426870375,0.7413817582524187,0.0,0.025124168586950546,0.025963867187500433
70,5.054883661312881,64,2176,58,6,0,,6.024351683451637,256,0.5478613333333333,6.57221301678497,6.57221301678497,6.5873019056738595,6.606212956825767,6.632401555458579,8.271291915391615,1.5775178941456982,3.2164082540787335,0.9694680221387557,0.0,0.01891105115190772,0.026188598632812088
71,5.1057558195819475,160,4096,4,7,0,,5.46659472951104,0,1.1580657777777779,6.624660507288818,6.624660507288818,6.650416062844373,6.652913811580205,6.679091952856246,10.835948968992785,1.5733361332742986,5.730193149410837,0.3608389099290923,0.0,0.0024977487358315287,0.026178141276041345
72,5.136768362399939,64,1152,37,0,0,,5.893744092153271,256,0.2603448888888889,6.154088981042159,6.154088981042159,6.16348898104216,6.179716805369417,6.20568978714025,7.846334672975444,1.068921424740311,2.7095663105755046,0.7569757297533313,0.0,0.016227824327257778,0.02597298177083296
73,5.1578534810237,128,704,4,1,0,,5.280434503290253,256,0.13455644444444445,5.414990947734697,5.414990947734697,5.4219020588458084,5.431584400798583,5.457353809978271,8.729660023938463,0.29950032895457035,3.5718065429147625,0.12258102226655243,0.0,0.009682341952774287,0.02576940917968784
74,5.214733107804606,96,640,56,2,0,,6.0670695648386115,256,0.11658666666666667,6.183656231505278,6.183656231505278,6.190211787060834,6.202730055117985,6.228823967878402,8.707538183838219,1.0140908600737957,3.492805076033613,0.8523364570340055,0.0,0.012518268057150728,0.02609391276041695
75,5.271999570433187,128,2176,22,3,0,,8.191641908708874,256,0.5478613333333333,8.739503242042208,8.739503242042208,8.754592130931096,8.760068293781112,8.786887751788925,12.114385967237212,3.5148881813557376,6.842386396804025,2.919642338275687,0.0,0.005476162850015953,0.026819458007812713
76,5.282791332578838,160,4480,3,4,1,0,5.712328017498438,256,1.1947733333333332,6.907101350831771,6.907101350831771,6.934990239720659,6.946786773351693,6.973167469966277,11.164753684158985,1.6903761373874389,5.881962351580147,0.42953668491959984,0.0,0.011796533631033945,0.02638069661458342
77,5.33864488939914,128,256,83,5,0,,6.322039324288029,0,0.07987911111111111,6.40191843539914,6.40191843539914,6.406340657621362,6.414180604420118,6.4399774794201186,9.715101965562235,1.101332590020979,4.376457076163096,0.983394434888889,0.0,0.007839946798756436,0.025796875000000163
78,5.412859072212574,96,1472,1,6,1,1,6.57221301678497,256,0.35019377777777777,6.9224067945627485,6.9224067945627485,6.933584572340527,6.9467592214742035,6.972856267372641,9.425253615540418,1.5599971951600669,4.0123945433278445,1.1593539445723966,0.0,0.01317464913367683,0.026097045898437088
79,5.4588290664988435,96,640,16,7,0,,6.624660507288818,256,0.11658666666666667,6.741247173955484,6.741247173955484,6.74780272951104,6.757850953507288,6.7839788018145795,9.245622821531844,1.325149735315736,3.786793755033001,1.1658314407899741,0.0,0.010048223996247607,0.026127848307291757
80,5.498466232863236,96,2176,138,0,0,,6.154088981042159,256,0.5478613333333333,6.701950314375493,6.701950314375493,6.717039203264382,6.725251961619417,6.751246520771203,9.24133200370461,1.2527802879079672,3.742865770841374,0.6556227481789234,0.0,0.008212758355035099,0.025994559151786056
81,5.580377563191515,160,1216,21,1,1,0,5.580377563191515,256,0.27831466666666665,5.858692229858182,5.858692229858182,5.868447785413737,5.870218724645308,5.896023970181022,10.025257761568668,0.3156464069895071,4.444880198377152,0.0,0.0,0.0017709392315703454,0.025805245535714505
82,5.743088687813724,160,640,72,2,0,,6.183656231505278,256,0.11658666666666667,6.300242898171945,6.300242898171945,6.306798453727501,6.307108635847151,6.333092592320366,10.482080696859054,0.5900039045066414,4.7389920090453295,0.4405675436915537,0.0,0.00031018211965072595,0.025983956473214498
83,5.77630133951508,160,1152,53,3,0,,8.739503242042208,256,0.2603448888888889,8.999848130931097,8.999848130931097,9.009248130931097,9.028284846515488,9.054856819171738,13.202139766213302,3.2785554796566574,7.425838426698221,2.9632019025271275,0.0,0.019036715584391573,0.026571972656249443
84,5.915451512278031,160,1536,1,4,1,6,6.907101350831771,256,0.3681635555555556,7.275264906387326,7.275264906387326,7.286798239720659,7.2897739152787775,7.316095855382944,11.507957492752737,1.4006443431049131,5.592505980474707,0.99164983855374,0.0,0.0029756755581180627,0.02632194010416633
85,5.979412007017091,64,1216,5,5,1,7,6.40191843539914,256,0.27831466666666665,6.680233102065807,6.680233102065807,6.689988657621362,6.6979730848888686,6.723740581633661,8.347710901109107,0.7443285746165698,2.3682988940920158,0.4225064283820492,0.0,0.007984427267506256,0.025767496744792062
86,6.0794931034394875,96,1152,105,6,0,,6.9224067945627485,256,0.2603448888888889,7.182751683451637,7.182751683451637,7.1921516834516375,7.207751653114828,7.233745696083578,9.681543491842504,1.1542525926440907,3.6020503884030166,0.8429136911232611,0.0,0.01559996966319055,0.025994042968750186
87,6.084297952309091,128,1152,0,7,0,7,6.741247173955484,960,0.06478933333333334,6.806036507288818,6.806036507288818,6.815436507288818,6.836235963272913,6.862284303116663,10.167153607664659,0.7779863508075717,4.0828556553555675,0.6569492216463928,0.0,0.02079945598409516,0.02604833984374988
88,6.144040400736638,160,2496,2,0,1,4,6.701950314375493,2176,0.10437688888888888,6.806327203264382,6.806327203264382,6.823193869931049,6.82923312791406,6.8552574199062475,11.03603571464211,0.7112170191696094,4.891995313905473,0.5579099136388548,0.0,0.0060392579830113036,0.026024291992187365
89,6.169297135174986,64,1216,0,1,1,7,6.169297135174986,704,0.15387022222222224,6.3231673573972085,6.3231673573972085,6.332922912952764,6.334798442372243,6.360590085787422,7.981921742688463,0.19129295061243567,1.8126246075134773,0.0,0.0,0.001875529419478994,0.02579164341517881
90,6.174106597109155,96,4224,7,2,0,,6.300242898171945,256,1.1228942222222222,7.423137120394167,7.423137120394167,7.449603787060834,7.451726520891794,7.477969033912628,9.964476762707267,1.303862436803473,3.7903701655981124,0.1261363010627896,0.0,0.0021227338309603994,0.02624251302083369
91,6.2490047940202125,160,1280,5,3,1,5,8.999848130931097,256,0.29628444444444446,9.296132575375541,9.296132575375541,9.306243686486653,9.320603401202987,9.347022020994654,13.487385127541426,3.0980172269744415,7.238380333521214,2.7508433369108847,0.0,0.014359714716334793,0.026418619791666487
92,6.5109113089422035,64,2176,86,4,0,,7.275264906387326,256,0.5478613333333333,7.82312623972066,7.82312623972066,7.838215128609549,7.842637196528776,7.868930862823419,9.527726272979663,1.3580195538812152,3.0168149640374597,0.7643535974451225,0.0,0.004422067919227501,0.02629366629464247
93,6.539031156255661,160,2560,2,5,1,0,6.680233102065807,256,0.65568,7.335913102065807,7.335913102065807,7.353135324288029,7.368086691659702,7.3939339991373805,11.519684094468488,0.8549028428817191,4.980652938212827,0.14120194581014545,0.0,0.014951367371672575,0.025847307477678605
94,6.722531686681098,96,1344,5,6,1,3,7.182751683451637,256,0.3142542222222222,7.497005905673859,7.497005905673859,7.507472572340526,7.519712395302329,7.5456550222554535,9.989209312155001,0.8231233355743557,3.2666776254739034,0.4602199967705394,0.0,0.012239822961802815,0.02594262695312466
95,6.991336563742585,96,1216,41,7,0,7,6.991336563742585,1024,0.06498133333333334,7.0563178970759175,7.0563178970759175,7.066073452631473,7.070688599991663,7.096683961319788,9.558935907469348,0.10534739757720324,2.567599343726763,0.0,0.0,0.004615147360190086,0.025995361328124744
96,7.175065635068835,64,4352,19,0,1,2,7.175065635068835,256,1.1588337777777777,8.333899412846613,8.333899412846613,8.36107719062439,8.370520219850444,8.396750037558778,10.06927458182961,1.2216844024899434,2.8942089467607754,0.0,0.0,0.009443029226053667,0.02622981770833377
97,7.33785303330521,96,4544,3,1,1,4,7.33785303330521,256,1.212743111111111,8.550596144416321,8.550596144416321,8.578840588860766,8.59920836378221,8.62529771925096,11.14471772250617,1.2874446859457507,3.8068646892009603,0.0,0.0,0.020367774921444592,0.02608935546875024
98,7.367974707467881,128,1600,1,2,1,4,7.423137120394167,256,0.3861333333333334,7.809270453727501,7.809270453727501,7.821159342616389,7.845415485735543,7.871598381940901,11.183308431234053,0.5036236744730198,3.815333723766172,0.05516241292628621,0.0,0.02425614311915414,0.02618289620535741
99,7.56764941499818,128,4608,3,3,1,1,9.296132575375541,256,1.230712888888889,10.52684546426443,10.52684546426443,10.55544546426443,10.577230761229028,10.603377245604028,13.902919822636912,3.0357278306058477,6.335270407638732,1.728483160377361,0.0,0.02178529696459819,0.026146484374999446
100,7.81458712734313,160,4288,11,4,1,6,7.82312623972066,256,1.140864,8.96399023972066,8.96399023972066,8.990812461942882,8.999757764795138,9.026238428857638,13.241821726151175,1.2116513015145083,5.427234598808044,0.008539112377529356,0.0,0.00894530285225592,0.02648066406250038
101,7.830552008831518,64,640,8,5,0,,7.830552008831518,256,0.11658666666666667,7.947138675498184,7.947138675498184,7.95369423105374,7.962698298802561,7.988300140320418,9.610567541734108,0.15774813148890043,1.7800155329025902,0.0,0.0,0.009004067748820788,0.02560184151785716
102,7.831735468851127,160,704,16,6,1,7,7.831735468851127,256,0.13455644444444445,7.966291913295572,7.966291913295572,7.973203024406683,7.986754387489828,8.01261899407465,12.102265697013628,0.18088352522352302,4.270530228162501,0.0,0.0,0.013551363083145418,0.025864606584821814
103,7.87087311260908,160,2176,14,7,0,,7.87087311260908,256,0.5478613333333333,8.418734445942412,8.418734445942412,8.4338233348313,8.441747995918002,8.467627878730502,12.660278485594342,0.5967547661214221,4.789405372985262,0.0,0.0,0.00792466108670098,0.0258798828125002
104,7.91913454896287,64,4224,15,0,0,,8.333899412846613,256,1.1228942222222222,9.456793635068834,9.456793635068834,9.4832603017355,9.508377902142113,9.535203585735863,11.192628243938985,1.6160690367729922,3.273493694976115,0.41476486388374223,0.0,0.02511760040661315,0.02682568359374926
105,7.938741312197628,128,4096,37,1,0,0,8.550596144416321,0,1.1580657777777779,9.7086619221941,9.7086619221941,9.734417477749655,9.734516957532211,9.761152374198877,13.131470333066995,1.8224110620012492,5.192729020869367,0.6118548322186932,0.0,9.94797825555338e-05,0.026635416666666245
106,7.962108047760278,96,2240,10,2,1,1,7.962108047760278,256,0.5658311111111111,8.527939158871389,8.527939158871389,8.543383603315833,8.550916648309947,8.576960244850126,11.053484505452806,0.6148521970898475,3.091376457692528,0.0,0.0,0.00753304499411378,0.026043596540178626
107,7.9976174782349645,96,2048,36,3,0,,10.52684546426443,0,0.5830328888888889,11.109878353153318,11.109878353153318,11.124256130931096,11.126409472166527,11.152534862791526,13.617190086308785,3.154917384556562,5.61957260807382,2.529227986029465,0.0,0.0021533412354308723,0.02612539062499941
108,8.027542212610278,64,2624,2,4,1,5,8.96399023972066,2304,0.10476088888888889,9.068751128609549,9.068751128609549,9.086328906387326,9.10568335073264,9.132132406722224,10.794325835851687,1.104590194111946,2.766783623241409,0.9364480271103819,0.0,0.019354444345314192,0.026449055989584025
109,8.02939214592344,64,4288,7,5,1,2,8.02939214592344,256,1.140864,9.17025614592344,9.17025614592344,9.197078368145663,9.221519201890356,9.247458817775772,10.897561828843488,1.2180666718523323,2.8681696829200476,0.0,0.0,0.02444083374469308,0.0259396158854166
110,8.071579548923317,160,2176,130,6,0,,8.071579548923317,256,0.5478613333333333,8.61944088225665,8.61944088225665,8.634529771145539,8.655435046902028,8.681109851589527,12.786093138419883,0.6095303026662098,4.7145135894965655,0.0,0.0,0.020905275756488706,0.025674804687499275
111,8.177443362896097,128,4224,119,7,0,,8.418734445942412,256,1.1228942222222222,9.541628668164634,9.541628668164634,9.5680953348313,9.58516649828966,9.61156386157091,12.973798993406843,1.4341204986748117,4.796355630510746,0.24129108304631508,0.0,0.01707116345835935,0.026397363281249753
112,8.21056179350787,128,1664,1,0,1,2,9.456793635068834,256,0.40410311111111114,9.860896746179945,9.860896746179945,9.87314119062439,9.883981906048362,9.9105594206968,13.21353759452492,1.6999976271889299,5.002975801017051,1.2462318415609648,0.0,0.010840715423972469,0.026577514648437273
113,8.3628402004714,64,1280,0,1,0,1,9.7086619221941,1088,0.06517333333333333,9.773835255527434,9.773835255527434,9.783946366638546,9.787788279146794,9.81417182406867,11.487971384615548,1.4513316235972695,3.1251311841441485,1.3458217217227002,0.0,0.0038419125082480576,0.026383544921875668
114,8.367888847827645,160,2688,2,2,1,4,8.527939158871389,256,0.6916195555555555,9.219558714426945,9.219558714426945,9.237492047760279,9.259725390869471,9.286027474202804,13.420619466390301,0.9181386263751588,5.052730618562656,0.16005031104374368,0.0,0.02223334310919256,0.026302083333332504
115,8.385402480414491,160,1344,0,3,1,1,11.109878353153318,256,0.3142542222222222,11.424132575375541,11.424132575375541,11.434599242042207,11.439946386229026,11.46599846956236,15.590200612451213,3.0805959891478683,7.204798132036721,2.724475872738827,0.0,0.005347144186819364,0.026052083333333087
116,8.438274612358738,96,1408,0,4,1,3,9.068751128609549,896,0.15444622222222223,9.223197350831772,9.223197350831772,9.234019573053994,9.237933513493056,9.26427586840377,11.774631076737112,0.826001256045032,3.3363564643783743,0.6304765162508108,0.0,0.003913940439062458,0.026342354910713794
117,8.45017456936361,64,1472,0,5,1,4,9.17025614592344,256,0.35019377777777777,9.520449923701218,9.520449923701218,9.531627701478996,9.532826819077858,9.558739905015358,11.20963624290599,1.1085653356517486,2.759461673542381,0.7200815765598314,0.0,0.0011991175988619318,0.025913085937499858
118,8.454918305582348,128,1216,77,6,1,7,8.61944088225665,256,0.27831466666666665,8.897755548923318,8.897755548923318,8.907511104478873,8.912205066433275,8.937872477147561,12.206899486076129,0.48295417156521303,3.7519811804937806,0.1645225766743028,0.0,0.004693961954401971,0.02566741071428602
119,8.483100724375385,64,4288,71,7,1,3,9.541628668164634,256,1.140864,10.682492668164635,10.682492668164635,10.709314890386857,10.72889335375841,10.755732953367785,12.423009540281843,2.2726322289924,3.939908815906458,1.0585279437892492,0.0,0.019578463371553667,0.02683959960937443
120,8.628194820999477,160,640,92,0,0,,9.860896746179945,256,0.11658666666666667,9.977483412846611,9.977483412846611,9.984038968402167,9.990294894329612,10.016620968548361,14.150751069924848,1.3884261475488842,5.522556248925371,1.2327019251804678,0.0,0.006255925927444395,0.02632607421874944
121,8.646329581486906,96,4352,11,1,1,4,9.773835255527434,256,1.1588337777777777,10.932669033305212,10.932669033305212,10.95984681108299,10.984123972506168,11.010888376803043,13.522497816325922,2.364558795316137,4.876168234839016,1.1275056740405276,0.0,0.024277161423178484,0.0267644042968751
122,8.705605763365606,64,1152,29,2,0,,9.219558714426945,256,0.2603448888888889,9.479903603315835,9.479903603315835,9.489303603315834,9.496133919515302,9.522179817952802,11.157271810140303,0.8165740545871962,2.4516660467746973,0.5139529510613396,0.0,0.00683031619946739,0.02604589843750027
123,8.79081109831831,96,512,73,3,0,1,11.424132575375541,0,0.15175822222222224,11.575890797597763,11.575890797597763,11.581735242042207,11.596266210447777,11.62220622160849,14.084358421269727,2.8313951232901804,5.293547322951417,2.6333214770572315,0.0,0.014530968405569666,0.02594001116071354
124,8.802263415189728,64,2304,10,4,1,2,9.223197350831772,256,0.5838008888888889,9.806998239720661,9.806998239720661,9.822798239720662,9.844439163604664,9.870796376216271,11.534505100174613,1.068532961026543,2.732241684984885,0.4209339356420436,0.0,0.02164092388400185,0.026357212611607395
125,8.886107136372956,64,4352,7,5,0,5,9.520449923701218,4160,0.07438933333333334,9.59483925703455,9.59483925703455,9.622017034812329,9.6365772259789,9.662746659572651,11.31393604759349,0.7766395231996945,2.4278289112205336,0.6343427873282614,0.0,0.014560191166571812,0.02616943359375057
126,8.98641352495904,128,832,12,6,1,0,8.98641352495904,512,0.09938488888888888,9.085798413847929,9.085798413847929,9.093420636070151,9.117558024022562,9.143196207616313,12.416995970451127,0.1567826826572727,3.430582445492087,0.0,0.0,0.02413738795241116,0.025638183593750696
127,9.063772631240656,128,640,24,7,0,,10.682492668164635,256,0.11658666666666667,10.799079334831301,10.799079334831301,10.805634890386857,10.809413617430284,10.835948968992785,14.171165367104765,1.7721763377521285,5.107392735864108,1.6187200369239783,0.0,0.003778727043426855,0.026535351562500864
128,9.071063062181665,64,2304,18,0,1,7,9.977483412846611,256,0.5838008888888889,10.561284301735501,10.561284301735501,10.577084301735502,10.591774581829611,10.617903683392111,12.25330348807961,1.5468406212104462,3.1822404258979446,0.9064203506649466,0.0,0.014690280094109553,0.026129101562499812
129,9.242526445635498,160,1152,69,1,0,,10.932669033305212,256,0.2603448888888889,11.193013922194101,11.193013922194101,11.2024139221941,11.22452289828742,11.250865549654607,15.431753945418189,2.008339104019109,6.189227499782691,1.6901425876697136,0.0,0.0221089760933193,0.026342651367187386
130,9.252786584376583,96,1152,57,2,0,,9.479903603315835,256,0.2603448888888889,9.740248492204724,9.740248492204724,9.749648492204724,9.756614876546553,9.782595903332268,12.248971224202798,0.5298093189556852,2.9961846398262146,0.22711701893925174,0.0,0.006966384341829723,0.02598102678571479
131,9.339749755072436,128,1408,5,3,1,6,11.575890797597763,1152,0.08333511111111111,11.659225908708875,11.659225908708875,11.670048130931097,11.674087708773667,11.699997437777574,14.992762345152107,2.360247682705138,5.653012590079671,2.236141042525327,0.0,0.004039577842570807,0.025909729003906534
132,9.418759877765506,128,4416,7,4,1,5,9.806998239720661,256,1.1768035555555554,10.983801795276216,10.983801795276216,11.011335128609549,11.03205064053919,11.058590272700648,14.421536602453257,1.6398303949351423,5.002776724687751,0.38823836195515504,0.0,0.02071551192964094,0.026539632161458826
133,9.435642516846654,160,768,4,5,1,1,9.59483925703455,256,0.15252622222222223,9.747365479256773,9.747365479256773,9.75463214592344,9.767855578843484,9.794066028062234,13.90209465761953,0.35842351121558025,4.466452140772876,0.15919674018789642,0.0,0.013223432920044687,0.026210449218750043
134,9.497144217782266,96,2240,86,6,1,4,9.497144217782266,256,0.5658311111111111,10.062975328893376,10.062975328893376,10.07841977333782,10.091719077779999,10.117440757467499,12.57500134154488,0.6202965396852331,3.0778571237626142,0.0,0.0,0.013299304442178084,0.025721679687499943
135,9.697323581060543,96,4224,31,7,0,,10.799079334831301,256,1.1228942222222222,11.921973557053523,11.921973557053523,11.948440223720189,11.971601434813094,11.998150946531844,14.488323855060493,2.300827365471301,4.79100027399995,1.1017557537707585,0.0,0.02316121109290492,0.026549511718750196
136,9.7557446584507,64,4224,43,0,0,,10.561284301735501,256,1.1228942222222222,11.684178523957723,11.684178523957723,11.710645190624389,11.733887521282735,11.75998786307961,13.397339718548356,2.00424320462891,3.6415950600976554,0.805539643284801,0.0,0.023242330658346688,0.026100341796874815
137,9.808377206140884,128,4288,83,1,0,,11.193013922194101,256,1.140864,12.333877922194102,12.333877922194102,12.360700144416324,12.365301951021797,12.392020945162422,15.724011269636941,2.5836437390215377,5.915634063496057,1.3846367160532171,0.0,0.004601806605473158,0.02671899414062473
138,9.873152901288462,160,2752,2,2,0,2,9.873152901288462,2560,0.06958933333333334,9.942742234621795,9.942742234621795,9.961031123510685,9.964476762707267,9.990352320742982,14.122025911702805,0.11719941945452028,4.248873010414343,0.0,0.0,0.003445639196582917,0.02587555803571462
139,9.935326188890222,96,1536,0,3,1,5,11.659225908708875,1216,0.10149688888888889,11.760722797597763,11.760722797597763,11.772256130931096,11.777729554476794,11.80362327192471,14.266005231165558,1.8682970830344878,4.330679042275335,1.723899719818652,0.0,0.005473423545698353,0.02589371744791613
140,10.33136322885448,128,4224,115,4,0,,10.983801795276216,256,1.1228942222222222,12.106696017498438,12.106696017498438,12.133162684165104,12.154880100174612,12.182010471268361,15.52042693448451,1.8506472424138813,5.18906370563003,0.6524385664217363,0.0,0.021717416009508383,0.02713037109374916
141,10.484550438960932,64,832,4,5,0,5,10.484550438960932,640,0.06382933333333334,10.548379772294265,10.548379772294265,10.556001994516487,10.557130676499737,10.583314758530987,12.208927502671616,0.09876431957005494,1.7243770637106834,0.0,0.0,0.0011286819832498907,0.02618408203125
142,10.575981113251105,64,4480,7,6,1,4,10.575981113251105,256,1.1947733333333332,11.770754446584439,11.770754446584439,11.798643335473328,11.816151206686252,11.84214445212896,13.500991087638635,1.2661633388778544,2.92500997438753,0.0,0.0,0.017507871212924186,0.025993245442707646
143,10.876925287908367,96,2240,22,7,1,3,11.921973557053523,256,0.5658311111111111,12.487804668164634,12.487804668164634,12.503249112609078,12.52867653246934,12.55502965746934,15.039953249591742,1.6781043695609732,4.163027961683374,1.0450482691451555,0.0,0.025427419860262646,0.026353124999999977
144,10.914233188522742,128,640,40,0,0,,11.684178523957723,256,0.11658666666666667,11.80076519062439,11.80076519062439,11.807320746179945,11.81219001151711,11.83813395682961,15.134312244590031,0.9239007683068685,4.22007905606729,0.769945335434981,0.0,0.004869265337164919,0.025943945312500105
145,11.010986507417728,64,640,76,1,0,,12.333877922194102,256,0.11658666666666667,12.450464588860768,12.450464588860768,12.457020144416324,12.472180857271796,12.498620115084297,14.143972425700925,1.4876336076665684,3.1329859182831967,1.3228914147763735,0.0,0.01516071285547227,0.026439257812500117
146,11.02939082547016,64,1600,0,2,1,3,11.02939082547016,832,0.22613333333333335,11.255524158803492,11.255524158803492,11.267413047692381,11.28771761092155,11.3137405601403,12.95173968123405,0.28434973467014046,1.9223488557638913,0.0,0.0,0.020304563229169403,0.026022949218749147
147,11.070006313532973,128,2240,14,3,1,7,11.760722797597763,256,0.5658311111111111,12.326553908708874,12.326553908708874,12.341998353153318,12.347251079541902,12.373151578673847,15.667614186669963,1.3031452651408735,4.59760787313699,0.6907164840647901,0.0,0.00525272638858354,0.0259004991319447
148,11.124377860241918,96,704,36,4,0,,12.106696017498438,256,0.13455644444444445,12.241252461942882,12.241252461942882,12.248163573053994,12.26340451423711,12.290089694901171,14.786134356359506,1.1657118346592537,3.6617564961175884,0.98231815725652,0.0,0.015240941183115808,0.026685180664062003
149,11.164390591554382,64,1472,5,5,1,3,11.164390591554382,1088,0.11908266666666667,11.283473258221049,11.283473258221049,11.294651035998827,11.31393604759349,11.33965284446849,12.951771415432031,0.17526225291410924,1.7873808238776494,0.0,0.0,0.019285011594663004,0.025716796875000725
150,11.215489965808416,64,2816,2,6,1,2,11.770754446584439,2048,0.22978133333333337,12.000535779917772,12.000535779917772,12.019180224362216,12.024110842102916,12.050161972125236,13.710886839591758,0.8346720063168203,2.495396873783342,0.5552644807760228,0.0,0.004930617740699361,0.026051130022320734
151,11.309609637141754,64,704,88,7,1,1,12.487804668164634,256,0.13455644444444445,12.622361112609077,12.622361112609077,12.62927222372019,12.634091962156841,12.660278485594342,14.302042320229763,1.350668848452587,2.9924326830880084,1.178195031022879,0.0,0.004819738436651733,0.026186523437500497
152,11.441204290216133,96,4544,7,0,1,6,11.80076519062439,256,1.212743111111111,13.0135083017355,13.0135083017355,13.041752746179945,13.056469137493671,13.082645992962421,15.548711240125744,1.6414417027462882,4.107506949909611,0.3595609004082565,0.0,0.014716391313726263,0.026176855468749594
153,11.514688670835788,128,1536,5,1,1,5,12.450464588860768,256,0.3681635555555556,12.818628144416325,12.818628144416325,12.830161477749657,12.842374900240547,12.868704978365546,16.200273867293195,1.3540163075297578,4.6855851964574065,0.9357759180249801,0.0,0.012213422490889414,0.026330078124999545
154,11.588018200610529,96,1216,29,2,0,2,11.588018200610529,1024,0.06498133333333334,11.652999533943863,11.652999533943863,11.662755089499418,11.678113118734048,11.704056087484048,14.173702571859055,0.11603788687351901,2.585684371248526,0.0,0.0,0.01535802923462981,0.025942968749999906
155,11.629380263393196,128,2240,46,3,0,3,12.326553908708874,2048,0.06805333333333334,12.394607242042207,12.394607242042207,12.410051686486652,12.424954041781486,12.450875184359612,15.744821706201211,0.8214949209664155,4.115441442808015,0.6971736453156776,0.0,0.014902355294834635,0.02592114257812561
156,11.645588961341895,160,1664,0,4,1,2,12.241252461942882,1280,0.11965866666666666,12.360911128609548,12.360911128609548,12.373155573053992,12.39683530036992,12.42334789802617,16.588870668789752,0.7777589366842754,4.943281707447857,0.5956635006009865,0.0,0.023679727315927934,0.026512597656250136
157,11.696618445955643,128,1152,109,5,0,,11.696618445955643,256,0.2603448888888889,11.956963334844533,11.956963334844533,11.966363334844532,11.979086926499738,12.004622815171613,15.27576868919505,0.3080043692159702,3.5791502432394076,0.0,0.0,0.012723591655205979,0.025535888671875284
158,11.746607155164941,64,1664,0,6,1,4,12.000535779917772,256,0.40410311111111114,12.404638891028883,12.404638891028883,12.416883335473328,12.416995970451127,12.443328978263628,14.107691038810506,0.6967218230986862,2.3610838836455645,0.25392862475283096,0.0,0.00011263497779978593,0.026333007812500142
159,11.867966915427115,64,256,35,7,0,,12.622361112609077,0,0.07987911111111111,12.702240223720189,12.702240223720189,12.706662445942412,12.712671552000593,12.738690106688093,14.381175743081325,0.8707231912609785,2.5132088276542106,0.7543941971819628,0.0,0.0060091060581815015,0.02601855468750003
160,11.901374409713794,128,2048,0,0,0,6,13.0135083017355,0,0.5830328888888889,13.59654119062439,13.59654119062439,13.610918968402167,13.631188839642105,13.657178097454604,16.92839813558706,1.7558036877408103,5.027023725873265,1.1121338920217063,0.0,0.020269871239937842,0.02598925781249939
161,11.948600940151179,96,2368,6,1,0,1,12.818628144416325,2176,0.06843733333333334,12.887065477749658,12.887065477749658,12.903221033305213,12.921366599459295,12.947673100575367,15.431753945418189,0.9990721604241877,3.4831530052670097,0.8700272042651456,0.0,0.01814556615408236,0.026306501116071246
162,11.950275065850242,96,2048,11,2,0,1,11.950275065850242,0,0.5830328888888889,12.533307954739131,12.533307954739131,12.547685732516909,12.5614809898278,12.5875175132653,15.049733626546555,0.6372424474150584,3.0994585606963128,0.0,0.0,0.013795257310890818,0.026036523437500847
163,12.077610507072647,96,1152,129,3,0,,12.394607242042207,256,0.2603448888888889,12.654952130931097,12.654952130931097,12.664352130931096,12.684187440218984,12.710080417846825,15.174654679136479,0.6324699107741782,3.097044172063832,0.3169967349695604,0.0,0.019835309287888236,0.025892977627840708
164,12.237731128785821,160,1152,13,4,0,,12.360911128609548,256,0.2603448888888889,12.621256017498437,12.621256017498437,12.630656017498437,12.635466257401173,12.661824167557423,16.82279408710728,0.424093038771602,4.585062958321458,0.1231799998237264,0.0,0.004810239902736768,0.026357910156249886
165,12.37626236759647,128,1728,1,5,1,0,12.37626236759647,1216,0.15540622222222222,12.531668589818691,12.531668589818691,12.544268589818692,12.567015556057033,12.592662528713284,15.879264848049216,0.21640016111681426,3.5030024804527464,0.0,0.0,0.022746966238340605,0.02564697265625071
166,12.477907357873834,128,4224,23,6,0,,12.477907357873834,256,1.1228942222222222,13.600801580096055,13.600801580096055,13.627268246762721,13.63158312865426,13.65801721068551,16.999911221102167,1.1801098528116754,4.522003863228333,0.0,0.0,0.004314881891538391,0.026434082031249417
167,12.528000831687121,64,4288,31,7,0,7,12.702240223720189,4096,0.07419733333333334,12.776437557053523,12.776437557053523,12.803259779275745,12.816748700438094,12.842922528563093,14.488323855060493,0.31492169687597205,1.9603230233733715,0.17423939203306738,0.0,0.013488921162348788,0.026173828124999687
168,12.550976284914434,96,2880,2,0,1,6,13.59654119062439,2368,0.15886222222222224,13.755403412846611,13.755403412846611,13.774403412846612,13.787131710735853,13.813206710735853,16.266111840014144,1.2622304258214196,3.7151355550997103,1.0455649057099556,0.0,0.012728297889241347,0.026075000000000514
169,12.582401891521135,64,704,20,1,1,4,12.887065477749658,256,0.13455644444444445,13.021621922194102,13.021621922194102,13.028533033305214,13.052903987852153,13.079092281309183,14.717112692628008,0.49669038978804814,2.1347108011068734,0.3046635862285232,0.0,0.024370954546938606,0.026188293457030554
170,12.625006329921348,96,1664,0,2,1,6,12.625006329921348,1472,0.06632533333333333,12.691331663254681,12.691331663254681,12.703576107699126,12.717707454671547,12.743709082275714,15.203721663655932,0.11870275235436623,2.578715333734584,0.0,0.0,0.014131346972421355,0.0260016276041668
171,12.625771324744424,64,4096,5,3,0,1,12.654952130931097,0,1.1580657777777779,13.813017908708876,13.813017908708876,13.838773464264431,13.850774803105661,13.876847068730662,15.512821287674425,1.251075743986238,2.8870499629300017,0.02918080618667318,0.0,0.012001338841230336,0.026072265625000313
172,12.782620317481815,128,2432,6,4,1,1,12.782620317481815,256,0.6197404444444444,13.402360761926259,13.402360761926259,13.41887187303737,13.425292136307423,13.451500062739715,16.770922644584957,0.6688797452579003,3.988302327103142,0.0,0.0,0.006420263270053184,0.026207926432292084
173,12.88770408206235,96,2304,22,5,1,7,12.88770408206235,256,0.5838008888888889,13.471504970951239,13.471504970951239,13.48730497095124,13.489944266994529,13.515700004299216,15.984420121486716,0.6279959222368667,3.0967160394243667,0.0,0.0,0.0026392960432897183,0.025755737304686832
174,13.01368024466489,96,2176,38,6,0,,13.600801580096055,256,0.5478613333333333,14.148662913429389,14.148662913429389,14.163751802318277,14.188906370841755,14.21547399779488,16.71204745157092,1.2017937531299907,3.698367206906031,0.5871213354311653,0.0,0.02515456852347775,0.026567626953125867
175,13.349637861179083,160,4288,35,7,0,,13.349637861179083,256,1.140864,14.490501861179084,14.490501861179084,14.517324083401306,14.540585085529242,14.567197634357367,18.70783262668438,1.2175597731782837,5.358194765505296,0.0,0.0,0.023261002127936692,0.02661254882812436
176,13.350373073254513,128,640,136,0,0,,13.755403412846611,256,0.11658666666666667,13.871990079513278,13.871990079513278,13.878545635068834,13.891434640423356,13.917384184694189,17.18328119222769,0.5670111114396761,3.832908118973176,0.40503033959209844,0.0,0.012889005354521643,0.025949544270833513
177,13.404620593041223,64,4416,19,1,1,0,13.404620593041223,256,1.1768035555555554,14.581424148596778,14.581424148596778,14.60895748193011,14.612268617107175,14.638478903565508,16.306782656355697,1.233858310524285,2.9021620633144742,0.0,0.0,0.0033111351770642727,0.026210286458333343
178,13.452916102976154,128,2176,30,2,0,,13.452916102976154,256,0.5478613333333333,14.000777436309487,14.000777436309487,14.015866325198376,14.018035482015302,14.044032357015302,17.3231364585778,0.5911162540391484,3.8702203556016457,0.0,0.0,0.0021691568169259767,0.025996875000000585
179,13.550101498487155,160,1152,113,3,0,,13.813017908708876,256,0.2603448888888889,14.073362797597765,14.073362797597765,14.082762797597765,14.084358421269727,14.110313377324415,18.20890363979497,0.5602118788372596,4.658802141307813,0.2629164102217203,0.0,0.0015956236719620875,0.02595495605468834
180,13.573638051399607,128,4096,137,4,0,6,13.573638051399607,0,1.1580657777777779,14.731703829177384,14.731703829177384,14.75745938473294,14.759939043859506,14.786134356359506,18.099887499960705,1.212496304959899,4.526249448561098,0.0,0.0,0.002479659126565892,0.02619531250000051
181,13.574245982125543,128,2176,78,5,0,,13.574245982125543,256,0.5478613333333333,14.122107315458877,14.122107315458877,14.137196204347765,14.160786877671612,14.186706433335674,17.514146488674214,0.612460451210131,3.939900506548671,0.0,0.0,0.0235906733238469,0.025919555664062344
182,13.578027779328496,64,1152,33,6,0,,14.148662913429389,256,0.2603448888888889,14.409007802318278,14.409007802318278,14.418407802318278,14.428032591544877,14.454268105867794,16.10799588907092,0.876240326539298,2.529968109742425,0.5706351341008933,0.0,0.009624789226599262,0.026235514322916487
183,13.744592845801826,128,704,136,7,1,0,14.490501861179084,256,0.13455644444444445,14.625058305623527,14.625058305623527,14.63196941673464,14.64703821052924,14.67322912849799,17.978916757543757,0.9286362826961643,4.234323911741932,0.7459090153772578,0.0,0.01506879379460102,0.026190917968749616
184,13.938797159796955,160,512,1,0,0,5,13.938797159796955,0,0.15175822222222224,14.090555382019177,14.090555382019177,14.096399826463621,14.099044666465026,14.124897624054313,18.235263211851947,0.1861004642573576,4.296466052054992,0.0,0.0,0.002644840001405413,0.025852957589286518
185,13.98042677306272,96,4480,11,1,0,1,14.581424148596778,4224,0.09255111111111111,14.67397525970789,14.67397525970789,14.701864148596778,14.717112692628008,14.743627015544675,17.259163841251535,0.7632002424819557,3.278737068188816,0.6009973755340585,0.0,0.015248544031230438,0.026514322916666444
186,13.983684268559873,96,704,8,2,1,5,14.000777436309487,256,0.13455644444444445,14.135333880753931,14.135333880753931,14.142244991865043,14.147918978109054,14.173702571859055,16.622068294515305,0.19001830329918157,2.638384025955432,0.017093167749614224,0.0,0.00567398624401072,0.025783593750000833
187,13.99802648096134,160,1664,0,3,1,2,14.073362797597765,1408,0.0841031111111111,14.157465908708875,14.157465908708875,14.16971035315332,14.188181175175975,14.214122038891253,18.31213899135747,0.21609555792991308,4.314112510396132,0.0753363166364256,0.0,0.018470822022655042,0.025940863715277374
188,14.008364167070043,128,1856,1,4,1,5,14.731703829177384,1408,0.13801244444444444,14.869716273621828,14.869716273621828,14.883027384732939,14.891564629797008,14.917847995682425,18.229489957642993,0.9094838286123821,4.22112579057295,0.7233396621073407,0.0,0.008537245064069054,0.026283365885417354
189,14.00982306049708,160,4672,3,5,1,3,14.122107315458877,256,1.2486826666666666,15.370789982125544,15.370789982125544,15.399745537681099,15.40600225039297,15.432358695705469,19.637823320891478,1.4225356352083889,5.628000260394398,0.11228425496179639,0.0,0.006256712711870449,0.026356445312499588
190,14.134785482988761,160,4096,17,6,0,6,14.409007802318278,0,1.1580657777777779,15.567073580096057,15.567073580096057,15.592829135651613,15.609114134513629,15.635557249748004,19.779378936992234,1.500771766759243,5.6445934540034735,0.27422231932951746,0.0,0.016284998862015954,0.02644311523437537
191,14.247368130334328,96,2496,6,7,1,4,14.625058305623527,256,0.6377102222222223,15.26276852784575,15.26276852784575,15.279635194512418,15.302245730060495,15.328473269122995,17.797774295676202,1.0811051387886668,3.550406165341874,0.37769017528919946,0.0,0.022610535548077237,0.02622753906249997
192,14.254368246516668,96,768,16,0,1,6,14.254368246516668,256,0.15252622222222223,14.40689446873889,14.40689446873889,14.414161135405557,14.436020601174851,14.461876906978423,16.90292743246206,0.2075086604617553,2.648559185945393,0.0,0.0,0.021859465769294317,0.0258563058035719
193,14.394687260509107,96,2560,6,1,1,7,14.67397525970789,2240,0.10456888888888889,14.778544148596778,14.778544148596778,14.795766370818999,14.796657126221758,14.823134944302115,17.337792259220286,0.42844768379300824,2.9431049987111795,0.27928799919878244,0.0,0.0008907554027590692,0.026477818080357096
194,14.411211861584139,96,704,72,2,0,2,14.411211861584139,512,0.06344533333333334,14.474657194917473,14.474657194917473,14.481568306028585,14.483574153890302,14.509303548421553,16.95866272810905,0.09809168683741376,2.547450866524912,0.0,0.0,0.0020058478617173137,0.02572939453125045
195,14.425917954670208,128,1664,0,3,0,3,14.425917954670208,1536,0.04854755555555555,14.474465510225764,14.474465510225764,14.486709954670209,14.499667401575717,14.525615372495857,17.796576296044968,0.09969741782564867,3.37065834137476,0.0,0.0,0.012957446905508263,0.02594797092013934
196,14.50731512316927,128,1216,153,4,0,4,14.869716273621828,1024,0.06498133333333334,14.934697606955162,14.934697606955162,14.944453162510717,14.97041619229701,14.996602297207724,18.307229215455497,0.4892871740384539,3.799914092286226,0.3624011504525573,0.0,0.02596302978629339,0.026186104910713937
197,14.559793371419232,160,1216,113,5,1,3,15.370789982125544,256,0.27831466666666665,15.64910464879221,15.64910464879221,15.658860204347766,15.66958867617422,15.695796488674219,19.901570212167524,1.1360031172549867,5.341776840748292,0.8109966107063116,0.0,0.010728471826453756,0.02620781249999915
198,14.643000389201937,160,1664,0,6,1,3,15.567073580096057,1536,0.04854755555555555,15.615621135651613,15.615621135651613,15.627865580096058,15.635557249748004,15.661874632560504,19.805156978286877,1.0188742433585674,5.16215658908494,0.92407319089412,0.0,0.007691669651945787,0.02631738281250051
199,14.752902450210167,160,640,124,7,0,,15.26276852784575,256,0.11658666666666667,15.379355194512417,15.379355194512417,15.385910750067973,15.407158815997995,15.433159060138621,19.563143210761762,0.6802566099284544,4.810240760551595,0.5098660776355839,0.0,0.021248065930022264,0.02600024414062574
200,14.85480358625657,64,1152,81,0,0,,14.85480358625657,256,0.2603448888888889,15.11514847514546,15.11514847514546,15.12454847514546,15.134312244590031,15.160208519701639,16.77563006918081,0.30540493344506814,1.9208264829242392,0.0,0.0,0.00976376944457158,0.025896275111607636
201,15.09628806010235,128,1664,0,1,1,6,15.09628806010235,1152,0.15521422222222223,15.251502282324571,15.251502282324571,15.263746726769016,15.273332558699437,15.299734902449437,18.651286318465072,0.20344684234708765,3.5549982583627227,0.0,0.0,0.009585831930420952,0.026402343750000057
202,15.245214739938817,160,2944,2,2,1,0,15.245214739938817,2624,0.10572088888888889,15.350935628827706,15.350935628827706,15.370291184383262,15.382946273030933,15.408759749593434,19.525501569719918,0.1635450096546176,4.280286829781101,0.0,0.0,0.012655088647671064,0.02581347656250088
203,15.25115036537803,64,512,73,3,0,1,15.25115036537803,0,0.15175822222222224,15.402908587600251,15.402908587600251,15.408753032044695,15.409036375565053,15.434981871170521,17.050339609847047,0.18383150579249197,1.7991892444690176,0.0,0.0,0.0002833435203584145,0.025945495605467883
204,15.356618250425278,128,2368,22,4,1,5,15.356618250425278,256,0.6017706666666667,15.958388917091945,15.958388917091945,15.9745444726475,15.98925017667201,16.015315676113975,19.325070035768,0.6586974256886968,3.9684517853427224,0.0,0.0,0.01470570402451088,0.026065499441964235
205,15.492875009358414,128,4096,9,5,0,2,15.64910464879221,0,1.1580657777777779,16.80717042656999,16.80717042656999,16.832925982125545,16.853549027736715,16.880058183010153,20.24613857154253,1.3871831736517386,4.753263562184117,0.1562296394337963,0.0,0.020623045611170454,0.026509155273437557
206,15.517116476995103,128,1664,0,6,1,1,15.615621135651613,1536,0.04854755555555555,15.66416869120717,15.66416869120717,15.676413135651615,15.688192503654255,15.714426553133421,19.02690786184343,0.19731007613831864,3.5097913848483273,0.09850465865651081,0.0,0.011779368002640567,0.026234049479166188
207,15.577515761120686,64,2048,8,7,0,2,15.577515761120686,0,0.5830328888888889,16.160548650009574,16.160548650009574,16.17492642778735,16.1873785425605,16.213390456623,17.849559661189595,0.6358746955023129,2.2720439000689083,0.0,0.0,0.012452114773147116,0.026011914062500807
208,15.617740427879705,160,256,158,0,0,,15.617740427879705,0,0.07987911111111111,15.697619538990816,15.697619538990816,15.702041761213039,15.702781552625744,15.728382347826637,19.866764874333352,0.11064191994693218,4.249024446453648,0.0,0.0,0.000739791412705415,0.025600795200892534
209,15.703313089347569,64,3008,2,1,1,2,15.703313089347569,256,0.7814684444444445,16.484781533792013,16.484781533792013,16.504492644903124,16.518332786564034,16.544784446720286,18.205837099715076,0.8414713573727166,2.502524010367507,0.0,0.0,0.013840141660910632,0.026451660156251222
210,15.722094374861918,128,1920,1,2,1,4,15.722094374861918,1472,0.13820444444444444,15.860298819306362,15.860298819306362,15.873965485973029,15.899308577718433,15.925154671468432,19.214133291725126,0.20306029660651426,3.4920389168632084,0.0,0.0,0.025343091745403612,0.025846093749999355
211,15.728895700361427,96,768,88,3,1,7,15.728895700361427,256,0.15252622222222223,15.88142192258365,15.88142192258365,15.888688589250316,15.898620778466837,15.924203688623088,18.36370588588872,0.19530798826166063,2.634810185527293,0.0,0.0,0.009932189216520726,0.025582910156250804
212,15.757041589658359,128,2048,10,4,0,4,15.958388917091945,0,0.5830328888888889,16.541421805980832,16.541421805980832,16.55579958375861,16.562803957363972,16.588870668789752,19.89877267248675,0.8318290791313938,4.141731082828391,0.2013473274335862,0.0,0.007004373605361991,0.026066711425780653
213,15.768728089839472,128,1984,1,5,1,2,16.80717042656999,1600,0.12061866666666667,16.927789093236655,16.927789093236655,16.941811315458878,16.959588578517963,16.985991215236712,20.35207655982378,1.2172631253972401,4.583348469984307,1.0384423367305171,0.0,0.017777263059084447,0.02640263671874976
214,15.842974442803285,128,1280,9,6,1,2,15.842974442803285,256,0.29628444444444446,16.13925888724773,16.13925888724773,16.149369998358843,16.160739346102172,16.186987230216754,19.493866514884722,0.34401278741346886,3.6508920720814366,0.0,0.0,0.011369347743329428,0.02624788411458212
215,15.844335951014148,160,1664,0,7,1,6,16.160548650009574,1024,0.1907697777777778,16.35131842778735,16.35131842778735,16.363562872231796,16.36947219490425,16.395453721596958,20.52275083027441,0.5511177705828096,4.678414879260263,0.31621269899542526,0.0,0.00590932267245492,0.025981526692707035
216,15.894779972071253,96,4288,147,0,1,3,15.894779972071253,256,1.140864,17.035643972071252,17.035643972071252,17.062466194293474,17.080049991055812,17.10578119222769,19.60635073045314,1.2110012201564349,3.711570758381887,0.0,0.0,0.01758379676233801,0.025731201171875995
217,15.965710361971862,64,4288,43,1,1,0,16.484781533792013,256,1.140864,17.625645533792014,17.625645533792014,17.652467756014236,17.678004417423413,17.704484723412996,19.36053013356924,1.7387743614411342,3.39481977159738,0.5190711718201513,0.0,0.025536661409176986,0.026480305989583286
218,16.051546157448858,128,832,16,2,1,0,16.051546157448858,256,0.170496,16.222042157448858,16.222042157448858,16.229664379671078,16.23534588240593,16.261123958577805,19.55135342518867,0.20957780112894753,3.4998072677398113,0.0,0.0,0.0056815027348520175,0.025778076171874886
219,16.100191200171817,96,1216,13,3,1,4,16.100191200171817,256,0.27831466666666665,16.378505866838484,16.378505866838484,16.38826142239404,16.410371755029335,16.435964609847044,18.886329225732467,0.33577340967522673,2.78613802556065,0.0,0.0,0.02211033263529316,0.025592854817709565
220,16.352499300910285,160,256,0,4,0,7,16.541421805980832,0,0.07987911111111111,16.621300917091943,16.621300917091943,16.625723139314164,16.64105600640136,16.66702835747558,20.811388736939875,0.31452905656529495,4.45888943602959,0.18892250507054698,0.0,0.015332867087195723,0.0259723510742198
221,16.42486487383637,64,4096,1,5,0,5,16.927789093236655,0,1.1580657777777779,18.085854871014433,18.085854871014433,18.11161042656999,18.123421879299215,18.150018754299214,19.82270068091752,1.7251538804628446,3.397835807081151,0.5029242194002848,0.0,0.011811452729226346,0.026596874999999187
222,16.43687205531129,96,1152,85,6,0,,16.43687205531129,256,0.2603448888888889,16.69721694420018,16.69721694420018,16.706616944200178,16.71204745157092,16.73821444375842,19.208368250027025,0.3013423884471287,2.771496194715734,0.0,0.0,0.005430507370743243,0.026166992187498295
223,16.44919354577547,128,2112,1,7,1,5,16.44919354577547,256,0.5298915555555556,16.979085101331023,16.979085101331023,16.993818434664355,17.01915684659696,17.045155939788923,20.341432157004323,0.5959623940134549,3.892238611228855,0.0,0.0,0.025338411932605,0.02599909319196314
224,16.55601722724995,96,4608,7,0,0,0,17.035643972071252,4416,0.07515733333333334,17.110801305404586,17.110801305404586,17.139401305404586,17.15724505941519,17.18328119222769,19.68503481248439,0.6272639649777396,3.1290175852344397,0.47962674482130296,0.0,0.017843754010602453,0.026036132812500057
225,16.675278868482376,128,1344,9,1,1,6,17.625645533792014,256,0.3142542222222222,17.939899756014235,17.939899756014235,17.9503664226809,17.969314638777576,17.995592959090075,21.296170965895005,1.3203140906076989,4.620892097412629,0.9503666653096374,0.0,0.01894821609667474,0.02627832031249966
226,16.681188853934415,64,2432,10,2,1,4,16.681188853934415,2112,0.10418488888888888,16.785373742823303,16.785373742823303,16.801884853934414,16.803129036702803,16.82905009790072,18.462785733131373,0.14786124396630385,1.7815968791969574,0.0,0.0,0.0012441827683886686,0.025921061197916373
227,16.68284225272318,160,2624,6,3,1,1,16.68284225272318,256,0.6736497777777778,17.35649203050096,17.35649203050096,17.374069808278737,17.3840854106283,17.409862428857465,21.572206609785038,0.7270201761342854,4.889364357061858,0.0,0.0,0.010015602349561448,0.025777018229167226
228,16.729749560525935,128,3072,2,4,1,1,16.729749560525935,2496,0.177216,16.906965560525936,16.906965560525936,16.9270322271926,16.95272776223749,16.978789076411598,20.29199943029925,0.24903951588566287,3.5622498697733143,0.0,0.0,0.025695535044889084,0.02606131417410751
229,16.81490700227058,96,3136,2,5,1,4,18.085854871014433,2432,0.21296355555555557,18.298818426569987,18.298818426569987,18.31924064879221,18.33621055117422,18.36279974388255,20.88381484107378,1.547892741611971,4.068907838803199,1.2709478687438533,0.0,0.016969902382008684,0.026589192708332376
230,16.983900648599157,128,2688,6,6,1,3,16.983900648599157,2048,0.19384177777777778,17.177742426376934,17.177742426376934,17.195675759710266,17.207779580477165,17.23381978230008,20.528020292088957,0.24991913370092433,3.5441196434898004,0.0,0.0,0.012103820766899531,0.026040201822915776
231,17.056682182444614,64,832,8,7,1,2,17.056682182444614,256,0.170496,17.227178182444614,17.227178182444614,17.234800404666835,17.25316626344964,17.279095096457453,18.915030543351047,0.22241291401283902,1.858348360906433,0.0,0.0,0.018365858782804168,0.025928833007814234
232,17.057386044674363,64,4288,15,0,0,0,17.110801305404586,4096,0.07419733333333334,17.18499863873792,17.18499863873792,17.21182086096014,17.235685733243315,17.262066885587064,18.920649395817726,0.204680840912701,1.8632633511433632,0.053415260730222514,0.0,0.023864872283173355,0.026381152343748937
233,17.06784385212811,96,2176,122,1,0,,17.939899756014235,256,0.5478613333333333,18.48776108934757,18.48776108934757,18.50284997823646,18.520392763777572,18.546570498152573,21.01300659143754,1.4787266460244624,3.9451627393094313,0.8720559038861246,0.0,0.01754278554111366,0.026177734375000483
234,17.135654384568184,96,896,4,2,1,5,17.135654384568184,256,0.1884657777777778,17.324120162345963,17.324120162345963,17.33209794012374,17.3491520835778,17.3750524742028,19.836524616594915,0.23939808963461573,2.7008702320267304,0.0,0.0,0.017054143454057424,0.025900390625000824
235,17.249599720635768,128,4352,63,3,1,7,17.35649203050096,256,1.1588337777777777,18.51532580827874,18.51532580827874,18.542503586056515,18.545473464013718,18.571827630680385,21.91436344572254,1.3222279100446173,4.664763725086772,0.10689230986519149,0.0,0.0029698779572022715,0.026354166666667567
236,17.27782782376343,64,4096,0,4,0,7,17.27782782376343,0,1.1580657777777779,18.43589360154121,18.43589360154121,18.461649157096765,18.463107633424247,18.48929278967425,20.13544982092425,1.2114649659108174,2.8576219971608197,0.0,0.0,0.0014584763274818613,0.026185156250001285
237,17.27984813187348,96,2304,14,5,1,3,18.298818426569987,256,0.5838008888888889,18.882619315458875,18.882619315458875,18.898419315458874,18.921285583726302,18.947817670779873,21.46155077857378,1.6679695389063944,4.181702646700302,1.0189702946965085,0.0,0.022866268267428325,0.02653208705357102
238,17.29575036476975,64,2368,14,6,1,5,17.29575036476975,256,0.6017706666666667,17.897521031436415,17.897521031436415,17.913676586991972,17.937089801831334,17.963158300715264,19.597754210197223,0.6674079359455156,2.3020038454274747,0.0,0.0,0.023413214839361984,0.026068498883930147
239,17.297088859376228,96,4288,39,7,1,5,17.297088859376228,256,1.140864,18.437952859376228,18.437952859376228,18.46477508159845,18.472358261450008,18.498520126684383,20.96269258529673,1.2014312673081555,3.6656037259205014,0.0,0.0,0.007583179851557986,0.026161865234374915
240,17.327006482910676,160,1664,0,0,1,7,17.327006482910676,512,0.332992,17.659998482910677,17.659998482910677,17.67224292735512,17.684231729337064,17.710525023607897,21.871533966130233,0.3835185406972208,4.544527483219557,0.0,0.0,0.011988801981942743,0.02629329427083249
241,17.332720552913386,160,2240,38,1,1,6,18.48776108934757,256,0.5658311111111111,19.05359220045868,19.05359220045868,19.069036644903125,19.07185532888174,19.09809605153799,23.20256573896048,1.7653754986246035,5.869845186047094,1.155040536434182,0.0,0.002818683978613734,0.02624072265625088
242,17.34132550239311,64,1664,0,2,1,0,17.34132550239311,1536,0.04854755555555555,17.389873057948666,17.389873057948666,17.40211750239311,17.42685472029655,17.452741683187174,19.084430264381375,0.11141618079406257,1.7431047619882634,0.0,0.0,0.0247372179034393,0.025886962890623977
243,17.342606135557137,160,256,11,3,0,1,18.51532580827874,0,0.07987911111111111,18.59520491938985,18.59520491938985,18.59962714161207,18.62453742885747,18.650585402490282,22.832007407311075,1.3079792669331454,5.4894012717539376,1.1727196727216018,0.0,0.024910287245397456,0.026047973632813637
244,17.500630183588683,96,1152,117,4,0,,18.43589360154121,256,0.2603448888888889,18.696238490430098,18.696238490430098,18.705638490430097,18.7249811685805,18.75106661779925,21.230250065064872,1.2504364342105667,3.7296198814761894,0.9352634179525268,0.0,0.019342678150401582,0.026085449218751222
245,17.505950655477747,128,4480,19,5,1,1,18.882619315458875,256,1.1947733333333332,20.07739264879221,20.07739264879221,20.105281537681098,20.113148337167527,20.139745407480028,23.47561267984796,2.633794752002281,5.969662024370212,1.376668659981128,0.0,0.007866799486428988,0.02659707031250136
246,17.578509096395052,96,512,9,6,0,1,17.897521031436415,0,0.15175822222222224,18.04927925365864,18.04927925365864,18.055123698103085,18.06743717906348,18.093405501817386,20.553715506932708,0.5148964054223342,2.9752064105376554,0.31901193504136316,0.0,0.012313480960393974,0.025968322753907813
247,17.676159140601325,160,1152,25,7,0,,18.437952859376228,256,0.2603448888888889,18.698297748265116,18.698297748265116,18.707697748265115,18.70783262668438,18.73373065728334,22.8411386302186,1.0575715166820139,5.164979489617277,0.7617937187749035,0.0,0.00013487841926362876,0.025898030598959565
248,17.763350407741125,160,896,8,0,1,7,17.763350407741125,256,0.1884657777777778,17.951816185518904,17.951816185518904,17.959793963296683,17.973484821784982,17.999660463526055,22.157274786442734,0.23631005578493003,4.393924378701609,0.0,0.0,0.01369085848829954,0.026175641741073008
249,17.7736064852799,160,1280,37,1,1,0,19.05359220045868,256,0.29628444444444446,19.349876644903127,19.349876644903127,19.359987756014238,19.36053013356924,19.38640122731924,23.485146500679228,1.6127947420393411,5.711540015399329,1.279985715178782,0.0,0.0005423775550035259,0.02587109374999841
250,17.787923719247004,160,2368,18,2,1,0,17.787923719247004,256,0.6017706666666667,18.38969438591367,18.38969438591367,18.405849941469228,18.41090257185905,18.436843908354586,22.573294627988147,0.6489201891075815,4.785370908741143,0.0,0.0,0.005052630389823065,0.025941336495534983
251,17.924332995586767,160,4352,71,3,1,7,18.59520491938985,4096,0.0921671111111111,18.68737203050096,18.68737203050096,18.714549808278736,18.72873225307622,18.75499719448247,22.937212933027222,0.830664198895704,5.012879937440456,0.6708719238030838,0.0,0.014182444797484095,0.02626494140625013
252,17.95033328747566,64,4352,147,4,1,0,18.696238490430098,256,1.1588337777777777,19.855072268207877,19.855072268207877,19.882250045985653,19.89877267248675,19.92506818029925,21.573688582317473,1.9747348928235873,3.6233552948418115,0.745905202954436,0.0,0.016522626501096482,0.026295507812498897
253,18.16509520700733,64,2240,158,5,0,,20.07739264879221,256,0.5658311111111111,20.64322375990332,20.64322375990332,20.658668204347766,20.671755270761274,20.698261008065963,22.351463469235977,2.533165801058633,4.1863682622286476,1.9122974417848795,0.0,0.013087066413508097,0.026505737304688637
254,18.263455763704478,64,704,40,6,1,0,18.263455763704478,256,0.13455644444444445,18.398012208148923,18.398012208148923,18.404923319260035,18.40506346080176,18.430968028944122,20.062777420995207,0.1675122652396439,1.7993216572907293,0.0,0.0,0.00014014154172414806,0.025904568142362194
255,18.384211398753223,160,1280,13,7,1,3,18.698297748265116,256,0.29628444444444446,18.99458219270956,18.99458219270956,19.004693303820673,19.019012769913548,19.044947584366675,23.157088662770686,0.6607361856134517,4.772877264017463,0.31408634951189285,0.0,0.014319466092874933,0.02593481445312662
256,18.518608787155003,96,4736,3,0,1,5,18.518608787155003,4096,0.1999857777777778,18.71859456493278,18.71859456493278,18.74790567604389,18.761807808206118,18.78828018543826,21.27616002407294,0.2696713982832577,2.757551236917937,0.0,0.0,0.013902132162229464,0.026472377232142463
257,18.53642313515972,128,896,16,1,1,2,19.349876644903127,256,0.1884657777777778,19.538342422680905,19.538342422680905,19.546320200458684,19.56751255544424,19.59330005544424,22.86729442548392,1.0568769202845196,4.3308712903242,0.8134535097434075,0.0,0.02119235498555483,0.025787499999999852
258,18.54137429654261,128,2176,134,2,0,,18.54137429654261,256,0.5478613333333333,19.089235629875944,19.089235629875944,19.104324518764834,19.110351065162625,19.136295889381376,22.44222354818904,0.5949215928387659,3.900849251646431,0.0,0.0,0.006026546397791321,0.025944824218750995
259,18.755726928546824,160,1664,5,3,1,1,18.755726928546824,1280,0.11965866666666666,18.87538559521349,18.87538559521349,18.887630039657935,18.912753908349654,18.939056545068404,23.120501507245972,0.1833296165215792,4.364774578699148,0.0,0.0,0.025123868691718343,0.026302636718749994
260,18.871200369118633,64,1472,9,4,1,1,19.855072268207877,256,0.35019377777777777,20.205266045985656,20.205266045985656,20.216443823763434,20.2399210123305,20.265959977174248,21.913894637004976,1.3947596080556153,3.0426942678863433,0.9838718990892446,0.0,0.023477188567063934,0.026038964843749568
261,18.94111263292594,160,1216,85,5,1,6,20.64322375990332,256,0.27831466666666665,20.921538426569988,20.921538426569988,20.931293982125545,20.93678896216753,20.963053244394093,25.103902306196552,2.0219406114681533,6.162789673270613,1.7021111269773819,0.0,0.005494980041984121,0.026264282226563296
262,19.031499184698013,128,1344,37,6,1,1,19.031499184698013,256,0.3142542222222222,19.345753406920235,19.345753406920235,19.3562200735869,19.36419518920113,19.39012847777535,22.67269228915927,0.3586292930773354,3.641193104461255,0.0,0.0,0.007975115614229367,0.02593328857421895
263,19.080685034290696,64,1344,13,7,0,7,19.080685034290696,1152,0.06536533333333333,19.146050367624028,19.146050367624028,19.156517034290694,19.174628980851047,19.20052651154301,20.833220277819052,0.11984147725231509,1.7525352435283565,0.0,0.0,0.018111946560352976,0.025897530691963766
264,19.15114253209517,96,2176,26,0,0,,19.15114253209517,256,0.5478613333333333,19.699003865428505,19.699003865428505,19.714092754317395,19.736959373031265,19.762942283187517,22.236009845036484,0.6117997510923452,3.084867312941313,0.0,0.0,0.02286661871386997,0.02598291015625165
265,19.15674676179339,64,512,13,1,0,7,19.538342422680905,0,0.15175822222222224,19.69010064490313,19.69010064490313,19.695945089347575,19.69645493825674,19.722154889428616,21.34763654206688,0.5654081276352265,2.1908897802734906,0.3815956608875162,0.0,0.0005098489091643899,0.025699951171876734
266,19.235688143086744,64,2176,1,2,1,7,19.235688143086744,1792,0.12119466666666667,19.35688280975341,19.35688280975341,19.3719716986423,19.395696475318875,19.421656517636585,21.058180378313665,0.18596837454984083,1.822492235226921,0.0,0.0,0.023724776676573356,0.025960042317709764
267,19.245089089431442,128,4224,151,3,0,,19.245089089431442,256,1.1228942222222222,20.367983311653663,20.367983311653663,20.39444997832033,20.4127834981934,20.43923597215173,23.776451098019784,1.1941468827202897,4.531362008588342,0.0,0.0,0.018333519873067416,0.026452473958332945
268,19.25753307653876,64,2496,10,4,1,2,20.205266045985656,2176,0.10437688888888888,20.309642934874546,20.309642934874546,20.32650960154121,20.343818522096125,20.369790494752376,22.018587801067476,1.1122574182136162,2.761054724528716,0.9477329694468963,0.0,0.017308920554913954,0.02597197265625084
269,19.302990915192357,128,1664,0,5,1,2,20.921538426569988,1344,0.10188088888888888,21.023419315458877,21.023419315458877,21.035663759903322,21.04184902076128,21.06802450904253,24.381355652085688,1.7650335938501733,5.078364736893331,1.6185475113776313,0.0,0.006185260857957786,0.02617548828125038
270,19.325677696040735,64,2176,1,6,1,2,19.345753406920235,1344,0.2456391111111111,19.591392518031345,19.591392518031345,19.606481406920235,19.623691628817014,19.649647334732194,21.27617156162021,0.3239696386914588,1.9504938655794746,0.020075710879499553,0.0,0.017210221896778677,0.02595570591518026
271,19.341691120030838,96,1152,145,7,0,,19.341691120030838,256,0.2603448888888889,19.602036008919725,19.602036008919725,19.611436008919725,19.61512481883468,19.641055064370395,22.093447468109225,0.29936394433955726,2.7517563480783878,0.0,0.0,0.0036888099149550158,0.025930245535715102
272,19.346192817371534,160,1664,0,0,1,5,19.699003865428505,1536,0.04854755555555555,19.74755142098406,19.74755142098406,19.759795865428504,19.762942283187517,19.7888971985521,23.945077616148843,0.4427043811805653,4.598884798777309,0.35281104805697083,0.0,0.0031464177590123654,0.02595491536458283
273,19.371346888004002,96,3200,2,1,1,5,19.69010064490313,2880,0.10648888888888888,19.79658953379202,19.79658953379202,19.817367311569797,19.824959576928613,19.850784841995576,22.302115249516653,0.4794379539915745,2.9307683615126514,0.31875375689912744,0.0,0.007592265358816519,0.025825265066963254
274,19.422147297630225,160,1216,25,2,1,7,19.422147297630225,256,0.27831466666666665,19.700461964296892,19.700461964296892,19.71021751985245,19.733001374407415,19.758881452532414,23.907432241920443,0.3367341549021887,4.485284944290218,0.0,0.0,0.0227838545549659,0.025880078124998818
275,19.549414796918725,128,960,8,3,1,0,20.367983311653663,256,0.20643555555555557,20.574418867209218,20.574418867209218,20.58275220054255,20.597961069807983,20.624275941459768,23.958955818071864,1.0748611445410425,4.409541021153139,0.8185685147349382,0.0,0.015208869265432412,0.0263148716517847
276,19.570530716170033,160,4288,119,4,1,7,20.309642934874546,256,1.140864,21.450506934874547,21.450506934874547,21.47732915709677,21.49401389970029,21.5205716389581,25.67970722419805,1.950040922788066,6.109176508028018,0.7391122187045127,0.0,0.01668474260351971,0.02655773925781091
277,19.582551962777636,64,3200,2,5,1,1,21.023419315458877,3008,0.07093333333333333,21.09435264879221,21.09435264879221,21.115130426569987,21.12037695044878,21.14661816138628,22.79662928141046,1.5640661986086428,3.2140773186328246,1.4408673526812414,0.0,0.005246523878792431,0.026241210937499204
278,19.63767775730811,160,1664,0,6,1,0,19.63767775730811,1536,0.04854755555555555,19.686225312863666,19.686225312863666,19.69846975730811,19.7015602114063,19.72749929832036,23.84625625400302,0.08982154101224893,4.2085784966949085,0.0,0.0,0.003090454098188644,0.025939086914060994
279,19.65227058814525,96,2240,26,7,1,0,19.65227058814525,256,0.5658311111111111,20.218101699256362,20.218101699256362,20.233546143700806,20.237585477316824,20.263546414816823,22.71140413314829,0.611275826671573,3.0591335450030392,0.0,0.0,0.00403933361601716,0.02596093749999895
280,19.692022397307486,160,2176,1,0,1,6,19.74755142098406,1536,0.1923057777777778,19.93985719876184,19.93985719876184,19.95494608765073,19.971198272770852,19.99729999803127,24.156384256773844,0.30527760072378385,4.464361859466358,0.05552902367657353,0.0,0.016252185120123386,0.026101725260417652
281,19.755094479343118,96,2304,26,1,1,7,19.79658953379202,256,0.5838008888888889,20.380390422680907,20.380390422680907,20.396190422680906,20.41906420862504,20.444936767218792,22.893081144233918,0.689842287875674,3.1379866648908,0.04149505444890167,0.0,0.02287378594413525,0.025872558593750483
282,19.852004796918855,128,4096,5,2,0,3,19.852004796918855,0,1.1580657777777779,21.010070574696634,21.010070574696634,21.03582613025219,21.058180378313665,21.084411335344914,24.405792593482943,1.2324065384260585,4.553787796564087,0.0,0.0,0.022354248061475346,0.02623095703124889
283,19.936896615276343,64,2432,18,3,1,2,20.574418867209218,256,0.6197404444444444,21.194159311653664,21.194159311653664,21.210670422764775,21.22965275507584,21.2559619591774,22.91090324064441,1.319065343901059,2.974006625368066,0.6375222519328752,0.0,0.018982332311065164,0.02630920410156179
284,19.998194255193106,128,2176,1,4,1,0,21.450506934874547,1728,0.13897244444444445,21.58947937931899,21.58947937931899,21.60456826820788,21.62640944820289,21.652695947226327,24.970618397700655,1.6545016920332216,4.972424142507549,1.452312679681441,0.0,0.021841179995007565,0.02628649902343838
285,20.015762353040053,128,1408,73,5,1,1,21.09435264879221,256,0.332224,21.42657664879221,21.42657664879221,21.437398871014434,21.46155077857378,21.487717608000864,24.794131879764258,1.471955254960811,4.778369526724205,1.0785902957521571,0.0,0.024151907559346597,0.02616682942708337
286,20.22776490953116,128,1216,81,6,1,0,20.22776490953116,256,0.27831466666666665,20.506079576197827,20.506079576197827,20.515835131753384,20.528020292088957,20.553715506932708,23.84625625400302,0.3259505974015475,3.6184913444718596,0.0,0.0,0.012185160335572931,0.02569521484375059
287,20.254861012661003,96,704,28,7,0,,20.254861012661003,256,0.13455644444444445,20.38941745710545,20.38941745710545,20.39632856821656,20.419266211133788,20.445136633497068,22.893241006520686,0.19027562083606497,2.638379993859683,0.0,0.0,0.022937642917227663,0.025870422363279744
288,20.271120165638315,160,1792,5,0,1,3,20.271120165638315,256,0.4400426666666667,20.711162832304982,20.711162832304982,20.72411838786054,20.728346547510437,20.754428020724724,24.922923005378756,0.4833078550864087,4.651802839740441,0.0,0.0,0.004228159649898089,0.026081473214286888
289,20.37056532070686,128,512,0,1,0,6,20.380390422680907,0,0.15175822222222224,20.53214864490313,20.53214864490313,20.537993089347577,20.54843188440629,20.57423743996185,23.84495243329641,0.20367211925498907,3.4743871125895502,0.009825101974048067,0.0,0.01043879505871459,0.02580555555555719
290,20.46460928884668,160,704,64,2,0,,21.010070574696634,256,0.13455644444444445,21.14462701914108,21.14462701914108,21.15153813025219,21.163107136126165,21.189162214251166,25.346760611061065,0.7245529254044847,4.8821513222143835,0.545461285849953,0.0,0.011569005873973026,0.026055078125001074
291,20.522899966181157,128,4800,3,3,1,0,21.194159311653664,4480,0.11128888888888888,21.305448200542553,21.305448200542553,21.33511486720922,21.361203658396153,21.387629982180876,24.718748786821866,0.8647300159997187,4.195848820640709,0.6712593454725067,0.0,0.026088791186932525,0.026426323784722427
292,20.587682525156527,64,768,36,4,0,4,21.58947937931899,576,0.06363733333333334,21.653116712652324,21.653116712652324,21.66038337931899,21.678982934531014,21.705087914999766,23.34579439286435,1.1174053898432383,2.7581118677078216,1.001796854162464,0.0,0.018599555212023944,0.02610498046875165
293,20.63154998636791,64,2496,18,5,1,3,21.42657664879221,256,0.6377102222222223,22.06428687101443,22.06428687101443,22.081153537681097,22.089689450448777,22.11587374174342,23.76073907493725,1.4843237553755095,3.129189088569337,0.7950266624242985,0.0,0.008535912767680287,0.02618429129464417
294,20.733005527070784,128,4864,3,6,1,3,20.733005527070784,256,1.302592,22.035597527070784,22.035597527070784,22.065619749293006,22.073538586359792,22.099679333430103,25.420524418065522,1.3666738063593193,4.687518890994738,0.0,0.0,0.007918837066785755,0.02614074707031122
295,20.771399844756598,64,1664,0,7,1,6,20.771399844756598,1536,0.04854755555555555,20.819947400312152,20.819947400312152,20.832191844756597,20.833220277819052,20.859113762752088,22.479449909515477,0.08771391799549022,1.7080500647588792,0.0,0.0,0.0010284330624550364,0.025893484933035893
296,20.781421394678762,128,4608,11,0,1,1,20.781421394678762,256,1.230712888888889,22.01213428356765,22.01213428356765,22.04073428356765,22.05278748175523,22.07890857550523,25.423779043790216,1.2974871808264687,4.642357649111453,0.0,0.0,0.012053198187579994,0.026121093749999602
297,20.957291277046558,64,640,104,1,0,,20.957291277046558,256,0.11658666666666667,21.073877943713224,21.073877943713224,21.08043349926878,21.09034045374223,21.11606755877695,22.738607088244333,0.15877628173039326,1.781315811197775,0.0,0.0,0.009906954473450469,0.025727105034722086
298,21.16471139213279,64,2176,1,2,1,4,21.16471139213279,2048,0.050083555555555555,21.214794947688347,21.214794947688347,21.229883836577237,21.241273835344916,21.26733137115221,22.914096060279817,0.1026199790194191,1.7493846681470266,0.0,0.0,0.011389998767679543,0.02605753580729342
299,21.182866258944195,160,768,28,3,1,7,21.305448200542553,256,0.15252622222222223,21.457974422764774,21.457974422764774,21.46524108943144,21.46691188322254,21.49323483244129,25.65154331807187,0.3103685734970938,4.468677059127675,0.12258194159835867,0.0,0.0016707937910993564,0.026322949218748448
300,21.251196787775477,128,2176,1,4,1,2,21.653116712652324,2048,0.050083555555555555,21.70320026820788,21.70320026820788,21.71828915709677,21.731193383749766,21.757292097942475,25.07532673103399,0.506095310166998,3.8241299432585123,0.4019199248768466,0.0,0.012904226652995732,0.026098714192709593
301,21.26578284594484,128,1664,0,5,1,7,22.06428687101443,1536,0.04854755555555555,22.112834426569986,22.112834426569986,22.12507887101443,22.142058521319314,22.168197193194313,25.46565517077989,0.9024143472494721,4.199872324835049,0.7985040250695903,0.0,0.01697965030488291,0.02613867187499963
302,21.40260220506757,96,1664,0,6,1,5,22.035597527070784,1536,0.04854755555555555,22.08414508262634,22.08414508262634,22.096389527070784,22.099679333430103,22.125754821711354,24.60907949619052,0.7231526166437838,3.206477291122951,0.6329953220032145,0.0,0.003289806359319414,0.026075488281250614
303,21.50521011506882,128,4224,91,7,0,,21.50521011506882,256,1.1228942222222222,22.62810433729104,22.62810433729104,22.65457100395771,22.65943587142954,22.68541975814829,26.101685342458193,1.1802096430794684,4.596475227389373,0.0,0.0,0.004864867471830792,0.025983886718748295
304,21.547559068031397,96,2560,10,0,1,4,22.01213428356765,256,0.65568,22.66781428356765,22.66781428356765,22.685036505789874,22.709127276677112,22.73540842902086,25.23958584717563,1.187849360989464,3.692026779144232,0.4645752155362537,0.0,0.024090770887237767,0.02628115234374917
305,21.64586999573707,96,1216,45,1,1,5,21.64586999573707,256,0.27831466666666665,21.924184662403736,21.924184662403736,21.933940217959293,21.941117080571342,21.96689949023931,24.41553983564016,0.32102949450224116,2.7696698399030915,0.0,0.0,0.007176862612048751,0.02578240966796841
306,21.659180247535353,160,3200,2,2,1,5,21.659180247535353,2816,0.12426666666666666,21.78344691420202,21.78344691420202,21.804224691979798,21.814652416074082,21.840791297212476,26.02237706613919,0.18161104967712305,4.363196818603836,0.0,0.0,0.01042772409428494,0.0261388811383938
307,21.68642805458634,128,2432,14,3,1,6,21.68642805458634,2112,0.10418488888888888,21.790612943475228,21.790612943475228,21.80712405458634,21.80911383634754,21.835425506269413,25.16003521260312,0.14899745168307277,3.4736071580167796,0.0,0.0,0.0019897817611997937,0.02631166992187417
308,21.986906730757244,160,832,36,4,0,4,21.986906730757244,640,0.06382933333333334,22.05073606409058,22.05073606409058,22.0583582863128,22.0708995686456,22.096906111614352,26.258433176346482,0.10999938085710781,4.271526445589238,0.0,0.0,0.012541282332801273,0.02600654296875149
309,22.04379415301491,160,3200,2,5,1,2,22.112834426569986,3072,0.05315555555555555,22.16598998212554,22.16598998212554,22.18676775990332,22.194336353350565,22.22052298529501,26.347547993045513,0.17672883228009795,4.303753840030602,0.0690402735550748,0.0,0.00756859344724603,0.026186631944444372
310,22.087731340563465,128,1280,21,6,1,1,22.087731340563465,256,0.29628444444444446,22.38401578500791,22.38401578500791,22.394126896119023,22.412617419367606,22.438622709081148,25.75729297275302,0.3508913685176829,3.6695616321895557,0.0,0.0,0.018490523248583912,0.026005289713541657
311,22.090882811785047,64,4352,43,7,1,1,22.62810433729104,256,1.1588337777777777,23.78693811506882,23.78693811506882,23.814115892846598,23.834029580739436,23.861134072926937,25.565620889333193,1.7702512611418904,3.474738077548146,0.5372215255059949,0.0,0.01991368789283854,0.027104492187500995
312,22.180047555953273,160,4096,9,0,0,4,22.66781428356765,0,1.1580657777777779,23.82588006134543,23.82588006134543,23.851635616900985,23.865959893864616,23.89237875779691,28.040371812964946,1.7123312018436359,5.860324257011673,0.4877667276143782,0.0,0.014324276963630922,0.026418863932292425
313,22.255265553551908,160,2496,14,1,1,3,22.255265553551908,256,0.6377102222222223,22.89297577577413,22.89297577577413,22.909842442440794,22.91877218427298,22.94456915692923,27.076950747563522,0.6893036033773221,4.821685194011614,0.0,0.0,0.008929741832186977,0.025796972656248585
314,22.2973782668015,96,3200,2,2,1,5,22.2973782668015,3072,0.05315555555555555,22.350533822357054,22.350533822357054,22.37131160013483,22.389820594087478,22.416021826997635,24.901639761451687,0.11864356019613709,2.6042614946501885,0.0,0.0,0.018508993952647046,0.0262012329101573
315,22.297474169887106,128,1600,9,3,1,4,22.297474169887106,256,0.3861333333333334,22.68360750322044,22.68360750322044,22.69549639210933,22.70107161629545,22.727257797936076,26.04154998311093,0.42978362804896975,3.744075813223823,0.0,0.0,0.005575224186120664,0.02618618164062525
316,22.353113526171573,128,4224,51,4,0,,22.353113526171573,256,1.1228942222222222,23.476007748393794,23.476007748393794,23.502474415060462,23.502920857708098,23.5292849202081,26.867215926067466,1.1761713940365262,4.514102399895894,0.0,0.0,0.00044644264763604724,0.026364062500000784
317,22.559074645533283,96,1664,0,5,1,6,22.559074645533283,1536,0.04854755555555555,22.607622201088837,22.607622201088837,22.619866645533282,22.639664274900042,22.66582388861532,25.129743940311137,0.1067492430820387,2.570669294777854,0.0,0.0,0.019797629366760106,0.026159613715279306
318,22.699241831243413,160,4224,79,6,0,,22.699241831243413,256,1.1228942222222222,23.822136053465634,23.822136053465634,23.848602720132302,23.87255801181552,23.899050321385833,28.05185366901883,1.19980849014242,5.352611837775417,0.0,0.0,0.02395529168321886,0.02649230957031179
319,22.724368352264865,160,4416,71,7,1,3,23.78693811506882,4160,0.0923591111111111,23.879297226179933,23.879297226179933,23.906830559513267,23.915344522145688,23.942467243499856,28.16963513222598,1.218098891234991,5.445266779961116,1.0625697628039568,0.0,0.008513962632420657,0.027122721354167822
320,22.74592349185022,160,896,12,0,1,6,23.82588006134543,640,0.0817991111111111,23.90767917245654,23.90767917245654,23.915656950234318,23.91879811001045,23.945077616148843,28.091554796363383,1.199154124298623,5.345631304513162,1.0799565694952094,0.0,0.003141159776131275,0.026279506138394026
321,22.767780873798145,64,1216,33,1,1,6,22.89297577577413,256,0.27831466666666665,23.171290442440796,23.171290442440796,23.181045997996353,23.20256573896048,23.22825245771048,24.85745153811412,0.46047158391233367,2.0896706643159746,0.12519490197598415,0.0,0.02151974096412701,0.025686718749998505
322,22.95710446087675,64,960,4,2,0,2,22.95710446087675,768,0.06421333333333333,23.021317794210084,23.021317794210084,23.029651127543417,23.04532066965482,23.07143745025378,24.71815294504544,0.11433298937702929,1.7610484841686898,0.0,0.0,0.0156695421114037,0.026116780598957945
323,23.128700675309677,96,2176,1,3,1,4,23.128700675309677,256,0.5478613333333333,23.67656200864301,23.67656200864301,23.6916508975319,23.69779024422514,23.724010040542105,26.197583601274992,0.5953093652324277,3.0688829259653154,0.0,0.0,0.006139346693238679,0.02621979631696547
324,23.227378084441455,64,960,12,4,1,0,23.476007748393794,256,0.20643555555555557,23.68244330394935,23.68244330394935,23.69077663728268,23.7138470295831,23.740065128541435,25.38962653572149,0.5126870440999802,2.1622484512800355,0.24862966395233954,0.0,0.02307039230041852,0.026218098958334934
325,23.42660235838892,96,1024,4,5,1,2,23.42660235838892,704,0.09996088888888889,23.526563247277807,23.526563247277807,23.535252136166694,23.553494446030996,23.5793983156599,26.034330219608012,0.15279595727098183,2.607727861219093,0.0,0.0,0.018242309864302086,0.02590386962890534
326,23.43707054374766,160,1088,4,6,1,5,23.822136053465634,256,0.2423751111111111,24.064511164576746,24.064511164576746,24.07355560902119,24.084510160253025,24.110813382909274,28.258297586429542,0.6737428391616156,4.821227042681883,0.3850655097179754,0.0,0.01095455123183342,0.026303222656249403
327,23.491573232800814,160,4224,87,7,0,,23.879297226179933,256,1.1228942222222222,25.002191448402154,25.002191448402154,25.028658115068822,25.054919229176942,25.082042276051943,29.257462062680776,1.5904690432511295,5.765888829879962,0.3877239933791188,0.0,0.026261114108120154,0.027123046875001222
328,23.63670686085592,96,4288,55,0,0,0,23.90767917245654,4096,0.07419733333333334,23.981876505789874,23.981876505789874,24.008698728012096,24.024113748961344,24.050566873961344,26.543793934043197,0.413860013105424,2.9070870731872773,0.2709723116006195,0.0,0.015415020949248515,0.026453124999999744
329,23.713721365152306,128,2560,14,1,0,1,23.713721365152306,2368,0.06901333333333334,23.78273469848564,23.78273469848564,23.799956920707864,23.81914589032766,23.84495243329641,27.15530768115727,0.13123106814410335,3.4415863160049653,0.0,0.0,0.019188969619797547,0.025806542968748403
330,23.824952666590367,96,4928,3,2,1,6,23.824952666590367,256,1.3205617777777776,25.145514444368143,25.145514444368143,25.17589222214592,25.187851919654815,25.214335480852732,27.76103520416002,1.3893828142623654,3.9360825375696535,0.0,0.0,0.011959697508896028,0.026483561197917282
331,23.901910545093894,96,2560,18,3,1,5,23.901910545093894,2304,0.08679111111111111,23.988701656205006,23.988701656205006,24.00592387842723,24.011321540728115,24.03751620218645,26.508710554399993,0.13560565709255457,2.606800009306099,0.0,0.0,0.005397662300886452,0.026194661458333712
332,23.989693938567505,128,1472,13,4,1,7,23.989693938567505,1024,0.13686044444444445,24.12655438301195,24.12655438301195,24.137732160789728,24.159621118124765,24.18577499647298,27.525637475546635,0.1960810579054737,3.535943536979129,0.0,0.0,0.021888957335036707,0.026153878348214477
333,24.18793804117953,64,704,92,5,1,0,24.18793804117953,256,0.13455644444444445,24.322494485623977,24.322494485623977,24.32940559673509,24.3297473757185,24.35555126976147,25.98241005359239,0.1676132285819385,1.7944720124128573,0.0,0.0,0.0003417789834117002,0.025803894042969233
334,24.19866743017864,64,512,100,6,0,,24.19866743017864,0,0.15175822222222224,24.350425652400865,24.350425652400865,24.35627009684531,24.373872464940526,24.400004626398857,26.043099271581145,0.20133719622021573,1.8444318414025034,0.0,0.0,0.01760236809521487,0.026132161458331638
335,24.215591489633653,96,1664,0,7,1,5,25.002191448402154,1536,0.04854755555555555,25.05073900395771,25.05073900395771,25.062983448402154,25.082042276051943,25.108903604176945,27.621727905663484,0.8933121145432921,3.406136416029831,0.7865999587685018,0.0,0.019058827649789833,0.026861328125001194
336,24.217134290854375,128,1664,0,0,1,7,24.217134290854375,1536,0.04854755555555555,24.26568184640993,24.26568184640993,24.277926290854374,24.288929422789472,24.31534020682965,27.627367972594158,0.0982059159752744,3.4102336817397827,0.0,0.0,0.011003131935098054,0.02641078404017705
337,24.398681376734576,128,1664,0,1,1,0,24.398681376734576,1536,0.04854755555555555,24.44722893229013,24.44722893229013,24.459473376734575,24.467623657254745,24.49360876467662,27.80478237191248,0.09492738794204314,3.406100995177905,0.0,0.0,0.008150280520169417,0.02598510742187443
338,24.513429581006875,160,4224,159,2,0,,25.145514444368143,256,1.1228942222222222,26.268408666590364,26.268408666590364,26.294875333257032,26.296612905982936,26.32385729074856,30.487669200548286,1.8104277097416848,5.974239619541411,0.6320848633612677,0.0,0.0017375727259043572,0.02724438476562341
339,24.67794003808001,96,1408,37,3,1,6,24.67794003808001,256,0.332224,25.01016403808001,25.01016403808001,25.020986260302234,25.03039898213437,25.05632525166562,27.516769473670823,0.3783852135856094,2.8388294355908137,0.0,0.0,0.009412721832134707,0.025926269531250767
340,24.70060258363271,128,4096,3,4,0,2,24.70060258363271,0,1.1580657777777779,25.858668361410487,25.858668361410487,25.884423916966043,25.88858417732305,25.91491803962774,29.274492944296636,1.214315455995031,4.573890360663928,0.0,0.0,0.004160260357007672,0.02633386230468915
341,24.73690229260757,64,1664,0,5,1,1,24.73690229260757,1536,0.04854755555555555,24.785449848163125,24.785449848163125,24.79769429260757,24.81994332182155,24.8457553335403,26.47673622546739,0.10885304093272907,1.7398339328598205,0.0,0.0,0.022249029213980975,0.025812011718748806
342,24.803618556776254,64,1856,5,6,1,0,24.803618556776254,1216,0.19134577777777778,24.99496433455403,24.99496433455403,25.00827544566514,25.02820996494052,25.05436084384677,26.695753080174896,0.2507422870705156,1.8921345233986422,0.0,0.0,0.019934519275377482,0.02615087890625034
343,24.832951592967387,160,4096,77,7,0,6,25.05073900395771,0,1.1580657777777779,26.208804781735488,26.208804781735488,26.234560337291043,26.23520422266653,26.26198315333059,30.395739455258905,1.4290315603632031,5.562787862291518,0.21778741099032217,0.0,0.0006438853754850982,0.026778930664061562
344,24.946165732604857,128,256,7,0,0,0,24.946165732604857,0,0.07987911111111111,25.02604484371597,25.02604484371597,25.03046706593819,25.055431550300632,25.08173784215331,28.3732164872116,0.1355721095484519,3.427050754606743,0.0,0.0,0.024964484362442363,0.026306291852677077
345,25.03975368027114,96,2048,26,1,0,1,25.03975368027114,0,0.5830328888888889,25.622786569160027,25.622786569160027,25.637164346937805,25.641111206082865,25.667208374051615,28.14117805062342,0.627454693780475,3.10142437035228,0.0,0.0,0.003946859145059989,0.026097167968750057
346,25.10320981120943,96,1664,0,2,1,5,26.268408666590364,1536,0.04854755555555555,26.31695622214592,26.31695622214592,26.329200666590364,26.351102163795435,26.377869904680853,28.88092963077832,1.2746600934714216,3.777719819568887,1.1651988553809325,0.0,0.021901497205071507,0.026767740885418334
347,25.134206466126987,96,2240,30,3,1,2,25.134206466126987,256,0.5658311111111111,25.7000375772381,25.7000375772381,25.715482021682543,25.72948142842343,25.75548445576718,28.22848814229062,0.6212779896401948,3.0942816761636323,0.0,0.0,0.0139994067408864,0.026003027343751484
348,25.18398659741664,128,5056,3,4,1,2,25.858668361410487,4352,0.21872355555555556,26.077391916966043,26.077391916966043,26.10848080585493,26.125606516190235,26.152170871658985,29.513435896770595,0.9681842742423434,4.3294492993539535,0.6746817639938456,0.0,0.017125710335303523,0.026564355468750023
349,25.22866435493484,128,1664,0,5,1,2,25.22866435493484,1536,0.04854755555555555,25.277211910490394,25.277211910490394,25.28945635493484,25.310624897342386,25.33646205554551,28.643779308149686,0.1077977006106714,3.4151149532148466,0.0,0.0,0.02116854240754762,0.02583715820312449
350,25.238837296659927,128,2176,102,6,0,,25.238837296659927,256,0.5478613333333333,25.78669862999326,25.78669862999326,25.80178751888215,25.809221439549894,25.835205912206145,29.13715663590871,0.5963686155462185,3.8983193392487827,0.0,0.0,0.007433920667743621,0.025984472656251256
351,25.261963033585154,128,256,141,7,0,,26.208804781735488,0,0.07987911111111111,26.2886838928466,26.2886838928466,26.29310611506882,26.315542479502465,26.341991795908715,29.6430589865089,1.0800287623235612,4.381095952923747,0.9468417481503337,0.0,0.02243636443364494,0.026449316406250034
352,25.325929237774996,128,1152,49,0,0,,25.325929237774996,256,0.2603448888888889,25.586274126663884,25.586274126663884,25.595674126663884,25.60660003988397,25.632626488451677,28.9125719559616,0.30669725067668097,3.586642718186603,0.0,0.0,0.010925913220084738,0.026026448567709082
353,25.34785796940246,64,1664,0,1,1,5,25.622786569160027,1536,0.04854755555555555,25.67133412471558,25.67133412471558,25.683578569160026,25.693306030301613,25.719347045926614,27.3637278471729,0.37148907652415275,2.015869877770438,0.27492859975756545,0.0,0.009727461141586957,0.02604101562500105
354,25.596625708011167,160,2432,22,2,1,4,26.31695622214592,256,0.6197404444444444,26.936696666590365,26.936696666590365,26.953207777701476,26.966883739316266,26.993514842831893,31.132985885816147,1.396889134820725,5.53636017780498,0.7203305141347514,0.0,0.013675961614790566,0.026631103515626364
355,25.81640718623787,64,1216,145,3,1,7,25.81640718623787,256,0.27831466666666665,26.094721852904538,26.094721852904538,26.104477408460095,26.11970196064999,26.14566201924374,27.77928981872291,0.32925483300586933,1.9628826324850372,0.0,0.0,0.01522455218989549,0.025960058593749835
356,25.871016910124833,160,512,5,4,0,6,26.077391916966043,0,0.15175822222222224,26.229150139188267,26.229150139188267,26.234994583632712,26.258433176346482,26.284953098221482,30.487922045859133,0.413936188096649,4.616905135734299,0.2063750068412098,0.0,0.023438592713770134,0.026519921874999852
357,25.92605527387031,160,4224,123,5,0,,25.92605527387031,256,1.1228942222222222,27.048949496092533,27.048949496092533,27.0754161627592,27.09689833484239,27.123352680545516,31.28875513822781,1.1972974066752045,5.362699864357499,0.0,0.0,0.021482172083189255,0.02645434570312588
358,25.98952222381153,128,1280,113,6,1,5,25.98952222381153,256,0.29628444444444446,26.285806668255976,26.285806668255976,26.295917779367088,26.304778959081148,26.33084048251865,29.62885152058133,0.34131825870711907,3.639329296769798,0.0,0.0,0.008861179714060086,0.026061523437501677
359,26.021804183139142,160,256,5,7,0,6,26.2886838928466,0,0.07987911111111111,26.36856300395771,26.36856300395771,26.37298522617993,26.394891893564964,26.421121711273297,30.550993849790157,0.399317528134155,4.529189666651014,0.26687970970745667,0.0,0.021906667385032108,0.02622981770833377
360,26.051745746118275,128,1664,9,0,1,3,26.051745746118275,256,0.40410311111111114,26.455848857229388,26.455848857229388,26.468093301673832,26.491773216967303,26.517783331364626,29.788924364815763,0.46603758524635097,3.737178618697488,0.0,0.0,0.0236799152934708,0.026010114397323036
361,26.119198983062468,64,3200,2,1,1,2,26.119198983062468,3072,0.05315555555555555,26.172354538618023,26.172354538618023,26.1931323163958,26.214219116239114,26.240355183947447,27.882601024256232,0.12115620088497892,1.763402041193764,0.0,0.0,0.02108679984331374,0.026136067708332433
362,26.171829907474585,96,1024,12,2,1,4,26.936696666590365,256,0.22440533333333335,27.161101999923698,27.161101999923698,27.169790888812585,27.17994623931627,27.20635424712877,29.68476539873622,1.0345243396541832,3.5129354912616364,0.7648667591157796,0.0,0.01015535050368399,0.02640800781249908
363,26.207662553035558,96,4096,0,3,0,1,26.207662553035558,0,1.1580657777777779,27.365728330813337,27.365728330813337,27.391483886368892,27.412290469764574,27.438409488319262,29.940703946327076,1.2307469352837046,3.7330413932915185,0.0,0.0,0.02080658339568231,0.02611901855468801
364,26.37471964800798,64,1152,65,4,0,,26.37471964800798,256,0.2603448888888889,26.635064536896866,26.635064536896866,26.644464536896866,26.656283274002732,26.682649729080858,28.345408471640386,0.3079300810728789,1.9706888236324076,0.0,0.0,0.011818737105866006,0.02636645507812574
365,26.385057030549515,96,1664,0,5,1,1,27.048949496092533,1536,0.04854755555555555,27.097497051648087,27.097497051648087,27.109741496092532,27.123352680545516,27.149593403201767,29.643432693566353,0.7645363726522518,3.258375663016839,0.6638924655430181,0.0,0.013611184452983593,0.02624072265625088
366,26.403561284072186,160,2176,74,6,0,,26.403561284072186,256,0.5478613333333333,26.95142261740552,26.95142261740552,26.96651150629441,26.98289846591708,27.00899661044833,31.15465112763118,0.6054353263761456,4.751089843558994,0.0,0.0,0.016386959622671782,0.026098144531250256
367,26.405824126115593,128,704,56,7,1,2,26.405824126115593,256,0.13455644444444445,26.54038057056004,26.54038057056004,26.54729168167115,26.552278124033712,26.57838387180157,29.875411037290153,0.17255974568597665,3.4695869111745594,0.0,0.0,0.004986442362561405,0.02610574776785768
368,26.426116531716975,160,832,28,0,1,3,26.455848857229388,256,0.170496,26.626344857229387,26.626344857229387,26.633967079451608,26.64708820487653,26.67285320208635,30.767392805570967,0.2467366703693763,4.3412762738539925,0.029732325512412672,0.0,0.013121125424920166,0.025764997209822837
369,26.42990730740428,128,2240,98,1,1,2,26.42990730740428,256,0.5658311111111111,26.995738418515394,26.995738418515394,27.01118286295984,27.0246642659787,27.050807262630485,30.345712842987627,0.6208999552262036,3.9158055355833454,0.0,0.0,0.01348140301886147,0.02614299665178521
370,26.4769735931325,160,2432,26,2,1,1,27.161101999923698,256,0.6197404444444444,27.780842444368144,27.780842444368144,27.797353555479255,27.81335600494127,27.83952241119127,31.95762656894486,1.3625488180587695,5.480652975812362,0.6841284067911992,0.0,0.016002449462014567,0.026166406249998886
371,26.496818477283632,64,2048,55,3,0,0,27.365728330813337,0,0.5830328888888889,27.948761219702227,27.948761219702227,27.963138997480005,27.965287133176037,27.991669131873955,29.652353555702078,1.4948506545903228,3.1555350784184455,0.8689098535297042,0.0,0.0021481356960322273,0.026381998697917908
372,26.536181300239633,128,2624,18,4,1,3,26.635064536896866,2048,0.175872,26.810936536896865,26.810936536896865,26.828514314674642,26.84085871345586,26.867215926067466,30.224729744426845,0.33103462582783294,3.6885484441872123,0.0988832366572332,0.0,0.012344398781216626,0.026357212611607395
373,26.542140321631354,64,2176,50,5,0,,27.097497051648087,256,0.5478613333333333,27.64535838498142,27.64535838498142,27.66044727387031,27.674510395389266,27.700714252811142,29.354033670128853,1.158573931179788,2.811893348497499,0.555356730016733,0.0,0.014063121518955057,0.026203857421876364
374,26.567944401077707,160,2048,43,6,0,7,26.95142261740552,0,0.5830328888888889,27.534455506294407,27.534455506294407,27.548833284072185,27.55717043857333,27.583261177505623,31.732102787787433,1.015316776427916,5.164158386709726,0.38347821632781276,0.0,0.00833715450114525,0.02609073893229308
375,26.649890025871002,96,1664,0,7,1,5,26.649890025871002,1536,0.04854755555555555,26.698437581426557,26.698437581426557,26.710682025871,26.735028612314963,26.761100694834493,29.231554138573635,0.11121066896349063,2.581664112702633,0.0,0.0,0.02434658644396137,0.02607208251952997
376,26.70686631090824,96,2048,5,0,1,6,26.70686631090824,1664,0.12081066666666666,26.827676977574907,26.827676977574907,26.842054755352684,26.8532218544301,26.87901964495744,29.324049560128266,0.1721533340492023,2.6171832492200267,0.0,0.0,0.011167099077415088,0.0257977905273421
377,26.736014013261396,160,1216,53,1,1,3,26.995738418515394,256,0.27831466666666665,27.27405308518206,27.27405308518206,27.283808640737618,27.285719790532273,27.3117219877979,31.425066358612625,0.5757079745365026,4.689052345351229,0.25972440525399776,0.0,0.0019111497946546763,0.026002197265626137
378,26.81239135191777,160,1024,8,2,1,3,27.780842444368144,576,0.13551644444444444,27.91635888881259,27.91635888881259,27.925047777701476,27.94419291900377,27.970250292050643,32.08628574863236,1.157858940132872,5.273894396714592,0.9684510924503726,0.0,0.0191451413022925,0.026057373046874943
379,26.83939845568684,160,2176,1,3,0,3,27.948761219702227,2048,0.050083555555555555,27.998844775257783,27.998844775257783,28.013933664146673,28.01805161885312,28.044354475298434,32.21091836399356,1.2049560196115934,5.371519908306716,1.109362764015387,0.0,0.004117954706448046,0.026302856445312273
380,27.03355147232941,160,5120,3,4,0,4,27.03355147232941,4928,0.07669333333333334,27.110244805662745,27.110244805662745,27.14168925010719,27.155770776327884,27.182186652443956,31.385486206015383,0.14863518011454602,4.351934733685972,0.0,0.0,0.014081526220692808,0.026415876116072212
381,27.046638034533743,160,640,140,5,0,,27.64535838498142,256,0.11658666666666667,27.761945051648087,27.761945051648087,27.76850060720364,27.77932875476427,27.805355903201768,31.962067835865458,0.7587178686680254,4.915429801331715,0.5987203504476781,0.0,0.010828147560626888,0.026027148437499648
382,27.06666285593628,128,1664,0,6,1,7,27.534455506294407,1536,0.04854755555555555,27.58300306184996,27.58300306184996,27.595247506294406,27.609352404719164,27.635404232286128,30.94472835744889,0.5687413763498483,3.878065501512612,0.46779265035812756,0.0,0.014104898424758261,0.026051827566963226
383,27.228249330949165,64,2176,1,7,1,3,27.228249330949165,1984,0.06786133333333334,27.296110664282498,27.296110664282498,27.311199553171388,27.33481004542043,27.36089104585446,28.998459412011137,0.13264171490529364,1.7702100810619719,0.0,0.0,0.023610492249041215,0.026081000434029278
384,27.24414107508736,64,2048,122,0,0,1,27.24414107508736,0,0.5830328888888889,27.82717396397625,27.82717396397625,27.841551741754028,27.859617065786125,27.88544897496581,29.504911669503265,0.641307899878452,2.2607705944159058,0.0,0.0,0.018065324032097152,0.025831909179686363
385,27.284071626977404,64,704,48,1,1,2,27.284071626977404,256,0.13455644444444445,27.41862807142185,27.41862807142185,27.42553918253296,27.4418362456104,27.467757795089568,29.10036848031092,0.18368616811216398,1.8162968533335153,0.0,0.0,0.016297063077438168,0.02592154947916825
386,27.287116728034707,96,1216,129,2,1,3,27.91635888881259,256,0.27831466666666665,28.194673555479255,28.194673555479255,28.204429111034813,28.204788622128763,28.230783948579656,30.69401685679829,0.943667220544949,3.4069001287635814,0.6292421607778813,0.0,0.0003595110939507151,0.025995326450892975
387,27.377577711130762,96,4352,15,3,1,0,27.998844775257783,256,1.1588337777777777,29.15767855303556,29.15767855303556,29.184856330813336,29.204212588905204,29.230778995155205,31.715875802144602,1.8532012840244434,4.33829809101384,0.6212670641270215,0.0,0.019356258091868028,0.026566406250001506
388,27.54259047808496,64,1664,0,4,1,6,27.54259047808496,1536,0.04854755555555555,27.591138033640515,27.591138033640515,27.60338247808496,27.605227807577887,27.63165623949753,29.300933943645596,0.08906576141257005,1.7583434655606354,0.0,0.0,0.001845329492926595,0.02642843191964417
389,27.607158226916575,64,4352,39,5,1,7,27.761945051648087,4096,0.0921671111111111,27.854112162759197,27.854112162759197,27.881289940536973,27.88344027820177,27.909652029503853,29.564931717003855,0.30249380258727854,1.9577734900872805,0.15478682473151295,0.0,0.0021503376647977746,0.026211751302081865
390,27.75545831828661,64,704,100,6,0,,27.75545831828661,256,0.13455644444444445,27.890014762731056,27.890014762731056,27.896925873842168,27.922006562085237,27.947975006909456,29.57665262735216,0.19251668862284532,1.8211943090655502,0.0,0.0,0.02508068824306875,0.025968444824219006
391,27.91456321297595,96,704,24,7,0,7,27.91456321297595,512,0.06344533333333334,27.978008546309283,27.978008546309283,27.984919657420395,27.98737878456973,28.01341394081973,30.473156447446407,0.09885072784378224,2.5585932344704574,0.0,0.0,0.002459127149336382,0.026035156249999858
392,27.92370951553291,128,256,106,0,0,,27.92370951553291,0,0.07987911111111111,28.00358862664402,28.00358862664402,28.008010848866242,28.014615845083,28.040371812964946,31.308474429919922,0.11666229743203615,3.384764914387013,0.0,0.0,0.006604996216758252,0.025755967881945452
393,27.933562009329204,96,3200,2,1,0,1,27.933562009329204,3072,0.05315555555555555,27.98671756488476,27.98671756488476,28.007495342662537,28.011492015467166,28.037428245935917,30.500659132050124,0.1038662366067129,2.56709712272092,0.0,0.0,0.003996672804628787,0.025936230468751376
394,27.946440822059795,64,2176,1,2,1,7,28.194673555479255,2048,0.050083555555555555,28.24475711103481,28.24475711103481,28.2598459999237,28.28277606632519,28.308781071208003,29.94417754201964,0.3623402491482075,1.9977367199598461,0.24823273341946006,0.0,0.022930066401489313,0.02600500488281199
395,28.011151697612636,128,512,0,3,0,4,29.15767855303556,0,0.15175822222222224,29.309436775257783,29.309436775257783,29.31528121970223,29.337049502967705,29.363354581092704,32.68014922336855,1.352202883480068,4.668997525755916,1.1465268554229233,0.0,0.02176828326547664,0.026305078124998715
396,28.0690495922487,128,2240,134,4,1,2,28.0690495922487,256,0.5658311111111111,28.634880703359812,28.634880703359812,28.650325147804256,28.664442651327885,28.690961206015384,32.03695625809872,0.6219116137666845,3.9679066658500197,0.0,0.0,0.014117503523628727,0.026518554687498863
397,28.264621953578185,160,2752,6,5,1,6,28.264621953578185,256,0.7095893333333334,28.97421128691152,28.97421128691152,28.99250017580041,29.011969054243433,29.03827878731635,33.181770472584205,0.7736568337381655,4.91714851900602,0.0,0.0,0.019468878443024806,0.026309733072917396
398,28.280618244908954,128,4288,51,6,1,4,28.280618244908954,256,1.140864,29.421482244908955,29.421482244908955,29.448304467131177,29.472644233564957,29.498668322106624,32.84241046891653,1.2180500771976703,4.561792224007579,0.0,0.0,0.024339766433779886,0.026024088541667822
399,28.416215878707057,160,2112,5,7,1,0,28.416215878707057,1024,0.31655822222222224,28.73277410092928,28.73277410092928,28.747507434262612,28.76520794716739,28.791122823469472,32.93390959686046,0.37490694476241515,4.517693718153403,0.0,0.0,0.01770051290477781,0.02591487630208178
400,28.575296303802727,96,2624,14,0,1,1,28.575296303802727,256,0.6736497777777778,29.248946081580506,29.248946081580506,29.266523859358283,29.27244099893035,29.298245035388682,31.75009757445117,0.7229487315859551,3.1748012706484445,0.0,0.0,0.005917139572066077,0.02580403645833229
401,28.682856383928815,128,2176,1,1,1,2,28.682856383928815,1280,0.26341688888888887,28.946273272817702,28.946273272817702,28.961362161706592,28.97059211312342,28.99654640999842,32.273312452362624,0.3136900260696045,3.5904560684338094,0.0,0.0,0.009229951416827475,0.025954296874999727
402,28.696920906234126,128,512,91,2,0,7,28.696920906234126,0,0.15175822222222224,28.84867912845635,28.84867912845635,28.854523572900796,28.85499896671582,28.88092963077832,32.16356138339799,0.18400872454419215,3.466640477163864,0.0,0.0,0.0004753938150230397,0.025930664062499886
403,28.74696526003825,96,1088,12,3,1,2,29.309436775257783,256,0.2423751111111111,29.551811886368895,29.551811886368895,29.56085633081334,29.573812784217704,29.599992553097913,32.08034504042585,0.853027293059661,3.3333797803875953,0.5624715152195314,0.0,0.012956453404363799,0.026179768880208343
404,28.856497090901286,128,4288,111,4,1,2,28.856497090901286,256,1.140864,29.997361090901286,29.997361090901286,30.02418331312351,30.039995955364343,30.066481209270595,33.39041114091122,1.2099841183693094,4.533914050009933,0.0,0.0,0.015812642240835117,0.02648525390625167
405,28.956800342772265,96,2624,10,5,1,0,28.97421128691152,256,0.6736497777777778,29.647861064689298,29.647861064689298,29.665438842467076,29.66970352689969,29.695977330610624,32.16993958065712,0.7391769878383592,3.2131392378848567,0.017410944139253814,0.0,0.004264684432612853,0.026273803710935795
406,29.02221064254039,128,1664,0,6,1,4,29.421482244908955,1536,0.04854755555555555,29.47002980046451,29.47002980046451,29.482274244908954,29.498668322106624,29.524662602240554,32.868553128421745,0.5024519597001635,3.8463424858813546,0.3992716023685645,0.0,0.016394077197670498,0.025994280133929237
407,29.159434423585974,64,3200,2,7,1,1,29.159434423585974,256,0.8353777777777779,29.994812201363754,29.994812201363754,30.01558997914153,30.030954006040155,30.057006935727653,31.709637664894323,0.8975725121416787,2.550203241308349,0.0,0.0,0.015364026898623706,0.026052929687498505
408,29.20171750505474,160,2688,14,0,0,0,29.248946081580506,2496,0.06939733333333334,29.31834341491384,29.31834341491384,29.336276748247172,29.349806200753267,29.375655891508476,33.493651806222,0.1739383864537345,4.291934301167256,0.04722857652576451,0.0,0.013529452506094941,0.0258496907552086
409,29.231038978318676,160,256,1,1,0,1,29.231038978318676,0,0.07987911111111111,29.310918089429787,29.310918089429787,29.315340311652008,29.33530561409998,29.36121586800623,33.47533930783136,0.13017688968755436,4.244300329512686,0.0,0.0,0.019965302447971567,0.025910253906250347
410,29.32506683958347,96,960,16,2,1,1,29.32506683958347,704,0.0819911111111111,29.407057950694583,29.407057950694583,29.415391284027915,29.425774784586913,29.45167164873622,31.90598805983028,0.12660480915274874,2.5809212202468075,0.0,0.0,0.010383500558997838,0.025896864149306253
411,29.326659382888128,160,4352,31,3,1,7,29.551811886368895,256,1.1588337777777777,30.710645664146675,30.710645664146675,30.73782344192445,30.747211026405203,30.773455362342702,34.93482645318626,1.4467959794545742,5.608167070298133,0.22515250348076776,0.0,0.009387584480752054,0.02624433593749842
412,29.403329834366176,160,1664,0,4,1,6,29.997361090901286,1536,0.04854755555555555,30.04590864645684,30.04590864645684,30.058153090901286,30.066481209270595,30.092854744426845,34.25024507994582,0.6895249100606691,4.846915245579645,0.5940312565351107,0.0,0.008328118369309578,0.026373535156249517
413,29.50418718053245,160,1664,0,5,1,4,29.647861064689298,1536,0.04854755555555555,29.696408620244853,29.696408620244853,29.708653064689297,29.722251622602812,29.748433946821564,33.88138575927506,0.24424676628911257,4.377198578742611,0.143673884156847,0.0,0.013598557913514497,0.026182324218751774
414,29.561994259649154,160,5184,3,6,1,4,29.561994259649154,4736,0.14799644444444446,29.7099907040936,29.7099907040936,29.7417907040936,29.759769977612578,29.786179482820913,33.967074438410584,0.2241852231717587,4.40508017876143,0.0,0.0,0.017979273518978545,0.02640950520833485
415,29.687344859802714,160,4288,23,7,1,6,29.994812201363754,256,1.140864,31.135676201363754,31.135676201363754,31.162498423585976,31.182775099790156,31.20935989796724,35.34901376817743,1.5220150381645254,5.661668908374715,0.30746734156103983,0.0,0.020276676204179722,0.026584798177083258
416,29.712756717572518,160,1152,4,0,1,6,29.712756717572518,256,0.2603448888888889,29.973101606461405,29.973101606461405,29.982501606461405,29.995410692940762,30.021173583565762,34.152711474190745,0.30841686599324447,4.439954756618228,0.0,0.0,0.012909086479357512,0.025762890624999812
417,29.738706260899168,128,1664,0,1,1,5,29.738706260899168,1536,0.04854755555555555,29.787253816454722,29.787253816454722,29.799498260899167,29.80176489144373,29.82766617725102,33.108203402883454,0.08895991635185396,3.3694971419842865,0.0,0.0,0.002266630544564663,0.02590128580729001
418,29.77988652491148,128,640,32,2,0,,29.77988652491148,256,0.11658666666666667,29.896473191578146,29.896473191578146,29.9030287471337,29.918297930474502,29.94417754201964,33.22327158847611,0.1642910171081624,3.44338506356463,0.0,0.0,0.015269183340802073,0.025879611545139625
419,29.791651958761026,64,2304,30,3,0,3,30.710645664146675,2112,0.06824533333333334,30.77889099748001,30.77889099748001,30.794690997480007,30.799700186561452,30.82592544697812,32.47175195774356,1.0342734882170923,2.6800999989825307,0.918993705385649,0.0,0.005009189081444987,0.026225260416666174
420,29.89516882395755,128,1216,4,4,1,0,30.04590864645684,256,0.27831466666666665,30.324223313123507,30.324223313123507,30.333978868679065,30.35664966630184,30.3829031656508,33.70256419266903,0.4877343416932476,3.8073953687114788,0.15073982249928974,0.0,0.022670797622776462,0.026253499348957376
421,29.93159686658925,160,1280,4,5,1,4,29.93159686658925,896,0.11850666666666666,30.050103533255914,30.050103533255914,30.060214644367026,30.06265992338406,30.088754649946562,34.219632341306315,0.157157783357313,4.288035474717066,0.0,0.0,0.0024452790170350625,0.026094726562501336
422,30.144374630313727,64,640,44,6,0,,30.144374630313727,256,0.11658666666666667,30.260961296980394,30.260961296980394,30.267516852535948,30.288052855216748,30.314314015931032,31.968716654974934,0.1699393856173046,1.824342024661206,0.0,0.0,0.02053600268079947,0.026261160714284415
423,30.153228892690034,160,768,92,7,1,5,31.135676201363754,256,0.15252622222222223,31.288202423585975,31.288202423585975,31.29546909025264,31.31570397348807,31.34198815317557,35.47950458848993,1.1887592604855364,5.326275695799897,0.98244730867372,0.0,0.020234883235428214,0.026284179687500853
424,30.169940064547816,96,768,100,0,1,6,30.169940064547816,256,0.15252622222222223,30.322466286770037,30.322466286770037,30.329732953436704,30.33036635700326,30.3560698889043,32.812223795154296,0.18612982435648462,2.6422837306064793,0.0,0.0,0.0006334035665567228,0.025703531901040577
425,30.19907668389558,64,1280,33,1,0,1,30.19907668389558,1088,0.06517333333333333,30.264250017228914,30.264250017228914,30.274361128340026,30.29397281787602,30.319842586291198,31.938975050018875,0.12076590239561824,1.7398983661232954,0.0,0.0,0.01961168953599568,0.025869768415176964
426,30.23247098807232,128,3200,2,2,1,7,30.23247098807232,3072,0.05315555555555555,30.285626543627874,30.285626543627874,30.30640432140565,30.332029714871204,30.357968408447594,33.64077801751256,0.12549742037527523,3.408307029440241,0.0,0.0,0.02562539346555326,0.025938693576389227
427,30.467466675221882,128,1728,9,3,1,0,30.77889099748001,1472,0.0842951111111111,30.86318610859112,30.86318610859112,30.875786108591118,30.878377432655203,30.904549447164133,34.22779541244965,0.43708277194225076,3.76032873722777,0.31142432225812655,0.0,0.002591324064084688,0.02617201450892992
428,30.607166960658912,128,2176,1,4,1,1,30.607166960658912,2048,0.050083555555555555,30.657250516214468,30.657250516214468,30.672339405103358,30.67302282710913,30.699404012004962,34.01572359557082,0.09223705134604998,3.408556634911907,0.0,0.0,0.0006834220057712059,0.026381184895832632
429,30.667239994124834,128,1664,0,5,1,1,30.667239994124834,1536,0.04854755555555555,30.71578754968039,30.71578754968039,30.728031994124834,30.741281505415312,30.767346795593884,34.063436052243816,0.1001068014690496,3.3961960581189814,0.0,0.0,0.013249511290478466,0.026065290178571843
430,30.701924664756884,128,1088,8,6,1,2,30.701924664756884,256,0.2423751111111111,30.944299775867997,30.944299775867997,30.95334422031244,30.971068119818682,30.997292798948145,34.327154028254334,0.2953681341912606,3.62522936349745,0.0,0.0,0.017723899506240315,0.026224679129462913
431,31.102251410016834,160,1344,4,7,1,5,31.288202423585975,256,0.3142542222222222,31.602456645808196,31.602456645808196,31.612923312474862,31.631146356300572,31.657309637550572,35.79415449083368,0.5550582275337383,4.691903080816843,0.18595101356914157,0.0,0.01822304382571005,0.02616328124999967
432,31.108833480043348,96,2496,26,0,1,2,31.108833480043348,2048,0.13993244444444444,31.248765924487792,31.248765924487792,31.265632591154457,31.282632063383463,31.308474429919922,33.783263915597,0.19964094987657433,2.6744304355536492,0.0,0.0,0.01699947222900633,0.025842366536458883
433,31.13466038421078,96,4224,143,1,0,,31.13466038421078,256,1.1228942222222222,32.257554606433004,32.257554606433004,32.28402127309967,32.298832471893874,32.32486697710221,34.83076987423761,1.1902065928914318,3.6961094900268314,0.0,0.0,0.014811198794205893,0.02603450520833661
434,31.191638370557296,64,1664,0,2,1,5,31.191638370557296,1536,0.04854755555555555,31.24018592611285,31.24018592611285,31.252430370557295,31.261755010165103,31.28751847277671,32.913008893163614,0.09588010221941445,1.7213705226063176,0.0,0.0,0.009324639607807939,0.025763462611607224
435,31.19196717581677,128,2176,1,3,1,4,31.19196717581677,2048,0.050083555555555555,31.242050731372327,31.242050731372327,31.257139620261217,31.271008919820382,31.2971736537071,34.62056396713715,0.10520647789033077,3.4285967913203805,0.0,0.0,0.013869299559164716,0.026164733886719915
436,31.3329288285326,128,768,64,4,1,2,31.3329288285326,256,0.15252622222222223,31.485455050754823,31.485455050754823,31.49272171742149,31.516279174765383,31.542308390260175,34.849198986195816,0.2093795617275731,3.5162701576632145,0.0,0.0,0.023557457343894583,0.026029215494791202
437,31.51182399991677,128,1664,0,5,1,2,31.51182399991677,1536,0.04854755555555555,31.560371555472326,31.560371555472326,31.57261599991677,31.5736603302851,31.59955074602171,34.89696004312922,0.0877267461049378,3.385136043212448,0.0,0.0,0.001044330368330293,0.02589041573660822
438,31.51850280353162,128,2560,26,6,1,0,31.51850280353162,256,0.65568,32.17418280353162,32.17418280353162,32.191405025753845,32.207505595404626,32.23398323212338,35.539511840754336,0.7154804285917571,4.021009037222715,0.0,0.0,0.016100569650781438,0.02647763671875225
439,31.561405555491334,64,2048,0,7,0,5,31.602456645808196,0,0.5830328888888889,32.18548953469708,32.18548953469708,32.19986731247486,32.20481356821463,32.23086698618338,33.86796962755243,0.6694614306920457,2.306564072061093,0.041051090316862826,0.0,0.0049462557397745854,0.026053417968746828
440,31.67593170091949,96,4480,71,0,1,7,31.67593170091949,256,1.1947733333333332,32.87070503425282,32.87070503425282,32.89859392314171,32.91654833942513,32.94290698200325,35.45514220335742,1.2669752810837593,3.7792105024379268,0.0,0.0,0.017954416283416208,0.026358642578124147
441,31.74734522117748,160,2752,14,1,1,0,32.257554606433004,2432,0.10514488888888888,32.36269949532189,32.36269949532189,32.38098838421078,32.40297342241471,32.42908670366471,36.603577041508814,0.6817414824872294,4.856231820331335,0.510209385255525,0.0,0.02198503820392972,0.02611328124999801
442,32.03061642252671,96,1152,8,2,1,6,32.03061642252671,896,0.0825671111111111,32.11318353363782,32.11318353363782,32.12258353363782,32.13783042636674,32.16356138339799,34.62609068027298,0.13294496087127783,2.595474257746268,0.0,0.0,0.015246892728917771,0.025730957031250057
443,32.25193241489759,128,1664,0,3,1,5,32.25193241489759,1536,0.04854755555555555,32.30047997045315,32.30047997045315,32.31272441489759,32.315366215556054,32.341429285217515,35.661589148498756,0.08949687031992681,3.4096567336011674,0.0,0.0,0.002641800658466309,0.026063069661461213
444,32.26085352943461,96,4352,35,4,1,7,32.26085352943461,256,1.1588337777777777,33.41968730721239,33.41968730721239,33.44686508499017,33.46769886063778,33.49373470048153,35.97475196471145,1.2328811710469196,3.713898435276839,0.0,0.0,0.020833775647609798,0.026035839843750352
445,32.30289146643196,96,2176,1,5,1,3,32.30289146643196,1856,0.10341688888888889,32.406308355320846,32.406308355320846,32.421397244209736,32.42913928768837,32.45508525123004,34.92301883219172,0.15219378479807943,2.620127365759764,0.0,0.0,0.0077420434786361625,0.025945963541666117
446,32.32228862242611,128,1536,13,6,1,4,32.32228862242611,256,0.3681635555555556,32.69045217798166,32.69045217798166,32.701985511314994,32.71066418915463,32.73702828420671,36.03260026616356,0.41473966178060095,3.7103116437374553,0.0,0.0,0.008678677839633053,0.026364095052080927
447,32.416230775313245,64,1280,17,7,1,6,32.416230775313245,256,0.29628444444444446,32.71251521975769,32.71251521975769,32.7226263308688,32.72597470102713,32.75196485402192,34.386597557239924,0.33573407870867555,1.9703667819266784,0.0,0.0,0.0033483701583278958,0.025990152994793903
448,32.43060646117378,96,768,72,0,1,2,32.87070503425282,256,0.15252622222222223,33.02323125647504,33.02323125647504,33.03049792314171,33.04834643512825,33.07451030231575,35.587219840076166,0.6439038411419702,3.156613378902385,0.440098573079041,0.0,0.017848511986542803,0.02616386718749908
449,32.59895543243279,128,2688,18,1,1,4,32.59895543243279,256,0.6916195555555555,33.29057498798834,33.29057498798834,33.308508321321675,33.31789936642512,33.344138135956364,36.68154060352053,0.7451827035235752,4.082585171087743,0.0,0.0,0.009391045103441797,0.02623876953124693
450,32.648522648291866,96,2240,50,2,1,5,32.648522648291866,256,0.5658311111111111,33.214353759402975,33.214353759402975,33.22979820384742,33.249371686132356,33.275469993424025,35.755956891210474,0.6269473451321588,3.1074342429186075,0.0,0.0,0.019573482284933164,0.026098307291668732
451,32.6966125049441,128,3200,2,3,1,2,32.6966125049441,2112,0.31982222222222223,33.01643472716632,33.01643472716632,33.0372125049441,33.047507377665426,33.073814701884174,36.39072362115501,0.3772021969400754,3.6941111162109124,0.0,0.0,0.010294872721324566,0.026307324218748818
452,32.701986062065096,64,3200,2,4,1,3,33.41968730721239,2944,0.0887111111111111,33.5083984183235,33.5083984183235,33.52917619610128,33.54580784501278,33.57193268225237,35.215328576039575,0.869946620187271,2.5133425139744787,0.7177012451472962,0.0,0.016631648911499042,0.026124837239585474
453,32.70501588719646,160,1792,9,5,1,3,32.70501588719646,256,0.4400426666666667,33.14505855386312,33.14505855386312,33.15801410941868,33.181770472584205,33.20763945044879,37.3531687368606,0.5026235632523282,4.648152849664143,0.0,0.0,0.023756363165524874,0.025868977864583087
454,32.74699534372286,128,1664,0,6,1,3,32.74699534372286,1536,0.04854755555555555,32.795542899278416,32.795542899278416,32.80778734372286,32.81612349905046,32.84241046891653,36.13668093022606,0.09541512519367501,3.389685586503205,0.0,0.0,0.0083361553276049,0.02628696986607082
455,32.92534299986998,128,1664,0,7,1,6,32.92534299986998,1536,0.04854755555555555,32.97389055542554,32.97389055542554,32.98613499986998,33.01182404998546,33.03776985076671,36.348388377552425,0.11242685089672477,3.423045377682442,0.0,0.0,0.025689050115474288,0.025945800781251194
456,32.94750785023886,128,2816,14,0,1,1,33.02323125647504,2560,0.0875591111111111,33.110790367586155,33.110790367586155,33.1294348120306,33.15300483356575,33.1792055171595,36.54000624144335,0.23169766692064542,3.5924983912044937,0.07572340623618601,0.0,0.023570021535149976,0.02620068359374983
457,33.12314514774422,128,4096,29,1,0,2,33.29057498798834,0,1.1580657777777779,34.44864076576612,34.44864076576612,34.47439632132168,34.48602241330011,34.51272724728449,37.821248088174556,1.3895820995402701,4.6981029404303385,0.16742984024412522,0.0,0.011626091978435227,0.026704833984375398
458,33.12894437276289,160,2176,1,2,1,5,33.214353759402975,2048,0.050083555555555555,33.26443731495853,33.26443731495853,33.27952620384742,33.30156878899694,33.32765887688756,37.48373428727631,0.1987145041246734,4.354789914513425,0.08540938664008735,0.0,0.022042585149520733,0.026090087890622726
459,33.14946925754152,64,2176,1,3,1,2,33.14946925754152,2048,0.050083555555555555,33.19955281309707,33.19955281309707,33.21464170198596,33.23166890110293,33.257938269592515,34.90866873834251,0.10846901205099613,1.7591994808009943,0.0,0.0,0.01702719911696704,0.026269368489586498
460,33.165522271459125,64,1024,16,4,1,2,33.5083984183235,256,0.22440533333333335,33.73280375165683,33.73280375165683,33.74149264054572,33.75500882157528,33.78111136063778,35.424009435414575,0.6155890891786555,2.2584871639554507,0.34287614686437706,0.0,0.013516181029558538,0.026102539062499375
461,33.25836199109206,160,2176,1,5,1,3,33.25836199109206,2048,0.050083555555555555,33.30844554664761,33.30844554664761,33.3235344355365,33.33699166399046,33.3628907990351,37.5105261587356,0.10452880794304065,4.252164167643542,0.0,0.0,0.013457228453958692,0.025899135044639365
462,33.28044585398832,96,1408,4,6,1,7,33.28044585398832,960,0.13666844444444445,33.417114298432764,33.417114298432764,33.42793652065499,33.444995022952995,33.47111587256237,35.92866537033023,0.1906700185740533,2.6482195163419107,0.0,0.0,0.017058502298006317,0.026120849609377217
463,33.38231918401271,64,1664,0,7,0,7,33.38231918401271,1536,0.04854755555555555,33.430866739568266,33.430866739568266,33.44311118401271,33.45296906951671,33.47890294228457,35.11457431505243,0.09658375827186205,1.7322551310397216,0.0,0.0,0.009857885504004571,0.02593387276785819
464,33.39753192518524,96,4736,7,0,0,0,33.39753192518524,4480,0.0933191111111111,33.490851036296355,33.490851036296355,33.52016214740747,33.54599291950325,33.57235441038866,36.092214371326165,0.17482248520342125,2.6946824461409236,0.0,0.0,0.02583077209578022,0.02636149088541373
465,33.466929660462405,160,704,32,1,1,2,34.44864076576612,256,0.13455644444444445,34.583197210210564,34.583197210210564,34.59010832132167,34.59284467892511,34.61927885861261,38.745486369424555,1.1523491981502048,5.2785567089621495,0.9817111053037166,0.0,0.0027363576034389325,0.026434179687498727
466,33.525802498047874,128,4352,23,2,1,7,33.525802498047874,256,1.1588337777777777,34.68463627582565,34.68463627582565,34.71181405360343,34.73050767246048,34.756952984960485,38.08835242692475,1.231150486912611,4.5625499288768765,0.0,0.0,0.0186936188570499,0.026445312500001705
467,33.57075284159507,96,768,24,3,1,7,33.57075284159507,256,0.15252622222222223,33.723279063817294,33.723279063817294,33.73054573048396,33.73087039849876,33.75701995207019,36.23380457818626,0.18626711047511435,2.6630517365911857,0.0,0.0,0.0003246680147981351,0.026149553571428896
468,33.59695559535318,96,1664,0,4,1,7,33.73280375165683,1536,0.04854755555555555,33.78135130721239,33.78135130721239,33.79359575165683,33.80721438798153,33.83327632994582,36.314782335805205,0.23632073459263836,2.7178267404520255,0.135848156303652,0.0,0.013618636324700617,0.02606194196428646
469,33.66108863647826,64,3200,2,5,1,4,33.66108863647826,3072,0.05315555555555555,33.71424419203382,33.71424419203382,33.7350219698116,33.751436418454745,33.77742531005631,35.418695223793286,0.11633667357804711,1.7576065873150242,0.0,0.0,0.016414448643146784,0.025988891601564035
470,33.780264345942285,160,256,111,6,0,4,33.780264345942285,0,0.07987911111111111,33.8601434570534,33.8601434570534,33.86456567927562,33.88911587256237,33.91510157289719,38.054499631397945,0.1348372269549074,4.27423528545566,0.0,0.0,0.02455019328674979,0.025985700334821615
471,33.889137595689455,160,5248,3,7,1,6,33.889137595689455,256,1.4104106666666667,35.29954826235612,35.29954826235612,35.331703817911674,35.34901376817743,35.37516269395868,39.56973300092764,1.4860250982692236,5.680595405238186,0.0,0.0,0.017309950265754992,0.026148925781249943
472,33.91838031759736,128,4224,27,0,0,,33.91838031759736,256,1.1228942222222222,35.04127453981958,35.04127453981958,35.06774120648625,35.08333037067512,35.110021190987624,38.48033325676607,1.1916408733902628,4.561952939168712,0.0,0.0,0.01558916418887435,0.026690820312502694
473,33.98011378188286,128,1152,61,1,0,,34.583197210210564,256,0.2603448888888889,34.84354209909945,34.84354209909945,34.85294209909945,34.85704074826105,34.8831703381048,38.1805278733308,0.9030565562219408,4.200414091447946,0.6030834283277073,0.0,0.004098649161598189,0.026129589843748136
474,34.15003006735301,96,1600,13,2,1,6,34.68463627582565,256,0.3861333333333334,35.07076960915899,35.07076960915899,35.08265849804788,35.10078648105423,35.12707090488235,37.614771884932566,0.9770408375293442,3.464741817579558,0.5346062084726455,0.0,0.018127983006351656,0.026284423828123238
475,34.153250211019824,160,2176,1,3,1,5,34.153250211019824,2048,0.050083555555555555,34.203333766575376,34.203333766575376,34.218422655464266,34.22779541244965,34.253976564793405,38.39316333469669,0.10072635377358097,4.239913123676864,0.0,0.0,0.009372756985385422,0.026181152343752956
476,34.16384365135844,64,1152,97,4,0,,34.16384365135844,256,0.2603448888888889,34.42418854024733,34.42418854024733,34.43358854024733,34.45901343932082,34.48502239114374,36.1312784295552,0.3211787397852959,1.9674347781967612,0.0,0.0,0.025424899073492213,0.026008951822916515
477,34.22418595250074,64,1216,8,5,1,2,34.22418595250074,512,0.20720355555555559,34.4313895080563,34.4313895080563,34.441145063611856,34.45455607177506,34.48057592854589,36.12073147867609,0.2563899760451491,1.8965455261753519,0.0,0.0,0.013411008163203064,0.026019856770830074
478,34.257182980592944,96,768,32,6,1,1,34.257182980592944,256,0.15252622222222223,34.409709202815165,34.409709202815165,34.41697586948183,34.43015539544184,34.45584419752517,36.92155876225731,0.19866121693222283,2.6643757816643685,0.0,0.0,0.013179525960005378,0.02568880208333013
479,34.40127760256194,160,1472,4,7,1,6,35.29954826235612,1216,0.08352711111111111,35.38307537346723,35.38307537346723,35.394253151245,35.40131210802118,35.42737577989618,39.622235767854725,1.0260981773342408,5.220958165292785,0.8982706597941785,0.0,0.007058956776177183,0.026063671875000693
480,34.4017908802448,128,1664,0,0,1,4,35.04127453981958,1536,0.04854755555555555,35.08982209537514,35.08982209537514,35.10206653981958,35.110021190987624,35.13656603148242,38.507174565359826,0.7347751512376135,4.105383685115022,0.639483659574779,0.0,0.007954651168041948,0.02654484049479322
481,34.46864308042642,64,1536,4,1,1,7,34.84354209909945,576,0.27927466666666667,35.12281676576612,35.12281676576612,35.13435009909945,35.14449309201105,35.170563892792295,36.81121380385535,0.7019208123658771,2.342570723428935,0.3748990186730339,0.0,0.010142992911596593,0.026070800781248238
482,34.57905240306915,64,1216,61,2,1,1,35.07076960915899,256,0.27831466666666665,35.34908427582565,35.34908427582565,35.35883983138121,35.363652691991724,35.38980288730423,37.0377134306915,0.8107504842350792,2.458661027622348,0.49171720608983804,0.0,0.0048128606105137806,0.0261501953125034
483,34.79181725112082,160,1664,0,3,1,0,34.79181725112082,1536,0.04854755555555555,34.84036480667638,34.84036480667638,34.85260925112082,34.856373049168404,34.88252064961483,39.01990288547794,0.09070339849401421,4.228085634357122,0.0,0.0,0.0037637980475864197,0.0261476004464285
484,34.86171725585854,128,2688,10,4,1,5,34.86171725585854,2368,0.10495288888888889,34.966670144747425,34.966670144747425,34.98460347808076,35.00599849791457,35.03216304869582,38.348832156768744,0.17044579283728467,3.487114900910207,0.0,0.0,0.02139501983381109,0.026164550781253126
485,34.9885369258139,128,2752,10,5,1,4,34.9885369258139,2496,0.0873671111111111,35.07590403692501,35.07590403692501,35.0941929258139,35.10535635660578,35.131465243324534,38.45561384707265,0.14292831751063773,3.4670769212587516,0.0,0.0,0.011163430791881979,0.026108886718752444
486,35.00017726927285,128,5248,3,6,1,7,35.00017726927285,5056,0.07707733333333333,35.07725460260618,35.07725460260618,35.10941015816174,35.12392443841058,35.14989221184808,38.47643452723128,0.14971494257523688,3.47625725795843,0.0,0.0,0.01451428024884649,0.02596777343750034
487,35.09622369031675,128,4352,83,7,1,1,35.38307537346723,256,1.1588337777777777,36.54190915124501,36.54190915124501,36.56908692902279,36.588334178333675,36.61515123562534,39.963935040858196,1.5189275453085926,4.867711350541448,0.2868516831504806,0.0,0.019247249310886616,0.026817057291665947
488,35.13570490972774,64,2048,22,0,0,2,35.13570490972774,0,0.5830328888888889,35.71873779861663,35.71873779861663,35.733115576394404,35.74722179320117,35.77375675413867,37.43836040811001,0.6380518444109242,2.302655498382265,0.0,0.0,0.01410621680676627,0.02653496093749652
489,35.22172646785503,64,2176,5,1,1,7,35.22172646785503,1408,0.22786133333333336,35.449587801188365,35.449587801188365,35.464676690077255,35.48345158810479,35.509526643908366,37.1486236810875,0.28780017605333796,1.926897213232472,0.0,0.0,0.01877489802753729,0.026075055803573832
490,35.25655942184069,64,2816,6,2,1,5,35.34908427582565,256,0.7275591111111112,36.076643386936766,36.076643386936766,36.09528783138121,36.09609763828078,36.12230711093703,37.77241397477631,0.865747689096338,2.5158545529356218,0.09252485398496191,0.0,0.0008098068995678886,0.026209472656248067
491,35.28101690698602,64,2304,122,3,1,1,35.28101690698602,256,0.5838008888888889,35.864817795874906,35.864817795874906,35.880617795874905,35.895470496155006,35.92148690240501,37.56106177219668,0.6404699954189894,2.2800448652106624,0.0,0.0,0.014852700280101772,0.026016406250001012
492,35.28346949614747,160,2240,78,4,1,5,35.28346949614747,256,0.5658311111111111,35.84930060725858,35.84930060725858,35.864745051703025,35.86992325377395,35.89612969908645,40.04898345420179,0.6126602029389829,4.765513958054321,0.0,0.0,0.005178202070922566,0.02620644531250349
493,35.3462514072467,96,4416,35,5,1,4,35.3462514072467,256,1.1768035555555554,36.523054962802256,36.523054962802256,36.55058829613559,36.56510826904067,36.591505485837544,39.086544901760156,1.2452540785908468,3.740293494513459,0.0,0.0,0.014519972905084444,0.026397216796873124
494,35.35041786850407,64,2176,1,6,1,3,35.35041786850407,2048,0.050083555555555555,35.40050142405962,35.40050142405962,35.41559031294851,35.43556994622308,35.461554687434024,37.10585578374169,0.11113681892995686,1.7554379152376214,0.0,0.0,0.019979633274573416,0.025984741210940854
495,35.3643003648181,160,3200,2,7,1,5,36.54190915124501,3072,0.05315555555555555,36.595064706800564,36.595064706800564,36.615842484578344,36.64196878119826,36.66872293158888,40.85872041799733,1.304422566770782,5.494420053179233,1.1776087864269087,0.0,0.026126296619914058,0.02675415039062301
496,35.368966732649405,96,4096,16,0,0,4,35.71873779861663,0,1.1580657777777779,36.87680357639441,36.87680357639441,36.902559131949964,36.90845074014126,36.93494158486782,39.47529484530774,1.5659748522184174,4.106328112658332,0.34977106596722507,0.0,0.005891608191298303,0.026490844726559715
497,35.42342807883528,160,1664,0,1,1,3,35.449587801188365,1536,0.04854755555555555,35.49813535674392,35.49813535674392,35.510379801188364,35.535602187993184,35.561645278813494,39.68013138895581,0.13821719997821447,4.256703310120528,0.026159722353085613,0.0,0.025222386804820474,0.02604309082030909
498,35.491880515433984,64,1664,13,2,0,2,36.076643386936766,1472,0.06632533333333333,36.1429687202701,36.1429687202701,36.15521316471454,36.17472752109328,36.20087205234328,37.851163095870064,0.708991536909295,2.35928258043608,0.5847628715027824,0.0,0.019514356378742548,0.02614453124999727
499,35.864023709731235,128,2176,1,3,1,6,35.864817795874906,2048,0.050083555555555555,35.91490135143046,35.91490135143046,35.92999024031935,35.94750379693626,35.97352869928001,39.283322074931064,0.10950498954877474,3.419298365199829,0.0007940861436708246,0.0,0.017513556616911785,0.026024902343749545
500,35.87674136338999,160,3200,2,4,1,7,35.87674136338999,3072,0.05315555555555555,35.929896918945545,35.929896918945545,35.950674696723325,35.97475196471145,36.00083848814895,40.15369247345403,0.12409712475896129,4.27695111006404,0.0,0.0,0.02407726798812604,0.026086523437498954
501,35.908176659448486,64,1280,8,5,0,5,36.523054962802256,1088,0.06517333333333333,36.58822829613559,36.58822829613559,36.5983394072467,36.61790319091567,36.644146745603166,38.297767655666405,0.7359700861546798,2.389590996217919,0.6148783033537697,0.0,0.01956378366897127,0.02624355468749684
502,35.930651461320316,96,3200,2,6,1,4,35.930651461320316,2688,0.15982222222222223,36.09047368354254,36.09047368354254,36.11125146132032,36.13668093022606,36.16283981694481,38.659194439340645,0.23218835562449414,2.7285429780203287,0.0,0.0,0.025429468905741714,0.026158886718747
503,35.95427425602877,96,640,80,7,0,,36.595064706800564,256,0.11658666666666667,36.711651373467234,36.711651373467234,36.71820692902279,36.72223269721388,36.748699689401384,39.25309003217764,0.7944254333726164,3.298815776148871,0.6407904507717959,0.0,0.004025768191091572,0.026466992187501148
504,36.150378606002555,64,2880,6,0,1,2,36.87680357639441,256,0.7455288888888889,37.6223324652833,37.6223324652833,37.6413324652833,37.65163059040167,37.67822788044074,39.36775317864107,1.5278492744381822,3.217374572638512,0.7264249703918537,0.0,0.010298125118374912,0.026597290039063637
505,36.34388533309632,160,1664,0,1,0,1,36.34388533309632,1536,0.04854755555555555,36.392432888651875,36.392432888651875,36.404677333096316,36.42134120166506,36.44737342822756,40.565639499074855,0.10348809513124024,4.221754165978538,0.0,0.0,0.01666386856874169,0.02603222656249926
506,36.379263062085386,160,2176,5,2,1,1,36.379263062085386,256,0.5478613333333333,36.927124395418716,36.927124395418716,36.942213284307606,36.95927586093703,36.98542122924061,41.12381625225956,0.6061581671552219,4.744553190174173,0.0,0.0,0.017062576629427895,0.026145368303573946
507,36.42911587967858,160,1664,0,3,1,1,36.42911587967858,1536,0.04854755555555555,36.477663435234135,36.477663435234135,36.489907879678576,36.49487596490501,36.52086991021751,40.67925538385034,0.0917540305389366,4.250139504171763,0.0,0.0,0.004968085226437324,0.02599394531249999
508,36.49304557876246,96,832,24,4,1,3,36.49304557876246,256,0.170496,36.66354157876246,36.66354157876246,36.67116380098469,36.68352989439896,36.70963853697708,39.182321275072326,0.2165929582146191,2.6892756963098634,0.0,0.0,0.012366093414271973,0.026108642578122954
509,36.526772101926774,96,3200,2,5,1,6,36.58822829613559,3072,0.05315555555555555,36.641383851691145,36.641383851691145,36.662161629468926,36.670390788571915,36.69668831461358,39.19142283144765,0.16991621268680746,2.6646507295208792,0.06145619420881587,0.0,0.008229159102988604,0.026297526041666686
510,36.618832679996466,160,2240,74,6,0,6,36.618832679996466,2048,0.06805333333333334,36.6868860133298,36.6868860133298,36.702330457774245,36.71228923100731,36.738446213429185,40.90923311121565,0.11961353343271952,4.290400431219183,0.0,0.0,0.009958773233066154,0.02615698242187392
511,36.62568824770507,160,2304,38,7,1,1,36.711651373467234,256,0.5838008888888889,37.29545226235612,37.29545226235612,37.31125226235612,37.33109705268264,37.35751640489618,41.538691576851505,0.73182815719111,4.913003329146434,0.08596312576216292,0.0,0.019844790326516204,0.0264193522135443
512,36.65054274546291,160,3200,2,0,1,5,37.6223324652833,2752,0.14204444444444445,37.764376909727744,37.764376909727744,37.785154687505525,37.811221654854805,37.83781433063606,42.045233796200606,1.18727158517315,5.394691050737698,0.9717897198203929,0.0,0.026066967349279935,0.02659267578125224
513,36.72872033618853,160,1344,8,1,1,5,36.72872033618853,256,0.3142542222222222,37.042974558410755,37.042974558410755,37.05344122507742,37.07085491713661,37.096777350172324,41.216248891513466,0.368057013983794,4.4875285553249356,0.0,0.0,0.017413692059186303,0.025922433035717063
514,36.82993100513769,160,2752,18,2,1,1,36.927124395418716,2240,0.15847822222222224,37.08560261764094,37.08560261764094,37.10389150652983,37.11641631155087,37.14266707884998,41.27959646059289,0.31273607371229417,4.449665455455204,0.0971933902810278,0.0,0.012524805021044472,0.026250767299110578
515,36.87603828734182,160,2176,94,3,0,,36.87603828734182,256,0.5478613333333333,37.42389962067515,37.42389962067515,37.43898850956404,37.45697713678001,37.4829975632123,41.657671960998776,0.60695927587048,4.781633673656955,0.0,0.0,0.01798862721597061,0.026020426432289412
516,36.877464305205514,160,2176,1,4,1,3,36.877464305205514,2048,0.050083555555555555,36.92754786076107,36.92754786076107,36.94263674964996,36.94463829283645,36.97074161314895,41.11676120485284,0.09327730794343836,4.239296899647329,0.0,0.0,0.002001543186494814,0.026103320312500955
517,36.902360936191336,64,896,36,5,1,4,36.902360936191336,256,0.1884657777777778,37.090826713969115,37.090826713969115,37.09880449174689,37.11751513753025,37.14369691766418,38.79646638613515,0.24133598147284374,1.8941054499438152,0.0,0.0,0.018710645783357904,0.02618178013393191
518,36.95037721285196,160,3200,2,6,1,0,36.95037721285196,3072,0.05315555555555555,37.00353276840752,37.00353276840752,37.0243105461853,37.02679645756981,37.05314907801252,41.22369893152815,0.10277186516055536,4.273321718676186,0.0,0.0,0.0024859113845110414,0.02635262044270803
519,36.98082072212617,96,832,32,7,1,6,37.29545226235612,256,0.170496,37.46594826235612,37.46594826235612,37.473570484578346,37.48962049018264,37.51589762466924,40.016286603358196,0.535076902543075,3.035465881232028,0.31463154022995354,0.0,0.01605000560429204,0.02627713448660529
520,37.08955101899786,64,5248,3,0,1,6,37.764376909727744,4608,0.2015217777777778,37.96589868750552,37.96589868750552,37.99805424306108,38.023976732979804,38.050734301339176,39.74279670310164,0.9611832823413167,2.65324568410378,0.6748258907298847,0.0,0.025922489918727365,0.02675756835937193
521,37.106941263620016,128,1152,133,1,0,,37.106941263620016,256,0.2603448888888889,37.3672861525089,37.3672861525089,37.3766861525089,37.381701561946876,37.40755333371027,40.69553390825454,0.3006120700902528,3.5885926446345238,0.0,0.0,0.005015409437973517,0.02585177176339215
522,37.12988326969047,64,1600,4,2,1,1,37.12988326969047,832,0.22613333333333335,37.356016603023804,37.356016603023804,37.367905491912694,37.37894595719819,37.40514230729585,39.04904712093516,0.2752590376053803,1.91916385124469,0.0,0.0,0.011040465285496737,0.026196350097656307
523,37.172492576617465,96,4672,11,3,1,0,37.42389962067515,256,1.2486826666666666,38.67258228734182,38.67258228734182,38.70153784289737,38.70494214329044,38.73118618625919,41.23559542291284,1.5586936096417219,4.063102846295372,0.2514070440576859,0.0,0.0034043003930648297,0.026244042968748715
524,37.28467214048019,160,256,55,4,0,0,37.28467214048019,0,0.07987911111111111,37.3645512515913,37.3645512515913,37.368973473813526,37.38846114439895,37.414408328643745,41.56037847373305,0.12973618816355525,4.275706333252863,0.0,0.0,0.019487670585426997,0.025947184244792254
525,37.37260668722719,96,2304,98,5,1,1,37.37260668722719,256,0.5838008888888889,37.95640757611608,37.95640757611608,37.97220757611608,37.983018248579356,38.00925091459498,40.49918747988516,0.636644227367789,3.1265807926579683,0.0,0.0,0.010810672463279047,0.02623266601562335
526,37.4815537272037,64,896,28,6,1,0,37.4815537272037,256,0.1884657777777778,37.67001950498148,37.67001950498148,37.67799728275926,37.68690392827294,37.713157590382316,39.36027451746565,0.2316038631786128,1.8787207902619443,0.0,0.0,0.008906645513683031,0.026253662109375853
527,37.52400780972007,128,4416,39,7,1,5,37.52400780972007,4160,0.0923591111111111,37.616366920831176,37.616366920831176,37.64390025416451,37.64729062132103,37.67368020872337,41.016897631539,0.14967239900330043,3.4928898218189346,0.0,0.0,0.003390367156519858,0.026389587402341874
528,37.761575148256625,64,4288,27,0,0,0,37.96589868750552,4096,0.07419733333333334,38.04009602083885,38.04009602083885,38.066918243061075,38.0774923579798,38.10429878934141,39.795772777320394,0.34272364108478115,2.034197629063769,0.20432353924889668,0.0,0.010574114918725286,0.026806431361606542
529,37.79125057084979,96,4288,87,1,1,7,37.79125057084979,256,1.140864,38.93211457084979,38.93211457084979,38.95893679307201,38.97726713114331,39.00329056864331,41.477136238053646,1.212039997793518,3.6858856672038556,0.0,0.0,0.01833033807129425,0.026023437500001023
530,37.79242082031659,96,2240,82,2,1,5,37.79242082031659,256,0.5658311111111111,38.3582519314277,38.3582519314277,38.37369637587215,38.375258351403915,38.40134575374766,40.86422640850956,0.6089249334310693,3.071805588192966,0.0,0.0,0.0015619755317644035,0.026087402343748067
531,37.7958192364536,96,2048,0,3,0,3,38.67258228734182,0,0.5830328888888889,39.255615176230705,39.255615176230705,39.26999295400848,39.283322074931064,39.30963542942325,41.81690311334253,1.5138161929696494,4.02108387688893,0.8767630508882149,0.0,0.013329120922584536,0.026313354492188523
532,37.81706256739106,160,2880,14,4,1,0,37.81706256739106,256,0.7455288888888889,38.562591456279954,38.562591456279954,38.58159145627995,38.581799441925,38.60777356301875,42.766430475686185,0.7907109956276912,4.949367908295123,0.0,0.0,0.0002079856450478701,0.02597412109375341
533,37.81981072906771,96,2176,5,5,1,2,37.95640757611608,1344,0.2456391111111111,38.20204668722719,38.20204668722719,38.21713557611608,38.21912982084498,38.24534194417087,40.73333726015859,0.42553121510315606,2.9135265310908807,0.1365968470483665,0.0,0.001994244728898309,0.026212123325890957
534,37.9367286527776,128,1728,13,6,1,2,37.9367286527776,1408,0.10207288888888888,38.038801541666494,38.038801541666494,38.05140154166649,38.054499631397945,38.08086690027815,41.4065650448094,0.1441382475005497,3.4698363920317945,0.0,0.0,0.0030980897314520917,0.02636726888020746
535,37.958058845181924,96,1152,12,7,1,3,37.958058845181924,256,0.2603448888888889,38.21840373407081,38.21840373407081,38.22780373407081,38.22797433714134,38.25428157455453,40.752941772164,0.29622272937260874,2.7948829269820763,0.0,0.0,0.00017060307052929602,0.026307237413192297
536,37.983011435314495,64,4736,11,0,1,3,38.04009602083885,4480,0.0933191111111111,38.13341513194997,38.13341513194997,38.16272624306108,38.18472101311373,38.211592412039515,39.901221800757895,0.22858097672501998,1.9182103654434002,0.05708458552435758,0.0,0.02199477005265038,0.026871398925784717
537,38.00600229072279,160,2240,106,1,0,,38.93211457084979,256,0.5658311111111111,39.4979456819609,39.4979456819609,39.51339012640535,39.52386185770581,39.54990555887768,43.68807056422552,1.5439032681548923,5.682068273502729,0.9261122801270005,0.0,0.01047173130046275,0.026043701171872158
538,38.07629549061394,128,640,152,2,0,,38.3582519314277,256,0.11658666666666667,38.47483859809437,38.47483859809437,38.48139415364993,38.50570024593516,38.53163462093516,41.823229859030384,0.45533913032122086,3.746934368416447,0.28195644081376514,0.0,0.024306092285229397,0.02593437499999851
539,38.12765155604467,64,4800,7,3,1,0,39.255615176230705,256,1.284622222222222,40.54023739845293,40.54023739845293,40.569904065119594,40.573250663798255,40.599789238017,42.270250281311284,2.4721376819723346,4.142598725266616,1.127963620186037,0.0,0.003346598678660939,0.026538574218747613
540,38.28220040032479,64,4864,7,4,1,3,38.562591456279954,4288,0.182592,38.74518345627995,38.74518345627995,38.775205678502175,38.78960608255,38.81578367741607,40.46642615090939,0.5335832770912816,2.184225750584602,0.2803910559551639,0.0,0.014400404047826498,0.026177594866069853
541,38.4078741459765,160,1664,0,5,1,3,38.4078741459765,1536,0.04854755555555555,38.45642170153206,38.45642170153206,38.4686661459765,38.48190388613515,38.50811474225494,42.65883099388255,0.1002405962784394,4.250956847906053,0.0,0.0,0.013237740158650979,0.026210856119789128
542,38.47956691442365,64,1792,13,6,0,6,38.47956691442365,1600,0.06670933333333334,38.546276247756985,38.546276247756985,38.55923180331254,38.58093784754377,38.60702288986148,40.250441021371905,0.12745597543783305,1.7708741069482556,0.0,0.0,0.021706044231230237,0.02608504231771036
543,38.50502321356606,64,1664,0,7,1,5,38.50502321356606,1536,0.04854755555555555,38.55357076912162,38.55357076912162,38.56581521356606,38.570006509450366,38.596269986012864,40.25282287567963,0.09124677244680157,1.7477996621135645,0.0,0.0,0.004191295884304225,0.026263476562498056
544,38.5327231199432,96,1280,145,0,1,3,38.5327231199432,256,0.29628444444444446,38.829007564387645,38.829007564387645,38.83911867549875,38.85825073723482,38.88506226067232,41.390126374325604,0.3523391407291214,2.8574032543824046,0.0,0.0,0.019132061736065964,0.026811523437501705
545,38.54800393299692,160,2368,30,1,1,3,39.4979456819609,256,0.6017706666666667,40.09971634862757,40.09971634862757,40.11587190418312,40.123520939737055,40.14961875874747,44.29296115725474,1.601614825750552,5.744957224257817,0.9499417489639796,0.0,0.007649035553932038,0.026097819010416856
546,38.55887685536568,64,512,2,2,0,6,38.55887685536568,0,0.15175822222222224,38.7106350775879,38.7106350775879,38.716479522032344,38.73912719906016,38.76495117366953,40.39571120203634,0.20607431830384826,1.8368343466706563,0.0,0.0,0.022647677027812563,0.02582397460937358
547,38.704644072670824,128,1280,129,3,1,2,40.54023739845293,1024,0.0829511111111111,40.623188509564045,40.623188509564045,40.63329962067515,40.652867851298254,40.67925538385034,44.03502369943505,1.9746113111795154,5.330379626764227,1.8355933257821064,0.0,0.019568230623100646,0.026387532552085702
548,38.75542916343999,128,2368,122,4,1,3,38.75542916343999,256,0.6017706666666667,39.35719983010666,39.35719983010666,39.373355385662215,39.39279002507233,39.41907873880001,42.740286920998685,0.6636495753600187,3.984857757558693,0.0,0.0,0.019434639410114585,0.0262887137276806
549,38.783278796980824,64,2944,14,5,1,4,38.783278796980824,2176,0.23016533333333336,39.013444130314156,39.013444130314156,39.03279968586971,39.033780741603906,39.060162577541405,40.70741599551015,0.27688378056058127,1.9241371985293299,0.0,0.0,0.0009810557341936033,0.02638183593749943
550,38.87731791760516,160,1408,8,6,1,1,38.87731791760516,960,0.13666844444444445,39.01398636204961,39.01398636204961,39.02480858427183,39.04897471277815,39.0749136776219,43.240678301645325,0.19759576001673906,4.363360384040163,0.0,0.0,0.024166128506315943,0.025938964843753354
551,38.908620571559766,96,2944,6,7,1,0,38.908620571559766,2368,0.17683200000000002,39.08545257155976,39.08545257155976,39.10480812711532,39.12164205632536,39.14793067493332,41.642965502632755,0.23931010337355474,2.7343449310729895,0.0,0.0,0.01683392921004412,0.02628861860795695
552,38.92464590311767,128,2304,106,0,1,1,38.92464590311767,256,0.5838008888888889,39.50844679200656,39.50844679200656,39.52424679200656,39.52900451327649,39.555738318615035,42.8804850413178,0.6310924154973634,3.955839138200126,0.0,0.0,0.004757721269932347,0.026733805338544414
553,39.08931696469891,160,896,32,1,1,7,40.09971634862757,576,0.09957688888888888,40.19929323751646,40.19929323751646,40.20727101529423,40.22791514546622,40.253920307296575,44.398488501004735,1.1646033425976654,5.309171536305826,1.0103993839286574,0.0,0.02064413017198774,0.02600516183035495
554,39.16080300459735,160,2304,50,2,0,2,39.16080300459735,2112,0.06824533333333334,39.22904833793068,39.22904833793068,39.24484833793068,39.25572719906016,39.2816123715862,43.404825293600695,0.12080936698885125,4.244022289003347,0.0,0.0,0.010878861129484108,0.025885172526038502
555,39.25184335208749,128,2624,26,3,1,6,40.623188509564045,256,0.6736497777777778,41.29683828734182,41.29683828734182,41.3144160651196,41.314467371155025,41.340756921936276,44.69221821847802,2.088913569848785,5.440374866390528,1.3713451574765543,0.0,5.130603542369272e-05,0.02628955078125017
556,39.27528249085757,160,1280,81,4,1,6,39.35719983010666,256,0.29628444444444446,39.653484274551104,39.653484274551104,39.66359538566221,39.68199273154554,39.70820318076429,43.8549266101263,0.43292068990672306,4.579644119268728,0.08191733924908817,0.0,0.018397345883329308,0.02621044921875182
557,39.34352802234817,128,3200,2,5,1,6,39.34352802234817,3072,0.05315555555555555,39.39668357790372,39.39668357790372,39.4174613556815,39.4265522259789,39.4527670697289,42.76408327252839,0.10923904738073276,3.4205552501802217,0.0,0.0,0.009090870297399078,0.026214843749997385
558,39.493521165814656,160,4928,7,6,1,4,39.493521165814656,4352,0.182784,39.676305165814654,39.676305165814654,39.70668294359243,39.7248794979344,39.751152935434405,43.930504717660945,0.2576317696197492,4.436983551846289,0.0,0.0,0.018196554341969318,0.026273437500002217
559,39.55425911831883,96,2176,1,7,1,4,39.55425911831883,2048,0.050083555555555555,39.604342673874385,39.604342673874385,39.619431562763275,39.622235767854725,39.64851739762903,42.13623108694265,0.09425827931019626,2.5819719686238187,0.0,0.0,0.00280420509145074,0.026281629774302928
560,39.62479600755804,96,2240,138,0,0,0,39.62479600755804,2048,0.06805333333333334,39.69284934089137,39.69284934089137,39.70829378533582,39.716151404552534,39.74279670310164,42.22860918682561,0.11800069554359993,2.6038131792675685,0.0,0.0,0.007857619216714795,0.02664529854910569
561,39.63310132586443,128,1664,0,1,1,7,40.19929323751646,1536,0.04854755555555555,40.247840793072015,40.247840793072015,40.260085237516456,40.27992595740818,40.30590789100193,43.6095655186526,0.672806565137499,3.976464192788171,0.5661919116520266,0.0,0.0198407198917252,0.025981933593747897
562,39.68653461240027,128,2176,1,2,1,7,39.68653461240027,2048,0.050083555555555555,39.736618167955825,39.736618167955825,39.751707056844715,39.77352342301849,39.79944229857652,43.0955333014132,0.11290768617624991,3.4089986890129254,0.0,0.0,0.02181636617377336,0.02591887555803396
563,39.787991754195694,160,4800,11,3,1,0,41.29683828734182,4544,0.0935111111111111,41.39034939845293,41.39034939845293,41.4200160651196,41.445920007873774,41.472387293030025,45.66543795569745,1.6843955388343304,5.877446201501755,1.5088465331461265,0.0,0.025903942754176512,0.026467285156250853
564,39.874696679777806,128,960,32,4,1,1,39.874696679777806,256,0.20643555555555557,40.081132235333364,40.081132235333364,40.0894655686667,40.1014314871259,40.12756173614934,43.44183102907161,0.2528650563715331,3.567134349293802,0.0,0.0,0.011965918459203806,0.026130249023438523
565,40.04021411274976,160,256,21,5,0,6,40.04021411274976,0,0.07987911111111111,40.12009322386087,40.12009322386087,40.124515446083095,40.13452439394766,40.16056858340078,44.30094728620027,0.1203544706510229,4.260733173450511,0.0,0.0,0.010008947864562856,0.026044189453124034
566,40.126146626978894,96,2240,34,6,1,0,40.126146626978894,256,0.5658311111111111,40.69197773809,40.69197773809,40.70742218253445,40.72497041590315,40.751292193246904,43.240678301645325,0.6251455662680101,3.1145316746664307,0.0,0.0,0.01754823336870004,0.026321777343753183
567,40.20009866412432,96,2176,1,7,1,2,40.20009866412432,2048,0.050083555555555555,40.25018221967987,40.25018221967987,40.26527110856876,40.279180541695254,40.305496459664006,42.783952481799425,0.10539779553968742,2.583853817675106,0.0,0.0,0.013909433126492843,0.02631591796875199
568,40.317745711117894,96,2048,0,0,0,1,40.317745711117894,0,0.5830328888888889,40.90077860000678,40.90077860000678,40.915156377784555,40.92020153708602,40.94631149802352,43.425675308244884,0.6285657869056251,3.10792959712699,0.0,0.0,0.005045159301467095,0.026109960937496624
569,40.34480547237808,160,1664,0,1,0,1,40.34480547237808,1536,0.04854755555555555,40.393353027933635,40.393353027933635,40.405597472378076,40.40984050818943,40.43580578596721,44.58243176272348,0.09100031358913441,4.237626290345403,0.0,0.0,0.004243035811356322,0.025965277777778795
570,40.47032698484484,64,1216,89,2,1,0,40.47032698484484,256,0.27831466666666665,40.748641651511505,40.748641651511505,40.75839720706706,40.76029909266134,40.78628018920152,42.421511475241324,0.3159532043566813,1.9511844903964857,0.0,0.0,0.0019018855942789514,0.025981096540178328
571,40.5190506033898,160,4096,5,3,0,5,41.39034939845293,0,1.1580657777777779,42.54841517623071,42.54841517623071,42.57417073178627,42.58753250787378,42.614115027405035,46.79916364626664,2.0950644240152343,6.280113042876842,0.871298795063133,0.0,0.013361776087513988,0.026582519531253013
572,40.542214093228985,96,5248,3,4,1,0,40.542214093228985,4992,0.09485511111111111,40.637069204340094,40.637069204340094,40.66922475989565,40.673165083201056,40.69925506645998,43.183886204852854,0.1570409732309983,2.641672111623869,0.0,0.0,0.003940323305407389,0.02608998325892742
573,40.556450660542055,96,4352,27,5,1,0,40.556450660542055,256,1.1588337777777777,41.715284438319834,41.715284438319834,41.742462216097614,41.76808660911693,41.79427691673411,44.27516172304923,1.2378262561920579,3.7187110625071753,0.0,0.0,0.02562439301931363,0.02619030761718477
574,40.6149075694698,96,896,24,6,1,4,40.69197773809,256,0.1884657777777778,40.88044351586778,40.88044351586778,40.88842129364556,40.90923311121565,40.935435910694814,43.424935870004695,0.32052834122501395,2.8100283005348956,0.0770701686202031,0.0,0.020811817570091762,0.02620279947916515
575,40.660390129909864,96,1216,65,7,1,4,40.660390129909864,256,0.27831466666666665,40.93870479657653,40.93870479657653,40.94846035213209,40.964351082059835,40.99062411265879,43.46562858857025,0.3302339827489291,2.8052384586603836,0.0,0.0,0.015890729927747316,0.026273030598957803
576,40.7187747568292,64,2176,1,0,1,7,40.90077860000678,2048,0.050083555555555555,40.950862155562334,40.950862155562334,40.965951044451224,40.97242194724227,40.998524811825604,42.64615655010686,0.2797500549964056,1.927381793277661,0.18200384317758278,0.0,0.006470902791043898,0.026102864583336327
577,40.7552841128559,96,2048,69,1,0,1,40.7552841128559,0,0.5830328888888889,41.338317001744784,41.338317001744784,41.35269477952256,41.37280797354472,41.39888930725007,43.87172976425808,0.6436051943941763,3.1164456514021808,0.0,0.0,0.02011319402215861,0.026081333705356258
578,40.99513516501175,64,2432,30,2,1,1,40.99513516501175,2048,0.12196266666666666,41.11709783167842,41.11709783167842,41.133608942789536,41.14974213116581,41.175712020488724,42.81110568910851,0.18057685547697133,1.8159705240967554,0.0,0.0,0.016133188376272756,0.025969889322915662
579,41.12754183156092,96,960,24,3,1,6,42.54841517623071,640,0.09976888888888888,42.6481840651196,42.6481840651196,42.656517398452934,42.66728153131128,42.693642468811284,45.191994664139294,1.566100637250365,4.064452832578375,1.4208733446697934,0.0,0.010764132858348319,0.02636093750000157
580,41.218751624806856,64,2176,5,4,1,5,41.218751624806856,256,0.5478613333333333,41.766612958140186,41.766612958140186,41.781701847029076,41.796905329201806,41.82315174847264,43.467694676532545,0.6044001236657834,2.248943051725689,0.0,0.0,0.01520348217272982,0.0262464192708336
581,41.43406033352154,64,4096,128,5,0,,41.715284438319834,0,1.1580657777777779,42.87335021609761,42.87335021609761,42.89910577165317,42.92104421002839,42.94748545351798,44.586033923570064,1.513425119996434,3.15197359004852,0.28122410479829085,0.0,0.021938438375222802,0.026441243489585986
582,41.46460280185173,160,4480,35,6,1,5,41.46460280185173,256,1.1947733333333332,42.65937613518506,42.65937613518506,42.68726502407395,42.689985821176585,42.71638689539533,46.95518519571155,1.2517840935435984,5.4905823938598175,0.0,0.0,0.0027207971026328437,0.0264010742187466
583,41.661886647427615,64,2176,1,7,1,0,41.661886647427615,2048,0.050083555555555555,41.71197020298317,41.71197020298317,41.72705909187206,41.746694343778586,41.772660042020775,43.412930509143166,0.11077339459315994,1.7510438617155515,0.0,0.0,0.019635251906528595,0.02596569824218875
584,41.96558599924072,128,3200,2,0,1,5,41.96558599924072,3072,0.05315555555555555,42.01874155479628,42.01874155479628,42.03951933257406,42.045233796200606,42.071428815731856,45.3618281286504,0.10584281649113336,3.3962421294096785,0.0,0.0,0.005714463626546262,0.026195019531250807
585,41.98940115478013,64,2176,62,1,0,,41.98940115478013,256,0.5478613333333333,42.53726248811346,42.53726248811346,42.55235137700235,42.565653327897394,42.591600174995605,44.24024233750027,0.6021990202154726,2.250841182720137,0.0,0.0,0.013301950895041159,0.02594684709821138
586,42.01263826099738,96,1216,141,2,0,,42.01263826099738,256,0.27831466666666665,42.290952927664044,42.290952927664044,42.3007084832196,42.317733154928824,42.343677002585075,44.79927579815798,0.3310387415876974,2.786637537160601,0.0,0.0,0.017024671709222616,0.025943847656250796
587,42.028398376890884,160,4992,7,3,1,6,42.6481840651196,4672,0.11186488888888889,42.76004895400849,42.76004895400849,42.79078228734182,42.79909110162379,42.82563350071233,47.00945463476491,0.7972351238214443,4.981056257874023,0.6197856882287169,0.0,0.008308814281967614,0.026542399088540947
588,42.03970394925422,64,1664,0,4,1,1,42.03970394925422,1536,0.04854755555555555,42.088251504809776,42.088251504809776,42.10049594925422,42.111894587014305,42.138084040139304,43.7773865710638,0.0983800908850867,1.7376826218095829,0.0,0.0,0.011398637760088093,0.026189453124999318
589,42.13571444317114,64,768,20,5,1,1,42.87335021609761,256,0.15252622222222223,43.025876438319834,43.025876438319834,43.0331431049865,43.05325531028881,43.07943182396069,44.71461253685131,0.9437173807895505,2.5788980936801735,0.737635772926474,0.0,0.02011220530231128,0.0261765136718779
590,42.16019699506437,64,256,1,6,0,7,42.65937613518506,0,0.07987911111111111,42.739255246296175,42.739255246296175,42.7436774685184,42.76919050867658,42.795380124561994,44.46439941167136,0.6351831294976265,2.3042024166069908,0.4991791401206953,0.0,0.0255130401581809,0.02618961588541424
591,42.17632379574386,128,1664,0,7,1,4,42.17632379574386,1536,0.04854755555555555,42.22487135129942,42.22487135129942,42.23711579574386,42.239944303088485,42.26584457164317,45.589448852242136,0.08952077589930951,3.4131250564982736,0.0,0.0,0.0028285073446241427,0.02590026855468608
592,42.209532328583045,96,704,128,0,0,,42.209532328583045,256,0.13455644444444445,42.34408877302749,42.34408877302749,42.350999884138595,42.359678522763105,42.3857195383881,44.84534049844206,0.17618720980505742,2.6358081698590183,0.0,0.0,0.00867863862450946,0.0260410156249975
593,42.35191696656979,64,4864,11,1,1,3,42.53726248811346,4352,0.16481422222222222,42.70207671033568,42.70207671033568,42.7320989325579,42.74729151149114,42.77341986842474,44.42504504397348,0.4215029018549501,2.0731280774036946,0.1853455215436739,0.0,0.01519257893323811,0.026128356933597274
594,42.41589643125554,160,1024,32,2,1,4,42.41589643125554,512,0.15329422222222222,42.56919065347776,42.56919065347776,42.57787954236665,42.60370373598351,42.62962727113976,46.75792630969073,0.2137308398842208,4.342029878435191,0.0,0.0,0.02582419361685595,0.025923535156252342
595,42.451019646618,128,1664,0,3,1,7,42.76004895400849,1536,0.04854755555555555,42.80859650956405,42.80859650956405,42.82084095400849,42.82563350071233,42.852072047029296,46.19202765993852,0.4010524004112952,3.741008013320517,0.30902930739048884,0.0,0.004792546703839662,0.026438546316967404
596,42.5182366653483,96,1664,0,4,1,3,42.5182366653483,1536,0.04854755555555555,42.566784220903855,42.566784220903855,42.5790286653483,42.58337945029556,42.609529474709625,45.076381281350265,0.09129280936132744,2.558144616001968,0.0,0.0,0.004350784947263264,0.026150024414064887
597,42.60066454984843,160,1664,0,5,1,4,43.025876438319834,1536,0.04854755555555555,43.07442399387539,43.07442399387539,43.08666843831983,43.10560882591381,43.13171331810131,47.265219159068884,0.5310487682528802,4.664554609220453,0.42521188847140223,0.0,0.01894038759397887,0.026104492187499773
598,42.68554205295454,128,4480,39,6,1,7,42.739255246296175,256,1.1947733333333332,43.934028579629505,43.934028579629505,43.96191746851839,43.982862139535946,44.009377601775526,47.405781533602166,1.3238355488209876,4.720239480647628,0.053713193341636156,0.0,0.020944671017552707,0.02651546223957979
599,42.79139290111599,64,5248,3,7,1,4,42.79139290111599,5120,0.05929955555555556,42.850692456671545,42.850692456671545,42.8828480122271,42.88733236461192,42.913607633166606,44.572520678414,0.12221473205061528,1.7811277772980105,0.0,0.0,0.004484352384821477,0.026275268554684317
600,42.930072513435,160,1472,8,0,1,6,42.930072513435,768,0.20797155555555558,43.13804406899055,43.13804406899055,43.14922184676833,43.16639552308863,43.192321304338634,47.30741601927541,0.26224879090363373,4.3773435058404075,0.0,0.0,0.01717367632030431,0.025925781250002444
601,42.94502057907764,128,1344,17,1,1,7,42.94502057907764,256,0.3142542222222222,43.25927480129987,43.25927480129987,43.26974146796653,43.26995142360052,43.296036004763714,46.625931665067235,0.3510154256860716,3.6809110859895924,0.0,0.0,0.0002099556339842934,0.026084581163196674
602,42.97744564270439,160,4224,47,2,0,,42.97744564270439,256,1.1228942222222222,44.10033986492661,44.10033986492661,44.126806531593274,44.14639975649132,44.172473161439235,48.334888442176286,1.1950275187348467,5.357442799471897,0.0,0.0,0.01959322489804549,0.026073404947915435
603,43.03085277036085,96,704,96,3,0,3,43.03085277036085,512,0.06344533333333334,43.094298103694186,43.094298103694186,43.101209214805294,43.11648436566769,43.14279076215206,45.639024015267765,0.11193799179120845,2.608171244906913,0.0,0.0,0.015275150862393616,0.026306396484372385
604,43.05128926411777,96,2048,39,4,0,6,43.05128926411777,0,0.5830328888888889,43.63432215300666,43.63432215300666,43.64869993078443,43.67400912965755,43.69985275758724,46.18395989463153,0.6485634934694673,3.1326706305137577,0.0,0.0,0.02530919887311711,0.02584362792968875
605,43.09688899891049,96,832,20,5,0,5,43.09688899891049,640,0.06382933333333334,43.16071833224382,43.16071833224382,43.16834055446604,43.18392376732007,43.20991310651277,45.66934984153881,0.11302410760228554,2.572460842628324,0.0,0.0,0.015583212854025419,0.025989339192705074
606,43.14528980440709,96,5248,3,6,1,7,43.934028579629505,5120,0.05929955555555556,43.99332813518506,43.99332813518506,44.025483690740614,44.03589355229636,44.06267150639792,46.60788164753446,0.917381701990827,3.4625918431273703,0.7887387752224129,0.0,0.010409861555743305,0.026777954101561363
607,43.14546644193908,160,1280,61,7,1,2,43.14546644193908,256,0.29628444444444446,43.441750886383524,43.441750886383524,43.45186199749463,43.46562858857025,43.49197315237233,47.65315744599213,0.3465067104332533,4.507691004053051,0.0,0.0,0.013766591075615509,0.026344563802084053
608,43.15861763998066,160,2176,54,0,0,,43.15861763998066,256,0.5478613333333333,43.70647897331399,43.70647897331399,43.72156786220288,43.73641065980739,43.762349624651144,47.884535518360856,0.6037319846704818,4.725917878380194,0.0,0.0,0.014842797604508462,0.025938964843753354
609,43.1924973326769,96,3200,2,1,1,0,43.25927480129987,3072,0.05315555555555555,43.31243035685542,43.31243035685542,43.3332081346332,43.34820663193385,43.3743403233401,45.867992309598485,0.1818429906631991,2.675494976921584,0.0667774686229663,0.0,0.014998497300645397,0.026133691406251103
610,43.25265118479342,160,2176,1,2,1,7,44.10033986492661,2048,0.050083555555555555,44.15042342048216,44.15042342048216,44.16551230937105,44.172473161439235,44.19854420636111,48.361046645301286,0.9458930215676915,5.1083954605078645,0.8476886801331887,0.0,0.0069608520681825325,0.02607104492187773
611,43.2735905752911,96,704,60,3,1,5,43.2735905752911,256,0.13455644444444445,43.408147019735544,43.408147019735544,43.41505813084665,43.43219335004269,43.45839799413991,45.954440397103696,0.18480741884880558,2.6808498218125933,0.0,0.0,0.017135219196035223,0.026204644097219898
612,43.3313346178685,128,4096,67,4,0,,43.63432215300666,0,1.1580657777777779,44.792387930784436,44.792387930784436,44.81814348633999,44.84022690309505,44.86651922080338,48.23538154176695,1.5351846029348835,4.9040469238984485,0.3029875351381577,0.0,0.022083416755059204,0.02629231770833229
613,43.377844518227356,128,1664,4,5,1,2,43.377844518227356,1152,0.15521422222222223,43.533058740449576,43.533058740449576,43.54530318489402,43.54781894961173,43.57378888543762,46.873821844422,0.19594436721026653,3.495977326194641,0.0,0.0,0.0025157647177138642,0.025969935825891355
614,43.37884909380568,96,2176,70,6,0,,43.99332813518506,256,0.5478613333333333,44.54118946851839,44.54118946851839,44.55627835740728,44.57371809656719,44.600731890512506,47.14121854532092,1.2218827967068293,3.762369451515241,0.6144790413793828,0.0,0.017439739159911483,0.027013793945315
615,43.41738397051402,128,4416,15,7,1,3,43.441750886383524,256,1.1768035555555554,44.61855444193908,44.61855444193908,44.64608777527241,44.64977434052338,44.675994555367126,47.99629858717517,1.258610584853109,4.578914616661152,0.02436691586950701,0.0,0.0036865652509661118,0.026220214843746703
616,43.44577334530758,160,512,1,0,0,2,43.70647897331399,0,0.15175822222222224,43.85823719553621,43.85823719553621,43.864081639980654,43.86611036683864,43.89191349183864,48.015548091603044,0.4461401465310644,4.569774746295465,0.26070562800641284,0.0,0.002028726857986385,0.025803125000003035
617,43.62553470909099,128,4544,19,1,1,5,43.62553470909099,4288,0.09274311111111111,43.718277820202104,43.718277820202104,43.74652226464655,43.76657904811224,43.792865994726824,47.12764276532765,0.16733128563583222,3.5021080562366578,0.0,0.0,0.02005678346569084,0.026286946614582973
618,43.6966421858661,64,3200,2,2,1,1,44.15042342048216,3072,0.05315555555555555,44.20357897603772,44.20357897603772,44.2243567538155,44.224615739564236,44.25078585675173,45.895829206826136,0.5541436708856367,2.1991870209600393,0.45378123461606634,0.0,0.0002589857487365066,0.02617011718749751
619,43.805327743353594,160,4096,35,3,0,6,43.805327743353594,0,1.1580657777777779,44.96339352113137,44.96339352113137,44.98914907668693,45.00769492048695,45.03407620710804,49.2221313885084,1.2287484637544495,5.416803645154808,0.0,0.0,0.018545843800019668,0.026381286621095512
620,43.84142477339263,64,1664,0,4,1,5,44.792387930784436,1536,0.04854755555555555,44.840935486339994,44.840935486339994,44.853179930784435,44.86651922080338,44.89269195029557,46.55723113486591,1.0512671769029396,2.715806361473277,0.9509631573918043,0.0,0.013339290018947736,0.026172729492188296
621,43.8697474054455,64,2176,110,5,0,,43.8697474054455,256,0.5478613333333333,44.41760873877883,44.41760873877883,44.43269762766772,44.45637043073152,44.48230215273673,46.114042549872146,0.6125547472912274,2.244295144426644,0.0,0.0,0.023672803063796266,0.0259317220052111
622,43.914085170594866,64,3200,2,6,1,2,44.54118946851839,3072,0.05315555555555555,44.594345024073945,44.594345024073945,44.615122801851726,44.627746172739066,44.65467048914532,46.33970867390165,0.7405853185504512,2.425623503306781,0.6271042979235233,0.0,0.012623370887340002,0.02692431640625159
623,43.957354900878435,64,2176,1,7,1,2,44.61855444193908,2048,0.050083555555555555,44.668637997494635,44.668637997494635,44.683726886383525,44.702215258492124,44.72839677704681,46.37148381317964,0.7710418761683755,2.4141289123012015,0.6611995410606468,0.0,0.01848837210859955,0.026181518554686534
624,44.079704129196074,64,768,60,0,1,3,44.079704129196074,256,0.15252622222222223,44.232230351418295,44.232230351418295,44.23949701808496,44.25320851136989,44.27894638571885,45.90100928099415,0.19924225652277272,1.8213051517980787,0.0,0.0,0.013711493284930043,0.02573787434895536
625,44.113152392454936,160,1344,113,1,1,6,44.113152392454936,256,0.3142542222222222,44.42740661467716,44.42740661467716,44.437873281343826,44.45138977053598,44.47759719241098,48.648977790206736,0.36444479995604695,4.5358253977518,0.0,0.0,0.0135164891921562,0.026207421875000136
626,44.170872335708346,64,1664,0,2,1,4,44.20357897603772,1536,0.04854755555555555,44.25212653159328,44.25212653159328,44.26437097603772,44.27695646222048,44.30306779034548,45.94795502062822,0.13219545463713445,1.7770826849198755,0.03270664032937276,0.0,0.012585486182764782,0.026111328124997613
627,44.28650551235134,128,1664,0,3,1,2,44.96339352113137,1536,0.04854755555555555,45.01194107668693,45.01194107668693,45.02418552113137,45.03407620710804,45.06039472924346,48.40059589046153,0.7738892168921225,4.114090378110191,0.6768880087800326,0.0,0.00989068597667142,0.026318522135419187
628,44.565615072040764,64,3200,2,4,1,6,44.840935486339994,3072,0.05315555555555555,44.89409104189555,44.89409104189555,44.91486881967333,44.91886516806901,44.945116632912764,46.611111505959656,0.3795015608720007,2.045496433918892,0.27532041429923026,0.0,0.003996348395681082,0.02625146484375307
629,44.596862033799766,160,4288,143,5,1,1,44.596862033799766,256,1.140864,45.73772603379977,45.73772603379977,45.76454825602199,45.77308454205964,45.79930915143464,49.950639885128304,1.2024471176348754,5.3537778513285375,0.0,0.0,0.00853628603765344,0.026224609374999375
630,44.63691511244547,64,2176,1,6,1,7,44.63691511244547,2048,0.050083555555555555,44.686998668001024,44.686998668001024,44.702087556889914,44.70852058680157,44.735302487843235,46.42000957722196,0.09838737539776332,1.7830944647764895,0.0,0.0,0.006433029911654842,0.02678190104166589
631,44.65366464148235,128,1664,4,7,1,5,44.668637997494635,1344,0.10188088888888888,44.77051888638352,44.77051888638352,44.78276333082796,44.806944262398375,44.833053539742124,48.15356654894972,0.17938889825977355,3.4999019074673683,0.014973356012284,0.0,0.024180931570413122,0.02610927734374968
632,44.66006775562234,128,1664,0,0,1,3,44.66006775562234,1536,0.04854755555555555,44.7086153111779,44.7086153111779,44.72085975562234,44.74231162009385,44.768068107259026,48.068353084278826,0.10800035163668298,3.4082853286564827,0.0,0.0,0.021451864471508486,0.0257564871651752
633,44.660983999007804,128,2176,1,1,1,6,44.660983999007804,2048,0.050083555555555555,44.71106755456336,44.71106755456336,44.72615644345225,44.740177124051606,44.766423706082854,48.09701652718591,0.10543970707504968,3.436032528178103,0.0,0.0,0.01402068059935857,0.026246582031248522
634,44.70804177697728,160,768,56,2,1,7,44.70804177697728,512,0.0814151111111111,44.789456888088395,44.789456888088395,44.79672355475506,44.79927579815798,44.82535262107464,48.98973845748352,0.1173108440973607,4.281696680506236,0.0,0.0,0.0025522434029170427,0.026076822916664355
635,44.739282314225854,96,512,3,3,0,6,45.01194107668693,0,0.15175822222222224,45.16369929890915,45.16369929890915,45.16954374335359,45.191994664139294,45.21828660207332,47.71590887874277,0.4790042878474665,2.97662656451692,0.27265876246107723,0.0,0.0224509207857011,0.026291937934026066
636,44.74997837987048,128,4480,15,4,1,7,44.89409104189555,256,1.1947733333333332,46.08886437522888,46.08886437522888,46.11675326411777,46.130888117287775,46.157423761819025,49.53356403882177,1.4074453819485484,4.783585658951296,0.14411266202507278,0.0,0.014134853170006068,0.02653564453125057
637,44.788164185920955,128,2304,34,5,1,6,45.73772603379977,256,0.5838008888888889,46.321526922688655,46.321526922688655,46.33732692268865,46.35055036237215,46.37679242780183,49.68835228747205,1.5886282418808761,4.900188101551095,0.9495618478788117,0.0,0.013223439683493154,0.026242065429684658
638,44.84065226967193,128,1664,0,6,1,0,44.84065226967193,1536,0.04854755555555555,44.889199825227486,44.889199825227486,44.90144426967193,44.922789467009906,44.94943623040276,48.32217313322705,0.10878396073083252,3.4815208635551187,0.0,0.0,0.021345197337979016,0.02664676339285421
639,44.96280298305075,160,1280,45,7,1,1,44.96280298305075,256,0.29628444444444446,45.259087427495196,45.259087427495196,45.269198538606304,45.27698596161713,45.30302185028901,49.45778896687197,0.34021886723825645,4.494985983821223,0.0,0.0,0.007787423010825023,0.02603588867187767
640,45.03357904410263,64,4224,135,0,0,,45.03357904410263,256,1.1228942222222222,46.15647326632485,46.15647326632485,46.182939932991516,46.18427807982228,46.21029429075978,47.85834123667683,1.176715246657146,2.824762192574198,0.0,0.0,0.0013381468307613886,0.02601621093749884
641,45.088475491873794,128,1856,9,1,1,5,45.088475491873794,1216,0.19134577777777778,45.27982126965157,45.27982126965157,45.29313238076268,45.31771472170786,45.343913533556815,48.6754917333491,0.2554380416830213,3.587016241475304,0.0,0.0,0.024582340945180192,0.026198811848956893
642,45.120578901098995,128,2816,10,2,1,5,45.120578901098995,2304,0.15867022222222224,45.279249123321215,45.279249123321215,45.29789356776566,45.32090502992881,45.34703282010738,48.67505123650138,0.22645391900838518,3.5544723354023873,0.0,0.0,0.0230114621631472,0.026127790178570365
643,45.24663311452299,128,2880,10,3,1,2,45.24663311452299,256,0.7455288888888889,45.992162003411885,45.992162003411885,46.01116200341188,46.03371212561932,46.06013434939164,49.40797019466074,0.8135012348686459,4.1613370801377485,0.0,0.0,0.022550122207434242,0.02642222377232173
644,45.26098968186691,96,2176,90,4,0,,46.08886437522888,256,0.5478613333333333,46.63672570856221,46.63672570856221,46.6518145974511,46.66534099814715,46.692105483824236,49.21600885761517,1.4311158019573256,3.9550191757482622,0.8278746933619701,0.0,0.013526400696051155,0.026764485677084338
645,45.301355605422614,128,1216,12,5,1,7,46.321526922688655,256,0.27831466666666665,46.59984158935532,46.59984158935532,46.60959714491088,46.61299298932527,46.63910929791902,49.950639885128304,1.3377536924964062,4.6492842797056895,1.0201713172660405,0.0,0.003395844414392002,0.026116308593749693
646,45.304632660334164,64,5248,3,6,0,6,45.304632660334164,5120,0.05929955555555556,45.36393221588972,45.36393221588972,45.39608777144527,45.402505915112584,45.429274836011025,47.114851113680295,0.1246421756768612,1.8102184533461312,0.0,0.0,0.0064181436673109715,0.02676892089844074
647,45.389997304399834,64,1920,9,7,1,1,45.389997304399834,256,0.4759822222222222,45.865979526622056,45.865979526622056,45.87964619328872,45.902382250679636,45.92843929820568,47.57418977021088,0.5384419938058471,2.1841924658110443,0.0,0.0,0.02273605739091522,0.026057047526045096
648,45.39628487256836,96,704,44,0,1,6,46.15647326632485,256,0.13455644444444445,46.291029710769294,46.291029710769294,46.2979408218804,46.314364017322276,46.34027018594207,48.83802659812121,0.9439853133737088,3.441741725552852,0.7601883937564935,0.0,0.016423195441873872,0.025906168619791003
649,45.40818815876751,96,4416,23,1,1,2,45.40818815876751,256,1.1768035555555554,46.58499171432307,46.58499171432307,46.6125250476564,46.625931665067235,46.65236232912974,49.15385733393503,1.2441741703622284,3.745669175167521,0.0,0.0,0.01340661741083693,0.026430664062502274
650,45.430919769921424,160,4544,15,2,1,4,45.430919769921424,256,1.212743111111111,46.64366288103253,46.64366288103253,46.67190732547698,46.67915287219073,46.70545707140948,50.88801979934451,1.2745373014880528,5.4571000294230885,0.0,0.0,0.007245546713747331,0.026304199218749602
651,45.477996121573646,128,2176,1,3,1,1,45.992162003411885,2048,0.050083555555555555,46.04224555896744,46.04224555896744,46.05733444785633,46.06013434939164,46.086512034938515,49.434532206379494,0.6085159133648688,3.9565360848058475,0.5141658818382382,0.0,0.002799901535311733,0.02637768554687625
652,45.572424870027135,64,1536,8,4,1,0,46.63672570856221,256,0.3681635555555556,47.004889264117764,47.004889264117764,47.0164225974511,47.04008823122007,47.066604222431,48.73910742067321,1.4941793524038687,3.1666825506460725,1.0643008385350754,0.0,0.023665633768970906,0.026515991210935397
653,45.636885957078896,128,1664,0,5,1,6,46.59984158935532,1536,0.04854755555555555,46.64838914491088,46.64838914491088,46.66063358935532,46.66522609479402,46.69129258242423,50.00298151924289,1.0544066253453366,4.366095562163991,0.9629556322764259,0.0,0.0045925054387012665,0.026066487630210133
654,45.666889595608986,160,2560,22,6,1,2,45.666889595608986,256,0.65568,46.32256959560898,46.32256959560898,46.339791817831205,46.36652215046415,46.39326561970243,50.57675573123206,0.7263760240934474,4.909866135623076,0.0,0.0,0.026730332632944,0.026743469238283524
655,45.67594977706618,64,4416,147,7,1,4,45.865979526622056,256,1.1768035555555554,47.042783082177614,47.042783082177614,47.070316415510945,47.07528205536713,47.10153596161713,48.75546437609816,1.4255861845509514,3.079514599031981,0.19002974955587604,0.0,0.00496563985618792,0.026253906249998238
656,45.696475414537424,160,5248,3,0,1,6,46.291029710769294,5120,0.05929955555555556,46.35032926632485,46.35032926632485,46.382484821880404,46.392083988025405,46.41822803099416,50.61199283762987,0.7217526164567332,4.915517423092446,0.5945542962318697,0.0,0.009599166145001448,0.0261440429687525
657,45.71112063371331,96,1344,129,1,1,3,46.58499171432307,256,0.3142542222222222,46.89924593654529,46.89924593654529,46.90971260321196,46.916695825223485,46.94300189618703,49.4438891942866,1.2318812624737205,3.732768560573291,0.87387108060976,0.0,0.006983222011527346,0.02630607096354254
658,45.71352558833269,160,1664,0,2,1,5,46.64366288103253,1536,0.04854755555555555,46.69221043658809,46.69221043658809,46.70445488103253,46.70545707140948,46.73169144640948,50.91433356887576,1.0181658580767845,5.200807980543068,0.9301372926998397,0.0,0.0010021903769441565,0.026234375000001364
659,45.833935155612096,96,1984,9,3,1,7,46.04224555896744,1600,0.12061866666666667,46.1628642256341,46.1628642256341,46.176886447856326,46.19202765993852,46.21841950564164,48.718001993977154,0.3844843500295454,2.884066838365058,0.20831040335534112,0.0,0.015141212082191657,0.026391845703123806
660,45.91528041461265,160,1664,4,4,1,7,47.004889264117764,1088,0.172992,47.177881264117765,47.177881264117765,47.190125708562206,47.199191502704444,47.22556913942319,51.40642152900683,1.3102887248105404,5.491141114394175,1.0896088495051117,0.0,0.009065794142237849,0.02637763671874893
661,45.92878782031733,128,2368,50,5,1,2,46.64838914491088,2048,0.10399288888888888,46.75238203379977,46.75238203379977,46.768537589355326,46.76949497500235,46.79557595993539,50.10790788643039,0.866788139618059,4.179120066113057,0.7196013245935475,0.0,0.0009573856470268538,0.026080984933038565
662,45.96398845052237,64,4288,47,6,1,2,46.32256959560898,256,1.140864,47.46343359560898,47.46343359560898,47.490255817831205,47.510038369539664,47.536446572664666,49.19065482268017,1.5724581221422937,3.2266663721578013,0.3585811450866103,0.0,0.01978255170845955,0.02640820312500125
663,46.008744426603315,160,2304,46,7,1,3,47.042783082177614,256,0.5838008888888889,47.6265839710665,47.6265839710665,47.6423839710665,47.65315744599213,47.67956535614838,51.84277594255092,1.6708209295450658,5.834031515947608,1.0340386555742995,0.0,0.01077347492562808,0.026407910156251546
664,46.06186647774754,64,4096,0,0,0,2,46.35032926632485,0,1.1580657777777779,47.50839504410263,47.50839504410263,47.53415059965818,47.54343017943166,47.56976695398523,49.235834215308714,1.5079004762376869,3.1739677375611706,0.2884627885773057,0.0,0.009279579773476598,0.026336774553570308
665,46.08697955745514,128,4416,83,1,1,7,46.89924593654529,4160,0.0923591111111111,46.9916050476564,46.9916050476564,47.01913838098973,47.02192303876515,47.0483522379839,50.392808331423886,0.9613726805287612,4.305828773968749,0.8122663790901541,0.0,0.002784657775421806,0.026429199218746646
666,46.09103965350752,160,2944,10,2,1,3,46.69221043658809,2688,0.08794311111111111,46.7801535476992,46.7801535476992,46.799509103254756,46.81061657661781,46.83697553309103,51.019692016141384,0.7459358795835058,4.928652362633862,0.601170783080569,0.0,0.01110747336305451,0.026358956473217177
667,46.10480409028672,64,2368,34,3,1,5,46.1628642256341,256,0.6017706666666667,46.76463489230077,46.76463489230077,46.780790447856326,46.79916364626664,46.825451488063514,48.479880411945906,0.7206473977767942,2.3750763216591864,0.05806013534738241,0.0,0.01837319841031615,0.026287841796872158
668,46.1399140110651,96,5248,3,4,1,0,47.177881264117765,5120,0.05929955555555556,47.23718081967332,47.23718081967332,47.269336375228875,47.27832587770445,47.30490221233986,49.8221821486308,1.1649882012747597,3.6822681375657,1.0379672530526634,0.0,0.008989502475571953,0.026576334635414867
669,46.16726443780528,96,3008,10,5,1,2,46.75238203379977,2624,0.12369066666666667,46.87607270046644,46.87607270046644,46.89578381157755,46.89993943882304,46.92610761683643,49.40099910723215,0.7588431790311532,3.233734669426873,0.5851175959944896,0.0,0.004155627245488347,0.026168178013392662
670,46.209444969792685,64,1664,4,6,1,4,47.46343359560898,1280,0.11965866666666666,47.58309226227565,47.58309226227565,47.59533670672009,47.61567411172717,47.64193485391467,49.29571728780294,1.4324898841219849,3.086272318010252,1.253988625816298,0.0,0.02033740500707637,0.026260742187503183
671,46.24398714493015,64,2368,46,7,0,7,47.6265839710665,2176,0.06843733333333334,47.69502130439984,47.69502130439984,47.711176859955394,47.73238264130463,47.75874982880463,49.405804429111555,1.5147626838744799,3.161817284181403,1.38259682613635,0.0,0.021205781349237895,0.0263671875
672,46.25341342035234,64,256,21,0,0,6,47.50839504410263,0,0.07987911111111111,47.58827415521374,47.58827415521374,47.59269637743596,47.59610421682005,47.622290374046614,49.28875682273058,1.3688769536942758,3.0353434023782455,1.2549816237502895,0.0,0.003407839384088618,0.02618615722656159
673,46.306827603136036,128,1472,37,1,1,3,46.9916050476564,1152,0.10130488888888889,47.09290993654529,47.09290993654529,47.104087714323065,47.12764276532765,47.153850703385686,50.497485089236385,0.8470231002496504,4.190657486100349,0.684777444520364,0.0,0.023555051004585437,0.026207938058036007
674,46.372061498359095,64,2176,5,2,1,4,46.7801535476992,2048,0.050083555555555555,46.83023710325475,46.83023710325475,46.84532599214364,46.86333497784549,46.88965773175174,48.5441817907006,0.5175962333926449,2.1721202923415035,0.40809204934010523,0.0,0.01800898570184728,0.02632275390624983
675,46.37402693505287,96,2176,5,3,1,2,46.76463489230077,1536,0.1923057777777778,46.956940670078545,46.956940670078545,46.972029558967435,46.983188792751015,47.00945463476491,49.51443992122324,0.6354276997120394,3.140412986170375,0.39060795724790154,0.0,0.011159233783580191,0.026265842013891927
676,46.38995619961253,64,4480,55,4,1,0,47.23718081967332,256,1.1947733333333332,48.43195415300665,48.43195415300665,48.45984304189554,48.47390087770445,48.50051928590758,50.16115590351362,2.110563086295052,3.7711997039010896,0.8472246200607927,0.0,0.014057835808912955,0.02661840820312733
677,46.440131855441024,64,1344,45,5,1,7,46.87607270046644,1024,0.10092088888888888,46.976993589355324,46.976993589355324,46.98746025602199,47.00461508056411,47.030720976560204,48.67076207997718,0.59058912111918,2.2306302245361564,0.43594084502541364,0.0,0.017154824542117808,0.02610589599609625
678,46.44761235850151,128,256,19,6,0,1,47.58309226227565,0,0.07987911111111111,47.66297137338676,47.66297137338676,47.667393595608985,47.66819608438342,47.69423045938342,51.02278031386785,1.2466181008819106,4.575167955366339,1.13547990377414,0.0,0.0008024887744326747,0.02603437500000183
679,46.46499194888423,64,3200,2,7,1,4,47.69502130439984,3072,0.05315555555555555,47.74817685995539,47.74817685995539,47.768954637733174,47.785117504585884,47.81151343092517,49.45778896687197,1.3465214820409344,2.9927970179877406,1.2300293555156045,0.0,0.016162866852710067,0.02639592633928345
680,46.516240464549384,160,4608,15,0,1,2,47.58827415521374,4160,0.14626844444444445,47.734542599658184,47.734542599658184,47.76314259965818,47.779417571312244,47.80572497148586,51.99405024618811,1.2894845069364749,5.477809781638726,1.0720336906643553,0.0,0.01627497165406311,0.026307400173614326
681,46.52173868075958,96,3200,2,1,1,7,47.09290993654529,3072,0.05315555555555555,47.146065492100846,47.146065492100846,47.166843269878626,47.180059129724974,47.206312242517946,49.70824588373973,0.6845735617583628,3.1865072029801453,0.5711712557857069,0.0,0.013215859846347655,0.026253112792971933
682,46.533340009476376,160,2048,42,2,0,,46.83023710325475,0,0.5830328888888889,47.41326999214364,47.41326999214364,47.427647769921414,47.442548356751736,47.46884479772396,51.64937995016916,0.9355047882475844,5.116039940692787,0.2968970937783766,0.0,0.014900586830322027,0.02629644097222439
683,46.57768851721255,128,3200,2,3,1,1,46.956940670078545,3072,0.05315555555555555,47.0100962256341,47.0100962256341,47.03087400341188,47.03556480322194,47.061725664767074,50.421542948566994,0.484037147554524,3.843854431354444,0.3792521528659947,0.0,0.00469079981005649,0.026160861545136527
684,46.657503274641535,160,2176,1,4,1,3,48.43195415300665,2048,0.050083555555555555,48.4820377085622,48.4820377085622,48.49712659745109,48.50051928590758,48.5270586971799,52.68358110687607,1.8695554225383688,6.0260778322345345,1.7744508783651156,0.0,0.0033926884564863258,0.026539411272324287
685,46.663025408922906,96,512,2,5,0,3,46.976993589355324,0,0.15175822222222224,47.128751811577544,47.128751811577544,47.134596256021986,47.13514944335708,47.16116240993694,49.63590930787136,0.4981370010140367,2.972883898948453,0.31396818043241836,0.0,0.0005531873350932415,0.02601296657986296
686,46.6739349410647,64,4608,35,6,0,6,47.66297137338676,4352,0.09293511111111111,47.75590648449787,47.75590648449787,47.78450648449787,47.79837284219592,47.82461185586779,49.479680152270014,1.1506769148030926,2.8057452112053127,0.9890364323220595,0.0,0.013866357698049114,0.02623901367187642
687,46.68381948237483,160,1280,85,7,1,5,47.74817685995539,256,0.29628444444444446,48.04446130439984,48.04446130439984,48.05457241551095,48.075090091081414,48.10126350067963,52.26498167171759,1.4174440183047992,5.581162189342763,1.0643573775805635,0.0,0.02051767557046702,0.026173409598214903
688,46.689114519098055,64,2176,5,0,1,3,47.734542599658184,1920,0.08563911111111111,47.8201817107693,47.8201817107693,47.83527059965819,47.85834123667683,47.884535518360856,49.55474001190469,1.1954209992628009,2.865625492806636,1.0454280805601286,0.0,0.023070637018641094,0.026194281684027487
689,46.72275525973218,160,1344,33,1,0,1,47.146065492100846,1152,0.06536533333333333,47.21143082543418,47.21143082543418,47.221897492100844,47.23256584359216,47.258753506352576,51.4450900348279,0.5359982466203945,4.722334775095717,0.4233102323686637,0.0,0.010668351491318617,0.026187662760413843
690,46.753138737738055,128,2176,1,2,1,4,47.41326999214364,2048,0.050083555555555555,47.46335354769919,47.46335354769919,47.47844243658808,47.49514172697743,47.52141565275868,50.86161714487008,0.7682769150206212,4.108478407132026,0.6601312544055844,0.0,0.016699290389347254,0.026273925781246987
691,46.777234229514576,96,2432,50,3,1,5,47.0100962256341,256,0.6197404444444444,47.62983667007855,47.62983667007855,47.64634778118966,47.66356024593027,47.689734318195896,50.20803669856699,0.9125000886813197,3.4308024690524164,0.2328619961195244,0.0,0.017212464740609335,0.026174072265625625
692,46.787144501276416,96,832,60,4,1,0,48.4820377085622,256,0.170496,48.6525337085622,48.6525337085622,48.66015593078443,48.68630541872008,48.71270617555602,51.19886440010058,1.9255616742796064,4.411719898824167,1.6948932072857872,0.0,0.026149487935654747,0.026400756835940342
693,46.8657244705289,64,2176,66,5,0,,47.128751811577544,256,0.5478613333333333,47.676613144910874,47.676613144910874,47.691702033799764,47.707812664928255,47.73385454860881,49.374819996791814,0.8681300780799077,2.509095526262911,0.263027341048641,0.0,0.016110631128491093,0.0260418836805556
694,46.89827989958387,96,512,7,6,0,3,47.75590648449787,0,0.15175822222222224,47.90766470672009,47.90766470672009,47.91350915116453,47.9295727933678,47.95567261200619,50.44559152922314,1.0573927124223204,3.5473116296392675,0.8576265849140015,0.0,0.01606364220326384,0.026099818638392946
695,46.91034274496705,96,1664,0,7,1,2,48.04446130439984,1536,0.04854755555555555,48.0930088599554,48.0930088599554,48.10525330439984,48.127437398559096,48.15356654894972,50.63070615437198,1.2432238039826657,3.720363409404925,1.1341185594327854,0.0,0.022184094159257484,0.02612915039062358
696,46.93933083587365,64,5120,7,0,1,3,47.8201817107693,4608,0.16558222222222224,47.98576393299152,47.98576393299152,48.01720837743596,48.04187719316555,48.068353084278826,49.74111628492367,1.1290222484051782,2.8017854490500227,0.8808508748956498,0.0,0.02466881572958357,0.02647589111327875
697,46.94728809402494,128,4416,111,1,1,4,47.21143082543418,256,1.1768035555555554,48.388234380989736,48.388234380989736,48.41576771432307,48.43783171273278,48.464155714468895,51.81691069610022,1.5168676204439535,4.869622602075282,0.26414273140923683,0.0,0.022063998409713292,0.026324001736114155
698,46.957349404236815,160,1664,0,2,1,7,47.46335354769919,1536,0.04854755555555555,47.51190110325475,47.51190110325475,47.52414554769919,47.547690066821175,47.57392293258822,51.75442462790354,0.6165735283514024,4.797075223666724,0.506004143462377,0.0,0.023544519121983853,0.026232865767042313
699,46.96714881733114,160,2048,9,3,0,3,47.62983667007855,1856,0.06747733333333333,47.69731400341188,47.69731400341188,47.71169178118966,47.71590887874277,47.742154240070896,51.95076423762951,0.7750054227397527,4.983615420298364,0.6626878527474034,0.0,0.004217097553116389,0.026245361328122385
700,46.96810967184655,64,2048,2,4,0,3,48.6525337085622,0,0.5830328888888889,49.23556659745109,49.23556659745109,49.249944375228864,49.26913760110476,49.29562197610476,50.93980414619433,2.3275123042582138,3.9716944743477782,1.6844240367156544,0.0,0.019193225875895337,0.026484375000002558
701,47.00469837905653,64,1152,16,5,1,4,47.676613144910874,256,0.2603448888888889,47.93695803379976,47.93695803379976,47.94635803379976,47.96825347439006,47.99425181423381,49.63590930787136,0.9895534351772852,2.6312109288148307,0.6719147658543463,0.0,0.02189544059029913,0.02599833984375266
702,47.00857538261112,128,2176,1,6,1,2,47.90766470672009,2048,0.050083555555555555,47.95774826227564,47.95774826227564,47.97283715116453,47.981772918925834,48.00786892722662,51.33962997207097,0.9992935446154974,4.331054589459853,0.8990893241089708,0.0,0.008935767761300895,0.02609600830078307
703,47.01540391393528,96,2048,71,7,0,0,48.0930088599554,0,0.5830328888888889,48.676041748844284,48.676041748844284,48.69041952662206,48.70315541613722,48.72930965197707,51.20907351509557,1.7139057380417881,4.193669601160288,1.0776049460201165,0.0,0.012735889515163024,0.026154235839847217
704,47.01838433474912,96,2304,158,0,1,5,47.98576393299152,256,0.5838008888888889,48.569564821880405,48.569564821880405,48.585364821880404,48.59969167244847,48.62620784676488,51.13441998606737,1.6078235120157558,4.116035651318249,0.9673795982423954,0.0,0.01432685056806804,0.02651617431640574
705,47.036216502441945,160,4928,11,1,0,1,48.388234380989736,4736,0.07611733333333334,48.46435171432307,48.46435171432307,48.49472949210085,48.516805182784864,48.543238727706736,52.734250293771986,1.507022225264791,5.69803379133004,1.352017878547791,0.0,0.022075690684012272,0.026433544921872
706,47.069304398754475,128,4096,53,2,0,1,47.51190110325475,0,1.1580657777777779,48.66996688103253,48.66996688103253,48.695722436588085,48.70118914107727,48.72743523482727,52.068248846653546,1.658130836072793,4.9989444478990706,0.442596704500275,0.0,0.00546670448918718,0.026246093749996646
707,47.07252869307576,128,5248,3,3,1,4,47.69731400341188,4672,0.18374400000000002,47.88105800341188,47.88105800341188,47.913213558967435,47.92588544124278,47.952254093586525,51.3236470501295,0.8797254005107646,4.251118357053741,0.6247853103361223,0.0,0.012671882275341773,0.026368652343748522
708,47.08905033199603,64,3200,2,4,1,3,49.23556659745109,3072,0.05315555555555555,49.288722153006645,49.288722153006645,49.309499930784426,49.32210683938601,49.3486018345032,50.99173227119432,2.259551502507172,3.9026819391982954,2.1465162654550625,0.0,0.0126069086015832,0.02649499511719
709,47.13401563403236,96,1664,0,5,1,2,47.93695803379976,1536,0.04854755555555555,47.98550558935532,47.98550558935532,47.99775003379976,48.02025064235881,48.0462329754554,50.52774773018039,0.9122173414230446,3.393732096148028,0.802942399767403,0.0,0.02250060855904934,0.025982333096592924
710,47.172452483283074,128,5184,7,6,1,0,47.95774826227564,4800,0.13021866666666668,48.08796692894231,48.08796692894231,48.119766928942305,48.13835629294927,48.16461437671663,51.49725829238348,0.9921618934335541,4.324805809100404,0.7852957789925696,0.0,0.01858936400696365,0.026258083767359608
711,47.21009712639591,96,4096,127,7,0,,48.676041748844284,0,1.1580657777777779,49.83410752662206,49.83410752662206,49.85986308217762,49.872492091871976,49.89863056843448,52.397635480311344,2.688533442038569,5.187538353915436,1.4659446224483759,0.0,0.012629009694357762,0.026138476562501012
712,47.22311585776783,160,3200,2,0,1,4,48.569564821880405,3072,0.05315555555555555,48.62272037743596,48.62272037743596,48.64349815521374,48.652724509362535,48.679246699032674,52.855579944151295,1.4561308412648444,5.6324640863834645,1.3464489641125752,0.0,0.009226354148793803,0.026522189670139085
713,47.24214049082054,160,2048,150,1,0,,48.46435171432307,0,0.5830328888888889,49.04738460321196,49.04738460321196,49.061762380989734,49.07428262690378,49.10080704096628,53.27890446857668,1.8586665501457418,6.036763977756138,1.2222112235025335,0.0,0.012520245914046768,0.026524414062500057
714,47.255658685492534,96,2176,5,2,1,0,48.66996688103253,2048,0.050083555555555555,48.72005043658808,48.72005043658808,48.73513932547697,48.75368181685852,48.77990837935852,51.28206869799902,1.5242496938659826,4.026410012506489,1.414308195539995,0.0,0.01854249138154529,0.026226562499999773
715,47.26504998142076,64,4608,39,3,1,6,47.88105800341188,256,1.230712888888889,49.11177089230077,49.11177089230077,49.140370892300766,49.142316447102154,49.168920939289656,50.847929667317,1.9038709578688966,3.5828796858962377,0.6160080219911208,0.0,0.0019455548013880275,0.02660449218750216
716,47.325594052793505,64,2176,5,4,1,2,49.288722153006645,2048,0.050083555555555555,49.3388057085622,49.3388057085622,49.35389459745109,49.375097317901634,49.40154512606136,51.04354359931933,2.075951073267852,3.7179495465258228,1.9631281002131402,0.0,0.021202720450546053,0.02644780815972325
717,47.3459758579743,128,3008,6,5,1,7,47.98550558935532,2624,0.12369066666666667,48.10919625602199,48.10919625602199,48.1289073671331,48.150167190654265,48.176192296448534,51.51212346260226,0.8302164384742312,4.166147604627959,0.6395297313810175,0.0,0.021259823521162957,0.0260251057942682
718,47.35658568674292,64,4224,107,6,0,,48.08796692894231,256,1.1228942222222222,49.21086115116453,49.21086115116453,49.23732781783119,49.243078860068564,49.269397829795125,50.91817544965654,1.9128121430522071,3.56158976291362,0.7313812421993902,0.0,0.005751042237370996,0.026318969726560226
719,47.375739660992295,128,4096,5,7,0,4,49.83410752662206,0,1.1580657777777779,50.99217330439984,50.99217330439984,51.0179288599554,51.02414670612979,51.05053332722354,54.38897107058913,3.6747936662312455,7.013231409596834,2.458367865629768,0.0,0.006217846174394026,0.02638662109374934
720,47.38439200966381,128,640,84,0,0,,48.62272037743596,256,0.11658666666666667,48.73930704410263,48.73930704410263,48.74586259965819,48.75881619773059,48.785219176246216,52.12383369345374,1.4008271665824026,4.739441683789927,1.238328367772148,0.0,0.012953598072400041,0.026402978515626785
721,47.40366579406945,64,1216,16,1,1,5,49.04738460321196,768,0.13609244444444446,49.1834770476564,49.1834770476564,49.19323260321196,49.20674026850534,49.233088196022706,50.89092642573192,1.8294224019532592,3.4872606316624726,1.6437188091425128,0.0,0.013507665293381876,0.0263479275173637
722,47.40483657425854,128,4096,123,2,0,5,48.72005043658808,0,1.1580657777777779,49.87811621436586,49.87811621436586,49.903871769921416,49.91151549605774,49.93793351906121,53.270843670872296,2.533096944802672,5.866007096613757,1.3152138623295428,0.0,0.007643726136322471,0.026418023003472513
723,47.45420466673207,128,2304,82,3,1,2,49.11177089230077,256,0.5838008888888889,49.695571781189656,49.695571781189656,49.711371781189655,49.72839265559824,49.755035396483656,53.10073188899669,2.3008307297515884,5.6465272222646234,1.6575662255687007,0.0,0.017020874408586906,0.026642740885414185
724,47.4758023751147,128,640,116,4,0,,49.3388057085622,256,0.11658666666666667,49.45539237522887,49.45539237522887,49.461947930784426,49.480891480228024,49.50722751538427,52.814521745826966,2.031425140269576,5.338719370712269,1.8630033334475016,0.0,0.01894354944359833,0.026336035156248272
725,47.494141863301685,64,4480,111,5,1,1,48.10919625602199,256,1.1947733333333332,49.30396958935532,49.30396958935532,49.33185847824421,49.34864848800275,49.374819996791814,51.03153231676893,1.8806781334901288,3.5373904534672462,0.6150543927203032,0.0,0.0167900097585445,0.02617150878906216
726,47.516941852678166,64,1344,81,6,1,4,49.21086115116453,1088,0.0831431111111111,49.29400426227564,49.29400426227564,49.30447092894231,49.32210526213329,49.34840219816845,50.99657263157618,1.8314603454902851,3.479630778898013,1.6939192984863638,0.0,0.017634333190983398,0.026296936035159035
727,47.53931094098095,96,4352,87,7,1,1,50.99217330439984,4096,0.0921671111111111,51.08434041551095,51.08434041551095,51.11151819328873,51.12969612019229,51.15620743204125,53.659518325363436,3.6168964910603023,6.120207384382489,3.4528623634188946,0.0,0.01817792690356157,0.02651131184895661
728,47.5583557048976,160,2304,86,0,1,6,48.73930704410263,256,0.5838008888888889,49.32310793299152,49.32310793299152,49.33890793299152,49.34205446502969,49.36863844940469,53.53297832642901,1.8102827445070915,5.9746226215314095,1.1809513392050306,0.0,0.0031465320381727224,0.026583984375001535
729,47.55883072386006,96,2048,80,1,0,7,49.1834770476564,0,0.5830328888888889,49.76650993654529,49.76650993654529,49.780887714323065,49.78748911755669,49.81385258191216,52.31519157407642,2.255021858052096,4.75636085021636,1.624646323796341,0.0,0.006601403233624126,0.026363464355469546
730,47.57652868546999,96,1280,89,2,0,2,49.87811621436586,1088,0.06517333333333333,49.943289547699194,49.943289547699194,49.9534006588103,49.964352030345935,49.99069162995531,52.48545861227855,2.4141629444853194,4.908929926808561,2.3015875288958725,0.0,0.010951371535632859,0.026339599609372044
731,47.59990194366119,64,2368,86,3,1,0,49.695571781189656,256,0.6017706666666667,50.29734244785632,50.29734244785632,50.31349800341188,50.314979472004495,50.34161960872324,52.00307527278576,2.7417176650620547,4.40317332912457,2.095669837528469,0.0,0.0014814685926154425,0.026640136718746987
732,47.65406178421274,160,2368,82,4,1,3,49.45539237522887,256,0.6017706666666667,50.057163041895535,50.057163041895535,50.07331859745109,50.082902973826116,50.1089867954407,54.264945736131104,2.4549250112279566,6.61088395191836,1.801330591016125,0.0,0.009584376375023851,0.026083821614584224
733,47.69167385765605,64,768,80,5,1,7,49.30396958935532,256,0.15252622222222223,49.45649581157754,49.45649581157754,49.463762478244206,49.47943856035715,49.50551579757306,51.16330070869601,1.8138419399170118,3.4716268510399644,1.6122957316992697,0.0,0.015676082112946688,0.026077237215908156
734,47.695834173448,96,1344,77,6,0,6,49.29400426227564,1088,0.0831431111111111,49.377147373386755,49.377147373386755,49.38761404005342,49.40099753508251,49.42722458586376,51.91119188613347,1.731390412415763,4.215357712685474,1.5981700888276436,0.0,0.013383495029088976,0.02622705078125165
735,47.75421793354605,128,832,88,7,1,3,51.08434041551095,576,0.0816071111111111,51.16594752662206,51.16594752662206,51.17356974884429,51.18271923217146,51.20907351509557,54.544520945031095,3.4548555815495163,6.790303011485044,3.3301224819648994,0.0,0.009149483327171026,0.02635428292411035
736,47.781385839999906,96,1408,77,0,1,6,49.32310793299152,256,0.332224,49.655331932991515,49.655331932991515,49.66615415521374,49.68803730543148,49.71457655103695,52.20190400595374,1.9331907110370423,4.420518165953837,1.5417220929916127,0.0,0.021883150217739455,0.02653924560546983
737,47.814036089638854,160,1152,101,1,0,,49.76650993654529,256,0.2603448888888889,50.02685482543418,50.02685482543418,50.03625482543418,50.05114573376763,50.077424542361385,54.24002713470857,2.2633884527225305,6.425991045069715,1.952473846906436,0.0,0.014890908333455855,0.026278808593751535
738,47.81432579937999,64,4672,15,2,1,0,49.943289547699194,4416,0.0931271111111111,50.0364166588103,50.0364166588103,50.06537221436586,50.069713358470935,50.09614033822946,51.75442462790354,2.281814538849467,3.9400988285235456,2.128963748319201,0.0,0.0043411441050764665,0.026426979758525704
739,47.83629464510349,96,2240,62,3,1,1,50.29734244785632,256,0.5658311111111111,50.86317355896743,50.86317355896743,50.87861800341188,50.900922831379496,50.927339432942,53.41322554134044,3.0910447878385057,5.576930896236945,2.46104780275283,0.0,0.022304827967616347,0.02641660156250225
740,47.87178200546451,64,832,80,4,1,5,50.057163041895535,256,0.170496,50.227659041895535,50.227659041895535,50.23528126411776,50.23898817890424,50.26487337855702,51.89964753347112,2.39309137309251,4.027865528006608,2.185381036431025,0.0,0.0037069147864841057,0.02588519965277669
741,47.88059017222911,64,4352,91,5,1,7,49.45649581157754,256,1.1588337777777777,50.61532958935532,50.61532958935532,50.6425073671331,50.659614592159556,50.68617697008924,52.381250659867895,2.80558679786013,4.500660487638783,1.5759056393484272,0.0,0.01710722502645723,0.026562377929685965
742,47.88534571591671,128,4416,91,6,1,5,49.377147373386755,256,1.1768035555555554,50.553950928942314,50.553950928942314,50.581484262275644,50.60297439985185,50.629327427195605,53.92880430385355,2.7439817112788916,6.04345858793684,1.4918016574700417,0.0,0.021490137576208213,0.026353027343752444
743,47.912460320689526,96,2048,86,7,0,3,51.16594752662206,0,0.5830328888888889,51.74898041551095,51.74898041551095,51.763358193288724,51.76370388618932,51.7900607500286,54.284711549104756,3.8776004293390756,6.37225122841523,3.2534872059325366,0.0,0.0003456929005949405,0.026356863839282596
744,47.923610283487136,128,4672,19,0,1,1,49.655331932991515,4224,0.14646044444444445,49.80179237743596,49.80179237743596,49.830747932991514,49.84671380166474,49.873224482817086,53.19585033570635,1.9496141993299503,5.272240052219217,1.7317216495043795,0.0,0.015965868673227135,0.026510681152345228
745,47.92819933042544,128,4224,95,1,0,,50.02685482543418,256,1.1228942222222222,51.1497490476564,51.1497490476564,51.176215714323064,51.180635165966294,51.20707845558683,54.52607690064359,3.2788791251613887,6.597877570218145,2.0986554950087353,0.0,0.004419451643229877,0.02644328962053777
746,47.95303861533226,160,1408,33,2,1,1,50.0364166588103,256,0.332224,50.3686406588103,50.3686406588103,50.379462881032524,50.38686934213571,50.41324006967477,54.57526602194652,2.46020145434251,6.6222274066142575,2.0833780434780422,0.0,0.007406461103187212,0.026370727539060113
747,47.96682883344973,160,4096,159,3,0,2,50.86317355896743,0,1.1580657777777779,52.02123933674521,52.02123933674521,52.046994892300766,52.055357011067,52.081784745442,56.25790283626231,4.1149559119922685,8.291074002812579,2.8963447255177,0.0,0.008362118766235938,0.026427734374998124
748,47.998951492619646,160,4288,115,4,0,4,50.227659041895535,4096,0.07419733333333334,50.301856375228866,50.301856375228866,50.32867859745109,50.342531907202854,50.36853971970285,54.52750040735506,2.369588227083206,6.528548914735417,2.2287075492758888,0.0,0.013853309751766574,0.02600781249999784
749,48.016094886883145,128,4480,83,5,1,1,50.61532958935532,256,1.1947733333333332,51.81010292268865,51.81010292268865,51.83799181157754,51.86498967353977,51.89215690986789,55.279394912875084,3.8760620229847476,7.2633000259919385,2.599234702472174,0.0,0.026997861962229308,0.027167236328125455
750,48.01710921245597,64,1024,24,6,1,3,50.553950928942314,768,0.08218311111111111,50.63613404005343,50.63613404005343,50.64482292894232,50.6556809428206,50.68192819623857,52.32612443821681,2.6648189837826024,4.309015225760838,2.536841716486343,0.0,0.010858013878284112,0.02624725341797074
751,48.01967696770623,64,4288,131,7,1,3,51.74898041551095,256,1.140864,52.88984441551095,52.88984441551095,52.91666663773317,52.92579954281135,52.95234895687385,54.59652745544776,4.932671989167616,6.576850487741531,3.7293034478047176,0.0,0.009132905078175213,0.026549414062500887
752,48.02313056943882,96,1408,81,0,1,6,49.80179237743596,1024,0.11889066666666667,49.920683044102624,49.920683044102624,49.93150526632485,49.95275945596162,49.97918040865259,52.46253266806312,1.9560498392137688,4.439402098624299,1.778661807997139,0.0,0.02125418963677106,0.026420952690969557
753,48.037698233439926,64,2048,93,1,0,,51.1497490476564,0,0.5830328888888889,51.73278193654529,51.73278193654529,51.74715971432306,51.7639279254529,51.790419066635934,53.43444220574186,3.7527208331960082,5.396743972301934,3.112050814216474,0.0,0.016768211129836175,0.02649114118303686
754,48.097334369596105,128,2176,118,2,0,,50.3686406588103,256,0.5478613333333333,50.91650199214363,50.91650199214363,50.93159088103252,50.94069489700076,50.967026781766386,54.287432735116155,2.8696924121702807,6.1900983655200505,2.271306289214195,0.0,0.00910401596824073,0.02633188476562509
755,48.098532674308565,128,896,80,3,1,4,52.02123933674521,256,0.1884657777777778,52.20970511452299,52.20970511452299,52.217682892300765,52.24036140559825,52.26654414485606,55.5948087281894,4.168011470547498,7.496276053880834,3.922706662436646,0.0,0.02267851329748538,0.02618273925781267
756,48.18818470499558,96,960,80,4,1,3,50.301856375228866,704,0.0819911111111111,50.383847486339974,50.383847486339974,50.39218081967331,50.3945480204841,50.42050771508637,52.893499284889465,2.232323010090795,4.705314579893887,2.1136716702332876,0.0,0.0023672008107951115,0.0259596946022711
757,48.20032086180366,64,4096,80,5,0,4,51.81010292268865,0,1.1580657777777779,52.96816870046643,52.96816870046643,52.993924256021984,53.006900073930396,53.03400407783665,54.70482096539245,4.833683216032988,6.504500103588789,3.6097820608849887,0.0,0.012975817908412068,0.02710400390625267
758,48.20609203665717,96,2368,98,6,1,5,50.63613404005343,256,0.6017706666666667,51.237904706720094,51.237904706720094,51.25406026227565,51.26050863418035,51.28688192519597,53.74842910854105,3.0807898885388028,5.542337071883885,2.4300420033962595,0.0,0.00644837190469616,0.02637329101562358
759,48.21465614716,128,256,108,7,0,,52.88984441551095,0,0.07987911111111111,52.96972352662206,52.96972352662206,52.974145748844286,52.9788988592176,53.005211684738434,56.30618105167793,4.7905555375784346,8.091524904517932,4.675188268350951,0.0,0.004753110373314939,0.026312825520832916
760,48.24165752558684,64,1216,133,0,1,1,49.920683044102624,256,0.27831466666666665,50.19899771076929,50.19899771076929,50.20875326632485,50.21699095552759,50.243333582480716,51.88973321848925,2.001676056893878,3.6480756929024096,1.679025518515786,0.0,0.008237689202744036,0.026342626953123727
761,48.244508252635555,96,1472,21,1,1,6,51.73278193654529,1088,0.11908266666666667,51.85186460321195,51.85186460321195,51.863042380989725,51.86965320912106,51.895931878205886,54.37014171997952,3.651423625570331,6.125633467343967,3.488273683909732,0.0,0.006610828131336177,0.026278669084824458
762,48.24547281530946,128,704,84,2,1,0,50.91650199214363,256,0.13455644444444445,51.05105843658807,51.05105843658807,51.05796954769918,51.07231869799902,51.09853573901465,54.41802739192419,2.8530629237051883,6.172554576614729,2.6710291768341676,0.0,0.014349150299842961,0.026217041015627274
763,48.25702507614396,96,1088,80,3,1,4,52.20970511452299,768,0.10015288888888889,52.309858003411875,52.309858003411875,52.31890244785632,52.31891108821544,52.344964701496686,54.83090511490815,4.087939625352725,6.573880038764187,3.952680038379029,0.0,8.64035911973815e-06,0.026053613281249
764,48.25739822029312,64,2048,83,4,0,5,50.383847486339974,0,0.5830328888888889,50.96688037522886,50.96688037522886,50.981258153006635,50.99173227119432,51.0176376911162,52.6574002597081,2.7602394708230804,4.400002039414979,2.126449266046855,0.0,0.010474118187687509,0.02590541992187667
765,48.297652124974206,96,1344,89,5,1,2,52.96816870046643,256,0.3142542222222222,53.28242292268865,53.28242292268865,53.29288958935532,53.3050709723679,53.3316959723679,55.82157426322851,5.034043847393697,7.5239221382543064,4.670516575492222,0.0,0.012181383012581648,0.026625000000002785
766,48.34129960455777,128,640,112,6,0,,51.237904706720094,256,0.11658666666666667,51.354491373386765,51.354491373386765,51.36104692894232,51.36605467910223,51.39229442519598,54.67404218023498,3.050994820638209,6.332742575677209,2.896605102162326,0.0,0.005007750159904845,0.026239746093750682
767,48.36950659421739,128,1152,80,7,1,3,52.96972352662206,512,0.18923377777777778,53.15895730439984,53.15895730439984,53.16835730439984,53.18941513525927,53.21562411963427,56.514326836183145,4.846117525416879,8.144820241965753,4.6002169324046704,0.0,0.021057830859426474,0.026208984375003297
768,48.37260525879776,128,1344,85,0,1,7,50.19899771076929,256,0.3142542222222222,50.513251932991516,50.513251932991516,50.52371859965818,50.533134705527594,50.55942026128044,53.86981313913828,2.1868150024826747,5.497207880340518,1.8263924519715289,0.0,0.009416105869412661,0.026285555752842527
769,48.375527591616965,128,896,88,1,1,7,51.85186460321195,512,0.11735466666666666,51.969219269878614,51.969219269878614,51.97719704765639,52.001051437357674,52.02722709653736,55.32730579119884,3.651699504920394,6.951778199581874,3.4763370115949854,0.0,0.023854389701284617,0.02617565917968534
770,48.39589192216667,160,4416,87,2,1,7,51.05105843658807,256,1.1768035555555554,52.22786199214363,52.22786199214363,52.25539532547696,52.27605236227855,52.302226434544174,56.47605806296214,3.906334512377505,8.08016614079547,2.6551665144214027,0.0,0.02065703680158748,0.026174072265625625
771,48.4061921739722,128,4672,35,3,1,6,52.309858003411875,256,1.2486826666666666,53.55854067007854,53.55854067007854,53.5874962256341,53.59532124446544,53.62165327571544,56.96812128864325,5.215461101743237,8.561929114671052,3.9036658294396744,0.0,0.007825018831340458,0.026332031249999943
772,48.47814220278861,128,4608,83,4,1,5,50.96688037522886,256,1.230712888888889,52.19759326411775,52.19759326411775,52.22619326411775,52.23836058685654,52.26458910248154,55.59923484745922,3.786446899692926,7.121092644670611,2.48873817244025,0.0,0.012167322738790176,0.02622851562500017
773,48.47986856562095,64,5248,7,5,1,6,53.28242292268865,4224,0.30818844444444443,53.5906113671331,53.5906113671331,53.622766922688655,53.6246031989304,53.651466968461655,55.30537660232821,5.171598402840708,6.825508036707262,4.802554357067706,0.0,0.0018362762417467593,0.026863769531253467
774,48.536471060695426,128,704,104,6,1,1,51.354491373386765,256,0.13455644444444445,51.48904781783121,51.48904781783121,51.495958928942315,51.49725829238348,51.523125479883475,54.80305579785651,2.9866544191880493,6.266584737161082,2.8180203126913383,0.0,0.0012993634411628818,0.025867187499997613
775,48.61057782227756,96,768,104,7,1,6,53.15895730439984,256,0.15252622222222223,53.31148352662206,53.31148352662206,53.31875019328873,53.32046493994677,53.34657181250536,55.81307635332723,4.735993990227797,7.20249853104967,4.548379482122279,0.0,0.0017147466580382797,0.026106872558592897
776,48.655468267508674,128,1216,101,0,1,1,50.513251932991516,256,0.27831466666666665,50.79156659965818,50.79156659965818,50.80132215521374,50.82121979075487,50.84732428294237,54.15538345163828,2.191856015433693,5.4999151841296054,1.8577836654828417,0.0,0.019897635541127556,0.026104492187499773
777,48.80920730777431,160,2176,114,1,0,,51.969219269878614,256,0.5478613333333333,52.517080603211944,52.517080603211944,52.532169492100834,52.55101593233535,52.57720324922988,56.702998643691394,3.767995941455574,7.893791335917086,3.1600119621043063,0.0,0.01884644023451898,0.02618731689452858
778,48.849260090304554,128,1216,93,2,0,,52.22786199214363,256,0.27831466666666665,52.5061766588103,52.5061766588103,52.515932214365854,52.5380174989973,52.56418327048167,55.89188311179027,3.7149231801771165,7.042623021485717,3.378601901839076,0.0,0.022085284631444324,0.026165771484372158
779,48.87686695084732,96,2240,70,3,1,6,53.55854067007854,256,0.5658311111111111,54.12437178118965,54.12437178118965,54.1398162256341,54.14839643977794,54.17468901790294,56.679139436429715,5.29782206705562,7.802272485582392,4.68167371923122,0.0,0.008580214143840692,0.026292578125001853
780,48.91868902386555,64,2432,82,4,0,4,52.19759326411775,2240,0.06862933333333333,52.26622259745108,52.26622259745108,52.2827337085622,52.29081810638779,52.317042349551855,53.97603374611374,3.3983533256863083,5.057344722248196,3.278904240252203,0.0,0.008084397825591338,0.026224243164065797
781,48.92636450424776,64,768,84,5,1,2,53.5906113671331,256,0.15252622222222223,53.74313758935532,53.74313758935532,53.75040425602199,53.75892692939915,53.78549489814915,55.43414125076571,4.8591303939013955,6.507776746517955,4.664246862885342,0.0,0.008522673377164836,0.026567968750001114
782,48.93602685010856,128,2368,106,6,1,0,51.48904781783121,256,0.6017706666666667,52.09081848449787,52.09081848449787,52.10697404005343,52.11848055800847,52.14443433405014,55.42572663858804,3.2084074839415777,6.489699788479477,2.553020967722645,0.0,0.011506517955041318,0.02595377604166771
783,48.936171205236256,160,896,20,7,1,5,53.31148352662206,256,0.1884657777777778,53.49994930439984,53.49994930439984,53.507927082177616,53.52933359229052,53.555369562342605,57.68299115154308,4.619198357106349,8.746819946306822,4.375312321385806,0.0,0.02140651011290373,0.026035970052085133
784,48.94643584379146,128,1216,80,0,1,7,50.79156659965818,256,0.27831466666666665,51.06988126632485,51.06988126632485,51.079636821880406,51.08228668528612,51.108353091536124,54.41404878366953,2.161917247744661,5.467612939878066,1.8451307558667196,0.0,0.002649863405714825,0.02606640625000267
785,48.97238319277599,160,832,84,1,1,5,52.517080603211944,256,0.170496,52.687576603211944,52.687576603211944,52.69519882543417,52.70814715792129,52.734250293771986,56.858730577285144,3.7618671009959925,7.8863473845091505,3.544697410435951,0.0,0.01294833248712024,0.0261031358506969
786,48.98866161192518,64,4352,115,2,1,4,52.5061766588103,256,1.1588337777777777,53.66501043658808,53.66501043658808,53.692188214365856,53.712958221653544,53.73915499899729,55.390232005019435,4.750493387072112,6.401570393094254,3.5175150468851157,0.0,0.02077000728768752,0.026196777343749034
787,49.01162413535734,160,1472,81,3,1,0,54.12437178118965,256,0.35019377777777777,54.47456555896743,54.47456555896743,54.4857433367452,54.49023804134044,54.516440271158146,58.6861942285614,5.504816135800809,9.67457009320406,5.1127476458323144,0.0,0.004494704595238375,0.026202229817705813
788,49.0633457727969,160,1280,80,4,1,0,52.26622259745108,832,0.13628444444444446,52.402507041895525,52.402507041895525,52.41261815300663,52.4219442050206,52.448104035749765,56.61339190150274,3.3847582629528645,7.550046128705837,3.202876824654183,0.0,0.009326052013967967,0.026159830729163502
789,49.13003992714849,160,512,89,5,0,5,53.74313758935532,0,0.15175822222222224,53.89489581157754,53.89489581157754,53.90074025602198,53.91834206611791,53.944692814815824,58.085876603543625,4.814652887667336,8.955836676395137,4.613097662206833,0.0,0.01760181009592543,0.026350748697915094
790,49.13650652392404,160,1152,149,6,0,,52.09081848449787,256,0.2603448888888889,52.35116337338676,52.35116337338676,52.36056337338676,52.378210863998056,52.40417456842514,56.513635473272785,3.2676680445011,7.377128949348744,2.9543119605738326,0.0,0.01764749061129578,0.025963704427084622
791,49.15124258393691,160,4672,83,7,1,4,53.49994930439984,4224,0.14646044444444445,53.646409748844285,53.646409748844285,53.67536530439984,53.68541505387906,53.71146605214295,57.841576600761826,4.56022346820604,8.690334016824913,4.348706720462928,0.0,0.010049749479222214,0.02605099826389079
792,49.15847784721412,160,1408,129,0,1,1,51.06988126632485,256,0.332224,51.402105266324845,51.402105266324845,51.41292748854707,51.42108356028612,51.447115502017894,55.58382782826589,2.2886376548037717,6.425349981051767,1.9114034191107265,0.0,0.00815607173905164,0.026031941731773145
793,49.17596287896764,128,4352,131,1,1,7,52.687576603211944,256,1.1588337777777777,53.846410380989724,53.846410380989724,53.873588158767504,53.8749259297002,53.901013959834124,57.19641319447264,4.725051080866486,8.020450315505002,3.511613724244306,0.0,0.0013377709326931608,0.02608803013392702
794,49.19799106073488,64,256,80,2,0,4,53.66501043658808,0,0.07987911111111111,53.74488954769919,53.74488954769919,53.74931176992141,53.765352264622294,53.79139676797051,55.442482883925685,4.5934057072356325,6.244491823190806,4.467019375853198,0.0,0.016040494700881425,0.026044503348217063
795,49.20388866094606,96,4096,80,3,0,4,54.47456555896743,0,1.1580657777777779,55.632631336745206,55.632631336745206,55.65838689230076,55.6744932985019,55.7011432985019,58.19453558365813,6.497254637555834,8.990646922712067,5.270676898021364,0.0,0.016106406201139123,0.02664999999999651
796,49.207109361151055,96,2240,114,4,1,1,52.402507041895525,256,0.5658311111111111,52.968338153006634,52.968338153006634,52.98378259745108,52.99945846457697,53.02588326926447,55.52078019251131,3.818773908113414,6.313670831360255,3.1953976807444704,0.0,0.015675867125885645,0.02642480468750108
797,49.21734677054206,160,896,84,5,1,1,53.89489581157754,640,0.0817991111111111,53.97669492268865,53.97669492268865,53.984672700466426,53.99739577705541,54.02361731723398,58.164408524930344,4.80627054669192,8.947061754388287,4.677549041035483,0.0,0.012723076588983417,0.026221540178568148
798,49.22903187813381,160,2432,34,6,1,3,52.35116337338676,2112,0.10418488888888888,52.45534826227565,52.45534826227565,52.47185937338676,52.48206861139389,52.50806596072425,56.61750454287506,3.2790340825904423,7.388472664741251,3.122131495252951,0.0,0.010209238007128363,0.025997349330360464
799,49.268055934853294,64,4288,107,7,1,6,53.646409748844285,256,1.140864,54.787273748844285,54.787273748844285,54.81409597106651,54.828563099979014,54.85456554138526,56.48842563175606,5.586509606531969,7.220369696902765,4.378353813990991,0.0,0.014467128912507121,0.026002441406248522
800,49.28815602691345,64,4224,75,0,0,,51.402105266324845,256,1.1228942222222222,52.52499948854707,52.52499948854707,52.55146615521373,52.566987048643476,52.59322032501066,54.23343032663828,3.3050642980972142,4.945274299724829,2.1139492394113972,0.0,0.015520893429744831,0.02623327636718642
801,49.328089609119594,64,1280,137,1,1,6,53.846410380989724,256,0.29628444444444446,54.14269482543417,54.14269482543417,54.15280593654528,54.16192111664216,54.187955967716384,55.82011047869884,4.85986635859679,6.4920208695792425,4.51832077187013,0.0,0.009115180096884501,0.026034851074221876
802,49.329534525917,64,3200,2,2,1,0,53.74488954769919,3072,0.05315555555555555,53.79804510325474,53.79804510325474,53.818822881032524,53.84348723951069,53.86959777417866,55.521590305800686,4.54006324826166,6.192055779883688,4.41535502178219,0.0,0.024664358478162285,0.026110534667971308
803,49.35176370974958,128,1536,81,3,0,3,55.632631336745206,1344,0.06594133333333334,55.69857267007854,55.69857267007854,55.71010600341187,55.727793786783145,55.754294600585226,59.073355671393735,6.402530890835649,9.721591961644158,6.280867626995629,0.0,0.017687783371272303,0.02650081380208036
804,49.35390275230708,96,2048,88,4,0,1,52.968338153006634,0,0.5830328888888889,53.55137104189552,53.55137104189552,53.565748819673296,53.58091696067072,53.607290286563575,56.09321367109599,4.253387534256497,6.7393109187889095,3.6144354006995556,0.0,0.015168140997424473,0.026373325892855348
805,49.359346750223175,64,512,70,5,0,3,53.97669492268865,0,0.15175822222222224,54.12845314491087,54.12845314491087,54.13429758935531,54.15473234234558,54.18083500347839,55.82157426322851,4.821488253255218,6.462227513005338,4.617348172465476,0.0,0.02043475299026909,0.026102661132810567
806,49.370096902891675,160,1408,85,6,1,0,52.45534826227565,1024,0.11889066666666667,52.574238928942314,52.574238928942314,52.58506115116454,52.586060938402824,52.61202126555126,56.721200654380745,3.2419243626595886,7.35110375148907,3.0852513593839745,0.0,0.0009997872382854212,0.025960327148439433
807,49.37534502268884,96,960,84,7,1,5,54.787273748844285,256,0.20643555555555557,54.99370930439984,54.99370930439984,55.002042637733176,55.010590443729015,55.0365195731933,57.50024871118315,5.661174550504462,8.124903688494307,5.411928726155445,0.0,0.008547805995839042,0.025929129464287826
808,49.46442907182734,128,2240,90,0,1,4,52.52499948854707,256,0.5658311111111111,53.090830599658176,53.090830599658176,53.106275044102624,53.11741413778969,53.143588698336565,56.446176509061004,3.6791596265092252,6.981747437233665,3.0605704167197274,0.0,0.01113909368706345,0.0261745605468775
809,49.48073675703463,160,1024,84,1,1,7,54.14269482543417,704,0.09996088888888889,54.24265571432306,54.24265571432306,54.25134460321195,54.26611997790053,54.29213914293959,58.41074820714471,4.811402385904962,8.93001145011008,4.661958068399542,0.0,0.014775374688582588,0.026019165039059544
810,49.56795167583292,128,2048,83,2,0,7,53.79804510325474,0,0.5830328888888889,54.38107799214363,54.38107799214363,54.395455769921405,54.41802739192419,54.44423260955812,57.776793561009015,4.876280933725198,8.208841885176092,4.230093427421821,0.0,0.022571622002786285,0.02620521763392958
811,49.58751819513482,64,2240,42,3,0,,55.69857267007854,256,0.5658311111111111,56.26440378118965,56.26440378118965,56.2798482256341,56.28429990657481,56.31064683040293,57.959664815428965,6.723128635268111,8.372146620294146,6.111054474943721,0.0,0.0044516809407113556,0.02634692382812176
812,49.593626905083156,96,2496,86,4,1,3,53.55137104189552,2048,0.13993244444444444,53.69130348633997,53.69130348633997,53.708170153006634,53.7127884729475,53.73914461308422,56.223218065627236,4.145517708001066,6.629591160544081,3.957744136812366,0.0,0.004618319940867366,0.02635614013671983
813,49.62385676681802,160,4800,83,5,1,7,54.12845314491087,4352,0.14684444444444444,54.27529758935532,54.27529758935532,54.30496425602198,54.3113556333612,54.3375987974237,58.479716142117844,4.71374203060568,8.855859375299822,4.504596378092849,0.0,0.006391377339220128,0.026243164062499602
814,49.65851434529505,64,832,64,6,1,4,52.574238928942314,256,0.170496,52.744734928942314,52.744734928942314,52.75235715116454,52.76779348234813,52.79369528356341,54.416907889233016,3.1351809382683555,4.758393543937963,2.915724583647261,0.0,0.015436331183593666,0.02590180121527652
815,49.659653578363546,96,1472,80,7,1,4,54.99370930439984,1024,0.13686044444444445,55.13056974884429,55.13056974884429,55.14174752662206,55.16617254473348,55.19207794024129,57.65677623803862,5.5324243618777444,7.997122659675071,5.334055726036297,0.0,0.024425018111415397,0.02590539550781301
816,49.666425741766375,160,768,128,0,0,0,53.090830599658176,576,0.06363733333333334,53.15446793299151,53.15446793299151,53.161734599658175,53.16976374716469,53.19585033570635,57.33037155915251,3.5294245939399786,7.663945817386136,3.424404857891801,0.0,0.008029147506512402,0.026086588541666345
817,49.67059377117136,128,1024,88,1,0,1,54.24265571432306,768,0.08218311111111111,54.32483882543417,54.32483882543417,54.33352771432306,54.344178937861464,54.37014171997952,57.66119530710285,4.69954794880816,7.990601535931489,4.572061943151695,0.0,0.010651223538403087,0.025962782118057248
818,49.70774276488441,64,4096,86,2,0,4,54.38107799214363,0,1.1580657777777779,55.53914376992141,55.53914376992141,55.564899325476965,55.57418193991527,55.60065435202465,57.25899595358714,5.89291158714024,7.551253188702731,4.673335227259223,0.0,0.009282614438305359,0.026472412109377785
819,49.71251517403991,160,1280,93,3,1,2,56.26440378118965,256,0.29628444444444446,56.560688225634095,56.560688225634095,56.5707993367452,56.57414292415293,56.60039131980025,60.72914132270667,6.887876145760345,11.01662614866676,6.551888607149742,0.0,0.003343587407727,0.026248395647321843
820,49.739013825658844,96,1536,80,4,1,7,53.69130348633997,1152,0.11927466666666667,53.81057815300664,53.81057815300664,53.82211148633997,53.8445740564436,53.87086501781513,56.35308839982863,4.131851192156283,6.614074574169784,3.9522896606811244,0.0,0.0224625701036274,0.02629096137152942
821,49.76368009616888,128,1600,80,5,1,4,54.27529758935532,640,0.2794666666666667,54.55476425602198,54.55476425602198,54.56665314491087,54.573809246642455,54.60001061382995,57.90331263869988,4.836330517661068,8.139632542530997,4.511617493186435,0.0,0.007156101731581543,0.02620136718749677
822,49.78914019699244,64,1664,4,6,0,6,52.744734928942314,1536,0.04854755555555555,52.79328248449787,52.79328248449787,52.805526928942314,52.81959757305994,52.84549132305994,54.46833701333157,3.056351126067497,4.679196816339129,2.9555947319498728,0.0,0.014070644117623488,0.025893750000001603
823,49.873842561928754,160,1088,88,7,1,1,55.13056974884429,704,0.11793066666666667,55.248500415510954,55.248500415510954,55.257544859955395,55.26979705645223,55.29566261634806,59.442350795097774,5.421820054419307,9.56850823316902,5.256727186915533,0.0,0.012252196496831402,0.025865559895834167
824,49.89071271100819,96,2240,102,0,1,6,53.15446793299151,256,0.5658311111111111,53.72029904410262,53.72029904410262,53.735743488547065,53.74017782419687,53.766103910622654,56.23799353774629,3.8753911996144623,6.3472808267381,3.263755221983317,0.0,0.004434335649804666,0.02592608642578398
825,49.89810036223583,128,2048,131,1,0,1,54.32483882543417,0,0.5830328888888889,54.90787171432306,54.90787171432306,54.92224949210083,54.93939777117931,54.96525488787853,58.25577422555988,5.0671545256426995,8.357673863324052,4.42673846319834,0.0,0.01714827907847649,0.025857116699221194
826,49.939090429558476,128,2240,66,2,1,5,55.53914376992141,256,0.5658311111111111,56.10497488103252,56.10497488103252,56.120419325476966,56.13267119772777,56.15926214011058,59.470709527805894,6.220171710552101,9.531619098247418,5.600053340362933,0.0,0.012251872250800488,0.026590942382810567
827,49.951870848880716,128,4416,115,3,1,2,56.560688225634095,256,1.1768035555555554,57.737491781189654,57.737491781189654,57.765025114522984,57.77621015583075,57.8024655269245,61.09422620226396,7.850594678043784,11.142355353383245,6.608817376753379,0.0,0.011185041307768984,0.02625537109374676
828,49.95551127665037,96,832,100,4,1,0,53.81057815300664,256,0.170496,53.98107415300664,53.98107415300664,53.98869637522886,54.002336480488744,54.02854003951652,56.50908290666457,4.0730287628661515,6.553571630014197,3.8550668763562683,0.0,0.013640105259881352,0.0262035590277776
829,49.98007357989868,160,4480,87,5,1,2,54.55476425602198,256,1.1947733333333332,55.74953758935531,55.74953758935531,55.7774264782442,55.79555954503655,55.82157426322851,59.97410456752707,5.8415006833298335,9.994030987628392,4.5746906761233035,0.0,0.01813306679234472,0.026014718191966324
830,50.00511759718046,64,768,48,6,1,1,52.79328248449787,256,0.15252622222222223,52.94580870672009,52.94580870672009,52.95307537338676,52.97496739727869,53.000816651540056,54.62257187661282,2.995699054359598,4.6174542794323585,2.7881648873174143,0.0,0.02189202389192957,0.02584925426136664
831,50.02568423202577,128,2496,82,7,1,4,55.248500415510954,256,0.6377102222222223,55.88621063773318,55.88621063773318,55.903077304399844,55.91680950762411,55.94277559920397,59.25870333416027,5.917091367178202,9.233019102134506,5.222816183485186,0.0,0.01373220322426505,0.025966091579860517
832,50.057026216618254,96,4480,91,0,1,6,53.72029904410262,256,1.1947733333333332,54.91507237743595,54.91507237743595,54.942961266324836,54.95682649363047,54.982945536599225,57.46041957347543,4.92591931998097,7.403393356857173,3.663272827484363,0.0,0.013865227305636552,0.02611904296875167
833,50.1563327356576,160,2304,90,1,1,0,54.90787171432306,256,0.5838008888888889,55.491672603211946,55.491672603211946,55.507472603211944,55.50873157244884,55.53467712908946,59.66315051601748,5.37834439343186,9.506817780359881,4.751538978665458,0.0,0.0012589692368933925,0.025945556640621703
834,50.161269762840774,160,1088,32,2,0,2,56.10497488103252,896,0.06459733333333334,56.16957221436585,56.16957221436585,56.17861665881029,56.18585357077464,56.21223335593089,60.364109169732984,6.050963593090117,10.20283940689221,5.943705118191744,0.0,0.0072369119643482804,0.0263797851562515
835,50.2018897695031,96,1344,145,3,1,0,57.737491781189654,1088,0.0831431111111111,57.82063489230077,57.82063489230077,57.83110155896743,57.85497773395575,57.881148771902176,60.33864091580563,7.679259002399078,10.13675114630253,7.5356020116865565,0.0,0.023876174988316734,0.026171037946426168
836,50.21209167459001,96,4352,51,4,1,6,53.98107415300664,4096,0.0921671111111111,54.07324126411775,54.07324126411775,54.10041904189553,54.10715364628735,54.13345110722485,56.61339190150274,3.921359432634837,6.401300226912724,3.768982478416625,0.0,0.0067346043918234955,0.026297460937499295
837,50.24510293979344,64,704,112,5,1,6,55.74953758935531,256,0.13455644444444445,55.884094033799755,55.884094033799755,55.891005144910864,55.90024897025976,55.92632782768163,57.56464736881352,5.681224887888192,7.319544429020077,5.504434649561873,0.0,0.00924382534889645,0.026078857421872215
838,50.25470072861112,64,832,104,6,1,7,52.94580870672009,576,0.0816071111111111,53.027415817831205,53.027415817831205,53.03503804005343,53.05251662490653,53.078330304919554,54.69981415289123,2.8236295763084343,4.445113424280109,2.691107978108974,0.0,0.01747858485310161,0.025813680013023088
839,50.25607149679002,64,1664,80,7,1,5,55.88621063773318,1344,0.10188088888888888,55.988091526622064,55.988091526622064,56.000335971066505,56.020676803631055,56.04662929386543,57.68299115154308,5.790557797075408,7.426919654753057,5.630139140943157,0.0,0.02034083256454977,0.02595249023437418
840,50.268529031200224,96,2432,98,0,1,6,54.91507237743595,256,0.6197404444444444,55.534812821880394,55.534812821880394,55.55132393299151,55.557688017067974,55.58382782826589,58.05624086253792,5.315298797065665,7.787711831337695,4.646543346235724,0.0,0.00636408407646627,0.026139811197914753
841,50.28870891412663,64,1664,80,1,1,7,55.491672603211946,256,0.40410311111111114,55.89577571432306,55.89577571432306,55.9080201587675,55.92408773874348,55.95006039499348,57.58375504017577,5.661351480866848,7.295046126049137,5.2029636890853155,0.0,0.016067579975981516,0.025972656249997783
842,50.32415514496421,96,1472,85,2,1,6,56.16957221436585,256,0.35019377777777777,56.519765992143626,56.519765992143626,56.5309437699214,56.55457808249339,56.58066128561839,59.052905621555894,6.2565061406541815,8.728750476591685,5.845417069401641,0.0,0.023634312571992666,0.026083203124997567
843,50.34853072470141,160,832,128,3,1,0,57.82063489230077,256,0.170496,57.99113089230077,57.99113089230077,57.99875311452299,58.01202728287688,58.03809843243045,62.16167748845877,7.68956770772904,11.81314676375736,7.472104167599355,0.0,0.013274168353888172,0.026071149553573036
844,50.39321259985566,64,1088,84,4,1,1,54.07324126411775,256,0.2423751111111111,54.315616375228856,54.315616375228856,54.3246608196733,54.34387037805819,54.37010177454257,56.015204083027804,3.97688917468691,5.621991483172145,3.680028664262089,0.0,0.01920955838489391,0.026231396484377
845,50.40287922827709,64,1664,80,5,1,1,55.884094033799755,1472,0.06632533333333333,55.95041936713309,55.95041936713309,55.96266381157753,55.97848700736913,56.0045290693111,57.64278383010613,5.6016498410340105,7.239904601829046,5.481214805522669,0.0,0.015823195791604405,0.02604206194196479
846,50.41844427635936,128,256,81,6,0,3,53.027415817831205,0,0.07987911111111111,53.107294928942316,53.107294928942316,53.11171715116454,53.12995912978934,53.15572118658021,56.435754791454606,2.7372769102208494,6.017310515095247,2.6089715414718455,0.0,0.01824197862480048,0.025762056790867405
847,50.451430193231715,160,1664,81,7,1,3,55.988091526622064,256,0.40410311111111114,56.392194637733176,56.392194637733176,56.40443908217762,56.410357809490435,56.43637992863106,60.60820677538051,5.984949735399347,10.156776582148794,5.536661333390349,0.0,0.005918727312817396,0.026022119140627353
848,50.5211279888364,64,3200,2,0,1,2,55.534812821880394,3072,0.05315555555555555,55.58796837743595,55.58796837743595,55.60874615521373,55.61004306264089,55.6363165815211,57.27844123313088,5.115188592684703,6.75731324429448,5.013684833043996,0.0,0.0012969074271609315,0.02627351888020968
849,50.52488853943762,128,1664,80,1,1,5,55.89577571432306,1536,0.04854755555555555,55.944323269878616,55.944323269878616,55.95656771432306,55.97603353952473,56.001989268691396,59.297200425336676,5.4771007292537774,8.772311885899057,5.370887174885439,0.0,0.01946582520167084,0.025955729166668107
850,50.55194557255088,128,4096,80,2,0,1,56.519765992143626,0,1.1580657777777779,57.677831769921404,57.677831769921404,57.70358732547696,57.72459873679026,57.75069590475901,61.078043544732985,7.198750332208135,10.526097972182107,5.967820419592748,0.0,0.021011411313303086,0.026097167968750057
851,50.56672521415997,160,1280,141,3,1,2,57.99113089230077,256,0.29628444444444446,58.28741533674521,58.28741533674521,58.29752644785632,58.298188578449796,58.32406169507926,62.44798010657633,7.757336480919285,11.881254892416358,7.424405678140793,0.0,0.0006621305934757515,0.025873116629462345
852,50.581945300769696,96,2304,102,4,1,0,54.315616375228856,256,0.5838008888888889,54.899417264117744,54.899417264117744,54.91521726411774,54.91951212610506,54.945648844855064,57.41695491574815,4.363703544085368,6.835009614978453,3.73367107445916,0.0,0.004294861987318654,0.026136718750002785
853,50.657168750144926,128,1216,149,5,1,6,55.95041936713309,256,0.27831466666666665,56.22873403379975,56.22873403379975,56.23848958935531,56.23892959944503,56.26491989485518,59.57890193313347,5.607751144710257,8.921733182988547,5.293250616988161,0.0,0.0004400100897186121,0.025990295410153408
854,50.69809007356895,96,2240,110,6,1,5,53.107294928942316,256,0.5658311111111111,53.673126040053425,53.673126040053425,53.68857048449787,53.696837172157124,53.72263289620847,56.17676037339707,3.0245428226395177,5.478670299828124,2.4092048553733676,0.0,0.008266687659251204,0.025795724051342006
855,50.699059726479874,160,4352,123,7,1,5,56.392194637733176,256,1.1588337777777777,57.551028415510956,57.551028415510956,57.578206193288736,57.578302910401895,57.60446019799955,61.799874657324956,6.905400471519677,11.100814930845083,5.693134911253303,0.0,9.671711315917264e-05,0.026157287597655454
856,50.73692163839356,96,1664,80,0,1,1,55.58796837743595,1088,0.172992,55.76096037743595,55.76096037743595,55.77320482188039,55.7939679487086,55.82017853743628,58.289041575724475,5.083256899042716,7.5521199373309145,4.851046739042388,0.0,0.020763126828207135,0.026210588727678896
857,50.74425429381217,160,2048,94,1,0,3,55.944323269878616,0,0.5830328888888889,56.5273561587675,56.5273561587675,56.54173393654528,56.54717237416015,56.573142198378896,60.70866709045324,5.828887904566727,9.96441279664107,5.200068976066447,0.0,0.005438437614870395,0.025969824218748272
858,50.78082652046038,96,1536,85,2,0,2,57.677831769921404,1344,0.06594133333333334,57.74377310325474,57.74377310325474,57.75530643658807,57.776793561009015,57.80282920554026,60.28508202129548,7.022002685079883,9.5042555008351,6.897005249461024,0.0,0.02148712442094336,0.02603564453124818
859,50.82525758019362,96,1216,49,3,1,0,58.28741533674521,256,0.27831466666666665,58.56573000341188,58.56573000341188,58.575485558967436,58.58281971684265,58.608662612350464,61.06809314562334,7.783405032156843,10.242835565429715,7.462157756551591,0.0,0.007334157875213521,0.02584289550781449
860,50.844093305558694,160,2496,34,4,1,6,54.899417264117744,256,0.6377102222222223,55.53712748633997,55.53712748633997,55.553994153006634,55.573078206834225,55.59923484745922,59.72472772348511,4.755141541900528,8.880634417926416,4.05532395855905,0.0,0.019084053827590708,0.026156640624996896
861,50.88823137757915,64,2432,122,5,1,4,56.22873403379975,256,0.6197404444444444,56.8484744782442,56.8484744782442,56.864985589355314,56.88883346907393,56.914856526799625,58.55798249953972,6.026625149220472,7.669751121960566,5.3405026562206,0.0,0.023847879718616127,0.026023057725694798
862,50.89750433733552,64,1216,105,6,0,6,53.673126040053425,1024,0.06498133333333334,53.73810737338676,53.73810737338676,53.74786292894232,53.74842910854105,53.774182282369175,55.39976106241616,2.8766779450336557,4.502256725080642,2.775621702717906,0.0,0.0005661795987350615,0.02575317382812159
863,50.913296062153826,64,1216,109,7,1,5,57.551028415510956,256,0.27831466666666665,57.82934308217762,57.82934308217762,57.83909863773318,57.841576600761826,57.867656092949325,59.52137813884777,6.954360030795499,8.608082076693947,6.63773235335713,0.0,0.002477963028646002,0.026079492187498943
864,50.915138385820484,128,512,143,0,0,5,55.76096037743595,0,0.15175822222222224,55.91271859965817,55.91271859965817,55.91856304410261,55.92502577515949,55.951118426526676,59.247497933843896,5.0359800407061925,8.332359548023412,4.845821991615466,0.0,0.006462731056878113,0.026092651367186193
865,50.940908938325606,64,1280,149,1,1,5,56.5273561587675,256,0.29628444444444446,56.82364060321195,56.82364060321195,56.83375171432306,56.858730577285144,56.88470323353514,58.51424234776971,5.9437942952095355,7.573333409444103,5.586447220441897,0.0,0.024978862962086623,0.025972656249997783
866,50.98106737332379,96,2048,81,2,0,7,57.74377310325474,0,0.5830328888888889,58.326805992143626,58.326805992143626,58.3411837699214,58.34969053366527,58.37572918926423,60.866195888482984,7.394661815940438,9.885128515159195,6.76270572993095,0.0,0.00850676374386694,0.026038655598959792
867,51.080249465550544,96,832,92,3,1,7,58.56573000341188,256,0.170496,58.73622600341188,58.73622600341188,58.7438482256341,58.76375079943193,58.78954810167802,61.2500991881038,7.709298636127478,10.16984972255326,7.485480537861335,0.0,0.019902573797828893,0.025797302246090226
868,51.12905992017934,64,1664,80,4,1,0,55.53712748633997,1408,0.0841031111111111,55.62123059745108,55.62123059745108,55.63347504189552,55.65129284442103,55.67730085223353,57.313391656199535,4.548240932054192,6.184331736020198,4.408067566160632,0.0,0.017817802525506465,0.02600800781250001
869,51.14867713867643,96,1280,16,5,1,1,56.8484744782442,1024,0.0829511111111111,56.931425589355314,56.931425589355314,56.94153670046642,56.96690410709476,56.992888677407265,59.473875891466804,5.844211538730832,8.32519875279037,5.699797339567766,0.0,0.025367406628340916,0.025984570312502342
870,51.15846099118654,64,2496,98,6,1,0,53.73810737338676,2240,0.0865991111111111,53.824706484497874,53.824706484497874,53.84157315116454,53.85144473354105,53.8772307686973,55.50354206827554,2.718769777510765,4.345081077089006,2.579646382200224,0.0,0.009871582376511867,0.02578603515625133
871,51.17084868496494,128,4672,39,7,1,3,57.82934308217762,4288,0.12868266666666667,57.95802574884429,57.95802574884429,57.98698130439985,57.998060878105576,58.02434310466808,61.378016258887456,6.853494419703139,10.207167573922518,6.658494397212685,0.0,0.011079573705728762,0.026282226562500455
872,51.1711289999362,128,1792,81,0,1,7,55.91271859965817,1280,0.15559822222222222,56.068316821880394,56.068316821880394,56.08127237743595,56.081589007581364,56.10766007962997,59.404571176031396,4.936531079693772,8.233442176095195,4.741589599721969,0.0,0.0003166301454129439,0.026071072048608812
873,51.177896373445385,160,1856,81,1,1,0,56.82364060321195,256,0.45801244444444444,57.28165304765639,57.28165304765639,57.2949641587675,57.299727891738264,57.325566270644515,61.46803013337548,6.14766989719913,10.290133759930093,5.645744229766564,0.0,0.0047637329707654885,0.025838378906250625
874,51.23811868725931,160,4096,89,2,0,5,58.326805992143626,0,1.1580657777777779,59.484871769921405,59.484871769921405,59.51062732547696,59.52292412741527,59.549210553196524,63.737051219467915,8.311091865937215,12.498932532208606,7.088687304884317,0.0,0.012296801938312285,0.026286425781250955
875,51.266713393591324,128,1664,80,3,1,4,58.73622600341188,960,0.20854755555555557,58.944773558967434,58.944773558967434,58.957018003411875,58.97014288927568,58.995945352383316,62.291646447722165,7.729231958791992,11.024933054130841,7.469512609820555,0.0,0.013124885863803115,0.02580246310763812
876,51.33198449791308,96,1664,80,4,1,3,55.62123059745108,1536,0.04854755555555555,55.66977815300664,55.66977815300664,55.68202259745108,55.70330934832728,55.72930047048637,58.1929587983239,4.397315972573288,6.860974300410817,4.289246099537998,0.0,0.021286750876200244,0.025991122159091162
877,51.33988892511455,96,1920,81,5,1,1,56.931425589355314,256,0.4759822222222222,57.407407811577535,57.407407811577535,57.4210744782442,57.434701079751015,57.460689361001016,59.94775943406353,6.120800435886466,8.607870508948977,5.591536664240763,0.0,0.013626601506814495,0.025988281250000966
878,51.37873629621135,160,4096,86,6,0,4,53.824706484497874,0,1.1580657777777779,54.98277226227565,54.98277226227565,55.00852781783121,55.009967907231506,55.03596009473151,59.1817428802457,3.6572237985201568,7.80300658403435,2.4459701882865232,0.0,0.001440089400297495,0.025992187500001762
879,51.38821143867219,96,2560,98,7,1,6,57.95802574884429,256,0.65568,58.61370574884429,58.61370574884429,58.63092797106651,58.65526302654308,58.681551112480584,61.19272931227287,7.293339673808397,9.80451787360068,6.569814310172106,0.0,0.024335055476569778,0.02628808593750165
880,51.39482616756484,128,1600,85,0,1,2,56.068316821880394,1216,0.11946666666666667,56.18778348854706,56.18778348854706,56.19967237743595,56.21194925063692,56.23799353774629,59.535722054937644,4.843167370181455,8.140895887372807,4.673490654315557,0.0,0.012276873200967486,0.026044287109371567
881,51.40060705274057,128,1152,84,1,1,4,57.28165304765639,896,0.0825671111111111,57.3642201587675,57.3642201587675,57.3736201587675,57.377244493300765,57.40305660267577,60.70866709045324,6.0024495499352,9.308060037712671,5.881045994915823,0.0,0.0036243345332636068,0.025812109375003445
882,51.42740717570847,64,2048,30,2,0,2,59.484871769921405,0,0.5830328888888889,60.06790465881029,60.06790465881029,60.082282436588066,60.10133828757152,60.12758592754548,61.78457440875829,8.700178751837015,10.357167233049822,8.057464594212938,0.0,0.01905585098345597,0.026247639973959735
883,51.53083249781549,64,4864,83,3,1,5,58.944773558967434,256,1.302592,60.24736555896743,60.24736555896743,60.27738778118965,60.28664357422577,60.31264200087507,61.95426098455252,8.781809503059584,10.42342848673703,7.413941061151945,0.0,0.00925579303611812,0.025998426649302075
884,51.60034824619686,128,1280,101,4,1,0,55.66977815300664,256,0.29628444444444446,55.966062597451085,55.966062597451085,55.97617370856219,55.98923854754603,56.015204083027804,59.30697005049404,4.414855836830945,7.706621804297178,4.069429906809781,0.0,0.013064838983837035,0.025965535481773827
885,51.64900515179723,96,1664,85,5,1,0,57.407407811577535,1088,0.172992,57.580399811577536,57.580399811577536,57.59264425602198,57.61675244693852,57.64278383010613,60.13108161830832,5.9937786783088995,8.482076466511089,5.758402659780302,0.0,0.024108190916543037,0.026031383167612887
886,51.64903113003861,64,1984,81,6,1,5,54.98277226227565,1216,0.22728533333333337,55.21005759560899,55.21005759560899,55.22407981783121,55.243915172856504,55.26990897168463,56.902799384849494,3.6208778416460206,5.253768254810886,3.3337411322370443,0.0,0.01983535502529321,0.025993798828125136
887,51.659928873255936,160,1664,80,7,1,4,58.61370574884429,1536,0.04854755555555555,58.66225330439985,58.66225330439985,58.67449774884429,58.681551112480584,58.70778017742199,62.90498537509839,7.047851304166052,11.245056501842456,6.953776875588353,0.0,0.007053363636295273,0.02622906494140409
888,51.683519276901905,96,1664,80,0,1,7,56.18778348854706,1536,0.04854755555555555,56.23633104410262,56.23633104410262,56.24857548854706,56.26402766318032,56.290040065524074,58.754551637805946,4.60652078862217,7.0710323609040415,4.5042642116451574,0.0,0.01545217463326054,0.026012402343752683
889,51.70675950723605,96,4352,107,1,1,7,57.3642201587675,256,1.1588337777777777,58.52305393654528,58.52305393654528,58.55023171432306,58.56607975011346,58.592200111441585,61.07632240458084,6.8854406042055345,9.369562897344792,5.657460651531451,0.0,0.015848035790398285,0.02612036132812534
890,51.70857911814285,64,1664,80,2,1,0,60.06790465881029,256,0.40410311111111114,60.472007769921404,60.472007769921404,60.484252214365846,60.496748329889236,60.52313426738924,62.17749595242458,8.814555149246388,10.468916834281728,8.359325540667442,0.0,0.012496115523390472,0.0263859375000024
891,51.74474399188882,64,1536,89,3,1,5,60.24736555896743,256,0.3681635555555556,60.615529114522985,60.615529114522985,60.62706244785632,60.6511103982275,60.677120218105976,62.317661747201335,8.932376226217158,10.572917755312517,8.502621567078613,0.0,0.0240479503711839,0.026009819878474616
892,51.7459360841048,128,2048,85,4,0,5,55.966062597451085,0,0.5830328888888889,56.54909548633997,56.54909548633997,56.56347326411775,56.58732146693242,56.61339190150274,59.907669292495534,4.867455817397939,8.161733208390736,4.220126513346287,0.0,0.023848202814676256,0.02607043457031466
893,51.752630646413344,128,4416,63,5,1,3,57.580399811577536,256,1.1768035555555554,58.757203367133094,58.757203367133094,58.784736700466425,58.79257576125847,58.81882543573764,62.14489384335949,7.0661947893242925,10.392263196946146,5.827769165164192,0.0,0.007839060792043995,0.026249674479167595
894,51.78581241284685,64,640,156,6,0,,55.21005759560899,256,0.11658666666666667,55.32664426227566,55.32664426227566,55.333199817831215,55.3478932978565,55.37382693599571,57.006556220787,3.588014523148857,5.220743807940146,3.424245182762135,0.0,0.014693480025286476,0.02593363813920746
895,51.79410078005491,160,4544,111,7,1,5,58.66225330439985,256,1.212743111111111,59.87499641551096,59.87499641551096,59.9032408599554,59.918736049004025,59.94535120199882,64.14539099827702,8.151250421943907,12.351290218222111,6.868152524344936,0.0,0.015495189048621683,0.026615152994793334
896,51.82047043923247,96,2368,90,0,1,1,56.23633104410262,2112,0.0862151111111111,56.32254615521373,56.32254615521373,56.338701710769286,56.34206633505532,56.36809314613487,58.83215930382157,4.547622706902395,7.011688864589097,4.415860604870147,0.0,0.003364624286035678,0.02602681107954652
897,51.82890802223031,128,1792,85,1,1,5,58.52305393654528,256,0.4400426666666667,58.963096603211945,58.963096603211945,58.9760521587675,58.98406412511346,59.010156131251854,62.32857691536954,7.181248109021546,10.49966889313923,6.694145914314973,0.0,0.008011966345961241,0.026092006138391355
898,51.829923185832854,96,2304,110,2,1,6,60.472007769921404,256,0.5838008888888889,61.05580865881029,61.05580865881029,61.07160865881029,61.078043544732985,61.10429232402986,63.60333924030125,9.27436913819701,11.773416054468399,8.64208458408855,0.0,0.006434885922693923,0.02624877929687841
899,51.87166061159823,160,2560,34,3,1,4,60.615529114522985,2240,0.10456888888888889,60.72009800341188,60.72009800341188,60.7373202256341,60.75519112739417,60.78126361003306,64.94714879961018,8.909602998434828,13.075488188011946,8.743868502924755,0.0,0.017870901760069557,0.02607248263888806
900,51.901065799921184,64,1344,137,4,1,1,56.54909548633997,256,0.3142542222222222,56.8633497085622,56.8633497085622,56.87381637522886,56.898854792127736,56.92476634346702,58.55516709910515,5.023700543545836,6.654101299183964,4.648029686418788,0.0,0.025038416898873095,0.025911551339284244
901,51.90553717846614,96,1280,105,5,1,6,58.757203367133094,256,0.29628444444444446,59.05348781157754,59.05348781157754,59.06359892268865,59.08134903599805,59.10751407506055,61.59699078753266,7.2019768965944095,9.69145360906652,6.851666188666954,0.0,0.017750113309404014,0.026165039062497897
902,51.922121141454966,64,1216,84,6,1,1,55.32664426227566,256,0.27831466666666665,55.604958928942324,55.604958928942324,55.61471448449788,55.63305012491617,55.65891883151339,57.292748237388565,3.736797690058424,5.3706270959335995,3.4045231208206914,0.0,0.018335640418285948,0.025868706597222513
903,51.92545491160843,96,1856,85,7,1,1,59.87499641551096,1152,0.20912355555555556,60.084119971066514,60.084119971066514,60.09743108217762,60.10505237387382,60.131569184699714,62.64140824409951,8.20611427309128,10.715953332491075,7.949541503902523,0.0,0.007621291696196408,0.026516810825896187
904,51.96124633774818,64,2048,81,0,1,6,56.32254615521373,1664,0.12081066666666666,56.44335682188039,56.44335682188039,56.45773459965817,56.472192524686,56.49820752823714,58.133887702026556,4.5369611904889595,6.172641364278377,4.36129981746555,0.0,0.014457925027834051,0.026015003551137283
905,51.9623525529408,128,2560,82,1,1,7,58.963096603211945,256,0.65568,59.61877660321194,59.61877660321194,59.635998825434164,59.6369936382273,59.66315051601748,62.9798882992981,7.700797963076681,11.017535746357304,7.000744050271145,0.0,0.0009948127931380668,0.026156877790178612
906,51.96666061103352,96,1664,80,2,0,2,61.05580865881029,1536,0.04854755555555555,61.10435621436585,61.10435621436585,61.11660065881029,61.13054159160799,61.15670389629549,63.656633348374164,9.190043285261972,11.689972737340646,9.089148047776774,0.0,0.013940932797694927,0.026162304687503024
907,51.98762904337812,96,1920,85,3,1,7,60.72009800341188,256,0.4759822222222222,61.1960802256341,61.1960802256341,61.209746892300764,61.22412366320146,61.2500991881038,63.7346675077575,9.262470144725683,11.74703846437938,8.732468960033756,0.0,0.014376770900696556,0.025975524902342784
908,52.009879453768065,64,1408,137,4,0,4,56.8633497085622,1216,0.06555733333333334,56.92890704189553,56.92890704189553,56.93972926411775,56.950678383087556,56.97656278250162,58.606960773150284,4.966683328733552,6.5970813193822195,4.853470254794132,0.0,0.010949118969804772,0.02588439941406051
909,52.05412356805407,128,2688,86,5,1,4,59.05348781157754,256,0.6916195555555555,59.745107367133095,59.745107367133095,59.763040700466426,59.76355837844597,59.78992833287305,63.10617724993501,7.735804764818987,11.052053681880942,6.999364243523473,0.0,0.0005176779795448283,0.02636995442708212
910,52.10045120690835,160,1984,85,6,1,3,55.604958928942324,1280,0.20950755555555559,55.81446648449788,55.81446648449788,55.8284887067201,55.84001344956894,55.865895676131444,60.01992769469882,3.765444469223091,7.919476487790469,3.5045077220339707,0.0,0.01152474284884164,0.025882226562501387
911,52.10448741588816,160,1216,57,7,1,2,60.084119971066514,256,0.27831466666666665,60.36243463773318,60.36243463773318,60.37219019328874,60.39676414842739,60.42317027635708,64.61655154515202,8.318682860468918,12.512064129263862,7.979632555178355,0.0,0.02457395513864924,0.02640612792968966
912,52.123363902719895,64,2112,81,0,0,0,56.44335682188039,1920,0.06766933333333333,56.51102615521373,56.51102615521373,56.52575948854706,56.55023900018316,56.57625670037847,58.21149453796406,4.452892797658578,6.088130635244163,4.319992919160498,0.0,0.024479511636101847,0.026017700195311022
913,52.130559421280005,64,2048,85,1,1,6,59.61877660321194,1664,0.12081066666666666,59.739587269878605,59.739587269878605,59.75396504765638,59.76775240403831,59.793882426359744,61.44190150614334,7.663323005079739,9.311342084863334,7.488217181931937,0.0,0.013787356381932625,0.026130022321432023
914,52.141304542244185,128,2176,81,2,1,0,61.10435621436585,256,0.5478613333333333,61.65221754769918,61.65221754769918,61.66730643658807,61.68005252910799,61.70620674460278,65.0473572005257,9.564902202358596,12.90605265828151,8.963051672121665,0.0,0.012746092519918761,0.0261542154947918
915,52.145215749291694,64,2624,82,3,1,1,61.1960802256341,2176,0.14031644444444444,61.33639667007854,61.33639667007854,61.353974447856324,61.354304963773444,61.38038620156641,63.025100124945006,9.235170452274716,10.879884375653312,9.050864476342404,0.0,0.00033051591712052186,0.02608123779296534
916,52.15707951843861,96,2752,86,4,1,5,56.92890704189553,2368,0.12292266666666667,57.051829708562195,57.051829708562195,57.070118597451085,57.08010526297036,57.10604287147731,59.56831526533779,4.9489633530387,7.41123574689918,4.7718275234569205,0.0,0.009986665519278404,0.025937608506943377
917,52.16793963522531,96,1664,80,5,1,2,59.745107367133095,1536,0.04854755555555555,59.79365492268865,59.79365492268865,59.805899367133094,59.81629877558139,59.84258993071531,62.326250776953245,7.674650295490004,10.158311141727935,7.577167731907785,0.0,0.010399408448293457,0.02629115513392577
918,52.193069093314655,64,2176,81,6,1,2,55.81446648449788,1856,0.10341688888888889,55.917883373386765,55.917883373386765,55.932972262275655,55.943545285506445,55.96944567613144,57.60570289698678,3.7763765828167877,5.412633803672122,3.6213973911832227,0.0,0.010573023230790568,0.02590039062499727
919,52.22023445738931,128,4544,91,7,1,0,60.36243463773318,4096,0.14607644444444445,60.50851108217763,60.50851108217763,60.53675552662207,60.55520824022426,60.58170726366176,63.935764614813486,8.361472806272452,11.715530157424176,8.14220018034387,0.0,0.018452713602187032,0.02649902343750199
920,52.261543132224325,64,1536,37,0,1,1,56.51102615521373,1024,0.15483022222222223,56.66585637743595,56.66585637743595,56.67738971076928,56.68033238397222,56.70633174545058,58.34073969584166,4.444788613226258,6.079196563617337,4.249483022989402,0.0,0.00294267320293784,0.02599936147836246
921,52.311093585397195,64,2816,86,1,1,4,59.739587269878605,256,0.7275591111111112,60.46714638098972,60.46714638098972,60.485790825434165,60.49957759935081,60.525750206772685,62.17238941536954,8.21465662137549,9.861295829972342,7.42849368448141,0.0,0.013786773916642403,0.026172607421877103
922,52.3161696736308,64,1664,80,2,1,5,61.65221754769918,1536,0.04854755555555555,61.70076510325474,61.70076510325474,61.71300954769918,61.732361448378825,61.758467684427934,63.41730017780125,9.442298010797131,11.101130504170449,9.336047874068377,0.0,0.019351900679644984,0.026106236049109555
923,52.32258914041454,64,2176,81,3,1,6,61.33639667007854,1408,0.22786133333333336,61.56425800341188,61.56425800341188,61.57934689230077,61.58905368203516,61.61513674410113,63.26195803510125,9.292547603686586,10.939368894686709,9.013807529664,0.0,0.009706789734387655,0.026083062065971774
924,52.341712477290564,96,768,96,4,1,3,57.051829708562195,256,0.15252622222222223,57.204355930784416,57.204355930784416,57.21162259745108,57.23573823823078,57.26162222260578,59.72472772348511,4.919909745315216,7.383015246194546,4.7101172312716315,0.0,0.024115640779697856,0.025883984374999613
925,52.377479679858425,64,2368,38,5,1,7,59.79365492268865,256,0.6017706666666667,60.39542558935532,60.39542558935532,60.411581144910876,60.41975776576926,60.44598598842551,62.092753950781365,8.068506308567088,9.71527427092294,7.416175242830228,0.0,0.008176620858385775,0.026228222656250466
926,52.38110730950477,64,2176,81,6,1,3,55.917883373386765,2048,0.050083555555555555,55.96796692894232,55.96796692894232,55.98305581783121,55.99534655503769,56.021261349959566,57.65786516912219,3.640154040454796,5.276757859617419,3.5367760638819945,0.0,0.012290737206484437,0.025914794921874318
927,52.3867268436675,64,2048,98,7,0,7,60.50851108217763,0,0.5830328888888889,61.091543971066514,61.091543971066514,61.10592174884429,61.11323753709926,61.13975793640481,62.79944254585732,8.75303109273731,10.412715702189814,8.121784238510124,0.0,0.007315788254970812,0.02652039930555361
928,52.38917788704033,128,2048,81,0,0,6,56.66585637743595,0,0.5830328888888889,57.24888926632484,57.24888926632484,57.26326704410261,57.27844123313088,57.30440615200107,60.61519350094769,4.915228264960739,8.226015613907357,4.276678490395618,0.0,0.015174189028265062,0.025964918870194253
929,52.40452851517588,96,1280,133,1,1,0,60.46714638098972,1024,0.0829511111111111,60.55009749210083,60.55009749210083,60.56020860321194,60.57809688646018,60.604209950696294,63.08395730971477,8.19968143552041,10.679428794538886,8.062617865813834,0.0,0.0178882832482401,0.026113064236113814
930,52.45785165663694,128,2688,82,2,1,3,61.70076510325474,2112,0.176064,61.876829103254735,61.876829103254735,61.89476243658807,61.91517865680516,61.941328140622126,65.28153627767412,9.483476483985186,12.82368462103718,9.242913446617798,0.0,0.02041622021709344,0.026149483816965358
931,52.484092811946255,160,4416,51,3,1,4,61.56425800341188,256,1.1768035555555554,62.74106155896744,62.74106155896744,62.76859489230077,62.78804150794352,62.814402347787265,66.99292008201428,10.33030953584101,14.508827270068025,9.080165191465625,0.0,0.01944661564274952,0.02636083984374693
932,52.49794221192762,64,2688,98,4,1,7,57.204355930784416,256,0.6916195555555555,57.89597548633997,57.89597548633997,57.9139088196733,57.9341888024669,57.96010514361273,59.594416269802075,5.462162931685107,7.0964740578744525,4.706413718856794,0.0,0.02027998279359622,0.0259163411458303
933,52.560211649906755,96,1344,93,5,1,3,60.39542558935532,256,0.3142542222222222,60.709679811577544,60.709679811577544,60.72014647824421,60.73452866420676,60.76066644089947,63.23726228062697,8.200454790992715,10.677050630720217,7.835213939448565,0.0,0.014382185962553251,0.026137776692706893
934,52.565282776390944,96,1664,80,6,1,2,55.96796692894232,256,0.40410311111111114,56.37207004005343,56.37207004005343,56.38431448449787,56.40985989399367,56.435754791454606,58.91765514308052,3.870472015063662,6.352372366689579,3.402684152551373,0.0,0.02554540949579831,0.02589489746093676
935,52.581662068595456,96,1664,80,7,1,6,61.091543971066514,1536,0.04854755555555555,61.14009152662207,61.14009152662207,61.15233597106651,61.16627882399162,61.19272931227287,63.69847576932737,8.611067243677411,11.116813700731917,8.509881902471058,0.0,0.013942852925104887,0.026450488281248852
936,52.59776166976056,160,1856,13,0,1,6,57.24888926632484,256,0.45801244444444444,57.70690171076928,57.70690171076928,57.72021282188039,57.74534486644417,57.771250180571776,61.935245778043424,5.173488510811218,9.337484108282865,4.6511275965642795,0.0,0.02513204456378304,0.02590531412760555
937,52.62170276298654,160,4928,83,1,1,3,60.55009749210083,4288,0.20056177777777778,60.75065926987861,60.75065926987861,60.78103704765639,60.78724130920324,60.813585425414175,64.99895954069505,8.191882662427638,12.377256777708517,7.928394729114295,0.0,0.0062042615468485,0.02634411621093591
938,52.63099800193109,96,4544,87,2,1,5,61.876829103254735,4288,0.09274311111111111,61.96957221436585,61.96957221436585,61.997816658810294,62.01977952176052,62.046064372834735,64.55288302517847,9.415066370903645,11.921885023247384,9.245831101323645,0.0,0.021962862950225315,0.026284851074215965
939,52.64927807269643,128,2752,82,3,1,2,62.74106155896744,2496,0.0873671111111111,62.82842867007855,62.82842867007855,62.84671755896744,62.867125492318515,62.8934847045581,66.23138584905975,10.244206631861665,13.582107776363316,10.091783486271005,0.0,0.020407933351073382,0.026359212239583485
940,52.67325444238471,160,896,100,4,0,4,57.89597548633997,704,0.06402133333333333,57.95999681967331,57.95999681967331,57.96797459745108,57.98602197303981,58.01189130897731,62.14969792554055,5.338636866592601,9.47644348315584,5.222721043955261,0.0,0.018047375588729153,0.025869335937500182
941,52.69669179539573,96,2432,90,5,1,0,60.709679811577544,256,0.6197404444444444,61.32942025602199,61.32942025602199,61.345931367133105,61.36197007045676,61.38812499512194,63.86870173375197,8.691433199726212,11.17200993835624,8.012988016181815,0.0,0.016038703323658865,0.026154924665178214
942,52.71762363226374,160,832,96,6,1,4,56.37207004005343,256,0.170496,56.54256604005343,56.54256604005343,56.550188262275654,56.565622484991536,56.59156326979267,60.75994317321444,3.8739396375289346,8.0423195409507,3.654446407789692,0.0,0.015434222715882129,0.025940784801136374
943,52.731313041592514,96,4288,139,7,1,5,61.14009152662207,256,1.140864,62.28095552662207,62.28095552662207,62.307777748844295,62.324993937458885,62.351359110798725,64.8527474869923,9.62004606920621,12.121434445399785,8.408778485029558,0.0,0.017216188614590067,0.026365173339840453
944,52.78517502169112,64,4608,87,0,1,2,57.70690171076928,256,1.230712888888889,58.93761459965817,58.93761459965817,58.966214599658166,58.98698830772782,59.01303542686845,60.66796547360394,6.227860405177331,7.882790451912825,4.921726689078163,0.0,0.020773708069654617,0.026047119140628183
945,52.79464759573929,96,512,153,1,0,4,60.75065926987861,0,0.15175822222222224,60.90241749210083,60.90241749210083,60.90826193654527,60.91896677307042,60.94519149095237,63.42434329604289,8.150543895213076,10.6296957003036,7.956011674139319,0.0,0.010704836525150085,0.026224717881945026
946,52.811875481400065,128,4608,91,2,1,7,61.96957221436585,256,1.230712888888889,63.200285103254735,63.200285103254735,63.22888510325473,63.23192536090672,63.258406012762194,66.59171897363483,10.446530531362129,13.779843492234761,9.157696732965782,0.0,0.003040257651989009,0.026480651855472104
947,52.87733513504767,128,2112,9,3,0,3,62.82842867007855,1920,0.06766933333333333,62.896098003411886,62.896098003411886,62.91083133674522,62.91984440507893,62.94615760262358,66.2837602720001,10.068822467575906,13.406425136952421,9.951093535030878,0.0,0.009013068333715069,0.02631319754464556
948,52.88120435290349,96,1664,80,4,1,7,57.95999681967331,1536,0.04854755555555555,58.008544375228865,58.008544375228865,58.02078881967331,58.037761133196064,58.06362619001425,60.53329974496949,5.182421837110759,7.652095392066002,5.078792466769819,0.0,0.016972313522757076,0.02586505681818352
949,52.89626534807229,128,768,40,5,1,6,61.32942025602199,256,0.15252622222222223,61.48194647824421,61.48194647824421,61.48921314491088,61.49274957659516,61.51880914690766,64.84158933373334,8.622543798835366,11.945323985661048,8.4331549079497,0.0,0.003536431684281638,0.026059570312497726
950,52.93249291618819,96,2176,81,6,0,6,56.54256604005343,2048,0.050083555555555555,56.59264959560898,56.59264959560898,56.60773848449787,56.61750454287506,56.64342783832961,59.12884704691237,3.710934922141419,6.196354130724181,3.6100731238652415,0.0,0.009766058377188358,0.025923295454546746
951,52.936550000234334,128,1408,93,7,1,5,62.28095552662207,256,0.332224,62.61317952662207,62.61317952662207,62.62400174884429,62.64140824409951,62.66774607368935,66.00321152740338,9.731196073455017,13.066661527169046,9.344405526387739,0.0,0.01740649525521576,0.026337829589841988
952,52.94825355499537,128,2176,81,0,1,6,58.93761459965817,1984,0.06786133333333334,59.0054759329915,59.0054759329915,59.02056482188039,59.03908303429032,59.06513318775014,62.41697478194967,6.116879632754774,9.468721226954301,5.9893610446628,0.0,0.0185182124099299,0.026050153459820535
953,52.94980099347323,160,2048,113,1,0,1,60.90241749210083,0,0.5830328888888889,61.48545038098972,61.48545038098972,61.49982815876749,61.52033709952131,61.54646928423114,65.74130585898045,8.596668290757904,12.791504865507221,7.952616498627599,0.0,0.020508940753821037,0.026132184709823036
954,52.952361121637615,64,2240,130,2,1,6,63.200285103254735,256,0.5658311111111111,63.766116214365844,63.766116214365844,63.78156065881029,63.79052997923354,63.81714081907729,65.46363789248997,10.864779697439673,12.511276770852355,10.24792398161712,0.0,0.008969320423247495,0.026610839843748124
955,52.992824867981305,64,1472,137,3,1,4,62.896098003411886,256,0.35019377777777777,63.24629178118966,63.24629178118966,63.257469558967436,63.26195803510125,63.28821552208042,64.94714879961018,10.295390654099116,11.95432393162887,9.903273135430581,0.0,0.004488476133815311,0.026257486979169187
956,53.012947196678766,160,4672,87,4,1,0,58.008544375228865,256,1.2486826666666666,59.25722704189553,59.25722704189553,59.28618259745109,59.30697005049404,59.33310237471279,63.49251773334233,6.320155178034021,10.479570536663566,4.995597178550099,0.0,0.020787453042949267,0.026132324218750114
957,53.0157853067264,160,2880,86,5,1,1,61.48194647824421,2560,0.10552888888888888,61.5874753671331,61.5874753671331,61.6064753671331,61.62310797503266,61.649261722591255,65.80802421758864,8.633476415864855,12.792238910862238,8.466161171517811,0.0,0.01663260789955956,0.02615374755859534
958,53.06358222412565,64,4288,95,6,1,1,56.59264959560898,256,1.140864,57.73351359560898,57.73351359560898,57.760335817831205,57.76218606755969,57.78843623032011,59.44499239196445,4.724854006194455,6.381410167838794,3.529067371483329,0.0,0.0018502497284842434,0.02625016276041947
959,53.09201055747725,128,2944,86,7,1,5,62.61317952662207,256,0.7634986666666667,63.37667819328873,63.37667819328873,63.39603374884429,63.40799212965568,63.43446513467801,66.7616866948141,10.342454577200755,13.66967613733685,9.521168969144817,0.0,0.011958380811392999,0.02647300502232497
960,53.09981897537168,64,2816,82,0,1,3,59.0054759329915,256,0.7275591111111112,59.733035044102614,59.733035044102614,59.75167948854706,59.7726971525939,59.7990385588439,61.45654025038965,6.699219583472214,8.356721275017968,5.905656957619819,0.0,0.02101766404683758,0.02634140624999759
961,53.14976049698913,64,1280,84,1,1,6,61.48545038098972,1024,0.0829511111111111,61.56840149210083,61.56840149210083,61.57851260321194,61.59873511849453,61.624805186853905,63.26658211440227,8.475044689864774,10.116821617413137,8.335689884000587,0.0,0.020222515282590336,0.026070068359373977
962,53.15004127556339,160,512,35,2,0,3,63.766116214365844,0,0.15175822222222224,63.917874436588065,63.917874436588065,63.92371888103251,63.950202342514785,63.97658881712416,68.14965338118691,10.826547541560771,14.99961210562352,10.616074938802456,0.0,0.02648346148227887,0.02638647460937449
963,53.18815210484514,160,4416,107,3,1,1,63.24629178118966,256,1.1768035555555554,64.42309533674522,64.42309533674522,64.45062867007856,64.47188645307,64.49835943484084,68.66840739859308,11.310207329995698,15.480255293747938,10.058139676344524,0.0,0.021257782991440877,0.026472981770837123
964,53.19644967856214,160,2176,81,4,1,0,59.25722704189553,1152,0.29897244444444443,59.55619948633998,59.55619948633998,59.57128837522887,59.594416269802075,59.62047758397618,63.782467879826704,6.424027905414043,10.586018201264565,6.0607773633333935,0.0,0.023127894573207186,0.02606131417410751
965,53.20499711975511,160,896,92,5,1,3,61.5874753671331,576,0.09957688888888888,61.68705225602199,61.68705225602199,61.69503003379977,61.701570682552195,61.727646149132056,65.88613452032301,8.522649029376943,12.681137400567899,8.382478247377989,0.0,0.006540648752427103,0.026075466579861484
966,53.21884888994618,160,4480,131,6,1,1,57.73351359560898,256,1.1947733333333332,58.92828692894231,58.92828692894231,58.9561758178312,58.97036383448677,58.996857649590936,63.24026045837069,5.778008759644756,10.021411568424512,4.514664705662803,0.0,0.014188016655566571,0.026493815104167595
967,53.23881958293082,128,1344,84,7,1,1,63.37667819328873,832,0.15425422222222224,63.530932415510954,63.530932415510954,63.54139908217762,63.56683748400836,63.593210958129454,66.91776252864824,10.354391375198631,13.678942945717417,10.13785861035791,0.0,0.02543840183074053,0.02637347412109392
968,53.2390906456645,64,1664,80,0,1,4,59.733035044102614,1536,0.04854755555555555,59.78158259965817,59.78158259965817,59.79382704410261,59.7990385588439,59.82529222095327,61.483087404407506,6.586201575288776,8.243996758743009,6.493944398438117,0.0,0.005211514741283452,0.026253662109375853
969,53.24726696565116,128,2048,80,1,0,0,61.56840149210083,0,0.5830328888888889,62.15143438098972,62.15143438098972,62.165812158767494,62.17238941536954,62.19841944466641,65.55601989928586,8.951152479015256,12.3087529336347,8.321134526449676,0.0,0.00657725660204278,0.026030029296876478
970,53.259915452322716,96,1664,80,2,1,0,63.917874436588065,1536,0.04854755555555555,63.96642199214362,63.96642199214362,63.978666436588064,64.00297578001478,64.02928109530495,66.51248078116323,10.769365642982237,13.252565328840518,10.657958984265349,0.0,0.024309343426715202,0.026305315290173326
971,53.26760180595207,96,1344,101,3,1,4,64.42309533674522,256,0.3142542222222222,64.73734955896744,64.73734955896744,64.74781622563411,64.76311610801791,64.78947701761612,67.2815817573615,11.521875211664053,14.013979951409425,11.155493530793152,0.0,0.015299882383800423,0.02636090959821047
972,53.282806011953824,96,1280,109,4,1,7,59.55619948633998,256,0.29628444444444446,59.85248393078442,59.85248393078442,59.86259504189553,59.881608094578866,59.907669292495534,62.385648921091764,6.62486328054171,9.10284290913794,6.273393474386154,0.0,0.01901305268333431,0.026061197916668277
973,53.288124713521675,64,4352,95,5,1,6,61.68705225602199,256,1.1588337777777777,62.84588603379977,62.84588603379977,62.87306381157755,62.896571414974076,62.92267151263032,64.58053840832413,9.634546799108648,11.292413694802455,8.398927542500317,0.0,0.023507603396524246,0.0261000976562471
974,53.34553957328989,128,1664,80,6,1,2,58.92828692894231,1536,0.04854755555555555,58.97683448449787,58.97683448449787,58.98907892894231,58.996857649590936,59.02325455249272,62.403038973995685,5.6777149792028325,9.057499400705794,5.5827473556524225,0.0,0.007778720648623505,0.0263969029017872
975,53.358870499991816,96,1664,80,7,1,6,63.530932415510954,1536,0.04854755555555555,63.57947997106651,63.57947997106651,63.59172441551095,63.593210958129454,63.61952253582043,66.10802109771588,10.260652035828613,12.74915059772406,10.172061915519137,0.0,0.0014865426185011188,0.026311577690975696
976,53.36889113976694,160,4736,87,0,1,4,59.78158259965817,4480,0.0933191111111111,59.87490171076929,59.87490171076929,59.9042128218804,59.930311752203274,59.95671876950238,64.18937202323107,6.587827629735443,10.820480883464136,6.412691459891235,0.0,0.026098930322874025,0.026407017299106883
977,53.40085534988816,160,4352,155,1,1,2,62.15143438098972,256,1.1588337777777777,63.3102681587675,63.3102681587675,63.33744593654528,63.345183432761644,63.37156956557414,67.5813064982358,9.97071421568598,14.180451148347643,8.750579031101559,0.0,0.007737496216364548,0.026386132812497465
978,53.423645273345066,160,2176,81,2,1,4,63.96642199214362,2048,0.050083555555555555,64.01650554769918,64.01650554769918,64.03159443658807,64.05558689887638,64.08186271674748,68.25565028873899,10.658217443402414,14.832005015393925,10.542776718798557,0.0,0.023992462288319416,0.02627581787109534
979,53.42618082507357,160,1664,80,3,1,7,64.73734955896744,1536,0.04854755555555555,64.785897114523,64.785897114523,64.79814155896744,64.81583841549559,64.84213162838621,69.00694531807106,11.41595080331264,15.580764492997488,11.311168733893865,0.0,0.01769685652814701,0.026293212890621476
980,53.46869111062007,96,2432,106,4,1,6,59.85248393078442,256,0.6197404444444444,60.47222437522887,60.47222437522887,60.48873548633998,60.50720786671428,60.53329974496949,63.0180892310341,7.064608634349419,9.549398120414025,6.383792820164352,0.0,0.018472380374298325,0.0260918782552082
981,53.495661513421624,64,4416,95,5,0,5,62.84588603379977,4224,0.07458133333333333,62.92046736713311,62.92046736713311,62.94800070046644,62.94877209856782,62.97500506975923,64.6330372690012,9.479343556337604,11.137375755579583,9.350224520378148,0.0,0.0007713981013850457,0.026232971191404886
982,53.56749063451135,128,4096,85,6,0,1,58.97683448449787,0,1.1580657777777779,60.13490026227565,60.13490026227565,60.160655817831206,60.17695357360507,60.203333090206634,63.61637852477694,6.635842455695283,10.04888789026559,5.40934384998652,0.0,0.016297755773862832,0.026379516601565456
983,53.56789341986717,160,3008,86,7,0,7,63.57947997106651,2816,0.07035733333333334,63.649837304399846,63.649837304399846,63.66954841551096,63.67214715604612,63.69847576932737,67.85684959437386,10.130582349460205,14.288956174506687,10.011586551199343,0.0,0.0025987405351628468,0.026328613281251023
984,53.59297212451314,96,1664,80,0,1,3,59.87490171076929,1536,0.04854755555555555,59.923449266324845,59.923449266324845,59.935693710769286,59.95671876950238,59.983051899385195,62.49751921554342,6.390079774872056,8.904547091030281,6.2819295862561475,0.0,0.02102505873309468,0.026333129882814887
985,53.61474634910947,128,4352,159,1,1,2,63.3102681587675,256,1.1588337777777777,64.46910193654527,64.46910193654527,64.49627971432305,64.5178150978007,64.54458433608195,67.89571063961648,10.929837986972487,14.280964290507015,9.695521809658032,0.0,0.021535383477655046,0.026769238281247
986,53.63684309664849,64,704,124,2,1,7,64.01650554769918,256,0.13455644444444445,64.15106199214362,64.15106199214362,64.15797310325473,64.16069310004826,64.18686709093367,65.82933955264622,10.550023994285183,12.192496455997727,10.379662451050692,0.0,0.0027199967935302993,0.026173990885411058
987,53.637129464663474,160,1664,80,3,1,0,64.785897114523,1536,0.04854755555555555,64.83444467007855,64.83444467007855,64.846689114523,64.8684253295581,64.89466599796087,69.05906856025855,11.257536533297397,15.421939095595079,11.148767649859522,0.0,0.021736215035090822,0.026240668402778056
988,53.65580507994991,96,896,96,4,1,6,60.47222437522887,640,0.0817991111111111,60.55402348633998,60.55402348633998,60.562001264117754,60.58557816293824,60.61160103077678,63.097010493463074,6.955795950826875,9.441205413513167,6.816419295278962,0.0,0.023576898820486747,0.026022867838541686
989,53.658603831544795,96,4288,127,5,0,,62.92046736713311,256,1.140864,64.0613313671331,64.0613313671331,64.08815358935533,64.10571110875196,64.13217408075717,66.6184003193894,10.473570249212372,12.9597964878446,9.261863535588311,0.0,0.017557519396632415,0.026462972005205643
990,53.71089092223335,160,4992,11,6,1,1,60.13490026227565,4096,0.2718648888888889,60.40676515116454,60.40676515116454,60.43749848449787,60.440770712276944,60.467365731808194,64.73397130962611,6.756474809574847,11.023080387392767,6.4240093400423035,0.0,0.003272227779071102,0.026595019531249875
991,53.79790299594267,160,2176,85,7,1,1,63.649837304399846,1728,0.13897244444444445,63.78880974884429,63.78880974884429,63.80389863773318,63.804003872625984,63.83035504450098,67.98776209437386,10.032452048558312,14.189859098431192,9.851934308457174,0.0,0.0001052348928070046,0.02635117187499958
992,53.90454382119206,160,4992,83,0,1,1,59.923449266324845,256,1.3385315555555557,61.2619808218804,61.2619808218804,61.29271415521373,61.29780336422894,61.32422244905037,65.58093103202013,7.4196786278583104,11.676387210828075,6.018905445132788,0.0,0.005089209015210372,0.026419084821426964
993,53.91321654946324,160,4480,107,1,1,3,64.46910193654527,4224,0.09255111111111111,64.56165304765638,64.56165304765638,64.58954193654527,64.59812427748821,64.62496444675904,68.81123637351799,10.711747897295794,14.898019824054742,10.555885387082029,0.0,0.00858234094293664,0.026840169270826664
994,53.933547472267655,96,1664,80,2,1,3,64.15106199214362,1536,0.04854755555555555,64.19960954769918,64.19960954769918,64.21185399214363,64.21304157010034,64.23918029080347,66.72334299707232,10.30563281853582,12.789795524804667,10.21751451987597,0.0,0.001187577956713426,0.026138720703130502
995,53.93800876496396,128,2304,94,3,0,3,64.83444467007855,2048,0.0860231111111111,64.92046778118967,64.92046778118967,64.93626778118967,64.94714879961018,64.97342705888752,68.30279648362914,11.035418293923563,14.364787718665177,10.896435905114593,0.0,0.010881018420505484,0.026278259277347615
996,53.952264377689765,160,5056,83,4,1,0,60.55402348633998,4480,0.183168,60.73719148633998,60.73719148633998,60.76828037522887,60.79377477752157,60.82000754816889,64.9985162332338,6.867743170479123,11.046251855544035,6.601759108650214,0.0,0.025494402292700613,0.02623277064731866
997,54.01318208608916,96,1664,80,5,1,2,64.0613313671331,1536,0.04854755555555555,64.10987892268867,64.10987892268867,64.12212336713311,64.13217408075717,64.15854454671698,66.64451994829564,10.145362460627823,12.631337862206479,10.048149281043948,0.0,0.010050713624053742,0.026370465959814737
998,54.11899270910894,160,5120,83,6,1,4,60.40676515116454,256,1.3744711111111112,61.781236262275655,61.781236262275655,61.8126807067201,61.835524227901935,61.86254385680819,66.11083193059693,7.74355114769925,11.991839221487993,6.287772442055605,0.0,0.022843521181833637,0.027019628906252535
999,54.15062720384213,160,960,96,7,1,4,63.78880974884429,256,0.20643555555555557,63.995245304399845,63.995245304399845,64.00357863773318,64.0145177072614,64.04069138890203,68.19720757254072,9.890064185059906,14.046580368698592,9.63818254500216,0.0,0.010939069528220102,0.026173681640628388
1000,54.19038316732205,96,4672,91,0,1,2,61.2619808218804,4352,0.11090488888888889,61.37288571076929,61.37288571076929,61.401841266324844,61.40348263320215,61.430011197655276,63.97564830903837,7.239628030333229,9.785265141716323,7.071597654558353,0.0,0.0016413668773083145,0.026528564453123238
1001,54.247683456263125,64,512,79,1,0,6,64.56165304765638,0,0.15175822222222224,64.7134112698786,64.7134112698786,64.71925571432305,64.73233000665488,64.75894510152095,66.42653386034107,10.511261645257825,12.178850404077942,10.313969591393253,0.0,0.013074292331822335,0.02661509486607372
1002,54.38279560396369,128,4352,127,2,1,5,64.19960954769918,256,1.1588337777777777,65.35844332547696,65.35844332547696,65.38562110325473,65.4114009540134,65.43751917911106,68.78637835561027,11.05472357514737,14.403582751646574,9.81681394373549,0.0,0.025779850758667067,0.026118225097661707
1003,54.391779827930165,64,1664,80,3,1,5,64.92046778118967,1536,0.04854755555555555,64.96901533674523,64.96901533674523,64.98125978118968,64.99970580644612,65.0259331827482,66.67687842718475,10.63415335481804,12.285098599254582,10.528687953259507,0.0,0.018446025256437792,0.0262273763020886
1004,54.571124393840655,64,768,112,4,1,5,60.73719148633998,256,0.15252622222222223,60.8897177085622,60.8897177085622,60.89698437522887,60.898708789798356,60.92483604809914,62.56985949238083,6.353711654258483,7.998735098540173,6.1660670924993255,0.0,0.0017244145694874646,0.02612725830078233
1005,54.65934766652265,160,2240,150,5,0,,64.10987892268867,256,0.5658311111111111,64.67571003379977,64.67571003379977,64.69115447824421,64.71122681978245,64.73729591157932,68.90535034700933,10.077948245056675,14.246002680486683,9.450531256166016,0.0,0.020072341538238447,0.026069091796870225
1006,54.681436975444925,160,2880,82,6,1,0,61.781236262275655,256,0.7455288888888889,62.52676515116455,62.52676515116455,62.545765151164545,62.56695791930819,62.594096395870686,66.82344357513729,7.912659420425761,12.142006599692365,7.099799286830731,0.0,0.021192768143642127,0.02713847656249868
1007,54.70448089380346,96,4608,71,7,1,0,63.995245304399845,4288,0.11071288888888889,64.10595819328873,64.10595819328873,64.13455819328873,64.14539099827702,64.1715624338239,66.65750630976946,9.46708154002043,11.953025415965996,9.290764410596381,0.0,0.010832804988297084,0.02617143554687118
1008,54.707330715974365,96,3008,14,0,1,5,61.37288571076929,2688,0.10591288888888889,61.47879859965818,61.47879859965818,61.49850971076929,61.5097523620898,61.536389708629976,64.0824591814342,6.829058992655611,9.375128465459838,6.665554994794924,0.0,0.011242651320507946,0.02663734654017702
1009,54.72399696315745,64,5184,83,1,1,6,64.7134112698786,4800,0.13021866666666668,64.84362993654527,64.84362993654527,64.87542993654527,64.89202790007006,64.91876007780444,66.58490607016249,10.194763114646989,11.860909107005043,9.989414306721159,0.0,0.01659796352478793,0.026732177734373863
1010,54.73392896495777,128,2304,150,2,1,5,65.35844332547696,256,0.5838008888888889,65.94224421436584,65.94224421436584,65.95804421436584,65.96059565616184,65.98683010091631,69.34278870659148,11.252901135958538,14.608859741633708,10.624514360519186,0.0,0.002551441796001086,0.026234444754464903
1011,54.75358850813611,64,2624,22,3,1,6,64.96901533674523,2048,0.175872,65.14488733674523,65.14488733674523,65.162465114523,65.18330769446695,65.2095435343107,66.86123233787366,10.455955026174585,12.107643829737547,10.215426828609118,0.0,0.02084257994394534,0.026235839843749886
1012,54.825897419908905,96,704,144,4,0,,60.8897177085622,256,0.13455644444444445,61.024274153006644,61.024274153006644,61.03118526411775,61.0554796638218,61.08152246981138,63.57137217670171,6.255625049902477,8.745474756792802,6.063820288653297,0.0,0.02429439970404701,0.026042805989582973
1013,54.87803776109389,96,2368,110,5,1,2,64.67571003379977,2048,0.10399288888888888,64.77970292268866,64.77970292268866,64.79585847824421,64.81550611665745,64.84158933373334,67.32466507436098,9.963551572639446,12.446627313267086,9.797672272705881,0.0,0.01964763841323247,0.026083217075893117
1014,54.87946797767469,128,1664,80,6,1,3,62.52676515116455,1536,0.04854755555555555,62.575312706720105,62.575312706720105,62.587557151164546,62.594096395870686,62.62101428324048,66.00471826759977,7.741546305565784,11.125250289925077,7.647297173489854,0.0,0.006539244706139868,0.02691788736979106
1015,54.905035712186944,96,2368,102,7,1,4,64.10595819328873,256,0.6017706666666667,64.7077288599554,64.7077288599554,64.72388441551095,64.74773996746104,64.77397082683605,67.25630736914303,9.868935114649105,12.351271656956087,9.200922481101784,0.0,0.023855551950092035,0.02623085937500491
1016,54.96853031651298,128,768,44,0,0,0,61.47879859965818,576,0.06363733333333334,61.54243593299151,61.54243593299151,61.549702599658175,61.563027543451405,61.58950795116625,64.98833777030138,6.620977634653265,10.019807453788403,6.510268283145194,0.0,0.013324943793229238,0.026480407714842613
1017,54.98219666025536,96,1152,125,1,0,,64.84362993654527,256,0.2603448888888889,65.10397482543416,65.10397482543416,65.11337482543416,65.13209918913256,65.1585952218474,67.65980994672213,10.176398561592045,12.677613286466773,9.861433276289908,0.0,0.018724363698396473,0.026496032714845796
1018,55.015525820316846,96,2944,82,2,1,6,65.94224421436584,2560,0.12349866666666667,66.0657428810325,66.0657428810325,66.08509843658805,66.09177276274666,66.11803472563729,68.62704164616086,11.102508905320441,13.611515825844016,10.926718394048997,0.0,0.006674326158602639,0.02626196289062932
1019,55.03031534617179,96,2176,85,3,1,7,65.14488733674523,1792,0.12119466666666667,65.2660820034119,65.2660820034119,65.28117089230078,65.28825398352944,65.31447584077377,67.8063389109284,10.284160494601977,12.776023564756613,10.114571990573438,0.0,0.007083091228665239,0.026221857244323132
1020,55.03796749463779,160,4288,151,4,1,3,61.024274153006644,256,1.140864,62.165138153006644,62.165138153006644,62.19196037522887,62.20196196362649,62.22820149270635,66.4260128191403,7.190233998068557,11.388045324502507,5.986306658368854,0.0,0.01000158839762122,0.02623952907985938
1021,55.08461296010078,160,1664,80,5,1,6,64.77970292268866,1536,0.04854755555555555,64.82825047824421,64.82825047824421,64.84049492268866,64.84158933373334,64.86772661051906,69.03596598828537,9.78311365041828,13.951353028184592,9.695089962587879,0.0,0.0010944110446757804,0.0261372767857182
1022,55.1163480192667,64,4224,103,6,0,,62.575312706720105,256,1.1228942222222222,63.69820692894233,63.69820692894233,63.72467359560899,63.750488021847254,63.777359213253504,65.44940032104438,8.661011193986802,10.333052301777677,7.458964687453403,0.0,0.02581442623826291,0.026871191406250716
1023,55.124076847485135,64,4352,139,7,0,7,64.7077288599554,4160,0.07438933333333334,64.78211819328872,64.78211819328872,64.8092959710665,64.8264340104298,64.8527474869923,66.50085591914446,9.728670639507165,11.376779071659321,9.58365201247026,0.0,0.017138039363288726,0.02631347656250682
1024,55.13093760371515,64,4800,87,0,0,0,61.54243593299151,4608,0.07573333333333333,61.61816926632484,61.61816926632484,61.647835932991505,61.66895210399828,61.69553017474481,63.38695065278837,6.564592571029664,8.256013049073225,6.4114983292763625,0.0,0.02111617100677421,0.02657807074653107
1025,55.15821774318007,96,2176,81,1,1,2,65.10397482543416,1728,0.13897244444444445,65.24294726987861,65.24294726987861,65.2580361587675,65.26458423551928,65.29103426807136,67.79084526573256,10.13281652489129,12.63262752255249,9.945757082254097,0.0,0.006548076751784038,0.02645003255207712
1026,55.16314187257359,96,3008,82,2,0,2,66.0657428810325,2816,0.07035733333333334,66.13610021436584,66.13610021436584,66.15581132547695,66.17056011626228,66.19684635758172,68.70665820587068,11.03370448500813,13.543516333297092,10.902601008458916,0.0,0.014748790785333199,0.026286241319439796
1027,55.17676819948368,128,1664,0,3,1,5,65.2660820034119,1536,0.04854755555555555,65.31462955896745,65.31462955896745,65.3268740034119,65.34069818629933,65.36688682562225,68.69443315542901,10.190118626138563,13.517664955945328,10.089313803928214,0.0,0.013824182887432812,0.02618863932291049
1028,55.186787224522256,128,2176,85,4,1,3,62.165138153006644,256,0.5478613333333333,62.712999486339974,62.712999486339974,62.728088375228864,62.72855459561743,62.75495693936743,66.10837756523404,7.568169714845176,10.92159034071178,6.978350928484389,0.0,0.0004662203885672511,0.026402343750000057
1029,55.20304022332643,96,2368,150,5,1,2,64.82825047824421,2112,0.0862151111111111,64.91446558935533,64.91446558935533,64.93062114491089,64.9461413705637,64.97228272798557,67.45559823408321,9.76924250465914,12.252558010756779,9.625210254917782,0.0,0.015520225652807085,0.026141357421877842
1030,55.21750926805315,160,1408,84,6,1,7,63.69820692894233,1088,0.10111288888888889,63.79931981783122,63.79931981783122,63.81014204005344,63.831103060909754,63.857778191118086,68.06472271124368,8.640268923064937,12.847213443190526,8.480697660889177,0.0,0.020961020856312018,0.02667513020833212
1031,55.22206311692699,128,1472,77,7,1,0,64.78211819328872,1024,0.13686044444444445,64.91897863773318,64.91897863773318,64.93015641551095,64.93144284832043,64.95762888347667,68.27622124441572,9.735565766549684,13.054158127488733,9.560055076361735,0.0,0.0012864328094792654,0.026186035156243292
1032,55.234199071870755,160,5248,83,0,1,1,61.61816926632484,4864,0.13041066666666667,61.74857993299151,61.74857993299151,61.780735488547066,61.80184734054342,61.82852605148092,66.09341093110866,6.594326979610166,10.85921185923791,6.383970194454086,0.0,0.021111851996352016,0.02667871093750307
1033,55.24059692992121,96,5248,83,1,1,0,65.24294726987861,5056,0.07707733333333333,65.32002460321195,65.32002460321195,65.35218015876751,65.37038729541511,65.39695033252448,67.89571063961648,10.156353402603273,12.655113709695271,10.002350339957403,0.0,0.01820713664760376,0.026563037109369247
1034,55.27134208817253,96,2176,81,2,1,1,66.13610021436584,2048,0.050083555555555555,66.1861837699214,66.1861837699214,66.20127265881028,66.22313308718242,66.24939783327616,68.75974642201652,10.978055745103632,13.488404333843988,10.864758126193308,0.0,0.021860428372136198,0.026264746093744407
1035,55.28095204553198,128,4864,87,3,1,0,65.31462955896745,256,1.302592,66.61722155896746,66.61722155896746,66.64724378118969,66.65056779153134,66.67687842718475,70.00102655746694,11.395926381652764,14.72007451193496,10.033677513435471,0.0,0.003324010341657413,0.026310635653402414
1036,55.305643323831,64,1664,80,4,1,5,62.712999486339974,1536,0.04854755555555555,62.76154704189553,62.76154704189553,62.773791486339974,62.781359771398684,62.807697445009794,64.46895934846818,7.502054121178794,9.163316024637176,7.407356162508975,0.0,0.007568285058709989,0.026337673611109835
1037,55.31978571585832,96,3072,82,5,1,2,64.91446558935533,2048,0.30166044444444445,65.21612603379978,65.21612603379978,65.23619270046645,65.2598698861887,65.28605630111925,67.77108704430456,9.966270585260922,12.451301328446242,9.594679873497007,0.0,0.023677185722249305,0.026186414930549518
1038,55.36581587038677,96,2176,81,6,1,2,63.79931981783122,2048,0.050083555555555555,63.84940337338677,63.84940337338677,63.86449226227566,63.88445380960767,63.91104225826839,66.42792577506627,8.54522638788162,11.062109904679502,8.43350394744445,0.0,0.01996154733200939,0.026588448660717745
1039,55.436030264061785,64,1664,80,7,1,4,64.91897863773318,1536,0.04854755555555555,64.96752619328873,64.96752619328873,64.97977063773318,64.98381540691418,65.00997120932303,66.65750630976946,9.573940945261242,11.221476045707675,9.482948373671391,0.0,0.0040447691809930575,0.026155802408851514
1040,55.48649000727896,64,4096,141,0,0,3,61.74857993299151,0,1.1580657777777779,62.90664571076929,62.90664571076929,62.932401266324845,62.956424349471995,62.98342331187434,64.66956703927461,7.49693330459538,9.183077031995651,6.2620899257125515,0.0,0.024023083147149293,0.026998962402345228
1041,55.55178885676815,96,1408,45,1,1,5,65.32002460321195,1088,0.10111288888888889,65.42113749210084,65.42113749210084,65.43195971432306,65.45007787158698,65.47656264608983,67.97377436031961,9.924773789321684,12.421985503551461,9.7682357464438,0.0,0.018118157263927515,0.026484774502847586
1042,55.553141399854304,128,3136,82,2,1,5,66.1861837699214,2880,0.0885191111111111,66.27470288103251,66.27470288103251,66.29512510325473,66.30192879030741,66.32821909570514,69.68769223616736,10.775077695850833,14.13455083631306,10.633042370067095,0.0,0.006803687052681084,0.02629030539772259
1043,55.577599534026525,160,2176,81,3,1,6,66.61722155896746,2048,0.050083555555555555,66.66730511452302,66.66730511452302,66.6823940034119,66.70323628851287,66.72956774270321,70.88975000717397,11.151968208676685,15.312150473147447,11.039622024940932,0.0,0.02084228510096864,0.02633145419034122
1044,55.61710847427213,160,512,80,4,0,7,62.76154704189553,0,0.15175822222222224,62.91330526411775,62.91330526411775,62.919149708562195,62.9393931372841,62.96562468025285,67.16391921562469,7.348516205980722,11.546810741352559,7.1444385676234035,0.0,0.020243428721904877,0.026231542968751853
1045,55.67322513017924,96,512,87,5,0,3,65.21612603379978,0,0.15175822222222224,65.36788425602201,65.36788425602201,65.37372870046646,65.39080684365398,65.4169018143571,67.90294739586706,9.743676684177863,12.229722265687819,9.542900903620541,0.0,0.017078143187518435,0.026094970703127274
1046,55.674254576567876,64,5248,83,6,1,1,63.84940337338677,4992,0.09485511111111111,63.94425848449788,63.94425848449788,63.976414040053434,63.99081053393803,64.01752244800053,65.68751360229437,8.343267871432658,10.013259025726498,8.175148796818895,0.0,0.01439649388459685,0.02671191406250273
1047,55.69182474620298,96,1408,101,7,1,3,64.96752619328873,256,0.332224,65.29975019328873,65.29975019328873,65.31057241551095,65.32387892416678,65.35000456268841,67.83061553009829,9.65817981648543,12.138790783895303,9.275701447085751,0.0,0.013306508655830385,0.026125638521634187
1048,55.72852870356746,64,5248,83,0,1,6,62.90664571076929,5120,0.05929955555555556,62.965945266324844,62.965945266324844,62.9981008218804,63.01042276255794,63.03748520830447,64.72286579764514,7.308956504737004,8.994337094077679,7.178117007201827,0.0,0.012321940677537668,0.027062445746530273
1049,55.752657148180404,96,896,128,1,1,3,65.42113749210084,256,0.1884657777777778,65.60960326987862,65.60960326987862,65.6175810476564,65.63560881530148,65.66204005642363,68.15612330385653,9.90938290824323,12.403466155676128,9.668480343920436,0.0,0.018027767645079962,0.026431241122153892
1050,55.76855009572043,64,4416,159,2,1,1,66.27470288103251,4096,0.11013688888888888,66.3848397699214,66.3848397699214,66.41237310325474,66.43338520010855,66.4597499055122,68.12326910384316,10.691199809791769,12.354719008122728,10.506152785312082,0.0,0.021012096853809226,0.0263647054036511
1051,55.77690936595407,96,2048,80,3,0,7,66.66730511452302,0,0.5830328888888889,67.25033800341191,67.25033800341191,67.2647157811897,67.2815817573615,67.30785964364621,69.7912155630008,11.530950277692142,14.014306197046736,10.890395748568949,0.0,0.016865976171800412,0.026277886284717056
1052,55.78003895819055,160,4352,151,4,0,4,62.91330526411775,4160,0.07438933333333334,62.98769459745109,62.98769459745109,63.01487237522887,63.0180892310341,63.0444113013466,67.242696681445,7.264372343156047,11.462657723254445,7.133266305927201,0.0,0.0032168558052276808,0.026322070312502888
1053,55.79659061281968,64,1664,80,5,1,7,65.36788425602201,1536,0.04854755555555555,65.41643181157757,65.41643181157757,65.42867625602202,65.44299727334148,65.46906745267387,67.11518343373598,9.672476839854191,11.318592820916301,9.571293643202331,0.0,0.014321017319460339,0.026070179332393195
1054,55.81167851618173,64,1024,96,6,1,7,63.94425848449788,704,0.09996088888888889,64.04421937338677,64.04421937338677,64.05290826227565,64.07094774096929,64.09752629999707,65.76658413674039,8.285847783815342,9.954905620558662,8.13257996831615,0.0,0.018039478693637534,0.026578559027782944
1055,55.814808120779276,160,1472,129,7,1,0,65.29975019328873,256,0.35019377777777777,65.6499439710665,65.6499439710665,65.66112174884428,65.66355031088553,65.68965278019355,69.85355843052061,9.87484465941428,14.038750309741332,9.484942072509455,0.0,0.002428562041245641,0.02610246930802873
1056,55.8480366929126,96,960,92,0,1,5,62.965945266324844,512,0.13532444444444444,63.10126971076929,63.10126971076929,63.10960304410262,63.11867547523155,63.14558030921592,65.68838415702012,7.297543616303322,9.840347464107523,7.117908573412244,0.0,0.00907243112892786,0.026904833984374932
1057,55.86736237586253,160,2176,85,1,1,4,65.60960326987862,1920,0.08563911111111111,65.69524238098973,65.69524238098973,65.71033126987861,65.7149040035117,65.74130585898045,69.9133410284659,9.873943483117927,14.045978652603367,9.742240894016092,0.0,0.004572733633096959,0.02640185546874818
1058,55.94866906664117,128,4096,41,2,0,7,66.3848397699214,0,1.1580657777777779,67.54290554769918,67.54290554769918,67.56866110325474,67.59407965071816,67.62053448470253,70.98631854948891,11.671865418061358,15.03764948284774,10.436170703280226,0.0,0.025418547463416985,0.026454833984374204
1059,55.965887634576035,96,960,100,3,1,4,67.25033800341191,256,0.20643555555555557,67.45677355896747,67.45677355896747,67.46510689230081,67.4655372152608,67.49173726408893,69.97472174789664,11.52584962951289,14.008834113320603,11.284450368835877,0.0,0.000430322959985574,0.026200048828130207
1060,56.05377778202522,160,1664,80,4,1,5,62.98769459745109,1536,0.04854755555555555,63.03624215300665,63.03624215300665,63.04848659745109,63.07073385994035,63.097010493463074,67.29494800677982,7.043232711437852,11.241170224754597,6.933916815425867,0.0,0.0222472624892589,0.02627663352272691
1061,56.13499390676438,160,2304,138,5,1,0,65.41643181157757,256,0.5838008888888889,66.00023270046646,66.00023270046646,66.01603270046645,66.01661819002787,66.04271906893412,70.20961490959517,9.90772516216974,14.074621002830796,9.281437904813188,0.0,0.0005854895614163524,0.02610087890624868
1062,56.18939155435712,128,1152,88,6,1,7,64.04421937338677,256,0.2603448888888889,64.30456426227566,64.30456426227566,64.31396426227566,64.33675530390332,64.36323665155956,67.72045892441201,8.173845097202438,11.531067370054892,7.854827819029644,0.0,0.022791041627655773,0.02648134765624377
1063,56.20345438569704,128,5248,83,7,1,0,65.6499439710665,4544,0.21929955555555558,65.86924352662206,65.86924352662206,65.90139908217762,65.92459697662213,65.9508013386013,69.27813638113446,9.747346952904252,13.074681995437416,9.446489585369463,0.0,0.023197894444507483,0.02620436197916831
1064,56.24127705477198,64,1664,80,0,1,4,63.10126971076929,1536,0.04854755555555555,63.149817266324845,63.149817266324845,63.16206171076929,63.17248563148155,63.19929205016053,64.8818301531139,6.958014995388552,8.640553098341918,6.85999265599731,0.0,0.010423920712263168,0.026806418678980037
1065,56.27050347340294,64,2176,81,1,1,3,65.69524238098973,2048,0.050083555555555555,65.74532593654529,65.74532593654529,65.76041482543417,65.76773767716227,65.79413916642008,67.45041370648775,9.523635693017141,11.179910233084811,9.424738907586786,0.0,0.007322851728105206,0.026401489257807498
1066,56.347226929114115,160,2432,102,2,1,7,67.54290554769918,256,0.6197404444444444,68.16264599214362,68.16264599214362,68.17915710325474,68.20268756087441,68.22916868066608,72.43839266381858,11.881941751551963,16.09116573470446,11.195678618585063,0.0,0.023530457619671097,0.02648111979166856
1067,56.474752457018916,160,3200,82,3,1,2,67.45677355896747,2624,0.1776,67.63437355896747,67.63437355896747,67.65515133674525,67.67515127776079,67.70138782783181,71.85978707585886,11.226635370812893,15.385034618839946,10.982021101948554,0.0,0.019999941015541367,0.026236550071018883
1068,56.511977000606926,160,3200,82,4,1,3,63.03624215300665,2304,0.2664888888888889,63.302731041895534,63.302731041895534,63.323508819673314,63.33423563994745,63.36061476814347,67.55662688047774,6.848637767536545,11.04464987987081,6.524265152399721,0.0,0.010726820274136628,0.026379128196019508
1069,56.54212931430069,96,4992,87,5,1,3,66.00023270046646,4352,0.20075377777777778,66.20098647824423,66.20098647824423,66.23171981157756,66.25154367830912,66.2777700632523,68.77457352113339,9.735640748951617,12.232444206832703,9.458103386165767,0.0,0.01982386673155645,0.026226384943186076
1070,56.563989862478294,128,2176,81,6,1,1,64.30456426227566,2048,0.050083555555555555,64.35464781783122,64.35464781783122,64.3697367067201,64.38971848749706,64.41616264587775,67.77337534693805,7.852172783399453,11.209385484459759,7.740574399797367,0.0,0.019981780776959113,0.026444158380684257
1071,56.67326976337307,64,1408,145,7,1,3,65.86924352662206,1024,0.11889066666666667,65.98813419328873,65.98813419328873,65.99895641551095,66.00321152740338,66.02941318755963,67.67350510825288,9.356143424186556,11.000235344879812,9.195973763248986,0.0,0.004255111892433661,0.026201660156246476
1072,56.72612290953613,96,4224,99,0,0,,63.149817266324845,256,1.1228942222222222,64.27271148854707,64.27271148854707,64.29917815521374,64.32255178048554,64.34924233224335,66.89285184907742,7.623119422707219,10.166728939541287,6.423694356788715,0.0,0.023373625271801757,0.026690551757809544
1073,56.76128385791567,64,1664,80,1,1,0,65.74532593654529,1536,0.04854755555555555,65.79387349210084,65.79387349210084,65.80611793654529,65.82054114395915,65.84689822779328,67.50280451459322,9.085614369877604,10.741520656677551,8.984042078629614,0.0,0.014423207413855721,0.026357083834128048
1074,56.76941332276248,160,2496,122,2,1,5,68.16264599214362,256,0.6377102222222223,68.80035621436585,68.80035621436585,68.81722288103252,68.83936614857902,68.86580560170401,73.06561751843988,12.09639227894153,16.296204195677397,11.393232669381142,0.0,0.02214326754649676,0.026439453124993406
1075,56.770886357305336,128,1088,96,3,1,6,67.63437355896747,576,0.15348622222222222,67.7878597811897,67.7878597811897,67.79690422563414,67.8063389109284,67.8325253455875,71.15151235371415,11.061638988282162,14.380625996408817,10.863487201662132,0.0,0.009434685294266387,0.026186434659095426
1076,56.78622145195526,96,2368,94,4,1,3,63.302731041895534,256,0.6017706666666667,63.9045017085622,63.9045017085622,63.92065726411776,63.94099656635014,63.96739006678416,66.47875912215369,7.181168614828906,9.692537670198433,6.516509589940277,0.0,0.020339302232379453,0.02639350043402544
1077,56.8155523313743,128,2432,110,5,0,5,66.20098647824423,2240,0.06862933333333333,66.26961581157757,66.26961581157757,66.28612692268868,66.30399693647674,66.33022097619028,69.66239298576706,9.514668644815977,12.846840654392757,9.385434146869933,0.0,0.017870013788055417,0.026224039713540037
1078,56.905680389733774,160,4736,91,6,1,0,64.35464781783122,4288,0.14665244444444445,64.50130026227566,64.50130026227566,64.53061137338678,64.54839076199991,64.57490996772908,68.77861635084382,7.66922957799531,11.872935961110045,7.448967428097447,0.0,0.01777938861313544,0.026519205729172768
1079,56.946168988622425,96,512,28,7,0,6,65.98813419328873,0,0.15175822222222224,66.13989241551096,66.13989241551096,66.1457368599554,66.16047798945695,66.18664188919654,68.67160293386884,9.240472900574112,11.725433945246415,9.041965204666305,0.0,0.014741129501544492,0.026163899739586327
1080,56.96406710265175,96,4544,107,0,1,1,64.27271148854707,256,1.212743111111111,65.48545459965818,65.48545459965818,65.51369904410262,65.52694616873889,65.55393835623889,68.08612307303574,8.589871253587141,11.12205597038399,7.308644385895327,0.0,0.01324712463626554,0.02699218749999943
1081,56.97638645115013,96,2496,90,1,1,5,65.79387349210084,2176,0.10437688888888888,65.89825038098974,65.89825038098974,65.91511704765641,65.92597240898318,65.95232142544523,68.44379447898673,8.975934974295107,11.467408027836605,8.817487040950716,0.0,0.010855361326775892,0.026349016462049235
1082,57.00714102742064,64,3200,82,2,1,4,68.80035621436585,3008,0.07093333333333333,68.87128954769918,68.87128954769918,68.89206732547696,68.89224554311026,68.91870631784985,70.58962840463214,11.911565290429216,13.5824873772115,11.793215186945211,0.0,0.0001782176333051666,0.026460774739589965
1083,57.01472177111704,96,2176,85,3,1,1,67.7878597811897,2048,0.050083555555555555,67.83794333674525,67.83794333674525,67.85303222563414,67.85871226852784,67.88488927048097,70.36695215561147,10.87016749936393,13.352230384494433,10.773138010072657,0.0,0.005680042893700943,0.026177001953129775
1084,57.01812792776775,64,4480,95,4,1,5,63.9045017085622,256,1.1947733333333332,65.09927504189554,65.09927504189554,65.12716393078443,65.13017604071148,65.15661622625835,66.82202767684119,8.1384882984906,9.803899749073437,6.88637378079445,0.0,0.003012109927041706,0.026440185546874773
1085,57.05141823443826,160,1664,80,5,1,1,66.26961581157757,1536,0.04854755555555555,66.31816336713312,66.31816336713312,66.33040781157757,66.35644550418506,66.38263878843986,70.54831835419746,9.331220554001604,13.496900119759204,9.218197577139307,0.0,0.02603769260748834,0.02619328425480205
1086,57.055329987451415,64,2176,85,6,1,3,64.50130026227566,1856,0.10341688888888889,64.60471715116455,64.60471715116455,64.61980604005343,64.62794984403116,64.65443527071386,66.32200324902459,7.599105283262446,9.266673261573175,7.445970274824248,0.0,0.008143803977731068,0.026485426682697266
1087,57.05986328370702,64,3072,86,7,0,7,66.13989241551096,2880,0.07054933333333334,66.21044174884429,66.21044174884429,66.23050841551095,66.23897115351946,66.26515743281634,67.90925672328011,9.20529414910932,10.849393439573092,9.08002913180394,0.0,0.008462738008503834,0.02618627929687989
1088,57.06328863312576,64,1216,88,0,1,6,65.48545459965818,256,0.27831466666666665,65.76376926632484,65.76376926632484,65.7735248218804,65.79764359712429,65.82452909517117,67.50134738944199,8.761240462045414,10.43805875631623,8.422165966532425,0.0,0.024118775243891832,0.02688549804688023
1089,57.077197630861036,160,1600,89,1,1,3,65.89825038098974,256,0.3861333333333334,66.28438371432307,66.28438371432307,66.29627260321196,66.32125892544524,66.34757692674732,70.51906356845845,9.270379295886286,13.441865937597413,8.8210527501287,0.0,0.024986322233274905,0.02631800130208717
1090,57.08108492983716,128,4608,111,2,1,7,68.87128954769918,4096,0.16404622222222223,69.0353357699214,69.0353357699214,69.0639357699214,69.0774812201936,69.10405767108647,72.46463494009699,12.022972741249305,15.383550010259825,11.790204617862017,0.0,0.013545450272204107,0.026576450892861203
1091,57.082191508155354,64,256,42,3,0,3,67.83794333674525,0,0.07987911111111111,67.91782244785637,67.91782244785637,67.92224467007858,67.93724473923096,67.96334217012038,69.60781805767411,10.88115066196503,12.525626549518755,10.7557518285899,0.0,0.015000069152378614,0.026097430889421958
1092,57.12504571553039,96,2432,46,4,1,7,65.09927504189554,256,0.6197404444444444,65.71901548633998,65.71901548633998,65.7355265974511,65.73842384344584,65.76484593545973,68.25752924356873,8.639800219929342,11.132483528038335,7.974229326365148,0.0,0.00289724599474539,0.026422092013888232
1093,57.13265849141897,160,4096,81,5,0,6,66.31816336713312,0,1.1580657777777779,67.4762291449109,67.4762291449109,67.50198470046647,67.5079711588879,67.53424866539831,71.70243664304297,10.401590173979336,14.569778151624,9.185504875714152,0.0,0.005986458421432417,0.02627750651041083
1094,57.1365510795445,64,5248,83,6,1,7,64.60471715116455,5120,0.05929955555555556,64.6640167067201,64.6640167067201,64.69617226227567,64.70740758892299,64.73397130962611,66.40158308300897,7.59742023008161,9.26503200346447,7.468166071620047,0.0,0.011235326647323518,0.026563720703123295
1095,57.148364813512856,64,1664,80,7,1,5,66.21044174884429,1536,0.04854755555555555,66.25898930439985,66.25898930439985,66.2712337488443,66.50085591914446,66.52696309687883,68.1709835909559,9.378598283365974,11.022618777443043,9.062076935331433,0.0,0.22962217030016063,0.02610717773437443
1096,57.16807554060416,96,4416,155,0,1,1,65.76376926632484,256,1.1768035555555554,66.9405728218804,66.9405728218804,66.96810615521373,66.97213944673366,66.9988116472545,69.51763137691717,9.830736106650342,12.349555836313009,8.595693725720686,0.0,0.004033291519931481,0.026672200520835077
1097,57.17565244472959,64,1344,109,1,1,4,66.28438371432307,256,0.3142542222222222,66.59863793654529,66.59863793654529,66.60910460321196,66.6112134995495,66.63747486952718,68.2866709112784,9.461822424797589,11.111018466548813,9.108731269593477,0.0,0.0021088963375461844,0.02626136997767503
1098,57.178734611339834,64,1664,89,2,1,1,69.0353357699214,1152,0.15521422222222223,69.19054999214363,69.19054999214363,69.20279443658808,69.21036835747039,69.2368514507321,70.90679474577797,12.05811683939227,13.728060134438138,11.856601158581569,0.0,0.007573920882308016,0.026483093261717272
1099,57.18974507361227,64,2624,34,3,0,3,67.91782244785637,2432,0.06920533333333334,67.9870277811897,67.9870277811897,68.00460555896747,68.01553849674298,68.04165041778093,69.68643235987581,10.851905344168657,12.496687286263537,10.728077374244094,0.0,0.010932937775507412,0.026111921037951902
1100,57.21111989701704,96,4416,139,4,1,7,65.71901548633998,256,1.1768035555555554,66.89581904189554,66.89581904189554,66.92335237522887,66.9270173252787,66.95341722762245,69.42430118307128,9.74229733060541,12.213181286054237,8.507895589322942,0.0,0.003664950049824256,0.02639990234375489
1101,57.267063018428864,64,4800,91,5,1,6,67.4762291449109,4224,0.1824,67.6586291449109,67.6586291449109,67.68829581157758,67.69192395836707,67.71831116539832,69.37585355839755,10.451248146969455,12.108790539968687,10.209166126482039,0.0,0.00362814678949519,0.02638720703124875
1102,57.368724744511916,160,4672,71,6,1,7,64.6640167067201,256,1.2486826666666666,65.91269937338677,65.91269937338677,65.94165492894233,65.95167774025602,65.97819775978726,70.17172178847261,8.609473015275348,12.802997043960694,7.295291962208189,0.0,0.010022811313689317,0.026520019531247385
1103,57.37251774331416,96,4096,45,7,0,1,66.25898930439985,0,1.1580657777777779,67.41705508217763,67.41705508217763,67.44281063773319,67.46456891033621,67.49068422609142,69.98460788643578,10.118166482777255,12.61209014312162,8.886471561085685,0.0,0.021758272603022988,0.02611531575520587
1104,57.38422474705216,160,1664,80,0,1,7,66.9405728218804,1536,0.04854755555555555,66.98912037743595,66.98912037743595,67.0013648218804,67.02548433605658,67.05194234386907,71.25511456630674,9.667717596816914,13.870889819254586,9.556348074828236,0.0,0.02411951417617786,0.026458007812493634
1105,57.41902780888209,128,2560,90,1,0,1,66.59863793654529,2368,0.06901333333333334,66.66765126987862,66.66765126987862,66.68487349210083,66.6899990743263,66.71626105349296,70.04502455246143,9.297233244610865,12.625996743579336,9.179610127663196,0.0,0.0051255822254603345,0.026261979166662286
1106,57.47627331083483,64,4096,112,2,0,4,69.19054999214363,0,1.1580657777777779,70.34861576992141,70.34861576992141,70.37437132547697,70.37748992496945,70.40409330108552,72.07036709119784,12.927819990250697,14.59409378036301,11.714276681308803,0.0,0.0031185994924811666,0.02660337611607133
1107,57.51473257178192,96,4096,107,3,0,0,67.9870277811897,0,1.1580657777777779,69.14509355896747,69.14509355896747,69.17084911452304,69.18948061538008,69.21565610366133,71.70270141737673,11.700923531879411,14.18796884559481,10.472295209407775,0.0,0.01863150085704035,0.026175488281253934
1108,57.51966910902689,64,704,108,4,0,,66.89581904189554,256,0.13455644444444445,67.03037548633998,67.03037548633998,67.03728659745109,67.05902171980995,67.08527283588138,68.72357079194548,9.56560372685449,11.203901682918584,9.376149932868643,0.0,0.021735122358862213,0.026251116071435376
1109,57.53144868867714,64,1472,84,5,1,6,67.6586291449109,768,0.20797155555555558,67.86660070046646,67.86660070046646,67.87777847824424,67.90294739586706,67.92936780602331,69.58419061196898,10.39791911734617,12.05274192329184,10.127180456233766,0.0,0.02516891762282114,0.02642041015624841
1110,57.54888293641635,160,640,52,6,0,,65.91269937338677,256,0.11658666666666667,66.02928604005344,66.02928604005344,66.03584159560899,66.05788994728726,66.08436069480148,70.2767852650351,8.535477758385127,12.727902328618754,8.363816436970424,0.0,0.022048351678279232,0.026470747514210302
1111,57.57094612097171,128,3200,82,7,1,2,67.41705508217763,2368,0.2487111111111111,67.66576619328873,67.66576619328873,67.68654397106651,67.69966073680402,67.72585071890038,71.05591919828476,10.154904597928663,13.484973077313043,9.846108961205914,0.0,0.013116765737507308,0.026189982096354925
1112,57.57563190990062,64,3200,82,0,1,7,66.98912037743595,2688,0.15982222222222223,67.14894259965817,67.14894259965817,67.16972037743595,67.18423970715033,67.21072095715033,68.88156121361423,9.635089047249707,11.305929303713611,9.41348846753533,0.0,0.014519329714374862,0.026481250000003342
1113,57.59105498980189,96,704,52,1,1,6,66.66765126987862,256,0.13455644444444445,66.80220771432306,66.80220771432306,66.80911882543417,66.82131385297212,66.84752073163423,69.33421150605146,9.256465741832343,11.74315651624957,9.076596280076728,0.0,0.012195027537956094,0.02620687866210858
1114,57.60312776631279,128,2176,81,2,1,6,70.34861576992141,2048,0.050083555555555555,70.39869932547697,70.39869932547697,70.41378821436585,70.43069716548284,70.4572337865766,73.79738407385712,12.854106020263806,16.19425630754433,12.74548800360862,0.0,0.016908951116988646,0.02653662109375432
1115,57.61953195194072,128,1664,80,3,1,0,69.14509355896747,1536,0.04854755555555555,69.19364111452303,69.19364111452303,69.20588555896748,69.21565610366133,69.24179903689996,72.5642870061044,11.62226708495924,14.944755054163672,11.525561607026752,0.0,0.009770544693850525,0.026142933238631372
1116,57.65897846890885,128,1664,80,4,1,3,67.03037548633998,1536,0.04854755555555555,67.07892304189554,67.07892304189554,67.09116748633998,67.11152444023406,67.13772158378875,70.43873761046224,9.478743114879897,12.779759141553392,9.371397017431129,0.0,0.020356953894079766,0.02619714355468261
1117,57.709336481073855,64,2688,26,5,1,3,67.86660070046646,256,0.6916195555555555,68.55822025602203,68.55822025602203,68.57615358935536,68.5900367513358,68.61645779625768,70.26171713793325,10.907121315183822,12.552380656859391,10.157264219392609,0.0,0.013883161980444925,0.026421044921875136
1118,57.71901301364877,128,1664,80,6,1,4,66.02928604005344,1536,0.04854755555555555,66.077833595609,66.077833595609,66.09007804005344,66.11083193059693,66.13714314331,69.48875911207429,8.418130129661229,11.769746098425522,8.310273026404666,0.0,0.02075389054348875,0.026311212713068244
1119,57.73302105958646,160,2560,30,7,1,2,67.66576619328873,256,0.65568,68.32144619328874,68.32144619328874,68.33866841551095,68.35557388113448,68.3819920940251,72.55645872581452,10.648971034438631,14.82343766622806,9.93274513370227,0.0,0.01690546562352324,0.02641821289061852
1120,57.74588229370596,128,2176,81,0,1,2,67.14894259965817,2048,0.050083555555555555,67.19902615521373,67.19902615521373,67.21411504410261,67.23720269543158,67.263614967567,70.6249806748564,9.517732673861033,12.879098381150442,9.40306030595221,0.0,0.023087651328964398,0.02641227213541697
1121,57.75844746647627,64,1472,101,1,1,7,66.80220771432306,1024,0.13686044444444445,66.93906815876751,66.93906815876751,66.95024593654529,67.45041370648775,67.47660886639986,69.1247385707836,9.718161399923588,11.366291104307336,9.043760247846791,0.0,0.5001677699424647,0.026195159912106192
1122,57.760756470797574,160,2176,81,2,1,0,70.39869932547697,2048,0.050083555555555555,70.44878288103253,70.44878288103253,70.46387176992141,70.4837708959516,70.51025570497937,74.68367798071523,12.749499234181798,16.922921509917657,12.637942854679395,0.0,0.0198991260301824,0.026484809027778056
1123,57.7674622415853,96,1536,77,3,1,7,69.19364111452303,256,0.3681635555555556,69.56180467007859,69.56180467007859,69.57333800341192,69.58170160259598,69.60781805767411,72.0948525404236,11.84035581608881,14.327390298838303,11.426178872937733,0.0,0.008363599184065151,0.026116455078124545
1124,57.78060805238275,64,1664,80,4,1,6,67.07892304189554,1536,0.04854755555555555,67.1274705974511,67.1274705974511,67.13971504189554,67.16391921562469,67.19017788261688,68.82727277404541,9.409569830234126,11.046664721662658,9.298314989512782,0.0,0.02420417372914585,0.026258666992191593
1125,57.833295922128784,128,1344,105,5,0,5,68.55822025602203,1152,0.06536533333333333,68.62358558935536,68.62358558935536,68.63405225602203,68.6428793294608,68.66923173535568,71.99060887660912,10.835935813226897,14.157312954480332,10.724924333893242,0.0,0.00882707343876632,0.02635240589488319
1126,57.91722639053577,128,5248,83,6,0,6,66.077833595609,5120,0.05929955555555556,66.13713315116455,66.13713315116455,66.16928870672011,66.18976703357988,66.21618386300696,69.56754445142975,8.298957472471194,11.650318060893987,8.160607205073227,0.0,0.020478326859773688,0.02641682942707746
1127,57.91936492590209,128,1280,88,7,1,0,68.32144619328874,960,0.10072888888888888,68.42217508217763,68.42217508217763,68.43228619328875,68.4348299846501,68.46113613699384,71.79093350957568,10.541771211091756,13.871568583673593,10.402081267386649,0.0,0.002543791361347303,0.02630615234375
1128,57.95377346726822,64,4416,31,0,1,3,67.19902615521373,256,1.1768035555555554,68.37582971076928,68.37582971076928,68.40336304410262,68.42957570975449,68.45614524100449,70.12525345391651,10.502371773736272,12.171479986648293,9.24525268794551,0.0,0.02621266565186886,0.026569531250004275
1129,57.96240281048806,160,768,144,1,1,4,66.93906815876751,256,0.15252622222222223,67.09159438098973,67.09159438098973,67.0988610476564,67.50280451459322,67.52897135419283,71.70036634584872,9.566568543704776,13.737963535360663,8.976665348279454,0.0,0.40394346693682337,0.02616683959961108
1130,57.963452899815735,160,2176,81,2,0,2,70.44878288103253,2048,0.050083555555555555,70.49886643658809,70.49886643658809,70.51395532547697,70.5367410022884,70.56318445931964,74.73585457576732,12.599731559503908,16.772401675951585,12.485329981216793,0.0,0.022785676811423627,0.02644345703124884
1131,57.965619391388095,96,2048,84,3,0,5,69.56180467007859,0,0.5830328888888889,70.14483755896748,70.14483755896748,70.15921533674526,70.1840416941857,70.21017029525991,72.69469200827453,12.244550903871819,14.729072616886434,11.596185278690491,0.0,0.024826357440431934,0.02612860107421966
1132,57.98477532793572,96,1728,89,4,1,2,67.1274705974511,256,0.42207288888888894,67.54954348633999,67.54954348633999,67.56214348633999,67.58270344297773,67.60874161029544,70.07458193897716,9.623966282359717,12.089806611041439,9.142695269515372,0.0,0.02055995663774013,0.026038167317707916
1133,58.01160774924581,96,2176,5,5,1,4,68.62358558935536,2048,0.050083555555555555,68.67366914491092,68.67366914491092,68.6887580337998,68.69558462953182,68.72191377178443,71.2028901857947,10.710306022538617,13.191282436548889,10.611977840109546,0.0,0.006826595732022156,0.02632914225260663
1134,58.02134919811482,96,4864,91,6,1,5,66.13713315116455,4608,0.0937031111111111,66.23083626227566,66.23083626227566,66.26085848449789,66.26901898670488,66.29551087372411,68.80491816969148,8.274161675609292,10.783568971576656,8.115783953049728,0.0,0.008160502206990827,0.026491887019233218
1135,58.02475872990696,96,1408,105,7,1,5,68.42217508217763,256,0.332224,68.75439908217763,68.75439908217763,68.76522130439984,68.77752383230634,68.80389185685992,71.29131833332939,10.779133126952964,13.26655960342243,10.397416352270675,0.0,0.012302527906498995,0.026368024553576674
1136,58.05742927468254,96,2176,85,0,1,6,68.37582971076928,1472,0.21008355555555558,68.58591326632484,68.58591326632484,68.60100215521372,68.61557268241074,68.6420605567597,71.149911648245,10.584631282077162,13.092482373562454,10.31840043608674,0.0,0.014570527197022898,0.02648787434895894
1137,58.05886522683409,160,4480,43,1,1,7,67.09159438098973,4160,0.11032888888888889,67.20192326987862,67.20192326987862,67.22981215876752,67.5813064982358,67.60747382611666,71.77923621889559,9.548608599282574,13.720370992061504,9.032729154155646,0.0,0.3514943394682888,0.02616732788085585
1138,58.08102421711742,96,4288,103,2,1,6,70.49886643658809,256,1.140864,71.63973043658808,71.63973043658808,71.6665526588103,71.6736527431273,71.70017666890855,74.18929098652453,13.619152451791138,16.10826676940711,12.417842219470671,0.0,0.007100084317002597,0.02652392578124818
1139,58.13558872574281,160,2752,98,3,1,4,70.14483755896748,256,0.7095893333333334,70.85442689230081,70.85442689230081,70.8727157811897,70.88975000717397,70.91592404456236,75.07833732743292,12.780335318819553,16.942748601690113,12.009248833224675,0.0,0.01703422598427551,0.02617403738838675
1140,58.17496798501276,64,1152,32,4,1,2,67.54954348633999,832,0.10034488888888889,67.64988837522887,67.64988837522887,67.65928837522887,67.6608194097746,67.68679088019871,69.32027237447753,9.51182289518595,11.145304389464762,9.374575501327222,0.0,0.0015310345457351104,0.02597147042411052
1141,58.18820063289778,96,640,148,5,0,,68.67366914491092,256,0.11658666666666667,68.79025581157758,68.79025581157758,68.79681136713313,68.8007992402385,68.82694930534267,71.30779477563846,10.638748672444883,13.119594142740674,10.485468512013135,0.0,0.003987873105373296,0.026150065104161513
1142,58.20467668395484,160,768,108,6,1,4,66.23083626227566,256,0.15252622222222223,66.38336248449788,66.38336248449788,66.39062915116455,66.40158308300897,66.42792577506627,70.61843862973681,8.223249091111434,12.413761945781978,8.026159578320822,0.0,0.010953931844426279,0.026342692057298223
1143,58.25490223222901,64,2176,81,7,1,2,68.75439908217763,1536,0.1923057777777778,68.9467048599554,68.9467048599554,68.96179374884429,68.96211025808759,68.98844308279462,70.63655694242536,10.73354085056561,12.38165471019635,10.49949684994862,0.0,0.00031650924330506314,0.026332824707026248
1144,58.25942367638254,64,5248,83,0,1,6,68.58591326632484,5120,0.05929955555555556,68.64521282188039,68.64521282188039,68.67736837743595,68.69503777030137,68.72168041818084,70.38868322279673,10.4622567417983,12.12925954641419,10.326489589942298,0.0,0.01766939286541458,0.026642647879469905
1145,58.27632842405038,96,4096,93,1,0,7,67.20192326987862,0,1.1580657777777779,68.3599890476564,68.3599890476564,68.38574460321196,68.39130600242423,68.41754999656486,70.91498714662995,10.141221572514482,12.638658722579578,8.925594845828243,0.0,0.005561399212268725,0.0262439941406285
1146,58.27941646561393,96,3200,82,2,1,0,71.63973043658808,3072,0.05315555555555555,71.69288599214363,71.69288599214363,71.71366376992141,71.72670108297105,71.75323016283215,74.24139822059905,13.473813697218226,15.961981754985125,13.360313970974154,0.0,0.013037313049636623,0.026529079861106197
1147,58.282739470298765,128,2368,138,3,1,5,70.85442689230081,256,0.6017706666666667,71.45619755896747,71.45619755896747,71.47235311452303,71.49314427103187,71.51940898922383,74.84176555008918,13.23666951892507,16.559026079790414,12.571687422002043,0.0,0.02079115650883523,0.026264718191967518
1148,58.320460504656275,64,1600,84,4,1,5,67.64988837522887,960,0.1905777777777778,67.84046615300664,67.84046615300664,67.85235504189554,67.86860484504246,67.8945559558823,69.52799014791503,9.574095451226022,11.20752964325876,9.329427870572594,0.0,0.016249803146919817,0.025951110839841363
1149,58.326392712798025,128,1664,80,5,1,4,68.79025581157758,1536,0.04854755555555555,68.83880336713314,68.83880336713314,68.85104781157759,68.85309985872809,68.87922485872808,72.19949901332787,10.552832145930054,13.873106300529841,10.463863098779555,0.0,0.0020520471504994475,0.026124999999993292
1150,58.36970630640151,160,2176,126,6,0,,66.38336248449788,256,0.5478613333333333,66.93122381783121,66.93122381783121,66.9463127067201,66.95525094818416,66.98158657495972,71.17259469922071,8.61188026855821,12.802888392819199,8.013656178096369,0.0,0.0089382414640653,0.02633562677556256
1151,58.37694972906853,96,2240,126,7,1,6,68.9467048599554,256,0.5658311111111111,69.51253597106651,69.51253597106651,69.52798041551095,69.53970760044248,69.56585915073545,72.05464322637256,11.18890942166692,13.677693497304034,10.569755130886875,0.0,0.011727184931530132,0.026151550292965453
1152,58.38532142068893,160,4672,107,0,0,0,68.64521282188039,4416,0.0931271111111111,68.73833993299151,68.73833993299151,68.76729548854706,68.77496717878351,68.80169093366632,73.00750267791032,10.41636951297739,14.622181257221392,10.25989140119146,0.0,0.007671690236449535,0.026723754882809203
1153,58.45874612650367,64,4288,99,1,1,0,68.3599890476564,256,1.140864,69.50085304765639,69.50085304765639,69.52767526987861,69.54477661021812,69.57120957617795,71.22943594685317,11.11246344967428,12.770689820349503,9.901242921152729,0.0,0.017101340339507942,0.02643296595982747
1154,58.5282934447413,128,1216,32,2,1,4,71.69288599214363,960,0.0827591111111111,71.77564510325475,71.77564510325475,71.7854006588103,71.80628978739813,71.8327266526325,75.15332536767073,13.3044332078912,16.62503192292943,13.164592547402329,0.0,0.020889128587825212,0.026436865234373386
1155,58.56001009377158,96,1024,100,3,0,3,71.45619755896747,832,0.06440533333333334,71.52060289230081,71.52060289230081,71.5292917811897,71.54567419569705,71.57184417860721,74.05440387350892,13.011834084835627,15.494393779737337,12.896187465195894,0.0,0.016382414507347676,0.026169982910161593
1156,58.60666531266916,160,1664,84,4,0,4,67.84046615300664,1472,0.06632533333333333,67.90679148633998,67.90679148633998,67.91903593078443,67.9205075550034,67.94644413269437,72.07355953981262,9.33977882002521,13.466894227143463,9.233800840337487,0.0,0.001471624218964962,0.025936577690970353
1157,58.633131081287544,128,2688,22,5,1,3,68.83880336713314,2176,0.15828622222222222,68.99708958935535,68.99708958935535,69.01502292268869,69.03596598828537,69.06212573763433,72.3817823249598,10.428994656346788,13.748651243672256,10.205672285845594,0.0,0.020943065596682686,0.026159749348963146
1158,58.670601979483834,128,5248,7,6,1,5,66.93122381783121,5056,0.07707733333333333,67.00830115116455,67.00830115116455,67.04045670672011,67.06059638497392,67.08703604154944,70.43487320004931,8.416434062065605,11.764271220565476,8.260621838347376,0.0,0.020139678253812576,0.026439656575519166
1159,58.70074597428781,96,4096,80,7,0,5,69.51253597106651,0,1.1580657777777779,70.67060174884429,70.67060174884429,70.69635730439985,70.71480567289412,70.74104224515975,73.24449679237577,12.040296270871934,14.543750818087958,10.8117899967787,0.0,0.018448368494262013,0.026236572265631253
1160,58.76203207758536,64,1664,80,0,1,5,68.73833993299151,1536,0.04854755555555555,68.78688748854707,68.78688748854707,68.79913193299151,68.80169093366632,68.82831387203437,70.49361495220015,10.066281794449011,11.731582874614787,9.976307855406148,0.0,0.002559000674807521,0.02662293836804963
1161,58.775400890941896,64,832,144,1,0,1,69.50085304765639,640,0.06382933333333334,69.56468238098972,69.56468238098972,69.57230460321195,69.59764303041902,69.62394851137606,71.28154499633234,10.84854762043416,12.506144105390447,10.725452156714496,0.0,0.025338427207074687,0.026305480957034888
1162,58.81784597453998,128,1536,93,2,1,7,71.77564510325475,1088,0.13705244444444445,71.9126975476992,71.9126975476992,71.92423088103253,71.9384789963825,71.96485563878306,75.28438280175277,13.147009664243086,16.466536827212792,12.957799128714768,0.0,0.014248115349971613,0.02637664240056381
1163,58.88103672332707,160,4736,71,3,1,6,71.52060289230081,4224,0.16443022222222223,71.68503311452304,71.68503311452304,71.71434422563415,71.72874947820262,71.75495602117137,75.92087633180421,12.873919297844296,17.039839608477138,12.639566168973744,0.0,0.014405252568465698,0.026206542968751023
1164,58.8969408572557,64,1024,92,4,1,0,67.90679148633998,256,0.22440533333333335,68.13119681967332,68.13119681967332,68.1398857085622,68.15395433234714,68.17985120734714,69.81422781881348,9.282910350091441,10.917286961557778,9.009850629084283,0.0,0.014068623784936563,0.02589687500000082
1165,59.002730807068716,96,2176,81,5,1,7,68.99708958935535,1792,0.12119466666666667,69.11828425602202,69.11828425602202,69.1333731449109,69.1406079153687,69.16676198688313,71.64977285181033,10.164031179814415,12.64704204474161,9.994358782286639,0.0,0.0072347704577993,0.02615407151442639
1166,59.01919314147107,96,1408,17,6,1,1,67.00830115116455,1024,0.11889066666666667,67.12719181783122,67.12719181783122,67.13801404005343,67.13991681954423,67.16629997008509,69.67233278150788,8.147106828614021,10.653139640036805,7.989108009693474,0.0,0.0019027794907913176,0.02638315054086604
1167,59.045993221065956,160,1792,89,7,1,4,70.67060174884429,256,0.4400426666666667,71.11064441551096,71.11064441551096,71.12359997106651,71.13442017484725,71.16053931547225,75.35951840424644,12.114546094406293,16.313525183180488,11.624608527778335,0.0,0.01082020378073878,0.026119140624999204
1168,59.10069924325381,96,704,152,0,1,2,68.78688748854707,256,0.13455644444444445,68.92144393299151,68.92144393299151,68.92835504410262,68.93481817162204,68.9613045540005,71.46665424497118,9.860605310746699,12.365955001717374,9.686188245293259,0.0,0.006463127519424461,0.026486382378465123
1169,59.105093778910685,128,2496,110,1,1,5,69.56468238098972,256,0.6377102222222223,70.20239260321195,70.20239260321195,70.21925926987862,70.22943194178434,70.25575964825755,73.58242942016047,11.150665869346867,14.47733564124978,10.459588602079037,0.0,0.010172671905721131,0.02632770647321081
1170,59.19504819154271,160,1664,84,2,1,4,71.9126975476992,576,0.31521422222222223,72.22791176992142,72.22791176992142,72.24015621436587,72.25457441541658,72.28084581101318,76.44127845876231,13.085797619470469,17.2462302672196,12.717649356156485,0.0,0.014418201050716561,0.02627139559659497
1171,59.268574986399955,64,1216,97,3,1,4,71.68503311452304,256,0.27831466666666665,71.9633477811897,71.9633477811897,71.97310333674525,71.99052856581422,72.01660882704469,73.66023302389954,12.748033840644737,14.391658037499582,12.416458128123082,0.0,0.017425229068962267,0.0260802612304758
1172,59.343909411308694,128,1664,80,4,1,0,68.13119681967332,1536,0.04854755555555555,68.17974437522888,68.17974437522888,68.19198881967333,68.20574857062839,68.23163866295793,71.52941833555991,8.88772925164924,12.185508924251216,8.787287408364627,0.0,0.013759750955060213,0.025890092329547088
1173,59.40032573872515,128,2176,81,5,0,5,69.11828425602202,2048,0.050083555555555555,69.16836781157758,69.16836781157758,69.18345670046646,69.1929165466788,69.2190649841788,72.53779477613168,9.81873924545365,13.137469037406525,9.717958517296871,0.0,0.009459846212337197,0.026148437499998067
1174,59.405021909465255,128,2816,18,6,1,2,67.12719181783122,256,0.7275591111111112,67.85475092894232,67.85475092894232,67.87339537338677,67.87933548543238,67.9058170528152,71.25195173047071,8.50079514334994,11.846929821005453,7.722169908365963,0.0,0.005940112045607293,0.026481567382816706
1175,59.421029900946216,128,3136,86,7,0,7,71.11064441551096,2944,0.07074133333333334,71.18138574884429,71.18138574884429,71.20180797106651,71.212779061566,71.2389583305392,74.59482196869956,11.817928429592989,15.173792067753347,11.689614514564745,0.0,0.010971090499481306,0.02617926897320899
1176,59.449757044563725,64,2304,134,0,1,4,68.92144393299151,256,0.5838008888888889,69.5052448218804,69.5052448218804,69.5210448218804,69.54404025142888,69.57041801835597,71.22875955096076,10.12066097379224,11.779002506397035,9.471686888427783,0.0,0.022995429548487323,0.026377766927083712
1177,59.47828289749648,128,2304,78,1,1,4,70.20239260321195,256,0.5838008888888889,70.78619349210084,70.78619349210084,70.80199349210083,70.80962273186991,70.83599835966008,74.16098013165599,11.357715462163604,14.682697234159512,10.72410970571547,0.0,0.0076292397690735925,0.02637562779017344
1178,59.574111923897306,160,1856,89,2,1,7,72.22791176992142,1536,0.10245688888888889,72.33036865881031,72.33036865881031,72.34367976992142,72.35966292749045,72.3859056846519,76.54636034895327,12.811793760754597,16.972248425055966,12.653799846024114,0.0,0.015983157569024797,0.026242757161455188
1179,59.62299841997588,96,1600,8,3,1,4,71.9633477811897,832,0.22613333333333335,72.18948111452303,72.18948111452303,72.20137000341192,72.22547230883877,72.25155470629971,74.73669160655224,12.628556286323835,15.113693186576363,12.340349361213818,0.0,0.02410230542685099,0.026082397460939433
1180,59.66424297065221,64,2176,85,4,1,0,68.17974437522888,2048,0.050083555555555555,68.22982793078444,68.22982793078444,68.24491681967332,68.25752924356873,68.28340468746077,69.91837576803222,8.619161716808563,10.25413279738001,8.515501404576668,0.0,0.012612423895404845,0.025875443892047656
1181,59.85096823244109,64,1664,80,5,1,4,69.16836781157758,1536,0.04854755555555555,69.21691536713314,69.21691536713314,69.22915981157759,69.24521390996006,69.27134086308506,70.91461659638497,9.420372630643968,11.063648363943884,9.317399579136492,0.0,0.01605409838246885,0.026126953125000796
1182,59.942928805106405,160,3200,82,6,1,2,67.85475092894232,2752,0.14204444444444445,67.99679537338677,67.99679537338677,68.01757315116456,68.038232213948,68.06472271124368,72.25583342294817,8.12179390613727,12.312904617841767,7.911822123835918,0.0,0.02065906278345153,0.026490497295668547
1183,59.981677652855474,128,4928,91,7,1,6,71.18138574884429,4416,0.16500622222222222,71.34639197106651,71.34639197106651,71.37676974884428,71.3963417708294,71.42276301803922,74.78026457937665,11.441085365183746,14.798586926521175,11.199708095988818,0.0,0.019572021985112542,0.026421247209825083
1184,60.0152211984633,96,2176,81,0,1,5,69.5052448218804,2048,0.050083555555555555,69.55532837743596,69.55532837743596,69.57041726632484,69.57041801835597,69.59676469804347,72.10274046148905,9.581543499580171,12.087519263025747,9.490023623417095,0.0,7.520311271491664e-07,0.02634667968750648
1185,60.027235795239285,128,1664,80,1,1,5,70.78619349210084,1536,0.04854755555555555,70.8347410476564,70.8347410476564,70.84698549210084,70.86237447573151,70.88868056704011,74.21365210431223,10.861444771800826,14.186416309072946,10.75895769686155,0.0,0.01538898363067176,0.026306091308597956
1186,60.07521953132734,96,1216,117,2,1,4,72.33036865881031,256,0.27831466666666665,72.60868332547697,72.60868332547697,72.61843888103253,72.62145701040949,72.64754618832141,75.12717693017073,12.572326656994072,15.051957398843392,12.255149127482973,0.0,0.003018129376954448,0.026089177911927663
1187,60.34537562668933,96,2176,81,3,1,0,72.18948111452303,2048,0.050083555555555555,72.2395646700786,72.2395646700786,72.25465355896748,72.2776375920419,72.3037186467294,74.78921242508918,11.958343020040061,14.443836798399843,11.844105487833701,0.0,0.022984033074422427,0.026081054687494998
1188,60.57347717747089,160,2176,81,4,1,3,68.22982793078444,2048,0.050083555555555555,68.27991148634,68.27991148634,68.29500037522888,68.30928061963407,68.3351725467174,72.46214207812392,7.76169536924651,11.888664900653026,7.656350753313546,0.0,0.014280244405185272,0.025891927083335986
1189,60.57960535415849,64,4544,131,5,1,6,69.21691536713314,256,1.212743111111111,70.42965847824425,70.42965847824425,70.45790292268869,70.46991205980825,70.49604700299007,72.14745526332787,9.91644164883158,11.567849909169382,8.637310012974652,0.0,0.012009137119562752,0.026134943181816084
1190,60.702690682124796,64,1664,8,6,1,3,67.99679537338677,1280,0.11965866666666666,68.11645404005344,68.11645404005344,68.12869848449789,68.14437847296243,68.17087441647205,69.82973500318757,7.4681837343472495,9.127044321062769,7.294104691261978,0.0,0.015679988464540884,0.026495943509615927
1191,60.75729903157527,160,1664,80,7,1,1,71.34639197106651,1536,0.04854755555555555,71.39493952662207,71.39493952662207,71.40718397106652,71.42276301803922,71.4491085990939,75.65000019833126,10.691809567518632,14.892701166755984,10.589092939491238,0.0,0.015579046972703736,0.02634558105468443
1192,60.78527381406597,96,3200,82,0,1,6,69.55532837743596,3072,0.05315555555555555,69.6084839329915,69.6084839329915,69.62926171076928,69.64945952226222,69.67582715365427,72.18236339568377,8.890553339588301,11.397089581617799,8.770054563369989,0.0,0.020197811492934648,0.026367631392048452
1193,60.84774368851943,96,2432,94,1,1,4,70.8347410476564,256,0.6197404444444444,71.45448149210084,71.45448149210084,71.47099260321195,71.49098913695734,71.51717264932714,74.00312417462474,10.669428960807707,13.155380486105315,9.986997359136964,0.0,0.01999653374538468,0.026183512369797768
1194,60.86661868893782,128,2176,81,2,1,4,72.60868332547697,2048,0.050083555555555555,72.65876688103253,72.65876688103253,72.67385576992142,72.69972600898903,72.72581430651508,76.04641565610544,11.859195617577257,15.179796967167619,11.742064636539155,0.0,0.025870239067614875,0.026088297526044357
1195,60.92939435696298,160,1664,80,3,1,7,72.2395646700786,1536,0.04854755555555555,72.28811222563415,72.28811222563415,72.3003566700786,72.3037186467294,72.32977328540127,76.50200752948837,11.400378928438293,15.572613172525386,11.310170313115613,0.0,0.003361976650793963,0.02605463867188007
1196,61.041734753431484,64,2176,85,4,0,4,68.27991148634,2048,0.050083555555555555,68.32999504189556,68.32999504189556,68.34508393078444,68.36106496208198,68.38697091160121,70.02251671855305,7.345236158169726,8.980781965121565,7.238176732908514,0.0,0.01598103129754236,0.025905949519227534
1197,61.074118715662635,128,2496,46,5,1,4,70.42965847824425,256,0.6377102222222223,71.06736870046647,71.06736870046647,71.08423536713315,71.0980536623572,71.1242620607947,74.43345259457462,10.05014334513207,13.359333878911983,9.355539762581614,0.0,0.013818295224055532,0.026208398437503888
1198,61.26661394957842,64,2176,81,6,1,2,68.11645404005344,2048,0.050083555555555555,68.166537595609,68.166537595609,68.18162648449788,68.1973708482629,68.22383673832987,69.88225853834382,6.957222788751444,8.615644588765399,6.84984009047502,0.0,0.015744363765023195,0.026465890066958764
1199,61.324862718721405,160,1664,80,7,1,3,71.39493952662207,1536,0.04854755555555555,71.44348708217763,71.44348708217763,71.45573152662207,71.47545466842985,71.50174188631179,75.70299466447709,10.176879167590386,14.378131945755683,10.070076807900662,0.0,0.01972314180777346,0.026287217881943548
1200,61.34127573258963,160,5248,83,0,0,0,69.6084839329915,5120,0.05929955555555556,69.66778348854706,69.66778348854706,69.69993904410262,69.70219527332756,69.7286633722859,73.9407517238839,8.387387639696264,12.599475991294277,8.267208200401875,0.0,0.002256229224940398,0.026468098958332575
1201,61.38007445440315,128,2176,85,1,1,4,71.45448149210084,2048,0.050083555555555555,71.5045650476564,71.5045650476564,71.51965393654528,71.54335664997818,71.56952371192014,74.9041577241969,10.18944925751699,13.524083269793756,10.07440703769769,0.0,0.02370271343289687,0.026167061941961833
1202,61.39904320081538,128,4480,155,2,1,0,72.65876688103253,4160,0.11032888888888889,72.76909576992142,72.76909576992142,72.79698465881032,72.8040821287807,72.83025678322782,76.15221625715641,11.431213582412447,14.753173056341033,11.259723680217157,0.0,0.007097469970389625,0.026174654447117973
1203,61.54564137503329,64,4992,91,3,1,7,72.28811222563415,256,1.3385315555555557,73.62664378118971,73.62664378118971,73.65737711452304,73.66023302389954,73.68656456686828,75.34107414383917,12.140923191834993,13.795432768805874,10.74247085060086,0.0,0.0028559093764926047,0.026331542968748067
1204,61.549782796838336,128,1280,97,4,1,3,68.32999504189556,1024,0.0829511111111111,68.41294615300667,68.41294615300667,68.42305726411779,68.43878427548343,68.4646715173919,71.76264627135092,6.91488872055357,10.21286347451258,6.780212245057221,0.0,0.01572701136564092,0.02588724190847813
1205,61.66495546940446,64,3200,82,5,1,0,71.06736870046647,2944,0.0887111111111111,71.15607981157758,71.15607981157758,71.17685758935536,71.2028901857947,71.2291458498572,72.87565694131024,9.564190380452743,11.210701471905779,9.402413231062013,0.0,0.026032596439335975,0.02625566406250357
1206,61.77089939952865,64,704,116,6,1,4,68.166537595609,256,0.13455644444444445,68.30109404005344,68.30109404005344,68.30800515116455,68.32970518141022,68.35609854078523,70.01363618901347,6.585199141256574,8.242736789484816,6.395638196080348,0.0,0.021700030245668245,0.026393359375006753
1207,61.847226232071115,128,5056,11,7,1,6,71.44348708217763,256,1.3565013333333333,72.79998841551095,72.79998841551095,72.83107730439984,72.84722557151764,72.87380934662924,76.23466236757882,11.026583114558129,14.387436135507706,9.59626085010651,0.0,0.016148267117799264,0.026583775111603813
1208,61.89681108294582,96,1152,96,0,1,3,69.66778348854706,256,0.2603448888888889,69.92812837743595,69.92812837743595,69.93752837743595,69.94042574207757,69.96682823606795,72.47428995004574,8.070017153122137,10.577478867099927,7.770972405601242,0.0,0.0028973646416119436,0.026402493990389075
1209,61.9148885513248,160,2176,142,1,0,,71.5045650476564,256,0.5478613333333333,72.05242638098973,72.05242638098973,72.06751526987861,72.09242039858309,72.11851569480704,76.32193682808456,10.203627143482244,14.40704827675976,9.589676496331599,0.0,0.024905128704475032,0.02609529622395712
1210,61.97335336112503,160,1664,80,2,1,7,72.76909576992142,1536,0.04854755555555555,72.81764332547698,72.81764332547698,72.82988776992143,72.83025678322782,72.85640602290417,77.0179236163933,10.88305266177914,15.044570255268276,10.795742408796393,0.0,0.00036901330639693697,0.026149239676342972
1211,61.987795415499484,64,1152,121,3,0,,73.62664378118971,256,0.2603448888888889,73.88698867007861,73.88698867007861,73.89638867007861,73.8972344887433,73.9234844887433,75.57666206934141,11.935689073243815,13.588866653841926,11.63884836569023,0.0,0.0008458186646862487,0.026250000000004547
1212,61.993244865970574,128,1472,145,4,1,7,68.41294615300667,256,0.35019377777777777,68.76313993078445,68.76313993078445,68.77431770856222,68.77543613900076,68.80135421238246,72.09945286913954,6.808109346411889,10.106208003168966,6.419701287036098,0.0,0.0011184304385380983,0.025918073381703266
1213,62.00043651439951,64,1664,80,5,1,2,71.15607981157758,1536,0.04854755555555555,71.20462736713314,71.20462736713314,71.21687181157759,71.2291458498572,71.2553616701697,72.90154960081544,9.254925155770195,10.901113086415933,9.155643297178074,0.0,0.01227403827961382,0.026215820312501137
1214,62.09681629274048,128,3200,82,6,1,5,68.30109404005344,3072,0.05315555555555555,68.35424959560899,68.35424959560899,68.37502737338677,68.38249238844148,68.40889723463289,71.75419665086606,6.312080941892411,9.657380358125586,6.204277747312965,0.0,0.007465015054705759,0.02640484619141148
1215,62.15291473583911,64,1664,80,7,1,5,72.79998841551095,1536,0.04854755555555555,72.84853597106651,72.84853597106651,72.86078041551096,72.87380934662924,72.900297139598,74.56820993527943,10.747382403758884,12.415295199440315,10.647073679671841,0.0,0.013028931118284959,0.026487792968751478
1216,62.16421448880164,160,2496,94,0,1,1,69.92812837743595,256,0.6377102222222223,70.56583859965818,70.56583859965818,70.58270526632485,70.59871065532515,70.6249806748564,74.84156468849092,8.460766186054762,12.677350199689279,7.763913888634313,0.0,0.016005389000298464,0.026270019531253297
1217,62.167401112894446,96,4096,32,1,0,2,72.05242638098973,0,1.1580657777777779,73.21049215876751,73.21049215876751,73.23624771432307,73.24107534649976,73.26731830129886,75.79050069527207,11.099917188404412,13.623099582377627,9.885025268095283,0.0,0.004827632176684915,0.02624295479910188
1218,62.17036656274645,64,2048,110,2,0,1,72.81764332547698,0,0.5830328888888889,73.40067621436587,73.40067621436587,73.41505399214365,73.43165857162498,73.45779734813168,75.10107976220199,11.287430785385226,12.930713199455539,10.647276762730527,0.0,0.016604579481324322,0.02613877650669849
1219,62.22318566377758,64,256,83,3,0,0,73.88698867007861,0,0.07987911111111111,73.96686778118972,73.96686778118972,73.97129000341194,73.97598595358704,74.00212477194641,75.65563870159588,11.778939108168835,13.432453037818298,11.66380300630103,0.0,0.004695950175104713,0.02613881835937093
1220,62.26361734881434,96,3200,82,4,1,6,68.76313993078445,3072,0.05315555555555555,68.81629548634,68.81629548634,68.83707326411778,68.853197616293,68.87916845892693,71.34790554869467,6.615551110112584,9.084288199880326,6.499522581970105,0.0,0.016124352175225454,0.025970842633924462
1221,62.27910404261152,160,2048,4,5,0,6,71.20462736713314,0,0.5830328888888889,71.78766025602204,71.78766025602204,71.80203803379982,71.80739733640235,71.83361190888499,75.96882914035143,9.554507866273468,13.68972509773991,8.92552332452162,0.0,0.00535930260252826,0.026214572482643916
1222,62.415952534641995,160,1280,12,6,1,5,68.35424959560899,704,0.17184000000000002,68.526089595609,68.526089595609,68.53620070672011,68.77861635084382,68.80491816969148,72.9893551920645,6.38896563504948,10.573402657422498,5.938297060966995,0.0,0.2424156441237102,0.026301818847656477
1223,62.561143898773885,64,1344,97,7,1,4,72.84853597106651,256,0.3142542222222222,73.16279019328873,73.16279019328873,73.1732568599554,73.19169508881674,73.21809569645563,74.88532870698081,10.65695179768175,12.32418480820693,10.287392072292626,0.0,0.018438228861342054,0.02640060763889096
1224,62.59998201779781,96,1664,80,0,1,7,70.56583859965818,1536,0.04854755555555555,70.61438615521374,70.61438615521374,70.62663059965818,70.65126573345016,70.67750827606379,73.19374375568022,8.077526258265983,10.59376173788241,7.965856581860372,0.0,0.024635133791974795,0.02624254261363035
1225,62.67233731692293,128,3200,82,1,1,4,73.21049215876751,2432,0.23093333333333335,73.44142549210085,73.44142549210085,73.46220326987863,73.47727951781671,73.50356626098078,76.88008656766789,10.831228944057848,14.20774925074496,10.53815484184458,0.0,0.015076247938083043,0.02628674316406432
1226,62.71884067016984,128,1664,80,2,1,0,73.40067621436587,1536,0.04854755555555555,73.44922376992143,73.44922376992143,73.46146821436588,73.48393661291962,73.51005454911754,76.83461473263382,10.791213878947701,14.115774062463984,10.681835544196034,0.0,0.022468398553741054,0.026117936197920244
1227,62.73749980902747,128,5056,91,3,0,3,73.96686778118972,4864,0.07650133333333334,74.04336911452306,74.04336911452306,74.07445800341195,74.08061009095684,74.1069430011131,77.44974343908659,11.369443192085626,14.71224363005912,11.229367972162251,0.0,0.006152087544890605,0.026332910156256162
1228,62.75504405032838,96,1088,92,4,0,4,68.81629548634,896,0.06459733333333334,68.88089281967333,68.88089281967333,68.88993726411778,68.90513978984211,68.93108223775877,71.39977645933921,6.176038187430393,8.644732409010828,6.0612514360116165,0.0,0.015202525724333782,0.02594244791666256
1229,62.85675846173825,64,1664,80,5,1,2,71.78766025602204,1536,0.04854755555555555,71.8362078115776,71.8362078115776,71.84845225602204,71.85982696964888,71.88600221378951,73.52475825501931,9.029243752051258,10.667999793281055,8.930901794283784,0.0,0.011374713626835842,0.02617524414063155
1230,63.0388926731319,128,4736,107,6,1,0,68.526089595609,4096,0.1999857777777778,68.72607537338678,68.72607537338678,68.75538648449789,68.80491816969148,68.83121364088288,72.17700677620624,5.792320967750982,9.138114103074344,5.4871969224770965,0.0,0.04953168519358542,0.026295471191403408
1231,63.13101564075349,160,5248,83,7,1,0,73.16279019328873,5120,0.05929955555555556,73.22208974884428,73.22208974884428,73.25424530439984,73.27081771522734,73.29727702512317,77.48531778385306,10.166261384369676,14.354302143099574,10.03177455253524,0.0,0.016572410827492945,0.026459309895827232
1232,63.15693833844916,160,1408,97,0,1,7,70.61438615521374,256,0.332224,70.94661015521373,70.94661015521373,70.95743237743595,70.96620847137629,70.99241013153254,75.21050811592937,7.835471793083379,12.053569777480213,7.457447816764578,0.0,0.008776093940340957,0.026201660156246476
1233,63.15853387937654,96,4352,119,1,1,4,73.44142549210085,256,1.1588337777777777,74.60025926987862,74.60025926987862,74.6274370476564,74.63694507306224,74.66353804181223,77.19906435087101,11.50500416243569,14.04053047149447,10.282891612724306,0.0,0.009508025405835951,0.02659296874999484
1234,63.236657482361515,128,4096,155,2,0,2,73.44922376992143,0,1.1580657777777779,74.60728954769921,74.60728954769921,74.63304510325477,74.65758637164072,74.68367798071523,78.01574111009752,11.447020498353716,14.779083627736007,10.212566287559916,0.0,0.024541268385945614,0.02609160907451269
1235,63.382051271562055,128,1664,80,3,1,5,74.04336911452306,1536,0.04854755555555555,74.09191667007862,74.09191667007862,74.10416111452307,74.1069430011131,74.13322904514719,77.47587909989389,10.751177773585134,14.093827828331833,10.661317842961004,0.0,0.0027818865900286482,0.026286044034094402
1236,63.42660217264044,160,1920,89,4,1,2,68.88089281967333,1600,0.10264888888888889,68.98354170856223,68.98354170856223,68.9972083752289,69.00891251119627,69.03485648092284,73.16131839204438,5.6082543082823975,9.734716219403936,5.454290647032892,0.0,0.011704135967377738,0.025943969726569094
1237,63.56413865539219,160,1664,80,5,1,3,71.8362078115776,1536,0.04854755555555555,71.88475536713315,71.88475536713315,71.8969998115776,71.91217794621139,71.93832110139604,76.07310716957319,8.37418244600385,12.508968514181,8.272069156185403,0.0,0.01517813463378559,0.026143155184655598
1238,63.62650307813051,96,256,138,6,0,3,68.72607537338678,0,0.07987911111111111,68.80595448449789,68.80595448449789,68.8103767067201,69.48875911207429,69.51502040357819,72.01858022139712,5.88851732544768,8.392077143266604,5.099572295256266,0.0,0.6783824053541849,0.026261291503899997
1239,63.637321155292874,96,4096,80,7,0,5,73.22208974884428,0,1.1580657777777779,74.38015552662206,74.38015552662206,74.40591108217762,74.40900895871692,74.43554123410755,76.94008189571778,10.798220078814673,13.302760740424908,9.58476859355141,0.0,0.0030978765393001595,0.026532275390621862
1240,63.822255530169265,128,5248,83,0,1,7,70.94661015521373,5120,0.05929955555555556,71.00590971076929,71.00590971076929,71.03806526632485,71.0448149166888,71.07112260899649,74.44546087101932,7.2488670788272245,10.623205340850056,7.124354625044468,0.0,0.00674965036394326,0.026307692307696584
1241,63.83171385883185,128,5248,83,1,1,0,74.60025926987862,5120,0.05929955555555556,74.65955882543417,74.65955882543417,74.69171438098974,74.71672544415598,74.74348122215078,78.12907800065709,10.91176736331893,14.297364141825241,10.768545411046773,0.0,0.025011063166246572,0.02675577799479356
1242,63.850699517981695,128,5248,83,2,1,1,74.60728954769921,256,1.4104106666666667,76.01770021436587,76.01770021436587,76.04985576992144,76.07272652850128,76.09921662336735,79.43444865914027,12.248517105385659,15.583749141158577,10.756590029717515,0.0,0.022870758579841777,0.026490094866076674
1243,63.96274016286836,64,832,40,3,1,5,74.09191667007862,256,0.170496,74.26241267007862,74.26241267007862,74.27003489230084,74.29095556325798,74.31717142426058,75.97358404664796,10.354431261392222,12.0108438837796,10.12917650721026,0.0,0.02092067095713901,0.026215861002597762
1244,64.01676654638491,96,3072,6,4,1,5,68.98354170856223,2304,0.23054933333333336,69.21409104189556,69.21409104189556,69.23415770856222,69.32027237447753,69.3462788442041,71.81454647887045,5.3295122978191785,7.79777993248554,4.9667751621773135,0.0,0.08611466591530359,0.026006469726567616
1245,64.06741920146499,128,1152,92,5,1,4,71.88475536713315,768,0.11812266666666667,72.00287803379982,72.00287803379982,72.01227803379982,72.01679608364037,72.04292694301537,75.34404460259101,7.975507741550388,11.276625401126026,7.817336165668166,0.0,0.004518049840555705,0.02613085937500159
1246,64.39353054357738,64,3200,82,6,1,1,68.80595448449789,3072,0.05315555555555555,68.85911004005344,68.85911004005344,68.87988781783122,69.56754445142975,69.5937408015274,71.25195173047071,5.200210257950019,6.858421186893324,4.412423940920505,0.0,0.6876566335985359,0.0261963500976492
1247,64.40471457439517,160,1344,32,7,1,2,74.38015552662206,704,0.1898097777777778,74.56996530439984,74.56996530439984,74.58043197106652,74.59482196869956,74.62133032373428,78.77861202678463,10.216615749339113,14.373897452389457,9.97544095222689,0.0,0.014389997633045937,0.026508355034721376
1248,64.42500460129774,160,1664,80,0,1,5,71.00590971076929,1536,0.04854755555555555,71.05445726632485,71.05445726632485,71.0667017107693,71.07112260899649,71.09739538382908,75.31526619476459,6.6723907825313375,10.890261593466846,6.580905109471544,0.0,0.00442089822719538,0.026272774832591494
1249,64.44936692398953,128,4544,95,1,1,4,74.65955882543417,4096,0.14607644444444445,74.80563526987862,74.80563526987862,74.83387971432306,74.85050921694244,74.87733322642904,78.26190789567661,10.427966302439515,13.812540971687085,10.210191901444645,0.0,0.016629502619380787,0.026824009486603018
1250,64.5120042180481,160,3200,82,2,1,6,76.01770021436587,3072,0.05315555555555555,76.07085576992142,76.07085576992142,76.0916335476992,76.09921662336735,76.12571619612126,80.30091950986888,11.613711978073155,15.788915291820771,11.505695996317769,0.0,0.007583075668151196,0.02649957275390591
1251,64.5210559340068,160,4288,135,3,1,0,74.26241267007862,256,1.140864,75.40327667007861,75.40327667007861,75.43009889230083,75.44550118066952,75.4717323818414,79.65220555140597,10.95067644783461,15.131149617399174,9.741356736071822,0.0,0.01540228836869062,0.026231201171881935
1252,64.63930166997976,96,1664,80,4,1,0,69.21409104189556,1536,0.04854755555555555,69.26263859745112,69.26263859745112,69.27488304189556,69.42430118307128,69.45022269186035,71.9181573960254,4.8109210218805885,7.278855726045649,4.574789371915799,0.0,0.1494181411757154,0.02592150878906807
1253,64.8335323048023,64,4096,138,5,0,3,72.00287803379982,0,1.1580657777777779,73.1609438115776,73.1609438115776,73.18669936713316,73.21241815550293,73.23850889443523,74.87592577934882,8.404976589632923,10.042393474546515,7.169345728997513,0.0,0.025718788369772483,0.02609073893229663
1254,64.86729811216699,160,2624,90,6,1,1,68.85911004005344,256,0.6736497777777778,69.53275981783122,69.53275981783122,69.550337595609,69.67233278150788,69.69856526441804,73.88034123777335,4.831267152251044,9.013043125606359,3.9918119278864452,0.0,0.12199518589888214,0.026232482910160115
1255,64.98959085123917,128,512,129,7,0,7,74.56996530439984,0,0.15175822222222224,74.72172352662207,74.72172352662207,74.72756797106652,74.75387942312665,74.78026457937665,78.10532605673254,9.790673728137477,13.115735205493365,9.580374453160672,0.0,0.02631145206012775,0.02638515625000082
1256,65.04495174534723,160,1664,80,0,1,4,71.05445726632485,1536,0.04854755555555555,71.1030048218804,71.1030048218804,71.11524926632485,71.12366864694292,71.149911648245,75.36782159693078,6.104959902897761,10.322869851583548,6.009505520977612,0.0,0.00841938061806502,0.026243001302077573
1257,65.19302666149177,96,2048,111,1,0,2,74.80563526987862,0,0.5830328888888889,75.38866815876752,75.38866815876752,75.4030459365453,75.41613257771253,75.44294765862772,77.96913740820918,10.249920997135945,12.776110746717407,9.61260860838685,0.0,0.013086641167234347,0.026815080915184808
1258,65.20806540870802,128,1664,80,2,1,0,76.07085576992142,1536,0.04854755555555555,76.11940332547698,76.11940332547698,76.13164776992143,76.15221625715641,76.17853711897281,79.51284309336003,10.970471710264789,14.30477768465201,10.8627903612134,0.0,0.020568487234982058,0.026320861816401475
1259,65.24078968153786,96,2688,90,3,1,6,75.40327667007861,256,0.6916195555555555,76.09489622563417,76.09489622563417,76.1128295589675,76.13309454469484,76.15962647828859,78.66007376961353,10.918836796750725,13.41928408807567,10.16248698854075,0.0,0.020264985727337148,0.02653193359374484
1260,65.29098214949478,160,4800,35,4,1,3,69.26263859745112,4224,0.1824,69.44503859745112,69.44503859745112,69.47470526411779,69.52799014791503,69.5540093129541,73.67883597016937,4.263027163459313,8.387853820674593,3.9716564479563345,0.0,0.05328488379724661,0.026019165039059544
1261,65.36727951367705,96,1408,109,5,1,1,73.1609438115776,1024,0.11889066666666667,73.27983447824427,73.27983447824427,73.29065670046649,73.29069183714356,73.31672622609445,75.78646683566393,7.949446712417398,10.419187321986882,7.793664297900548,0.0,3.5136677070113365e-05,0.026034388950890275
1262,65.46820711696026,128,4480,115,6,1,3,69.53275981783122,256,1.1947733333333332,70.72753315116455,70.72753315116455,70.75542204005345,70.7763144435389,70.80271610369515,74.14400992809453,5.334508986734889,8.675802811134275,4.064552700870962,0.0,0.02089240348544763,0.026401660156253115
1263,65.51615173936511,128,4096,94,7,0,0,74.72172352662207,0,1.1580657777777779,75.87978930439985,75.87978930439985,75.90554485995541,75.91596380510208,75.94264992163853,79.2473261404379,10.42649818227342,13.731174401072792,9.205571787256957,0.0,0.01041894514666808,0.02668611653645314
1264,65.59590475095851,128,5248,83,0,1,2,71.1030048218804,5120,0.05929955555555556,71.16230437743596,71.16230437743596,71.19445993299152,71.2024182749191,71.22875955096076,74.60430306739717,5.632854800002249,9.008398316438658,5.507100070921894,0.0,0.007958341927576384,0.02634127604166281
1265,65.59844581970538,96,1088,24,1,1,6,75.38866815876752,256,0.2423751111111111,75.63104326987863,75.63104326987863,75.64008771432307,75.65748588407415,75.68414433133978,78.20869244157505,10.085698511634405,12.610246621869678,9.79022233906214,0.0,0.017398169751075443,0.026658447265631935
1266,65.69741832801907,64,1408,141,2,1,3,76.11940332547698,1088,0.10111288888888889,76.22051621436587,76.22051621436587,76.23133843658809,76.25750263410953,76.2837548585019,77.93679470835474,10.586336530482825,12.23937638033567,10.421984997457912,0.0,0.026164197521438837,0.02625222439236552
1267,65.7087037188721,64,1664,80,3,1,2,76.09489622563417,1536,0.04854755555555555,76.14344378118973,76.14344378118973,76.15568822563418,76.15962647828859,76.18603891318442,77.8452315290931,10.477335194312317,12.136527810220997,10.386192506762072,0.0,0.003938252654407393,0.026412434895831893
1268,65.72881236146088,64,1472,17,4,1,6,69.44503859745112,256,0.35019377777777777,69.79523237522889,69.79523237522889,69.80641015300667,69.81422781881348,69.84026407369629,71.47757183897788,4.111451712235407,5.748759477516998,3.7162262359902343,0.0,0.007817665806811647,0.02603625488281125
1269,65.75240923638222,160,1664,80,5,1,3,73.27983447824427,1536,0.04854755555555555,73.32838203379983,73.32838203379983,73.34062647824427,73.3427611033266,73.36876861065082,77.50624798313791,7.6163593742685975,11.75383874675569,7.527425241862048,0.0,0.0021346250823199853,0.02600750732422341
1270,65.7543402992046,96,3200,82,6,1,2,70.72753315116455,3072,0.05315555555555555,70.7806887067201,70.7806887067201,70.80146648449788,70.80271610369515,70.82913282954742,73.33016762696032,5.074792530342819,7.575827327755718,4.973192851959951,0.0,0.0012496191972672932,0.02641672585227184
1271,65.75739941771444,128,1664,84,7,1,2,75.87978930439985,1216,0.13743644444444444,76.0172257488443,76.0172257488443,76.02947019328874,76.04939927059687,76.0759626774049,79.37711565634193,10.318563259690464,13.61971623862749,10.122389886685411,0.0,0.019929077308120213,0.02656340680803737
1272,65.77845544739758,160,5248,83,0,0,0,71.16230437743596,5120,0.05929955555555556,71.22160393299151,71.22160393299151,71.25375948854708,71.25511456630674,71.28158948957683,75.49982470565473,5.503134042179255,9.721369258257155,5.383848930038383,0.0,0.0013550777596691432,0.026474923270086492
1273,65.90066606262683,64,1664,80,1,1,5,75.63104326987863,1536,0.04854755555555555,75.67959082543419,75.67959082543419,75.69183526987864,75.71080326688666,75.73736858806721,77.41111846289668,9.836702525440387,11.510452400269855,9.730377207251806,0.0,0.01896799700801921,0.026565321180555657
1274,65.98641336721421,128,2176,85,2,1,1,76.22051621436587,1408,0.22786133333333336,76.44837754769921,76.44837754769921,76.46346643658809,76.46757972829356,76.49385490190467,79.82640781282026,10.507441534690457,13.839994445606052,10.23410284715166,0.0,0.004113291705465372,0.026275173611111313
1275,66.06325038727236,160,1600,129,3,1,7,76.14344378118973,1152,0.13724444444444445,76.28068822563418,76.28068822563418,76.29257711452307,76.31810841188233,76.34443318866805,80.50959224847357,10.281182801395687,14.446341861201205,10.08019339391737,0.0,0.02553129735926518,0.026324776785713766
1276,66.14346215638777,64,1600,93,4,1,2,69.79523237522889,256,0.3861333333333334,70.18136570856223,70.18136570856223,70.19325459745112,70.20480842635696,70.23083622351098,71.86634512388999,4.087374067123207,5.7228829675022155,3.651770218841122,0.0,0.01155382890584633,0.02602779715401482
1277,66.21883177693162,64,1664,84,5,1,7,73.32838203379983,1344,0.10188088888888888,73.43026292268871,73.43026292268871,73.44250736713316,73.44679406231097,73.47278163826583,75.11001475639961,7.253949861334206,8.891182979467985,7.109550256868204,0.0,0.004286695177810884,0.02598757595485779
1278,66.41800256997001,64,2240,142,6,1,1,70.7806887067201,256,0.5658311111111111,71.34651981783121,71.34651981783121,71.36196426227565,71.38414533398634,71.41054702669467,73.06800140207193,4.992544456724659,6.649998832101915,4.362686136750085,0.0,0.022181071710690503,0.026401692708333258
1279,66.47236003677345,128,2176,85,7,1,2,76.0172257488443,2048,0.050083555555555555,76.06730930439986,76.06730930439986,76.08239819328874,76.10252657249418,76.1290282204434,79.42904786036837,9.65666818366995,12.956687823594919,9.544865712070845,0.0,0.020128379205445412,0.0265016479492175
1280,66.48005540043054,160,1344,133,0,1,1,71.22160393299151,1088,0.0831431111111111,71.30474704410263,71.30474704410263,71.3152137107693,71.33454080096077,71.36096251320035,75.57868798690474,4.880907112769805,9.098632586474196,4.741548532560969,0.0,0.019327090191467278,0.026421712239582007
1281,66.58655105941824,96,5248,83,1,1,0,75.67959082543419,5120,0.05929955555555556,75.73889038098974,75.73889038098974,75.7710459365453,75.79050069527207,75.81712477296304,78.34141441965664,9.2305737135448,11.754863360238403,9.093039766015949,0.0,0.019454758726766386,0.026624077690968306
1282,66.65368038257938,128,1664,84,2,1,5,76.44837754769921,1536,0.04854755555555555,76.49692510325477,76.49692510325477,76.50916954769922,76.52013056379703,76.54636034895327,79.87867714875776,9.89267996637389,13.224996766178378,9.794697165119828,0.0,0.010961016097809306,0.02622978515624652
1283,66.67010354512891,160,1664,80,3,1,1,76.28068822563418,1536,0.04854755555555555,76.32923578118974,76.32923578118974,76.34148022563419,76.34443318866805,76.37069435810164,80.53561552321315,9.700590812972735,13.865511978084243,9.61058468050527,0.0,0.002952963033862943,0.02626116943359591
1284,66.67554044246171,160,256,89,4,0,4,70.18136570856223,0,0.07987911111111111,70.26124481967334,70.26124481967334,70.26566704189555,70.28289328266277,70.30886226052735,74.43030641830308,3.633321818065639,7.754765975841366,3.5058252661005156,0.0,0.017226240767215018,0.0259689778645793
1285,66.6880268795025,96,2048,89,5,1,4,73.43026292268871,1216,0.24525511111111112,73.67551803379982,73.67551803379982,73.6898958115776,73.70681892396462,73.73282836406878,76.20357836097945,7.044801484566278,9.515551481476948,6.74223604318621,0.0,0.016923112387019046,0.026009440104161285
1286,66.72458823765439,128,3200,82,6,0,6,71.34651981783121,3072,0.05315555555555555,71.39967537338676,71.39967537338676,71.42045315116454,71.43694920768425,71.463367860028,74.80303492809455,4.738779622373613,8.07844669044016,4.62193158017682,0.0,0.01649605651971342,0.026418652343750182
1287,66.81551751569265,160,1664,80,7,1,3,76.06730930439986,1536,0.04854755555555555,76.11585685995541,76.11585685995541,76.12810130439986,76.1290282204434,76.15545373042605,80.28822808399134,9.339936214733399,13.472710568298695,9.251791788707209,0.0,0.0009269160435394497,0.026425509982644257
1288,66.82309602202511,96,4096,95,0,0,1,71.30474704410263,0,1.1580657777777779,72.4628128218804,72.4628128218804,72.48856837743597,72.50091641488949,72.52757445525407,75.05276567097198,5.704478433228957,8.229669648946867,4.481651022077514,0.0,0.012348037453520533,0.026658040364580415
1289,67.0238586415334,128,1216,96,1,1,0,75.73889038098974,256,0.27831466666666665,76.0172050476564,76.0172050476564,76.02696060321196,76.03013497261581,76.05665997261582,79.42014999316515,9.032801331082425,12.39629135163176,8.71503173945635,0.0,0.003174369403851074,0.02652500000000657
1290,67.17706294283508,128,512,80,2,0,7,76.49692510325477,0,0.15175822222222224,76.648683325477,76.648683325477,76.65452776992144,76.67765320919632,76.70381224239945,80.0358622182022,9.526749299564372,12.858799275367119,9.319862160419689,0.0,0.02312543927487809,0.026159033203128956
1291,67.22290268811633,64,4416,143,3,1,5,76.32923578118974,256,1.1768035555555554,77.50603933674529,77.50603933674529,77.53357267007863,77.55444570145639,77.58079661291472,79.23550769286803,10.35789392479839,12.012605004751691,9.106333093073403,0.0,0.020873031377760753,0.026350911458337123
1292,67.23518450267693,64,2176,81,4,1,6,70.26124481967334,2048,0.050083555555555555,70.3113283752289,70.3113283752289,70.32641726411778,70.33483172667319,70.36080746519858,71.99588306101798,3.1256229625216463,4.760698558341048,3.026060316996407,0.0,0.008414462555407454,0.025975738525389147
1293,67.29734261504713,160,1664,80,5,1,7,73.67551803379982,1536,0.04854755555555555,73.72406558935538,73.72406558935538,73.73631003379982,73.7588382924542,73.7848289174542,77.92506920244595,6.487486302407078,10.627726587398826,6.37817541875269,0.0,0.022528258654375577,0.025990625000005707
1294,67.30377132915471,96,1664,80,6,1,5,71.39967537338676,1536,0.04854755555555555,71.44822292894231,71.44822292894231,71.46046737338676,71.463367860028,71.48973185150527,73.98546804441398,4.185960522350555,6.681696715259264,4.095904044232043,0.0,0.002900486641237876,0.0263639914772682
1295,67.35479602356662,128,1472,105,7,0,7,76.11585685995541,1280,0.06574933333333334,76.18160619328874,76.18160619328874,76.19278397106652,76.20830621523507,76.23466236757882,79.5328654059413,8.8798663440122,12.178069382374673,8.761060836388793,0.0,0.01552224416855097,0.02635615234375166
1296,67.60638255569188,96,4096,80,0,0,6,72.4628128218804,0,1.1580657777777779,73.62087859965818,73.62087859965818,73.64663415521375,73.64741548419585,73.67413454492028,76.18501580759208,6.067751989228398,8.5786332519002,4.856430266188525,0.0,0.000781328982100149,0.026719060724431642
1297,67.62515161273149,128,4352,135,1,1,3,76.0172050476564,256,1.1588337777777777,77.17603882543418,77.17603882543418,77.20321660321196,77.22556511817012,77.25214434180293,80.60317419563911,9.626992729071446,12.978022582907627,8.392053434924918,0.0,0.022348514958167698,0.02657922363280818
1298,67.76464939228588,128,1664,129,2,1,3,76.648683325477,1088,0.172992,76.82167532547699,76.82167532547699,76.83391976992144,76.83461473263382,76.86077044552445,80.19467873295915,9.096121053238576,12.430029340673272,8.88403393319112,0.0,0.000694962712387337,0.02615571289062757
1299,67.8797024052227,160,4480,143,3,0,3,77.50603933674529,4288,0.07477333333333333,77.58081267007863,77.58081267007863,77.60870155896752,77.63349990067513,77.65997158036264,81.82229674879909,9.780269175139935,13.942594343576388,9.626336931522587,0.0,0.02479834170760853,0.026471679687503524
1300,68.0436708822806,128,1472,97,4,1,0,70.3113283752289,1152,0.10130488888888889,70.41263326411779,70.41263326411779,70.42381104189556,70.43873761046224,70.46470553648763,73.75648586166243,2.421034654207034,5.712814979381832,2.2676574929483024,0.0,0.014926568566679066,0.025967926025387555
1301,68.05191413542198,160,512,141,5,0,2,73.72406558935538,0,0.15175822222222224,73.8758238115776,73.8758238115776,73.88166825602205,73.8887963002667,73.91472181518148,78.05652615857576,5.862807679759499,10.004612023153783,5.672151453933395,0.0,0.0071280442446521874,0.025925514914774794
1302,68.05454351101147,160,5248,83,6,1,1,71.44822292894231,5120,0.05929955555555556,71.50752248449787,71.50752248449787,71.53967804005343,71.54246129930357,71.5689265092645,75.75426966349261,3.5143829982530264,7.699726152481134,3.3936794179308407,0.0,0.0027832592501368936,0.026465209960932157
1303,68.09819206487583,160,1344,88,7,0,7,76.18160619328874,1152,0.06536533333333333,76.24697152662208,76.24697152662208,76.25743819328875,76.26088849605104,76.28705807612916,80.41881044076217,8.188866011253324,12.32061837588634,8.083414128412912,0.0,0.0034503027622889704,0.026169580078118315
1304,68.104704271775,96,3200,82,0,1,6,73.62087859965818,3072,0.05315555555555555,73.67403415521373,73.67403415521373,73.69481193299151,73.70085409392595,73.72756100310565,76.2376546126347,5.622856731330643,8.132950340859693,5.516174327883178,0.0,0.006042160934441654,0.026706909179694094
1305,68.11610550317037,64,1664,80,1,1,6,77.17603882543418,1536,0.04854755555555555,77.22458638098973,77.22458638098973,77.23683082543418,77.25214434180293,77.27863880794877,78.94588831880436,9.162533304778393,10.82978281563399,9.059933322263802,0.0,0.015313516368749447,0.026494466145834394
1306,68.32440468241593,160,3200,82,2,1,0,76.82167532547699,3072,0.05315555555555555,76.87483088103254,76.87483088103254,76.89560865881032,76.91308333614946,76.93927736136253,81.12340079397103,8.614872678946597,12.798996111555098,8.497270643061057,0.0,0.017474677339137656,0.02619402521307279
1307,68.36292207795493,96,2112,89,3,1,5,77.58081267007863,1408,0.20989155555555558,77.79070422563419,77.79070422563419,77.80543755896753,77.81881191239388,77.8452315290931,80.32761083423351,9.482309451138164,11.964688756278576,9.217890592123695,0.0,0.013374353426357288,0.026419616699215
1308,68.39041551591986,128,1664,80,4,1,1,70.41263326411779,1536,0.04854755555555555,70.46118081967334,70.46118081967334,70.4734252641178,71.34790554869467,71.37384075987632,74.66445088851792,2.983425243956461,6.274035372598064,2.0222177481979315,0.0,0.874480284576876,0.025935211181646878
1309,68.42745471607483,160,2176,81,5,1,4,73.8758238115776,2048,0.050083555555555555,73.92590736713316,73.92590736713316,73.94099625602205,73.96657430985478,73.99251258296675,78.1357296904768,5.5650578668919195,9.70827497440196,5.44836909550277,0.0,0.025578053832731484,0.025938273111975718
1310,68.43767638673471,64,1664,93,6,1,4,71.50752248449787,256,0.40410311111111114,71.91162559560898,71.91162559560898,71.92387004005343,71.93939151947403,71.96579606048965,73.61798499904137,3.5281196737549436,5.180308612306661,3.069846097763161,0.0,0.015521479420598894,0.02640454101562284
1311,68.48228245636885,128,2176,89,7,1,3,76.24697152662208,1664,0.15675022222222224,76.4037217488443,76.4037217488443,76.41881063773319,76.44408581050416,76.47024876327404,79.76679936220313,7.987966306905193,11.28451690583428,7.764689070253226,0.0,0.02527517277097502,0.02616295276988012
1312,68.5151229915209,64,1664,80,0,1,4,73.67403415521373,1536,0.04854755555555555,73.72258171076929,73.72258171076929,73.73482615521374,73.75426840056659,73.78090741048246,75.44696183130579,5.265784418961559,6.931838839784888,5.158911163692835,0.0,0.019442245352848886,0.026639009915868428
1313,68.5310694457736,96,1344,153,1,1,4,77.22458638098973,256,0.3142542222222222,77.53884060321195,77.53884060321195,77.54930726987862,77.57060039649043,77.5970795631571,80.10356256270823,9.066010117383499,11.572493116934638,8.693516935216138,0.0,0.021293126611809043,0.026479166666661058
1314,68.56016112227164,96,3200,82,2,0,2,76.87483088103254,3072,0.05315555555555555,76.92798643658809,76.92798643658809,76.94876421436587,76.96547187485685,76.99169750148445,79.48673693287826,8.431536379212815,10.926575810606622,8.3146697587609,0.0,0.016707660490979492,0.026225626627606857
1315,68.56927109137868,128,1664,80,3,1,0,77.79070422563419,1536,0.04854755555555555,77.83925178118974,77.83925178118974,77.8514962256342,77.87173397049935,77.89815059647592,81.21798492154214,9.328879505097234,12.648713830163459,9.221433134255506,0.0,0.02023774486515606,0.02641662597656591
1316,68.63999915791955,160,1024,28,4,1,6,70.46118081967334,256,0.22440533333333335,70.68558615300668,70.68558615300668,70.69427504189557,71.39977645933921,71.42570776427085,75.55694263423963,2.7857086063513066,6.916943476320085,1.8211816617537977,0.0,0.7055014174436423,0.025931304931646082
1317,68.6404137145094,64,1536,17,5,1,4,73.92590736713316,256,0.3681635555555556,74.29407092268872,74.29407092268872,74.30560425602205,74.32975456701624,74.3556846676773,75.99488097328413,5.715270953167888,7.354467258774719,5.285493652623757,0.0,0.024150310994187407,0.025930100661057054
1318,68.68258576412283,96,2176,81,6,1,5,71.91162559560898,2048,0.050083555555555555,71.96170915116454,71.96170915116454,71.97679804005342,71.99220108978653,72.01858022139712,74.51264811168829,3.335994457274282,5.830062347565459,3.2290398314861477,0.0,0.015403049733109242,0.026379131610582363
1319,68.70193754925953,128,512,80,7,0,3,76.4037217488443,0,0.15175822222222224,76.55547997106653,76.55547997106653,76.56132441551098,76.5749054571661,76.60099456849422,79.89685160829688,7.899057019234689,11.194914059037359,7.701784199584779,0.0,0.0135810416551152,0.026089111328118975
1320,68.96658980516646,64,4480,23,0,1,1,73.72258171076929,256,1.1947733333333332,74.91735504410262,74.91735504410262,74.94524393299152,74.94705720151175,74.97351286557425,76.63074824722277,6.006923060407786,7.664158442056305,4.755991905602826,0.0,0.0018132685202374432,0.026455664062495998
1321,69.12758168403388,96,5248,83,1,1,6,77.53884060321195,5120,0.05929955555555556,77.5981401587675,77.5981401587675,77.63029571432307,77.65003936133418,77.67662817969355,80.18256358365994,8.549046495659667,11.054981899626057,8.411258919178067,0.0,0.01974364701111142,0.026588818359371658
1322,69.21216088298425,64,256,69,2,0,1,76.92798643658809,0,0.07987911111111111,77.0078655476992,77.0078655476992,77.01228776992141,77.0179236163933,77.04408641750007,78.69903792607451,7.831925534515818,9.48687704309026,7.715825553603835,0.0,0.005635846471889749,0.026162801106764277
1323,69.27398990536585,96,1664,80,3,0,3,77.83925178118974,1536,0.04854755555555555,77.8877993367453,77.8877993367453,77.90004378118975,77.92456771073373,77.95091807965734,80.43157452386419,8.67692817429149,11.157584618498333,8.565261875823893,0.0,0.024523929543974532,0.026350368923615974
1324,69.42687853253994,160,1216,125,4,1,1,70.68558615300668,256,0.27831466666666665,70.96390081967334,70.96390081967334,70.9736563752289,71.47757183897788,71.50349484312827,75.63657476314589,2.076616310588321,6.2096962306059424,1.258707620466737,0.0,0.5039154637489816,0.02592300415038551
1325,69.46226458288648,160,1664,80,5,1,3,74.29407092268872,1536,0.04854755555555555,74.34261847824428,74.34261847824428,74.35486292268872,74.3556846676773,74.38160682169516,78.53311103813304,4.919342238808682,9.070846455246567,4.831806339802242,0.0,0.0008217449885705719,0.02592215401786291
1326,69.48521480903253,64,256,33,6,0,2,71.96170915116454,0,0.07987911111111111,72.04158826227565,72.04158826227565,72.04601048449787,72.07154124027733,72.09791815584224,73.74894109128897,2.6127033468097096,4.263726282256442,2.476494342132014,0.0,0.025530755779456626,0.026376915564910064
1327,69.75982621094462,160,1216,121,7,1,3,76.55547997106653,256,0.27831466666666665,76.83379463773319,76.83379463773319,76.84355019328875,76.86191253724422,76.8879685017875,81.01721592346307,7.128142290842874,11.257389712518446,6.795653760121908,0.0,0.018362343955473648,0.026055964543274968
1328,70.00857288182257,96,1664,80,0,1,5,74.91735504410262,1536,0.04854755555555555,74.96590259965818,74.96590259965818,74.97814704410263,74.999969017918,75.02636710030437,77.51609567264892,5.0177942184817965,7.507522790826343,4.908782162280048,0.0,0.02182197381537776,0.026398082386364763
1329,70.18478907246366,128,2304,66,1,1,2,77.5981401587675,256,0.5838008888888889,78.1819410476564,78.1819410476564,78.1977410476564,78.20869244157505,78.2352999244852,81.57259465847433,8.050510852021546,11.387805586010671,7.413351086303848,0.0,0.010951393918659846,0.026607482910151248
1330,70.20450061916353,64,5248,83,2,1,1,77.0078655476992,5120,0.05929955555555556,77.06716510325475,77.06716510325475,77.09932065881031,77.12257775050789,77.14885002364491,78.80458914194848,6.944349404481386,8.600088522784958,6.803364928535672,0.0,0.023257091697573173,0.026272273137024627
1331,70.24085764788599,96,896,144,3,1,1,77.8877993367453,256,0.1884657777777778,78.07626511452308,78.07626511452308,78.08424289230086,78.10903054710525,78.13529270530837,80.6139930053095,7.894435057422385,10.373135357423507,7.6469416888593145,0.0,0.02478765480438483,0.026262158203124386
1332,70.29489642410319,96,1408,88,4,1,7,70.96390081967334,256,0.332224,71.29612481967334,71.29612481967334,71.30694704189555,71.52941833555991,71.5553305975228,74.01553615463118,1.2604341734196112,3.720639730527992,0.6690043955701555,0.0,0.22247129366435558,0.025912261962886873
1333,70.51353393980432,64,5248,83,5,1,2,74.34261847824428,4672,0.18374400000000002,74.52636247824428,74.52636247824428,74.55851803379984,74.56293802125731,74.58895542499614,76.22967894691695,4.075421485191825,5.71614500711263,3.8290845384399574,0.0,0.0044199874574673,0.026017403738833877
1334,70.5952976345257,160,2176,81,6,0,6,72.04158826227565,2048,0.050083555555555555,72.09167181783121,72.09167181783121,72.1067607067201,72.12429555968839,72.1506509238067,76.33480612182595,1.555353289280987,5.739508487300242,1.4462906277499457,0.0,0.017534852968296377,0.026355364118302305
1335,70.60183878812194,96,1408,153,7,1,1,76.83379463773319,256,0.332224,77.16601863773319,77.16601863773319,77.1768408599554,77.1998536242334,77.22581099352426,79.6887423664645,6.623972205402325,9.086903578342557,6.2319558496112535,0.0,0.02301276427799337,0.025957369290864563
1336,70.64007125684037,128,704,140,0,1,5,74.96590259965818,256,0.13455644444444445,75.10045904410262,75.10045904410262,75.10737015521373,75.13176996784698,75.15801552892653,78.47036548330429,4.5179442720861545,7.83029422646392,4.325831342817807,0.0,0.02439981263324853,0.026245561079548452
1337,70.67596474357012,128,3200,82,1,1,2,78.1819410476564,3072,0.05315555555555555,78.23509660321194,78.23509660321194,78.25587438098972,78.26190789567661,78.28842651139927,81.62480223904073,7.612461767829146,10.948837495470613,7.505976304086275,0.0,0.00603351468689084,0.026518615722650907
1338,70.69331681946059,128,2176,85,2,1,7,77.06716510325475,2048,0.050083555555555555,77.11724865881031,77.11724865881031,77.1323375476992,77.14885002364491,77.17510776639045,80.51334529111887,6.481790946929863,9.820028471658276,6.37384828379416,0.0,0.016512475945717142,0.0262577427455426
1339,70.73021661178521,64,1408,32,3,1,7,78.07626511452308,256,0.332224,78.40848911452308,78.40848911452308,78.4193113367453,78.42420867210525,78.45042391535809,80.09365514575694,7.720207303572877,9.363438533971731,7.346048502737872,0.0,0.004897335359956401,0.026215243252835307
1340,70.8037877812184,64,2496,102,4,1,2,71.29612481967334,2176,0.10437688888888888,71.40050170856223,71.40050170856223,71.4173683752289,71.76264627135092,71.78859613097006,73.42024954438813,0.9848083497516598,2.616461763169724,0.4923370384549344,0.0,0.3452778961220133,0.02594985961914631
1341,70.84022966266895,160,5248,83,5,0,5,74.52636247824428,5120,0.05929955555555556,74.58566203379984,74.58566203379984,74.6178175893554,74.64099169731757,74.66711347466132,78.82636604301585,3.8268838119923743,7.986136380346906,3.686132815575334,0.0,0.023174107962177004,0.026121777343746544
1342,71.01846175492972,64,2368,70,6,1,3,72.09167181783121,2048,0.10399288888888888,72.1956647067201,72.1956647067201,72.21182026227565,72.22956322903076,72.25583342294817,73.90661565183585,1.2373716680184543,2.8881538969061324,1.0732100629014951,0.0,0.017742966755108114,0.026270193917412143
1343,71.01983837846542,64,1664,80,7,1,0,77.16601863773319,1536,0.04854755555555555,77.21456619328875,77.21456619328875,77.2268106377332,77.25176885109637,77.27771677938878,78.90883093954506,6.25787840092336,7.8889925610796325,6.146180259267766,0.0,0.024958213363177606,0.025947928292410438
1344,71.07668712515203,128,256,80,0,0,7,75.10045904410262,0,0.07987911111111111,75.18033815521373,75.18033815521373,75.18476037743595,75.21050811592937,75.2366969032163,78.54748113620607,4.160009778064264,7.470794011054039,4.023771918950587,0.0,0.025747738493421934,0.02618878728692664
1345,71.07755802340361,128,2176,81,1,1,6,78.23509660321194,2048,0.050083555555555555,78.2851801587675,78.2851801587675,78.30026904765639,78.31494561540318,78.34141441965664,81.67691021023214,7.263856396253033,10.599352186828526,7.157538579808332,0.0,0.014676567746789715,0.026468804253468647
1346,71.10116803334151,160,4800,71,2,1,3,77.11724865881031,256,1.284622222222222,78.40187088103254,78.40187088103254,78.43153754769921,78.43586806322253,78.46221335318647,82.66096078203525,7.361045319844962,11.559792748693738,6.016080625468803,0.0,0.00433051552332131,0.02634528996394181
1347,71.17297246486993,128,2176,81,3,1,1,78.40848911452308,2048,0.050083555555555555,78.45857267007864,78.45857267007864,78.47366155896752,78.47663964689218,78.50284305672291,81.82229674879909,7.3298705918529805,10.649324283929161,7.23551664965315,0.0,0.0029780879246601444,0.02620340983072822
1348,71.18241937812813,128,1472,113,4,1,1,71.40050170856223,256,0.35019377777777777,71.75069548634,71.75069548634,71.76187326411778,71.81454647887045,71.84044555723959,75.13531758773667,0.6580261791114594,3.9528982096085343,0.2180823304341004,0.0,0.05267321475267295,0.025899078369135964
1349,71.39411159583165,128,832,72,5,1,0,74.58566203379984,256,0.170496,74.75615803379984,74.75615803379984,74.76378025602206,74.77160546684883,74.79768481255195,78.10927314750805,3.4035732167203037,6.7151615516764025,3.191550437968189,0.0,0.007825210826766238,0.02607934570312409
1350,71.55131296677477,64,896,112,6,1,4,72.1956647067201,512,0.11735466666666666,72.31301937338677,72.31301937338677,72.32099715116455,72.33456156297221,72.36074766788293,74.01180045543828,0.8094347011081595,2.460487488663503,0.6443517399453214,0.0,0.0135644118076641,0.026186104910721042
1351,71.60872721649703,96,2048,81,7,0,3,77.21456619328875,0,0.5830328888888889,77.79759908217764,77.79759908217764,77.81197685995542,77.82104776432182,77.8468887938977,80.31433729623093,6.238161577400675,8.705610079733901,5.605838976791716,0.0,0.009070904366396348,0.02584102957588641
1352,71.67700300480821,96,5056,87,0,1,5,75.18033815521373,4672,0.12983466666666665,75.3101728218804,75.3101728218804,75.34126171076929,75.34148694671771,75.36782159693078,77.85409009267929,3.690818592122568,6.177087087871072,3.503335150405519,0.0,0.00022523594842027705,0.02633465021307302
1353,71.69791500614934,160,2176,9,1,1,3,78.2851801587675,1728,0.13897244444444445,78.42415260321195,78.42415260321195,78.43924149210083,78.44672447825039,78.47302363189623,82.64117505398212,6.775108625746881,10.94326004783278,6.5872651526181585,0.0,0.007482986149554449,0.026299153645837237
1354,71.76709394118613,96,1664,80,2,1,7,78.40187088103254,1536,0.04854755555555555,78.4504184365881,78.4504184365881,78.46266288103254,78.48855913143166,78.51486727177763,81.01721210039464,6.7477733305914995,9.250118159208512,6.634776939846404,0.0,0.02589625039911425,0.026308140345975062
1355,71.82553638969696,128,1664,84,3,1,2,78.45857267007864,256,0.40410311111111114,78.86267578118975,78.86267578118975,78.8749202256342,78.89582798658797,78.9219932697911,82.2399613606155,7.096456880094138,10.414424970918532,6.633036280381674,0.0,0.020907760953775778,0.026165283203127387
1356,71.90396741210165,128,1664,4,4,1,6,71.90396741210165,1536,0.04854755555555555,71.95251496765721,71.95251496765721,71.96475941210166,71.96997840607006,71.99588306101798,75.29314299231255,0.09191564891632709,3.389175580210903,0.0,0.0,0.005218993968398422,0.025904654947922268
1357,71.94355170558539,96,1664,8,5,1,6,74.75615803379984,1152,0.15521422222222223,74.91137225602206,74.91137225602206,74.92361670046651,74.92796220513007,74.95396824761055,77.4279443097605,3.0104165420251547,5.484392604175113,2.812606328214443,0.0,0.004345504663561428,0.02600604248047489
1358,71.94638753098917,64,2368,158,6,1,0,72.31301937338677,256,0.6017706666666667,72.91479004005343,72.91479004005343,72.93094559560899,72.9369655110749,72.96316010742908,74.61814127575079,1.0167725764399052,2.6717537447616166,0.36663184239759516,0.0,0.006019915465913073,0.026194596354173427
1359,71.96047001750243,128,1728,93,7,1,6,77.79759908217764,1280,0.13762844444444444,77.93522752662209,77.93522752662209,77.94782752662209,77.95025779501378,77.97610128459712,81.27797275940057,6.01563126709469,9.317502741898139,5.83712906467521,0.0,0.0024302683916914702,0.025843489583337487
1360,72.01176838292773,96,2560,138,0,1,3,75.3101728218804,2112,0.14012444444444444,75.45029726632484,75.45029726632484,75.46751948854705,75.47340258651411,75.49982470565473,77.98277509023788,3.4880563227270045,5.971006707310153,3.298404438952673,0.0,0.005883097967057438,0.026422119140619316
1361,72.12166883013185,64,512,81,1,0,3,78.42415260321195,0,0.15175822222222224,78.57591082543418,78.57591082543418,78.58175526987863,78.60452672434414,78.63072359934414,80.28739522428495,6.509054769212284,8.165726394153097,6.302483773080098,0.0,0.022771454465512875,0.026196874999996567
1362,72.15612240429489,96,1280,96,2,1,1,78.4504184365881,256,0.29628444444444446,78.74670288103253,78.74670288103253,78.75681399214365,78.77824225299759,78.80458914194848,81.3091691045179,6.648466737653592,9.153046700223015,6.294296032293204,0.0,0.021428260853937786,0.026346888950897096
1363,72.18170439308871,64,704,120,3,1,6,78.86267578118975,256,0.13455644444444445,78.99723222563419,78.99723222563419,79.0041433367453,79.0266592854161,79.05276362736322,80.69275911859074,6.871059234274512,8.511054725502035,6.680971388101042,0.0,0.022515948670800867,0.02610434194711786
1364,72.2519054656084,96,5120,91,4,1,3,72.2519054656084,256,1.3744711111111112,73.62637657671951,73.62637657671951,73.65782102116395,73.67883597016937,73.70470597884993,76.1987067211537,1.4528005132415274,3.946801255545296,0.0,0.0,0.021014949005419226,0.02587000868055611
1365,72.41668848387317,64,1152,157,5,0,,74.91137225602206,256,0.2603448888888889,75.17171714491096,75.17171714491096,75.18111714491096,75.18807774468085,75.21407100029609,76.85423093085426,2.797382516422914,4.437542446981084,2.494683772148889,0.0,0.006960599769897158,0.02599325561523358
1366,72.44229046786036,160,1792,93,6,1,7,72.91479004005343,1536,0.08448711111111111,72.99927715116455,72.99927715116455,73.0122327067201,73.01558593983235,73.04179342681151,77.23135856323222,0.5995029589511489,4.78906809537186,0.4724995721930725,0.0,0.003353233112250109,0.02620748697916042
1367,72.6267934495551,128,2624,110,7,1,1,77.93522752662209,256,0.6736497777777778,78.60887730439987,78.60887730439987,78.62645508217764,78.64900427938879,78.67492485230545,81.98448600984234,6.048131402750357,9.357692560287248,5.308434077066991,0.0,0.022549197211148453,0.025920572916660944
1368,72.65864828818263,64,1856,93,0,1,6,75.45029726632484,256,0.45801244444444444,75.90830971076929,75.90830971076929,75.9216208218804,75.94774487167037,75.97405878226064,77.62033668827391,3.3154104940780087,4.961688400091276,2.791648978142206,0.0,0.026124049789970627,0.026313910590275214
1369,72.66575629933635,160,4608,131,1,1,5,78.57591082543418,4224,0.12849066666666667,78.70440149210084,78.70440149210084,78.73300149210084,78.73551598215664,78.76181081525323,82.92722691374345,6.096054515916876,10.261470614407102,5.910154526097827,0.0,0.0025144900558018435,0.026294833096585535
1370,72.74260392394794,160,2176,81,2,1,3,78.74670288103253,2048,0.050083555555555555,78.79678643658809,78.79678643658809,78.81187532547698,78.83084064435234,78.8570790999885,83.05644426481226,6.114475176040557,10.313840340864317,6.004098957084594,0.0,0.01896531887535957,0.026238455636161007
1371,72.74372087666927,64,3200,86,3,1,7,78.99723222563419,2240,0.28426666666666667,79.28149889230086,79.28149889230086,79.30227667007864,79.3135640893524,79.3396256127899,80.98183648404213,6.59590473612063,8.238115607372862,6.253511348964921,0.0,0.011287419273756427,0.02606152343750523
1372,72.96571914687716,96,2176,81,4,1,2,73.62637657671951,2048,0.050083555555555555,73.67646013227507,73.67646013227507,73.69154902116395,73.70470597884993,73.73059567611556,76.22522250891411,0.7648765292383928,3.259503362036952,0.6606574298423453,0.0,0.01315695768597891,0.025889697265625955
1373,73.09674146999453,96,4096,82,5,0,1,75.17171714491096,0,1.1580657777777779,76.32978292268874,76.32978292268874,76.3555384782443,76.35935993650028,76.38540383298466,78.87941201120782,3.288662362990138,5.782670541213292,2.0749756749164305,0.0,0.0038214582559845667,0.026043896484381435
1374,73.22005137469708,160,1600,37,6,1,0,73.22005137469708,1216,0.11946666666666667,73.33951804136375,73.33951804136375,73.35140693025264,73.35635692984494,73.38251753949895,77.57443103812061,0.16246616480187015,4.354379663423529,0.0,0.0,0.004949999592298582,0.026160609654013456
1375,73.40355514001311,64,5184,91,7,1,4,78.60887730439987,4800,0.13021866666666668,78.73909597106653,78.73909597106653,78.77089597106654,78.77861202678463,78.80465483277422,80.44498496643182,5.4010996927611075,7.041429826418707,5.205322164386757,0.0,0.007716055718091752,0.02604280598959008
1376,73.58180042950123,64,5248,7,0,1,6,75.90830971076929,4992,0.09485511111111111,76.0031648218804,76.0031648218804,76.03532037743597,76.05300344371898,76.07944397106273,77.7246253709996,2.4976435415615015,4.142824941498375,2.3265092812680592,0.0,0.01768306628301275,0.026440527343751796
1377,73.89861956083956,160,2560,102,1,1,4,78.70440149210084,256,0.65568,79.36008149210085,79.36008149210085,79.37730371432306,79.39380677583561,79.42014999316515,83.57520864499641,5.521530432325591,9.676589084156845,4.805781931261279,0.0,0.016503061512551653,0.026343217329539925
1378,73.9836079338694,160,4352,99,2,1,1,78.79678643658809,256,1.1588337777777777,79.95562021436587,79.95562021436587,79.98279799214365,79.9833374135147,80.00959957171783,84.21521820538992,6.025991637848435,10.231610271520523,4.813178502718699,0.0,0.0005394213710587792,0.026262158203124386
1379,74.02199964797036,128,1664,0,3,0,3,79.28149889230086,1536,0.04854755555555555,79.33004644785642,79.33004644785642,79.34229089230087,79.36568762450865,79.3917322673658,82.71026635193495,5.369732619395435,8.688266703964587,5.259499244330499,0.0,0.02339673220778593,0.02604464285714414
1380,74.04499957196839,160,1664,80,4,1,2,74.04499957196839,1536,0.04854755555555555,74.09354712752395,74.09354712752395,74.1057915719684,74.11925661361556,74.14517474512598,78.34671794348444,0.10017517315759505,4.301718371516046,0.0,0.0,0.013465041647165776,0.02591813151042288
1381,74.19500363817554,128,2176,9,5,1,1,76.32978292268874,1664,0.15675022222222224,76.48653314491096,76.48653314491096,76.50162203379985,76.51563063962529,76.54167889069063,79.88200450950269,2.346675252515098,5.687000871327157,2.1347792845132005,0.0,0.01400860582543828,0.026048251065347472
1382,74.27374986699506,128,4416,99,6,1,2,74.27374986699506,256,1.1768035555555554,75.45055342255061,75.45055342255061,75.47808675588395,75.48862941051641,75.51516114879766,78.88477615530809,1.2414112818025984,4.6110262883130275,0.0,0.0,0.010542654632459403,0.026531738281249773
1383,74.28358615342673,160,1088,100,7,1,3,78.73909597106653,256,0.2423751111111111,78.98147108217765,78.98147108217765,78.99051552662209,79.01307242950041,79.03909866647957,83.18865060305755,4.7555125130528495,8.905064449630828,4.455509817639808,0.0,0.02255690287832124,0.026026236979163286
1384,74.33368721523958,64,2176,81,0,1,4,76.0031648218804,2048,0.050083555555555555,76.05324837743596,76.05324837743596,76.06833726632485,76.07944397106273,76.10585057617637,77.75052559886419,1.772163360936787,3.416838383624608,1.6694776066408252,0.0,0.011106704737883888,0.02640660511363535
1385,74.48979150924806,128,704,76,1,0,1,79.36008149210085,512,0.06344533333333334,79.42352682543418,79.42352682543418,79.43043793654529,79.44656244433703,79.47287818474896,82.79707460755355,4.9830866755009,8.30728309830549,4.870289982852782,0.0,0.016124507791744236,0.026315740411931188
1386,74.64949780894328,160,5248,83,2,1,5,79.95562021436587,5120,0.05929955555555556,80.01491976992142,80.01491976992142,80.04707532547698,80.0622309790529,80.08871955327164,84.29386079436561,5.439221744328364,9.644362985422333,5.306122405422585,0.0,0.015155653575916972,0.026488574218745953
1387,74.69888485603528,160,4480,99,3,1,6,79.33004644785642,256,1.1947733333333332,80.52481978118975,80.52481978118975,80.55270867007864,80.56165592848659,80.58782422275742,84.75379942437125,5.888939366722141,10.054914568335974,4.63116159182114,0.0,0.008947258407943082,0.026168294270831893
1388,74.71828764988172,96,5248,91,4,1,7,74.71828764988172,4992,0.09485511111111111,74.81314276099283,74.81314276099283,74.8452983165484,74.84673409164292,74.87296651351791,77.39930352291151,0.15467886363619243,2.681015873029793,0.0,0.0,0.0014357750945208636,0.02623242187499386
1389,74.81606123968794,96,2176,81,5,1,0,76.48653314491096,2048,0.050083555555555555,76.53661670046652,76.53661670046652,76.55170558935541,76.56772763003723,76.59377796369608,79.09075659826138,1.777716724008144,4.274695358573439,1.6704719052230246,0.0,0.01602204068181834,0.02605033365885845
1390,74.82044305193772,96,4352,103,6,1,2,75.45055342255061,4096,0.0921671111111111,75.54272053366172,75.54272053366172,75.5698983114395,75.5947592933289,75.62139153616745,78.13448914358935,0.8009484842297354,3.314046091651633,0.630110370612897,0.0,0.024860981889403888,0.02663224283854504
1391,74.82455408831834,96,2496,106,7,1,4,78.98147108217765,256,0.6377102222222223,79.61918130439987,79.61918130439987,79.63604797106655,79.6367541665947,79.66274802238897,82.1412185014718,4.838193934070631,7.316664413153461,4.156916993859312,0.0,0.0007061955281528753,0.02599385579426894
1392,74.9255121350882,160,2176,81,0,1,5,76.05324837743596,2048,0.050083555555555555,76.10333193299152,76.10333193299152,76.1184208218804,76.13225766957125,76.15863649444104,80.27844598228121,1.2331243593528427,5.352933847193015,1.1277362423477655,0.0,0.013836847690839704,0.026378824869794926
1393,74.93024676571846,96,1536,101,1,0,1,79.42352682543418,1344,0.06594133333333334,79.48946815876751,79.48946815876751,79.50100149210084,79.52551113041658,79.55178106856762,82.04196678982197,4.621534302849156,7.111720024103505,4.493280059715715,0.0,0.024509638315734605,0.026269938151045835
1394,75.02937542198367,96,2048,97,2,0,4,80.01491976992142,0,0.5830328888888889,80.59795265881031,80.59795265881031,80.6123304365881,80.61981585473494,80.64635735864118,83.16195784790885,5.61698193665751,8.132582425925179,4.985544347937747,0.0,0.0074854181468424486,0.026541503906244657
1395,75.23409001005518,160,1216,92,3,1,5,80.52481978118975,704,0.15387022222222224,80.67869000341197,80.67869000341197,80.68844555896753,80.69275911859074,80.71904280999699,84.8841603455952,5.484952799941809,9.650070335540022,5.290729771134565,0.0,0.004313559623213337,0.026283691406248977
1396,75.27106473189194,160,4480,31,4,1,0,75.27106473189194,256,1.1947733333333332,76.46583806522527,76.46583806522527,76.49372695411417,76.51916635657037,76.5460455883412,80.7506590567657,1.274980856449261,5.479594324873759,0.0,0.0,0.025439402456200355,0.026879231770834622
1397,75.37263406430614,160,1664,84,5,1,3,76.53661670046652,1536,0.04854755555555555,76.58516425602208,76.58516425602208,76.59740870046653,76.61982878563619,76.64586172584052,80.82049366268353,1.2732276615343778,5.447859598377391,1.1639826361603838,0.0,0.022420085169656545,0.026032940204331112
1398,75.50674234787151,96,2304,126,6,1,7,75.54272053366172,2048,0.0860231111111111,75.62874364477284,75.62874364477284,75.64454364477284,75.64802426728724,75.67458488391671,78.18764041312059,0.1678425360451996,2.6808980652490817,0.0359781857902135,0.0,0.0034806225144023983,0.026560616629467404
1399,75.55674028258646,160,2048,80,7,0,4,79.61918130439987,0,0.5830328888888889,80.20221419328877,80.20221419328877,80.21659197106655,80.23605484180383,80.26214121875697,84.42636847045218,4.705400936170506,8.869628187865715,4.062441021813413,0.0,0.019462870737285698,0.026086376953131207
1400,75.64011047859981,128,512,89,0,0,7,76.10333193299152,0,0.15175822222222224,76.25509015521375,76.25509015521375,76.2609345996582,76.2639458235722,76.29014282286197,79.57909090183107,0.6500323442621578,3.938980423231257,0.46322145439171436,0.0,0.0030112239140009933,0.026196999289766154
1401,75.67397853326555,64,4480,147,1,1,7,79.48946815876751,256,1.1947733333333332,80.68424149210084,80.68424149210084,80.71213038098973,80.73422613655708,80.76054639480361,82.40726353054463,5.086567861538057,6.733284997279071,3.8154896255019537,0.0,0.02209575556734933,0.026320258246528283
1402,75.67948967595913,96,3200,82,2,1,1,80.59795265881031,3072,0.05315555555555555,80.65110821436586,80.65110821436586,80.67188599214364,80.67289935082869,80.6994440556898,83.2147841174401,5.019954379730663,7.535294441480971,4.918462982851182,0.0,0.001013358685042931,0.02654470486110938
1403,76.26876302262518,64,2752,22,3,1,5,80.67869000341197,2496,0.0873671111111111,80.76605711452308,80.76605711452308,80.78434600341197,80.79789681390324,80.82418891459768,82.47515683587592,4.555425891972504,6.206393813250742,4.409926980786793,0.0,0.013550810491267384,0.026292100694448095
1404,76.41336699011536,64,2176,81,4,1,0,76.46583806522527,2048,0.050083555555555555,76.51592162078083,76.51592162078083,76.53101050966971,76.5460455883412,76.57272100338027,78.24143845129693,0.1593540132649025,1.8280714611815654,0.05247107510990645,0.0,0.015035078671488122,0.026675415039065342
1405,76.41865314308153,128,2752,90,5,1,3,76.58516425602208,2304,0.14070044444444446,76.72586470046653,76.72586470046653,76.74415358935542,76.74999836947032,76.77605577739443,80.11813313673485,0.35740263431290487,3.699479993653327,0.16651111294055454,0.0,0.00584478011489864,0.026057407924113818
1406,76.45760770173428,128,2176,81,6,1,4,76.45760770173428,2048,0.050083555555555555,76.50769125728984,76.50769125728984,76.52278014617872,76.54637369995095,76.57275757039366,79.96122675752162,0.11514986865938681,3.5036190557873397,0.0,0.0,0.023593553772229825,0.026383870442714397
1407,76.53851394393462,64,2816,22,7,1,3,80.20221419328877,2112,0.21200355555555558,80.41421774884432,80.41421774884432,80.43286219328877,80.44498496643182,80.47099033752556,82.11512809968609,3.932476393590946,5.5766141557514715,3.66370024935415,0.0,0.012122773143047993,0.026005371093745566
1408,76.54765946189069,128,512,80,0,0,4,76.54765946189069,0,0.15175822222222224,76.69941768411292,76.69941768411292,76.70526212855737,76.70905674331652,76.73508293294721,80.01932056375443,0.18742347105651902,3.471661101863745,0.0,0.0,0.0037946147591583212,0.02602618963068437
1409,76.61500374822432,96,1664,80,1,1,4,80.68424149210084,1536,0.04854755555555555,80.7327890476564,80.7327890476564,80.74503349210084,80.76054639480361,80.78681631667861,83.26430787595343,4.1718125684542855,6.64930412772911,4.0692377438765135,0.0,0.01551290270276695,0.02626992187499866
1410,76.62108121010792,64,1664,80,2,1,1,80.65110821436586,1536,0.04854755555555555,80.69965576992142,80.69965576992142,80.71190021436587,80.72598924883215,80.7524616121134,82.4220340404988,4.131380402005476,5.800952830390884,4.030027004257946,0.0,0.014089034466280737,0.02647236328124336
1411,76.72607716807701,128,2176,81,3,1,6,80.76605711452308,2048,0.050083555555555555,80.81614067007864,80.81614067007864,80.83122955896752,80.85048150357338,80.87675152310463,84.20464122124626,4.150674355027618,7.478564053169251,4.039979946446067,0.0,0.019251944605855442,0.026270019531253297
1412,76.74074803703682,128,3200,82,4,1,2,76.74074803703682,3072,0.05315555555555555,76.79390359259237,76.79390359259237,76.81468137037015,76.83950200923964,76.86615913814589,80.2234744864532,0.12541110110906573,3.4827264494163757,0.0,0.0,0.02482063886948538,0.02665712890625116
1413,76.75271552803368,64,1600,17,5,0,5,76.75271552803368,1408,0.06613333333333334,76.81884886136702,76.81884886136702,76.8307377502559,76.85423093085426,76.8803036847605,78.53311103813304,0.12758815672683,1.7803955100993676,0.0,0.0,0.023493180598350705,0.026072753906248636
1414,76.79739516921181,64,1664,80,6,1,2,76.79739516921181,1536,0.04854755555555555,76.84594272476737,76.84594272476737,76.85818716921182,76.86301237182596,76.88931964024114,78.5611697099956,0.09192447102932988,1.7637745407837855,0.0,0.0,0.004825202614142654,0.02630726841518083
1415,76.94152306458703,64,4416,103,7,1,6,80.41421774884432,256,1.1768035555555554,81.59102130439987,81.59102130439987,81.61855463773321,81.64359629455681,81.66988869364536,83.32065721704903,4.728365629058331,6.379134152462001,3.4726946842572914,0.0,0.025041656823603375,0.02629239908854686
1416,77.06518987759483,96,2048,90,0,0,5,77.06518987759483,0,0.5830328888888889,77.64822276648373,77.64822276648373,77.66260054426151,77.67248767568711,77.69855627920273,80.14895818931247,0.6333664016079013,3.083768311717634,0.0,0.0,0.00988713142560016,0.026068603515625455
1417,77.0804327455313,96,3200,82,1,1,4,80.7327890476564,3072,0.05315555555555555,80.78594460321195,80.78594460321195,80.80672238098973,80.81308672683485,80.83938413450531,83.31620895017218,3.758951388974012,6.235776204640885,3.6523563021250993,0.0,0.006364345845128128,0.026297407670455186
1418,77.12436676046288,128,2048,88,2,0,4,80.69965576992142,0,0.5830328888888889,81.28268865881032,81.28268865881032,81.2970664365881,81.3091691045179,81.33575040334603,84.68457208935725,4.211383642883149,7.560205328894369,3.575289009458544,0.0,0.01210266792980974,0.02658129882811977
1419,77.18372463739495,96,2688,110,3,1,7,80.81614067007864,256,0.6916195555555555,81.5077602256342,81.5077602256342,81.52569355896753,81.53346026333901,81.55975523946748,84.04788917046501,4.376030602072532,6.864164533070067,3.632416032683693,0.0,0.0077667043714768624,0.02629497612846876
1420,77.29489997126875,96,2176,81,4,1,3,77.29489997126875,2048,0.050083555555555555,77.34498352682431,77.34498352682431,77.36007241571319,77.37273736080213,77.39930352291151,79.9067166739532,0.10440355164276127,2.6118167026844503,0.0,0.0,0.012664945088943114,0.02656616210937557
1421,77.32518277054926,96,3200,86,5,1,3,77.32518277054926,2752,0.14204444444444445,77.46722721499371,77.46722721499371,77.4880049927715,77.50624798313791,77.53240186685186,80.03952062278395,0.2072190963025946,2.714337852234692,0.0,0.0,0.01824299036641719,0.026153883713945447
1422,77.45479948333417,128,5248,83,6,1,2,77.45479948333417,5120,0.05929955555555556,77.51409903888973,77.51409903888973,77.54625459444529,77.54788200073222,77.57443103812061,80.9807833981466,0.11963155478643728,3.5259839148124286,0.0,0.0,0.00162740628692859,0.026549037388392094
1423,77.4645264637474,160,768,140,7,1,0,81.59102130439987,256,0.15252622222222223,81.7435475266221,81.7435475266221,81.75081419328876,81.77506317281203,81.80122660752184,85.98347840524936,4.336700143774436,8.518951941501953,4.1264948406524695,0.0,0.024248979523264325,0.026163434709815192
1424,77.58897273521626,64,2816,98,0,1,3,77.64822276648373,2304,0.15867022222222224,77.80689298870595,77.80689298870595,77.8255374331504,77.82815682445012,77.85409009267929,79.47632390964357,0.26511735746302634,1.8873511744273088,0.05925003126746731,0.0,0.002619391299717222,0.025933268229167084
1425,77.64764640275548,160,1664,80,1,1,6,80.78594460321195,1536,0.04854755555555555,80.8344921587675,80.8344921587675,80.84673660321195,80.86568203045701,80.89193992433722,85.03684730640823,3.2442935215817386,7.38920090365275,3.138298200456461,0.0,0.018945427245057544,0.0262578938802136
1426,77.65068268353953,128,1152,100,2,1,7,81.28268865881032,256,0.2603448888888889,81.54303354769921,81.54303354769921,81.55243354769921,81.5750040654554,81.60147650469152,84.94587827192794,3.95079382115199,7.29519558838841,3.6320059752707863,0.0,0.022570517756193453,0.026472439236115974
1427,77.65441179193607,128,1664,80,3,1,1,81.5077602256342,1536,0.04854755555555555,81.55630778118976,81.55630778118976,81.5685522256342,81.5860507038772,81.61229831129909,84.93638912311651,3.957886519363015,7.2819773311804425,3.8533484336981303,0.0,0.017498478242998772,0.026247607421879593
1428,77.72095499235108,128,1664,80,4,1,3,77.72095499235108,1536,0.04854755555555555,77.76950254790664,77.76950254790664,77.78174699235109,77.79472637447401,77.82099964921359,81.17188522050267,0.10004465686250796,3.4509302281515915,0.0,0.0,0.012979382122921379,0.026273274739580188
1429,77.73913273407327,96,5248,83,5,1,6,77.73913273407327,5120,0.05929955555555556,77.79843228962882,77.79843228962882,77.83058784518438,77.84628655735666,77.87254695077185,80.37976082228174,0.13341421669858278,2.640628088208473,0.0,0.0,0.015698712172280693,0.02626039341518549
1430,77.79197612644474,96,4480,139,6,1,4,77.79197612644474,256,1.1947733333333332,78.98674945977807,78.98674945977807,79.01463834866696,79.01901199515183,79.0459735836935,81.5890705075216,1.253997457248758,3.7970943810768603,0.0,0.0,0.004373646484864935,0.02696158854166697
1431,77.92173961167038,64,3200,82,7,1,1,81.7435475266221,3072,0.05315555555555555,81.79670308217764,81.79670308217764,81.81748085995542,81.82739053051291,81.8536047028762,83.50493768579902,3.9318650912058217,5.583198074128646,3.8218079149517195,0.0,0.009909670557490813,0.026214172363282273
1432,77.95630660853296,160,1344,96,0,1,2,77.95630660853296,1024,0.10092088888888888,78.05722749742185,78.05722749742185,78.06769416408852,78.08541278555037,78.11107288076522,82.23159243410413,0.15476627223226558,4.275285825571174,0.0,0.0,0.01771862146185299,0.025660095214846024
1433,77.97831218336776,160,2176,81,1,1,4,80.8344921587675,2048,0.050083555555555555,80.88457571432306,80.88457571432306,80.89966460321195,80.91819830649868,80.94444207152272,85.08917728687699,2.9661298881549527,7.1108651035092265,2.8561799753997406,0.0,0.018533703286735204,0.02624376502403436
1434,78.05248377381062,160,2752,110,2,1,3,81.54303354769921,2176,0.17625600000000002,81.7192895476992,81.7192895476992,81.7375784365881,81.76032139401443,81.7867840404988,85.96906830827776,3.73430026668818,7.916584534467134,3.4905497738885884,0.0,0.022742957426331145,0.026462646484375796
1435,78.16884353476458,96,1536,88,3,1,4,81.55630778118976,640,0.2614968888888889,81.81780467007864,81.81780467007864,81.82933800341198,81.8484379231155,81.87453606764674,84.36141172905876,3.7056925328821677,6.192568194294182,3.387464246425182,0.0,0.019099919703521095,0.026098144531246703
1436,78.30014673992898,96,4416,123,4,1,7,78.30014673992898,256,1.1768035555555554,79.47695029548453,79.47695029548453,79.50448362881787,79.51004313879693,79.53663454504694,82.05326441972142,1.2364878051179602,3.753117679792439,0.0,0.0,0.005559509979065069,0.02659140625000589
1437,78.35750217775097,160,2368,134,5,1,0,78.35750217775097,256,0.6017706666666667,78.95927284441764,78.95927284441764,78.9754283999732,78.98516103464532,79.01155919312745,83.16426093621402,0.6540570153764804,4.806758758463047,0.0,0.0,0.009732634672118934,0.026398158482138
1438,78.38534938771033,96,2624,94,6,1,0,78.98674945977807,256,0.6736497777777778,79.66039923755585,79.66039923755585,79.67797701533362,79.69319819306848,79.71999885224817,82.24868867972212,1.3346494645378328,3.863339292011787,0.601400072067733,0.0,0.015221177734858315,0.02680065917968477
1439,78.42923444591176,160,1280,25,7,1,2,81.79670308217764,1024,0.0829511111111111,81.87965419328876,81.87965419328876,81.88976530439987,81.90603451244651,81.93218452329721,86.11460146568774,3.5029500773854494,7.685367019775981,3.367468636265883,0.0,0.016269208046637118,0.026150010850699346
1440,78.47548156042839,96,4352,79,0,1,6,78.47548156042839,256,1.1588337777777777,79.63431533820616,79.63431533820616,79.66149311598394,79.68224617526857,79.70830320651858,82.17951499269788,1.232821646090187,3.7040334322694832,0.0,0.0,0.02075305928462967,0.026057031250005025
1441,78.50317822878874,96,512,80,1,0,4,80.88457571432306,0,0.15175822222222224,81.03633393654529,81.03633393654529,81.04217838098974,81.04942201443137,81.0755970632595,83.54923922360969,2.572418834470753,5.046060994820948,2.381397485534322,0.0,0.007243633441632369,0.02617504882812227
1442,78.52843473583135,64,3200,86,2,1,5,81.7192895476992,256,0.8353777777777779,82.55466732547698,82.55466732547698,82.57544510325476,82.58131122148838,82.60786058672275,84.26767318585867,4.079425850891397,5.739238450027315,3.190854811867851,0.0,0.005866118233612383,0.026549365234373568
1443,78.56380272051591,160,2048,130,3,0,2,81.81780467007864,0,0.5830328888888889,82.40083755896754,82.40083755896754,82.41521533674532,82.422911555928,82.44903395176134,86.6177475622441,3.8852312312454274,8.053944841728196,3.254001949562735,0.0,0.0076962191826766,0.026122395833340306
1444,78.60867602380154,64,2176,85,4,1,2,79.47695029548453,2048,0.050083555555555555,79.52703385104009,79.52703385104009,79.54212273992897,79.56322643957819,79.5897305085886,81.25165065019017,0.9810544847870659,2.642974626388636,0.8682742716829921,0.0,0.021103699649216878,0.026504069010414355
1445,78.64075288834844,128,1600,88,5,1,3,78.95927284441764,256,0.3861333333333334,79.34540617775097,79.34540617775097,79.35729506663986,79.3817176985218,79.40807553892358,82.72040156121402,0.7673226505751387,4.079648672865574,0.3185199560691956,0.0,0.024422631881932944,0.026357840401786348
1446,78.64543892112627,96,2624,138,6,1,0,79.66039923755585,256,0.6736497777777778,80.33404901533363,80.33404901533363,80.35162679311141,80.3667638668966,80.39361396455286,82.91154405081588,1.7481750434265848,4.266105129689606,1.0149603164295797,0.0,0.015137073785197686,0.026850097656250682
1447,78.64970049128357,160,2048,95,7,0,1,81.87965419328876,0,0.5830328888888889,82.46268708217765,82.46268708217765,82.47706485995543,82.48005956592492,82.50611795041152,86.6888518667759,3.856417459127954,8.039151375492338,3.22995370200519,0.0,0.002994705969484812,0.02605838448660336
1448,78.69010320654876,128,1664,80,0,1,4,79.63431533820616,1536,0.04854755555555555,79.68286289376172,79.68286289376172,79.69510733820617,79.70830320651858,79.73431988946129,83.0390827417213,1.044216682912534,4.348979535172546,0.9442121316574088,0.0,0.013195868312408265,0.026016682942710645
1449,78.75722133724102,64,1280,92,1,1,3,81.03633393654529,256,0.29628444444444446,81.33261838098973,81.33261838098973,81.34272949210084,81.36355482693138,81.38969867458762,83.03092548145179,2.6324773373466,4.273704144210768,2.27911259930427,0.0,0.020825334830533393,0.026143847656243224
1450,78.77602840917817,160,2432,150,2,1,5,82.55466732547698,2176,0.0864071111111111,82.6410744365881,82.6410744365881,82.65758554769921,82.66096078203525,82.68738817461337,86.85978072224727,3.9113597654352077,8.083752313069098,3.778638916298817,0.0,0.0033752343360333725,0.026427392578128206
1451,78.84365405291697,160,2176,81,3,1,1,82.40083755896754,2048,0.050083555555555555,82.4509211145231,82.4509211145231,82.46601000341198,82.47515683587592,82.50124548604953,86.67039529444897,3.657591433132552,7.826741241531991,3.5571835060505634,0.0,0.009146832463940768,0.026088650173605288
1452,78.87728355096738,96,832,140,4,1,7,79.52703385104009,256,0.170496,79.69752985104009,79.69752985104009,79.70515207326231,79.72225817785944,79.74860792674338,82.26597403886204,0.8713243757759983,3.3886904878946638,0.6497503000727107,0.0,0.0171061045971328,0.0263497488839306
1453,79.00919170453076,160,1536,137,5,1,3,79.34540617775097,256,0.3681635555555556,79.71356973330653,79.71356973330653,79.72510306663986,79.75077189774055,79.77705973953742,83.92101703972965,0.7678680350066571,4.911825335198884,0.3362144732202097,0.0,0.025668831100688294,0.026287841796872158
1454,79.05014057232508,160,1920,93,6,1,0,80.33404901533363,1664,0.0848711111111111,80.41892012644475,80.41892012644475,80.43258679311141,80.4473156247091,80.4739843747091,84.67766608508857,1.4238438023840274,5.627525512763498,1.2839084430085563,0.0,0.01472883159769367,0.02666874999999891
1455,79.07682589020013,96,4736,39,7,0,7,82.46268708217765,4544,0.07554133333333334,82.53822841551099,82.53822841551099,82.5675395266221,82.58429603355884,82.610512891469,85.1148335361482,3.5336870012688735,6.0380076459480705,3.3858611919775257,0.0,0.01675650693674413,0.026216857910156932
1456,79.28237859510396,64,832,44,0,0,0,79.68286289376172,640,0.06382933333333334,79.74669222709505,79.74669222709505,79.75431444931728,79.76033706068525,79.78626737597543,81.41913348228121,0.5038887808714634,2.136754887177247,0.4004842986577586,0.0,0.006022611367967556,0.025930315290182193
1457,79.42354981898545,64,1664,80,1,1,0,81.33261838098973,1536,0.04854755555555555,81.38116593654529,81.38116593654529,81.39341038098974,81.41584301052512,81.4419670644802,83.08279695620912,2.0184172454947458,3.659247137223673,1.909068562004279,0.0,0.022432629535387605,0.026124053955072668
1458,79.51916218308669,64,768,152,2,1,0,82.6410744365881,512,0.0814151111111111,82.72248954769921,82.72248954769921,82.72975621436588,82.74024442461338,82.76657747681509,84.4238983309867,3.2474152937283947,4.90473614790001,3.1219122535014066,0.0,0.010488210247501684,0.02633305220170712
1459,79.56556460028293,160,5248,83,3,1,5,82.4509211145231,4736,0.16596622222222224,82.61688733674532,82.61688733674532,82.64904289230088,82.65778764099746,82.68402675232558,86.8544891839579,3.118462152042653,7.288924583674969,2.885356514240172,0.0,0.008744748696571492,0.026239111328123954
1460,79.56702190326088,96,4096,101,4,0,1,79.69752985104009,0,1.1580657777777779,80.85559562881787,80.85559562881787,80.88135118437343,80.8813591300079,80.90767231360164,83.44131189460981,1.340650410340757,3.874289991348931,0.1305079477792077,0.0,7.94563446504526e-06,0.026313183593742906
1461,79.61194616489334,64,1664,4,5,1,4,79.71356973330653,1536,0.04854755555555555,79.76211728886209,79.76211728886209,79.77436173330653,79.77705973953742,79.80329519960686,81.44358155330852,0.19134903471352516,1.8316353884151795,0.10162356841318854,0.0,0.0026980062308865627,0.02623546006944366
1462,79.61691632336233,96,4096,84,6,0,5,80.41892012644475,0,1.1580657777777779,81.57698590422252,81.57698590422252,81.60274145977809,81.61526321585494,81.64165811331587,84.1558236371719,2.024741789953538,4.538907313809574,0.8020038030824139,0.0,0.012521756076850465,0.026394897460932043
1463,79.71484685577838,96,2176,85,7,1,4,82.53822841551099,2048,0.050083555555555555,82.58831197106655,82.58831197106655,82.60340085995543,82.610512891469,82.63671303252802,85.14123221778883,2.9218661767496457,5.42638536201045,2.82338155973261,0.0,0.007112031513571537,0.026200141059021576
1464,79.72528098976284,160,512,95,0,0,1,79.74669222709505,0,0.15175822222222224,79.89845044931728,79.89845044931728,79.90429489376173,79.91592627664507,79.94177411600053,84.07496535890881,0.2164931262376939,4.349684369145976,0.021411237332216615,0.0,0.011631382883336983,0.025847839355463975
1465,79.76975228334548,160,1664,80,1,0,1,81.38116593654529,1536,0.04854755555555555,81.42971349210084,81.42971349210084,81.4419579365453,81.57259465847433,81.59869820461691,85.74135054534052,1.8289459212714263,5.971598261995041,1.6114136531998042,0.0,0.13063672192903653,0.026103546142579148
1466,79.80856159332953,64,3200,86,2,0,2,82.72248954769921,3072,0.05315555555555555,82.77564510325476,82.77564510325476,82.79642288103254,82.81924504606225,82.84559856168725,84.50218502183492,3.037036968357725,4.69362342850539,2.913927954369683,0.0,0.022822165029708685,0.02635351562500432
1467,79.87735331925536,64,2048,93,3,0,6,82.61688733674532,0,0.5830328888888889,83.19992022563422,83.19992022563422,83.214298003412,83.23597218960855,83.26223356656168,84.91027051960089,3.384880247306313,5.032917200345523,2.7395340174899587,0.0,0.021674186196548817,0.02626137695312991
1468,79.97293866263223,128,4544,139,4,1,6,80.85559562881787,4288,0.09274311111111111,80.94833873992897,80.94833873992897,80.97658318437341,80.98661479407039,81.01308053300268,84.39582166023479,1.040141870370448,4.4228829976025565,0.8826569661856354,0.0,0.010031609696980581,0.026465738932287763
1469,79.9797239718376,160,2176,85,5,1,7,79.9797239718376,1536,0.1923057777777778,80.17202974961538,80.17202974961538,80.18711863850426,80.19664949415673,80.2228067904737,84.36602192254215,0.24308281863609693,4.386297950704545,0.0,0.0,0.00953085565247136,0.02615729631696695
1470,79.98309495849199,160,2240,118,6,1,2,81.57698590422252,256,0.5658311111111111,82.14281701533363,82.14281701533363,82.15826145977807,82.16965860159712,82.19600147269087,86.38147033778576,2.2129065141988775,6.398375379293768,1.5938909457305357,0.0,0.011397141819045942,0.026342871093746112
1471,80.08106923202466,128,3200,86,7,1,2,82.58831197106655,3008,0.07093333333333333,82.65924530439987,82.65924530439987,82.68002308217766,82.68911477948983,82.71535247480233,86.06230593346118,2.63428324277767,5.981236701436515,2.507242739041885,0.0,0.009091697312172187,0.02623769531250275
1472,80.14344037998474,128,1408,96,0,0,0,80.14344037998474,1216,0.06555733333333334,80.20899771331807,80.20899771331807,80.21981993554029,80.22668768149997,80.25256658774997,83.55609988039319,0.10912620776522886,3.412659500408452,0.0,0.0,0.006867745959681315,0.02587890625
1473,80.22701231512659,64,1664,80,1,0,1,81.42971349210084,1536,0.04854755555555555,81.4782610476564,81.4782610476564,81.49050549210085,81.62480223904073,81.6508559804958,83.29024723142219,1.423843665369219,3.063234916295599,1.2027011769742586,0.0,0.13429674693988147,0.026053741455072554
1474,80.50253664273501,96,2048,108,2,0,6,82.77564510325476,0,0.5830328888888889,83.35867799214365,83.35867799214365,83.37305576992144,83.37314430624218,83.39949987264843,85.89033991472307,2.8969632299134247,5.387803271988062,2.273108460519751,0.0,8.853632074590223e-05,0.02635556640625225
1475,80.54480220730423,160,512,103,3,0,7,83.19992022563422,0,0.15175822222222224,83.35167844785644,83.35167844785644,83.35752289230089,83.36728395718667,83.39345561024065,87.55764250078266,2.8486534029364208,7.012840293478433,2.6551180183299863,0.0,0.009761064885779547,0.026171653053978616
1476,80.61605894422772,128,4544,143,4,1,3,80.94833873992897,256,1.212743111111111,82.16108185104008,82.16108185104008,82.18932629548452,82.21268971269016,82.23942384354955,85.60684482918009,1.6233648993218281,4.990785884952373,0.332279795701254,0.0,0.023363417205644055,0.026734130859381366
1477,80.69198829559792,96,2176,1,5,1,6,80.69198829559792,2048,0.050083555555555555,80.74207185115348,80.74207185115348,80.75716074004237,80.76860115431299,80.79454716435764,83.26862245965152,0.10255886875971498,2.5766341640536012,0.0,0.0,0.011440414270623478,0.025946010044648915
1478,80.78298072967597,64,4544,103,6,1,7,82.14281701533363,4224,0.11052088888888889,82.25333790422252,82.25333790422252,82.28158234866696,82.30138594534712,82.32790918753462,83.99848665335495,1.5449284578586457,3.2155059236789754,1.3598362856576642,0.0,0.019803596680162627,0.026523242187494134
1479,80.93320730821277,96,2816,110,7,1,2,82.65924530439987,2496,0.10533688888888888,82.76458219328876,82.76458219328876,82.78322663773321,82.79406849042734,82.82032044355233,85.32617529504577,1.8871131353395612,4.392967986833,1.7260379961871024,0.0,0.010841852694127851,0.02625195312499784
1480,80.94990992321506,64,5248,83,0,1,3,80.94990992321506,5120,0.05929955555555556,81.00920947877061,81.00920947877061,81.04136503432618,81.05375115806247,81.07984672167854,82.72902866457287,0.1299367984634756,1.7791187413578058,0.0,0.0,0.012386123736291665,0.026095563616067352
1481,81.14749283957042,96,2880,110,1,1,7,81.4782610476564,2368,0.15886222222222224,81.63712326987863,81.63712326987863,81.65612326987863,81.67691021023214,81.70298250637471,84.17371141773634,0.5554896668042915,3.026218578165924,0.33076820808598484,0.0,0.020786940353502814,0.02607229614257278
1482,81.62399710528898,64,1536,141,2,0,2,83.35867799214365,1280,0.0837191111111111,83.44239710325476,83.44239710325476,83.4539304365881,83.47856950155469,83.50487179203765,85.15554992991405,1.880874686748669,3.5315528246250665,1.734680886854676,0.0,0.024639064966592628,0.026302290482959734
1483,81.62844968084808,128,3200,82,3,1,7,83.35167844785644,3072,0.05315555555555555,83.40483400341199,83.40483400341199,83.42561178118977,83.44580038119236,83.4720059475986,86.80196232848914,1.8435562667505252,5.173512647641061,1.723228767008365,0.0,0.020188600002583712,0.02620556640624727
1484,81.8262725507205,96,1664,80,4,1,1,82.16108185104008,1536,0.04854755555555555,82.20962940659564,82.20962940659564,82.22187385104009,82.23942384354955,82.26597403886204,84.79064978523479,0.4397014881415373,2.964377234514288,0.3348093003195771,0.0,0.017549992509458434,0.02655019531249536
1485,81.85012972044294,96,3200,82,5,1,3,81.85012972044294,3072,0.05315555555555555,81.90328527599848,81.90328527599848,81.92406305377627,81.93753145565228,81.96362707739706,84.44442753777652,0.11349735695412733,2.594297817333583,0.0,0.0,0.013468401876011171,0.026095621744786968
1486,81.92966812175491,128,4288,75,6,1,0,82.25333790422252,256,1.140864,83.39420190422251,83.39420190422251,83.42102412644473,83.44335801565963,83.47005342581588,86.80347431727795,1.5403853040609619,4.873806195523031,0.32366978246760425,0.0,0.022333889214891656,0.026695410156250432
1487,82.0317766617703,128,4416,119,7,1,1,82.76458219328876,4096,0.11013688888888888,82.87471908217765,82.87471908217765,82.90225241551099,82.92533313886484,82.95166268801849,86.29803974170616,0.9198860262481929,4.266263079935868,0.7328055315184656,0.0,0.023080723353857024,0.02632954915364394
1488,82.04451278860044,128,3200,86,0,1,7,82.04451278860044,2176,0.30204444444444445,82.34655723304489,82.34655723304489,82.36733501082267,82.38829409426037,82.41450151613537,85.71494533937755,0.36998872753493117,3.6704325507771074,0.0,0.0,0.020959083437702475,0.026207421875000136
1489,82.23291271772325,64,960,128,1,0,1,82.23291271772325,768,0.06421333333333333,82.29712605105658,82.29712605105658,82.30545938438992,82.32907108669697,82.35513474636494,83.9904638591426,0.12222202864168707,1.7575511414193414,0.0,0.0,0.023611702307050564,0.026063659667968864
1490,82.23685263613574,64,4096,80,2,0,4,83.44239710325476,0,1.1580657777777779,84.60046288103254,84.60046288103254,84.6262184365881,84.63225826402243,84.6584149325492,86.30975074526623,2.4215622964134695,4.072898109130492,1.2055444671190259,0.0,0.00603982743432141,0.02615666852678089
1491,82.38564338872001,160,2880,90,3,1,5,83.40483400341199,2560,0.10552888888888888,83.51036289230088,83.51036289230088,83.52936289230088,83.55062557650486,83.57684838299524,87.74058878984516,1.1912049942752247,5.35494540112515,1.0191906146919791,0.0,0.02126268420397537,0.02622280649038089
1492,82.47089498428709,64,2688,94,4,1,6,82.47089498428709,2240,0.14050844444444444,82.61140342873153,82.61140342873153,82.62933676206487,82.64156949784642,82.66829752519017,84.34286528002646,0.1974025409030844,1.8719702957393736,0.0,0.0,0.012232735781552151,0.026728027343750682
1493,82.52593787293236,160,1664,80,5,1,4,82.52593787293236,1536,0.04854755555555555,82.57448542848792,82.57448542848792,82.58672987293237,82.59006848364706,82.61613412259796,86.7472003591121,0.09019624966559547,4.221262486179739,0.0,0.0,0.003338610714692436,0.02606563895089664
1494,82.62568153411183,96,896,104,6,0,6,83.39420190422251,704,0.06402133333333333,83.45822323755584,83.45822323755584,83.46620101533362,83.47005342581588,83.49653959118046,85.98493145432221,0.8708580570686308,3.359249920210374,0.7685203701106786,0.0,0.0038524104822528216,0.026486165364588032
1495,82.6285078767111,96,4736,19,7,1,0,82.87471908217765,256,1.2666524444444445,84.1413715266221,84.1413715266221,84.17068263773321,84.18884898137193,84.21526001652818,86.7149077401018,1.5867521398170794,4.086399863390696,0.24621120546655106,0.0,0.01816634363872538,0.026411035156243656
1496,82.68187410520775,96,960,112,0,1,6,82.68187410520775,256,0.20643555555555557,82.88830966076331,82.88830966076331,82.89664299409665,82.91012033937756,82.9359118432838,85.40214748781506,0.25403773807605035,2.720273382607303,0.0,0.0,0.013477345280904274,0.02579150390624818
1497,82.76820983868612,64,1216,100,1,1,2,82.76820983868612,256,0.27831466666666665,83.04652450535278,83.04652450535278,83.05628006090834,83.0568758543211,83.08279695620912,84.72264232593947,0.31458711752300417,1.9544324872533565,0.0,0.0,0.0005957934127707176,0.02592110188801655
1498,82.79958572746376,64,1664,80,2,1,5,84.60046288103254,1536,0.04854755555555555,84.6490104365881,84.6490104365881,84.66125488103255,84.68457208935725,84.71069402016082,86.36193519350842,1.911108292697051,3.562349466044651,1.800877153568777,0.0,0.023317208324698413,0.02612193080356917
1499,82.94416545800466,128,2176,81,3,0,3,83.51036289230088,2048,0.050083555555555555,83.56044644785644,83.56044644785644,83.57553533674532,83.57684838299524,83.60306019242604,86.93245725036414,0.6588947344213807,3.988291792359476,0.5661974342962139,0.0,0.0013130462499191253,0.026211809430805033
1500,82.96965501498059,96,1664,80,4,1,2,82.96965501498059,1536,0.04854755555555555,83.01820257053615,83.01820257053615,83.0304470149806,83.04254117753392,83.06912272050268,85.58053074226603,0.09946770552208761,2.610875727285446,0.0,0.0,0.01209416255332485,0.026581542968756366
1501,82.99960100649263,160,1920,13,5,1,0,82.99960100649263,256,0.4759822222222222,83.47558322871485,83.47558322871485,83.48924989538152,83.50342446160465,83.52948520379215,87.64839624127356,0.5298841972995234,4.648795234780934,0.0,0.0,0.014174566223132956,0.026060742187496544
1502,83.00557119526674,96,3200,82,6,1,5,83.45822323755584,3072,0.05315555555555555,83.51137879311139,83.51137879311139,83.53215657088917,83.54951338675338,83.57601171264623,86.06438140549409,0.5704405173794953,3.0588102102273496,0.4526520422891025,0.0,0.017356815864204123,0.026498325892859498
1503,83.02014035042589,64,1664,84,7,1,5,84.1413715266221,1536,0.04854755555555555,84.18991908217765,84.18991908217765,84.2021635266221,84.21526001652818,84.24161708328954,85.90458309274936,1.2214767328636498,2.884442742323472,1.1212311761962042,0.0,0.013096489906075703,0.026357066761363512
1504,83.02607927453222,64,2944,90,0,1,3,83.02607927453222,2240,0.21238755555555558,83.23846683008777,83.23846683008777,83.25782238564332,83.27106345461193,83.29697341554943,84.93554934328381,0.27089414101720877,1.9094700687515882,0.0,0.0,0.013241068968611103,0.02590996093749709
1505,83.20159524966259,160,2176,81,1,1,3,83.20159524966259,2048,0.050083555555555555,83.25167880521815,83.25167880521815,83.26676769410703,83.29024723142219,83.31620895017218,87.46654991057487,0.11461370050959374,4.264954660912281,0.0,0.0,0.023479537315154175,0.025961718749996976
1506,83.29791849889781,128,2496,150,2,0,2,84.6490104365881,2304,0.06882133333333333,84.71783176992143,84.71783176992143,84.7346984365881,84.73681643924564,84.76295132694095,88.09747745308803,1.4650328280431353,4.799558954190218,1.3510919376902848,0.0,0.002118002657539364,0.026134887695306475
1507,83.31034736138766,64,640,68,3,0,,83.56044644785644,256,0.11658666666666667,83.6770331145231,83.6770331145231,83.68358867007865,83.70791231296175,83.73406644707633,85.38156411769116,0.4237190856886741,2.0712167563034996,0.2500990864687793,0.0,0.024323642883103958,0.026154134114577232
1508,83.32817659124285,64,3200,82,4,1,6,83.32817659124285,3072,0.05315555555555555,83.3813321467984,83.3813321467984,83.40210992457618,83.41472721269017,83.44131189460981,85.1076835742973,0.11313530336695976,1.7795069830544463,0.0,0.0,0.012617288113986547,0.026584681919644026
1509,83.4967430660122,96,2752,26,5,0,5,83.4967430660122,2560,0.06958933333333334,83.56633239934554,83.56633239934554,83.58462128823443,83.60767036004215,83.63377989780257,86.10300375615451,0.1370368317903683,2.6062606901423067,0.0,0.0,0.0230490718077192,0.026109537760419244
1510,83.55850480349223,160,512,125,6,0,4,83.55850480349223,0,0.15175822222222224,83.71026302571445,83.71026302571445,83.7161074701589,83.73501192190963,83.76135719778854,87.93375924682594,0.20285239429631474,4.375254443333716,0.0,0.0,0.018904451750728413,0.02634527587891
1511,83.6497038224023,64,4736,111,7,1,2,84.18991908217765,4416,0.11109688888888888,84.30101597106655,84.30101597106655,84.33032708217766,84.34705023314748,84.37348915730114,86.03610584665562,0.7237853348988352,2.3864020242533144,0.5402152597753513,0.0,0.01672315096982402,0.02643892415365201
1512,83.69311597211612,128,1600,97,0,1,4,83.69311597211612,1280,0.10168888888888888,83.794804861005,83.794804861005,83.8066937498939,83.81568850344006,83.8416139917213,87.15683202557545,0.14849801960518505,3.4637160534593363,0.0,0.0,0.00899475354616186,0.025925488281245634
1513,83.70127640262764,160,4608,143,1,1,4,83.70127640262764,4096,0.16404622222222223,83.86532262484987,83.86532262484987,83.89392262484986,83.91219029957229,83.93828099781447,88.1014557048457,0.23700459518683203,4.4001793022180635,0.0,0.0,0.01826767472242352,0.026090698242185795
1514,83.84912393646901,64,1664,84,2,1,7,84.71783176992143,1536,0.04854755555555555,84.76637932547699,84.76637932547699,84.77862376992144,84.78908670291752,84.81518663781335,86.46645235310663,0.9660627013443417,2.617328416637619,0.8687078334524188,0.0,0.010462932996077257,0.026099934895839283
1515,83.89862479733533,64,1664,80,3,1,4,83.89862479733533,1536,0.04854755555555555,83.94717235289089,83.94717235289089,83.95941679733534,83.96947562676384,83.99561298638298,85.6444935339238,0.09698818904765005,1.7458687365884629,0.0,0.0,0.010058829428501781,0.026137359619141876
1516,84.19812187556957,160,2176,89,4,1,7,84.19812187556957,1792,0.12119466666666667,84.31931654223624,84.31931654223624,84.33440543112512,84.34286528002646,84.36934322599,88.5728655323051,0.1712213504204243,4.374743656735532,0.0,0.0,0.008459848901338773,0.02647794596353492
1517,84.27169560817666,128,704,156,5,1,6,84.27169560817666,256,0.13455644444444445,84.4062520526211,84.4062520526211,84.41316316373221,84.41840497918277,84.44442753777652,87.72576123150793,0.1727319295998626,3.4540656233312745,0.0,0.0,0.005241815450560239,0.02602255859375191
1518,84.55400707735646,96,4672,143,6,1,1,84.55400707735646,256,1.2486826666666666,85.80268974402313,85.80268974402313,85.83164529957868,85.85326032336982,85.87958682076565,88.38367042904785,1.3255797434091932,3.8296633516913943,0.0,0.0,0.021615023791142107,0.026326497395828596
1519,84.65391003162094,64,2048,87,7,0,0,84.65391003162094,0,0.5830328888888889,85.23694292050983,85.23694292050983,85.25132069828761,85.27339394738952,85.29978437707702,86.9474780526018,0.6458743454560789,2.2935680209808567,0.0,0.0,0.022073249101907777,0.026390429687495498
1520,84.65945173528144,64,1536,145,0,1,4,84.65945173528144,1152,0.11927466666666667,84.7787264019481,84.7787264019481,84.79025973528144,84.80541604250256,84.8314417260963,86.46639008221608,0.17198999081486477,1.8069383469346434,0.0,0.0,0.015156307221118936,0.02602568359374402
1521,84.6754038368694,96,896,140,1,1,4,84.6754038368694,256,0.1884657777777778,84.86386961464719,84.86386961464719,84.87184739242497,84.88014320484572,84.90625933440302,87.38770909026238,0.2308554975336108,2.7123052533929695,0.0,0.0,0.008295812420755055,0.0261161295572947
1522,84.719082738589,128,3200,82,2,1,4,84.76637932547699,3072,0.05315555555555555,84.81953488103254,84.81953488103254,84.84031265881032,84.84128706099044,84.86743413130294,88.20259952340052,0.14835139271394837,3.4835167848115276,0.04729658688799532,0.0,0.0009744021801196823,0.026147070312504184
1523,84.90241256532956,64,3200,86,3,1,0,84.90241256532956,3072,0.05315555555555555,84.9555681208851,84.9555681208851,84.97634589866288,84.98868203761303,85.01487075831615,86.67039529444897,0.11245819298659399,1.7679827291194101,0.0,0.0,0.012336138950146847,0.02618872070311795
1524,84.91475984093161,160,2176,89,4,0,4,84.91475984093161,2048,0.050083555555555555,84.96484339648717,84.96484339648717,84.97993228537605,85.0022025196098,85.0285720508598,89.23879163907593,0.11381220992818442,4.324031798144318,0.0,0.0,0.02227023423374419,0.026369531249997635
1525,84.96901982781733,160,2176,85,5,0,5,84.96901982781733,2048,0.050083555555555555,85.0191033833729,85.0191033833729,85.03419227226178,85.03970976433902,85.06563242058903,89.18561113036398,0.09661259277169165,4.216591302546647,0.0,0.0,0.005517492077245834,0.02592265625000323
1526,84.99528510913268,160,2880,18,6,0,6,85.80268974402313,2688,0.06997333333333333,85.87266307735646,85.87266307735646,85.89166307735647,85.90591380644274,85.93225253412132,90.11771366751512,0.9369674249886373,5.122428558382438,0.807404634890446,0.0,0.014250729086271008,0.02633872767857781
1527,85.03822031492733,64,1472,109,7,1,5,85.23694292050983,1088,0.11908266666666667,85.3560255871765,85.3560255871765,85.36720336495428,85.37895182499369,85.40527379764994,87.05070520103929,0.3670534827226106,2.012484886111963,0.19872260558250332,0.0,0.011748460039413544,0.02632197265624825
1528,85.08942976549018,128,4480,51,0,1,3,85.08942976549018,256,1.1947733333333332,86.28420309882351,86.28420309882351,86.3120919877124,86.33408791750254,86.36035289146088,89.71311295005464,1.2709231259706968,4.623683184564456,0.0,0.0,0.02199592979013687,0.026264973958333826
1529,85.12054945315697,160,768,124,1,1,2,85.12054945315697,256,0.15252622222222223,85.27307567537919,85.27307567537919,85.28034234204586,85.29856693531448,85.32458265797074,89.49253955901237,0.20403320481376852,4.371990105855403,0.0,0.0,0.01822459326862713,0.02601572265625407
1530,85.12150151391333,128,1536,105,2,1,7,85.12150151391333,256,0.3681635555555556,85.48966506946888,85.48966506946888,85.50119840280222,85.52330285960154,85.5495166182821,88.8842578544087,0.4280151043687681,3.762756340495372,0.0,0.0,0.022104456799326044,0.026213758680555088
1531,85.16458280046466,128,2432,158,3,1,6,85.16458280046466,256,0.6197404444444444,85.7843232449091,85.7843232449091,85.80083435602022,85.80261352904098,85.82894995482224,89.14932351361749,0.6643671543575778,3.9847407131528314,0.0,0.0,0.0017791730207648015,0.026336425781252615
1532,85.20444529739258,64,1664,97,4,1,0,85.20444529739258,1344,0.10188088888888888,85.30632618628147,85.30632618628147,85.31857063072592,85.34454441414104,85.37076316414104,87.0332749073051,0.16631786674845728,1.8288296099125176,0.0,0.0,0.02597378341512524,0.02621874999999818
1533,85.2141776546403,128,2176,81,5,1,1,85.2141776546403,2048,0.050083555555555555,85.26426121019585,85.26426121019585,85.27935009908474,85.29895829949528,85.32490833204737,88.61167216552022,0.11073067740707643,3.3974945108799233,0.0,0.0,0.019608200410544896,0.025950032552088942
1534,85.2177097965423,64,1600,145,6,1,0,85.87266307735646,256,0.3861333333333334,86.2587964106898,86.2587964106898,86.27068529957869,86.27606929611909,86.30241882411389,87.96013113403298,1.0847090275715914,2.7424213374906827,0.6549532808141691,0.0,0.005383996540402336,0.026349527994796063
1535,85.22679864275173,160,1024,128,7,1,1,85.3560255871765,256,0.22440533333333335,85.58043092050984,85.58043092050984,85.58911980939872,85.58954127811869,85.61579207712437,89.7410683451055,0.38899343437263667,4.514269702353772,0.12922694442477223,0.0,0.00042146871996351365,0.026250799005680392
1536,85.24916612077989,96,5248,83,0,0,0,86.28420309882351,5120,0.05929955555555556,86.34350265437907,86.34350265437907,86.37565820993463,86.38661835370046,86.41320844159108,88.92411454510672,1.1640423208111912,3.6749484243268284,1.035036978043621,0.0,0.010960143765828434,0.026590087890625114
1537,85.29739602381204,160,2880,98,1,1,0,85.29739602381204,2112,0.22997333333333336,85.52736935714537,85.52736935714537,85.54636935714538,85.55874613453324,85.58483101409053,89.75376807463736,0.2874349902784843,4.456372050825323,0.0,0.0,0.012376777387856919,0.026084879557288332
1538,85.38923015483883,128,2304,114,2,1,4,85.48966506946888,256,0.5838008888888889,86.07346595835777,86.07346595835777,86.08926595835777,86.10016484845633,86.12637364972586,89.45835483520298,0.7371434948870359,4.069124680364155,0.10043491463005694,0.0,0.010898890098559377,0.026208801269532955
1539,85.4046456343111,128,1664,80,3,0,3,85.7843232449091,1536,0.04854755555555555,85.83287080046466,85.83287080046466,85.84511524490911,85.85528686888473,85.88157178099411,89.20144177533624,0.47692614668301303,3.7967961410251405,0.37967761059800864,0.0,0.010171623975622879,0.026284912109375114
1540,85.51021465145683,64,4800,95,4,1,1,85.51021465145683,4352,0.14684444444444444,85.65705909590127,85.65705909590127,85.68672576256795,85.71081715990925,85.73714882494832,87.4055571338676,0.22693417349148604,1.8953424824107685,0.0,0.0,0.024091397341308607,0.026331665039066365
1541,85.64441984963776,96,960,104,5,1,6,85.64441984963776,256,0.20643555555555557,85.85085540519331,85.85085540519331,85.85918873852665,85.86997180860986,85.89586229410094,88.35080895402467,0.25144244446318,2.706389104386915,0.0,0.0,0.01078307008320678,0.02589048549107531
1542,85.67503675337893,128,2944,110,6,1,1,86.2587964106898,2112,0.24794311111111111,86.50673952180091,86.50673952180091,86.52609507735646,86.539802076067,86.56620026942637,89.90803956967285,0.8911635160474418,4.233002816293919,0.5837596573108641,0.0,0.013706998710546259,0.02639819335936977
1543,85.68250130056508,160,1216,157,7,1,5,85.68250130056508,256,0.27831466666666665,85.96081596723174,85.96081596723174,85.9705715227873,85.98347840524936,86.00979188181186,90.12976797075656,0.32729058124678545,4.447266670191482,0.0,0.0,0.01290688246206173,0.02631347656250682
1544,85.74268974516687,128,1664,84,0,1,2,86.34350265437907,512,0.332992,86.67649465437907,86.67649465437907,86.68873909882352,86.70816254315359,86.7347652042864,90.08250035239838,0.9920754591195333,4.339810607231513,0.6008129092121948,0.0,0.019423444330072925,0.026602661132812955
1545,85.81709468554097,64,2176,81,1,1,5,85.81709468554097,2048,0.050083555555555555,85.86717824109652,85.86717824109652,85.88226712998541,85.89812486174677,85.92424424651239,87.57181846526237,0.10714956097142192,1.7547237797214024,0.0,0.0,0.01585773176135774,0.02611938476562159
1546,85.83395736534231,160,2176,81,2,1,1,86.07346595835777,2048,0.050083555555555555,86.12354951391333,86.12354951391333,86.13863840280221,86.15258293927664,86.17877635290512,90.3438256197082,0.34481898756280316,4.509868254365884,0.2395085930154579,0.0,0.013944536474426172,0.026193413628476492
1547,85.87291337587072,128,4864,95,3,1,4,85.87291337587072,256,1.302592,87.17550537587073,87.17550537587073,87.20552759809296,87.21800742126257,87.24425205016883,90.5655530592834,1.3713386742981015,4.692639683412679,0.0,0.0,0.012479823169613269,0.02624462890625523
1548,85.87584795803953,160,5184,87,4,1,0,85.87584795803953,4544,0.2013297777777778,86.0771777358173,86.0771777358173,86.1089777358173,86.13218239428426,86.15876022631551,90.39362308438842,0.2829122682759788,4.517775126348894,0.0,0.0,0.023204658466951855,0.026577832031250637
1549,86.04976594966246,128,768,136,5,1,7,86.04976594966246,256,0.15252622222222223,86.20229217188468,86.20229217188468,86.20955883855135,86.23206991826389,86.25782180163442,89.54885763915304,0.20805585197196308,3.4990916894905837,0.0,0.0,0.022511079712543847,0.025751883370531914
1550,86.06486917391922,64,2176,81,6,1,2,86.50673952180091,2048,0.050083555555555555,86.55682307735647,86.55682307735647,86.57191196624535,86.592598951067,86.61895002528576,88.2775916530062,0.5540808513665354,2.2127224790869775,0.44187034788168944,0.0,0.020686984821651322,0.026351074218752046
1551,86.15047353005673,96,2176,81,7,1,6,86.15047353005673,2048,0.050083555555555555,86.20055708561229,86.20055708561229,86.21564597450117,86.21945288867882,86.24564801807335,88.70572191653407,0.09517448801662454,2.555248386477345,0.0,0.0,0.0038069141776446713,0.026195129394537275
1552,86.29610669975854,64,1664,80,0,1,3,86.67649465437907,1536,0.04854755555555555,86.72504220993463,86.72504220993463,86.73728665437908,86.76136835370046,86.78781376385672,88.44879765057547,0.4917070640981791,2.1526909508169325,0.3803879546205309,0.0,0.024081699321385486,0.026445410156256344
1553,86.32389424262946,64,5248,91,1,1,4,86.32389424262946,256,1.4104106666666667,87.73430490929613,87.73430490929613,87.76646046485169,87.7829779704707,87.8096664470332,89.46655184742383,1.4857722044037303,3.1426576047943655,0.0,0.0,0.016517505619006556,0.026688476562497954
1554,86.36012859666158,96,3136,6,2,1,4,86.36012859666158,2688,0.14185244444444445,86.50198104110602,86.50198104110602,86.52240326332824,86.54498873005976,86.57121871052851,89.06700502237746,0.21109011386693055,2.706876425715876,0.0,0.0,0.022585466731513293,0.026229980468755798
1555,86.3778904786315,64,2176,89,3,1,4,87.17550537587073,1984,0.06786133333333334,87.24336670920407,87.24336670920407,87.25845559809295,87.27049716735633,87.29671225524694,88.94061518028415,0.9188217766154452,2.5627247016526553,0.7976148972392281,0.0,0.012041569263374186,0.02621508789061977
1556,86.38323907853756,128,1664,84,4,1,0,86.38323907853756,1536,0.04854755555555555,86.43178663409311,86.43178663409311,86.44403107853756,86.45114860522176,86.47760376472696,89.85402591641967,0.09436468618940808,3.470786837882116,0.0,0.0,0.007117526684197628,0.02645515950520405
1557,86.45468565885656,64,4480,159,5,1,2,86.45468565885656,256,1.1947733333333332,87.64945899218989,87.64945899218989,87.67734788107879,87.69980786236731,87.72576123150793,89.36821200927022,1.2710755726513696,2.9135263504136617,0.0,0.0,0.022459981288520225,0.025953369140623295
1558,86.48996926071086,160,2944,18,6,0,6,86.55682307735647,2752,0.07016533333333333,86.6269884106898,86.6269884106898,86.64634396624535,86.67165363856701,86.69801679774669,90.87723961617584,0.20804753703582435,4.3872703554649775,0.06685381664560452,0.0,0.025309672321654375,0.026363159179680906
1559,86.52559026339463,128,2176,81,7,0,7,86.52559026339463,2048,0.050083555555555555,86.5756738189502,86.5756738189502,86.59076270783908,86.61067883210794,86.63673602204935,89.9227020527878,0.11114575865471465,3.397111789393165,0.0,0.0,0.019916124268860358,0.026057189941411707
1560,86.77445246695748,160,1664,80,0,0,0,86.77445246695748,1536,0.04854755555555555,86.82300002251304,86.82300002251304,86.83524446695749,86.84070604901297,86.8670471948463,91.06747321209892,0.09259472788880885,4.293020745141433,0.0,0.0,0.005461582055474423,0.026341145833328028
1561,86.814239009263,96,1664,84,1,1,4,87.73430490929613,1152,0.15521422222222223,87.88951913151836,87.88951913151836,87.9017635759628,87.9164252360957,87.9429404704707,90.4395264079707,1.1287014612076973,3.625287398707698,0.9200659000331228,0.0,0.014661660132901488,0.026515234374997476
1562,86.92690940848665,64,5248,83,2,1,0,86.92690940848665,5120,0.05929955555555556,86.9862089640422,86.9862089640422,87.01836451959777,87.0434071057108,87.0698311430992,88.72792924112746,0.14292173461254265,1.8010198326408045,0.0,0.0,0.025042586113031007,0.02642403738839505
1563,87.04582181656598,160,256,80,3,0,0,87.24336670920407,0,0.07987911111111111,87.32324582031518,87.32324582031518,87.3276680425374,87.34914389587195,87.37520451250141,91.52461335387976,0.32938269593543623,4.478791537313782,0.19754489263809205,0.0,0.021475853334550266,0.026060616629465017
1564,87.05322517644483,128,3200,86,4,1,3,87.05322517644483,2624,0.1776,87.23082517644482,87.23082517644482,87.2516029542226,87.27260547371135,87.2991948291801,90.68802979825561,0.24596965273526905,3.634804621810787,0.0,0.0,0.02100251948874643,0.026589355468743747
1565,87.11998319585402,128,1728,129,5,1,2,87.64945899218989,256,0.42207288888888894,88.07153188107878,88.07153188107878,88.08413188107879,88.09069296978917,88.1167254404923,91.41357227945255,0.9967422446382841,4.293589083598533,0.5294757963358734,0.0,0.006561088710384411,0.02603247070312875
1566,87.17220291819946,160,3200,82,6,1,2,87.17220291819946,3072,0.05315555555555555,87.22535847375501,87.22535847375501,87.24613625153279,87.24983578491188,87.27613442993142,91.45431534627258,0.10393151173195747,4.28211242807312,0.0,0.0,0.0036995333790912355,0.026298645019537048
1567,87.37179647581767,160,2432,134,7,1,5,87.37179647581767,256,0.6197404444444444,87.99153692026212,87.99153692026212,88.00804803137324,88.03230383385178,88.05821418541429,92.1833946309128,0.6864177095966113,4.811598155095126,0.0,0.0,0.024255802478549526,0.025910351562501432
1568,87.40534442629512,64,1664,84,0,1,1,87.40534442629512,1536,0.04854755555555555,87.45389198185067,87.45389198185067,87.46613642629512,87.47423612713796,87.50058280682546,89.16013052817962,0.09523838053034694,1.7547861018845055,0.0,0.0,0.008099700842834068,0.02634667968750648
1569,87.41167262425873,64,1664,80,1,1,0,87.88951913151836,1536,0.04854755555555555,87.93806668707391,87.93806668707391,87.95031113151836,87.96945619312696,87.99585511890821,89.64911817229361,0.5841824946494825,2.2374455480348843,0.47784650725962763,0.0,0.019145061608597302,0.026398925781251137
1570,87.4724880095105,64,256,92,2,0,1,87.4724880095105,0,0.07987911111111111,87.55236712062161,87.55236712062161,87.55678934284383,87.57198062691616,87.59825082955288,89.24895460733839,0.12576282004238237,1.7764665978278913,0.0,0.0,0.015191284072329836,0.02627020263672364
1571,87.49365345781081,128,1664,80,3,1,1,87.49365345781081,1536,0.04854755555555555,87.54220101336637,87.54220101336637,87.55444545781081,87.55764250078266,87.5837762200907,90.90393286071568,0.09012276227988991,3.4102794029048766,0.0,0.0,0.0031970429718484183,0.026133719308035097
1572,87.73215076691135,160,5248,83,4,1,2,87.73215076691135,4928,0.1126328888888889,87.84478365580023,87.84478365580023,87.87693921135579,87.88146465339887,87.90809502449261,92.16001300138062,0.1759442575812642,4.4278622344692735,0.0,0.0,0.004525442043075145,0.026630371093744998
1573,87.81591394682584,64,1664,84,5,1,0,88.07153188107878,1536,0.04854755555555555,88.12007943663434,88.12007943663434,88.13232388107879,88.14275839947668,88.16876028284722,89.80785300048117,0.35284633602137205,1.9919390536553294,0.255617934252939,0.0,0.01043451839788645,0.026001883370540213
1574,87.85892510227653,128,1664,80,6,1,3,87.85892510227653,1536,0.04854755555555555,87.90747265783209,87.90747265783209,87.91971710227654,87.93375924682594,87.96013113403298,91.29711466267882,0.1012060317564476,3.438189560402293,0.0,0.0,0.014042144549406999,0.026371887207034206
1575,87.97368955775727,160,1664,84,7,1,5,87.99153692026212,1536,0.04854755555555555,88.04008447581768,88.04008447581768,88.05232892026213,88.05821418541429,88.08410863528408,92.20954339393363,0.11041907752681368,4.235853836176361,0.017847362504852526,0.0,0.005885265152159036,0.02589444986979572
1576,87.99058594802537,64,2176,81,0,1,7,87.99058594802537,2048,0.050083555555555555,88.04066950358093,88.04066950358093,88.05575839246981,88.08033329510671,88.10664900381207,89.76577476646088,0.11606305578669662,1.7751888184355096,0.0,0.0,0.024574902636899765,0.026315708705354268
1577,88.0011902935509,160,3008,110,1,1,6,88.0011902935509,2752,0.08813511111111111,88.08932540466202,88.08932540466202,88.10903651577313,88.1276717204707,88.15393026539257,92.33642260984013,0.15273997184166888,4.335232316289222,0.0,0.0,0.01863520469757418,0.026258544921873295
1578,88.05160097349767,128,3072,110,2,1,1,88.05160097349767,2624,0.14166044444444445,88.19326141794211,88.19326141794211,88.21332808460878,88.2288240513953,88.25508835106048,91.55841844197381,0.20348737756280855,3.506817468476143,0.0,0.0,0.015495966786531312,0.026264299665172075
1579,88.09030840999971,96,2048,85,3,0,5,88.09030840999971,0,0.5830328888888889,88.6733412988886,88.6733412988886,88.68771907666638,88.70584676510558,88.73193019144486,91.21455620055944,0.6416217814451528,3.1242477905597354,0.0,0.0,0.018127688439193435,0.026083426339283733
1580,88.11158560372415,128,2176,89,4,1,3,88.11158560372415,2048,0.050083555555555555,88.16166915927971,88.16166915927971,88.1767580481686,88.20106133308636,88.22761560205957,91.6246384199074,0.11602999833542071,3.5130528161832473,0.0,0.0,0.02430328491776379,0.026554268973214334
1581,88.2061096583323,96,2176,85,5,0,5,88.2061096583323,2048,0.050083555555555555,88.25619321388785,88.25619321388785,88.27128210277674,88.27277269914185,88.29878429582155,90.76556524006452,0.09267463748925309,2.559455581732223,0.0,0.0,0.0014905963651159482,0.02601159667969455
1582,88.24366011648151,128,1664,84,6,1,7,88.24366011648151,1280,0.11965866666666666,88.36331878314817,88.36331878314817,88.37556322759262,88.38367042904785,88.40993873959472,91.74151456502258,0.1662786231132145,3.4978544485410765,0.0,0.0,0.008107201455231916,0.02626831054686818
1583,88.59093944261744,64,2048,93,7,0,6,88.59093944261744,0,0.5830328888888889,89.17397233150633,89.17397233150633,89.18835010928412,89.19726156497157,89.22315772382574,90.85261230669407,0.6322182812082957,2.2616728640766297,0.0,0.0,0.00891145568745344,0.02589615885416663
1584,88.87807065309104,64,3200,82,0,1,6,88.87807065309104,3072,0.05315555555555555,88.93122620864659,88.93122620864659,88.95200398642437,88.97645800213796,89.00269546958587,90.66706028892183,0.12462481649482982,1.788989635830788,0.0,0.0,0.024454015713587296,0.026237467447913332
1585,89.03855919814812,128,1664,80,1,1,6,89.03855919814812,1536,0.04854755555555555,89.08710675370368,89.08710675370368,89.09935119814813,89.09956307789257,89.1257733876024,92.46850757077763,0.08721418945427217,3.429948372629511,0.0,0.0,0.00021187974444103475,0.02621030970982474
1586,89.12366352033044,128,960,144,2,1,3,89.12366352033044,256,0.20643555555555557,89.330099075886,89.330099075886,89.33843240921934,89.35405454223422,89.38012888305454,92.66125107543736,0.25646536272410003,3.5375875551069242,0.0,0.0,0.015622133014886685,0.026074340820315456
1587,89.15478237630478,64,3200,86,3,1,4,89.15478237630478,3072,0.05315555555555555,89.20793793186033,89.20793793186033,89.22871570963811,89.25365442182061,89.27985256635186,90.92999702087194,0.12507019004708297,1.775214644567157,0.0,0.0,0.024938712182503764,0.026198144531250023
1588,89.29854851000306,64,4544,99,4,1,3,89.29854851000306,256,1.212743111111111,90.51129162111417,90.51129162111417,90.53953606555861,90.55429154141967,90.58118106778686,92.26693324877645,1.2826325577837991,2.968384738773395,0.0,0.0,0.014755475861065293,0.026889526367185113
1589,89.3310508568399,128,1344,61,5,1,7,89.3310508568399,256,0.3142542222222222,89.64530507906211,89.64530507906211,89.65577174572879,89.67852316649679,89.70438815673117,93.01608657911774,0.3733372998912756,3.6850357222778456,0.0,0.0,0.022751420768003072,0.025864990234381935
1590,89.3745963793064,160,2048,13,6,0,5,89.3745963793064,0,0.5830328888888889,89.95762926819529,89.95762926819529,89.97200704597307,89.98680890561036,90.01302342383953,94.15380656011652,0.638427044533131,4.779210180810125,0.0,0.0,0.014801859637287862,0.02621451822916754
1591,89.43261469572913,128,1664,84,7,1,6,89.43261469572913,1536,0.04854755555555555,89.48116225128469,89.48116225128469,89.49340669572913,89.50804769778406,89.53393692769478,92.8376836934128,0.10132223196565349,3.4050689976836708,0.0,0.0,0.014641002054929686,0.025889229910717404
1592,89.49290628573965,64,4608,99,0,1,4,89.49290628573965,4096,0.16404622222222223,89.65695250796188,89.65695250796188,89.68555250796187,89.68662955161713,89.71311295005464,91.3893197697161,0.22020666431498626,1.8964134839764455,0.0,0.0,0.0010770436552576257,0.02648339843750591
1593,89.70470864298568,128,5248,83,1,1,4,89.70470864298568,5120,0.05929955555555556,89.76400819854123,89.76400819854123,89.7961637540968,89.80588216968944,89.83231612965038,93.18442285398075,0.1276074866647008,3.47971421099507,0.0,0.0,0.009718415592644192,0.02643395996094
1594,89.88736246065872,64,1600,137,2,1,5,89.88736246065872,256,0.3861333333333334,90.27349579399205,90.27349579399205,90.28538468288095,90.29185223103632,90.31783868123163,91.94349965942173,0.43047622057291335,2.056137198763011,0.0,0.0,0.00646754815537065,0.025986450195318866
1595,89.91049408573525,96,4544,147,3,1,1,89.91049408573525,4096,0.14607644444444445,90.0565705301797,90.0565705301797,90.08481497462414,90.0922372343206,90.11861850059665,92.61909990173133,0.20812441486140187,2.70860581599608,0.0,0.0,0.007422259696468814,0.0263812662760472
1596,89.911134730156,96,1664,80,4,1,1,90.51129162111417,1536,0.04854755555555555,90.55983917666973,90.55983917666973,90.57208362111417,90.58118106778686,90.60785557950561,93.13651933276083,0.6967208493496173,3.2253846026048336,0.6001568909581749,0.0,0.009097446672683418,0.02667451171875257
1597,89.92451180009749,160,4608,147,5,1,3,89.92451180009749,256,1.230712888888889,91.15522468898638,91.15522468898638,91.18382468898638,91.20398345295514,91.23026258706973,95.43519545246689,1.30575078697224,5.510683652369394,0.0,0.0,0.020158763968765925,0.026279134114588487
1598,89.95789800169298,160,1664,84,6,1,7,89.95789800169298,1536,0.04854755555555555,90.00644555724854,90.00644555724854,90.01869000169299,90.03923843034994,90.06539635445708,94.20522041335313,0.1074983527640967,4.24732241166015,0.0,0.0,0.0205484286569515,0.026157924107138797
1599,89.99199915041893,64,256,131,7,0,1,89.99199915041893,0,0.07987911111111111,90.07187826153005,90.07187826153005,90.07630048375226,90.07819668169405,90.10398208208468,91.73694173377739,0.11198293166575013,1.7449425833584513,0.0,0.0,0.0018961979417895236,0.025785400390631708
1600,90.01777053564795,64,2304,118,0,1,6,90.01777053564795,256,0.5838008888888889,90.60157142453684,90.60157142453684,90.61737142453684,90.64059312583589,90.66706028892183,92.35210139406506,0.6492897532738766,2.334330858417104,0.0,0.0,0.023221701299050324,0.02646716308593966
1601,90.04969739756416,128,2176,85,1,1,5,90.04969739756416,2048,0.050083555555555555,90.09978095311972,90.09978095311972,90.1148698420086,90.1231219157832,90.14948627125194,93.50106181882448,0.09978887368778544,3.4513644212603225,0.0,0.0,0.008252073774599467,0.026364355468743383
1602,90.11506129237053,128,1664,80,2,1,4,90.27349579399205,1536,0.04854755555555555,90.32204334954761,90.32204334954761,90.33428779399206,90.3438256197082,90.369731015216,93.644312319857,0.2546697228454775,3.529251027486467,0.15843450162152806,0.0,0.00953782571613715,0.025905395507805906
1603,90.12988716595842,64,512,108,3,0,6,90.12988716595842,0,0.15175822222222224,90.28164538818065,90.28164538818065,90.2874898326251,90.30330103640394,90.32952404142625,91.97357233825477,0.1996368754678315,1.8436851722963468,0.0,0.0,0.01581120377883849,0.02622300502231667
1604,90.14778826142464,64,5248,91,4,1,1,90.55983917666973,5120,0.05929955555555556,90.61913873222528,90.61913873222528,90.65129428778084,90.66120606778686,90.68802979825561,92.37344633471396,0.5402415368309761,2.225658073289324,0.4120509152450893,0.0,0.009911780006021331,0.026823730468748863
1605,90.34338968253776,64,1408,92,5,1,1,91.15522468898638,1024,0.11889066666666667,91.27411535565305,91.27411535565305,91.28493757787527,91.30910291910098,91.33523560953067,92.98977619500316,0.9918459269929087,2.646386512465398,0.811835006448618,0.0,0.02416534122571079,0.026132690429690797
1606,90.3653464407044,128,5248,91,6,1,4,90.3653464407044,4736,0.16596622222222224,90.53131266292662,90.53131266292662,90.56346821848219,90.58768241751513,90.6140033578053,93.92205051763605,0.24865691710090232,3.556704076931652,0.0,0.0,0.024214199032940087,0.02632094029017651
1607,90.45362913874142,96,2048,112,7,0,0,90.45362913874142,0,0.5830328888888889,91.03666202763031,91.03666202763031,91.0510398054081,91.05879297075657,91.08461279497531,93.56235324907686,0.6309836562338944,3.1087241103354444,0.0,0.0,0.007753165348475477,0.025819824218743292
1608,90.56650229977532,64,5248,83,0,1,1,90.60157142453684,5120,0.05929955555555556,90.6608709800924,90.6608709800924,90.69302653564796,90.69348590741141,90.72019611248955,92.40588459719005,0.15369381271422355,1.8393822974147298,0.03506912476152024,0.0,0.0004593717634548966,0.02671020507813182
1609,90.60029389390827,96,960,108,1,1,6,90.60029389390827,256,0.20643555555555557,90.80672944946383,90.80672944946383,90.81506278279717,90.83704654957226,90.86334449879101,93.36854472898074,0.2630506048827357,2.7682508350724646,0.0,0.0,0.021983766775093727,0.026297949218744066
1610,90.62688402908164,160,512,132,2,0,,90.62688402908164,0,0.15175822222222224,90.77864225130386,90.77864225130386,90.78448669574831,90.81019744588008,90.83597879353633,94.95100314772621,0.2090947644546901,4.324119118644575,0.0,0.0,0.025710750131764826,0.025781347656248954
1611,90.71339487907174,128,1088,112,3,1,0,90.71339487907174,256,0.2423751111111111,90.95576999018286,90.95576999018286,90.9648144346273,90.98186225524694,91.00771518493444,94.39082364847611,0.29432030586269775,3.677428769404372,0.0,0.0,0.017047820619637832,0.025852929687502524
1612,90.7533302980236,64,2752,94,4,0,4,90.7533302980236,2560,0.06958933333333334,90.82291963135694,90.82291963135694,90.84120852024583,90.84922149747436,90.87600128263061,92.55817558276082,0.1226709846070122,1.804845284737226,0.0,0.0,0.008012977228531781,0.02677978515625057
1613,90.87856700632737,128,1664,137,5,1,2,91.27411535565305,1408,0.0841031111111111,91.35821846676416,91.35821846676416,91.3704629112086,91.3875024552338,91.41357227945255,94.76681960843787,0.5350052731251793,3.888252602110498,0.3955483493256793,0.0,0.01703954402519514,0.02606982421875159
1614,90.97360321166161,64,512,84,6,0,6,90.97360321166161,0,0.15175822222222224,91.12536143388384,91.12536143388384,91.13120587832829,91.14020917997793,91.16635887305829,92.8062557062056,0.19275566139667433,1.8326524945439928,0.0,0.0,0.009003301649642026,0.026149693080355974
1615,90.99267718935562,64,5248,83,7,1,0,91.03666202763031,5120,0.05929955555555556,91.09596158318587,91.09596158318587,91.12811713874143,91.13625390825656,91.16236539914198,92.8118270527878,0.1696882097863579,1.8191498634321874,0.0439848382746959,0.0,0.008136769515132869,0.026111490885412536
1616,91.0755967483496,160,2176,81,0,0,0,91.0755967483496,2048,0.050083555555555555,91.12568030390516,91.12568030390516,91.14076919279404,91.14845221600517,91.1752133244036,95.38730804166549,0.09961657605400376,4.311711293315895,0.0,0.0,0.007683023211129125,0.026761108398432043
1617,91.23459846197848,96,2048,88,1,0,5,91.23459846197848,0,0.5830328888888889,91.81763135086737,91.81763135086737,91.83200912864515,91.83671188160352,91.86297563485873,94.38503174069949,0.6283771728802492,3.1504332787210103,0.0,0.0,0.004702752958365863,0.02626375325520769
1618,91.26377760307317,128,2368,118,2,1,0,91.26377760307317,2048,0.10399288888888888,91.36777049196205,91.36777049196205,91.3839260475176,91.40329197713007,91.42914516723424,94.71547311842934,0.16536756416107323,3.451695515356178,0.0,0.0,0.019365929612462196,0.025853190104172086
1619,91.2840064686611,128,4800,107,3,1,6,91.2840064686611,4288,0.16462222222222223,91.44862869088333,91.44862869088333,91.47829535755,91.498492357786,91.52461335387976,94.92357267191362,0.2406068852186536,3.639566203252514,0.0,0.0,0.0201970002360099,0.02612099609375207
1620,91.29698866071264,64,1664,80,4,1,2,91.29698866071264,1536,0.04854755555555555,91.3455362162682,91.3455362162682,91.35778066071265,91.35812091153686,91.38477046510829,93.05732060229208,0.08778180439564665,1.7603319415794374,0.0,0.0,0.00034025082420896524,0.026649553571431284
1621,91.31421054071933,128,4480,123,5,1,4,91.35821846676416,4096,0.12810666666666667,91.48632513343082,91.48632513343082,91.51421402231972,91.51802052164005,91.54434864664006,94.90124332030543,0.23013810592073014,3.587032779586096,0.04400792604482717,0.0,0.0038064993203335007,0.026328125000006253
1622,91.38552997879714,128,1280,49,6,1,3,91.38552997879714,256,0.29628444444444446,91.68181442324158,91.68181442324158,91.69192553435269,91.71547794392883,91.74151456502258,95.02733746134419,0.35598458622544626,3.6418074825470512,0.0,0.0,0.023552409576140576,0.026036621093751933
1623,91.48396996404708,128,1600,141,7,1,2,91.48396996404708,256,0.3861333333333334,91.87010329738041,91.87010329738041,91.8819921862693,91.89484515174614,91.92107448117322,95.2170096153343,0.4371045171261443,3.7330396512872284,0.0,0.0,0.012852965476838563,0.026229329427081893
1624,91.61853324910713,160,5248,83,0,1,7,91.61853324910713,5120,0.05929955555555556,91.67783280466269,91.67783280466269,91.70998836021825,91.73507448976818,91.76191506594006,95.9657377466041,0.14338181683292817,4.347204497496975,0.0,0.0,0.02508612954993339,0.026840576171878183
1625,91.64157634989321,128,2560,106,1,1,7,91.81763135086737,2112,0.14012444444444444,91.95775579531181,91.95775579531181,91.97497801753403,91.99430172535352,92.0205660250187,95.40191218154771,0.37898967512548154,3.7603358316545012,0.17605500097415927,0.0,0.01932370781949544,0.026264299665172075
1626,91.6592880617811,96,256,107,2,0,3,91.6592880617811,0,0.07987911111111111,91.73916717289221,91.73916717289221,91.74358939511443,91.76415086384881,91.78977065551548,94.24440134108559,0.13048259373438498,2.585113279304494,0.0,0.0,0.020561468734385357,0.02561979166667072
1627,91.69656147222774,64,4672,99,3,1,0,91.69656147222774,4352,0.11090488888888889,91.80746636111662,91.80746636111662,91.83642191667218,91.84085847106726,91.86740026794226,93.56116044860633,0.17083879571451632,1.8645989763785877,0.0,0.0,0.004436554395084613,0.02654179687499436
1628,91.70783106437361,128,5120,11,4,1,7,91.70783106437361,4160,0.29002666666666665,91.99785773104027,91.99785773104027,92.02930217548472,92.0525798261574,92.07943738754133,95.427507687253,0.37160632316772535,3.7196766228793905,0.0,0.0,0.02327765067268217,0.02685756138393458
1629,91.8797007661957,96,1472,96,5,1,0,91.8797007661957,256,0.35019377777777777,92.22989454397347,92.22989454397347,92.24107232175125,92.25539259195256,92.28163054768173,94.79357177082626,0.4019297814860323,2.9138710046305647,0.0,0.0,0.014320270201309881,0.026237955729172313
1630,91.88391230028526,128,896,40,6,1,3,91.88391230028526,576,0.09957688888888888,91.98348918917415,91.98348918917415,91.99146696695193,92.00223185017883,92.02820011189758,95.31041451212545,0.1442878116123154,3.4265022118401873,0.0,0.0,0.010764883226897837,0.02596826171874511
1631,91.93819002281839,128,1536,96,7,1,5,91.93819002281839,832,0.20816355555555557,92.14635357837395,92.14635357837395,92.15788691170728,92.1833946309128,92.20954339393363,95.50116926702702,0.2713533711152394,3.562979244208634,0.0,0.0,0.025507719205521084,0.026148763020827914
1632,92.11794662146717,128,2688,138,0,1,6,92.11794662146717,2432,0.0871751111111111,92.20512173257828,92.20512173257828,92.22305506591161,92.24512893312756,92.27187131594006,95.62427736713981,0.1539246944728916,3.506330745672642,0.0,0.0,0.02207386721595128,0.02674238281250041
1633,92.12117295018172,96,5248,91,1,1,6,92.12117295018172,5120,0.05929955555555556,92.18047250573727,92.18047250573727,92.21262806129283,92.23069800046513,92.257128420387,94.78886896865708,0.13595547020528898,2.667696018475368,0.0,0.0,0.018069939172292493,0.02643041992187989
1634,92.19054969085636,128,2176,81,2,1,0,92.19054969085636,2048,0.050083555555555555,92.24063324641192,92.24063324641192,92.2557221353008,92.27614731567174,92.30181748168737,95.60724538405434,0.11126779083100757,3.4166956931979797,0.0,0.0,0.020425180370935436,0.025670166015629547
1635,92.30239334766279,128,4928,95,3,0,3,92.30239334766279,4736,0.07611733333333334,92.37851068099611,92.37851068099611,92.40888845877389,92.43025849548133,92.45723437438758,95.84506501287342,0.15484102672479594,3.5426716652106336,0.0,0.0,0.02137003670743809,0.026975878906256412
1636,92.4322496694007,96,1664,101,4,1,1,92.4322496694007,1152,0.15521422222222223,92.58746389162293,92.58746389162293,92.59970833606738,92.61097099291707,92.63722294604207,95.13713476244831,0.20497327664136833,2.704885093047608,0.0,0.0,0.011262656849694963,0.02625195312499784
1637,92.44066182826937,128,2176,81,5,1,2,92.44066182826937,2048,0.050083555555555555,92.49074538382493,92.49074538382493,92.50583427271381,92.51779412190048,92.54401119779334,95.91216674850484,0.10334936952396845,3.471504920235475,0.0,0.0,0.011959849186666816,0.026217075892859043
1638,92.45905051617206,128,256,9,6,0,5,92.45905051617206,0,0.07987911111111111,92.53892962728317,92.53892962728317,92.54335184950538,92.54766788533507,92.5735244701565,95.85228248087545,0.11447395398444371,3.3932319647033893,0.0,0.0,0.004316035829688758,0.025856584821426054
1639,92.55498816043104,96,1664,80,7,1,4,92.55498816043104,1536,0.04854755555555555,92.6035357159866,92.6035357159866,92.61578016043104,92.62881761268363,92.65496035356905,95.11340479762598,0.09997219313801509,2.558416637194938,0.0,0.0,0.013037452252589787,0.026142740885418903
1640,92.60489487290586,160,2048,102,0,0,1,92.60489487290586,0,0.5830328888888889,93.18792776179475,93.18792776179475,93.20230553957254,93.20585285890881,93.23235774172132,97.40925815676036,0.6274628688154564,4.804363283854499,0.0,0.0,0.00354731933627761,0.026504882812503183
1641,92.62185965659832,160,4096,81,1,0,5,92.62185965659832,0,1.1580657777777779,93.7799254343761,93.7799254343761,93.80568098993166,93.82067217038698,93.84740019773074,98.09086433289164,1.2255405411324176,5.4690046762933235,0.0,0.0,0.014991180455325548,0.026728027343750682
1642,92.87389050750296,128,5248,87,2,1,4,92.87389050750296,4416,0.2548551111111111,93.12874561861408,93.12874561861408,93.16090117416964,93.17547861449985,93.20150278442172,96.52504621413246,0.3276122769187566,3.6511557066294955,0.0,0.0,0.014577440330214131,0.02602416992186818
1643,92.93250919929345,96,4544,43,3,1,1,92.93250919929345,256,1.212743111111111,94.14525231040456,94.14525231040456,94.173496754849,94.17758216084592,94.20449195088497,96.70850593084216,1.2719827515915227,3.775996731548716,0.0,0.0,0.004085405996917757,0.026909790039056247
1644,93.01515332554897,128,1344,69,4,1,1,93.01515332554897,256,0.3142542222222222,93.32940754777118,93.32940754777118,93.33987421443786,93.34990214526083,93.37623759447958,96.70991050300822,0.3610842689306111,3.694757177459252,0.0,0.0,0.010027930822971598,0.026335449218748863
1645,93.05319704075914,128,2368,42,5,1,3,93.05319704075914,256,0.6017706666666667,93.65496770742581,93.65496770742581,93.67112326298137,93.67696548536775,93.70335944695628,97.07980659458,0.6501624061971398,4.026609553820862,0.0,0.0,0.005842222386377216,0.026393961588539128
1646,93.07953106432369,64,1280,100,6,1,1,93.07953106432369,576,0.20739555555555558,93.28692661987924,93.28692661987924,93.29703773099035,93.29954444318477,93.32546296997049,94.95016705118795,0.245931905646799,1.870635986864258,0.0,0.0,0.0025067121944175597,0.025918526785716267
1647,93.08584355976274,96,2176,85,7,1,1,93.08584355976274,2048,0.050083555555555555,93.1359271153183,93.1359271153183,93.15101600420718,93.17380637407686,93.1997060811081,95.6555703900739,0.1138625213453679,2.5697268303111684,0.0,0.0,0.02279036986968208,0.025899707031243224
1648,93.17740039230549,128,960,140,0,1,1,93.18792776179475,576,0.11754666666666666,93.30547442846142,93.30547442846142,93.31380776179476,93.33838215578382,93.36468176515882,96.69649233644786,0.18728137285333446,3.5190919441423745,0.010527369489267357,0.0,0.02457439398905592,0.026299609375001864
1649,93.22687574573867,160,5248,83,1,1,0,93.7799254343761,5120,0.05929955555555556,93.83922498993165,93.83922498993165,93.87138054548721,93.87412871335573,93.90102441648074,98.14344894505682,0.6741486707420705,4.916573199318151,0.5530496886374294,0.0,0.0027481678685177258,0.026895703125006776
1650,93.29503873161758,64,2688,102,2,1,1,93.29503873161758,2304,0.12273066666666667,93.41776939828425,93.41776939828425,93.43570273161758,93.43574228637485,93.46181183157574,95.10870513340329,0.16677309995816358,1.81366640178571,0.0,0.0,3.9554757265136686e-05,0.026069545200897437
1651,93.30716854799653,128,1664,80,3,1,7,94.14525231040456,1536,0.04854755555555555,94.19379986596012,94.19379986596012,94.20604431040456,94.23140222920529,94.25809334248653,97.59381244939685,0.9509247944900068,4.286643901400325,0.8380837624080328,0.0,0.025357918800722246,0.026691113281245293
1652,93.33472605633335,96,2816,94,4,0,4,93.33472605633335,2624,0.06978133333333333,93.40450738966669,93.40450738966669,93.42315183411114,93.42890995776082,93.45525639330769,95.94892578621133,0.12053033697434046,2.6141997298779813,0.0,0.0,0.005758123649684421,0.026346435546869884
1653,93.34773893575912,160,4480,63,5,0,5,93.65496770742581,4288,0.07477333333333333,93.72974104075915,93.72974104075915,93.75762992964805,93.78254426140941,93.80905325973531,98.02766825055097,0.46131432397618255,4.679929314791849,0.3072287716666864,0.0,0.024914331761365816,0.026508998325894595
1654,93.37052187274917,96,2176,81,6,1,5,93.37052187274917,2048,0.050083555555555555,93.42060542830473,93.42060542830473,93.43569431719361,93.45506292811781,93.48100201503188,95.93031397501608,0.11048014228271086,2.5597921022669112,0.0,0.0,0.019368610924203722,0.025939086914064546
1655,93.43838921353027,96,768,120,7,1,3,93.43838921353027,256,0.15252622222222223,93.59091543575249,93.59091543575249,93.59818210241916,93.61409787798311,93.63987131548312,96.09188565700099,0.20148210195284832,2.653496443470715,0.0,0.0,0.01591577556395407,0.025773437500006935
1656,93.47384705181277,96,1600,96,0,1,7,93.47384705181277,1280,0.10168888888888888,93.57553594070166,93.57553594070166,93.58742482959055,93.60140022219007,93.62761750734632,96.1219916528541,0.15377045553354662,2.648144601041338,0.0,0.0,0.01397539259951941,0.02621728515624966
1657,93.51797285059395,128,4800,111,1,1,7,93.83922498993165,4288,0.16462222222222223,94.00384721215387,94.00384721215387,94.03351387882054,94.03551025632449,94.0624830753349,97.45687975734755,0.5445102247409466,3.9389069067536013,0.3212521393377017,0.0,0.001996377503942881,0.026972819010410376
1658,93.58752578063933,96,1664,88,2,1,5,93.58752578063933,256,0.40410311111111114,93.99162889175044,93.99162889175044,94.00387333619489,94.00984812714866,94.03591850940312,96.52504621413246,0.44839272876379255,2.937520433493134,0.0,0.0,0.005974790953771958,0.0260703822544599
1659,93.66466641654321,96,1664,80,3,0,3,94.19379986596012,1536,0.04854755555555555,94.24234742151567,94.24234742151567,94.25459186596012,94.25809334248653,94.28463842712195,96.78637145818591,0.619972010578735,3.1217050416426986,0.5291334494169035,0.0,0.0035014765264094194,0.026545084635415606
1660,93.76672297765685,160,1664,84,4,1,6,93.76672297765685,1536,0.04854755555555555,93.81527053321241,93.81527053321241,93.82751497765686,93.85051152026082,93.87675741869832,98.04623209899036,0.11003444104146354,4.279509121333504,0.0,0.0,0.022996542603962666,0.026245898437494475
1661,93.77596231194669,128,4992,95,5,1,3,93.77596231194669,4288,0.21853155555555556,93.99449386750224,93.99449386750224,94.02522720083557,94.04765621732459,94.07428555082068,97.45066473957628,0.2983232388739907,3.6747024276295974,0.0,0.0,0.02242901648901352,0.026629333496089203
1662,93.77736986619963,160,2112,93,6,0,6,93.77736986619963,1792,0.10322488888888888,93.88059475508852,93.88059475508852,93.89532808842186,93.89609381190688,93.92205051763605,98.04739150012769,0.14468065143641695,4.270021633928053,0.0,0.0,0.0007657234850171335,0.02595670572917186
1663,93.81457683143005,64,2368,126,7,1,6,93.81457683143005,2112,0.0862151111111111,93.90079194254116,93.90079194254116,93.91694749809672,93.92341135454562,93.94925347694145,95.57851887640203,0.134676645511405,1.7639420449719836,0.0,0.0,0.006463856448903016,0.025842122395829392
1664,93.88522093739456,96,1664,80,0,1,3,93.88522093739456,1536,0.04854755555555555,93.93376849295012,93.93376849295012,93.94601293739457,93.9684866479713,93.99465196605166,96.48725698488536,0.10943102865709875,2.602036047490799,0.0,0.0,0.022473710576733197,0.026165318080359157
1665,94.0068174759445,64,1664,96,1,1,0,94.0068174759445,1088,0.172992,94.1798094759445,94.1798094759445,94.19205392038894,94.19735449460573,94.22416406491823,95.90819025771958,0.21734658897372583,1.9013727817750805,0.0,0.0,0.005300574216789755,0.026809570312494202
1666,94.0887368425769,64,1664,80,2,1,0,94.0887368425769,1536,0.04854755555555555,94.13728439813246,94.13728439813246,94.14952884257691,94.16627774489419,94.19231845534341,95.84293024733559,0.10358161276650435,1.7541934047586807,0.0,0.0,0.016748902317274883,0.02604071044922307
1667,94.10445867648023,160,1408,133,3,1,0,94.24234742151567,256,0.332224,94.57457142151567,94.57457142151567,94.58539364373789,94.60474357035112,94.63130997660112,98.80526074041248,0.5268513001208817,4.700802063932244,0.1378887450354398,0.0,0.01934992661323065,0.026566406249997954
1668,94.16475451942289,96,4096,88,4,0,2,94.16475451942289,0,1.1580657777777779,95.32282029720066,95.32282029720066,95.34857585275623,95.37450426928424,95.40100573412799,97.89025944274036,1.2362512147051063,3.725504923317473,0.0,0.0,0.025928416528017806,0.026501464843747158
1669,94.30980315031516,64,2368,130,5,1,2,94.30980315031516,256,0.6017706666666667,94.91157381698183,94.91157381698183,94.92772937253739,94.92809624999292,94.95483347330021,96.62796601840813,0.6450303229850505,2.318162868092969,0.0,0.0,0.00036687745553365403,0.026737223307293334
1670,94.36171552378117,160,1728,101,6,1,4,94.36171552378117,256,0.42207288888888894,94.78378841267006,94.78378841267006,94.79638841267007,94.82160713210313,94.84731813935758,98.98329123971101,0.48560261557641127,4.621575715929836,0.0,0.0,0.02521871943305598,0.02571100725445774
1671,94.39481155845563,64,2176,81,7,1,6,94.39481155845563,2048,0.050083555555555555,94.44489511401119,94.44489511401119,94.45998400290007,94.46619846392062,94.49208085789384,96.11815144476141,0.09726929943821006,1.72333988630578,0.0,0.0,0.006214461020547901,0.025882393973219564
1672,94.4459902659776,128,5248,87,0,1,2,94.4459902659776,4928,0.1126328888888889,94.55862315486648,94.55862315486648,94.59077871042204,94.59658904752487,94.62293926725144,97.9675933618385,0.17694900127384017,3.521603095860897,0.0,0.0,0.005810337102829521,0.026350219726566593
1673,94.65228659191206,160,1664,80,1,1,2,94.65228659191206,1536,0.04854755555555555,94.70083414746762,94.70083414746762,94.71307859191207,94.73529858640262,94.76208353338923,98.97760292222387,0.10979694147717112,4.325316330311807,0.0,0.0,0.02221999449055545,0.02678494698660927
1674,94.93094668083819,96,1664,80,2,1,1,94.93094668083819,1536,0.04854755555555555,94.97949423639375,94.97949423639375,94.9917386808382,95.00368625319496,95.02994024082517,97.50669780918454,0.09899355998697956,2.5757511283463543,0.0,0.0,0.011947572356760361,0.026253987630212805
1675,94.94671437888658,128,1664,80,3,1,2,94.94671437888658,1536,0.04854755555555555,94.99526193444214,94.99526193444214,95.00750637888659,95.02919747660111,95.05550574483028,98.38343554509999,0.10879136594370209,3.4367211662134025,0.0,0.0,0.021691097714523266,0.026308268229172427
1676,95.09919475368949,128,256,85,4,0,7,95.32282029720066,0,0.07987911111111111,95.40269940831178,95.40269940831178,95.407121630534,95.427507687253,95.45352262865924,98.76690023050077,0.35432787496975493,3.6677054768112782,0.2236255435111758,0.0,0.02038605671900484,0.026014941406245384
1677,95.13812363064885,128,1792,129,5,0,5,95.13812363064885,1600,0.06670933333333334,95.20483296398218,95.20483296398218,95.21778851953773,95.22223256184188,95.24885121418563,98.59729100445723,0.1107275835367858,3.459167373808384,0.0,0.0,0.004444042304143636,0.02661865234375682
1678,95.2129617317922,96,2048,106,6,0,1,95.2129617317922,0,0.5830328888888889,95.7959946206811,95.7959946206811,95.81037239845888,95.8264374613442,95.85228248087545,98.33405393502352,0.6393207490832395,3.1210922032313135,0.0,0.0,0.016065062885317616,0.025845019531246294
1679,95.2221798078209,160,256,87,7,0,0,95.2221798078209,0,0.07987911111111111,95.302058918932,95.302058918932,95.30648114115422,95.3206691856468,95.34645344671452,99.50055516732465,0.12427363889362653,4.278375359503755,0.0,0.0,0.014188044492584595,0.025784261067713032
1680,95.30037832427746,160,832,124,0,1,1,95.30037832427746,256,0.170496,95.47087432427746,95.47087432427746,95.47849654649968,95.49289858296012,95.51917336323356,99.70316208742446,0.21879503895610242,4.402783763146999,0.0,0.0,0.014402036460438694,0.026274780273439546
1681,95.35920303210398,160,1280,65,1,1,7,95.35920303210398,256,0.29628444444444446,95.65548747654842,95.65548747654842,95.66559858765953,95.66922809951646,95.69577749730291,99.89180783758844,0.33657446519893597,4.532604805484468,0.0,0.0,0.0036295118569285023,0.02654939778645371
1682,95.5153770684935,128,1664,80,2,1,3,95.5153770684935,1536,0.04854755555555555,95.56392462404906,95.56392462404906,95.57616906849351,95.58107066074705,95.60724538405434,98.90222479486162,0.09186831556083064,3.386847726368117,0.0,0.0,0.004901592253531817,0.026174723307292425
1683,95.52449842971636,64,3008,18,3,1,6,95.52449842971636,2432,0.17702400000000001,95.70152242971636,95.70152242971636,95.72123354082747,95.73969210550736,95.766034599927,97.41064018377185,0.24153617021063667,1.8861417540554868,0.0,0.0,0.018458564679889378,0.02634249441963732
1684,95.72731251145623,96,5248,83,4,1,1,95.72731251145623,5120,0.05929955555555556,95.78661206701179,95.78661206701179,95.81876762256735,95.84380534350299,95.8700847217582,98.35719889586535,0.1427722103019704,2.6298863844091187,0.0,0.0,0.025037720935642938,0.026279378255210872
1685,95.75796476814138,160,2176,81,5,1,7,95.75796476814138,2048,0.050083555555555555,95.80804832369694,95.80804832369694,95.82313721258582,95.83282118488877,95.85926921781288,100.01986896902199,0.10130444967150254,4.261904200880608,0.0,0.0,0.009683972302951815,0.026448032924108134
1686,95.78457568197726,96,3072,14,6,1,0,95.7959946206811,2240,0.2483271111111111,96.04432173179221,96.04432173179221,96.06438839845887,96.08619434610982,96.11230567423482,98.59436887642977,0.3277299922575594,2.80979319445251,0.011418938703840809,0.0,0.021805947650946678,0.026111328124997613
1687,95.8551515082375,160,5248,91,7,1,1,95.8551515082375,5056,0.07707733333333333,95.93222884157083,95.93222884157083,95.9643843971264,95.98767130153223,96.01372415797755,100.1869991196126,0.15857264974005147,4.331847611375096,0.0,0.0,0.02328690440583614,0.026052856445318184
1688,95.91379157104265,128,3136,110,0,1,2,95.91379157104265,256,0.817408,96.73119957104265,96.73119957104265,96.75162179326487,96.77558901613536,96.80199673097911,100.15418858249515,0.8882051599364615,4.240397011452501,0.0,0.0,0.02396722287048192,0.02640771484375648
1689,96.03702474974291,160,4416,127,1,1,2,96.03702474974291,256,1.1768035555555554,97.21382830529846,97.21382830529846,97.2413616386318,97.24357844131333,97.27037132868313,101.4403844861189,1.233346578940214,5.4033597363759895,0.0,0.0,0.002216802681530794,0.026792887369794016
1690,96.11557261148835,160,1664,84,2,1,4,96.11557261148835,1536,0.04854755555555555,96.1641201670439,96.1641201670439,96.17636461148835,96.18455793288246,96.21074640944495,100.32907254876788,0.09517379795660474,4.213499937279536,0.0,0.0,0.008193321394102782,0.026188476562495566
1691,96.14220142290849,128,4096,131,3,0,1,96.14220142290849,0,1.1580657777777779,97.30026720068626,97.30026720068626,97.32602275624183,97.33206127752184,97.3582537579906,100.69808198936616,1.2160523350821109,4.555880566457674,0.0,0.0,0.006038521280018472,0.026192480468751
1692,96.18307069875704,160,2176,81,4,1,5,96.18307069875704,2048,0.050083555555555555,96.2331542543126,96.2331542543126,96.24824314320148,96.26399668464883,96.29022300300821,100.41410899398663,0.10715230425117284,4.231038295229595,0.0,0.0,0.01575354144735286,0.026226318359377387
1693,96.20214603809228,64,3136,14,5,1,6,96.20214603809228,2816,0.10629688888888889,96.30844292698117,96.30844292698117,96.3288651492034,96.33628263392151,96.36279686383223,98.02766825055097,0.1606508257399497,1.8255222124586936,0.0,0.0,0.007417484718118317,0.026514229910716836
1694,96.33329055041992,128,3200,82,6,1,0,96.33329055041992,3072,0.05315555555555555,96.38644610597547,96.38644610597547,96.40722388375325,96.42567969767232,96.45188633829733,99.76300925728913,0.11859578787741043,3.4297187068692097,0.0,0.0,0.01845581391907558,0.02620664062500566
1695,96.36257521086496,128,2176,81,7,1,4,96.36257521086496,2048,0.050083555555555555,96.41265876642052,96.41265876642052,96.4277476553094,96.43441414007391,96.46067390569891,99.78999496922196,0.09809869483395062,3.4274197583570043,0.0,0.0,0.006666484764508596,0.02625976562499943
1696,96.43888040512036,128,2048,80,0,0,2,96.73119957104265,0,0.5830328888888889,97.31423245993155,97.31423245993155,97.32861023770933,97.33025356691661,97.35658794191662,100.71251206882327,0.9177075367962573,4.273631663702915,0.2923191659222937,0.0,0.0016433292072832728,0.026334375000004684
1697,96.44045686329216,64,1152,24,1,0,1,97.21382830529846,960,0.06478933333333334,97.2786176386318,97.2786176386318,97.2880176386318,97.29716470433416,97.32378265913327,98.97760292222387,0.8833257958411167,2.537146058931711,0.773371442006308,0.0,0.009147065702364898,0.026617954799107224
1698,96.63528409660418,96,1664,80,2,0,2,96.63528409660418,1536,0.04854755555555555,96.68383165215974,96.68383165215974,96.69607609660419,96.70586587559079,96.73169400059079,99.18605487298662,0.09640990398661131,2.5507707763824357,0.0,0.0,0.00978977898660105,0.025828125000003865
1699,96.8346650172365,96,2560,122,3,1,2,97.30026720068626,2176,0.12234666666666667,97.42261386735294,97.42261386735294,97.43983608957515,97.46287553533435,97.48902026189685,99.99057922243908,0.6543552446603513,3.1559142052025777,0.4656021834497608,0.0,0.023039445759195587,0.02614472656250655
1700,96.86475130215338,160,1664,80,4,1,2,96.86475130215338,1536,0.04854755555555555,96.91329885770894,96.91329885770894,96.92554330215339,96.94696821785196,96.97322212410197,101.08796843409078,0.10847082194858615,4.223217131937403,0.0,0.0,0.02142491569857441,0.026253906250005343
1701,96.87417695150272,96,1024,108,5,1,1,96.87417695150272,256,0.22440533333333335,97.09858228483606,97.09858228483606,97.10727117372494,97.13311938754876,97.1595836616373,99.63147008974371,0.2854067101345805,2.757293138240996,0.0,0.0,0.025848213823820743,0.02646427408853924
1702,96.92104703954645,64,1280,117,6,1,2,96.92104703954645,256,0.29628444444444446,97.21733148399089,97.21733148399089,97.227442595102,97.23831260782858,97.2644349222817,98.90538059517976,0.343387882735243,1.984333555633313,0.0,0.0,0.010870012726570621,0.026122314453118634
1703,96.98887411740743,160,1664,88,7,1,2,96.98887411740743,1216,0.13743644444444444,97.12631056185188,97.12631056185188,97.13855500629633,97.14359919866767,97.16975703558174,101.34368079278967,0.18088291817430502,4.354806675382235,0.0,0.0,0.00504419237134357,0.02615783691406648
1704,97.04666134207288,160,5248,83,0,1,4,97.31423245993155,5120,0.05929955555555556,97.3735320154871,97.3735320154871,97.40568757104266,97.40925815676036,97.43589087160412,101.65299908054203,0.38922952953123513,4.606337738469151,0.2675711178586653,0.0,0.0035705857176964173,0.026632714843756844
1705,97.0738126087765,128,2624,122,1,1,3,97.2786176386318,2048,0.175872,97.4544896386318,97.4544896386318,97.47206741640957,97.48336974758193,97.5098303363096,100.8364399060408,0.4360177275330983,3.762627297264288,0.2048050298552937,0.0,0.011302331172359459,0.026460588727672985
1706,97.07429598262658,128,1664,80,2,1,4,97.07429598262658,1536,0.04854755555555555,97.12284353818214,97.12284353818214,97.13508798262659,97.1450104068408,97.1708420474658,100.45952115716632,0.09654606483921668,3.385225174539741,0.0,0.0,0.009922424214209968,0.02583164062500032
1707,97.09030053075772,128,3200,2,3,1,0,97.42261386735294,3072,0.05315555555555555,97.47576942290848,97.47576942290848,97.49654720068627,97.5151654767406,97.54138064601143,100.88014351280367,0.45108011525371694,3.789842982045954,0.3323133365952202,0.0,0.0186182760543403,0.026215169270827232
1708,97.27918967322307,128,768,156,4,1,5,97.27918967322307,256,0.15252622222222223,97.4317158954453,97.4317158954453,97.43898256211196,97.44587593269571,97.47201223291893,100.74934353174704,0.1928225596958555,3.4701538585239717,0.0,0.0,0.006893370583753722,0.026136300223214448
1709,97.33620922979885,128,2176,81,5,1,7,97.33620922979885,2048,0.050083555555555555,97.38629278535441,97.38629278535441,97.4013816742433,97.42425325799147,97.45066473957628,100.74329344818865,0.11445550977742869,3.407084218389798,0.0,0.0,0.02287158374817011,0.026411481584815988
1710,97.38752739022057,160,1280,157,6,1,7,97.38752739022057,256,0.29628444444444446,97.68381183466501,97.68381183466501,97.69392294577612,97.70858897501607,97.73464777802947,101.87447665637768,0.3471203878089,4.4869492661571115,0.0,0.0,0.01466602923994742,0.0260588030133988
1711,97.48867222865637,96,2432,70,7,1,6,97.48867222865637,256,0.6197404444444444,98.10841267310082,98.10841267310082,98.12492378421193,98.1379402631208,98.16411887640204,100.6602139633626,0.6754466477456731,3.1715417347062242,0.0,0.0,0.013016478908866702,0.026178613281246044
1712,97.58927918199763,64,2176,81,0,1,5,97.58927918199763,2048,0.050083555555555555,97.63936273755318,97.63936273755318,97.65445162644207,97.67560727785411,97.702149025901,99.36158200929945,0.1128698439033684,1.7723028273018286,0.0,0.0,0.021155651412044563,0.026541748046881253
1713,97.62700998994423,160,1664,0,1,1,3,97.62700998994423,1536,0.04854755555555555,97.67555754549979,97.67555754549979,97.68780198994423,97.69506812927835,97.72145112488383,101.8830086723168,0.0944411349396006,4.255998682372578,0.0,0.0,0.00726613933412068,0.026382995605473525
1714,97.64303579545837,64,2176,154,2,0,,97.64303579545837,256,0.5478613333333333,98.1908971287917,98.1908971287917,98.20598601768059,98.23021343418455,98.25610347324705,99.88631219720537,0.6130676777886777,2.2432764017469964,0.0,0.0,0.024227416503961763,0.02589003906250298
1715,97.78610778511425,96,3200,82,3,1,6,97.78610778511425,3072,0.05315555555555555,97.8392633406698,97.8392633406698,97.86004111844758,97.88297387517811,97.90930956853748,100.41021705726051,0.12320178342322663,2.6241092721462564,0.0,0.0,0.022932756730526194,0.02633569335937125
1716,97.86143330812304,64,768,76,4,1,1,97.86143330812304,256,0.15252622222222223,98.01395953034526,98.01395953034526,98.02122619701193,98.04623209899036,98.07214331318306,99.69090595036684,0.21071000506002235,1.8294726422438004,0.0,0.0,0.025005901978431666,0.02591121419270337
1717,97.87129370576986,128,1664,80,5,1,2,97.87129370576986,1536,0.04854755555555555,97.91984126132542,97.91984126132542,97.93208570576986,97.94913023436794,97.97530908481437,101.26149359467304,0.10401537904451175,3.390199888903183,0.0,0.0,0.01704452859807759,0.02617885044642776
1718,98.08816810376645,64,1728,137,6,1,5,98.08816810376645,1024,0.20873955555555557,98.296907659322,98.296907659322,98.30950765932201,98.33405393502352,98.36008323189851,99.99595566842194,0.27191512813206486,1.907787564655493,0.0,0.0,0.024546275701510467,0.02602929687499511
1719,98.09752499153853,96,2944,98,7,1,1,98.10841267310082,2432,0.15905422222222224,98.26746689532304,98.26746689532304,98.28682245087859,98.29501926702704,98.321243469501,100.81805937351884,0.22371847796246414,2.7205343819803005,0.010887681562280704,0.0,0.008196816148455355,0.02622420247395496
1720,98.31800384237185,160,2176,81,0,0,0,98.31800384237185,2048,0.050083555555555555,98.36808739792741,98.36808739792741,98.3831762868163,98.3889566430885,98.41524985597913,102.64145884616703,0.09724601360727547,4.323455003795175,0.0,0.0,0.005780356272211407,0.026293212890621476
1721,98.33410103367517,96,2176,89,1,1,4,98.33410103367517,1472,0.21008355555555558,98.54418458923072,98.54418458923072,98.55927347811961,98.56060259089016,98.58667687939462,101.07284810916579,0.25257584571944847,2.738747075490622,0.0,0.0,0.0013291127705485906,0.026074288504460696
1722,98.38025736840204,128,704,68,2,1,3,98.38025736840204,256,0.13455644444444445,98.51481381284648,98.51481381284648,98.52172492395759,98.54092612949705,98.56673000319496,101.86298725417154,0.18647263479292064,3.4827298857695013,0.0,0.0,0.01920120553945992,0.025803873697910262
1723,98.38547101430606,128,1664,88,3,1,7,98.38547101430606,1408,0.0841031111111111,98.46957412541717,98.46957412541717,98.48181856986162,98.48919433416248,98.5155305158031,101.84275894249117,0.13005950149704404,3.45728792818511,0.0,0.0,0.00737576430086051,0.02633618164063023
1724,98.40029825497692,96,1664,8,4,1,5,98.40029825497692,1408,0.0841031111111111,98.48440136608802,98.48440136608802,98.49664581053247,98.51067789977161,98.5362979355789,100.98343777002829,0.13599968060198364,2.5831395150513714,0.0,0.0,0.014032089239137235,0.025620035807293107
1725,98.41548287694523,96,1344,125,5,1,4,98.41548287694523,256,0.3142542222222222,98.72973709916745,98.72973709916745,98.74020376583412,98.75262376812911,98.77846742047286,101.23549383881367,0.3629845435276309,2.8200109618684337,0.0,0.0,0.012420002294987853,0.02584365234375241
1726,98.58104244731356,64,1664,80,6,1,5,98.58104244731356,1536,0.04854755555555555,98.62959000286912,98.62959000286912,98.64183444731357,98.64623264596102,98.67214524361727,100.30665391060944,0.09110279630370144,1.725611463295877,0.0,0.0,0.004398198647450613,0.02591259765624443
1727,98.64517682869447,96,2176,85,7,0,7,98.64517682869447,2048,0.050083555555555555,98.69526038425003,98.69526038425003,98.71034927313892,98.71466510036038,98.74087289890949,101.23836601414384,0.0956960702150127,2.5931891854493614,0.0,0.0,0.004315827221461177,0.02620779854910893
1728,98.69429772266241,64,2176,89,0,1,1,98.69429772266241,1024,0.334528,99.02882572266242,99.02882572266242,99.0439146115513,99.04643344972914,99.07270416680502,100.73921021335453,0.3784064441426125,2.044912490692113,0.0,0.0,0.0025188381778349367,0.026270717075888683
1729,98.69908807299431,64,1536,109,1,1,7,98.69908807299431,1216,0.10149688888888889,98.8005849618832,98.8005849618832,98.81211829521654,98.82136744859105,98.8474054734934,100.49488612534884,0.1483174004990815,1.7957980523545274,0.0,0.0,0.00924915337451182,0.02603802490234841
1730,98.81888378380518,96,1664,80,2,1,6,98.81888378380518,1536,0.04854755555555555,98.86743133936073,98.86743133936073,98.87967578380518,98.90222479486162,98.92802508783038,101.39845112135905,0.10914130402520072,2.5795673375538684,0.0,0.0,0.022549011056440804,0.025800292968753524
1731,98.84451399016883,160,1664,80,3,1,2,98.84451399016883,1536,0.04854755555555555,98.8930615457244,98.8930615457244,98.90530599016884,98.91109296697498,98.93744444809477,103.1011389183096,0.09293045792593091,4.256624928140766,0.0,0.0,0.005786976806135158,0.026351481119789355
1732,99.06277967006221,128,256,81,4,0,0,99.06277967006221,0,0.07987911111111111,99.14265878117332,99.14265878117332,99.14708100339554,99.15263753518828,99.17825814065702,102.48127153467674,0.11547847059480887,3.4184918646145235,0.0,0.0,0.005556531792734631,0.02562060546874534
1733,99.11382804134944,64,1664,84,5,1,2,99.11382804134944,1536,0.04854755555555555,99.162375596905,99.162375596905,99.17462004134944,99.19203226422287,99.21787764182704,100.84644598725116,0.1040496004776088,1.7326179459017226,0.0,0.0,0.017412222873431915,0.025845377604170494
1734,99.12316862984554,128,2368,114,6,1,2,99.12316862984554,256,0.6017706666666667,99.7249392965122,99.7249392965122,99.74109485206776,99.76300925728913,99.78889023873444,103.11027346162321,0.6657216088889015,3.987104831777671,0.0,0.0,0.02191440522136645,0.02588098144531159
1735,99.14214797206142,160,1664,84,7,1,5,99.14214797206142,1536,0.04854755555555555,99.19069552761698,99.19069552761698,99.20293997206143,99.21269676888716,99.23886327279341,103.46528137872716,0.09671530073198653,4.3231334066657325,0.0,0.0,0.00975679682572661,0.026166503906253524
1736,99.1576574651381,128,2176,81,0,0,0,99.1576574651381,2048,0.050083555555555555,99.20774102069366,99.20774102069366,99.22282990958254,99.23033872316664,99.2565864038307,102.64145884616703,0.09892893869259467,3.4838013810289254,0.0,0.0,0.007508813584095719,0.02624768066405636
1737,99.27651893660068,128,1664,80,1,1,3,99.27651893660068,1536,0.04854755555555555,99.32506649215624,99.32506649215624,99.33731093660069,99.3436149664947,99.36971450611523,102.6956080863793,0.09319556951454899,3.419089149778614,0.0,0.0,0.00630402989401091,0.026099539620531687
1738,99.29849885683886,64,4608,103,2,1,6,99.29849885683886,4160,0.14626844444444445,99.4447673012833,99.4447673012833,99.4733673012833,99.49562616204912,99.52166847975745,101.16608808424967,0.22316962291859,1.8675892274108037,0.0,0.0,0.022258860765816735,0.026042317708331097
1739,99.57275115508799,128,1664,88,3,0,3,99.57275115508799,1536,0.04854755555555555,99.62129871064354,99.62129871064354,99.63354315508799,99.64911900864165,99.67540521120861,102.9959377464346,0.1026540561206275,3.423186591346621,0.0,0.0,0.015575853553656316,0.02628620256696479
1740,99.57579365486232,160,3200,82,4,1,3,99.57579365486232,3072,0.05315555555555555,99.62894921041787,99.62894921041787,99.64972698819565,99.66514241800077,99.69090595036684,103.879386085458,0.11511229550451674,4.303592430595671,0.0,0.0,0.015415429805116787,0.025763532366070763
1741,99.59815990892416,160,1664,80,5,1,1,99.59815990892416,1536,0.04854755555555555,99.64670746447972,99.64670746447972,99.65895190892417,99.68330065614997,99.7091994191708,103.84561683686054,0.11103951024664127,4.247456927936383,0.0,0.0,0.02434874722580105,0.025898763020833826
1742,99.64710666654354,160,4096,81,6,0,0,99.7249392965122,0,1.1580657777777779,100.88300507428998,100.88300507428998,100.90876062984555,100.92887266060944,100.95516058378652,105.14807559378467,1.3080539172429866,5.500968927241132,0.07783262996866824,0.0,0.020112030763897337,0.02628792317707962
1743,99.66245917856847,160,4544,123,7,1,5,99.66245917856847,4224,0.11052088888888889,99.77298006745735,99.77298006745735,99.8012245119018,99.81634238133134,99.84281468880901,104.07635169122716,0.1803555102405454,4.413892512658691,0.0,0.0,0.015117869429545294,0.026472307477675372
1744,99.74152754278039,160,5248,83,0,0,0,99.74152754278039,5120,0.05929955555555556,99.80082709833594,99.80082709833594,99.8329826538915,99.8352230412005,99.86180081742819,104.09662464206549,0.12027327464780058,4.3550970992851035,0.0,0.0,0.002240387309001335,0.026577776227682648
1745,99.74351904104155,160,3008,90,1,1,0,99.74351904104155,2432,0.17702400000000001,99.92054304104155,99.92054304104155,99.94025415215266,99.94416346909885,99.97038347467921,104.15241126020742,0.22686443363765818,4.408892219165864,0.0,0.0,0.003909316946192121,0.026220005580356087
1746,99.78101574139944,64,2688,106,2,1,1,99.78101574139944,256,0.6916195555555555,100.472635296955,100.472635296955,100.49056863028834,100.5118481428434,100.53804943678871,102.1771656802783,0.7570336953892678,2.396149938878864,0.0,0.0,0.021279512555068436,0.026201293945305792
1747,99.7834219434227,128,1664,80,3,1,5,99.7834219434227,1536,0.04854755555555555,99.83196949897825,99.83196949897825,99.8442139434227,99.85942230105236,99.88565270876721,103.20546655502835,0.10223076534451536,3.4220446116056564,0.0,0.0,0.01520835762966044,0.026230407714848525
1748,99.78853841716133,64,1664,80,4,1,3,99.78853841716133,1536,0.04854755555555555,99.83708597271689,99.83708597271689,99.84933041716134,99.87168174789288,99.89750673394198,101.53334477686423,0.108968316780647,1.744806359702892,0.0,0.0,0.02235133073153861,0.025824986049101994
1749,99.78887535955354,64,1408,125,5,0,5,99.78887535955354,1216,0.06555733333333334,99.85443269288687,99.85443269288687,99.86525491510909,99.89050443219163,99.91637636299521,101.54774945404803,0.12750100344166526,1.7588740944944874,0.0,0.0,0.02524951708254264,0.025871930803575083
1750,100.11691584125445,96,2688,122,6,1,1,100.88300507428998,256,0.6916195555555555,101.57462462984554,101.57462462984554,101.59255796317888,101.61251735461985,101.63882094348705,104.1385810788107,1.5219051022325942,4.021665237556249,0.7660892330355296,0.0,0.01995939144097747,0.02630358886719364
1751,100.13307130779698,64,4544,115,7,1,6,100.13307130779698,256,1.212743111111111,101.34581441890809,101.34581441890809,101.37405886335253,101.39678040216467,101.42355367690425,103.11917997898756,1.2904823691072664,2.9861086711905784,0.0,0.0,0.022721538812135122,0.026773274739582575
1752,100.17241384819826,96,4608,115,0,1,7,100.17241384819826,256,1.230712888888889,101.40312673708715,101.40312673708715,101.43172673708715,101.43746509616703,101.46440513522953,103.99190882175299,1.2919912870312658,3.8194949735547254,0.0,0.0,0.005738359079884958,0.026940039062495202
1753,100.41501735833926,128,2176,85,1,1,7,100.41501735833926,2048,0.050083555555555555,100.46510091389482,100.46510091389482,100.4801898027837,100.49488612534884,100.52115656340688,103.86062927778553,0.10613920506762042,3.4456119194462786,0.0,0.0,0.014696322565143305,0.02627043805803453
1754,100.56433029416789,96,1408,69,2,1,4,100.56433029416789,256,0.332224,100.89655429416788,100.89655429416788,100.9073765163901,100.93112743971841,100.95723222487466,103.43784943678872,0.3929019307067705,2.873519142620836,0.0,0.0,0.02375092332830775,0.026104785156249477
1755,100.60265561829118,160,2176,85,3,1,1,100.60265561829118,2048,0.050083555555555555,100.65273917384674,100.65273917384674,100.66782806273562,100.67192441403134,100.69808198936616,104.85087443263251,0.09542637107497853,4.248218814341328,0.0,0.0,0.00409635129571484,0.026157575334821104
1756,100.68693535332432,96,4480,119,4,1,7,100.68693535332432,4160,0.11032888888888889,100.7972642422132,100.7972642422132,100.8251531311021,100.82692898096579,100.85301255843974,103.37058872217675,0.16607720511542823,2.6836533688524327,0.0,0.0,0.001775849863690837,0.026083577473954733
1757,100.76265727413049,128,3200,82,5,1,4,100.76265727413049,3072,0.05315555555555555,100.81581282968604,100.81581282968604,100.83659060746382,100.84644598725116,100.87237909271991,104.18620281505065,0.10972181858942065,3.423545540920159,0.0,0.0,0.009855379787339302,0.02593310546875216
1758,100.80911602887295,96,1664,80,6,1,4,101.57462462984554,1536,0.04854755555555555,101.6231721854011,101.6231721854011,101.63541662984555,101.63882094348705,101.6650267052058,104.1649611569357,0.8559106763328543,3.3558451280627537,0.7655086009725949,0.0,0.0034043136414965147,0.02620576171875655
1759,100.8356543919073,96,4608,139,7,1,4,101.34581441890809,4224,0.12849066666666667,101.47430508557476,101.47430508557476,101.50290508557475,101.5038764308105,101.53077035170892,104.07635169122716,0.6951159598016261,3.240697299319862,0.5101600270007935,0.0,0.000971345235740273,0.02689392089843068
1760,101.1160836097657,160,2496,50,0,1,3,101.40312673708715,256,0.6377102222222223,102.04083695930937,102.04083695930937,102.05770362597605,102.08137408054203,102.10803990085454,106.27045535495614,0.9919562910888402,5.154371745190446,0.28704312732145354,0.0,0.023670454565987598,0.026665820312501864
1761,101.13588236703745,160,1664,80,1,1,6,101.13588236703745,1536,0.04854755555555555,101.18442992259301,101.18442992259301,101.19667436703746,101.20436373416578,101.23058630903557,105.43072990441316,0.09470394199811949,4.294847537375702,0.0,0.0,0.007689367128321578,0.026222574869791515
1762,101.18483103213174,128,1600,109,2,1,1,101.18483103213174,256,0.3861333333333334,101.57096436546507,101.57096436546507,101.58285325435396,101.60492573073404,101.63072968581217,104.97322315098144,0.44589865368043036,3.7883921188497,0.0,0.0,0.02207247638007459,0.025803955078131935
1763,101.21213163441553,64,5248,87,3,1,0,101.21213163441553,4736,0.16596622222222224,101.37809785663775,101.37809785663775,101.41025341219331,101.42389175499116,101.45006729210054,103.1011389183096,0.23793565768501423,1.889007283894074,0.0,0.0,0.013638342797847258,0.026175537109381253
1764,101.27769363015295,64,4544,159,4,1,5,101.27769363015295,256,1.212743111111111,102.49043674126406,102.49043674126406,102.5186811857085,102.53510551905174,102.562123585458,104.25323440088768,1.2844299553050433,2.9755407707347246,0.0,0.0,0.016424333343238118,0.02701806640625648
1765,101.30346443117398,160,1664,109,5,1,2,101.30346443117398,1280,0.11965866666666666,101.42312309784064,101.42312309784064,101.43536754228509,101.44379779389179,101.46978497650898,105.61011280854022,0.1663205453349974,4.306648377366244,0.0,0.0,0.00843025160669697,0.025987182617186022
1766,101.31832264870978,160,1600,105,6,1,2,101.6231721854011,1088,0.15502222222222223,101.77819440762333,101.77819440762333,101.79008329651222,101.7960628380183,101.82220028919018,106.02005869925341,0.5038776404803968,4.70173605054363,0.30484953669132153,0.0,0.005979541506079045,0.026137451171877046
1767,101.32438054194148,64,4544,119,7,1,4,101.47430508557476,4288,0.09274311111111111,101.56704819668586,101.56704819668586,101.5952926411303,101.61145504409174,101.63841549331049,103.3325133123209,0.3140349513690097,2.0081327703794187,0.14992454363327568,0.0,0.016162402961441558,0.026960449218748295
1768,101.38490911831369,64,2240,154,0,1,2,102.04083695930937,256,0.5658311111111111,102.60666807042048,102.60666807042048,102.62211251486492,102.64145884616703,102.66826097019046,104.32949783542487,1.2833518518767733,2.9445887171111877,0.6559278409956875,0.0,0.019346331302102726,0.026802124023433294
1769,101.62228078565792,64,2880,94,1,1,4,101.62228078565792,2304,0.17664000000000002,101.79892078565793,101.79892078565793,101.81792078565793,101.83081807986889,101.85691313195223,103.51690750044179,0.23463234629430474,1.8946267147838682,0.0,0.0,0.012897294210958421,0.026095052083334735
1770,101.88494594674036,128,5248,87,2,1,3,101.88494594674036,5120,0.05929955555555556,101.94424550229591,101.94424550229591,101.97640105785148,101.99270730625487,102.01905703770018,105.37377368809082,0.13411109095982,3.4888277413504625,0.0,0.0,0.016306248403395784,0.02634973144530761
1771,101.90659870203369,96,1664,84,3,1,7,101.90659870203369,1536,0.04854755555555555,101.95514625758925,101.95514625758925,101.9673907020337,101.97398892295992,102.00016389040783,104.48417765528876,0.09356518837414285,2.5775789532550704,0.0,0.0,0.006598220926221643,0.02617496744791481
1772,101.90715856771546,96,2176,146,4,0,,102.49043674126406,256,0.5478613333333333,103.03829807459739,103.03829807459739,103.05338696348628,103.07555962061424,103.10234611963769,105.63314651026268,1.1951875519222313,3.7259879425472207,0.5832781735486066,0.0,0.022172657127967454,0.02678649902344432
1773,101.93015828113352,64,2432,38,5,0,5,101.93015828113352,2240,0.06862933333333333,101.99878761446685,101.99878761446685,102.01529872557796,102.01725091889178,102.04336383393084,103.68894813568866,0.11320555279732503,1.7587898545551468,0.0,0.0,0.001952193313812245,0.026112915039064433
1774,101.9411351169604,160,3200,82,6,1,5,101.9411351169604,3072,0.05315555555555555,101.99429067251594,101.99429067251594,102.01506845029373,102.03184042590892,102.05812501249747,106.2592429440451,0.11698989553707406,4.318107827084702,0.0,0.0,0.016771975615199608,0.026284586588545267
1775,101.98382865483552,160,3200,82,7,1,6,101.98382865483552,3072,0.05315555555555555,102.03698421039107,102.03698421039107,102.05776198816885,102.06984908706049,102.09675012872715,106.27284290216467,0.11292147389163176,4.289014247329149,0.0,0.0,0.012087098891640835,0.02690104166666174
1776,102.32887332920578,64,1472,73,0,1,5,102.60666807042048,256,0.35019377777777777,102.95686184819826,102.95686184819826,102.96803962597603,102.98992454440922,103.01651507175298,104.66540310886238,0.6876417425471999,2.336529779656601,0.2777947412147057,0.0,0.021884918433187295,0.026590527343756776
1777,102.36173457740098,160,5248,91,1,1,7,102.36173457740098,5120,0.05929955555555556,102.42103413295654,102.42103413295654,102.4531896885121,102.45813787153556,102.48452149783763,106.74238615441315,0.12278692043665274,4.3806515770121734,0.0,0.0,0.004948183023458341,0.0263836263020778
1778,102.36630156786212,160,1344,53,2,1,1,102.36630156786212,256,0.3142542222222222,102.68055579008434,102.68055579008434,102.69102245675101,102.70438410475748,102.7305727033903,106.91563257480956,0.3642711355281705,4.54933100694744,0.0,0.0,0.013361648006465998,0.026188598632813864
1779,102.41423186264069,96,3072,90,3,1,1,102.41423186264069,2752,0.10610488888888889,102.52033675152958,102.52033675152958,102.54040341819625,102.54995099978282,102.57618160804175,105.06259415919502,0.16194974540105989,2.6483622965543248,0.0,0.0,0.009547581586573983,0.026230608258927646
1780,102.45865135912835,96,4864,111,4,1,1,103.03829807459739,4160,0.21814755555555557,103.25644563015295,103.25644563015295,103.28646785237518,103.28986528467675,103.3167726088955,105.84720510401267,0.8581212497671515,3.3885537448843195,0.579646715469039,0.0,0.003397432301568415,0.026907324218754525
1781,102.51185288095296,128,2176,81,5,1,0,102.51185288095296,2048,0.050083555555555555,102.56193643650852,102.56193643650852,102.5770253253974,102.5918478427199,102.61795926850115,105.92159490489439,0.1061063875481949,3.4097420239414333,0.0,0.0,0.014822517322500062,0.02611142578125225
1782,102.58885190869626,128,3136,90,6,1,3,102.58885190869626,2496,0.1951857777777778,102.78403768647404,102.78403768647404,102.80445990869626,102.82059042590892,102.84692280593124,106.20609532034717,0.2580708972349868,3.617243411650918,0.0,0.0,0.0161305172126589,0.02633238002232474
1783,102.71923221761527,128,1472,133,7,1,3,102.71923221761527,256,0.35019377777777777,103.06942599539305,103.06942599539305,103.08060377317082,103.09243193211256,103.11917997898756,106.42568469903966,0.3999477613722888,3.7064524814243924,0.0,0.0,0.011828158941739275,0.02674804687499943
1784,102.78888654402238,160,256,91,0,0,1,102.95686184819826,0,0.07987911111111111,103.03674095930937,103.03674095930937,103.04116318153159,103.04310608737798,103.06945317396652,107.19619851901865,0.28056662994414694,4.407311974996276,0.1679753041758829,0.0,0.0019429058463913407,0.02634708658854379
1785,102.87516758028286,64,2240,146,1,1,4,102.87516758028286,256,0.5658311111111111,103.44099869139397,103.44099869139397,103.45644313583841,103.4640344535668,103.49047073286367,105.16235669477773,0.6153031525808075,2.287189114494865,0.0,0.0,0.0075913177283837285,0.026436279296873977
1786,102.96294286284032,64,4672,147,2,1,5,102.96294286284032,256,1.2486826666666666,104.21162552950699,104.21162552950699,104.24058108506254,104.25518179355956,104.28178213535644,105.95471655918456,1.318839272516115,2.9917736963442394,0.0,0.0,0.01460070849701367,0.02660034179687898
1787,103.03895823413714,64,1792,101,3,1,6,103.03895823413714,1216,0.173376,103.21233423413715,103.21233423413715,103.2252897896927,103.23161906153877,103.25770255763251,104.90332316310126,0.21874432349537187,1.8643649289641218,0.0,0.0,0.006329271846070128,0.02608349609374727
1788,103.25188707046016,64,3200,6,4,1,2,103.25644563015295,2944,0.0887111111111111,103.34515674126406,103.34515674126406,103.36593451904184,103.37058872217675,103.39736313623925,105.07591506495017,0.14547606577909278,1.8240279944900095,0.004558559692796393,0.0,0.004654203134904833,0.02677441406250125
1789,103.35858821696125,160,2624,30,5,1,7,103.35858821696125,256,0.6736497777777778,104.03223799473903,104.03223799473903,104.04981577251681,104.05512920665221,104.0813429517694,108.2393077955194,0.7227547348081487,4.880719578558143,0.0,0.0,0.005313434135402417,0.026213745117189546
1790,103.37913662568016,96,4736,147,6,1,2,103.37913662568016,256,1.2666524444444445,104.64578907012461,104.64578907012461,104.67510018123572,104.69527121552946,104.72195021943571,107.25759987763884,1.342813593755551,3.878463251958678,0.0,0.0,0.0201710342937389,0.026679003906252774
1791,103.46524502898741,64,1664,80,7,1,1,103.46524502898741,1536,0.04854755555555555,103.51379258454297,103.51379258454297,103.52603702898742,103.54544641778966,103.57198704278966,105.21292883966467,0.10674201380224702,1.747683810677259,0.0,0.0,0.019409388802245076,0.026540624999995543
1792,103.49071686797244,160,2432,42,0,1,5,103.49071686797244,256,0.6197404444444444,104.11045731241688,104.11045731241688,104.126968423528,104.14825525729987,104.17414558933112,108.2989138510499,0.6834287213586805,4.808196983077465,0.0,0.0,0.021286833771867464,0.025890332031252683
1793,103.56871347017871,96,4096,58,1,0,6,103.56871347017871,0,1.1580657777777779,104.72677924795649,104.72677924795649,104.75253480351205,104.76255139692616,104.78920166548085,107.36432951378816,1.2204881953021385,3.7956160436094564,0.0,0.0,0.010016593414107433,0.02665026855468966
1794,103.64129210427495,160,2432,126,2,1,7,104.21162552950699,256,0.6197404444444444,104.83136597395143,104.83136597395143,104.84787708506255,104.86711319004394,104.89363994785644,109.06775220371581,1.2523478435814894,5.42646009944086,0.570333425232036,0.0,0.01923610498138828,0.026526757812504798
1795,103.8605083436294,96,4096,81,3,0,5,103.8605083436294,0,1.1580657777777779,105.01857412140718,105.01857412140718,105.04432967696275,105.06259415919502,105.08959415919502,107.65682072169501,1.229085815565611,3.7963123780656076,0.0,0.0,0.01826448223226862,0.027000000000001023
1796,103.88011529876285,96,2176,81,4,1,5,103.88011529876285,2048,0.050083555555555555,103.9301988543184,103.9301988543184,103.94528774320729,103.95984592432518,103.98651516260642,106.49978078760641,0.10639986384357769,2.619665488843566,0.0,0.0,0.014558181117891422,0.02666923828124368
1797,103.91060680592088,64,512,30,5,0,5,104.03223799473903,0,0.15175822222222224,104.18399621696126,104.18399621696126,104.18984066140571,104.21228273041523,104.2381555331496,105.86915496348814,0.32754872722871653,1.9585481575672645,0.12163118881815649,0.0,0.022442069009514398,0.025872802734369316
1798,103.98021385168433,64,1472,125,6,1,5,104.64578907012461,256,0.35019377777777777,104.99598284790238,104.99598284790238,105.00716062568016,105.01545148896696,105.041975333368,106.71051491670134,1.061761481683675,2.7303010650170165,0.6655752184402814,0.0,0.008290863286802619,0.02652384440104072
1799,103.98545332951166,160,256,84,7,0,3,103.98545332951166,0,0.07987911111111111,104.06533244062277,104.06533244062277,104.06975466284499,104.07635169122716,104.1021724920084,108.1635211248209,0.11671916249675007,4.178067795309246,0.0,0.0,0.0065970283821741305,0.025820800781247044
