id,arrival,output,prompt,session,cluster,switched,old_cluster,p_start,hit_tokens,p_service,p_end,kv_start,kv_end,d_start,first,end,ttft,e2e,p_wait,kv_wait,d_wait,decode_first
0,0.0008824462728289674,64,640,0,3,0,,0.0008824462728289674,0,0.1876977777777778,0.18858022405060676,0.18858022405060676,0.19513577960616232,0.19513577960616232,0.2204482796061623,1.8165989550618917,0.21956583333333335,1.8157165087890628,0.0,0.0,0.0,0.025312499999999988
1,0.011546866014359525,96,704,0,3,0,3,0.18858022405060676,512,0.06344533333333334,0.2520255573839401,0.2520255573839401,0.2589366684950512,0.2710747444499123,0.2964036018717873,2.702806474593142,0.2848567358574278,2.6912596085787825,0.17703335803624723,0.0,0.012138075954861105,0.025328857421875017
2,0.022937309349755318,96,640,48,4,0,,0.022937309349755318,0,0.1876977777777778,0.21063508712753312,0.21063508712753312,0.21719064268308869,0.21719064268308869,0.2425031426830887,2.648902556745589,0.21956583333333338,2.6259652473958335,0.0,0.0,0.0,0.025312500000000016
3,0.04171476480976072,96,2176,46,2,0,,0.04171476480976072,0,0.6189724444444444,0.6606872092542051,0.6606872092542051,0.675776098143094,0.675776098143094,0.701838598143094,3.1551524002264273,0.6601238333333332,3.1134376354166666,0.0,0.0,0.0,0.02606249999999999
4,0.44252199861210956,160,768,0,3,0,3,0.44252199861210956,576,0.06363733333333334,0.5061593319454429,0.5061593319454429,0.5134259986121096,0.5243852913249123,0.5497327848144956,4.5854038460124125,0.10721078620238605,4.142881847400303,0.0,0.0,0.010959292712802715,0.025347493489583317
5,0.4723678010347012,96,1152,1,5,0,,0.4723678010347012,0,0.33145600000000003,0.8038238010347012,0.8038238010347012,0.8132238010347012,0.8132238010347012,0.8387863010347012,3.2629735162039726,0.3664185,2.7906057151692716,0.0,0.0,0.0,0.025562500000000044
6,0.48923516027628355,64,2176,2,1,0,,0.48923516027628355,0,0.6189724444444444,1.1082076047207279,1.1082076047207279,1.1232964936096168,1.1232964936096168,1.149358993609617,2.7830870209533667,0.6601238333333334,2.293851860677083,0.0,0.0,0.0,0.0260625000000001
7,0.7087740062416623,96,1152,77,0,0,,0.7087740062416623,0,0.33145600000000003,1.0402300062416623,1.0402300062416623,1.0496300062416624,1.0496300062416624,1.0751925062416623,3.523533001033329,0.3664185,2.8147589947916667,0.0,0.0,0.0,0.025562499999999932
8,0.7201832032643822,64,4224,63,7,0,,0.7201832032643822,0,1.1940053333333334,1.9141885365977156,1.9141885365977156,1.9406552032643822,1.9406552032643822,1.9677177032643822,3.673052989722716,1.2475345,2.9528697864583338,0.0,0.0,0.0,0.02706249999999999
9,0.8150545108340383,96,640,88,6,0,,0.8150545108340383,0,0.1876977777777778,1.002752288611816,1.002752288611816,1.0093078441673717,1.0093078441673717,1.0346203441673718,3.4423924795840386,0.21956583333333346,2.62733796875,0.0,0.0,0.0,0.02531250000000007
10,0.831687827876313,128,1152,9,2,0,,0.831687827876313,256,0.2603448888888889,1.092032716765202,1.092032716765202,1.101432716765202,1.118905004393094,1.144721654783719,4.411323624184759,0.3130338269074059,3.5796357963084464,0.0,0.0,0.01747228762789188,0.025816650390624973
11,0.9048388057851131,128,2240,2,1,0,1,1.1082076047207279,2048,0.06805333333333334,1.1762609380540612,1.1762609380540612,1.1917053824985055,1.201485458453367,1.227564315875242,4.505430282672116,0.32272551009012895,3.6005914768870033,0.20336879893561477,0.0,0.009780075954861411,0.0260788574218751
12,0.9296425723837571,128,640,20,4,0,,0.9296425723837571,256,0.11658666666666667,1.0462292390504238,1.0462292390504238,1.0527847946059794,1.0780895684643388,1.1034103692455888,4.3375619968497565,0.17376779686183164,3.4079194244659994,0.0,0.0,0.025304773858359386,0.025320800781249986
13,1.1619656394315547,128,512,144,5,0,,1.1619656394315547,0,0.15175822222222224,1.313723861653777,1.313723861653777,1.3195683060982215,1.3245665744722013,1.3499777072847012,4.598533086516472,0.1880120678531465,3.4365674470849172,0.0,0.0,0.004998268373979764,0.02541113281249996
14,1.2205886211935337,128,640,120,6,0,,1.2205886211935337,256,0.11658666666666667,1.3371752878602003,1.3371752878602003,1.343730843415756,1.3637272777611218,1.389043195729872,4.649856997813205,0.16845457453633816,3.4292683766196714,0.0,0.0,0.0199964343453658,0.0253159179687501
15,1.2276022287504205,128,256,1,3,0,5,1.2276022287504205,0,0.07987911111111111,1.3074813398615315,1.3074813398615315,1.3119035620837538,1.3357472704915792,1.3610508593587667,4.5854038460124125,0.13344863060834622,3.357801617261992,0.0,0.0,0.023843708407825348,0.025303588867187532
16,1.3067001477240916,96,4224,3,0,0,,1.3067001477240916,256,1.1228942222222222,2.429594369946314,2.429594369946314,2.4560610366129807,2.4562926038979125,2.4826185316322875,4.97511552056458,1.175918383908196,3.668415372840488,0.0,0.0,0.00023156728493178846,0.026325927734375032
17,1.3153453368414743,160,1280,1,5,0,5,1.3153453368414743,1024,0.0829511111111111,1.3982964479525855,1.3982964479525855,1.4084075590636966,1.4262140354097013,1.4516977593680347,5.527226895807766,0.13635242252656044,4.211881558966292,0.0,0.0,0.01780647634600463,0.025483723958333426
18,1.4264518797246857,64,4224,19,7,0,,1.9141885365977156,256,1.1228942222222222,3.037082758819938,3.037082758819938,3.0635494254866047,3.0777006134206326,3.1047733673268825,4.789216075660216,1.6783214876021968,3.36276419593553,0.4877366568730299,0.0,0.01415118793402792,0.027072753906249858
19,1.573911092870856,96,2048,28,7,0,,3.037082758819938,0,0.5830328888888889,3.6201156477088268,3.6201156477088268,3.6344934254866046,3.6463309845143828,3.673052989722716,6.172473521949277,2.09914189685186,4.598562429078421,1.4631716659490819,0.0,0.011837559027778166,0.026722005208333233
20,1.5865649651188571,64,1152,153,2,0,,1.5865649651188571,256,0.2603448888888889,1.846909854007746,1.846909854007746,1.856309854007746,1.867786107908719,1.8935274816066356,3.5133794510076775,0.3069625164877785,1.9268144858888203,0.0,0.0,0.011476253900972955,0.025741373697916625
21,1.6358113421795548,128,640,60,1,0,,1.6358113421795548,256,0.11658666666666667,1.7523980088462214,1.7523980088462214,1.758953564401777,1.775333114703367,1.801163681109617,5.076036858192948,0.16535233893006218,3.440225516013393,0.0,0.0,0.016379550301589996,0.025830566406249922
22,1.9206574372265983,64,640,12,0,0,,2.429594369946314,256,0.11658666666666667,2.5461810366129805,2.5461810366129805,2.552736592168536,2.5615992445229123,2.587588665095829,4.230627239314579,0.6669312278692305,2.3099698020879806,0.5089369327197155,0.0,0.008862652354376443,0.025989420572916533
23,1.9681152417710488,160,4288,63,7,0,7,3.6201156477088268,4096,0.07419733333333334,3.69431298104216,3.69431298104216,3.721135203264382,3.726127208472716,3.752850353003966,7.941404845191462,1.7847351112329173,5.9732896034204135,1.652000405937778,0.0,0.004992005208333872,0.02672314453125013
24,2.226519176371767,160,4224,55,6,0,,2.226519176371767,256,1.1228942222222222,3.349413398593989,3.349413398593989,3.375880065260656,3.390543684011122,3.4164678376569553,7.683432844167372,1.1899486612851882,5.456913667795606,0.0,0.0,0.014663618750466068,0.025924153645833226
25,2.2571460732779576,128,832,0,3,0,3,2.2571460732779576,640,0.06382933333333334,2.320975406611291,2.320975406611291,2.3285976288335135,2.3480554980306416,2.3733916796712666,5.609094617496788,0.11624560639330905,3.35194854421883,0.0,0.0,0.019457869197128108,0.02533618164062501
26,2.2993107989117303,64,4224,155,4,0,,2.2993107989117303,256,1.1228942222222222,3.4222050211339523,3.4222050211339523,3.448671687800619,3.4601134942455887,3.4863239434643387,5.107510278564788,1.1870131445526084,2.8081994796530574,0.0,0.0,0.011441806444969504,0.026210449218750043
27,2.4827908805609766,128,640,96,4,0,,3.4222050211339523,256,0.11658666666666667,3.538791687800619,3.538791687800619,3.5453472433561743,3.5649582208080886,3.590870655703922,6.858559871663746,1.1080797751429454,4.3757689911027695,0.9394141405729757,0.0,0.019610977451914202,0.025912434895833503
28,2.5662879967619627,160,2176,18,5,0,,2.5662879967619627,256,0.5478613333333333,3.1141493300952963,3.1141493300952963,3.129238218984185,3.134703130461785,3.1603560845633476,7.256476829541025,0.5940680878013849,4.690188832779063,0.0,0.0,0.005464911477599976,0.025652954101562653
29,2.584673568887715,128,1344,1,5,0,5,3.1141493300952963,1152,0.06536533333333333,3.1795146634286295,3.1795146634286295,3.1899813300952964,3.2116634576102223,3.2373182427664724,6.507273230210668,0.6526446738787572,3.922599661322953,0.5294757612075811,0.0,0.02168212751492593,0.02565478515625008
30,2.674840572340526,64,4224,11,6,0,,3.349413398593989,256,1.1228942222222222,4.472307620816212,4.472307620816212,4.498774287482878,4.517321190521538,4.543827375417371,6.2479094066673735,1.868986803076845,3.5730688343268473,0.6745728262534629,0.0,0.01854690303865958,0.02650618489583323
31,2.7276597111248573,128,1152,5,2,0,,2.7276597111248573,256,0.2603448888888889,2.9880046000137463,2.9880046000137463,2.997404600013746,3.0008684646795523,3.0265812332342397,6.313919978351425,0.2989215221093824,3.5862602672265678,0.0,0.0,0.00346386466580606,0.025712768554687404
32,2.8113451224228405,64,1152,21,4,0,,3.538791687800619,256,0.2603448888888889,3.799136576689508,3.799136576689508,3.808536576689508,3.8241045424226723,3.8499331557039222,5.465902531168954,1.0385880332810817,2.6545574087461135,0.7274465653777784,0.0,0.015567965733164435,0.025828613281249968
33,2.905568973573945,128,1408,1,5,0,5,3.1795146634286295,1216,0.06555733333333334,3.245071996761963,3.245071996761963,3.255894218984185,3.2629735162039726,3.2886449029227225,6.5588911850097755,0.3830759293487773,3.6533222114358304,0.27394568985468437,0.0,0.007079297219787506,0.02567138671874991
34,2.9219400446904555,96,2176,98,3,0,,2.9219400446904555,256,0.5478613333333333,3.4698013780237886,3.4698013780237886,3.4848902669126773,3.488175126936892,3.51369746580408,5.942284363590537,0.5917574211136243,3.0203443189000816,0.0,0.0,0.0032848600242147974,0.02552233886718769
35,3.1017459960759206,64,256,3,4,0,0,3.799136576689508,0,0.07987911111111111,3.879015687800619,3.879015687800619,3.8834379100228413,3.9015918471101725,3.9272809096101726,5.542718937418955,0.825534913534252,2.440972941343034,0.6973905806135874,0.0,0.01815393708733115,0.025689062500000137
36,3.147401135138116,96,1152,73,1,0,,3.147401135138116,256,0.2603448888888889,3.407746024027005,3.407746024027005,3.417146024027005,3.4264219818908668,3.452102645953367,5.910797391117057,0.30470151081525065,2.7633962559789405,0.0,0.0,0.009275957863861706,0.025680664062500025
37,3.18816554651025,64,4224,39,1,0,,3.407746024027005,256,1.1228942222222222,4.530640246249227,4.530640246249227,4.557106912915894,4.581852645953367,4.6078568777242,6.250012967288931,1.4196913312139499,3.0618474207786806,0.21958047751675513,0.0,0.02474573303747274,0.02600423177083311
38,3.3097196187568048,96,2176,6,0,0,,3.3097196187568048,256,0.5478613333333333,3.857580952090138,3.857580952090138,3.8726698409790266,3.890469036189579,3.916632122127079,6.423016879614059,0.6069125033702742,3.1132972608572547,0.0,0.0,0.017799195210552288,0.026163085937500163
39,3.337477676933652,64,512,3,4,0,0,3.879015687800619,0,0.15175822222222224,4.030773910022841,4.030773910022841,4.036618354467286,4.055733546328923,4.0813518731518394,5.697040226481454,0.7438741962181874,2.3595625495478023,0.541538010866967,0.0,0.019115191861637015,0.02561832682291687
40,3.3423518202444833,160,2304,2,1,0,1,4.530640246249227,2112,0.06824533333333334,4.598885579582561,4.598885579582561,4.61468557958256,4.633861597776283,4.659896754026283,8.79953921821899,1.3175449337817997,5.457187397974508,1.188288426004744,0.0,0.019176018193722832,0.026035156249999858
41,3.498885273880251,96,2176,10,2,0,,3.498885273880251,256,0.5478613333333333,4.046746607213584,4.046746607213584,4.061835496102473,4.076474177570177,4.10222889762226,6.580895889809758,0.6033436237420093,3.0820106159295073,0.0,0.0,0.014638681467704195,0.025754720052082902
42,3.5375213195106636,160,896,0,3,0,3,3.5375213195106636,704,0.06402133333333333,3.601542652843997,3.601542652843997,3.6095204306217745,3.61579170408533,3.6412990283040796,7.716982864450842,0.10377770879341597,4.179461544940178,0.0,0.0,0.006271273463555271,0.025507324218749794
43,3.66489346426443,128,4224,147,6,0,,4.472307620816212,256,1.1228942222222222,5.595201843038434,5.595201843038434,5.621668509705101,5.624880435313206,5.6519632803652895,9.090210838959038,1.9870698161008593,5.4253173746946075,0.8074141565517814,0.0,0.003211925608105126,0.02708284505208347
44,3.7661235730539935,128,4096,3,2,0,0,4.046746607213584,0,1.1580657777777779,5.204812384991362,5.204812384991362,5.230567940546917,5.238097061684759,5.264326879393093,8.588932356474873,1.4982033063390996,4.822808783420879,0.28062303415959056,0.0,0.0075291211378418765,0.02622981770833377
45,3.9262676357823367,96,4224,139,0,0,,3.9262676357823367,256,1.1228942222222222,5.049161858004559,5.049161858004559,5.075628524671226,5.079448528377079,5.1060220147052044,7.6075946093387605,1.1797543789228677,3.681326973556424,0.0,0.0,0.0038200037058535585,0.026573486328125284
46,4.06013458729837,64,1152,17,7,0,,4.06013458729837,256,0.2603448888888889,4.320479476187258,4.320479476187258,4.3298794761872585,4.340883067847716,4.367324474097716,6.0149281117930276,0.3071898867993461,1.954793524494658,0.0,0.0,0.011003591660457168,0.02644140625000002
47,4.139400115040669,160,1152,41,7,0,,4.320479476187258,256,0.2603448888888889,4.580824365076147,4.580824365076147,4.590224365076147,4.605319103003966,4.631588634253966,8.79860552878521,0.49218851921329687,4.659205413744541,0.1810793611465895,0.0,0.015094737927818791,0.026269531249999645
48,4.341682966155089,128,2176,34,0,0,,5.049161858004559,256,0.5478613333333333,5.597023191337892,5.597023191337892,5.612112080226781,5.637594280330204,5.6640042738197875,9.016858141704835,1.3223213076646987,4.675175175549747,0.7074788918494699,0.0,0.025482200103422947,0.026409993489583172
49,4.368043392179142,96,2240,6,0,0,0,5.597023191337892,2048,0.06805333333333334,5.665076524671226,5.665076524671226,5.68052096911567,5.690414755590621,5.716746420629684,8.219022413468227,1.348703028450542,3.8509790212890858,1.2289797991587506,0.0,0.009893786474950872,0.026331665039062813
50,4.472195039655328,96,960,0,3,0,3,4.472195039655328,768,0.06421333333333333,4.536408372988661,4.536408372988661,4.544741706321995,4.559887895491579,4.5854038460124125,7.021062384540128,0.11320880635708441,2.5488673448848003,0.0,0.0,0.015146189169584545,0.02551595052083311
51,4.475718605948391,128,4224,131,2,0,,5.204812384991362,256,1.1228942222222222,6.327706607213584,6.327706607213584,6.354173273880251,6.367044978351425,6.3937746332993415,9.7024336508077,1.9180560273509508,5.22671504485931,0.7290937790429712,0.0,0.012871704471173473,0.026729654947916792
52,4.498486295247026,128,1024,0,3,0,3,4.536408372988661,832,0.06440533333333334,4.600813706321994,4.600813706321994,4.609502595210883,4.611018347965538,4.636610340153037,7.898304269770782,0.1381240449060117,3.3998179745237564,0.03792207774163536,0.0,0.0015157527546545424,0.025591992187499635
53,4.518871986866341,96,256,12,4,0,0,4.518871986866341,0,0.07987911111111111,4.598751097977453,4.598751097977453,4.603173320199675,4.6199966648185065,4.645583171979965,7.090890682210621,0.12671118511362334,2.57201869534428,0.0,0.0,0.016823344618831726,0.025586507161458272
54,4.5452771869453015,96,4096,64,6,0,,5.595201843038434,0,1.1580657777777779,6.753267620816212,6.753267620816212,6.779023176371767,6.789886945729873,6.816956281667373,9.384619823334043,2.2716790947220717,4.839342636388742,1.0499246560931326,0.0,0.010863769358105735,0.02706933593750005
55,4.6016866806651215,160,1088,0,3,0,3,4.6016866806651215,896,0.06459733333333334,4.666284013998455,4.666284013998455,4.675328458442899,4.687795789371787,4.7133788785644954,8.816955183554262,0.1116921978993739,4.21526850288914,0.0,0.0,0.012467330928887854,0.025583089192708464
56,4.6431056896824625,64,768,12,0,0,0,5.665076524671226,512,0.0814151111111111,5.746491635782337,5.746491635782337,5.753758302449003,5.769411215551559,5.795552719457809,7.448167921280725,1.1524470297753462,2.8050622315982627,1.021970834988763,0.0,0.015652913102555566,0.02614150390625003
57,4.808114211367828,128,1216,73,1,0,1,4.808114211367828,1024,0.06498133333333334,4.873095544701162,4.873095544701162,4.882851100256717,4.894235132932533,4.920185914182532,8.224913381165416,0.11207170281470447,3.4167991697975886,0.0,0.0,0.011384032675815448,0.02595078124999972
58,4.827262321389663,128,4288,155,4,0,4,4.827262321389663,4096,0.07419733333333334,4.901459654722996,4.901459654722996,4.928281876945218,4.9526593438549655,4.978466612270144,8.257752059163748,0.15120429088048137,3.430489737774085,0.0,0.0,0.024377466909747625,0.02580726841517844
59,4.831445974292721,128,4096,19,6,0,7,6.753267620816212,0,1.1580657777777779,7.91133339859399,7.91133339859399,7.937088954149545,7.9540334301048725,7.981075259531956,11.374709457820648,3.149629285239235,6.5432634835279275,1.9218216465234912,0.0,0.01694447595532722,0.02704182942708311
60,4.847580423120591,160,2368,2,1,0,1,4.873095544701162,2176,0.06843733333333334,4.941532878034495,4.941532878034495,4.957688433590051,4.972088941526282,4.998075188271073,9.139220289182536,0.15049476515048266,4.291639866061945,0.0255151215805709,0.0,0.014400507936231044,0.02598624674479133
61,4.850410087968259,160,1152,45,5,0,,4.850410087968259,256,0.2603448888888889,5.110754976857147,5.110754976857147,5.1201549768571475,5.140285405852409,5.166040386321159,9.273066893017583,0.31563029835290024,4.422656805049325,0.0,0.0,0.020130428995261518,0.0257549804687498
62,4.860846617359346,128,1152,137,2,0,,6.327706607213584,256,0.2603448888888889,6.588051496102473,6.588051496102473,6.597451496102473,6.607941544106633,6.6344931391587165,9.933911189870196,1.7736465217993702,5.07306457251085,1.466859989854238,0.0,0.010490048004159647,0.0265515950520836
63,4.900763618399929,160,2240,18,5,0,5,5.110754976857147,2048,0.06805333333333334,5.1788083101904805,5.1788083101904805,5.194252754634925,5.217551812102409,5.243364474862825,9.350974974072269,0.3426008564628962,4.45021135567234,0.20999135845721817,0.0,0.02329905746748384,0.025812662760416494
64,4.904867859606111,96,1152,89,2,0,,6.588051496102473,256,0.2603448888888889,6.848396384991362,6.848396384991362,6.857796384991362,6.873479467283716,6.899787450682154,9.365695993472638,1.9949195910760427,4.460828133866527,1.683183636496362,0.0,0.015683082292354378,0.02630798339843743
65,4.91441914618642,128,2304,6,0,0,0,5.746491635782337,2112,0.06824533333333334,5.81473696911567,5.81473696911567,5.83053696911567,5.847837192114059,5.873977166072392,9.228710076228644,0.9595580198859723,4.314290930042224,0.8320724895959168,0.0,0.01730022299838918,0.02613997395833323
66,4.944175342616389,128,4224,111,6,0,,7.91133339859399,256,1.1228942222222222,9.034227620816212,9.034227620816212,9.060694287482878,9.063148827240289,9.090210838959038,12.452129949357106,4.146035496342649,7.507954606740717,2.9671580559776007,0.0,0.002454539757410501,0.027062011718749446
67,5.009236252428093,64,4224,71,7,0,,5.009236252428093,256,1.1228942222222222,6.132130474650316,6.132130474650316,6.158597141316982,6.172473521949277,6.199071340959693,7.863336616024796,1.1898350885316002,2.854100363596703,0.0,0.0,0.01387638063229435,0.02659781901041658
68,5.023959339262372,96,2432,2,1,0,1,5.023959339262372,2240,0.06862933333333333,5.092588672595705,5.092588672595705,5.1090997837068155,5.1282590261616985,5.15438345650024,7.627676506630447,0.13042411723786884,2.6037171673680755,0.0,0.0,0.019159242454882985,0.02612443033854195
69,5.032796232702276,128,2176,82,7,0,,6.132130474650316,256,0.5478613333333333,6.679991807983649,6.679991807983649,6.695080696872538,6.70452267559511,6.730993989071673,10.050002117791907,1.6981977563693968,5.017205885089631,1.0993342419480392,0.0,0.00944197872257213,0.02647131347656284
70,5.054883661312881,64,2176,58,7,0,,6.679991807983649,256,0.5478613333333333,7.227853141316983,7.227853141316983,7.242942030205872,7.2605227976654225,7.286920551571672,8.929518963495033,2.232036890258791,3.874635302182152,1.625108146670768,0.0,0.017580767459550728,0.026397753906249655
71,5.1057558195819475,160,4096,4,3,0,,5.1057558195819475,0,1.1580657777777779,6.263821597359725,6.263821597359725,6.289577152915281,6.299530457340536,6.325347449528036,10.481135242391092,1.2195916299460885,5.375379422809145,0.0,0.0,0.009953304425255105,0.0258169921875
72,5.136768362399939,64,1152,37,5,0,,5.1788083101904805,256,0.2603448888888889,5.439153199079369,5.439153199079369,5.448553199079369,5.449883355071159,5.475664047035445,7.101206614697275,0.33889568463550557,1.9644382522973354,0.0420399477905411,0.0,0.001330155991789539,0.025780691964286007
73,5.1578534810237,128,704,4,2,0,,6.848396384991362,256,0.13455644444444445,6.982952829435806,6.982952829435806,6.989863940546917,7.005024267088404,7.031141356932155,10.32003789885457,1.8732878759084546,5.16218441783087,1.6905429039676614,0.0,0.015160326541487024,0.026117089843750385
74,5.214733107804606,96,640,56,6,0,,9.034227620816212,256,0.11658666666666667,9.150814287482879,9.150814287482879,9.157369843038435,9.17133730380279,9.197947777435603,11.716172546083296,3.983214669630997,6.50143943827869,3.8194945130116063,0.0,0.013967460764355621,0.02661047363281277
75,5.271999570433187,128,2176,22,0,0,,5.81473696911567,256,0.5478613333333333,6.362598302449004,6.362598302449004,6.377687191337893,6.396879184301559,6.423016879614059,9.784953728572397,1.1510173091808724,4.51295415813921,0.5427373986824833,0.0,0.019191992963666138,0.02613769531250032
76,5.282791332578838,160,4480,3,0,0,0,6.362598302449004,4096,0.12810666666666667,6.49070496911567,6.49070496911567,6.518593858004559,6.527591749405725,6.553885624963761,10.763212224666145,1.271094292384923,5.480420892087307,1.079806969870166,0.0,0.008997891401166136,0.02629387555803575
77,5.33864488939914,128,256,83,7,0,,7.227853141316983,0,0.07987911111111111,7.307732252428094,7.307732252428094,7.312154474650316,7.313318793759172,7.339505235816463,10.640312282179933,2.0008603464173236,5.301667392780793,1.889208251917843,0.0,0.001164319108855949,0.02618644205729126
78,5.412859072212574,96,1472,1,5,0,5,5.439153199079369,1280,0.06574933333333334,5.504902532412703,5.504902532412703,5.516080310190481,5.527226895807766,5.553011284758659,8.005150462353525,0.14015221254608523,2.592291390140951,0.02629412686679533,0.0,0.011146585617285432,0.025784388950892634
79,5.4588290664988435,96,640,16,1,0,,5.4588290664988435,256,0.11658666666666667,5.57541573316551,5.57541573316551,5.581971288721066,5.598573479286698,5.62458945305902,8.094794914833573,0.16576038656017644,2.6359658483347292,0.0,0.0,0.01660219056563239,0.026015973772321566
80,5.498466232863236,96,2176,138,4,0,,5.498466232863236,256,0.5478613333333333,6.046327566196569,6.046327566196569,6.061416455085459,6.085123722575204,6.1110464520673915,8.564987801351247,0.6125802192041556,3.066521568488011,0.0,0.0,0.02370726748974583,0.025922729492187102
81,5.580377563191515,160,1216,21,4,0,4,6.046327566196569,1024,0.06498133333333334,6.111308899529902,6.111308899529902,6.121064455085458,6.136969669840829,6.1628273846845785,10.258325390869484,0.5824498214930633,4.6779478276779685,0.4659500030050543,0.0,0.015905214755370878,0.02585771484374977
82,5.743088687813724,160,640,72,4,0,,6.111308899529902,256,0.11658666666666667,6.227895566196569,6.227895566196569,6.234451121752125,6.240403458903328,6.26617193221062,10.361490039306986,0.5230832443968954,4.618401351493262,0.3682202117161779,0.0,0.005952337151203579,0.025768473307291373
83,5.77630133951508,160,1152,53,4,0,,6.227895566196569,256,0.2603448888888889,6.4882404550854575,6.4882404550854575,6.497640455085458,6.498110164632495,6.523853398449459,10.620440234619489,0.7475520589343789,4.844138895104408,0.45159422668148874,0.0,0.0004697095470369561,0.025743233816964306
84,5.915451512278031,160,1536,1,5,0,5,5.915451512278031,1344,0.06594133333333334,5.981392845611364,5.981392845611364,5.992926178944697,6.01721378196848,6.043001989976292,10.160552122509769,0.12755047769826167,4.245100610231738,0.0,0.0,0.024287603023783078,0.02578820800781223
85,5.979412007017091,64,1216,5,2,0,2,6.982952829435806,1024,0.06498133333333334,7.04793416276914,7.04793416276914,7.057689718324696,7.083377001463404,7.109408088702987,8.743988630888932,1.1299960816858965,2.764576623871841,1.0035408224187155,0.0,0.025687283138708494,0.02603108723958325
86,6.0794931034394875,96,1152,105,3,0,,6.263821597359725,256,0.2603448888888889,6.524166486248614,6.524166486248614,6.533566486248614,6.557722351871786,6.583500997705119,9.055371687460514,0.5040078942656319,2.975878584021027,0.18432849392023787,0.0,0.024155865623171735,0.025778645833333336
87,6.084297952309091,128,1152,0,3,0,3,6.524166486248614,960,0.06478933333333334,6.5889558195819475,6.5889558195819475,6.598355819581948,6.609280131819703,6.635028736730417,9.955365213982006,0.5507307844213258,3.8710672616729145,0.4398685339395225,0.0,0.010924312237754918,0.025748604910714512
88,6.144040400736638,160,2496,2,1,0,1,6.144040400736638,2304,0.06882133333333333,6.212861734069971,6.212861734069971,6.229728400736638,6.250012967288931,6.275964057783722,10.414796949338792,0.13192365704708386,4.2707565486021535,0.0,0.0,0.020284566552292382,0.025951090494791273
89,6.169297135174986,64,1216,0,3,0,3,6.5889558195819475,1024,0.06498133333333334,6.653937152915281,6.653937152915281,6.663692708470837,6.686527411395597,6.712257941180753,8.342879011679262,0.5429608060057669,2.173581876504276,0.4196586844069614,0.0,0.022834702924759753,0.025730529785156442
90,6.174106597109155,96,4224,7,3,0,,6.653937152915281,256,1.1228942222222222,7.776831375137504,7.776831375137504,7.803298041804171,7.820289830596676,7.846294155373461,10.35001781075047,1.672187558264306,4.1759112136413155,0.4798305558061262,0.0,0.01699178879250507,0.02600432477678538
91,6.2490047940202125,160,1280,5,2,0,2,7.04793416276914,1088,0.06517333333333333,7.113107496102473,7.113107496102473,7.123218607213584,7.135439664223821,7.161413576054178,11.268032478932703,0.9124087820339657,5.019027684912491,0.7989293687489276,0.0,0.012221057010236791,0.025973911830357466
92,6.5109113089422035,64,2176,86,7,0,,7.307732252428094,256,0.5478613333333333,7.855593585761428,7.855593585761428,7.870682474650317,7.889353901181046,7.915379129045629,9.556651775995032,1.4044678201034255,3.0457404670528287,0.7968209434858906,0.0,0.018671426530729285,0.026025227864582945
93,6.539031156255661,160,2560,2,1,0,1,6.539031156255661,2368,0.06901333333333334,6.608044489588995,6.608044489588995,6.625266711811217,6.639330594242055,6.665330663996519,10.803496900510666,0.12629950774085774,4.264465744255005,0.0,0.0,0.014063882430837893,0.026000069754464228
94,6.722531686681098,96,1344,5,2,0,2,7.113107496102473,1152,0.06536533333333333,7.1784728294358064,7.1784728294358064,7.188939496102473,7.2133628645586425,7.239298350398486,9.7024336508077,0.5167666637173882,2.9799019641266025,0.3905758094213754,0.0,0.024423368456169214,0.02593548583984351
95,6.991336563742585,96,1216,41,7,0,7,7.855593585761428,1024,0.06498133333333334,7.920574919094761,7.920574919094761,7.930330474650317,7.941404845191462,7.9671680287852125,10.435953558221602,0.9758314650426279,3.4446169944790173,0.864257022018843,0.0,0.011074370541145129,0.025763183593750405
96,7.175065635068835,64,4352,19,7,0,7,7.920574919094761,4096,0.0921671111111111,8.012742030205873,8.012742030205873,8.039919807983651,8.044460509253962,8.070419912155748,9.713158449172113,0.8953542770869127,2.538092814103278,0.7455092840259265,0.0,0.004540701270311587,0.02595940290178511
97,7.33785303330521,96,4544,3,0,0,0,7.33785303330521,4352,0.07496533333333334,7.412818366638543,7.412818366638543,7.441062811082988,7.448167921280725,7.474737815253939,9.997501775447397,0.1368847819487291,2.6596487421421866,0.0,0.0,0.007105110197737297,0.026569893973213965
98,7.367974707467881,128,1600,1,5,0,5,7.367974707467881,1408,0.06613333333333334,7.434108040801214,7.434108040801214,7.445996929690103,7.463010032666025,7.488821360791025,10.788631728629557,0.12084665332314426,3.4206570211616762,0.0,0.0,0.0170131029759224,0.025811328125000088
99,7.56764941499818,128,4608,3,0,0,0,7.56764941499818,4416,0.07515733333333334,7.642806748331513,7.642806748331513,7.671406748331513,7.68704626949501,7.7136404380217956,11.078628565811979,0.14599102302361544,3.5109791508137986,0.0,0.0,0.01563952116349654,0.026594168526785644
100,7.81458712734313,160,4288,11,6,0,6,9.150814287482879,4096,0.07419733333333334,9.225011620816213,9.225011620816213,9.251833843038435,9.277782128021542,9.304490819427793,13.492664845190442,1.4899036920846624,5.678077717847311,1.3362271601397486,0.0,0.025948284983106973,0.02670869140625065
101,7.830552008831518,64,640,8,4,0,,7.830552008831518,256,0.11658666666666667,7.947138675498184,7.947138675498184,7.95369423105374,7.973328475179373,7.999182723226248,9.614217317952814,0.16863071439473032,1.7836653091212966,0.0,0.0,0.019634244125632527,0.025854248046875306
102,7.831735468851127,160,704,16,1,0,1,7.831735468851127,512,0.06344533333333334,7.89518080218446,7.89518080218446,7.902091913295571,7.913512688271072,7.939408684364822,12.084771835406498,0.10767321551369502,4.253036366555371,0.0,0.0,0.01142077497550087,0.02589599609374993
103,7.87087311260908,160,2176,14,5,0,,7.87087311260908,256,0.5478613333333333,8.418734445942412,8.418734445942412,8.4338233348313,8.444421580517586,8.470309178173837,12.613999713655598,0.599436065564757,4.7431266010465185,0.0,0.0,0.010598245686285424,0.025887597656250705
104,7.91913454896287,64,4224,15,5,0,,8.418734445942412,256,1.1228942222222222,9.541628668164634,9.541628668164634,9.5680953348313,9.584120970166019,9.61031725922852,11.260787946077476,1.6911827102656494,3.341653397114606,0.4995998969795421,0.0,0.016025635334719013,0.02619628906250071
105,7.938741312197628,128,4096,37,4,0,5,7.947138675498184,0,1.1580657777777779,9.105204453275963,9.105204453275963,9.130960008831519,9.151159310140311,9.176952571859061,12.454146207926783,1.2382112596614334,4.515404895729155,0.008397363300556293,0.0,0.020199301308792883,0.02579326171874996
106,7.962108047760278,96,2240,10,2,0,2,7.962108047760278,2048,0.06805333333333334,8.030161381093611,8.030161381093611,8.045605825538056,8.069491709773484,8.095459103436678,10.552377644948324,0.1333510556763997,2.590269597188046,0.0,0.0,0.023885884235427923,0.025967393663194116
107,7.9976174782349645,96,2048,36,5,0,,9.541628668164634,0,0.5830328888888889,10.124661557053523,10.124661557053523,10.1390393348313,10.160552122509769,10.186802122509768,12.66566192068685,2.1891846442748033,4.668044442451885,1.5440111899296696,0.0,0.02151278767846776,0.02624999999999922
108,8.027542212610278,64,2624,2,1,0,1,8.027542212610278,2432,0.06920533333333334,8.096747545943611,8.096747545943611,8.114325323721388,8.120784335406489,8.146815864424346,9.791248121213789,0.11927365181406735,1.7637059086035105,0.0,0.0,0.006459011685100435,0.02603152901785677
109,8.02939214592344,64,4288,7,3,0,3,8.02939214592344,4096,0.07419733333333334,8.103589479256774,8.103589479256774,8.130411701478996,8.133038888911406,8.159267195273014,9.824211436460702,0.1298750493495735,1.7948192905372622,0.0,0.0,0.002627187432409528,0.02622830636160778
110,8.071579548923317,160,2176,130,6,0,,9.225011620816213,256,0.5478613333333333,9.772872954149546,9.772872954149546,9.787961843038435,9.810703807709043,9.837223827240292,14.012932179174816,1.7656442783169748,5.941352630251499,1.1534320718928956,0.0,0.022741964670608183,0.02652001953124916
111,8.177443362896097,128,4224,119,3,0,,8.177443362896097,256,1.1228942222222222,9.300337585118319,9.300337585118319,9.326804251784985,9.349253767538638,9.376041853476138,12.715064494436518,1.198598490580041,4.537621131540421,0.0,0.0,0.02244951575365306,0.026788085937500483
112,8.21056179350787,128,1664,1,5,0,5,10.124661557053523,1472,0.06632533333333333,10.190986890386856,10.190986890386856,10.203231334831301,10.213052610791017,10.239215892041017,13.542820660921224,2.0286540985331474,5.332258867413355,1.9140997635456536,0.0,0.009821275959716047,0.02616328124999967
113,8.3628402004714,64,1280,0,3,0,3,9.300337585118319,1088,0.06517333333333333,9.365510918451653,9.365510918451653,9.375622029562765,9.376041853476138,9.40263649865843,11.057586240654977,1.0397962981870297,2.6947460401835777,0.9374973846469192,0.0,0.0004198239133739179,0.026594645182290932
114,8.367888847827645,160,2688,2,1,0,1,8.367888847827645,2496,0.06939733333333334,8.437286181160978,8.437286181160978,8.455219514494312,8.459798146790419,8.485929145674348,12.638195175250248,0.11804029784670256,4.2703063274226025,0.0,0.0,0.004578632296107443,0.02613099888392867
115,8.385402480414491,160,1344,0,3,0,3,9.365510918451653,1152,0.06536533333333333,9.430876251784987,9.430876251784987,9.441342918451653,9.455827253866762,9.482289098174798,13.65858207256152,1.0968866177603065,5.273179592147029,0.9801084380371616,0.0,0.014484335415108518,0.02646184430803622
116,8.438274612358738,96,1408,0,3,0,3,9.430876251784987,1216,0.06555733333333334,9.49643358511832,9.49643358511832,9.507255807340542,9.508751430764084,9.535117336525802,12.030235987143296,1.0968427241670646,3.5919613747845585,0.9926016394262493,0.0,0.0014956234235423693,0.026365905761718267
117,8.45017456936361,64,1472,0,3,0,3,9.49643358511832,1280,0.06574933333333334,9.562182918451652,9.562182918451652,9.57336069622943,9.58785061289299,9.614145914542295,11.26777535740845,1.1639713451786857,2.8176007880448406,1.0462590157547105,0.0,0.014489916663558589,0.026295301649305713
118,8.454918305582348,128,1216,77,0,0,0,8.454918305582348,1024,0.06498133333333334,8.519899638915682,8.519899638915682,8.529655194471237,8.539228468155729,8.565759299628944,11.912474919978646,0.11084099404659575,3.4575566143962977,0.0,0.0,0.009573273684491568,0.02653083147321489
119,8.483100724375385,64,4288,71,7,0,7,8.483100724375385,4096,0.07419733333333334,8.557298057708719,8.557298057708719,8.584120279930941,8.589710509253962,8.615820677710992,10.25699469591691,0.1327199533356076,1.7738939715415256,0.0,0.0,0.005590229323020779,0.026110168457030625
120,8.628194820999477,160,640,92,4,0,,9.105204453275963,256,0.11658666666666667,9.22179111994263,9.22179111994263,9.228346675498186,9.228540560140312,9.254254915609062,13.34760724308303,0.6260600946095849,4.719412422083552,0.4770096322764861,0.0,0.00019388464212610756,0.025714355468750227
121,8.646329581486906,96,4352,11,6,0,6,9.772872954149546,4160,0.07438933333333334,9.847262287482879,9.847262287482879,9.874440065260657,9.89026533114654,9.916887401459041,12.426048487768565,1.2705578199721348,3.7797189062816585,1.1265433726626402,0.0,0.01582526588588351,0.026622070312500412
122,8.705605763365606,64,1152,29,4,0,,9.22179111994263,256,0.2603448888888889,9.48213600883152,9.48213600883152,9.491536008831519,9.511425325765313,9.537122591390313,11.166023974853864,0.8315168280247072,2.4604182114882587,0.516185356577024,0.0,0.01988931693379392,0.0256972656250003
123,8.79081109831831,96,512,73,3,0,1,9.562182918451652,0,0.15175822222222224,9.713941140673874,9.713941140673874,9.719785585118318,9.745629747007575,9.7718231552107,12.266921485190172,0.981012056892391,3.476110386871863,0.7713718201333428,0.0,0.025844161889256867,0.026193408203125657
124,8.802263415189728,64,2304,10,2,0,2,8.802263415189728,2112,0.06824533333333334,8.870508748523061,8.870508748523061,8.886308748523062,8.899250558902326,8.925160043765606,10.552377644948324,0.12289662857587835,1.750114229758596,0.0,0.0,0.012941810379263785,0.025909484863280596
125,8.886107136372956,64,4352,7,3,0,3,9.713941140673874,4160,0.07438933333333334,9.788330474007207,9.788330474007207,9.815508251784985,9.824211436460702,9.850406309507576,11.504668423814696,0.96429917313462,2.6185612874417394,0.827834004300918,0.0,0.008703184675717068,0.02619487304687418
126,8.98641352495904,128,832,12,0,0,0,8.98641352495904,640,0.06382933333333334,9.050242858292373,9.050242858292373,9.057865080514595,9.070076077902751,9.096513856920609,12.440094028051561,0.11010033196156854,3.453680503092521,0.0,0.0,0.012210997388155675,0.02643777901785782
127,9.063772631240656,128,640,24,7,0,,9.063772631240656,256,0.11658666666666667,9.180359297907323,9.180359297907323,9.186914853462879,9.191533123651283,9.217609853561997,12.50543589057837,0.15383722232134112,3.441663259337714,0.0,0.0,0.0046182701884038835,0.026076729910714747
128,9.071063062181665,64,2304,18,5,0,5,10.190986890386856,2112,0.06824533333333334,10.25923222372019,10.25923222372019,10.27503222372019,10.291543919384766,10.317702041129557,11.964074664827475,1.2466389789478924,2.89301160264581,1.1199238282051915,0.0,0.01651169566457611,0.02615812174479082
129,9.242526445635498,160,1152,69,1,0,,9.242526445635498,256,0.2603448888888889,9.502871334524388,9.502871334524388,9.512271334524387,9.530957593870035,9.556984449338785,13.709053248166915,0.3144580037032867,4.466526802531417,0.0,0.0,0.018686259345647827,0.026026855468749943
130,9.252786584376583,96,1152,57,6,0,,9.847262287482879,256,0.2603448888888889,10.107607176371769,10.107607176371769,10.117007176371768,10.129881542084041,10.156356011950113,12.65913033998211,0.9035694275735295,3.4063437556055263,0.5944757031062959,0.0,0.012874365712272962,0.026474469866071715
131,9.339749755072436,128,1408,5,2,0,2,9.339749755072436,1216,0.06555733333333334,9.405307088405769,9.405307088405769,9.41612931062799,9.417621286441387,9.443550180484355,12.706130151458742,0.1038004254119187,3.3663803963863064,0.0,0.0,0.001491975813395996,0.025928894042968054
132,9.418759877765506,128,4416,7,3,0,3,9.788330474007207,4224,0.07458133333333333,9.86291180734054,9.86291180734054,9.890445140673872,9.902797520445075,9.929081123072915,13.266702678030267,0.5103212453074093,3.847942800264761,0.36957059624170085,0.0,0.012352379771202848,0.026283602627840352
133,9.435642516846654,160,768,4,2,0,2,9.435642516846654,576,0.06363733333333334,9.499279850179988,9.499279850179988,9.506546516846655,9.52133979230076,9.547208878672286,13.63435427255249,0.1115663618256324,4.198711755705837,0.0,0.0,0.014793275454104915,0.02586908637152696
134,9.497144217782266,96,2240,86,7,0,7,9.497144217782266,2048,0.06805333333333334,9.565197551115599,9.565197551115599,9.580641995560043,9.582733644484616,9.608817628859615,12.066023659133059,0.11167341107734963,2.568879441350793,0.0,0.0,0.0020916489245728087,0.026083984374999147
135,9.697323581060543,96,4224,31,0,0,,9.697323581060543,256,1.1228942222222222,10.820217803282764,10.820217803282764,10.84668446994943,10.86772036268698,10.89408217909323,13.400944418676557,1.1967585980326874,3.7036208376160147,0.0,0.0,0.021035892737549133,0.026361816406250682
136,9.7557446584507,64,4224,43,1,0,,9.7557446584507,256,1.1228942222222222,10.878638880672922,10.878638880672922,10.905105547339588,10.906620923948164,10.93272321887004,12.585804061968997,1.1769785604193395,2.8300594035182964,0.0,0.0,0.0015153766085767018,0.026102294921875213
137,9.808377206140884,128,4288,83,7,0,,9.808377206140884,256,1.140864,10.949241206140885,10.949241206140885,10.976063428363107,11.000532008742432,11.026719020461183,14.33535883979712,1.2183418143202989,4.526981633656236,0.0,0.0,0.024468580379325644,0.026187011718750597
138,9.873152901288462,160,2752,2,1,0,1,10.878638880672922,2560,0.06958933333333334,10.948228214006255,10.948228214006255,10.966517102895144,10.98492927355754,11.01108103137004,15.159746412229417,1.137928130081578,5.286593510940955,1.00548597938446,0.0,0.018412170662395866,0.026151757812499454
139,9.935326188890222,96,1536,0,3,0,3,9.935326188890222,1344,0.06594133333333334,10.001267522223555,10.001267522223555,10.012800855556888,10.03441829015388,10.060715564656721,12.556780663521337,0.125389375766499,2.621454474631115,0.0,0.0,0.02161743459699217,0.02629727450284136
140,10.33136322885448,128,4224,115,0,0,,10.820217803282764,256,1.1228942222222222,11.943112025504986,11.943112025504986,11.969578692171652,11.991287908259896,12.01782339003073,15.396313293459544,1.6864601611762495,5.064950064605064,0.4888545744282844,0.0,0.02170921608824372,0.02653548177083387
141,10.484550438960932,64,832,4,2,0,2,10.484550438960932,640,0.06382933333333334,10.548379772294265,10.548379772294265,10.556001994516487,10.577975301198324,10.603525472096761,12.216724292083743,0.11897503313582902,1.732173853122811,0.0,0.0,0.02197330668183639,0.025550170898437585
142,10.575981113251105,64,4480,7,3,0,3,10.575981113251105,4288,0.07477333333333333,10.650754446584438,10.650754446584438,10.678643335473327,10.690190146904978,10.716429551201854,12.372573937447116,0.14044843795074868,1.7965928241960114,0.0,0.0,0.011546811431651705,0.026239404296875435
143,10.876925287908367,96,2240,22,0,0,0,11.943112025504986,2048,0.06805333333333334,12.01116535883832,12.01116535883832,12.026609803282764,12.044359360082813,12.070785141332813,14.598085388186107,1.1938598534244456,3.7211601002777392,1.0661867375966185,0.0,0.01774955680004986,0.026425781249999503
144,10.914233188522742,128,640,40,7,0,,10.949241206140885,256,0.11658666666666667,11.065827872807551,11.065827872807551,11.072383428363107,11.079094508742434,11.10506399116431,14.41411264839087,0.1908308026415675,3.4998794598681275,0.03500801761814287,0.0,0.006711080379327328,0.0259694824218748
145,11.010986507417728,64,640,76,4,0,,11.010986507417728,256,0.11658666666666667,11.127573174084395,11.127573174084395,11.13412872963995,11.14020097680699,11.166023974853864,12.785536246989277,0.1550374674361361,1.7745497395715493,0.0,0.0,0.006072247167038469,0.025822998046875156
146,11.02939082547016,64,1600,0,3,0,3,11.02939082547016,1408,0.06613333333333334,11.095524158803492,11.095524158803492,11.107413047692381,11.11021031834595,11.136469937486575,12.793687053030267,0.10707911201641629,1.7642962275601075,0.0,0.0,0.0027972706535699388,0.02625961914062458
147,11.070006313532973,128,2240,14,5,0,5,11.070006313532973,2048,0.06805333333333334,11.138059646866306,11.138059646866306,11.15350409131075,11.155925966910809,11.1821407292806,14.471893365999346,0.11213441574762761,3.401887052466373,0.0,0.0,0.002421875600058243,0.0262147623697917
148,11.124377860241918,96,704,36,4,0,,11.127573174084395,256,0.13455644444444445,11.262129618528839,11.262129618528839,11.26904072963995,11.269627164958031,11.295389616129906,13.731586735270527,0.17101175588798867,2.6072088750286095,0.0031953138424771765,0.0,0.0005864353180804471,0.025762451171875256
149,11.164390591554382,64,1472,5,2,0,2,11.164390591554382,1280,0.06574933333333334,11.230139924887714,11.230139924887714,11.241317702665492,11.242438435963953,11.268032478932703,12.886504907318114,0.10364188737832158,1.7221143157637329,0.0,0.0,0.001120733298460408,0.02559404296875023
150,11.215489965808416,64,2816,2,1,0,1,11.215489965808416,2624,0.06978133333333333,11.28527129914175,11.28527129914175,11.303915743586193,11.324940211057541,11.351134465614832,13.004972071409101,0.1356444998064159,1.789482105600685,0.0,0.0,0.021024467471347563,0.026194254557291075
151,11.309609637141754,64,704,88,6,0,6,11.309609637141754,512,0.06344533333333334,11.373054970475089,11.373054970475089,11.3799660815862,11.40111269675294,11.42736499865026,13.074296355607109,0.11775536150850563,1.764686718465354,0.0,0.0,0.02114661516673877,0.026252301897320862
152,11.441204290216133,96,4544,7,3,0,3,11.441204290216133,4352,0.07496533333333334,11.516169623549466,11.516169623549466,11.54441406799391,11.557108609361572,11.583440315090739,14.079635457978188,0.14223602487460596,2.6384311677620556,0.0,0.0,0.012694541367661571,0.026331705729166544
153,11.514688670835788,128,1536,5,2,0,2,11.514688670835788,1344,0.06594133333333334,11.580630004169121,11.580630004169121,11.592163337502454,11.600446541432703,11.626055525807702,14.904274682708742,0.11136685497191401,3.3895860118729537,0.0,0.0,0.008283203930249172,0.025608984374999366
154,11.588018200610529,96,1216,29,4,0,4,11.588018200610529,1024,0.06498133333333334,11.652999533943863,11.652999533943863,11.662755089499418,11.681884977458031,11.707619938395531,14.14241616235386,0.11960173778500227,2.55439796174333,0.0,0.0,0.019129887958612812,0.025734960937500162
155,11.629380263393196,128,2240,46,2,0,2,11.629380263393196,2048,0.06805333333333334,11.69743359672653,11.69743359672653,11.712878041170974,11.7284963461202,11.754188159271242,15.033984969167077,0.12480789587804608,3.404604705773881,0.0,0.0,0.015618304949226669,0.025691813151041742
156,11.645588961341895,160,1664,0,3,0,3,11.645588961341895,1472,0.06632533333333333,11.711914294675228,11.711914294675228,11.724158739119673,11.74144080337199,11.767723664700116,15.905432391106913,0.12213470335822052,4.259843429765018,0.0,0.0,0.017282064252317042,0.026282861328125406
157,11.696618445955643,128,1152,109,7,0,,11.696618445955643,256,0.2603448888888889,11.956963334844533,11.956963334844533,11.966363334844532,11.988316920851808,12.014218678664308,15.336937013625242,0.31760023270866533,3.640318567669599,0.0,0.0,0.02195358600727637,0.025901757812500037
158,11.746607155164941,64,1664,0,3,0,3,11.746607155164941,1536,0.04854755555555555,11.795154710720498,11.795154710720498,11.807399155164942,11.820290852200117,11.84653228508364,13.50158597881152,0.09992512991869873,1.754978823646578,0.0,0.0,0.012891697035174232,0.02624143288352343
159,11.867966915427115,64,256,35,6,0,,11.867966915427115,0,0.07987911111111111,11.947846026538226,11.947846026538226,11.952268248760449,11.953861755067672,11.980090200938207,13.620881397924817,0.11212328551109252,1.7529144824977028,0.0,0.0,0.0015935063072234357,0.026228445870534856
160,11.901374409713794,128,2048,0,7,0,3,11.956963334844533,0,0.5830328888888889,12.539996223733421,12.539996223733421,12.5543740015112,12.557458839797121,12.583467995070558,15.913749676385661,0.682093585356764,4.012375266671867,0.05558892513073843,0.0,0.003084838285921876,0.026009155273436946
161,11.948600940151179,96,2368,6,0,0,0,12.01116535883832,2176,0.06843733333333334,12.079602692171653,12.079602692171653,12.095758247727208,12.097211410864062,12.123584067114063,14.651193176272043,0.17498312696288387,2.7025922361208643,0.06256441868714013,0.0,0.0014531631368548403,0.026372656250000404
162,11.950275065850242,96,2048,11,4,0,6,11.950275065850242,0,0.5830328888888889,12.533307954739131,12.533307954739131,12.547685732516909,12.55583468448928,12.58137335636428,15.017498030843445,0.6310982905140374,3.067222964993203,0.0,0.0,0.008148951972371421,0.025538671874999253
163,12.077610507072647,96,1152,129,5,0,,12.077610507072647,256,0.2603448888888889,12.337955395961536,12.337955395961536,12.347355395961536,12.354561725374351,12.380503326936852,14.83240532888997,0.3028928198642049,2.754794821817324,0.0,0.0,0.007206329412815293,0.025941601562500693
164,12.237731128785821,160,1152,13,5,0,,12.337955395961536,256,0.2603448888888889,12.598300284850426,12.598300284850426,12.607700284850425,12.613999713655598,12.639830573030599,16.740558014436857,0.4020994442447776,4.502826885651036,0.1002242671757152,0.0,0.00629942880517298,0.025830859375000514
165,12.37626236759647,128,1728,1,5,0,5,12.598300284850426,1536,0.06651733333333333,12.66481761818376,12.66481761818376,12.67741761818376,12.691439996858724,12.717231598421224,15.992350722770182,0.3409692308247543,3.616088355173712,0.2220379172539566,0.0,0.014022378674964031,0.025791601562499267
166,12.477907357873834,128,4224,23,7,0,,12.539996223733421,256,1.1228942222222222,13.662890445955643,13.662890445955643,13.689357112622309,13.70232358589087,13.72856059760962,17.065262208937746,1.2506532397357866,4.587354851063912,0.06208886585958773,0.0,0.012966473268560819,0.02623701171875048
167,12.528000831687121,64,4288,31,0,0,0,12.528000831687121,4096,0.07419733333333334,12.602198165020456,12.602198165020456,12.629020387242678,12.65296023898906,12.67966736789531,14.359377658422652,0.1516665362081877,1.8313768267355304,0.0,0.0,0.023939851746382246,0.026707128906249267
168,12.550976284914434,96,2880,2,1,0,1,12.550976284914434,2688,0.06997333333333333,12.620949618247767,12.620949618247767,12.639949618247767,12.664326685666914,12.690527247190351,15.159746412229417,0.13955096227591746,2.6087701273149833,0.0,0.0,0.024377067419147025,0.02620056152343686
169,12.582401891521135,64,704,20,4,0,4,12.582401891521135,512,0.06344533333333334,12.645847224854469,12.645847224854469,12.652758335965581,12.657992301676778,12.683500114176779,14.29687433292678,0.10109822265564361,1.7144724414056451,0.0,0.0,0.005233965711196831,0.02550781250000078
170,12.625006329921348,96,1664,0,3,0,3,12.625006329921348,1536,0.04854755555555555,12.673553885476904,12.673553885476904,12.685798329921349,12.688743205374019,12.715064494436518,15.185668963372535,0.09005816451517035,2.5606626334511873,0.0,0.0,0.0029448754526697485,0.02632128906249953
171,12.625771324744424,64,4096,5,0,0,2,12.625771324744424,0,1.1580657777777779,13.783837102522202,13.783837102522202,13.809592658077758,13.826981528051558,13.853686703832809,15.528826314292877,1.227915379088385,2.903054989548453,0.0,0.0,0.01738886997380007,0.026705175781250645
172,12.782620317481815,128,2432,6,0,0,0,13.783837102522202,2240,0.06862933333333333,13.852466435855536,13.852466435855536,13.868977546966647,13.88039236789531,13.907012078181769,17.273059338381415,1.1243917606999538,4.490439020899601,1.0012167850403877,0.0,0.011414820928662195,0.026619710286459153
173,12.88770408206235,96,2304,22,0,0,0,13.852466435855536,2112,0.06824533333333334,13.92071176918887,13.92071176918887,13.93651176918887,13.960252963598434,13.986803256567184,16.50561667887621,1.0990991745048344,3.6179125968138592,0.9647623537931871,0.0,0.02374119440956335,0.02655029296875
174,13.01368024466489,96,2176,38,2,0,,13.01368024466489,256,0.5478613333333333,13.561541577998224,13.561541577998224,13.576630466887112,13.582638208099365,13.608495996185303,16.077718042083745,0.5948157515204127,3.0640377974188553,0.0,0.0,0.006007741212252782,0.025857788085938083
175,13.349637861179083,160,4288,35,6,0,,13.349637861179083,256,1.140864,14.490501861179084,14.490501861179084,14.517324083401306,14.517324083401306,14.544417833401306,18.752497584842896,1.1947799722222232,5.402859723663813,0.0,0.0,0.0,0.027093750000000583
176,13.350373073254513,128,640,136,1,0,,13.350373073254513,256,0.11658666666666667,13.46695973992118,13.46695973992118,13.473515295476735,13.475575098752852,13.501515162229415,16.783451874003973,0.15114208897490222,3.4330788007494597,0.0,0.0,0.0020598032761167673,0.02594006347656297
177,13.404620593041223,64,4416,19,7,0,7,13.662890445955643,4224,0.07458133333333333,13.737471779288976,13.737471779288976,13.765005112622308,13.781036085890872,13.807427524692955,15.469004884718995,0.40280693165173176,2.064384291677772,0.2582698529144203,0.0,0.016030973268563287,0.026391438802082945
178,13.452916102976154,128,2176,30,1,0,,13.46695973992118,256,0.5478613333333333,14.014821073254513,14.014821073254513,14.029909962143401,14.047685897906499,14.0737405854065,17.357953473512595,0.6208244824303453,3.9050373705364407,0.01404363694502564,0.0,0.01777593576309755,0.026054687500000284
179,13.550101498487155,160,1152,113,6,0,,14.490501861179084,256,0.2603448888888889,14.750846750067973,14.750846750067973,14.760246750067973,14.761185411526306,14.787515733791931,18.98997444031164,1.237414235304776,5.439872941824486,0.9404003626919284,0.0,0.000938661458333101,0.026330322265625483
180,13.573638051399607,128,4096,137,6,0,2,14.750846750067973,0,1.1580657777777779,15.90891252784575,15.90891252784575,15.934668083401306,15.94653331191693,15.973101508531514,19.336010573124142,2.3994634571319065,5.762372521724535,1.177208698668366,0.0,0.011865228515624437,0.026568196614583428
181,13.574245982125543,128,2176,78,4,0,,13.574245982125543,256,0.5478613333333333,14.122107315458877,14.122107315458877,14.137196204347765,14.14241616235386,14.168237776937193,17.43592714868199,0.5939917948116502,3.8616811665564477,0.0,0.0,0.005219958006094316,0.025821614583334096
182,13.578027779328496,64,1152,33,2,0,,13.578027779328496,256,0.2603448888888889,13.838372668217385,13.838372668217385,13.847772668217385,13.868317651458742,13.894207055755617,15.526720971771246,0.3161792764271212,1.9486931924427502,0.0,0.0,0.020544983241357784,0.025889404296874474
183,13.744592845801826,128,704,136,1,0,1,14.014821073254513,512,0.06344533333333334,14.078266406587847,14.078266406587847,14.085177517698959,14.09979576118775,14.12570904243775,17.410236676637595,0.381116196635924,3.6656438308357693,0.27022822745268726,0.0,0.014618243488790483,0.025913281250000253
184,13.938797159796955,160,512,1,3,0,5,13.938797159796955,0,0.15175822222222224,14.090555382019177,14.090555382019177,14.096399826463621,14.105482625946939,14.131131063446938,18.23023024612191,0.19233390364998293,4.291433086324954,0.0,0.0,0.009082799483318027,0.025648437499999233
185,13.98042677306272,96,4480,11,6,0,6,15.90891252784575,4224,0.09255111111111111,16.00146363895686,16.00146363895686,16.02935252784575,16.05280902806276,16.079533515367448,18.593416948682183,2.0991067423047287,4.612990175619464,1.928485754783031,0.0,0.023456500217012177,0.026724487304687017
186,13.983684268559873,96,704,8,4,0,4,14.122107315458877,512,0.06344533333333334,14.18555264879221,14.18555264879221,14.192463759903323,14.194059879801777,14.219762760661153,16.656711572510112,0.23607849210127974,2.6730273039502386,0.1384230468990033,0.0,0.001596119898454873,0.025702880859375554
187,13.99802648096134,160,1664,0,3,0,3,14.090555382019177,1536,0.04854755555555555,14.139102937574734,14.139102937574734,14.151347382019178,14.156779989228188,14.182470174775062,18.282104215305935,0.18444369381372283,4.284077734344596,0.09252890105783784,0.0,0.005432607209009177,0.025690185546874744
188,14.008364167070043,128,1856,1,5,0,5,14.008364167070043,1600,0.08467911111111111,14.093043278181154,14.093043278181154,14.106354389292266,14.110333112093098,14.136155670686849,17.415961381252334,0.12779150361680536,3.4075972141822906,0.0,0.0,0.003978722800832557,0.0258225585937506
189,14.00982306049708,160,4672,3,0,0,0,14.00982306049708,4480,0.07534933333333334,14.085172393830414,14.085172393830414,14.114127949385969,14.119562045629685,14.146206271703903,18.355457043459538,0.13638321120682306,4.3456339829624575,0.0,0.0,0.005434096243716269,0.026644226074218125
190,14.134785482988761,160,4096,17,2,0,7,14.134785482988761,0,1.1580657777777779,15.29285126076654,15.29285126076654,15.318606816322095,15.344063094167078,15.370291772552495,19.51248720189122,1.2355062895637339,5.377701718902458,0.0,0.0,0.025456277844982722,0.02622867838541687
191,14.247368130334328,96,2496,6,0,0,0,14.247368130334328,2304,0.06882133333333333,14.316189463667662,14.316189463667662,14.33305613033433,14.359377658422652,14.38591299777812,16.902364562990794,0.1385448674437928,2.654996432656466,0.0,0.0,0.026321528088322665,0.026535339355469034
192,14.254368246516668,96,768,16,1,0,1,14.254368246516668,576,0.06363733333333334,14.318005579850002,14.318005579850002,14.325272246516668,14.333032870562752,14.35886010038046,16.80939596580085,0.10449185386379156,2.5550277192841815,0.0,0.0,0.007760624046083464,0.025827229817707575
193,14.394687260509107,96,2560,6,0,0,0,14.394687260509107,2368,0.06901333333333334,14.46370059384244,14.46370059384244,14.48092281606466,14.492059238012498,14.518565043134025,17.03470635986579,0.123877782624918,2.6400190993566834,0.0,0.0,0.01113642194783715,0.026505805121527004
194,14.411211861584139,96,704,72,4,0,4,14.411211861584139,512,0.06344533333333334,14.474657194917473,14.474657194917473,14.481568306028585,14.503406233968445,14.52910618514032,16.968221338135116,0.11789432355618068,2.557009476550977,0.0,0.0,0.021837927939859725,0.025699951171874957
195,14.425917954670208,128,1664,0,3,0,3,14.425917954670208,1536,0.04854755555555555,14.474465510225764,14.474465510225764,14.486709954670209,14.490790487275065,14.516510213837565,17.79041501174691,0.09059225916735691,3.3644970570767008,0.0,0.0,0.004080532604856302,0.025719726562499545
196,14.50731512316927,128,1216,153,2,0,2,15.29285126076654,1024,0.06498133333333334,15.357832594099873,15.357832594099873,15.367588149655429,15.370291772552495,15.396362085052495,18.70723567601231,0.8890469618832242,4.1999205528430394,0.7855361375972691,0.0,0.002703622897065827,0.026070312499999915
197,14.559793371419232,160,1216,113,6,0,6,16.00146363895686,1024,0.06498133333333334,16.066444972290192,16.066444972290192,16.07620052784575,16.079533515367448,16.106032245836197,20.301582757368934,1.5462388744169644,5.741789385949701,1.4416702675376278,0.0,0.003332987521698527,0.026498730468748732
198,14.643000389201937,160,1664,0,3,0,3,14.643000389201937,1536,0.04854755555555555,14.691547944757493,14.691547944757493,14.703792389201938,14.722285604462565,14.748024455374024,18.853130617370667,0.1050240661720867,4.21013022816873,0.0,0.0,0.018493215260626528,0.02573885091145911
199,14.752902450210167,160,640,124,7,0,,14.752902450210167,256,0.11658666666666667,14.869489116876833,14.869489116876833,14.87604467243239,14.890675392531493,14.916922169875244,19.08225979388318,0.16401971966507745,4.329357343673012,0.0,0.0,0.014630720099104266,0.026246777343750693
200,14.85480358625657,64,1152,81,5,0,,14.85480358625657,256,0.2603448888888889,15.11514847514546,15.11514847514546,15.12454847514546,15.14207232107747,15.167819513460282,16.792267649853525,0.3130159272037112,1.9374640635969538,0.0,0.0,0.017523845932009507,0.025747192382812756
201,15.09628806010235,128,1664,0,3,0,3,15.09628806010235,1536,0.04854755555555555,15.144835615657906,15.144835615657906,15.15708006010235,15.159912476207356,15.185668963372535,18.46371969382156,0.089380903270186,3.3674316337192103,0.0,0.0,0.0028324161050061747,0.025756487165178754
202,15.245214739938817,160,2944,2,1,0,1,15.245214739938817,2752,0.07016533333333333,15.31538007327215,15.31538007327215,15.334735628827707,15.338575391721607,15.364302051877857,19.505775029967214,0.11908731193904032,4.260560290028398,0.0,0.0,0.0038397628939002004,0.025726660156250247
203,15.25115036537803,64,512,73,3,0,1,15.25115036537803,0,0.15175822222222224,15.402908587600251,15.402908587600251,15.408753032044695,15.417345721185038,15.44301940980111,17.06454677098973,0.19186904442308084,1.8133964056116998,0.0,0.0,0.008592689140343168,0.025673688616072
204,15.356618250425278,128,2368,22,0,0,0,15.356618250425278,2176,0.06843733333333334,15.425055583758612,15.425055583758612,15.441211139314166,15.449381978355376,15.475862935386626,18.825050158693912,0.11924468496134821,3.4684319082686343,0.0,0.0,0.008170839041209632,0.026480957031250085
205,15.492875009358414,128,4096,9,4,0,2,15.492875009358414,0,1.1580657777777779,16.650940787136193,16.650940787136193,16.67669634269175,16.68245913110386,16.708624495687197,20.01074396183304,1.2157494863287823,4.517868952474625,0.0,0.0,0.005762788412113196,0.02616536458333485
206,15.517116476995103,128,1664,0,3,0,3,15.517116476995103,1536,0.04854755555555555,15.565664032550659,15.565664032550659,15.577908476995104,15.597071795403789,15.622765826165507,18.905085044454,0.10564934917040425,3.3879685674588984,0.0,0.0,0.019163318408685015,0.025694030761718167
207,15.577515761120686,64,2048,8,7,0,4,15.577515761120686,0,0.5830328888888889,16.160548650009574,16.160548650009574,16.17492642778735,16.175946942010665,16.202095216750248,17.83949756050024,0.6245794556295614,2.261981799379555,0.0,0.0,0.0010205142233132847,0.026148274739583144
208,15.617740427879705,160,256,158,1,0,,15.617740427879705,0,0.07987911111111111,15.697619538990816,15.697619538990816,15.702041761213039,15.724526563596607,15.750159050575773,19.899083526060963,0.1324186226960684,4.281343098181258,0.0,0.0,0.02248480238356798,0.025632486979166202
209,15.703313089347569,64,3008,2,1,0,1,15.703313089347569,2816,0.07035733333333334,15.773670422680903,15.773670422680903,15.793381533792013,15.801425489377856,15.827178698083213,17.462943707887597,0.12386560873564356,1.7596306185400277,0.0,0.0,0.008043955585842255,0.02575320870535691
210,15.722094374861918,128,1920,1,5,0,5,15.722094374861918,1728,0.06709333333333334,15.789187708195252,15.789187708195252,15.80285437486192,15.811658014436848,15.837453424593098,19.13335105922979,0.11535904973118072,3.4112566843678707,0.0,0.0,0.008803639574928468,0.025795410156250753
211,15.728895700361427,96,768,88,6,0,6,16.066444972290192,576,0.06363733333333334,16.130082305623525,16.130082305623525,16.13734897229019,16.159031171617446,16.185343834377864,18.699238795780396,0.456448134016437,2.9703430954189685,0.33754927192876494,0.0,0.021682199327255347,0.026312662760417993
212,15.757041589658359,128,2048,10,2,0,2,15.757041589658359,0,0.5830328888888889,16.340074478547248,16.340074478547248,16.354452256325025,16.36715822763062,16.393368676849366,19.693481037340437,0.6363270871910078,3.936439447682078,0.0,0.0,0.012705971305592811,0.026210449218748266
213,15.768728089839472,128,1984,1,5,0,5,15.789187708195252,1792,0.06728533333333334,15.856473041528584,15.856473041528584,15.870495263750806,15.889045709749348,15.914871230582682,19.210831622923365,0.14614314074320944,3.442103533083893,0.020459618355779696,0.0,0.018550445998542386,0.025825520833333115
214,15.842974442803285,128,1280,9,2,0,2,16.340074478547248,1024,0.0829511111111111,16.42302558965836,16.42302558965836,16.43313670076947,16.445791040130615,16.47185622567749,19.771084645971392,0.6288817828742062,3.9281102031681066,0.4971000357439621,0.0,0.012654339361144906,0.026065185546876535
215,15.844335951014148,160,1664,0,3,0,3,15.844335951014148,1536,0.04854755555555555,15.892883506569705,15.892883506569705,15.90512795101415,15.905432391106913,15.931122515618632,20.0398088086374,0.08678656460448408,4.195472857623251,0.0,0.0,0.0003044400927638691,0.025690124511719148
216,15.894779972071253,96,4288,147,6,0,6,16.130082305623525,4096,0.07419733333333334,16.20427963895686,16.20427963895686,16.23110186117908,16.23797062474245,16.264396126974592,18.779019362186645,0.36961615490333877,2.8842393901153915,0.23530233355227104,0.0,0.006868763563367963,0.026425502232143572
217,15.965710361971862,64,4288,43,1,0,1,15.965710361971862,4096,0.07419733333333334,16.039907695305196,16.039907695305196,16.066729917527418,16.084737640605535,16.110663116679753,17.75263825308849,0.14495275470789082,1.7869278911166298,0.0,0.0,0.018007723078117266,0.025925476074217357
218,16.051546157448858,128,832,16,1,0,1,16.051546157448858,640,0.06382933333333334,16.115375490782192,16.115375490782192,16.122997713004413,16.136589081035222,16.16245773337897,19.47954032944638,0.11091157593011403,3.427994171997522,0.0,0.0,0.013591368030809292,0.025868652343749687
219,16.100191200171817,96,1216,13,5,0,5,16.100191200171817,1024,0.06498133333333334,16.16517253350515,16.16517253350515,16.174928089060707,16.198858144645186,16.22463679047852,18.692273780583953,0.12444559030670277,2.5920825804121357,0.0,0.0,0.02393005558447925,0.025778645833334224
220,16.352499300910285,160,256,0,4,0,3,16.650940787136193,0,0.07987911111111111,16.730819898247304,16.730819898247304,16.735242120469525,16.760956689697615,16.786863061767928,20.907829655192415,0.43436376085764294,4.55533035428213,0.29844148622590794,0.0,0.025714569228089346,0.02590637207031321
221,16.42486487383637,64,4096,1,7,0,5,16.42486487383637,0,1.1580657777777779,17.58293065161415,17.58293065161415,17.608686207169704,17.630440919875245,17.656571290968994,19.319821561461307,1.2317064171326244,2.894956687624937,0.0,0.0,0.021754712705540413,0.026130371093749716
222,16.43687205531129,96,1152,85,7,0,,17.58293065161415,256,0.2603448888888889,17.843275540503036,17.843275540503036,17.852675540503036,17.865683351515866,17.89166170438045,20.39883997663988,1.4547896490691592,3.96196792132859,1.1460585963028578,0.0,0.013007811012830217,0.025978352864584053
223,16.44919354577547,128,2112,1,5,0,5,16.44919354577547,1856,0.0854471111111111,16.53464065688658,16.53464065688658,16.549373990219912,16.559803619905605,16.58562421142346,19.881323476024694,0.13643066564799256,3.432129930249225,0.0,0.0,0.010429629685692277,0.025820591517856428
224,16.55601722724995,96,4608,7,3,0,3,16.55601722724995,4416,0.07515733333333334,16.631174560583283,16.631174560583283,16.659774560583283,16.67634852880223,16.70222499364598,19.165171714375877,0.1462077663960315,2.6091544871259273,0.0,0.0,0.016573968218946078,0.02587646484375128
225,16.675278868482376,128,1344,9,2,0,2,16.675278868482376,1152,0.06536533333333333,16.74064420181571,16.74064420181571,16.751110868482375,16.758605493255615,16.784593579193114,20.08225437253389,0.10931471071073773,3.4069755040515126,0.0,0.0,0.007494624773240588,0.025988085937498795
226,16.681188853934415,64,2432,10,2,0,2,16.74064420181571,2176,0.0864071111111111,16.82705131292682,16.82705131292682,16.84356242403793,16.862560766693115,16.888583715911864,18.52554280491856,0.20739486197744839,1.8443539509841465,0.05945534788129336,0.0,0.018998342655184075,0.026022949218749147
227,16.68284225272318,160,2624,6,0,0,0,16.68284225272318,2432,0.06920533333333334,16.752047586056513,16.752047586056513,16.76962536383429,16.770203104657462,16.796634419761627,20.975311942548082,0.11379216703844719,4.292469689824902,0.0,0.0,0.0005777408231715242,0.02643131510416552
228,16.729749560525935,128,3072,2,1,0,1,16.729749560525935,2880,0.07054933333333334,16.800298893859267,16.800298893859267,16.820365560525932,16.835415218032992,16.861494990982212,20.188216631529713,0.1317454304562773,3.4584670710037777,0.0,0.0,0.015049657507059777,0.02607977294922037
229,16.81490700227058,96,3136,2,1,0,1,16.81490700227058,2944,0.07074133333333334,16.885648335603914,16.885648335603914,16.906070557826137,16.913656001724398,16.939787240873702,19.427436976581795,0.12488023860312225,2.612529974311215,0.0,0.0,0.007585443898260991,0.026131239149304264
230,16.983900648599157,128,2688,6,0,0,0,16.983900648599157,2496,0.06939733333333334,17.05329798193249,17.05329798193249,17.071231315265823,17.087732971193915,17.114206701662667,20.448046782577844,0.13030605306351006,3.464146133978687,0.0,0.0,0.016501655928092163,0.026473730468751455
231,17.056682182444614,64,832,8,4,0,4,17.056682182444614,576,0.0816071111111111,17.138289293555726,17.138289293555726,17.145911515777946,17.15081606469762,17.176732812744493,18.809015771728866,0.12005063029987895,1.7523335892842518,0.0,0.0,0.00490454891967218,0.025916748046874716
232,17.057386044674363,64,4288,15,5,0,5,17.057386044674363,4096,0.07419733333333334,17.131583378007697,17.131583378007697,17.15840560022992,17.180937571728524,17.20704922537436,18.848426417302704,0.14966318069999573,1.7910403726283413,0.0,0.0,0.022531971498604975,0.026111653645834565
233,17.06784385212811,96,2176,122,4,0,,17.138289293555726,256,0.5478613333333333,17.68615062688906,17.68615062688906,17.70123951577795,17.72035341821324,17.746263940674176,20.217550602458044,0.6784200885460656,3.1497067503299334,0.07044544142761566,0.0,0.019113902435289987,0.02591052246093639
234,17.135654384568184,96,896,4,2,0,2,17.135654384568184,704,0.06402133333333333,17.199675717901517,17.199675717901517,17.207653495679295,17.226926489349363,17.252871662340436,19.719310069148474,0.11721727777225155,2.5836556845802896,0.0,0.0,0.01927299367006796,0.02594517299107224
235,17.249599720635768,128,4352,63,7,0,7,17.843275540503036,4160,0.07438933333333334,17.91766487383637,17.91766487383637,17.944842651614145,17.9695996926617,17.995866172153885,21.359576548905515,0.7462664515181174,4.1099768282697475,0.5936758198672685,0.0,0.02475704104755394,0.02626647949218608
236,17.27782782376343,64,4096,0,4,0,3,17.68615062688906,0,1.1580657777777779,18.844216404666838,18.844216404666838,18.869971960222394,18.887303857666367,18.913626611572617,20.552844913981485,1.6357987878091862,3.2750170902180535,0.4083228031256283,0.0,0.017331897443973787,0.02632275390624983
237,17.27984813187348,96,2304,14,5,0,5,17.27984813187348,2112,0.06824533333333334,17.348093465206812,17.348093465206812,17.36389346520681,17.389844472770193,17.415961381252334,19.881323476024694,0.13611324937885527,2.601475344151215,0.0,0.0,0.025951007563381978,0.0261169084821411
238,17.29575036476975,64,2368,14,5,0,5,17.348093465206812,2176,0.06843733333333334,17.416530798540144,17.416530798540144,17.4326863540957,17.442103552476294,17.468248153480758,19.10750003926451,0.1724977887110093,1.811749674494763,0.05234310043706358,0.0,0.00941719838059285,0.026144601004464363
239,17.297088859376228,96,4288,39,1,0,1,17.297088859376228,4096,0.07419733333333334,17.37128619270956,17.37128619270956,17.398108414931784,17.410236676637595,17.43658994812197,19.925542705748462,0.1395010887457424,2.628453846372235,0.0,0.0,0.012128261705811383,0.02635327148437483
240,17.327006482910676,160,1664,0,3,0,3,17.327006482910676,1536,0.04854755555555555,17.37555403846623,17.37555403846623,17.387798482910675,17.402053240716292,17.42800169991768,21.541320625624937,0.10099521700700365,4.214314142714262,0.0,0.0,0.014254757805616691,0.025948459201387664
241,17.332720552913386,160,2240,38,2,0,2,17.332720552913386,2048,0.06805333333333334,17.40077388624672,17.40077388624672,17.416218330691166,17.434501545152937,17.460468708238874,21.589780096817744,0.127748155325488,4.257059543904358,0.0,0.0,0.01828321446177128,0.025967163085937273
242,17.34132550239311,64,1664,0,3,0,3,17.37555403846623,1536,0.04854755555555555,17.424101594021785,17.424101594021785,17.43634603846623,17.45395064740032,17.47988638958782,19.113086997579003,0.13856088719470705,1.771761495185892,0.03422853607311893,0.0,0.017604608934089327,0.0259357421874995
243,17.342606135557137,160,256,11,3,0,6,17.424101594021785,0,0.07987911111111111,17.503980705132896,17.503980705132896,17.508402927355117,17.53175933880657,17.55762270883498,21.670730347847158,0.2150165732778433,4.328124212290021,0.0814954584646479,0.0,0.023356411451452175,0.02586337002841077
244,17.500630183588683,96,1152,117,0,0,,17.500630183588683,256,0.2603448888888889,17.76097507247757,17.76097507247757,17.77037507247757,17.77728760986579,17.80363468017829,20.290681059921592,0.30300449658960815,2.7900508763329093,0.0,0.0,0.006912537388220841,0.026347070312500165
245,17.505950655477747,128,4480,19,7,0,7,17.91766487383637,4288,0.07477333333333333,17.9924382071697,17.9924382071697,18.02032709605859,18.022133139927323,18.048584604771072,21.41227112898364,0.5426339492933252,3.906320473505893,0.41171421835862176,0.0,0.0018060438687328428,0.02645146484374905
246,17.578509096395052,96,512,9,5,0,2,17.578509096395052,0,0.15175822222222224,17.730267318617276,17.730267318617276,17.73611176306172,17.755870991092362,17.781908893924392,20.242450566756233,0.20339979752933957,2.6639414703611806,0.0,0.0,0.01975922803064023,0.026037902832030113
247,17.676159140601325,160,1152,25,0,0,,17.76097507247757,256,0.2603448888888889,18.02131996136646,18.02131996136646,18.030719961366458,18.04078028564704,18.067000663251203,22.244758850100162,0.3908415226498789,4.568599709498837,0.08481593187624625,0.0,0.010060324280580346,0.02622037760416518
248,17.763350407741125,160,896,8,4,0,4,18.844216404666838,704,0.06402133333333333,18.90823773800017,18.90823773800017,18.91621551577795,18.93994985376012,18.96609633813512,23.044464209228874,1.202745930393995,5.281113801487749,1.0808659969257128,0.0,0.023734337982169507,0.026146484375001222
249,17.7736064852799,160,1280,37,5,0,5,17.7736064852799,1024,0.0829511111111111,17.85655759639101,17.85655759639101,17.86666870750212,17.886065388065017,17.91205958294349,22.03103966882712,0.13845309766358938,4.257433183547221,0.0,0.0,0.01939668056289534,0.025994194878471433
250,17.787923719247004,160,2368,18,5,0,5,17.85655759639101,2176,0.06843733333333334,17.924994929724342,17.924994929724342,17.9411504852799,17.964049437544183,17.990061156294182,22.108946584665187,0.20213743704717757,4.321022865418183,0.0686338771440056,0.0,0.022898952264284844,0.026011718749998636
251,17.924332995586767,160,4352,71,7,0,7,17.9924382071697,4160,0.07438933333333334,18.066827540503034,18.066827540503034,18.09400531828081,18.101488999302322,18.128053940708572,22.324219371171143,0.20372094512180539,4.3998863755843765,0.06810521158293525,0.0,0.007483681021511757,0.02656494140624943
252,17.95033328747566,64,4352,147,6,0,6,17.95033328747566,4160,0.07438933333333334,18.024722620808994,18.024722620808994,18.05190039858677,18.062475786572808,18.0890182060064,19.758371819868934,0.13868491853073905,1.8080385323932724,0.0,0.0,0.010575387986037299,0.026542419433592812
253,18.16509520700733,64,2240,158,7,0,,18.16509520700733,256,0.5658311111111111,18.730926318118442,18.730926318118442,18.746370762562886,18.765759018833574,18.792267110351432,20.45173548445238,0.6271719033441023,2.286640277445052,0.0,0.0,0.01938825627068752,0.026508091517857935
254,18.263455763704478,64,704,40,7,0,7,18.730926318118442,512,0.06344533333333334,18.794371651451776,18.794371651451776,18.801282762562888,18.818775690150538,18.845139093470852,20.504762339921133,0.5816833297663742,2.2413065762166546,0.4674705544139641,0.0,0.017492927587650087,0.02636340332031395
255,18.384211398753223,160,1280,13,5,0,5,18.384211398753223,1088,0.06517333333333333,18.449384732086557,18.449384732086557,18.45949584319767,18.484376585981682,18.510362026322593,22.628133774927182,0.1261506275693698,4.243922376173959,0.0,0.0,0.02488074278401342,0.02598544034091077
256,18.518608787155003,96,4736,3,0,0,0,18.518608787155003,4544,0.07554133333333334,18.594150120488337,18.594150120488337,18.623461231599446,18.64147960205329,18.667702502443916,21.161309826662663,0.14909371528891313,2.64270103950766,0.0,0.0,0.018018370453845023,0.026222900390624915
257,18.53642313515972,128,896,16,1,0,1,18.53642313515972,704,0.06402133333333333,18.600444468493052,18.600444468493052,18.60842224627083,18.617752266760366,18.643863804148758,21.944639301730614,0.10744066898903881,3.408216166570895,0.0,0.0,0.009330020489535684,0.02611153738839178
258,18.54137429654261,128,2176,134,0,0,,18.594150120488337,256,0.5478613333333333,19.14201145382167,19.14201145382167,19.15710034271056,19.166050061037662,19.192255627443913,22.537766784670477,0.6508813309013028,3.996392488127867,0.05277582394572633,0.0,0.008949718327102119,0.026205566406250824
259,18.755726928546824,160,1664,5,2,0,2,18.755726928546824,1408,0.0841031111111111,18.839830039657937,18.839830039657937,18.85207448410238,18.86329329319981,18.88927620335606,23.020447577286493,0.13354927480923706,4.264720648739669,0.0,0.0,0.011218809097428561,0.02598291015625165
260,18.871200369118633,64,1472,9,2,0,2,18.871200369118633,1216,0.08352711111111111,18.954727480229742,18.954727480229742,18.96590525800752,18.96722786351231,18.993179462633403,20.627886989721393,0.12197909351477065,1.7566866206027605,0.0,0.0,0.0013226055047894647,0.02595159912109324
261,18.94111263292594,160,1216,85,7,0,7,18.94111263292594,1024,0.06498133333333334,19.00609396625927,19.00609396625927,19.01584952181483,19.02969658858804,19.055977947094984,23.234406708410724,0.11486531416904455,4.293294075484784,0.0,0.0,0.013847066773209349,0.026281358506945907
262,19.031499184698013,128,1344,37,5,0,5,19.031499184698013,1152,0.06536533333333333,19.096864518031346,19.096864518031346,19.107331184698012,19.10750003926451,19.13335105922979,22.42034709957996,0.10185187453177491,3.3888479148819464,0.0,0.0,0.00016885456649973207,0.025851019965276834
263,19.080685034290696,64,1344,13,5,0,5,19.096864518031346,1152,0.06536533333333333,19.16222985136468,19.16222985136468,19.172696518031344,19.185017441065725,19.210831622923365,20.837350222113894,0.1301465886326696,1.7566651878231987,0.01617948374065037,0.0,0.012320923034380371,0.025814181857640506
264,19.15114253209517,96,2176,26,6,0,,19.15114253209517,256,0.5478613333333333,19.699003865428505,19.699003865428505,19.714092754317395,19.732078688358516,19.758371819868934,22.247152052616322,0.6072292877737624,3.09600952052115,0.0,0.0,0.017985934041121254,0.026293131510417567
265,19.15674676179339,64,512,13,5,0,5,19.16222985136468,0,0.15175822222222224,19.313988073586902,19.313988073586902,19.319832518031347,19.339774494017117,19.36550452873934,20.992803347113895,0.2087577669459506,1.836056585320506,0.005483089571288957,0.0,0.019941975985769744,0.025730034722222683
266,19.235688143086744,64,2176,1,5,0,5,19.313988073586902,1984,0.06786133333333334,19.381849406920235,19.381849406920235,19.396938295809125,19.416966063027534,19.442730662636908,21.070708132270145,0.20704251955016417,1.835019989183401,0.07829993050015815,0.0,0.0200277672184086,0.025764599609374272
267,19.245089089431442,128,4224,151,6,0,,19.699003865428505,256,1.1228942222222222,20.821898087650727,20.821898087650727,20.848364754317394,20.849223382368933,20.875796380415807,24.263266408085073,1.6307072909843647,5.018177318653631,0.4539147759970632,0.0,0.0008586280515388012,0.02657299804687341
268,19.25753307653876,64,2496,10,2,0,2,19.25753307653876,2304,0.06882133333333333,19.326354409872092,19.326354409872092,19.343221076538757,19.356553119859967,19.382540912828716,21.01839419186983,0.1250078362899565,1.7608611153310711,0.0,0.0,0.013332043321209852,0.02598779296874909
269,19.302990915192357,128,1664,0,3,0,3,19.302990915192357,1536,0.04854755555555555,19.35153847074791,19.35153847074791,19.363782915192356,19.370186688334208,19.39586161509202,22.685167147396083,0.09287069989966312,3.382176232203726,0.0,0.0,0.0064037731418515875,0.025674926757812244
270,19.325677696040735,64,2176,1,5,0,5,19.381849406920235,2048,0.050083555555555555,19.43193296247579,19.43193296247579,19.44702185136468,19.468495750527534,19.494288319774693,21.122622194770145,0.16861062373395796,1.7969444987294096,0.056171710879500125,0.0,0.021473899162852916,0.02579256924715878
271,19.341691120030838,96,1152,145,3,0,,19.35153847074791,256,0.2603448888888889,19.6118833596368,19.6118833596368,19.6212833596368,19.62695792856858,19.652614276224828,22.112260316108877,0.31092315619399,2.770569196078039,0.009847350717073766,0.0,0.005674568931780755,0.025656347656248357
272,19.346192817371534,160,1664,0,3,0,3,19.6118833596368,1536,0.04854755555555555,19.660430915192354,19.660430915192354,19.6726753596368,19.678271112162328,19.703954299011286,23.83235041562525,0.3577614816397521,4.486157598253715,0.2656905422652649,0.0,0.005595752525529463,0.025683186848958428
273,19.371346888004002,96,3200,2,1,0,1,19.371346888004002,3008,0.07093333333333333,19.442280221337334,19.442280221337334,19.46305799911511,19.47954032944638,19.505775029967214,21.970477029595198,0.1344281419632125,2.5991301415911963,0.0,0.0,0.016482330331268003,0.026234700520834764
274,19.422147297630225,160,1216,25,0,0,0,19.422147297630225,1024,0.06498133333333334,19.487128630963557,19.487128630963557,19.496884186519114,19.506760510256413,19.53288411516713,23.729810762535056,0.11073681753690323,4.307663464904831,0.0,0.0,0.00987632373729852,0.026123604910715414
275,19.549414796918725,128,960,8,4,0,4,19.549414796918725,768,0.06421333333333333,19.61362813025206,19.61362813025206,19.621961463585393,19.64607631860387,19.67212083357783,22.917121679932,0.12270603665910329,3.3677068830132733,0.0,0.0,0.02411485501847821,0.026044514973957433
276,19.570530716170033,160,4288,119,3,0,3,19.660430915192354,4096,0.07419733333333334,19.734628248525688,19.734628248525688,19.76145047074791,19.78100678924566,19.80689315922334,23.93684084531275,0.23636244305330578,4.366310129142718,0.08990019902232049,0.0,0.019556318497748748,0.025886369977680346
277,19.582551962777636,64,3200,2,1,0,1,19.582551962777636,3072,0.05315555555555555,19.63570751833319,19.63570751833319,19.65648529611097,19.662856963560966,19.6891024062693,21.32791004205799,0.10655044349166332,1.7453580792803542,0.0,0.0,0.006371667449997176,0.0262454427083334
278,19.63767775730811,160,1664,0,3,0,3,19.734628248525688,1536,0.04854755555555555,19.783175804081242,19.783175804081242,19.795420248525687,19.80689315922334,19.8327707226999,23.962702661719,0.19509296539179033,4.325024904410888,0.09695049121757648,0.0,0.011472910697651884,0.02587756347656267
279,19.65227058814525,96,2240,26,6,0,6,20.821898087650727,2048,0.06805333333333334,20.88995142098406,20.88995142098406,20.905395865428506,20.928943841353306,20.955358066613723,23.476836720585073,1.3030874784684734,3.8245661324398235,1.1696274995054772,0.0,0.023547975924799402,0.026414225260417368
280,19.692022397307486,160,2176,1,5,0,5,19.692022397307486,2048,0.050083555555555555,19.742105952863042,19.742105952863042,19.757194841751932,19.778038808055943,19.803859242626256,23.929406930502886,0.11183684531876992,4.237384533195399,0.0,0.0,0.02084396630401031,0.025820434570313466
281,19.755094479343118,96,2304,26,6,0,6,20.88995142098406,2112,0.06824533333333334,20.958196754317395,20.958196754317395,20.973996754317394,20.98177278015539,21.008115431522576,23.530626271366323,1.2530209521794582,3.775531792023205,1.134856941640944,0.0,0.007776025837994638,0.026342651367187386
282,19.852004796918855,128,4096,5,6,0,2,20.958196754317395,0,1.1580657777777779,22.116262532095174,22.116262532095174,22.14201808765073,22.167675490116324,22.194167189335072,25.620993458866323,2.342162392416217,5.768988661947468,1.10619195739854,0.0,0.025657402465594004,0.02649169921874872
283,19.936896615276343,64,2432,18,5,0,5,19.936896615276343,2240,0.06862933333333333,20.005525948609677,20.005525948609677,20.022037059720788,20.035892616649697,20.061694418851403,21.69380558235695,0.12479780357505987,1.7569089670806086,0.0,0.0,0.013855556928909607,0.02580180220170547
284,19.998194255193106,128,2176,1,5,0,5,20.005525948609677,2048,0.050083555555555555,20.055609504165233,20.055609504165233,20.070698393054123,20.087496709334356,20.113321131534878,23.408473208869705,0.11512687634177254,3.410278953676599,0.007331693416571028,0.0,0.01679831628023365,0.025824422200521724
285,20.015762353040053,128,1408,73,1,0,1,20.015762353040053,1088,0.10111288888888889,20.11687524192894,20.11687524192894,20.127697464151165,20.135871807310963,20.162043975279712,23.45653197693057,0.14628162223965901,3.4407696238905174,0.0,0.0,0.008174343159797814,0.026172167968748994
286,20.22776490953116,128,1216,81,5,0,5,20.22776490953116,1024,0.06498133333333334,20.292746242864492,20.292746242864492,20.30250179842005,20.32007876277896,20.34593219702375,23.64253222114649,0.11816728749258942,3.4147673116153285,0.0,0.0,0.01757696435890921,0.025853434244790918
287,20.254861012661003,96,704,28,1,0,,20.254861012661003,256,0.13455644444444445,20.38941745710545,20.38941745710545,20.39632856821656,20.396836748717213,20.422769268248462,22.880016421685035,0.16790825558745937,2.625155409024032,0.0,0.0,0.0005081805006525997,0.0259325195312492
288,20.271120165638315,160,1792,5,2,0,2,20.271120165638315,1536,0.08448711111111111,20.355607276749428,20.355607276749428,20.368562832304985,20.39414011472139,20.42011003659639,24.55331896981811,0.1489898709580757,4.282198804179796,0.0,0.0,0.025577282416406888,0.025969921874999358
289,20.37056532070686,128,512,0,4,0,3,20.37056532070686,0,0.15175822222222224,20.522323542929083,20.522323542929083,20.52816798737353,20.552844913981485,20.57819488956742,23.808319189697627,0.20762956886056116,3.437753868990768,0.0,0.0,0.024676926607956062,0.02534997558593588
290,20.46460928884668,160,704,64,1,0,,20.46460928884668,256,0.13455644444444445,20.599165733291127,20.599165733291127,20.60607684440224,20.630247002623467,20.656085056008884,24.791800857138906,0.19147576716220271,4.327191568292225,0.0,0.0,0.024170158221227922,0.025838053385417226
291,20.522899966181157,128,4800,3,0,0,0,20.522899966181157,4608,0.07573333333333333,20.59863329951449,20.59863329951449,20.628299966181157,20.631458403671594,20.657852039739304,24.021254414878808,0.13495207355814642,3.4983544486976506,0.0,0.0,0.003158437490437649,0.02639363606770928
292,20.587682525156527,64,768,36,4,0,4,20.587682525156527,576,0.06363733333333334,20.65131985848986,20.65131985848986,20.658586525156526,20.67959967472367,20.704956608317417,22.305741601806996,0.11727408316088983,1.7180590766504693,0.0,0.0,0.02101314956714262,0.025356933593748465
293,20.63154998636791,64,2496,18,5,0,5,20.63154998636791,2304,0.06882133333333333,20.700371319701244,20.700371319701244,20.71723798636791,20.733792304445625,20.75968105144082,22.394401249970585,0.12813106507290684,1.7628512636026734,0.0,0.0,0.016554318077716346,0.025888746995192946
294,20.733005527070784,128,4864,3,0,0,0,20.733005527070784,4672,0.07592533333333334,20.808930860404118,20.808930860404118,20.83895308262634,20.842621164088264,20.869158343217727,24.23283351644131,0.13615281614694297,3.4998279893705266,0.0,0.0,0.003668081461924544,0.02653717912946263
295,20.771399844756598,64,1664,0,3,0,3,20.771399844756598,1536,0.04854755555555555,20.819947400312152,20.819947400312152,20.832191844756597,20.84233817526686,20.86822361227858,22.502749992448162,0.09682376752198252,1.7313501476915647,0.0,0.0,0.010146330510263368,0.02588543701171986
296,20.781421394678762,128,4608,11,6,0,6,22.116262532095174,4352,0.09293511111111111,22.209197643206284,22.209197643206284,22.237797643206285,22.247152052616322,22.273873341678822,25.702652638553825,1.4924519470000597,4.921231243875063,1.3348411374164115,0.0,0.009354409410036624,0.026721289062500375
297,20.957291277046558,64,640,104,7,0,,20.957291277046558,256,0.11658666666666667,21.073877943713224,21.073877943713224,21.08043349926878,21.094452037186763,21.12096229109301,22.759784149816973,0.16367101404645368,1.802492872770415,0.0,0.0,0.01401853791798402,0.02651025390624895
298,21.16471139213279,64,2176,1,5,0,5,21.16471139213279,2048,0.050083555555555555,21.214794947688347,21.214794947688347,21.229883836577237,21.25234034798195,21.27829718391945,22.914266038110775,0.11358579178665806,1.7495546459779838,0.0,0.0,0.022456511404712387,0.025956835937499534
299,21.182866258944195,160,768,28,1,0,1,21.182866258944195,576,0.06363733333333334,21.246503592277527,21.246503592277527,21.253770258944193,21.276344821633884,21.302127187705313,25.447937575888904,0.11926092876111838,4.265071316944709,0.0,0.0,0.022574562689690936,0.025782366071428697
300,21.251196787775477,128,2176,1,5,0,5,21.251196787775477,2048,0.050083555555555555,21.301280343331033,21.301280343331033,21.316369232219923,21.3302123206382,21.3561800940757,24.66060614925288,0.10498330630022323,3.4094093614774046,0.0,0.0,0.01384308841827675,0.02596777343750034
301,21.26578284594484,128,1664,0,3,0,3,21.26578284594484,1536,0.04854755555555555,21.314330401500396,21.314330401500396,21.32657484594484,21.334244974583267,21.36013055401035,24.66048599505233,0.0943477080655093,3.394703149107489,0.0,0.0,0.007670128638427087,0.025885579427082916
302,21.40260220506757,96,1664,0,3,0,3,21.40260220506757,1536,0.04854755555555555,21.451149760623125,21.451149760623125,21.46339420506757,21.463677754531187,21.489558223281186,23.962702661719,0.0869560182136162,2.56010045665143,0.0,0.0,0.00028354946361730526,0.025880468749999608
303,21.50521011506882,128,4224,91,7,0,,21.50521011506882,256,1.1228942222222222,22.62810433729104,22.62810433729104,22.65457100395771,22.65569398054614,22.681715790441974,26.09243089460864,1.1765056753731535,4.58722077953982,0.0,0.0,0.0011229765884301912,0.026021809895834025
304,21.547559068031397,96,2560,10,2,0,2,21.547559068031397,2368,0.06901333333333334,21.61657240136473,21.61657240136473,21.633794623586954,21.641541815567745,21.667546210098994,24.1398027867824,0.11998714206759686,2.5922437187510035,0.0,0.0,0.0077471919807905465,0.02600439453124892
305,21.64586999573707,96,1216,45,5,0,5,21.64586999573707,1024,0.06498133333333334,21.7108513290704,21.7108513290704,21.72060688462596,21.7457064612632,21.771625140240474,24.242442644788596,0.12575514450340464,2.5965726490515273,0.0,0.0,0.025099576637241938,0.0259186789772734
306,21.659180247535353,160,3200,2,1,0,1,21.659180247535353,3072,0.05315555555555555,21.71233580309091,21.71233580309091,21.733113580868686,21.738341031641326,21.764126606418113,25.92455525167016,0.10494635888275994,4.265375004134807,0.0,0.0,0.005227450772640196,0.025785574776787
307,21.68642805458634,128,2432,14,5,0,5,21.7108513290704,2240,0.06862933333333333,21.779480662403735,21.779480662403735,21.795991773514846,21.797544307498995,21.823486283410453,25.1303201792008,0.13705822882411312,3.443892124614461,0.024423274484060897,0.0,0.0015525339841495622,0.02594197591145786
308,21.986906730757244,160,832,36,4,0,4,21.986906730757244,640,0.06382933333333334,22.05073606409058,22.05073606409058,22.0583582863128,22.076775455973664,22.102195377848663,26.173633838135125,0.11528864709141828,4.18672710737788,0.0,0.0,0.018417169660864374,0.025419921874998863
309,22.04379415301491,160,3200,2,1,0,1,22.04379415301491,3072,0.05315555555555555,22.096949708570467,22.096949708570467,22.117727486348244,22.124588260063945,22.150421105116028,26.318191156618074,0.1066269521011165,4.274397003603163,0.0,0.0,0.00686077371570093,0.02583284505208283
310,22.087731340563465,128,1280,21,4,0,4,22.087731340563465,1088,0.06517333333333333,22.1529046738968,22.1529046738968,22.16301578500791,22.178458073161163,22.20391380232783,25.452175830322624,0.11618246176436386,3.3644444897591583,0.0,0.0,0.015442288153252548,0.02545572916666572
311,22.090882811785047,64,4352,43,1,0,1,22.096949708570467,4160,0.07438933333333334,22.1713390419038,22.1713390419038,22.198516819681576,22.202088260063945,22.228106954260372,23.877193435263905,0.13722414247532555,1.7863106234788582,0.006066896785419829,0.0,0.0035714403823696728,0.026018694196427106
312,22.180047555953273,160,4096,9,2,0,2,22.180047555953273,0,1.1580657777777779,23.33811333373105,23.33811333373105,23.363868889286607,23.385893378067745,23.41229800046358,27.54150369475302,1.2322504445103064,5.3614561387997455,0.0,0.0,0.022024488781138274,0.026404622395833854
313,22.255265553551908,160,2496,14,5,0,5,22.255265553551908,2304,0.06882133333333333,22.32408688688524,22.32408688688524,22.340953553551905,22.34245571552456,22.36842823860695,26.505270083869707,0.11316268505504112,4.250004530317799,0.0,0.0,0.0015021619726560687,0.02597252308238751
314,22.2973782668015,96,3200,2,1,0,1,22.2973782668015,3072,0.05315555555555555,22.350533822357054,22.350533822357054,22.37131160013483,22.384229373345192,22.410319033989722,24.897084060263904,0.1129407671882241,2.5997057934624053,0.0,0.0,0.01291777321036136,0.02608966064453
315,22.297474169887106,128,1600,9,2,0,2,23.33811333373105,1344,0.0839111111111111,23.42202444484216,23.42202444484216,23.433913333731052,23.43870311114066,23.46495262285941,26.75988726408896,1.1674784529723041,4.462413094201853,1.0406391638439452,0.0,0.004789777409609286,0.02624951171874912
316,22.353113526171573,128,4224,51,7,0,,22.62810433729104,256,1.1228942222222222,23.750998559513263,23.750998559513263,23.77746522617993,23.803047333410724,23.8301203314576,27.22100057234302,1.4770068052860275,4.867887046171447,0.2749908111194692,0.0,0.025582107230793127,0.027072998046875796
317,22.559074645533283,96,1664,0,3,0,3,22.559074645533283,1536,0.04854755555555555,22.607622201088837,22.607622201088837,22.619866645533282,22.63309829973983,22.65913247942733,25.125390047786706,0.10005783389404854,2.566315402253423,0.0,0.0,0.013231654206549592,0.02603417968749966
318,22.699241831243413,160,4224,79,7,0,,23.750998559513263,256,1.1228942222222222,24.873892781735485,24.873892781735485,24.900359448402153,24.9134406439576,24.94052348900968,29.12056379778945,2.241281657766269,6.421321966546039,1.0517567282698508,0.0,0.013081195555447067,0.027082845052081694
319,22.724368352264865,160,4416,71,7,0,7,24.873892781735485,4224,0.07458133333333333,24.94847411506882,24.94847411506882,24.976007448402154,24.994690643957597,25.02179293887947,29.198010296115342,2.297424586614607,6.4736419438504775,2.1495244294706204,0.0,0.018683195555443177,0.02710229492187466
320,22.74592349185022,160,896,12,0,0,0,22.74592349185022,704,0.06402133333333333,22.809944825183553,22.809944825183553,22.817922602961332,22.832722188316307,22.859194356285055,27.05979764404548,0.1132708644348348,4.313874152195261,0.0,0.0,0.014799585354975164,0.026472167968748295
321,22.767780873798145,64,1216,33,2,0,2,23.42202444484216,1024,0.06498133333333334,23.487005778175494,23.487005778175494,23.49676133373105,23.51745311114066,23.54357264239066,25.173518188568117,0.7757917685925158,2.405737314769972,0.6542435710440166,0.0,0.020691777409609813,0.026119531249999994
322,22.95710446087675,64,960,4,2,0,2,23.487005778175494,768,0.06421333333333333,23.55121911150883,23.55121911150883,23.55955244484216,23.56969266192191,23.595704543432326,25.225300740651452,0.6386000825555769,2.2681962797747026,0.5299013172987443,0.0,0.010140217079747771,0.026011881510417112
323,23.128700675309677,96,2176,1,5,0,5,23.128700675309677,2048,0.050083555555555555,23.178784230865233,23.178784230865233,23.193873119754123,23.200333560432206,23.22634930750252,25.701966942593664,0.09764863219284337,2.573266267283987,0.0,0.0,0.006460440678083046,0.026015747070314177
324,23.227378084441455,64,960,12,0,0,0,23.227378084441455,768,0.06421333333333333,23.29159141777479,23.29159141777479,23.299924751108122,23.309295918785057,23.335574434410056,24.990519877118395,0.10819634996860117,1.7631417926769402,0.0,0.0,0.009371167676935244,0.026278515624998278
325,23.42660235838892,96,1024,4,2,0,2,23.55121911150883,832,0.06440533333333334,23.61562444484216,23.61562444484216,23.62431333373105,23.64772977129691,23.673669782457623,26.134555623463953,0.2470674240687032,2.7079532650750338,0.12461675311990916,0.0,0.023416437565860093,0.02594001116071354
326,23.43707054374766,160,1088,4,2,0,2,23.61562444484216,896,0.06459733333333334,23.680221778175493,23.680221778175493,23.68926622261994,23.699610281899588,23.7255000524074,27.84986062834677,0.2884295086597426,4.412790084599113,0.17855390109450298,0.0,0.010344059279649542,0.02588977050781338
327,23.491573232800814,160,4224,87,4,0,,23.491573232800814,256,1.1228942222222222,24.614467455023036,24.614467455023036,24.640934121689703,24.651656103760125,24.677719580322623,28.821470426676793,1.1861463475218095,5.329897193875979,0.0,0.0,0.010721982070421632,0.026063476562498522
328,23.63670686085592,96,4288,55,6,0,6,23.63670686085592,4096,0.07419733333333334,23.710904194189254,23.710904194189254,23.737726416411476,23.747733693241322,23.77486259949132,26.348734913944448,0.1381557386354011,2.7120280530885275,0.0,0.0,0.010007276829846035,0.027128906249998863
329,23.713721365152306,128,2560,14,5,0,5,23.713721365152306,2368,0.06901333333333334,23.78273469848564,23.78273469848564,23.799956920707864,23.825017003047527,23.851113752489493,27.151239395393144,0.1373923873371865,3.437518030240838,0.0,0.0,0.025060082339663836,0.026096749441965272
330,23.824952666590367,96,4928,3,0,0,0,23.824952666590367,4736,0.07611733333333334,23.9010699999237,23.9010699999237,23.931447777701475,23.941343965660057,23.967980293785057,26.478546244305893,0.14302762719469087,2.653593577715526,0.0,0.0,0.009896187958581493,0.02663632812500083
331,23.901910545093894,96,2560,18,5,0,5,23.901910545093894,2368,0.06901333333333334,23.97092387842723,23.97092387842723,23.988146100649452,24.00768354183101,24.03379912497833,26.505270083869707,0.13188857988443559,2.6033595387758126,0.0,0.0,0.019537441181558535,0.026115583147319654
332,23.989693938567505,128,1472,13,5,0,5,23.989693938567505,1216,0.08352711111111111,24.073221049678615,24.073221049678615,24.084398827456393,24.08603175611672,24.11209901685891,27.40956333745044,0.12240507829140412,3.419869398882934,0.0,0.0,0.001632928660328048,0.026067260742188125
333,24.18793804117953,64,704,92,4,0,4,24.614467455023036,512,0.06344533333333334,24.67791278835637,24.67791278835637,24.68482389946748,24.703783545166374,24.729667822510123,26.35473263370804,0.5417297813305915,2.1667945925285075,0.42652941384350385,0.0,0.018959645698892302,0.025884277343749318
334,24.19866743017864,64,512,100,7,0,,24.94847411506882,0,0.15175822222222224,25.100232337291043,25.100232337291043,25.10607678173549,25.130207001379475,25.156940790441976,26.82552498640552,0.958273360263334,2.626857556226877,0.7498066848901779,0.0,0.024130219643986095,0.02673378906250079
335,24.215591489633653,96,1664,0,3,0,3,24.215591489633653,1536,0.04854755555555555,24.264139045189207,24.264139045189207,24.276383489633652,24.2987856695315,24.324627140885667,26.778012983829623,0.10903565125201453,2.56242149419597,0.0,0.0,0.022402179897849095,0.025841471354166146
336,24.217134290854375,128,1664,0,3,0,3,24.264139045189207,1536,0.04854755555555555,24.31268660074476,24.31268660074476,24.324931045189206,24.350469100521085,24.376304061458587,27.656936866208095,0.1591697706042119,3.4398025753537205,0.0470047543348322,0.0,0.025538055331878695,0.025834960937501705
337,24.398681376734576,128,1664,0,3,0,3,24.398681376734576,1536,0.04854755555555555,24.44722893229013,24.44722893229013,24.459473376734575,24.479648788021084,24.505481209896082,27.786331397458095,0.10679983316150654,3.3876500207235196,0.0,0.0,0.020175411286508904,0.025832421874998346
338,24.513429581006875,160,4224,159,0,0,,24.513429581006875,256,1.1228942222222222,25.636323803229097,25.636323803229097,25.662790469895764,25.678421732587147,25.705085469566313,29.944049843636268,1.1916558885594384,5.430620262629393,0.0,0.0,0.015631262691382375,0.026663736979166686
339,24.67794003808001,96,1408,37,5,0,5,24.67794003808001,1216,0.06555733333333334,24.743497371413344,24.743497371413344,24.754319593635568,24.765176136232046,24.791254679758833,27.254462637580644,0.11331464167882288,2.5765225995006347,0.0,0.0,0.010856542596478391,0.02607854352678629
340,24.70060258363271,128,4096,3,6,0,0,24.70060258363271,0,1.1580657777777779,25.858668361410487,25.858668361410487,25.884423916966043,25.892565236210075,25.91963139831945,29.25969316938529,1.219028814686741,4.559090585752582,0.0,0.0,0.008141319244032275,0.027066162109374403
341,24.73690229260757,64,1664,0,3,0,3,24.73690229260757,1536,0.04854755555555555,24.785449848163125,24.785449848163125,24.79769429260757,24.81544961809921,24.84127530169296,26.467957273651667,0.10437300908538916,1.731054981044096,0.0,0.0,0.017755325491638274,0.02582568359375159
342,24.803618556776254,64,1856,5,2,0,2,24.803618556776254,1664,0.06690133333333334,24.870519890109588,24.870519890109588,24.8838310012207,24.889167114349362,24.915014770599363,26.551264217213955,0.11139621382310949,1.7476456604377013,0.0,0.0,0.0053361131286635555,0.02584765625000074
343,24.832951592967387,160,4096,77,0,0,0,25.636323803229097,0,1.1580657777777779,26.794389581006875,26.794389581006875,26.82014513656243,26.820367533368394,26.84689910888923,31.093813108610224,2.013947515921842,6.260861515642837,0.8033722102617098,0.0,0.00022239680596314315,0.02653157552083485
344,24.946165732604857,128,256,7,4,0,3,24.946165732604857,0,0.07987911111111111,25.02604484371597,25.02604484371597,25.03046706593819,25.040317236572623,25.066054736572625,28.37187921573929,0.11988900396776714,3.425713483134434,0.0,0.0,0.009850170634432942,0.025737500000001745
345,25.03975368027114,96,2048,26,1,0,6,25.03975368027114,0,0.5830328888888889,25.622786569160027,25.622786569160027,25.637164346937805,25.660976638388906,25.687398025107655,28.173771763714427,0.6476443448365146,3.134018083443287,0.0,0.0,0.023812291451100975,0.026421386718748607
346,25.10320981120943,96,1664,0,3,0,3,25.10320981120943,1536,0.04854755555555555,25.151757366764986,25.151757366764986,25.16400181120943,25.17703970598983,25.20286265520858,27.656936866208095,0.09965284399914864,2.5537270549986637,0.0,0.0,0.01303789478039974,0.025822949218749613
347,25.134206466126987,96,2240,30,1,0,1,25.622786569160027,2048,0.06805333333333334,25.690839902493362,25.690839902493362,25.706284346937807,25.713819900107655,25.740160110068594,28.22618924418318,0.6059536439416071,3.0919827780561917,0.48858010303304056,0.0,0.007535553169848441,0.026340209960938665
348,25.18398659741664,128,5056,3,0,0,0,26.794389581006875,4800,0.0942791111111111,26.888668692117985,26.888668692117985,26.919757581006873,26.92649676513923,26.953264099123604,30.34592565743835,1.7692775017069629,5.161939060021709,1.6104029835902338,0.0,0.006739184132356968,0.02676733398437392
349,25.22866435493484,128,1664,0,3,0,3,25.22866435493484,1536,0.04854755555555555,25.277211910490394,25.277211910490394,25.28945635493484,25.306159334896083,25.331982577083583,28.614774105791426,0.10331822214874364,3.386109750856587,0.0,0.0,0.016702979961245035,0.025823242187499318
350,25.238837296659927,128,2176,102,1,0,,25.690839902493362,256,0.5478613333333333,26.238701235826696,26.238701235826696,26.253790124715586,26.265781976930572,26.291986322633697,29.61547889959612,1.0531490259737701,4.376641602936193,0.4520026058334352,0.0,0.011991852214986665,0.026204345703124687
351,25.261963033585154,128,256,141,5,0,,25.261963033585154,0,0.07987911111111111,25.341842144696265,25.341842144696265,25.346264366918486,25.364859241700806,25.390787673620448,28.68604960977187,0.12882464003529392,3.424086576186717,0.0,0.0,0.018594874782319692,0.02592843191964178
352,25.325929237774996,128,1152,49,6,0,,25.858668361410487,256,0.2603448888888889,26.119013250299375,26.119013250299375,26.128413250299374,26.13617827331945,26.1627461444132,29.49533013227591,0.8368169066382052,4.169400894500914,0.5327391236354906,0.0,0.007765023020077422,0.02656787109375003
353,25.34785796940246,64,1664,0,3,0,3,25.34785796940246,1536,0.04854755555555555,25.396405524958016,25.396405524958016,25.40864996940246,25.409455233333585,25.435278615030015,27.062300201711565,0.08742064562755303,1.7144422323091035,0.0,0.0,0.0008052639311237897,0.025823381696429948
354,25.596625708011167,160,2432,22,0,0,0,26.888668692117985,2240,0.06862933333333333,26.95729802545132,26.95729802545132,26.97380913656243,26.98003192138923,27.00668406982673,31.25381527099862,1.4100583618155618,5.657189562987451,1.2920429841068177,0.0,0.006222784826800165,0.02665214843749908
355,25.81640718623787,64,1216,145,3,0,3,25.81640718623787,1024,0.06498133333333334,25.881388519571203,25.881388519571203,25.89114407512676,25.90018298165948,25.925985777069638,27.55342406238865,0.10957859083176658,1.7370168761507792,0.0,0.0,0.009038906532719437,0.02580279541015784
356,25.871016910124833,160,512,5,7,0,2,25.871016910124833,0,0.15175822222222224,26.022775132347057,26.022775132347057,26.028619576791503,26.039429755285724,26.065930080806556,30.20070699207889,0.19491317068172265,4.329690081954055,0.0,0.0,0.01081017849422139,0.026500325520832035
357,25.92605527387031,160,4224,123,6,0,,26.119013250299375,256,1.1228942222222222,27.241907472521596,27.241907472521596,27.268374139188264,27.26908281433507,27.295639943241323,31.48170920128633,1.3695846693710116,5.555653927416017,0.19295797642906365,0.0,0.0007086751468072805,0.026557128906251393
358,25.98952222381153,128,1280,113,6,0,6,27.241907472521596,1088,0.06517333333333333,27.30708080585493,27.30708080585493,27.317191916966042,27.322197560428823,27.348522389530384,30.679142143994664,1.3590001657188537,4.689619920183134,1.2523852487100662,0.0,0.00500564346278054,0.02632482910156142
359,26.021804183139142,160,256,5,7,0,2,26.022775132347057,0,0.07987911111111111,26.10265424345817,26.10265424345817,26.10707646568039,26.11880745710864,26.144975832759684,30.27859333647993,0.1231716496205415,4.256789153340787,0.0009709492079146287,0.0,0.011730991428251514,0.026168375651042908
360,26.051745746118275,128,1664,9,2,0,2,26.051745746118275,1472,0.06632533333333333,26.118071079451607,26.118071079451607,26.13031552389605,26.134555623463953,26.160596248463953,29.452740299570735,0.10885050234567828,3.4009945534524597,0.0,0.0,0.004240099567901723,0.02604062500000026
361,26.119198983062468,64,3200,2,1,0,1,26.238701235826696,3072,0.05315555555555555,26.29185679138225,26.29185679138225,26.31263456916003,26.318191156618074,26.344376947633698,27.990521257994562,0.2251779645712304,1.8713222749320941,0.11950225276422799,0.0,0.005556587458045215,0.02618579101562446
362,26.171829907474585,96,1024,12,0,0,0,26.95729802545132,832,0.06440533333333334,27.021703358784652,27.021703358784652,27.03039224767354,27.03333670654548,27.05979764404548,29.595625852750846,0.8879677365708964,3.423795945276261,0.785468117976734,0.0,0.002944458871940725,0.026460937500001336
363,26.207662553035558,96,4096,0,4,0,3,26.207662553035558,0,1.1580657777777779,27.365728330813337,27.365728330813337,27.391483886368892,27.40000607120804,27.426433968343456,29.906008003987985,1.2187714153078986,3.698345450952427,0.0,0.0,0.008522184839147684,0.0264278971354166
364,26.37471964800798,64,1152,65,4,0,,27.365728330813337,256,0.2603448888888889,27.626073219702224,27.626073219702224,27.635473219702224,27.637874723551786,27.664089567301787,29.313412248547134,1.289369919293808,2.938692600539156,0.9910086828053579,0.0,0.002401503849561948,0.026214843750000938
365,26.385057030549515,96,1664,0,3,0,3,26.385057030549515,1536,0.04854755555555555,26.43360458610507,26.43360458610507,26.445849030549514,26.467957273651667,26.493766904999323,28.951528695635172,0.10870987444980784,2.5664716650856576,0.0,0.0,0.02210824310215287,0.02580963134765568
366,26.403561284072186,160,2176,74,1,0,,26.403561284072186,256,0.5478613333333333,26.95142261740552,26.95142261740552,26.96651150629441,26.9729824163837,26.9991533148212,31.152788944238974,0.5955920307490139,4.749227660166788,0.0,0.0,0.0064709100892912375,0.02617089843749909
367,26.405824126115593,128,704,56,6,0,6,27.30708080585493,512,0.06344533333333334,27.370526139188264,27.370526139188264,27.377437250299376,27.40117351257726,27.42730329773351,30.75857109907279,1.0214791716179157,4.3527469729571955,0.9012566797393369,0.0,0.023736262277882503,0.026129785156250307
368,26.426116531716975,160,832,28,1,0,1,26.95142261740552,640,0.06382933333333334,27.015251950738854,27.015251950738854,27.022874172961075,27.02532470153995,27.051368972373286,31.204645389551473,0.6252524406563111,4.778528857834498,0.5253060856885448,0.0,0.0024505285788762876,0.026044270833335048
369,26.42990730740428,128,2240,98,3,0,3,26.43360458610507,2048,0.06805333333333334,26.501657919438404,26.501657919438404,26.51710236388285,26.51957702462823,26.54541909277059,29.82967382328584,0.11551178536630857,3.3997665158815593,0.0036972787007876207,0.0,0.002474660745381385,0.02584206814236012
370,26.4769735931325,160,2432,26,6,0,6,27.370526139188264,2176,0.0864071111111111,27.456933250299375,27.456933250299375,27.473444361410486,27.47956433288976,27.50570495788976,31.69405750857799,1.0287313647572596,5.217083915445492,0.8935525460557656,0.0,0.006119971479272124,0.02614062500000003
371,26.496818477283632,64,2048,55,1,0,6,27.015251950738854,0,0.5830328888888889,27.598284839627745,27.598284839627745,27.612662617405523,27.624466465862866,27.650514038407508,29.301740618346123,1.1536955611238753,2.804922141062491,0.5184334734552216,0.0,0.011803848457343946,0.026047572544641184
372,26.536181300239633,128,2624,18,5,0,5,26.536181300239633,2432,0.06920533333333334,26.605386633572966,26.605386633572966,26.622964411350743,26.633938907111894,26.659783340705644,29.972473472774098,0.12360204046601098,3.436292172534465,0.0,0.0,0.010974495761150393,0.025844433593750438
373,26.542140321631354,64,2176,50,4,0,,27.626073219702224,256,0.5478613333333333,28.173934553035558,28.173934553035558,28.189023441924448,28.21471407902054,28.240907047770538,29.880281511242448,1.6987667261391834,3.3381411896110933,1.08393289807087,0.0,0.02569063709609054,0.026192968749999324
374,26.567944401077707,160,2048,43,4,0,1,28.173934553035558,0,0.5830328888888889,28.756967441924445,28.756967441924445,28.771345219702223,28.795105778239293,28.821470426676793,32.89469249873316,2.2535260255990863,6.32674809765545,1.605990151957851,0.0,0.023760558537070153,0.026364648437500193
375,26.649890025871002,96,1664,0,3,0,3,26.649890025871002,1536,0.04854755555555555,26.698437581426557,26.698437581426557,26.710682025871,26.72632724164212,26.752169868595246,29.210659359697672,0.10227984272424351,2.56076933382667,0.0,0.0,0.015645215771119325,0.025842626953124892
376,26.70686631090824,96,2048,5,2,0,2,26.70686631090824,1728,0.10303288888888888,26.80989919979713,26.80989919979713,26.824276977574907,26.83836529143271,26.864485530690523,29.323149479258234,0.15761921978228344,2.6162831683499945,0.0,0.0,0.014088313857801182,0.02612023925781415
377,26.736014013261396,160,1216,53,4,0,4,28.756967441924445,1024,0.06498133333333334,28.821948775257777,28.821948775257777,28.831704330813334,28.84764169132523,28.873697843668978,32.945921642148335,2.137683830407582,6.209907628886938,2.0209534286630486,0.0,0.015937360511895093,0.026056152343748806
378,26.81239135191777,160,1024,8,4,0,4,28.821948775257777,832,0.06440533333333334,28.88635410859111,28.88635410859111,28.895042997479997,28.89975448429398,28.92571875838252,32.99713388173166,2.113327406464748,6.184742529813892,2.0095574233400058,0.0,0.00471148681398148,0.025964274088540407
379,26.83939845568684,160,2176,1,5,0,5,26.83939845568684,2048,0.050083555555555555,26.889482011242396,26.889482011242396,26.904570900131286,26.918254532111895,26.944139786018145,31.094545722123062,0.10474133033130428,4.2551472664362215,0.0,0.0,0.013683631980608624,0.025885253906249517
380,27.03355147232941,160,5120,3,0,0,0,27.03355147232941,4928,0.07669333333333334,27.110244805662745,27.110244805662745,27.14168925010719,27.166402917482984,27.193196700035067,31.44144106852466,0.15964522770565637,4.4078895961952504,0.0,0.0,0.02471366737579217,0.0267937825520832
381,27.046638034533743,160,640,140,2,0,,27.046638034533743,256,0.11658666666666667,27.16322470120041,27.16322470120041,27.169780256755963,27.17796648772177,27.203930257253017,31.30666023539663,0.15729222271927412,4.260022200862888,0.0,0.0,0.008186230965804953,0.02596376953124846
382,27.06666285593628,128,1664,0,3,0,3,27.06666285593628,1536,0.04854755555555555,27.115210411491834,27.115210411491834,27.12745485593628,27.139844635305316,27.16568968738865,30.446902338910842,0.09902683145237035,3.380239482974563,0.0,0.0,0.012389779369037512,0.025845052083333542
383,27.228249330949165,64,2176,1,5,0,5,27.228249330949165,2048,0.050083555555555555,27.27833288650472,27.27833288650472,27.29342177539361,27.306113516486896,27.331986953986895,28.97445962651294,0.10373762303773049,1.746210295563774,0.0,0.0,0.012691741093284747,0.025873437499999596
384,27.24414107508736,64,2048,122,2,0,4,27.24414107508736,0,0.5830328888888889,27.82717396397625,27.82717396397625,27.841551741754028,27.84986062834677,27.87565786955771,29.50460236011761,0.6315167944703504,2.2604612850302495,0.0,0.0,0.008308886592743647,0.025797241210938182
385,27.284071626977404,64,704,48,4,0,4,28.88635410859111,512,0.06344533333333334,28.949799441924444,28.949799441924444,28.956710553035556,28.977648771403352,29.003525654773888,30.62009208136894,1.719454027796484,3.3360204543915373,1.602282481613706,0.0,0.02093821836779597,0.025876883370536063
386,27.287116728034707,96,1216,129,5,0,5,27.287116728034707,1024,0.06498133333333334,27.35209806136804,27.35209806136804,27.361853616923597,27.383735293830647,27.40956333745044,29.893301353633476,0.12244660941573215,2.606184625598768,0.0,0.0,0.021881676907050007,0.02582804361979285
387,27.377577711130762,96,4352,15,5,0,5,27.377577711130762,4160,0.07438933333333334,27.451967044464094,27.451967044464094,27.47914482224187,27.48707876713794,27.51313247807544,29.998874742305347,0.13555476694467927,2.621297031174585,0.0,0.0,0.007933944896070244,0.026053710937500085
388,27.54259047808496,64,1664,0,3,0,3,27.54259047808496,1536,0.04854755555555555,27.591138033640515,27.591138033640515,27.60338247808496,27.6051872459824,27.631061811954623,29.262486508135172,0.08847133386966277,1.7198960300502115,0.0,0.0,0.001804767897439774,0.025874565972223706
389,27.607158226916575,64,4352,39,1,0,1,27.607158226916575,4160,0.07438933333333334,27.681547560249907,27.681547560249907,27.708725338027683,27.728659685728935,27.754843645689874,29.407062232929455,0.14768541877329966,1.7999040060128806,0.0,0.0,0.01993434770125191,0.026183959960938807
390,27.75545831828661,64,704,100,7,0,,27.75545831828661,256,0.13455644444444445,27.890014762731056,27.890014762731056,27.896925873842168,27.901837486405515,27.927860337968017,29.55617696278201,0.17240201968140667,1.8007186444954009,0.0,0.0,0.004911612563347489,0.026022851562501614
391,27.91456321297595,96,704,24,7,0,7,27.91456321297595,512,0.06344533333333334,27.978008546309283,27.978008546309283,27.984919657420395,28.005931822343015,28.031843117915933,30.486864039604928,0.11727990493998419,2.572300826628979,0.0,0.0,0.021012164922620258,0.025911295572917936
392,27.92370951553291,128,256,106,7,0,,27.978008546309283,0,0.07987911111111111,28.057887657420395,28.057887657420395,28.062309879642616,28.083667173905518,28.109467397119804,31.404063136284613,0.18575788158689477,3.4803536207517034,0.05429903077637377,0.0,0.021357294262902116,0.025800223214286433
393,27.933562009329204,96,3200,2,1,0,1,27.933562009329204,3072,0.05315555555555555,27.98671756488476,27.98671756488476,28.007495342662537,28.01665225687849,28.042837620648022,30.5280741493171,0.10927561131881802,2.594512139987895,0.0,0.0,0.009156914215953549,0.026185363769531733
394,27.946440822059795,64,2176,1,5,0,5,27.946440822059795,2048,0.050083555555555555,27.99652437761535,27.99652437761535,28.01161326650424,28.03430923588794,28.060372991468295,29.709333091914726,0.11393216940849982,1.7628922698549303,0.0,0.0,0.022695969383697445,0.02606375558035623
395,28.011151697612636,128,512,0,4,0,3,28.949799441924444,0,0.15175822222222224,29.101557664146668,29.101557664146668,29.107402108591113,29.132917395845315,29.158718482271095,32.40787219495246,1.1475667846584585,4.396720497339825,0.9386477443118082,0.0,0.02551528725420127,0.02580108642577983
396,28.0690495922487,128,2240,134,0,0,0,28.0690495922487,2048,0.06805333333333334,28.137102925582035,28.137102925582035,28.15254737002648,28.158098067222568,28.184807330615424,31.57554446207935,0.11575773836672454,3.50649486983065,0.0,0.0,0.005550697196088805,0.026709263392856286
397,28.264621953578185,160,2752,6,0,0,0,28.264621953578185,2560,0.06958933333333334,28.33421128691152,28.33421128691152,28.352500175800408,28.371785846240428,28.39845283842793,32.65768964437102,0.13383088484974337,4.393067690792833,0.0,0.0,0.019285670440019942,0.026666992187500682
398,28.280618244908954,128,4288,51,7,0,7,28.280618244908954,4096,0.07419733333333334,28.354815578242288,28.354815578242288,28.38163780046451,28.39330207903945,28.419269120055077,31.722777003472114,0.13865087514612284,3.44215875856316,0.0,0.0,0.011664278574940568,0.02596704101562608
399,28.416215878707057,160,2112,5,2,0,2,28.416215878707057,1920,0.06766933333333333,28.48388521204039,28.48388521204039,28.498618545373724,28.5207475912374,28.546601790456148,32.64347304057242,0.13038591174909087,4.22725716186536,0.0,0.0,0.022129045863675145,0.025854199218748875
400,28.575296303802727,96,2624,14,5,0,5,28.575296303802727,2432,0.06920533333333334,28.64450163713606,28.64450163713606,28.662079414913837,28.68604960977187,28.712281822383478,31.198689667435563,0.13698551858075092,2.623393363632836,0.0,0.0,0.023970194858033977,0.026232212611606798
401,28.682856383928815,128,2176,1,5,0,5,28.682856383928815,2048,0.050083555555555555,28.73293993948437,28.73293993948437,28.74802882837326,28.764747712450443,28.79095999272388,32.109789057084,0.10810360879506575,3.4269326731551857,0.0,0.0,0.01671888407718214,0.02621228027343747
402,28.696920906234126,128,512,91,4,0,7,29.101557664146668,0,0.15175822222222224,29.253315886368892,29.253315886368892,29.259160330813337,29.26192771078672,29.2876697355263,32.53581653960927,0.5907488292921741,3.838895633375145,0.4046367579125416,0.0,0.0027673799733811677,0.025742024739582092
403,28.74696526003825,96,1088,12,0,0,0,28.74696526003825,896,0.06459733333333334,28.811562593371583,28.811562593371583,28.82060703781603,28.82519111967793,28.851739296761263,31.38749975993091,0.10477403672301122,2.6405344998926594,0.0,0.0,0.004584081861899847,0.02654817708333468
404,28.856497090901286,128,4288,111,6,0,6,28.856497090901286,4096,0.07419733333333334,28.93069442423462,28.93069442423462,28.957516646456842,28.970359254764755,28.996659896505825,32.361470431755066,0.14016280560453964,3.5049733408537804,0.0,0.0,0.012842608307913395,0.026300641741070052
405,28.956800342772265,96,2624,10,2,0,2,28.956800342772265,2432,0.06920533333333334,29.026005676105598,29.026005676105598,29.043583453883375,29.06378831389365,29.089722233164483,31.538444415084133,0.13292189039221824,2.5816440723118674,0.0,0.0,0.020204860010274217,0.025933919270833883
406,29.02221064254039,128,1664,0,3,0,3,29.02221064254039,1536,0.04854755555555555,29.070758198095945,29.070758198095945,29.08300264254039,29.10705408626017,29.13295467219767,32.40305662241623,0.1107440296572797,3.38084597987584,0.0,0.0,0.024051443719780963,0.025900585937499443
407,29.159434423585974,64,3200,2,1,0,1,29.159434423585974,3072,0.05315555555555555,29.21258997914153,29.21258997914153,29.233367756919307,29.249168003948803,29.275454067006837,30.919076346582724,0.1160196434208629,1.7596419229967495,0.0,0.0,0.015800247029496006,0.02628606305803416
408,29.20171750505474,160,2688,14,5,0,5,29.20171750505474,2496,0.06939733333333334,29.271114838388076,29.271114838388076,29.289048171721408,29.289295982539723,29.315544639766287,33.470574250289765,0.1138271347115456,4.2688567452350235,0.0,0.0,0.0002478108183154859,0.026248657226563665
409,29.231038978318676,160,256,1,3,0,5,29.231038978318676,0,0.07987911111111111,29.310918089429787,29.310918089429787,29.315340311652008,29.340301449541425,29.36603716731486,33.4595723016697,0.13499818899618532,4.2285333233510265,0.0,0.0,0.024961137889416563,0.025735717773436306
410,29.32506683958347,96,960,16,1,0,1,29.32506683958347,768,0.06421333333333333,29.389280172916806,29.389280172916806,29.39761350625014,29.407062232929455,29.433112607278414,31.904382775619183,0.1080457676949429,2.5793159360357123,0.0,0.0,0.009448726679316621,0.026050374348958627
411,29.326659382888128,160,4352,31,0,0,0,29.326659382888128,4160,0.07438933333333334,29.40104871622146,29.40104871622146,29.428226493999237,29.43592272775085,29.462538694547725,33.75345136312101,0.13587931165959688,4.426791980232881,0.0,0.0,0.00769623375161288,0.026615966796875057
412,29.403329834366176,160,1664,0,3,0,3,29.403329834366176,1536,0.04854755555555555,29.45187738992173,29.45187738992173,29.464121834366175,29.46898492122111,29.49473794856486,33.588976815558595,0.09140811419868555,4.18564698119242,0.0,0.0,0.004863086854935972,0.02575302734375029
413,29.50418718053245,160,1664,0,3,0,3,29.50418718053245,1536,0.04854755555555555,29.552734736088006,29.552734736088006,29.56497918053245,29.57199996028361,29.5977645273409,33.6930662727526,0.09357734680844843,4.1888790922201515,0.0,0.0,0.007020779751158557,0.025764567057290577
414,29.561994259649154,160,5184,3,0,0,0,29.561994259649154,4992,0.07688533333333333,29.638879592982487,29.638879592982487,29.670679592982488,29.675841347542516,29.702659999886265,34.00191376546476,0.14066574023711098,4.4399195058156025,0.0,0.0,0.005161754560027987,0.02681865234374925
415,29.687344859802714,160,4288,23,7,0,7,29.687344859802714,4096,0.07419733333333334,29.761542193136048,29.761542193136048,29.78836441535827,29.812492880750764,29.838370403537223,34.02041510568566,0.15102554373450872,4.3330702458829435,0.0,0.0,0.02412846539249358,0.02587752278645894
416,29.712756717572518,160,1152,4,2,0,2,29.712756717572518,960,0.06478933333333334,29.77754605090585,29.77754605090585,29.78694605090585,29.789513818450942,29.815332421966566,33.90270207935589,0.10257570439404873,4.189945361783373,0.0,0.0,0.0025677675450914705,0.02581860351562426
417,29.738706260899168,128,1664,0,3,0,3,29.738706260899168,1536,0.04854755555555555,29.787253816454722,29.787253816454722,29.799498260899167,29.803898641924235,29.82967382328584,33.0988262079197,0.09096756238667325,3.3601199470205323,0.0,0.0,0.004400381025067901,0.02577518136160606
418,29.77988652491148,128,640,32,2,0,,29.77988652491148,256,0.11658666666666667,29.896473191578146,29.896473191578146,29.9030287471337,29.918611718841568,29.944331054779067,33.2082840059742,0.16444452986758762,3.4283974810627207,0.0,0.0,0.015582971707868154,0.025719335937498755
419,29.791651958761026,64,2304,30,1,0,1,29.791651958761026,2112,0.06824533333333334,29.85989729209436,29.85989729209436,29.875697292094358,29.875902239439867,29.901960589049242,31.5428038368171,0.11030863028821614,1.7511518780560742,0.0,0.0,0.00020494734550879912,0.026058349609375142
420,29.89516882395755,128,1216,4,2,0,2,29.896473191578146,1024,0.06498133333333334,29.961454524911478,29.961454524911478,29.971210080467035,29.995771191497816,30.02147081714886,33.28550495323982,0.12630199319130853,3.3903361292822716,0.0013043676205946042,0.0,0.02456111103078129,0.025699625651043334
421,29.93159686658925,160,1280,4,2,0,2,29.961454524911478,1088,0.06517333333333333,30.02662785824481,30.02662785824481,30.036738969355923,30.04717093108115,30.072860732978473,34.15942522388714,0.14126386638922384,4.227828357297891,0.02985765832222853,0.0,0.010431961725227978,0.02568980189732173
422,30.144374630313727,64,640,44,5,0,,30.144374630313727,256,0.11658666666666667,30.260961296980394,30.260961296980394,30.267516852535948,30.287203111445976,30.313237291133476,31.952591693802752,0.1688626608197481,1.8082170634890247,0.0,0.0,0.019686258910027732,0.02603417968749966
423,30.153228892690034,160,768,92,4,0,4,30.153228892690034,576,0.06363733333333334,30.216866226023367,30.216866226023367,30.224132892690033,30.237637072998403,30.263130655587688,34.3297240916926,0.1099017628976533,4.176495199002563,0.0,0.0,0.013504180308370195,0.025493582589284358
424,30.169940064547816,96,768,100,7,0,7,30.169940064547816,576,0.06363733333333334,30.23357739788115,30.23357739788115,30.240844064547815,30.252699863172637,30.27859333647993,32.77507705230024,0.10865327193211272,2.6051369877524237,0.0,0.0,0.011855798624822,0.02589347330729197
425,30.19907668389558,64,1280,33,2,0,2,30.19907668389558,1088,0.06517333333333333,30.264250017228914,30.264250017228914,30.274361128340026,30.278396726282043,30.304082273157043,31.923766985884914,0.10500558926146297,1.7246903019893338,0.0,0.0,0.004035597942017688,0.025685546874999687
426,30.23247098807232,128,3200,2,1,0,1,30.23247098807232,3072,0.05315555555555555,30.285626543627874,30.285626543627874,30.30640432140565,30.318960589049244,30.345098075098353,33.653307743067096,0.11262708702603419,3.4208367549947774,0.0,0.0,0.012556267643592633,0.026137486049108816
427,30.467466675221882,128,1728,9,2,0,2,30.467466675221882,1536,0.06651733333333333,30.533984008555215,30.533984008555215,30.546584008555214,30.560964597375794,30.58667249668135,33.85137314055381,0.11920582145946668,3.383906465331929,0.0,0.0,0.014380588820579021,0.02570789930555506
428,30.607166960658912,128,2176,1,5,0,5,30.607166960658912,2048,0.050083555555555555,30.657250516214468,30.657250516214468,30.672339405103358,30.677767076289726,30.703812079544935,34.019054363926124,0.09664511888602334,3.4118874032672117,0.0,0.0,0.005427671186367888,0.02604500325520931
429,30.667239994124834,128,1664,0,3,0,3,30.667239994124834,1536,0.04854755555555555,30.71578754968039,30.71578754968039,30.728031994124834,30.72956044437959,30.755278461957715,34.03136302568229,0.08803846783288094,3.3641230315574546,0.0,0.0,0.0015284502547565637,0.025718017578125085
430,30.701924664756884,128,1088,8,4,0,4,30.701924664756884,896,0.06459733333333334,30.766521998090216,30.766521998090216,30.77556644253466,30.798755574207487,30.824281732131595,34.07328339345041,0.12235706737471119,3.371358728693526,0.0,0.0,0.02318913167282588,0.025526157924108617
431,31.102251410016834,160,1344,4,2,0,2,31.102251410016834,1152,0.06536533333333333,31.167616743350166,31.167616743350166,31.178083410016832,31.17808894633413,31.20380222758413,35.28968409568618,0.101550817567297,4.187432685669343,0.0,0.0,5.53631729971471e-06,0.025713281249998943
432,31.108833480043348,96,2496,26,6,0,6,31.108833480043348,2304,0.06882133333333333,31.17765481337668,31.17765481337668,31.194521480043345,31.214820773551956,31.24150741905977,33.774961968213404,0.13267393901642066,2.666128488170056,0.0,0.0,0.020299293508610816,0.0266866455078123
433,31.13466038421078,96,4224,143,6,0,,31.17765481337668,256,1.1228942222222222,32.300549035598905,32.300549035598905,32.32701570226557,32.334651258577985,32.361470431755066,34.89708920616913,1.2268100475442871,3.7624288219583484,0.04299442916590124,0.0,0.007635556312415304,0.026819173177081268
434,31.191638370557296,64,1664,0,3,0,3,31.191638370557296,1536,0.04854755555555555,31.24018592611285,31.24018592611285,31.252430370557295,31.269741352582713,31.295481656712177,32.91841719099262,0.10384328615488059,1.7267788204353245,0.0,0.0,0.017310982025417587,0.02574030412946371
435,31.19196717581677,128,2176,1,5,0,5,31.19196717581677,2048,0.050083555555555555,31.242050731372327,31.242050731372327,31.257139620261217,31.2765845648965,31.30256981880275,34.617923784203114,0.11060264298597744,3.4259566083863433,0.0,0.0,0.019444944635282013,0.025985253906249284
436,31.3329288285326,128,768,64,1,0,1,31.3329288285326,576,0.06363733333333334,31.396566161865934,31.396566161865934,31.4038328285326,31.413276248926476,31.4391807899421,34.749669998926464,0.10625196140949811,3.4167411703938626,0.0,0.0,0.009443420393875357,0.025904541015624005
437,31.51182399991677,128,1664,0,3,0,3,31.51182399991677,1536,0.04854755555555555,31.560371555472326,31.560371555472326,31.57261599991677,31.578657228698784,31.60441168426519,34.89068813283289,0.09258768434841969,3.378864132916121,0.0,0.0,0.006041228782013519,0.025754455566406875
438,31.51850280353162,128,2560,26,6,0,6,32.300549035598905,2368,0.06901333333333334,32.369562368932236,32.369562368932236,32.38678459115446,32.388121798942564,32.414639702588396,35.78641684288788,0.8961368990567742,4.26791403935626,0.7820462320672839,0.0,0.001337207788104422,0.026517903645832064
439,31.561405555491334,64,2048,0,7,0,3,31.561405555491334,0,0.5830328888888889,32.14443844438022,32.14443844438022,32.158816222157995,32.169363185112736,32.19554596506065,33.861355633029405,0.6341404095693193,2.299950077538071,0.0,0.0,0.010546962954741446,0.0261827799479164
440,31.67593170091949,96,4480,71,7,0,7,32.14443844438022,4288,0.07477333333333333,32.219211777713554,32.219211777713554,32.24710066660244,32.24791298980024,32.27434804839399,34.78975083973514,0.5984163474744975,3.11381913881565,0.46850674346072907,0.0,0.0008123231977990031,0.02643505859374784
441,31.74734522117748,160,2752,14,5,0,5,31.74734522117748,2560,0.06958933333333334,31.816934554510812,31.816934554510812,31.835223443399702,31.84837294380275,31.874426898880877,36.02337353365073,0.12708167770339784,4.276028312473247,0.0,0.0,0.013149500403049075,0.026053955078126023
442,32.03061642252671,96,1152,8,4,0,4,32.03061642252671,960,0.06478933333333334,32.09540575586004,32.09540575586004,32.10480575586004,32.126763247198554,32.15231616467902,34.58657711903635,0.12169974215230894,2.5559606965096364,0.0,0.0,0.02195749133851166,0.02555291748046784
443,32.25193241489759,128,1664,0,3,0,3,32.25193241489759,1536,0.04854755555555555,32.30047997045315,32.30047997045315,32.31272441489759,32.32573468231207,32.351508174065536,35.64597756154384,0.09957575916794781,3.394045146646249,0.0,0.0,0.013010267414479415,0.025773491753469102
444,32.26085352943461,96,4352,35,6,0,6,32.369562368932236,4160,0.07438933333333334,32.44395170226557,32.44395170226557,32.47112948004335,32.494196343213396,32.52086748579152,35.05516781945038,0.26001395635690727,2.7943142900157696,0.10870883949762344,0.0,0.023066863170043916,0.026671142578123863
445,32.30289146643196,96,2176,1,5,0,5,32.30289146643196,2048,0.050083555555555555,32.35297502198751,32.35297502198751,32.3680639108764,32.37201439888088,32.39820707466213,34.878219638251416,0.09531560823017315,2.575328171819457,0.0,0.0,0.003950488004477393,0.026192675781253172
446,32.32228862242611,128,1536,13,5,0,5,32.35297502198751,1344,0.06594133333333334,32.418916355320846,32.418916355320846,32.43044968865418,32.45059389106838,32.47671400825588,35.78900817498595,0.15442538582977505,3.4667195525598444,0.030686399561403732,0.0,0.020144202414201118,0.026120117187502956
447,32.416230775313245,64,1280,17,7,0,7,32.416230775313245,1024,0.0829511111111111,32.49918188642436,32.49918188642436,32.50929299753547,32.51228554839399,32.53856250151899,34.20485126291222,0.12233172620574351,1.7886204875989762,0.0,0.0,0.002992550858522236,0.02627695312499867
448,32.43060646117378,96,768,72,4,0,4,32.43060646117378,576,0.06363733333333334,32.49424379450711,32.49424379450711,32.50151046117378,32.510248729550675,32.53581653960927,34.9723412791926,0.10521007843549057,2.541734818018817,0.0,0.0,0.008738268376895064,0.025567810058596763
449,32.59895543243279,128,2688,18,5,0,5,32.59895543243279,2496,0.06939733333333334,32.66835276576612,32.66835276576612,32.686286099099455,32.71181703559963,32.73796882131391,36.0493801254476,0.1390133888811249,3.45042469301481,0.0,0.0,0.025530936500175017,0.02615178571428345
450,32.648522648291866,96,2240,50,4,0,4,32.648522648291866,2048,0.06805333333333334,32.7165759816252,32.7165759816252,32.732020426069646,32.740668939162845,32.76633831172144,35.205200898333224,0.11781566342957461,2.556678250041358,0.0,0.0,0.008648513093199028,0.025669372558596137
451,32.6966125049441,128,3200,2,1,0,1,32.6966125049441,3072,0.05315555555555555,32.749768060499655,32.749768060499655,32.770545838277435,32.78825826390043,32.814449019108764,36.15425805231187,0.11783651416466512,3.4576455473677683,0.0,0.0,0.01771242562299591,0.026190755208332916
452,32.701986062065096,64,3200,2,1,0,1,32.749768060499655,3072,0.05315555555555555,32.80292361605521,32.80292361605521,32.82370139383299,32.84064026259835,32.86692468642647,34.51536457900459,0.16493862436137618,1.813378516939494,0.04778199843455866,0.0,0.016938868765357995,0.026284423828123238
453,32.70501588719646,160,1792,9,2,0,2,32.70501588719646,1600,0.06670933333333334,32.771725220529795,32.771725220529795,32.78468077608535,32.79734706400992,32.82302696077331,36.92095950568742,0.11801107357685225,4.215943618490961,0.0,0.0,0.012666287924567143,0.025679896763392662
454,32.74699534372286,128,1664,0,3,0,3,32.74699534372286,1536,0.04854755555555555,32.795542899278416,32.795542899278416,32.80778734372286,32.81531443491623,32.84108939151346,36.14051697281616,0.09409404779059827,3.3935216290933,0.0,0.0,0.007527091193374247,0.02577495659722473
455,32.92534299986998,128,1664,0,3,0,3,32.92534299986998,1536,0.04854755555555555,32.97389055542554,32.97389055542554,32.98613499986998,32.99572431989887,33.0214990594822,36.321438994300536,0.09615605961221974,3.396095994430553,0.0,0.0,0.009589320028887016,0.025774739583333428
456,32.94750785023886,128,2816,14,5,0,5,32.94750785023886,2624,0.06978133333333333,33.01728918357219,33.01728918357219,33.035933628016636,33.05182833582284,33.07801357752206,36.386978812513576,0.1305057272832002,3.4394709622747186,0.0,0.0,0.015894707806204167,0.026185241699216988
457,33.12314514774422,128,4096,29,0,0,4,33.12314514774422,0,1.1580657777777779,34.281210925522,34.281210925522,34.30696648107755,34.30696648107755,34.33396648107755,37.755750635769715,1.2108213333333353,4.632605488025497,0.0,0.0,0.0,0.027000000000001023
458,33.12894437276289,160,2176,1,5,0,5,33.12894437276289,2048,0.050083555555555555,33.17902792831844,33.17902792831844,33.19411681720733,33.2089471102369,33.2351213181362,37.37334913508923,0.10617694537331346,4.24440476232634,0.0,0.0,0.014830293029568509,0.02617420789930236
459,33.14946925754152,64,2176,1,5,0,5,33.17902792831844,2048,0.050083555555555555,33.22911148387399,33.22911148387399,33.24420037276288,33.261296014316756,33.28745993033238,34.93026924762641,0.1379906727908633,1.780799990084894,0.029558670776921758,0.0,0.017095641553872554,0.0261639160156264
460,33.165522271459125,64,1024,16,1,0,1,33.165522271459125,832,0.06440533333333334,33.22992760479246,33.22992760479246,33.23861649368135,33.26124963759835,33.287383426660845,34.93333227106188,0.1218611552017208,1.767809999602754,0.0,0.0,0.022633143916998222,0.026133789062498636
461,33.25836199109206,160,2176,1,5,0,5,33.25836199109206,2048,0.050083555555555555,33.30844554664761,33.30844554664761,33.3235344355365,33.33978922720738,33.36594525526136,37.503320652016306,0.10758326416929975,4.244958660924247,0.0,0.0,0.01625479167088173,0.026156028053975433
462,33.28044585398832,96,1408,4,2,0,2,33.28044585398832,1216,0.06555733333333334,33.34600318732165,33.34600318732165,33.35682540954387,33.362781320427324,33.38852904178149,35.832592712493906,0.10808318779317005,2.552146858505587,0.0,0.0,0.005955910883450599,0.02574772135416481
463,33.38231918401271,64,1664,0,3,0,3,33.38231918401271,1536,0.04854755555555555,33.430866739568266,33.430866739568266,33.44311118401271,33.4595723016697,33.48541971377908,35.12493752248133,0.10310052976637252,1.742618338468624,0.0,0.0,0.016461117656994873,0.025847412109378354
464,33.39753192518524,96,4736,7,3,0,3,33.430866739568266,4480,0.0933191111111111,33.52418585067938,33.52418585067938,33.55349696179049,33.562964879794706,33.588976815558595,36.062964726722406,0.19144489037335433,2.6654328015371647,0.03333481438302499,0.0,0.009467918004212095,0.026011935763889937
465,33.466929660462405,160,704,32,2,0,2,33.466929660462405,512,0.06344533333333334,33.53037499379574,33.53037499379574,33.53728610490685,33.54302562381274,33.568718564660955,37.67332333334739,0.1017889041985498,4.206393672884985,0.0,0.0,0.005739518905890861,0.025692940848216494
466,33.525802498047874,128,4352,23,7,0,7,33.525802498047874,4160,0.07438933333333334,33.60019183138121,33.60019183138121,33.62736960915899,33.649730128472115,33.67636548003461,37.03642767892786,0.150562981986738,3.510625180879984,0.0,0.0,0.022360519313124883,0.026635351562497078
467,33.57075284159507,96,768,24,7,0,7,33.60019183138121,576,0.06363733333333334,33.66382916471454,33.66382916471454,33.67109583138121,33.67636548003461,33.7027911799044,36.218211288953896,0.13203833830932865,2.6474584473588223,0.02943898978613646,0.0,0.0052696486534031806,0.026425699869790265
468,33.59695559535318,96,1664,0,3,0,3,33.59695559535318,1536,0.04854755555555555,33.64550315090874,33.64550315090874,33.65774759535318,33.66706122717969,33.6930662727526,36.16636404312866,0.09611067739942314,2.56940844777548,0.0,0.0,0.009313631826508129,0.02600504557291572
469,33.66108863647826,64,3200,2,1,0,1,33.66108863647826,3072,0.05315555555555555,33.71424419203382,33.71424419203382,33.7350219698116,33.757391239160846,33.78352141494209,35.43869237848375,0.12243277846383194,1.777603742005489,0.0,0.0,0.0223692693492481,0.026130175781247544
470,33.780264345942285,160,256,111,5,0,6,33.780264345942285,0,0.07987911111111111,33.8601434570534,33.8601434570534,33.86456567927562,33.88879690653976,33.91484742145453,38.04905637560262,0.13458307551224635,4.268792029660332,0.0,0.0,0.02423122726413851,0.02605051491477184
471,33.889137595689455,160,5248,3,0,0,0,34.281210925522,5056,0.07707733333333333,34.35828825885533,34.35828825885533,34.39044381441089,34.41496941076505,34.44225163732755,38.72525372821762,0.5531140416380964,4.8361161325281685,0.3920733298325416,0.0,0.024525596354166623,0.027282226562498124
472,33.91838031759736,128,4224,27,0,0,,34.35828825885533,256,1.1228942222222222,35.48118248107755,35.48118248107755,35.50764914774422,35.53394109045255,35.56116342118172,38.96588177183742,1.6427831035843568,5.047501454240056,0.43990794125797095,0.0,0.026291942708333238,0.0272223307291668
473,33.98011378188286,128,1152,61,0,0,,35.48118248107755,256,0.2603448888888889,35.74152736996644,35.74152736996644,35.75092736996644,35.75173340816088,35.778543710895256,39.17770389097804,1.7984299290124,5.197590109095181,1.5010686991946969,0.0,0.0008060381944403616,0.02681030273437557
474,34.15003006735301,96,1600,13,5,0,5,34.15003006735301,1408,0.06613333333333334,34.21616340068634,34.21616340068634,34.22805228957523,34.25348370962925,34.27950941097868,36.749825248060446,0.12947934362567537,2.5997951807074386,0.0,0.0,0.025431420054019327,0.026025701349432495
475,34.153250211019824,160,2176,1,5,0,5,34.21616340068634,2048,0.050083555555555555,34.26624695624189,34.26624695624189,34.28133584513078,34.30553560060937,34.3315652636953,38.46760845893595,0.17831505267547954,4.314358247916125,0.06291318966651716,0.0,0.024199755478583995,0.026029663085935795
476,34.16384365135844,64,1152,97,6,0,,34.16384365135844,256,0.2603448888888889,34.42418854024733,34.42418854024733,34.43358854024733,34.44604758019257,34.47257553429413,36.12932675499726,0.3087318829356889,1.9654831036388174,0.0,0.0,0.012459039945241557,0.02652795410156017
477,34.22418595250074,64,1216,8,4,0,4,34.22418595250074,1024,0.06498133333333334,34.289167285834075,34.289167285834075,34.29892284138963,34.304087470598844,34.3297240916926,35.955141816301975,0.10553813919185728,1.7309558638012348,0.0,0.0,0.005164629209211569,0.025636621093752865
478,34.257182980592944,96,768,32,2,0,2,34.257182980592944,576,0.06363733333333334,34.320820313926276,34.320820313926276,34.32808698059294,34.33911125904339,34.36472336841839,36.81689114631242,0.10754038782544484,2.559708165719478,0.0,0.0,0.011024278450449287,0.025612109374996805
479,34.40127760256194,160,1472,4,2,0,2,34.40127760256194,1280,0.06574933333333334,34.46702693589528,34.46702693589528,34.47820471367305,34.49279123951214,34.518423563730884,38.634330709881986,0.11714596116894427,4.233053107320046,0.0,0.0,0.014586525839085596,0.025632324218747726
480,34.4017908802448,128,1664,0,3,0,3,34.4017908802448,1536,0.04854755555555555,34.45033843580036,34.45033843580036,34.4625828802448,34.47424290849479,34.50026860429557,37.79322554912754,0.09847772405076682,3.391434668882738,0.0,0.0,0.011660028249984578,0.026025695800782955
481,34.46864308042642,64,1536,4,2,0,2,34.46864308042642,1344,0.06594133333333334,34.53458441375975,34.53458441375975,34.546117747093085,34.569689677012136,34.59534006763714,36.2207698975525,0.1266969872107211,1.7521268171260829,0.0,0.0,0.02357192991905066,0.025650390625003183
482,34.57905240306915,64,1216,61,0,0,0,35.74152736996644,1024,0.06498133333333334,35.80650870329978,35.80650870329978,35.816264258855334,35.832165781207756,35.85873394527026,37.54014868090085,1.2796815422011107,2.9610962778317003,1.1624749668972925,0.0,0.01590152235242215,0.026568164062503286
483,34.79181725112082,160,1664,0,3,0,3,34.79181725112082,1536,0.04854755555555555,34.84036480667638,34.84036480667638,34.85260925112082,34.86467961503775,34.89068813283289,39.01364801682911,0.09887088171207381,4.22183076570829,0.0,0.0,0.012070363916933502,0.026008517795141017
484,34.86171725585854,128,2688,10,2,0,2,34.86171725585854,2496,0.06939733333333334,34.93111458919187,34.93111458919187,34.9490479225252,34.95449680591838,34.98023636890666,38.271459616131985,0.1185191130481229,3.409742360273448,0.0,0.0,0.005448883393178505,0.025739562988277953
485,34.9885369258139,128,2752,10,2,0,2,34.9885369258139,2560,0.06958933333333334,35.05812625914723,35.05812625914723,35.07641514803612,35.08319950367228,35.10900836868964,38.401281393475735,0.12047144287574696,3.412744467661838,0.0,0.0,0.0067843556361637525,0.02580886501736046
486,35.00017726927285,128,5248,3,0,0,0,35.80650870329978,5120,0.05929955555555556,35.86580825885533,35.86580825885533,35.897963814410886,35.91187173823901,35.938606845660885,39.337855990587414,0.9384295763880388,4.3376787213145676,0.8063314340269301,0.0,0.013907923828121227,0.026735107421878013
487,35.09622369031675,128,4352,83,7,0,7,35.09622369031675,4160,0.07438933333333334,35.170613023650084,35.170613023650084,35.197790801427864,35.210141464735145,35.23670217437056,38.57005819650599,0.14047848405381558,3.4738345061892417,0.0,0.0,0.01235066330728074,0.02656070963541879
488,35.13570490972774,64,2048,22,1,0,0,35.13570490972774,0,0.5830328888888889,35.71873779861663,35.71873779861663,35.733115576394404,35.75806640192125,35.78437523981187,37.44969961667199,0.6486703300841299,2.31399470694425,0.0,0.0,0.0249508255268438,0.02630883789062466
489,35.22172646785503,64,2176,5,2,0,2,35.22172646785503,1984,0.06786133333333334,35.28958780118836,35.28958780118836,35.30467669007725,35.31550666648696,35.34135633011543,36.973015239504385,0.11962986226040329,1.7512887716493566,0.0,0.0,0.01082997640970973,0.02584966362847041
490,35.25655942184069,64,2816,6,0,0,0,35.86580825885533,2624,0.06978133333333333,35.93558959218866,35.93558959218866,35.95423403663311,35.96534244136401,35.99202694192204,37.67475775072507,0.7354675200813503,2.4181983288843796,0.6092488370146398,0.0,0.011108404730897803,0.02668450055803362
491,35.28101690698602,64,2304,122,4,0,4,35.28101690698602,2048,0.0860231111111111,35.36704001809713,35.36704001809713,35.38284001809713,35.384487031145724,35.410356660051974,37.053051411028534,0.12933975306595613,1.7720345040425158,0.0,0.0,0.0016470130485970458,0.025869628906249886
492,35.28346949614747,160,2240,78,4,0,4,35.36704001809713,2048,0.06805333333333334,35.43509335143046,35.43509335143046,35.45053779587491,35.46209738270822,35.48804269520822,39.643618533424366,0.20457319906075355,4.360149037276898,0.0835705219496603,0.0,0.011559586833314484,0.025945312499999318
493,35.3462514072467,96,4416,35,6,0,6,35.3462514072467,4224,0.07458133333333333,35.42083274058003,35.42083274058003,35.44836607391336,35.47020688195038,35.49655502648163,38.04469687218475,0.15030361923493274,2.698445464938054,0.0,0.0,0.0218408080370196,0.026348144531247897
494,35.35041786850407,64,2176,1,5,0,5,35.35041786850407,2048,0.050083555555555555,35.40050142405962,35.40050142405962,35.41559031294851,35.424693943806965,35.450724705525715,37.0873494315457,0.10030683702164822,1.7369315630416295,0.0,0.0,0.009103630858454892,0.02603076171875074
495,35.3643003648181,160,3200,2,1,0,1,35.71873779861663,3072,0.05315555555555555,35.771893354172185,35.771893354172185,35.792671131949966,35.81068456598375,35.837078608952496,40.046180085421994,0.4727782441343962,4.681879720603895,0.3544374337985303,0.0,0.01801343403378297,0.02639404296874659
496,35.368966732649405,96,4096,16,4,0,1,35.43509335143046,0,1.1580657777777779,36.59315912920824,36.59315912920824,36.618914684763794,36.63440451161447,36.66082589833322,39.14648332834624,1.2918591656838174,3.777516595696838,0.06612661878105541,0.0,0.01548982685067557,0.02642138671875216
497,35.42342807883528,160,1664,0,3,0,3,35.42342807883528,1536,0.04854755555555555,35.47197563439084,35.47197563439084,35.48422007883528,35.489776877950085,35.515809104512584,39.64013123327087,0.09238102567730522,4.216703154435592,0.0,0.0,0.005556799114806665,0.02603222656249926
498,35.491880515433984,64,1664,13,5,0,5,35.491880515433984,1472,0.06632533333333333,35.558205848767315,35.558205848767315,35.570450293211756,35.58088583833822,35.60689942143481,37.24328461220976,0.11501890600082731,1.7514040967757794,0.0,0.0,0.010435545126462387,0.026013583096592185
499,35.864023709731235,128,2176,1,5,0,5,35.864023709731235,2048,0.050083555555555555,35.91410726528679,35.91410726528679,35.92919615417568,35.945243428892205,35.971286308863796,39.277082568985236,0.10726259913256087,3.4130588592540008,0.0,0.0,0.016047274716527227,0.02604287997159105
500,35.87674136338999,160,3200,2,1,0,1,35.87674136338999,3072,0.05315555555555555,35.929896918945545,35.929896918945545,35.950674696723325,35.96905614801499,35.99549450250718,40.20506517366139,0.11875313911718877,4.3283238102713995,0.0,0.0,0.018381451291666906,0.026438354492185567
501,35.908176659448486,64,1280,8,4,0,4,36.59315912920824,1088,0.06517333333333333,36.65833246254157,36.65833246254157,36.66844357365268,36.68724777333322,36.71347079579416,38.355408539934785,0.8052941363456725,2.4472318804862994,0.6849824697597526,0.0,0.018804199680538147,0.02622302246093966
502,35.930651461320316,96,3200,2,1,0,1,35.930651461320316,3072,0.05315555555555555,35.98380701687587,35.98380701687587,36.00458479465365,36.021933345280615,36.048397310124365,38.56152817569977,0.11774584880404859,2.630876714379454,0.0,0.0,0.017348550626962833,0.026463964843749466
503,35.95427425602877,96,640,80,7,0,,35.95427425602877,256,0.11658666666666667,36.07086092269544,36.07086092269544,36.077416478250996,36.0869026952039,36.1131634373914,38.59570282541224,0.15888918136263186,2.6414285693834714,0.0,0.0,0.009486216952900861,0.026260742187503183
504,36.150378606002555,64,2880,6,0,0,0,36.150378606002555,2688,0.06997333333333333,36.220351939335885,36.220351939335885,36.23935193933588,36.25889880297115,36.285553221916466,37.97172729127566,0.1351746159139111,1.821348685273108,0.0,0.0,0.01954686363527003,0.02665441894531284
505,36.34388533309632,160,1664,0,3,0,3,36.34388533309632,1536,0.04854755555555555,36.392432888651875,36.392432888651875,36.404677333096316,36.424795439613035,36.45062881363647,40.57824102626922,0.10674348054015326,4.234355693172901,0.0,0.0,0.02011810651671908,0.025833374023434885
506,36.379263062085386,160,2176,5,2,0,2,36.379263062085386,2048,0.050083555555555555,36.42934661764094,36.42934661764094,36.44443550652983,36.45385897400339,36.47978036072214,40.595115410402826,0.10051729863675263,4.215852348317441,0.0,0.0,0.009423467473560265,0.025921386718749773
507,36.42911587967858,160,1664,0,3,0,3,36.42911587967858,1536,0.04854755555555555,36.477663435234135,36.477663435234135,36.489907879678576,36.502297026527096,36.52812739762084,40.65609475115761,0.09901151794226593,4.226978871479034,0.0,0.0,0.012389146848519772,0.025830371093746862
508,36.49304557876246,96,832,24,7,0,7,36.49304557876246,640,0.06382933333333334,36.55687491209579,36.55687491209579,36.56449713431802,36.589866399630985,36.61613080392786,39.08440082345911,0.1230852251653971,2.5913552446966506,0.0,0.0,0.02536926531296757,0.02626440429687449
509,36.526772101926774,96,3200,2,1,0,1,36.526772101926774,3072,0.05315555555555555,36.57992765748233,36.57992765748233,36.60070543526011,36.60357934137437,36.63003988824937,39.143329499484494,0.10326778632259703,2.6165573975577203,0.0,0.0,0.002873906114260194,0.026460546875000546
510,36.618832679996466,160,2240,74,1,0,1,36.618832679996466,2048,0.06805333333333334,36.6868860133298,36.6868860133298,36.702330457774245,36.70942445856187,36.735825500228536,40.94323607209889,0.11699282023207047,4.324403392102425,0.0,0.0,0.007094000787624566,0.026401041666666458
511,36.62568824770507,160,2304,38,2,0,2,36.62568824770507,2112,0.06824533333333334,36.6939335810384,36.6939335810384,36.7097335810384,36.71309481384714,36.739043164541584,40.85198186548096,0.11335491683651355,4.226293617775887,0.0,0.0,0.0033612328087428978,0.025948350694442013
512,36.65054274546291,160,3200,2,1,0,1,36.6868860133298,3072,0.05315555555555555,36.74004156888535,36.74004156888535,36.76081934666313,36.762227030176454,36.78865197437288,40.99604336376556,0.13810922890997546,4.345500618302651,0.03634326786689002,0.0,0.0014076835133209897,0.026424944196428157
513,36.72872033618853,160,1344,8,4,0,4,36.72872033618853,1152,0.06536533333333333,36.79408566952186,36.79408566952186,36.80455233618853,36.81836776845041,36.844479389544155,40.9994514761327,0.11575905335562453,4.270731139944168,0.0,0.0,0.013815432261878868,0.026111621093747317
514,36.82993100513769,160,2752,18,5,0,5,36.82993100513769,2560,0.06958933333333334,36.89952033847102,36.89952033847102,36.91780922735991,36.9313774941542,36.95736620265029,41.10150827738059,0.1274351975126038,4.271577272242901,0.0,0.0,0.013568266794287354,0.025988708496093693
515,36.87603828734182,160,2176,94,6,0,,36.87603828734182,256,0.5478613333333333,37.42389962067515,37.42389962067515,37.43898850956404,37.461155368278504,37.48778280968475,41.690449897203365,0.6117445223429314,4.814411609861544,0.0,0.0,0.022166858714463444,0.026627441406247954
516,36.877464305205514,160,2176,1,5,0,5,36.89952033847102,2048,0.050083555555555555,36.94960389402657,36.94960389402657,36.96469278291546,36.98335539942764,37.00935317503528,41.15354359639101,0.13188886982976555,4.276079291185496,0.02205603326550687,0.0,0.018662616512173713,0.02599777560764238
517,36.902360936191336,64,896,36,4,0,4,36.902360936191336,704,0.06402133333333333,36.96638226952467,36.96638226952467,36.97436004730245,36.975044819231655,37.00104652821603,38.64458285634104,0.09868559202469385,1.742221920149703,0.0,0.0,0.0006847719292082388,0.02600170898437426
518,36.95037721285196,160,3200,2,1,0,1,36.95037721285196,3072,0.05315555555555555,37.00353276840752,37.00353276840752,37.0243105461853,37.02649844479699,37.0529448559298,41.25796763134368,0.10256764307784039,4.307590418491721,0.0,0.0,0.00218789861169455,0.026446411132809544
519,36.98082072212617,96,832,32,2,0,2,36.98082072212617,640,0.06382933333333334,37.0446500554595,37.0446500554595,37.05227227768172,37.07708913273355,37.10302119188533,39.563120407147615,0.12220046975916432,2.5822996850214466,0.0,0.0,0.024816855051824405,0.02593205915178487
520,37.08955101899786,64,5248,3,0,0,0,37.08955101899786,5120,0.05929955555555556,37.148850574553414,37.148850574553414,37.18100613010897,37.192093993400846,37.218864501213346,38.91266038511866,0.12931348221548689,1.8231093661208035,0.0,0.0,0.011087863291876943,0.026770507812500455
521,37.106941263620016,128,1152,133,6,0,,37.42389962067515,256,0.2603448888888889,37.68424450956404,37.68424450956404,37.69364450956404,37.70081991905975,37.72709530968475,41.08211464329712,0.6201540460647337,3.975173379677102,0.3169583570551353,0.0,0.007175409495708607,0.026275390625002615
522,37.12988326969047,64,1600,4,2,0,2,37.12988326969047,1408,0.06613333333333334,37.1960166030238,37.1960166030238,37.20790549191269,37.232688811863014,37.25860458334739,38.89285190128824,0.12872131365692496,1.7629686315977722,0.0,0.0,0.024783319950323346,0.02591577148437807
523,37.172492576617465,96,4672,11,6,0,6,37.68424450956404,4480,0.07534933333333334,37.759593842897374,37.759593842897374,37.78854939845293,37.80592441124725,37.83245273155975,40.34621457819294,0.6599601549422829,3.1737220015754772,0.5117519329465736,0.0,0.017375012794317968,0.026528320312500853
524,37.28467214048019,160,256,55,3,0,6,37.28467214048019,0,0.07987911111111111,37.3645512515913,37.3645512515913,37.368973473813526,37.380803569495846,37.40653021337605,41.53999278175657,0.12185807289586137,4.255320641276377,0.0,0.0,0.011830095682320518,0.025726643880204847
525,37.37260668722719,96,2304,98,3,0,3,37.37260668722719,2112,0.06824533333333334,37.44085202056052,37.44085202056052,37.45665202056052,37.457984965980216,37.483769773457894,39.95475880784474,0.11116308623070381,2.5821521206175504,0.0,0.0,0.0013329454196977508,0.02578480747767742
526,37.4815537272037,64,896,28,1,0,1,37.4815537272037,704,0.06402133333333333,37.54557506053704,37.54557506053704,37.553552838314815,37.55576114010949,37.58214285397668,39.24903628659387,0.10058912677297371,1.7674825593901673,0.0,0.0,0.002208301794674128,0.02638171386718824
527,37.52400780972007,128,4416,39,1,0,1,37.54557506053704,4224,0.07458133333333333,37.620156393870374,37.620156393870374,37.647689727203705,37.66129092526574,37.68776043481435,41.04875810985931,0.16375262509428268,3.524750300139239,0.02156725081697175,0.0,0.013601198062033859,0.026469509548611825
528,37.761575148256625,64,4288,27,0,0,0,37.761575148256625,4096,0.07419733333333334,37.835772481589956,37.835772481589956,37.86259470381218,37.86370538837388,37.89071013167745,39.575323275743656,0.1291349834208262,1.813748127487031,0.0,0.0,0.0011106845617021577,0.027004743303571388
529,37.79125057084979,96,4288,87,4,0,4,37.79125057084979,4096,0.07419733333333334,37.86544790418312,37.86544790418312,37.89227012640534,37.91040365712229,37.93657650868479,40.428521951393115,0.14532593783499692,2.637271380543325,0.0,0.0,0.01813353071694479,0.02617285156249949
530,37.79242082031659,96,2240,82,7,0,7,37.79242082031659,2048,0.06805333333333334,37.860474153649925,37.860474153649925,37.87591859809437,37.893622014865365,37.91963336740443,40.375835556532024,0.12721254708783647,2.583414736215431,0.0,0.0,0.017703416770991964,0.026011352539065058
531,37.7958192364536,96,2048,0,7,0,3,37.860474153649925,0,0.5830328888888889,38.44350704253881,38.44350704253881,38.457884820316586,38.46598456369349,38.492002239474736,40.941258733615356,0.6961830030211331,3.145439497161753,0.06465491719632155,0.0,0.00809974337690278,0.026017675781247362
532,37.81706256739106,160,2880,14,5,0,5,37.81706256739106,2688,0.06997333333333333,37.88703590072439,37.88703590072439,37.90603590072439,37.918847995766306,37.944894545245475,42.090421212183415,0.12783197785441303,4.273358644792353,0.0,0.0,0.012812095041915939,0.026046549479168846
533,37.81981072906771,96,2176,5,2,0,2,37.81981072906771,2048,0.050083555555555555,37.869894284623264,37.869894284623264,37.884983173512154,37.90730324406167,37.93331123966714,40.38860999048095,0.11350051059942956,2.5687992614132398,0.0,0.0,0.02232007054951879,0.02600799560546818
534,37.9367286527776,128,1728,13,5,0,5,37.9367286527776,1536,0.06651733333333333,38.00324598611093,38.00324598611093,38.01584598611093,38.02303712337047,38.04905637560262,41.36158217060976,0.11232772282501458,3.4248535178321546,0.0,0.0,0.00719113725953946,0.026019252232146073
535,37.958058845181924,96,1152,12,0,0,0,37.958058845181924,960,0.06478933333333334,38.022848178515254,38.022848178515254,38.03224817851525,38.05303344361941,38.07991639562834,40.59071943459782,0.12185755044641411,2.6326605894158988,0.0,0.0,0.020785265104159123,0.026882952008925542
536,37.983011435314495,64,4736,11,6,0,6,37.983011435314495,4544,0.07554133333333334,38.05855276864783,38.05855276864783,38.08786387975894,38.097315850049334,38.12387664106496,39.79200045523908,0.14086520575046535,1.8089890199245815,0.0,0.0,0.009451970290392353,0.02656079101562625
537,38.00600229072279,160,2240,106,6,0,,38.05855276864783,256,0.5658311111111111,38.62438387975894,38.62438387975894,38.639828324203386,38.65519500043997,38.681670586377464,42.89473603001588,0.675668295654674,4.888733739293087,0.05255047792503831,0.0,0.015366676236581611,0.026475585937497215
538,38.07629549061394,128,640,152,7,0,,38.44350704253881,256,0.11658666666666667,38.56009370920548,38.56009370920548,38.56664926476104,38.57005819650599,38.59570282541224,41.86241888986535,0.5194073347983021,3.786123399251416,0.36721155192487487,0.0,0.003408931744949939,0.025644628906249523
539,38.12765155604467,64,4800,7,3,0,3,38.12765155604467,4608,0.07573333333333333,38.203384889378,38.203384889378,38.233051556044664,38.25728951397129,38.28329802401593,39.92865304612599,0.15564646797125903,1.801001490081319,0.0,0.0,0.024237957926622755,0.02600851004464033
540,38.28220040032479,64,4864,7,3,0,3,38.28220040032479,4672,0.07592533333333334,38.35812573365812,38.35812573365812,38.38814795588034,38.41334789845789,38.43952978322352,40.08525848232391,0.15732938289873033,1.8030580819991187,0.0,0.0,0.02519994257755087,0.026181884765627217
541,38.4078741459765,160,1664,0,3,0,3,38.4078741459765,1536,0.04854755555555555,38.45642170153206,38.45642170153206,38.4686661459765,38.491895017598516,38.51803716169574,42.66765701360491,0.11016301571923748,4.2597828676284095,0.0,0.0,0.02322887162201681,0.026142144097221376
542,38.47956691442365,64,1792,13,5,0,5,38.47956691442365,1600,0.06670933333333334,38.546276247756985,38.546276247756985,38.55923180331254,38.572284435498446,38.59840544786824,40.24138819274516,0.11883853344458828,1.7618212783215128,0.0,0.0,0.01305263218590369,0.02612101236979214
543,38.50502321356606,64,1664,0,3,0,3,38.50502321356606,1536,0.04854755555555555,38.55357076912162,38.55357076912162,38.56581521356606,38.570322914733936,38.59643341278081,40.240895567284845,0.09141019921474935,1.7358723537187828,0.0,0.0,0.004507701167874245,0.02611049804687582
544,38.5327231199432,96,1280,145,3,0,3,38.55357076912162,1088,0.06517333333333333,38.618744102454954,38.618744102454954,38.62885521356606,38.64865587371831,38.67472356725524,41.149465438006565,0.14200044731204287,2.616742318063366,0.02084764917842108,0.0,0.01980066015224935,0.026067693536930392
545,38.54800393299692,160,2368,30,1,0,1,38.54800393299692,2176,0.06843733333333334,38.616441266330256,38.616441266330256,38.63259682188581,38.640941749918525,38.66737881589075,42.85027307567962,0.11937488289382969,4.302269142682697,0.0,0.0,0.008344928032713028,0.026437065972224616
546,38.55887685536568,64,512,2,2,0,1,38.55887685536568,0,0.15175822222222224,38.7106350775879,38.7106350775879,38.716479522032344,38.738000827069484,38.76380811873615,40.38860999048095,0.20493126337046874,1.8297331351152692,0.0,0.0,0.021521305037140337,0.025807291666666288
547,38.704644072670824,128,1280,129,5,0,5,38.704644072670824,1088,0.06517333333333333,38.76981740600416,38.76981740600416,38.779928517115266,38.78126620633178,38.807319708005885,42.116396937629844,0.10267563533506063,3.41175286495902,0.0,0.0,0.001337689216512672,0.026053501674105917
548,38.75542916343999,128,2368,122,4,0,4,38.75542916343999,2176,0.06843733333333334,38.82386649677333,38.82386649677333,38.840022052328884,38.85657406727854,38.88300619618479,42.19407911285145,0.12757703274479582,3.438649949411456,0.0,0.0,0.01655201494965297,0.026432128906250796
549,38.783278796980824,64,2944,14,5,0,5,38.783278796980824,2752,0.07016533333333333,38.85344413031416,38.85344413031416,38.872799685869715,38.88548314271571,38.91158635316493,40.55441648050558,0.1283075561841045,1.7711376835247563,0.0,0.0,0.012683456845991259,0.026103210449221592
550,38.87731791760516,160,1408,8,4,0,4,38.87731791760516,1216,0.06555733333333334,38.94287525093849,38.94287525093849,38.953697473160716,38.96230551259104,38.98861516428374,43.12087032378895,0.11129724667858198,4.243552406183788,0.0,0.0,0.008608039430320957,0.02630965169270638
551,38.908620571559766,96,2944,6,0,0,0,38.908620571559766,2752,0.07016533333333333,38.9787859048931,38.9787859048931,38.99814146044866,39.01884832457179,39.04532303160304,41.537239942410324,0.13670246004327424,2.628619370850558,0.0,0.0,0.020706864123134494,0.0264747070312481
552,38.92464590311767,128,2304,106,6,0,6,38.92464590311767,2112,0.06824533333333334,38.992891236451,38.992891236451,39.008691236451,39.025897637158714,39.052320488721215,42.40998407689087,0.12767458560354328,3.4853381737732008,0.0,0.0,0.017206400707713954,0.026422851562500682
553,39.08931696469891,160,896,32,2,0,2,39.08931696469891,704,0.06402133333333333,39.153338298032246,39.153338298032246,39.16131607581002,39.17678617863199,39.20253837589762,43.29209361678304,0.11322141119870821,4.2027766520841325,0.0,0.0,0.01547010282197192,0.025752197265624943
554,39.16080300459735,160,2304,50,4,0,4,39.16080300459735,2112,0.06824533333333334,39.22904833793068,39.22904833793068,39.24484833793068,39.251151492408745,39.277312543841035,43.40273051259103,0.11650953924368679,4.24192750799368,0.0,0.0,0.006303154478068507,0.02616105143228964
555,39.25184335208749,128,2624,26,6,0,6,39.25184335208749,2432,0.06920533333333334,39.32104868542083,39.32104868542083,39.33862646319861,39.34300408247122,39.369411727560504,42.73249872532838,0.11756837547301302,3.480655373240886,0.0,0.0,0.004377619272609934,0.026407645089285836
556,39.27528249085757,160,1280,81,5,0,5,39.27528249085757,1088,0.06517333333333333,39.340455824190904,39.340455824190904,39.35056693530201,39.35540943840488,39.38145875481113,43.517602780728815,0.10617626395355728,4.242320289871245,0.0,0.0,0.004842503102864271,0.026049316406250966
557,39.34352802234817,128,3200,2,1,0,1,39.34352802234817,3072,0.05315555555555555,39.39668357790372,39.39668357790372,39.4174613556815,39.43500113034387,39.461568757296995,42.79768664989837,0.11804073494882772,3.4541586275502,0.0,0.0,0.017539774662367336,0.02656762695312409
558,39.493521165814656,160,4928,7,3,0,3,39.493521165814656,4736,0.07611733333333334,39.56963849914799,39.56963849914799,39.60001627692577,39.61390871018848,39.64013123327087,43.787760689031046,0.14661006745621563,4.29423952321639,0.0,0.0,0.013892433262711279,0.026222523082388705
559,39.55425911831883,96,2176,1,5,0,5,39.55425911831883,2048,0.050083555555555555,39.604342673874385,39.604342673874385,39.619431562763275,39.64197877434238,39.668034329897935,42.142421270312134,0.11377521157910309,2.588162151993302,0.0,0.0,0.02254721157910211,0.026055555555558385
560,39.62479600755804,96,2240,138,4,0,4,39.62479600755804,2048,0.06805333333333334,39.69284934089137,39.69284934089137,39.70829378533582,39.722123025611864,39.7482796011327,42.2200014761327,0.12348359357466165,2.5952054685746617,0.0,0.0,0.013829240276045596,0.02615657552083661
561,39.63310132586443,128,1664,0,3,0,3,39.63310132586443,1536,0.04854755555555555,39.68164888141999,39.68164888141999,39.69389332586443,39.71890144811462,39.74511868888167,43.05833365600547,0.11201736301723741,3.425232330141043,0.0,0.0,0.02500812225019189,0.026217240767046235
562,39.68653461240027,128,2176,1,5,0,5,39.68653461240027,2048,0.050083555555555555,39.736618167955825,39.736618167955825,39.751707056844715,39.77226143493266,39.798319882198285,43.104063718228815,0.11178526979801262,3.4175291058285424,0.0,0.0,0.020554378087943803,0.026058447265626228
563,39.787991754195694,160,4800,11,6,0,6,39.787991754195694,4608,0.07573333333333333,39.863725087529026,39.863725087529026,39.89339175419569,39.89704863232241,39.92346625230009,44.17468866673463,0.1354744981043936,4.3866969125389375,0.0,0.0,0.0036568781267192207,0.02641761997767844
564,39.874696679777806,128,960,32,2,0,2,39.874696679777806,768,0.06421333333333333,39.93891001311114,39.93891001311114,39.94724334644447,39.95048368839762,39.976251917564284,43.24071682641846,0.1015552377864779,3.3660201466406576,0.0,0.0,0.0032403419531448208,0.025768229166665435
565,40.04021411274976,160,256,21,1,0,4,40.04021411274976,0,0.07987911111111111,40.12009322386087,40.12009322386087,40.124515446083095,40.12589165071217,40.15228233674733,44.32159256623951,0.11206822399756788,4.281378453489751,0.0,0.0,0.0013762046290750618,0.02639068603515682
566,40.126146626978894,96,2240,34,0,0,0,40.126146626978894,2048,0.06805333333333334,40.194199960312226,40.194199960312226,40.20964440475667,40.2259458343374,40.251997917670735,42.769145508816585,0.1258512906918412,2.6429988818376913,0.0,0.0,0.016301429580728666,0.026052083333333087
567,40.20009866412432,96,2176,1,5,0,5,40.20009866412432,2048,0.050083555555555555,40.25018221967987,40.25018221967987,40.26527110856876,40.26747331644308,40.29355661722433,42.76650593828089,0.09345795310001392,2.5664072741565747,0.0,0.0,0.0022022078743191287,0.026083300781252206
568,40.317745711117894,96,2048,0,7,0,3,40.317745711117894,0,0.5830328888888889,40.90077860000678,40.90077860000678,40.915156377784555,40.91545762684452,40.941258733615356,43.382576962782025,0.6235130224974625,3.064831251664131,0.0,0.0,0.00030124905996586904,0.025801106770835247
569,40.34480547237808,160,1664,0,3,0,3,40.34480547237808,1536,0.04854755555555555,40.393353027933635,40.393353027933635,40.405597472378076,40.422591856347346,40.448532163964536,44.59036207841315,0.1037266915864592,4.245556606035073,0.0,0.0,0.016994383969269222,0.025940307617190683
570,40.47032698484484,64,1216,89,2,0,2,40.47032698484484,1024,0.06498133333333334,40.535308318178174,40.535308318178174,40.54506387373373,40.56934021509033,40.595115410402826,42.21158464868409,0.12478842555798764,1.7412576638392494,0.0,0.0,0.02427634135659673,0.025775195312498056
571,40.5190506033898,160,4096,5,0,0,2,40.5190506033898,0,1.1580657777777779,41.67711638116758,41.67711638116758,41.702871936723135,41.720077344754074,41.7466381357697,46.015110616470984,1.2275875323799,5.496060013081184,0.0,0.0,0.017205408030939395,0.02656079101562625
572,40.542214093228985,96,5248,3,0,0,0,41.67711638116758,5120,0.05929955555555556,41.736415936723134,41.736415936723134,41.76857149227869,41.77319941506658,41.80009476011866,44.361638644977305,1.257880666889676,3.8194245517483196,1.1349022879385942,0.0,0.0046279227878898155,0.026895345052082575
573,40.556450660542055,96,4352,27,0,0,0,41.736415936723134,4160,0.07438933333333334,41.81080527005647,41.81080527005647,41.83798304783425,41.85388691506658,41.880840772488455,44.44266061763356,1.3243901119463999,3.886209957091502,1.179965276181079,0.0,0.015903867232331947,0.02695385742187284
574,40.6149075694698,96,896,24,7,0,7,40.90077860000678,704,0.06402133333333333,40.96479993334012,40.96479993334012,40.97277771111789,40.99261713205286,41.018216253146605,43.45999366200078,0.40330868367680495,2.845086092530977,0.28587103053698115,0.0,0.01983942093496438,0.025599121093748067
575,40.660390129909864,96,1216,65,4,0,4,40.660390129909864,1024,0.06498133333333334,40.7253714632432,40.7253714632432,40.73512701879876,40.74026120920561,40.766178038632695,43.22342318837228,0.1057879087228315,2.563033058462416,0.0,0.0,0.005134190406856476,0.025916829427082178
576,40.7187747568292,64,2176,1,5,0,5,40.7187747568292,2048,0.050083555555555555,40.76885831238475,40.76885831238475,40.78394720127364,40.788852027380585,40.81490402933371,42.45454841874964,0.09612927250451264,1.7357736619204402,0.0,0.0,0.0049048261069444266,0.026052001953125625
577,40.7552841128559,96,2048,69,2,0,1,40.7552841128559,0,0.5830328888888889,41.338317001744784,41.338317001744784,41.35269477952256,41.36243596704346,41.3880818410669,43.83348961287679,0.6327977282110027,3.0782055000208928,0.0,0.0,0.009741187520901917,0.02564587402343932
578,40.99513516501175,64,2432,30,1,0,1,40.99513516501175,2240,0.06862933333333333,41.06376449834509,41.06376449834509,41.0802756094562,41.101044486812434,41.12719712353118,42.77153479442962,0.13206195851942937,1.7763996294178668,0.0,0.0,0.02076887735623245,0.026152636718748568
579,41.12754183156092,96,960,24,7,0,7,41.12754183156092,768,0.06421333333333333,41.19175516489425,41.19175516489425,41.200088498227586,41.2230268000216,41.24859662424035,43.69299500477421,0.12105479267943053,2.5654531732132924,0.0,0.0,0.022938301794013682,0.025569824218749204
580,41.218751624806856,64,2176,5,2,0,2,41.338317001744784,2048,0.050083555555555555,41.388400557300336,41.388400557300336,41.403489446189226,41.41372820337158,41.43945818384034,43.06118801782471,0.2207065590334807,1.8424363930178558,0.11956537693792768,0.0,0.010238757182357006,0.02572998046875341
581,41.43406033352154,64,4096,128,7,0,,41.43406033352154,0,1.1580657777777779,42.59212611129932,42.59212611129932,42.61788166685488,42.6321625422091,42.658161809787224,44.297809417209116,1.2241014762656803,2.8637490836875727,0.0,0.0,0.014280875354224065,0.025999267578121987
582,41.46460280185173,160,4480,35,6,0,6,41.46460280185173,4288,0.07477333333333333,41.539376135185066,41.539376135185066,41.567265024073954,41.584217475328366,41.61077484837524,45.86099740929415,0.14617204652351035,4.396394607442417,0.0,0.0,0.01695245125441147,0.02655737304687733
583,41.661886647427615,64,2176,1,5,0,5,41.661886647427615,2048,0.050083555555555555,41.71197020298317,41.71197020298317,41.72705909187206,41.75195465944904,41.777987618433414,43.414795163541314,0.11610097100579964,1.752908516113699,0.0,0.0,0.024895567576983524,0.026032958984373522
584,41.96558599924072,128,3200,2,1,0,1,41.96558599924072,3072,0.05315555555555555,42.01874155479628,42.01874155479628,42.03951933257406,42.06525803661712,42.091410087398366,45.42684618087709,0.12582408815764268,3.4612601816363693,0.0,0.0,0.025738704043057226,0.02615205078124916
585,41.98940115478013,64,2176,62,0,0,,41.98940115478013,256,0.5478613333333333,42.53726248811346,42.53726248811346,42.55235137700235,42.55484589944158,42.58163164162908,44.280319797321056,0.5922304868489476,2.290918642540923,0.0,0.0,0.0024945224392283194,0.026785742187499295
586,42.01263826099738,96,1216,141,3,0,,42.01263826099738,256,0.27831466666666665,42.290952927664044,42.290952927664044,42.3007084832196,42.30138438331907,42.327512898944065,44.797747891623374,0.31487463794668713,2.785109630625996,0.0,0.0,0.0006759000994662756,0.02612851562499685
587,42.028398376890884,160,4992,7,3,0,3,42.290952927664044,4800,0.07630933333333334,42.36726226099738,42.36726226099738,42.39799559433071,42.405901375506566,42.432249682798236,46.563106941102525,0.4038513059073523,4.534708564211641,0.26255455077316014,0.0,0.007905781175857385,0.026348307291669926
588,42.03970394925422,64,1664,0,3,0,3,42.36726226099738,1536,0.04854755555555555,42.41580981655294,42.41580981655294,42.42805426099738,42.432249682798236,42.45852186471788,44.09800911321429,0.41881791546366287,2.058305163960071,0.32755831174316086,0.0,0.004195421800858412,0.02627218191964431
589,42.13571444317114,64,768,20,4,0,4,42.13571444317114,576,0.06363733333333334,42.19935177650447,42.19935177650447,42.20661844317114,42.2200014761327,42.2457329214452,43.861280073137905,0.11001847827406408,1.7255656299667663,0.0,0.0,0.013383032961563401,0.025731445312501933
590,42.16019699506437,64,256,1,3,0,5,42.41580981655294,0,0.07987911111111111,42.49568892766405,42.49568892766405,42.50011114988627,42.51106769340092,42.537197759318886,44.17558079290179,0.3770007642545181,2.0153837978374227,0.2556128214885689,0.0,0.010956543514645034,0.02613006591796818
591,42.17632379574386,128,1664,0,3,0,3,42.49568892766405,1536,0.04854755555555555,42.544236483219606,42.544236483219606,42.55648092766405,42.563328313518106,42.58942396238963,45.88761768871537,0.4131001666457692,3.7112938929715114,0.31936513192018623,0.0,0.00684738585405853,0.026095648871525157
592,42.209532328583045,96,704,128,7,0,,42.59212611129932,256,0.13455644444444445,42.726682555743764,42.726682555743764,42.73359366685487,42.7361625422091,42.7620322687716,45.23749789377162,0.5524999401885538,3.0279655651885733,0.38259378271627753,0.0,0.0025688753542283393,0.02586972656249742
593,42.35191696656979,64,4864,11,6,0,6,42.35191696656979,4672,0.07592533333333334,42.42784229990312,42.42784229990312,42.45786452212534,42.46353144017212,42.49042597142212,44.201592149807546,0.13850900485233097,1.849675183237757,0.0,0.0,0.00566691804677788,0.026894531250000853
594,42.41589643125554,160,1024,32,2,0,2,42.41589643125554,832,0.06440533333333334,42.48030176458887,42.48030176458887,42.488990653477764,42.49513811548096,42.520862529543464,46.63673856705779,0.10496609828792458,4.2208421358022505,0.0,0.0,0.0061474620031987115,0.02572441406250192
595,42.451019646618,128,1664,0,3,0,3,42.544236483219606,1536,0.04854755555555555,42.592784038775164,42.592784038775164,42.605028483219606,42.61552009954241,42.641588312433036,45.939534675477525,0.19056866581503584,3.488515028859524,0.09321683660160573,0.0,0.0104916163228026,0.026068212890628217
596,42.5182366653483,96,1664,0,3,0,3,42.592784038775164,1536,0.04854755555555555,42.64133159433072,42.64133159433072,42.653576038775164,42.66765701360491,42.69371839055803,45.16090418601257,0.17548172520973537,2.6426675206642756,0.07454737342686713,0.0,0.014080974829745685,0.026061376953123272
597,42.60066454984843,160,1664,0,3,0,3,42.64133159433072,1536,0.04854755555555555,42.68987914988628,42.68987914988628,42.70212359433072,42.71978025579241,42.745819895352064,46.872380239093594,0.14515534550363185,4.271715689245163,0.04066704448229075,0.0,0.017656661461685985,0.026039639559655825
598,42.68554205295454,128,4480,39,1,0,1,42.68554205295454,4288,0.07477333333333333,42.76031538628787,42.76031538628787,42.78820427517676,42.79768664989837,42.823979618648366,46.163339470497625,0.13843756569382748,3.477797417543087,0.0,0.0,0.009482374721606845,0.02629296874999909
599,42.79139290111599,64,5248,3,0,0,0,42.79139290111599,5120,0.05929955555555556,42.850692456671545,42.850692456671545,42.8828480122271,42.90390991311346,42.93098588967596,44.63144272212574,0.1395929885599685,1.8400498210097496,0.0,0.0,0.021061900886358842,0.02707597656250016
600,42.930072513435,160,1472,8,4,0,4,42.930072513435,1280,0.06574933333333334,42.99582184676834,42.99582184676834,43.00699962454611,43.01790333160145,43.043644347226454,47.13633295399727,0.11357183379145397,4.206260440562268,0.0,0.0,0.010903707055341272,0.02574101562500175
601,42.94502057907764,128,1344,17,7,0,7,42.94502057907764,1152,0.06536533333333333,43.010385912410975,43.010385912410975,43.02085257907764,43.0466314875216,43.07247051746952,46.40425245106328,0.12744993839187657,3.4592318719856365,0.0,0.0,0.025778908443960802,0.025839029947917425
602,42.97744564270439,160,4224,47,5,0,,42.97744564270439,256,1.1228942222222222,44.10033986492661,44.10033986492661,44.126806531593274,44.126806531593274,44.153869031593274,48.34913771218839,1.1764233888888853,5.3716920694839985,0.0,0.0,0.0,0.027062499999999545
603,43.03085277036085,96,704,96,4,0,4,43.03085277036085,512,0.06344533333333334,43.094298103694186,43.094298103694186,43.101209214805294,43.12087032378895,43.14652891753895,45.57703935048165,0.1156761471780996,2.5461865801207964,0.0,0.0,0.01966110898365514,0.025658593750002012
604,43.05128926411777,96,2048,39,1,0,1,43.05128926411777,0,0.5830328888888889,43.63432215300666,43.63432215300666,43.64869993078443,43.6662279910442,43.69247469514576,46.189497673622625,0.6411854310279921,3.1382084095048555,0.0,0.0,0.01752806025977094,0.026246704101559715
605,43.09688899891049,96,832,20,4,0,4,43.09688899891049,640,0.06382933333333334,43.16071833224382,43.16071833224382,43.16834055446604,43.1721879995702,43.19780534983062,45.62878422352853,0.10091635092013007,2.53189522461804,0.0,0.0,0.003847445104156577,0.025617350260418448
606,43.14528980440709,96,5248,3,0,0,0,43.14528980440709,5120,0.05929955555555556,43.20458935996265,43.20458935996265,43.2367449155182,43.25593569436346,43.283098047879086,45.8293959354814,0.13780824347199427,2.6841061310743086,0.0,0.0,0.019190778845256773,0.027162353515628013
607,43.14546644193908,160,1280,61,0,0,0,43.20458935996265,1088,0.06517333333333333,43.26976269329598,43.26976269329598,43.27987380440709,43.283098047879086,43.31004119799069,47.55554411333979,0.1645747560516142,4.410077671400714,0.059122918023568616,0.0,0.0032242434719975677,0.026943150111605974
608,43.15861763998066,160,2176,54,6,0,,43.15861763998066,256,0.5478613333333333,43.70647897331399,43.70647897331399,43.72156786220288,43.74222577610963,43.769251044664315,47.983183511879716,0.6106334046836537,4.824565871899054,0.0,0.0,0.020657913906745762,0.027025268554687898
609,43.1924973326769,96,3200,2,1,0,1,43.63432215300666,3072,0.05315555555555555,43.68747770856221,43.68747770856221,43.70825548633999,43.718721887528574,43.745032532059824,46.24189008898721,0.5525351993829233,3.0493927563103114,0.44182482032975656,0.0,0.010466401188580221,0.026310644531250205
610,43.25265118479342,160,2176,1,5,0,5,44.10033986492661,2048,0.050083555555555555,44.15042342048216,44.15042342048216,44.16551230937105,44.180932019874525,44.207495008155774,48.40181187835425,0.9548438233623529,5.14916069356083,0.8476886801331887,0.0,0.015419710503472572,0.026562988281249034
611,43.2735905752911,96,704,60,1,0,1,43.68747770856221,512,0.06344533333333334,43.75092304189555,43.75092304189555,43.757834153006655,43.771343664872326,43.79749397411712,46.29387202258096,0.5239033988260147,3.020281447289861,0.4138871332711105,0.0,0.013509511865670731,0.026150309244791003
612,43.3313346178685,128,4096,67,2,0,,43.3313346178685,0,1.1580657777777779,44.48940039564628,44.48940039564628,44.515155951201834,44.52284654647054,44.54911583357991,47.86498981827849,1.2177812157114118,4.533655200409989,0.0,0.0,0.007690595268705636,0.02626928710937193
613,43.377844518227356,128,1664,4,2,0,2,44.48940039564628,1472,0.06632533333333333,44.55572572897961,44.55572572897961,44.56797017342405,44.575385608970535,44.601503284751786,47.917008311930836,1.22365876652443,4.53916379370348,1.1115558774189225,0.0,0.0074154355464841615,0.026117675781250682
614,43.37884909380568,96,2176,70,5,0,,44.15042342048216,256,0.5478613333333333,44.69828475381549,44.69828475381549,44.71337364270438,44.73885731284327,44.76526030763494,47.269132131831256,1.3864112138292626,3.8902830380255793,0.7715743266764861,0.0,0.025483670138889636,0.026402994791666856
615,43.41738397051402,128,4416,15,5,0,5,44.69828475381549,4224,0.07458133333333333,44.77286608714883,44.77286608714883,44.80039942048216,44.81806776206202,44.84466016928858,48.191082266108594,1.427276198774564,4.773698295594578,1.280900783301476,0.0,0.017668341579863522,0.02659240722655909
616,43.44577334530758,160,512,1,3,0,5,43.44577334530758,0,0.15175822222222224,43.5975315675298,43.5975315675298,43.60337601197424,43.605760999755475,43.63175949052252,47.755743679140686,0.18598614521494028,4.309970333833107,0.0,0.0,0.0023849877812338605,0.025998490767044302
617,43.62553470909099,128,4544,19,7,0,7,43.62553470909099,4352,0.07496533333333334,43.70050004242432,43.70050004242432,43.72874448686877,43.7450290217013,43.77134701486536,47.13237167306849,0.14581230577437054,3.5068369639774986,0.0,0.0,0.01628453483252912,0.02631799316406358
618,43.6966421858661,64,3200,2,1,0,1,43.75092304189555,3072,0.05315555555555555,43.8040785974511,43.8040785974511,43.82485637522888,43.849796057450455,43.876006506669206,45.532045887908346,0.17936432080310993,1.8354037020422496,0.05428085602945032,0.0,0.024939682221571502,0.02621044921875182
619,43.805327743353594,160,4096,35,4,0,6,43.805327743353594,0,1.1580657777777779,44.96339352113137,44.96339352113137,44.98914907668693,45.00944657704415,45.035341108294155,49.19042376617176,1.230013364940561,5.385096022818168,0.0,0.0,0.02029750035722344,0.025894531250003183
620,43.84142477339263,64,1664,0,3,0,3,43.84142477339263,1536,0.04854755555555555,43.88997232894819,43.88997232894819,43.90221677339263,43.91703388239042,43.94288602195008,45.576129967262574,0.10146124855744887,1.7347051938699423,0.0,0.0,0.014817108997789319,0.02585213955966026
621,43.8697474054455,64,2176,110,6,0,,43.8697474054455,256,0.5478613333333333,44.41760873877883,44.41760873877883,44.43269762766772,44.4414852162138,44.467944200588796,46.12358611372123,0.5981967951432949,2.2538387082757296,0.0,0.0,0.00878758854607753,0.026458984374997385
622,43.914085170594866,64,3200,2,1,0,1,43.914085170594866,3072,0.05315555555555555,43.96724072615042,43.96724072615042,43.9880185039282,44.0070660769817,44.03332309602467,45.68960929471638,0.11923792542980038,1.7755241241215103,0.0,0.0,0.019047573053498468,0.026257019042965624
623,43.957354900878435,64,2176,1,5,0,5,44.77286608714883,2048,0.050083555555555555,44.82294964270438,44.82294964270438,44.83803853159327,44.84466016928858,44.87114698569483,46.531288156291815,0.913792084816393,2.5739332554133796,0.8155111862703919,0.0,0.006621637695310767,0.026486816406247726
624,44.079704129196074,64,768,60,1,0,1,44.079704129196074,576,0.06363733333333334,44.143341462529406,44.143341462529406,44.15060812919607,44.16461551545826,44.19077713655201,45.84685880643513,0.11107300735593384,1.7671546772390556,0.0,0.0,0.014007386262186117,0.026161621093748977
625,44.113152392454936,160,1344,113,6,0,6,44.41760873877883,1152,0.06536533333333333,44.482974072112164,44.482974072112164,44.49344073877883,44.494403673245046,44.52066270644817,48.727981892413574,0.40751031399323523,4.614829499958638,0.30445634632389584,0.0,0.0009629344662158701,0.02625903320312517
626,44.170872335708346,64,1664,0,3,0,3,44.170872335708346,1536,0.04854755555555555,44.219419891263904,44.219419891263904,44.231664335708345,44.25339085149554,44.279315997979914,45.913569885981,0.10844366227156854,1.742697550272652,0.0,0.0,0.021726515787193534,0.025925146484375716
627,44.28650551235134,128,1664,0,3,0,3,44.28650551235134,1536,0.04854755555555555,44.3350530679069,44.3350530679069,44.34729751235134,44.35709436712054,44.383011048583604,47.67735959710944,0.09650553623226443,3.3908540847580966,0.0,0.0,0.009796854769199115,0.025916681463066027
628,44.565615072040764,64,3200,2,1,0,1,44.565615072040764,3072,0.05315555555555555,44.61877062759632,44.61877062759632,44.6395484053741,44.66333212922779,44.689653364036815,46.347058057737215,0.12403829199605099,1.7814429856964509,0.0,0.0,0.023783723853689764,0.02632123480902493
629,44.596862033799766,160,4288,143,6,0,6,44.596862033799766,4096,0.07419733333333334,44.6710593671331,44.6710593671331,44.69788158935532,44.70448961074504,44.73091871230754,48.93994378322458,0.13405667850777547,4.343081749424812,0.0,0.0,0.006608021389723717,0.026429101562499113
630,44.63691511244547,64,2176,1,5,0,5,44.82294964270438,2048,0.050083555555555555,44.87303319825993,44.87303319825993,44.88812208714882,44.89763429038233,44.92405120118962,46.58387223832307,0.2871360887441483,1.9469571258775957,0.18603453025890815,0.0,0.009512203233505545,0.026416910807292027
631,44.65366464148235,128,1664,4,2,0,2,44.65366464148235,1536,0.04854755555555555,44.70221219703791,44.70221219703791,44.71445664148235,44.73209898787679,44.75814256697835,48.073098949137865,0.1044779254959991,3.4194343076555143,0.0,0.0,0.017642346394438846,0.026043579101560965
632,44.66006775562234,128,1664,0,3,0,3,44.66006775562234,1536,0.04854755555555555,44.7086153111779,44.7086153111779,44.72085975562234,44.7459141291944,44.77183076626826,48.07039179111985,0.11176301064591598,3.41032403549751,0.0,0.0,0.02505437357205409,0.025916637073862603
633,44.660983999007804,128,2176,1,5,0,5,44.87303319825993,2048,0.050083555555555555,44.923116753815485,44.923116753815485,44.938205642704375,44.950468600278164,44.9768357180237,48.322743948237495,0.31585171901589604,3.6617599492296904,0.21204919925212806,0.0,0.012262957573788924,0.02636711774553646
634,44.70804177697728,160,768,56,6,0,6,44.70804177697728,576,0.06363733333333334,44.771679110310615,44.771679110310615,44.77894577697728,44.783778380276296,44.81003301894817,49.018532162130825,0.10199124197088594,4.3104903851535425,0.0,0.0,0.004832603299014693,0.0262546386718725
635,44.739282314225854,96,512,3,4,0,0,44.96339352113137,0,0.15175822222222224,45.11515174335359,45.11515174335359,45.120996187798035,45.13892411610665,45.16469169423165,47.634054251197796,0.42540938000579587,2.8947719369719422,0.2241112069055191,0.0,0.017927928308616004,0.025767578124998636
636,44.74997837987048,128,4480,15,5,0,5,44.923116753815485,4288,0.07477333333333333,44.99789008714882,44.99789008714882,45.02577897603771,45.02957141835852,45.056042365624144,48.40181187835425,0.3060639857536671,3.651833498483775,0.17313837394500808,0.0,0.0037924423208153257,0.026470947265622158
637,44.788164185920955,128,2304,34,0,0,0,44.788164185920955,2112,0.06824533333333334,44.856409519254285,44.856409519254285,44.872209519254284,44.87232895259449,44.89893588618824,48.27726060503901,0.11077170026728567,3.489096419118056,0.0,0.0,0.00011943334020969587,0.02660693359374733
638,44.84065226967193,128,1664,0,3,0,3,44.84065226967193,1536,0.04854755555555555,44.889199825227486,44.889199825227486,44.90144426967193,44.901532071310875,44.92746708551542,48.22800385166673,0.08681481584348916,3.3873515819947997,0.0,0.0,8.780163894783755e-05,0.02593501420454203
639,44.96280298305075,160,1280,45,5,0,5,44.99789008714882,1088,0.06517333333333333,45.06306342048215,45.06306342048215,45.07317453159326,45.08251380117102,45.10889162235157,49.2955518197605,0.14608863930082094,4.332748836709747,0.03508710409806781,0.0,0.009339269577758103,0.026377821180552985
640,45.03357904410263,64,4224,135,7,0,,45.03357904410263,256,1.1228942222222222,46.15647326632485,46.15647326632485,46.182939932991516,46.19079476877162,46.2174752700737,47.90304664051641,1.1838962259710684,2.8694675964137772,0.0,0.0,0.007854835780101155,0.02668050130208144
641,45.088475491873794,128,1856,9,2,0,2,45.088475491873794,1664,0.06690133333333334,45.15537682520713,45.15537682520713,45.168687936318236,45.17490623885335,45.2009289927596,48.515282268229655,0.11245350088580608,3.4268067763558605,0.0,0.0,0.006218302535117459,0.026022753906246976
642,45.120578901098995,128,2816,10,2,0,2,45.15537682520713,2624,0.06978133333333333,45.22515815854046,45.22515815854046,45.24380260298491,45.25297596541585,45.279058647707515,48.59321552628629,0.1584797466085206,3.472636625187299,0.034797924108133316,0.0,0.009173362430942689,0.02608268229166555
643,45.24663311452299,128,2880,10,2,0,2,45.24663311452299,2688,0.06997333333333333,45.31660644785632,45.31660644785632,45.33560644785632,45.357309624270016,45.383440204627156,48.697297435465984,0.13680709010416336,3.450664320942991,0.0,0.0,0.02170317641369479,0.02613058035714033
644,45.26098968186691,96,2176,90,7,0,,46.15647326632485,256,0.5478613333333333,46.70433459965818,46.70433459965818,46.71942348854707,46.73029151356328,46.7570944106987,49.27626287935569,1.4961047288317886,4.015273197488781,0.8954835844579421,0.0,0.010868025016208094,0.02680289713541839
645,45.301355605422614,128,1216,12,0,0,0,45.301355605422614,1024,0.06498133333333334,45.36633693875595,45.36633693875595,45.37609249431151,45.37794418696949,45.40435590571949,48.78737260745717,0.1030003002968769,3.4860170020345578,0.0,0.0,0.001851692657986348,0.026411718749997704
646,45.304632660334164,64,5248,3,0,0,0,45.36633693875595,5120,0.05929955555555556,45.425636494311505,45.425636494311505,45.45779204986706,45.483593991656996,45.510199134886165,47.18338142073996,0.2055664745520005,1.8787487604057986,0.06170427842178583,0.0,0.025801941789936222,0.02660514322916896
647,45.389997304399834,64,1920,9,2,0,2,45.389997304399834,1728,0.06709333333333334,45.45709063773317,45.45709063773317,45.47075730439983,45.48796740886823,45.5140759904112,47.15987272233122,0.12407868601136585,1.769875417931388,0.0,0.0,0.01721010446839699,0.02610858154297091
648,45.39628487256836,96,704,44,5,0,5,45.39628487256836,512,0.06344533333333334,45.45973020590169,45.45973020590169,45.4666413170128,45.4782323884106,45.50451339426998,48.00680376269063,0.10822852170161923,2.610518890122272,0.0,0.0,0.011591071397802466,0.026281005859374318
649,45.40818815876751,96,4416,23,7,0,7,46.70433459965818,4224,0.07458133333333333,46.77891593299152,46.77891593299152,46.80644926632485,46.81070166981328,46.837594003797655,49.35589544771507,1.4294058450301463,3.947707288947562,1.2961464408906735,0.0,0.004252403488429479,0.02689233398437807
650,45.430919769921424,160,4544,15,5,0,5,45.45973020590169,4352,0.07496533333333334,45.534695539235024,45.534695539235024,45.56293998367947,45.583359341535605,45.60972737243049,49.795039359848985,0.17880760250906746,4.3641195899275615,0.028810435980268778,0.0,0.020419357856134468,0.026368030894886374
651,45.477996121573646,128,2176,1,5,0,5,45.534695539235024,2048,0.050083555555555555,45.584779094790576,45.584779094790576,45.59986798367947,45.60972737243049,45.63607039000862,48.979926624448,0.15807426843497296,3.5019305028743517,0.05669941766137754,0.0,0.009859388751024767,0.02634301757812807
652,45.572424870027135,64,1536,8,4,0,4,45.572424870027135,1344,0.06594133333333334,45.63836620336047,45.63836620336047,45.6498995366938,45.654797407122274,45.680745161028526,47.31920871083321,0.10832029100139096,1.7467838408060743,0.0,0.0,0.0048978704284721175,0.02594775390625159
653,45.636885957078896,128,1664,0,3,0,3,45.636885957078896,1536,0.04854755555555555,45.685433512634454,45.685433512634454,45.697677957078895,45.70597588740146,45.73193072138583,49.04237364333339,0.09504476430693387,3.405487686254496,0.0,0.0,0.008297930322562763,0.025954833984371817
654,45.666889595608986,160,2560,22,0,0,0,45.666889595608986,2304,0.08679111111111111,45.7536807067201,45.7536807067201,45.77090292894232,45.77627742264658,45.802836434923364,50.02891417726025,0.13594683931437856,4.362024581651262,0.0,0.0,0.005374493704259464,0.0265590122767847
655,45.67594977706618,64,4416,147,6,0,6,45.67594977706618,4224,0.07458133333333333,45.750531110399514,45.750531110399514,45.778064443732845,45.7817979115263,45.80819725583433,47.47536149039534,0.13224747876815002,1.7994117133291638,0.0,0.0,0.003733467793452405,0.02639934430803237
656,45.696475414537424,160,5248,3,0,0,0,45.7536807067201,5120,0.05929955555555556,45.81298026227565,45.81298026227565,45.845135817831206,45.855781026627234,45.88233473756473,50.10806664308056,0.18585932302730868,4.411591228543138,0.05720529218267245,0.0,0.010645208796027816,0.02655371093749892
657,45.71112063371331,96,1344,129,5,0,5,45.71112063371331,1152,0.06536533333333333,45.77648596704664,45.77648596704664,45.786952633713305,45.79413874938362,45.82043209373458,48.322743948237495,0.10931146002127434,2.611623314524188,0.0,0.0,0.007186115670315019,0.02629334435096098
658,45.71352558833269,160,1664,0,3,0,3,45.71352558833269,1536,0.04854755555555555,45.76207314388825,45.76207314388825,45.77431758833269,45.78384185419833,45.80978508040572,49.96617571039068,0.09625949207302398,4.252650122057986,0.0,0.0,0.009524265865636039,0.025943226207388648
659,45.833935155612096,96,1984,9,2,0,2,45.833935155612096,1792,0.06728533333333334,45.90122048894543,45.90122048894543,45.91524271116765,45.9318797013487,45.95798012452578,48.437300670329265,0.12404496891368666,2.6033655147171686,0.0,0.0,0.01663699018104836,0.026100423177084053
660,45.91528041461265,160,1664,4,2,0,2,45.91528041461265,1536,0.04854755555555555,45.96382797016821,45.96382797016821,45.97607241461265,45.98408103598412,46.010153545749745,50.15159890873839,0.09487313113709206,4.23631849412574,0.0,0.0,0.008008621371466518,0.02607250976562625
661,45.92878782031733,128,2368,50,4,0,4,45.92878782031733,2176,0.06843733333333334,45.99722515365067,45.99722515365067,46.013380709206224,46.018110395403525,46.04410531727852,49.37382171539051,0.11531749696118965,3.4450338950731805,0.0,0.0,0.004729686197300964,0.025994921874996635
662,45.96398845052237,64,4288,47,5,0,5,45.96398845052237,4096,0.07419733333333334,46.0381857838557,46.0381857838557,46.065008006077925,46.083392392712945,46.109747896340174,47.7700588286086,0.1457594458178022,1.8060703780862255,0.0,0.0,0.018384386635020178,0.026355503627229382
663,46.008744426603315,160,2304,46,2,0,2,46.008744426603315,2112,0.06824533333333334,46.076989759936644,46.076989759936644,46.09278975993664,46.11444846762475,46.14052796869009,50.28142002341473,0.13178354208677234,4.272675596811418,0.0,0.0,0.021658707688104073,0.026079501065339628
664,46.06186647774754,64,4096,0,4,0,3,46.06186647774754,0,1.1580657777777779,47.21993225552532,47.21993225552532,47.24568781108088,47.26669123036446,47.29294972645821,48.95307777007801,1.231083248710668,2.8912112923304676,0.0,0.0,0.021003419283580627,0.02625849609375308
665,46.08697955745514,128,4416,83,7,0,7,46.77891593299152,4224,0.07458133333333333,46.85349726632485,46.85349726632485,46.88103059965818,46.89138013661015,46.91832642567265,50.28222464693383,0.8313468682175156,4.195245089478689,0.691936375536379,0.0,0.010349536951970606,0.02694628906250074
666,46.09103965350752,160,2944,10,2,0,2,46.09103965350752,2752,0.07016533333333333,46.16120498684086,46.16120498684086,46.180560542396414,46.19268843566452,46.21879911274785,50.35896952762146,0.1277594592403304,4.267929874113939,0.0,0.0,0.012127893268107925,0.026110677083330813
667,46.10480409028672,64,2368,34,0,0,0,46.10480409028672,2176,0.06843733333333334,46.173241423620055,46.173241423620055,46.18939697917561,46.20040895631474,46.226836830198664,47.90250621050776,0.12203273991194408,1.7977021202210395,0.0,0.0,0.011011977139126827,0.0264278738839252
668,46.1399140110651,96,5248,3,0,0,0,46.173241423620055,5120,0.05929955555555556,46.23254097917561,46.23254097917561,46.264696534731165,46.27969404281027,46.30626502669699,48.84077006839467,0.16635101563188925,2.700856057329567,0.03332741255495364,0.0,0.01499750807910516,0.026570983886720967
669,46.16726443780528,96,3008,10,2,0,2,46.16726443780528,2816,0.07035733333333334,46.23762177113861,46.23762177113861,46.25733288224973,46.27102193175827,46.29716150507558,48.77521165055387,0.12989706727029926,2.6079472127485914,0.0,0.0,0.013689049508542439,0.026139573317308873
670,46.209444969792685,64,1664,4,2,0,2,46.23762177113861,1536,0.04854755555555555,46.28616932669417,46.28616932669417,46.29841377113861,46.32330156667414,46.349418684419675,47.995074870768725,0.13997371462698993,1.7856299009760406,0.02817680134592848,0.0,0.02488779553552689,0.026117117745535268
671,46.24398714493015,64,2368,46,2,0,2,46.28616932669417,2176,0.06843733333333334,46.35460666002751,46.35460666002751,46.37076221558306,46.37553629044646,46.4016569284673,48.04709824723357,0.15766978353714478,1.8031111023034185,0.04218218176401933,0.0,0.004774074863398425,0.026120638020834974
672,46.25341342035234,64,256,21,1,0,4,46.25341342035234,0,0.07987911111111111,46.33329253146345,46.33329253146345,46.337714753685674,46.347058057737215,46.37218305773722,48.00769536009958,0.11876963738487945,1.7542819397472442,0.0,0.0,0.009343304051540713,0.02512500000000273
673,46.306827603136036,128,1472,37,5,0,5,46.306827603136036,1280,0.06574933333333334,46.37257693646937,46.37257693646937,46.38375471424715,46.39969066280223,46.42600918493765,49.76877865522158,0.11918158180161242,3.4619510520855457,0.0,0.0,0.01593594855508229,0.026318522135419187
674,46.372061498359095,64,2176,5,2,0,2,46.372061498359095,2048,0.050083555555555555,46.42214505391465,46.42214505391465,46.43723394280354,46.453899669352715,46.480018047038264,48.12512525529021,0.10795654867916937,1.7530637569311125,0.0,0.0,0.01666572654917786,0.02611837768554892
675,46.37402693505287,96,2176,5,2,0,2,46.42214505391465,2048,0.050083555555555555,46.4722286094702,46.4722286094702,46.48731749835909,46.63673856705779,46.662890636149584,49.13836239925179,0.2888637010967159,2.764335464198922,0.048118118861779635,0.0,0.1494210686987003,0.02615206909179335
676,46.38995619961253,64,4480,55,6,0,6,46.38995619961253,4160,0.11032888888888889,46.500285088501414,46.500285088501414,46.5281739773903,46.544366582471234,46.57081694054415,48.251025891979545,0.18086074093162097,1.8610696923670176,0.0,0.0,0.016192605080931344,0.02645035807291407
677,46.440131855441024,64,1344,45,5,0,5,46.440131855441024,1152,0.06536533333333333,46.505497188774356,46.505497188774356,46.51596385544102,46.531288156291815,46.557579953166815,48.21741362597187,0.11744809772579146,1.7772817705308483,0.0,0.0,0.015324300850792838,0.026291796875000273
678,46.44761235850151,128,256,19,2,0,7,46.4722286094702,0,0.07987911111111111,46.55210772058131,46.55210772058131,46.556529942803536,47.15987272233122,47.18598182267302,50.48817806810441,0.7383694641715124,4.040565709602902,0.024616250968691133,0.0,0.6033427795276864,0.026109100341798808
679,46.46499194888423,64,3200,2,1,0,1,46.46499194888423,3072,0.05315555555555555,46.51814750443979,46.51814750443979,46.53892528221757,46.54807172961222,46.57391743273722,48.21738351114124,0.1089254838529854,1.75239156225701,0.0,0.0,0.00914644739464876,0.02584570312500034
680,46.516240464549384,160,4608,15,5,0,5,46.516240464549384,4416,0.07515733333333334,46.59139779788272,46.59139779788272,46.61999779788272,46.63648670539896,46.66285747362812,50.83843015796688,0.14661700907873865,4.322189693417499,0.0,0.0,0.01648890751624066,0.026370768229163843
681,46.52173868075958,96,3200,2,1,0,1,46.52173868075958,3072,0.05315555555555555,46.57489423631514,46.57489423631514,46.59567201409292,46.59976362414347,46.6258489106018,49.106822530837356,0.10411022984222029,2.5850838500777726,0.0,0.0,0.004091610050551253,0.026085286458332746
682,46.533340009476376,160,2048,42,1,0,,46.57489423631514,0,0.5830328888888889,47.157927125204026,47.157927125204026,47.1723049029818,47.173752719195555,47.19982474067993,51.3593436982875,0.6664847312035533,4.826003688811127,0.04155422683876253,0.0,0.0014478162137550044,0.026072021484374375
683,46.57768851721255,128,3200,2,1,0,1,47.157927125204026,3072,0.05315555555555555,47.21108268075958,47.21108268075958,47.23186045853736,47.251970248492434,47.27814153755494,50.600794908914985,0.7004530203423869,4.023106391702434,0.5802386079914754,0.0,0.020109789955071733,0.026171289062503433
684,46.657503274641535,160,2176,1,5,0,5,46.657503274641535,2048,0.050083555555555555,46.70758683019709,46.70758683019709,46.72267571908598,46.741972708003125,46.76832604052266,50.94226728904327,0.1108227658811245,4.284764014401738,0.0,0.0,0.019296988917147928,0.02635333251953398
685,46.663025408922906,96,512,2,2,0,1,46.663025408922906,0,0.15175822222222224,46.814783631145126,46.814783631145126,46.82062807558957,47.86498981827849,47.890998820964036,50.35896952762146,1.2279734120411305,3.6959441186985558,0.0,0.0,1.0443617426889205,0.026009002685547955
686,46.6739349410647,64,4608,35,6,0,6,46.6739349410647,4352,0.09293511111111111,46.76687005217581,46.76687005217581,46.79547005217581,46.80889213585665,46.83546091375844,48.516394001788576,0.16152597269373814,1.8424590607238756,0.0,0.0,0.013422083680843855,0.02656877790178669
687,46.68381948237483,160,1280,85,7,0,7,46.85349726632485,1088,0.06517333333333333,46.918670599658185,46.918670599658185,46.92878171076929,46.945273203016406,46.97200009103724,51.178970435789886,0.28818060866240813,4.495150953415056,0.16967778395002142,0.0,0.01649149224711266,0.026726888020832007
688,46.689114519098055,64,2176,5,2,0,2,46.814783631145126,2048,0.050083555555555555,46.86486718670068,46.86486718670068,46.87995607558957,47.917008311930836,47.94303000992888,49.57998458582173,1.2539154908308277,2.8908700667236715,0.12566911204707054,0.0,1.0370522363412675,0.02602169799804699
689,46.72275525973218,160,1344,33,2,0,2,46.86486718670068,1152,0.06536533333333333,46.93023252003401,46.93023252003401,46.94069918670068,47.995074870768725,48.021086314860526,52.151127968510544,1.2983310551283438,5.428372708778362,0.1421119269684965,0.0,1.0543756840680487,0.02601144409180023
690,46.753138737738055,128,2176,1,5,0,5,46.753138737738055,2048,0.050083555555555555,46.80322229329361,46.80322229329361,46.8183111821825,47.269132131831256,47.29549230028829,50.629814284387336,0.5423535625502325,3.876675546649281,0.0,0.0,0.4508209496487581,0.02636016845703182
691,46.777234229514576,96,2432,50,4,0,4,47.21993225552532,2240,0.06862933333333333,47.288561588858656,47.288561588858656,47.30507269996977,47.31920871083321,47.34554943348946,49.84602130035145,0.5683152039748833,3.0687870708368763,0.4426980260107456,0.0,0.014136010863438742,0.026340722656250648
692,46.787144501276416,96,832,60,1,0,1,47.21108268075958,640,0.06382933333333334,47.27491201409291,47.27491201409291,47.282534236315136,47.304313314898685,47.330357911252854,49.81403445969625,0.5432134099764383,3.0268899584198365,0.4239381794831658,0.0,0.021779078583548994,0.026044596354168448
693,46.8657244705289,64,2176,66,1,0,,47.27491201409291,256,0.5478613333333333,47.82277334742624,47.82277334742624,47.83786223631513,47.85135237739868,47.87740832047904,49.525709752665,1.0116838499501384,2.6599852821360983,0.4091875435640091,0.0,0.013490141083551066,0.02605594308035819
694,46.89827989958387,96,512,7,4,0,3,47.288561588858656,0,0.15175822222222224,47.440319811080876,47.440319811080876,47.44616425552532,47.45091720692696,47.47707817697904,49.97708340972645,0.5787982773951725,3.0788035101425777,0.39028168927478646,0.0,0.004752951401641781,0.026160970052082178
695,46.91034274496705,96,1664,0,3,0,3,46.91034274496705,1536,0.04854755555555555,46.95889030052261,46.95889030052261,46.97113474496705,46.97541051253109,47.001176974584666,49.48994429763026,0.090834229617613,2.579601552663206,0.0,0.0,0.0042757675640388015,0.025766462053574912
696,46.93933083587365,64,5120,7,3,0,3,46.95889030052261,4864,0.0944711111111111,47.05336141163372,47.05336141163372,47.08480585607817,47.10424770561145,47.130232996138794,48.780970648541725,0.1909021602651464,1.8416398126680775,0.019559464648963854,0.0,0.019441849533279765,0.025985290527344773
697,46.94728809402494,128,4416,111,6,0,6,46.94728809402494,4160,0.0923591111111111,47.03964720513605,47.03964720513605,47.06718053846938,47.07460188753076,47.10124837190576,50.46292445406876,0.15396027788082023,3.515636360043821,0.0,0.0,0.007421349061381477,0.026646484375000057
698,46.957349404236815,160,1664,0,3,0,3,47.05336141163372,1536,0.04854755555555555,47.10190896718928,47.10190896718928,47.11415341163372,47.130232996138794,47.15619952174643,51.34452996483171,0.19885011750961468,4.387180560594892,0.09601200739690796,0.0,0.01607958450507141,0.025966525607636015
699,46.96714881733114,160,2048,9,2,0,2,46.96714881733114,1856,0.06747733333333333,47.03462615066448,47.03462615066448,47.049003928442254,48.04709824723357,48.073098949137865,52.20336400366679,1.105950131806722,5.236215186335649,0.0,0.0,0.9980943187913169,0.026000701904294488
700,46.96810967184655,64,2048,2,1,0,1,47.82277334742624,0,0.5830328888888889,48.40580623631513,48.40580623631513,48.420184014092904,48.42649405801624,48.452611571037075,50.10300503261291,1.4845018991905263,3.1348953607663645,0.8546636755796939,0.0,0.006310043923335229,0.02611751302083576
701,47.00469837905653,64,1152,16,1,0,1,48.40580623631513,896,0.0825671111111111,48.48837334742624,48.48837334742624,48.49777334742624,48.50484806192249,48.53088754294927,50.18162359617825,1.5261891638927452,3.1769252171217204,1.4011078572586015,0.0,0.007074714496248191,0.026039481026785438
702,47.00857538261112,128,2176,1,5,0,5,47.00857538261112,2048,0.050083555555555555,47.05865893816667,47.05865893816667,47.07374782705556,47.7700588286086,47.79636186815938,51.12384346091827,0.7877864855482599,4.115268078307153,0.0,0.0,0.6963110015530347,0.026303039550782614
703,47.01540391393528,96,2048,71,7,0,7,47.01540391393528,0,0.5830328888888889,47.59843680282417,47.59843680282417,47.61281458060194,47.63823739572474,47.664761891167444,50.175517518027576,0.6493579772321638,3.1601136040922952,0.0,0.0,0.025422815122794873,0.02652449544270752
704,47.01838433474912,96,2304,158,7,0,7,47.59843680282417,2112,0.06824533333333334,47.6666821361575,47.6666821361575,47.682482136157496,47.691286874891404,47.71775513661015,50.22875785005883,0.6993708018610292,3.210373515309705,0.5800524680750456,0.0,0.008804738733907413,0.0264682617187475
705,47.036216502441945,160,4928,11,6,0,6,47.03964720513605,4736,0.07611733333333334,47.115764538469385,47.115764538469385,47.146142316247165,47.15454280549951,47.18127501036062,51.38308221132886,0.14505850791867658,4.3468657088869165,0.0034307026941036156,0.0,0.008400489252345267,0.026732204861112052
706,47.069304398754475,128,4096,53,7,0,4,47.6666821361575,0,1.1580657777777779,48.824747913935276,48.824747913935276,48.85050346949083,48.85262281239141,48.879096654467304,52.232169638587,1.8097922557128285,5.162865239832527,0.597377737403022,0.0,0.002119342900577692,0.026473842075894538
707,47.07252869307576,128,5248,3,0,0,0,47.07252869307576,5120,0.05929955555555556,47.131828248631315,47.131828248631315,47.16398380418687,47.18338142073996,47.20996509993918,50.581019279799314,0.13743640686342218,3.5084905867235534,0.0,0.0,0.01939761655309269,0.02658367919922
708,47.08905033199603,64,3200,2,1,0,1,48.48837334742624,3072,0.05315555555555555,48.541528902981796,48.541528902981796,48.562306680759576,48.5829679698466,48.60907410998332,50.26037534955183,1.5200237779872907,3.1713250175558017,1.3993230154302125,0.0,0.02066128908702325,0.026106140136718636
709,47.13401563403236,96,1664,0,3,0,3,47.13401563403236,1536,0.04854755555555555,47.18256318958792,47.18256318958792,47.19480763403236,47.20813403780546,47.234086479211705,49.727726686953176,0.10007084517934572,2.593711052920817,0.0,0.0,0.013326403773099571,0.025952441406246862
710,47.172452483283074,128,5184,7,3,0,3,47.18256318958792,4992,0.07688533333333333,47.259448522921254,47.259448522921254,47.29124852292125,47.311946733117956,47.338044478146365,50.68585161371099,0.16559199486329135,3.5133991304279135,0.01011070630484312,0.0,0.020698210196705702,0.02609774502840878
711,47.21009712639591,96,4096,127,7,0,,48.824747913935276,0,1.1580657777777779,49.982813691713055,49.982813691713055,50.00856924726861,50.01638128755882,50.042902771933825,52.546654623938565,2.832805645537917,5.336557497542657,1.614650787539368,0.0,0.0078120402902115416,0.026521484375003013
712,47.22311585776783,160,3200,2,1,0,1,48.541528902981796,3072,0.05315555555555555,48.59468445853735,48.59468445853735,48.61546223631513,48.63518073840129,48.66133845324504,52.83065623548989,1.4382225954772068,5.60754037772206,1.3184130452139655,0.0,0.019718502086156775,0.02615771484374818
713,47.24214049082054,160,2048,150,7,0,,49.982813691713055,0,0.5830328888888889,50.56584658060194,50.56584658060194,50.580224358379716,50.60112796724633,50.62756180513695,54.793004050208104,3.3854213143164102,7.550863559387565,2.740673200892516,0.0,0.020903608866611023,0.026433837890621703
714,47.255658685492534,96,2176,5,2,0,2,47.255658685492534,2048,0.050083555555555555,47.30574224104809,47.30574224104809,47.32083112993698,48.073098949137865,48.099111858073414,50.565905753651286,0.8434531725808796,3.310247068158752,0.0,0.0,0.7522678192008883,0.02601290893554875
715,47.26504998142076,64,4608,39,1,0,1,48.59468445853735,4352,0.09293511111111111,48.68761956964846,48.68761956964846,48.71621956964846,48.739814527463786,48.76608322863566,50.41767519862853,1.5010332472148988,3.1526252172077704,1.329634477116592,0.0,0.023594957815326723,0.02626870117187252
716,47.325594052793505,64,2176,5,2,0,2,47.325594052793505,2048,0.050083555555555555,47.37567760834906,47.37567760834906,47.39076649723795,48.12512525529021,48.15113718766325,49.78790034103006,0.8255431348697471,2.4623062882365545,0.0,0.0,0.7343587580522595,0.026011932373045
717,47.3459758579743,128,3008,6,0,0,0,47.3459758579743,2816,0.07035733333333334,47.416333191307636,47.416333191307636,47.43604430241875,47.449240185388405,47.47581543495438,50.843369359895,0.12983957698007487,3.4973935019206976,0.0,0.0,0.013195882969654349,0.02657524956597257
718,47.35658568674292,64,4224,107,4,0,,47.440319811080876,256,1.1228942222222222,48.5632140333031,48.5632140333031,48.58968069996976,48.6088813996353,48.63535511382801,50.29585274566394,1.278769427085095,2.9392670589210255,0.08373412433795835,0.0,0.01920069966553939,0.026473714192711384
719,47.375739660992295,128,4096,5,4,0,2,48.5632140333031,0,1.1580657777777779,49.721279811080876,49.721279811080876,49.74703536663643,49.76681243804676,49.793214903867074,53.120644779339635,2.4174752428747794,5.74490511834734,1.1874743723108026,0.0,0.01977707141033136,0.02640246582031125
720,47.38439200966381,128,640,84,4,0,,49.721279811080876,256,0.11658666666666667,49.837866477747546,49.837866477747546,49.844422033303104,49.84602130035145,49.872194762265515,53.1984457436951,2.487802752601702,5.81405373403129,2.3368878014170633,0.0,0.0015992670483484517,0.026173461914062557
721,47.40366579406945,64,1216,16,1,0,1,48.68761956964846,1024,0.06498133333333334,48.7526009029818,48.7526009029818,48.762356458537354,48.76608322863566,48.79229101450213,50.4437872591754,1.3886252204326865,3.0401214651059547,1.2839537755790147,0.0,0.003726770098303689,0.02620778586647532
722,47.40483657425854,128,4096,123,0,0,6,47.416333191307636,0,1.1580657777777779,48.574398969085415,48.574398969085415,48.60015452464097,48.62659857704422,48.653491922468326,51.9914911572708,1.2486553482097875,4.586654583012262,0.011496617049097324,0.0,0.02644405240324943,0.026893345424106485
723,47.45420466673207,128,2304,82,7,0,7,50.56584658060194,2112,0.06824533333333334,50.63409191393527,50.63409191393527,50.64989191393527,50.65399613130882,50.68036898287132,54.01061385245419,3.226164316139254,6.556409185722124,3.1116419138698745,0.0,0.004104217373551933,0.026372851562499022
724,47.4758023751147,128,640,116,0,0,,48.574398969085415,256,0.11658666666666667,48.690985635752085,48.690985635752085,48.69754119130764,48.707280078160295,48.73397709964467,52.06964875004424,1.2581747245299724,4.593846374929541,1.0985965939707185,0.0,0.009738886852652229,0.026697021484373806
725,47.494141863301685,64,4480,111,6,0,6,47.494141863301685,4288,0.07477333333333333,47.56891519663502,47.56891519663502,47.59680408552391,47.60877579703597,47.635516031410965,49.308850853808345,0.14137416810928016,1.8147089905066593,0.0,0.0,0.011971711512060779,0.02674023437499784
726,47.516941852678166,64,1344,81,5,0,5,47.516941852678166,1152,0.06536533333333333,47.5823071860115,47.5823071860115,47.592773852678164,48.00680376269063,48.03312779833516,49.69006563581911,0.5161859456569928,2.1731237831409445,0.0,0.0,0.4140299100124665,0.02632403564452801
727,47.53931094098095,96,4352,87,4,0,4,49.837866477747546,4160,0.07438933333333334,49.91225581108088,49.91225581108088,49.93943358885866,49.9507180776952,49.97708340972645,52.472521441463314,2.4377724687455,4.933210500482367,2.2985555367665995,0.0,0.01128448883653732,0.026365332031247135
728,47.5583557048976,160,2304,86,7,0,7,50.63409191393527,2112,0.06824533333333334,50.7023372472686,50.7023372472686,50.7181372472686,50.733116150840075,50.75944891451195,54.92295702262022,3.201093209614349,7.364601317722617,3.0757362090376716,0.0,0.014978903571474689,0.026332763671874204
729,47.55883072386006,96,2048,80,6,0,7,47.56891519663502,0,0.5830328888888889,48.151948085523905,48.151948085523905,48.16632586330168,48.17095389762191,48.19768838112885,50.699308758539246,0.6388576572687867,3.140478034679184,0.010084472774956055,0.0,0.004628034320226959,0.026734483506942297
730,47.57652868546999,96,1280,89,2,0,2,47.57652868546999,1088,0.06517333333333333,47.64170201880332,47.64170201880332,47.65181312991443,48.437300670329265,48.46329404801481,50.92838323846032,0.8867653625448213,3.351854552990332,0.0,0.0,0.7854875404148345,0.025993377685544772
731,47.59990194366119,64,2368,86,7,0,7,50.7023372472686,2176,0.06843733333333334,50.77077458060194,50.77077458060194,50.786930136157494,50.812115906699454,50.83842470971285,52.49430068106747,3.238522766051659,4.894398737406284,3.1024353036074146,0.0,0.025185770541959585,0.02630880301339289
732,47.65406178421274,160,2368,82,7,0,7,50.77077458060194,2176,0.06843733333333334,50.83921191393527,50.83921191393527,50.85536746949083,50.86473400100749,50.8910245893864,55.05288606925107,3.236962805173654,7.39882428503833,3.1167127963891943,0.0,0.00936653151666178,0.026290588378905966
733,47.69167385765605,64,768,80,7,0,7,50.83921191393527,512,0.0814151111111111,50.920627025046386,50.920627025046386,50.92789369171305,50.943607230987965,50.9697973894081,52.62492845816708,3.278123531752051,4.9332546005110345,3.147538056279224,0.0,0.01571353927491259,0.02619015842013539
734,47.695834173448,96,1344,77,0,0,0,48.690985635752085,1088,0.0831431111111111,48.7741287468632,48.7741287468632,48.784595413529864,48.78737260745717,48.814071093785294,51.31260652757758,1.1182369203372957,3.61677235412958,0.9951514623040865,0.0,0.0027771939273080193,0.02669848632812233
735,47.75421793354605,128,832,88,6,0,6,48.151948085523905,640,0.06382933333333334,48.215777418857236,48.215777418857236,48.22339964107946,48.22442335291704,48.251025891979545,51.59143392065469,0.496807958433493,3.8372159871086353,0.39773015197785355,0.0,0.0010237118375826526,0.026602539062501762
736,47.781385839999906,96,1408,77,0,0,0,48.7741287468632,1216,0.06555733333333334,48.83968608019653,48.83968608019653,48.85050830241875,48.8673395438411,48.89379919960282,51.390855446383384,1.112413359602911,3.6094696063834775,0.9927429068632918,0.0,0.016831241422345045,0.026459655761719603
737,47.814036089638854,160,1152,101,4,0,,49.91225581108088,256,0.2603448888888889,50.17260069996977,50.17260069996977,50.18200069996977,50.19016153472644,50.21658360503894,54.36491040433964,2.4025475154000873,6.550874314700785,2.098219721442028,0.0,0.008160834756672841,0.026422070312499102
738,47.81432579937999,64,4672,15,5,0,5,47.81432579937999,4480,0.07534933333333334,47.88967513271333,47.88967513271333,47.918630688268884,48.191082266108594,48.21741362597187,49.87356548289586,0.4030878265918787,2.0592396835158695,0.0,0.0,0.2724515778397105,0.026331359863277726
739,47.83629464510349,96,2240,62,0,0,0,48.83968608019653,2048,0.06805333333333334,48.90773941352986,48.90773941352986,48.92318385797431,48.946719975970005,48.97314027761931,51.469189430758384,1.136845632515815,3.6328947856548908,1.003391435093036,0.0,0.02353611799569677,0.026420301649302758
740,47.87178200546451,64,832,80,7,0,7,50.920627025046386,640,0.06382933333333334,50.98445635837972,50.98445635837972,50.99207858060194,50.99598803610949,51.022100682593866,52.67734392447568,3.1503186771293556,4.8055619190111685,3.0488450195818757,0.0,0.003909455507546511,0.026112646484378388
741,47.88059017222911,64,4352,91,7,0,7,50.98445635837972,4096,0.0921671111111111,51.076623469490826,51.076623469490826,51.103801247268606,51.12655615134386,51.15276304942625,52.80836183829404,3.2721728771971357,4.927771666064928,3.1038661861506043,0.0,0.022754904075256377,0.02620689808238552
742,47.88534571591671,128,4416,91,7,0,7,51.076623469490826,4224,0.07458133333333333,51.15120480282416,51.15120480282416,51.17873813615749,51.178970435789886,51.2053104127075,54.53323824210263,3.319964696790784,6.647892526185913,3.191277753574113,0.0,0.0002322996323940174,0.026339976917611807
743,47.912460320689526,96,2048,86,4,0,7,50.17260069996977,0,0.5830328888888889,50.75563358885866,50.75563358885866,50.77001136663643,50.79481148589832,50.821024181210824,53.302187198773225,2.908563860521298,5.3897268780836995,2.2601403792802444,0.0,0.024800119261890075,0.02621269531250192
744,47.923610283487136,128,4672,19,7,0,7,51.15120480282416,4416,0.0931271111111111,51.24433191393527,51.24433191393527,51.273287469490825,51.28433327314784,51.31075347985357,54.637295737219816,3.3871431963664307,6.71368545373268,3.227594519337025,0.0,0.011045803657012243,0.026420206705729754
745,47.92819933042544,128,4224,95,3,0,,47.92819933042544,256,1.1228942222222222,49.051093552647664,49.051093552647664,49.07756021931433,49.09476729567714,49.12110901117193,52.47639611473405,1.1929096807464887,4.548196784308608,0.0,0.0,0.017207076362808493,0.02634171549479447
746,47.95303861533226,160,1408,33,2,0,2,47.95303861533226,1216,0.06555733333333334,48.01859594866559,48.01859594866559,48.029418170887816,48.515282268229655,48.54125953263395,52.67305850236471,0.5882209173016903,4.72001988703245,0.0,0.0,0.4858640973418389,0.025977264404296818
747,47.96682883344973,160,4096,159,4,0,0,50.75563358885866,0,1.1580657777777779,51.913699366636436,51.913699366636436,51.93945492219199,51.94863199371082,51.97499381011707,56.10688422025761,4.008164976667338,8.14005538680788,2.7888047554089255,0.0,0.009177071518827518,0.026361816406250682
748,47.998951492619646,160,4288,115,0,0,0,48.90773941352986,4096,0.07419733333333334,48.98193674686319,48.98193674686319,49.00875896908541,49.02598234576167,49.05247131060542,53.2230000491683,1.053519817985773,5.224048556548652,0.9087879209102141,0.0,0.017223376676255953,0.026488964843750296
749,48.016094886883145,128,4480,83,7,0,7,51.24433191393527,4288,0.07477333333333333,51.3191052472686,51.3191052472686,51.34699413615749,51.363595358108775,51.39007593953907,54.71533226676083,3.373981052655921,6.699237379877687,3.228237027052124,0.0,0.016601221951283662,0.02648058143029175
750,48.01710921245597,64,1024,24,7,0,7,51.3191052472686,832,0.06440533333333334,51.383510580601936,51.383510580601936,51.392199469490826,51.4165570092506,51.442968455958194,53.09541960806943,3.4258592435022237,5.078310395613457,3.301996034812632,0.0,0.024357539759776614,0.026411446707591324
751,48.01967696770623,64,4288,131,2,0,2,48.01967696770623,4096,0.07419733333333334,48.09387430103956,48.09387430103956,48.120696523261785,48.59321552628629,48.61923527115934,50.255545895345534,0.599558303453108,2.2358689276393022,0.0,0.0,0.4725190030245088,0.02601974487304659
752,48.02313056943882,96,1408,81,5,0,5,48.02313056943882,1216,0.06555733333333334,48.08868790277215,48.08868790277215,48.099510124994374,48.21741362597187,48.2437454741164,50.73405300952938,0.22061490467758205,2.710922440090563,0.0,0.0,0.1179035009774978,0.0263318481445296
753,48.037698233439926,64,2048,93,6,0,,48.215777418857236,0,0.5830328888888889,48.79881030774612,48.79881030774612,48.8131880855239,48.834196875672504,48.860682471375625,50.515186227072235,0.8229842379356995,2.477487993632309,0.17807918541731027,0.0,0.021008790148606238,0.02648559570312159
754,48.097334369596105,128,2176,118,3,0,,49.051093552647664,256,0.5478613333333333,49.598954885980994,49.598954885980994,49.614043774869884,49.62218404372401,49.64856897210943,52.99706370099707,1.5512346025133255,4.8997293314009625,0.9537591830515595,0.0,0.008140268854127442,0.026384928385418505
755,48.098532674308565,128,896,80,7,0,7,51.383510580601936,704,0.06402133333333333,51.44753191393527,51.44753191393527,51.45550969171305,51.46938039094703,51.495727819332444,54.81890148062803,3.397195145023879,6.720368806319463,3.2849779062933706,0.0,0.01387069923398343,0.026347428385413707
756,48.18818470499558,96,960,80,7,0,7,51.44753191393527,768,0.06421333333333333,51.51174524726861,51.51174524726861,51.52007858060194,51.52207573599911,51.548369162512785,54.03673393912411,3.3601844575172066,5.848549234128534,3.259347208939694,0.0,0.0019971553971700473,0.026293426513674945
757,48.20032086180366,64,4096,80,3,0,7,49.598954885980994,0,1.1580657777777779,50.75702066375877,50.75702066375877,50.78277621931433,50.79125753819015,50.81777206455734,52.47639611473405,2.617451202753678,4.27607525293039,1.3986340241773334,0.0,0.008481318875823263,0.026514526367186875
758,48.20609203665717,96,2368,98,3,0,3,50.75702066375877,2176,0.06843733333333334,50.82545799709211,50.82545799709211,50.841613552647665,50.84428707920578,50.87073073154953,53.36311448224706,2.6646386948923606,5.157022445589895,2.550928627101605,0.0,0.0026735265581123713,0.026443652343751012
759,48.21465614716,128,256,108,0,0,,48.98193674686319,0,0.07987911111111111,49.0618158579743,49.0618158579743,49.06623808019653,49.07896076373042,49.10532661955428,52.435305843439124,0.8906704723942838,4.220649696279125,0.7672805997031915,0.0,0.012722683533894497,0.02636585582386175
760,48.24165752558684,64,1216,133,6,0,6,48.79881030774612,1024,0.06498133333333334,48.86379164107946,48.86379164107946,48.873547196635016,48.88716855536,48.91355592515166,50.56767911986737,0.6718983995648244,2.326021594280533,0.5571527821592852,0.0,0.013621358724982713,0.026387369791663673
761,48.244508252635555,96,1472,21,4,0,4,51.913699366636436,1152,0.10130488888888889,52.01500425552533,52.01500425552533,52.0261820333031,52.02771890777332,52.05399011313046,54.520083133831825,3.8094818604949054,6.27557488119627,3.6691911140008813,0.0,0.0015368744702186632,0.02627120535714056
762,48.24547281530946,128,704,84,4,0,4,52.01500425552533,512,0.06344533333333334,52.07844958885866,52.07844958885866,52.08536069996977,52.1065339886885,52.13269054386428,55.42759308256229,3.887217728554816,7.182120267252827,3.7695314402158644,0.0,0.021173288718728145,0.026156555175781193
763,48.25702507614396,96,1088,80,7,0,7,51.51174524726861,832,0.08237511111111111,51.59412035837972,51.59412035837972,51.60316480282416,52.232169638587,52.25838054556942,54.741220419837006,4.001355469425462,6.484195343693045,3.254720171124646,0.0,0.6290048357628422,0.026210906982420568
764,48.25739822029312,64,2048,83,1,0,7,48.7526009029818,0,0.5830328888888889,49.335633791870684,49.335633791870684,49.35001156964846,49.3685905972436,49.394753771959515,51.045627319939285,1.1373555516663956,2.7882290996461663,0.49520268268867795,0.0,0.018579027595144737,0.026163174715911452
765,48.297652124974206,96,1344,89,2,0,2,48.297652124974206,1152,0.06536533333333333,48.36301745830754,48.36301745830754,48.373484124974205,48.697297435465984,48.72326835221403,51.18778709936992,0.4256162272398214,2.890134974395714,0.0,0.0,0.3238133104917793,0.02597091674804375
766,48.34129960455777,128,640,112,3,0,,50.82545799709211,256,0.11658666666666667,50.94204466375878,50.94204466375878,50.948600219314336,50.95006461826828,50.97632137282557,54.29840449074524,2.635021768267805,5.957104886187473,2.48415839253434,0.0,0.0014643989539422364,0.026256754557294926
767,48.36950659421739,128,1152,80,7,0,7,51.59412035837972,960,0.06478933333333334,51.65890969171305,51.65890969171305,51.66830969171305,52.49430068106747,52.520477408362396,55.83151552481748,4.150970814145005,7.462008930600092,3.224613764162328,0.0,0.8259909893544233,0.026176727294924262
768,48.37260525879776,128,1344,85,7,0,7,51.65890969171305,1152,0.06536533333333333,51.72427502504638,51.72427502504638,51.73474169171305,52.546654623938565,52.572745413733486,55.88347298331358,4.200140154935724,7.510867724515819,3.286304432915287,0.0,0.8119129322255176,0.026090789794920966
769,48.375527591616965,128,896,88,6,0,6,48.86379164107946,704,0.06402133333333333,48.927812974412795,48.927812974412795,48.93579075219057,48.93994378322458,48.96613942124541,52.29737722637241,0.5906118296284433,3.9218496347554463,0.4882640494624937,0.0,0.004153031034007881,0.02619563802083036
770,48.39589192216667,160,4416,87,4,0,4,52.07844958885866,4224,0.07458133333333333,52.153030922191995,52.153030922191995,52.180564255525326,52.18500511905959,52.21127405352139,56.34120117582402,3.815382131354724,7.945309253657349,3.6825576666919915,0.0,0.004440863534263428,0.026268934461803894
771,48.4061921739722,128,4672,35,6,0,6,48.927812974412795,4480,0.07534933333333334,49.00316230774613,49.00316230774613,49.032117863301686,49.04482226222848,49.07122292412084,52.401949266636834,0.6650307501486381,3.9957570926646326,0.5216208004405942,0.0,0.012704398926793203,0.026400661892360233
772,48.47814220278861,128,4608,83,7,0,7,51.72427502504638,4352,0.09293511111111111,51.81721013615749,51.81721013615749,51.84581013615749,52.62492845816708,52.651135947180755,55.9613542394171,4.172993744392144,7.483212036628487,3.2461328222577706,0.0,0.7791183220095945,0.026207489013671648
773,48.47986856562095,64,5248,7,3,0,3,50.94204466375878,5056,0.07707733333333333,51.019121997092114,51.019121997092114,51.05127755264767,51.05509456618495,51.081539529912625,52.73707808087988,2.601670964291678,4.2572095152589355,2.4621760981378316,0.0,0.003817013537279479,0.026444963727676907
774,48.536471060695426,128,704,104,7,0,7,51.81721013615749,512,0.06344533333333334,51.880655469490826,51.880655469490826,51.887566580601934,52.67734392447568,52.70354653067685,56.01314079947569,4.167075469981427,7.4766697387802665,3.2807390754620656,0.0,0.7897773438737445,0.026202606201174206
775,48.61057782227756,96,768,104,7,0,7,51.880655469490826,576,0.06363733333333334,51.94429280282416,51.94429280282416,51.951559469490824,52.80836183829404,52.834455557776465,55.312243674231546,4.2238777354989026,6.701665851953983,3.270077647213263,0.0,0.8568023688032156,0.026093719482425115
776,48.655468267508674,128,1216,101,4,0,4,52.153030922191995,1024,0.06498133333333334,52.21801225552533,52.21801225552533,52.22776781108089,52.23754347626445,52.26374577118632,55.55802795805057,3.608277503677648,6.902559690541899,3.497562654683321,0.0,0.009775665183560989,0.026202294921873204
777,48.80920730777431,160,2176,114,5,0,,48.80920730777431,256,0.5478613333333333,49.35706864110764,49.35706864110764,49.37215752999653,49.37466982106258,49.40101235035946,53.53728618802691,0.5918050425851504,4.728078880252603,0.0,0.0,0.0025122910660542175,0.026342529296876194
778,48.849260090304554,128,1216,93,6,0,,49.00316230774613,256,0.27831466666666665,49.2814769744128,49.2814769744128,49.291232529968354,49.308850853808345,49.33507584295765,52.662161679712035,0.48581575265309596,3.812901589407481,0.15390221744157628,0.0,0.01761832383999007,0.0262249891493056
779,48.87686695084732,96,2240,70,5,0,5,49.35706864110764,2048,0.06805333333333334,49.42512197444097,49.42512197444097,49.44056641888542,49.45369887379696,49.48002011847026,51.95321098362722,0.6031531676229349,3.0763440327799003,0.4802016902603157,0.0,0.013132454911541913,0.026321244673297883
780,48.91868902386555,64,2432,82,7,0,7,51.94429280282416,2240,0.06862933333333333,52.01292213615749,52.01292213615749,52.02943324726861,53.09541960806943,53.121559714270596,54.76711589713193,4.2028706904050495,5.8484268732663836,3.0256037789586117,0.0,1.0659863608008209,0.026140106201168578
781,48.92636450424776,64,768,84,4,0,4,52.21801225552533,576,0.06363733333333334,52.28164958885866,52.28164958885866,52.28891625552533,52.28994855438945,52.316076528466155,53.949942630902136,3.3897120242183973,5.023578126654378,3.291647751277573,0.0,0.00103229886411782,0.02612797407670797
782,48.93602685010856,128,2368,106,6,0,6,49.2814769744128,2176,0.06843733333333334,49.34991430774613,49.34991430774613,49.36606986330169,49.38752728610001,49.41374671969376,52.74021362532502,0.47771986958520074,3.8041867752164578,0.34545012430423583,0.0,0.021457422798320636,0.026219433593752228
783,48.936171205236256,160,896,20,4,0,4,52.28164958885866,704,0.06402133333333333,52.345670922192,52.345670922192,52.353648699969774,52.36833394146331,52.394405718807064,56.52349554838261,3.458234513570808,7.587324343146356,3.3454783836224067,0.0,0.014685241493538115,0.02607177734375199
784,48.94643584379146,128,1216,80,7,0,7,52.01292213615749,1024,0.06498133333333334,52.07790346949083,52.07790346949083,52.087659025046385,54.01061385245419,54.03673393912411,57.34209432120421,5.090298095332649,8.395658477412745,3.0664862923660294,0.0,1.922954827407807,0.02612008666991983
785,48.97238319277599,160,832,84,4,0,4,52.345670922192,640,0.06382933333333334,52.40950025552533,52.40950025552533,52.417122477747554,52.42047798443206,52.44649946880706,56.575597721234175,3.4741162760310687,7.603214528458182,3.373287729416006,0.0,0.0033555066845067927,0.026021484375000625
786,48.98866161192518,64,4352,115,0,0,0,49.0618158579743,4160,0.07438933333333334,49.13620519130764,49.13620519130764,49.16338296908542,49.18442711671337,49.2108580249165,50.8695578364575,0.2221964129913161,1.8808962245323215,0.07315424604912124,0.0,0.021044147627954146,0.02643090820312466
787,49.01162413535734,160,1472,81,5,0,5,49.42512197444097,1280,0.06574933333333334,49.490871307774306,49.490871307774306,49.50204908555208,49.5063418514248,49.53261378339094,53.6673759097066,0.5209896480336056,4.6557517743492625,0.41349783908363236,0.0,0.0042927658727194284,0.02627193196614286
788,49.0633457727969,160,1280,80,7,0,7,52.07790346949083,1088,0.06517333333333333,52.14307680282416,52.14307680282416,52.15318791393527,54.03673393912411,54.06286135001278,58.204340384436634,4.999515577215881,9.140994611639734,3.0145576966939274,0.0,1.883546025188842,0.026127410888669544
789,49.13003992714849,160,512,89,7,0,2,52.14307680282416,0,0.15175822222222224,52.29483502504638,52.29483502504638,52.300679469490824,54.53323824210263,54.55925188346005,58.69987984366514,5.429211956311562,9.56983991651665,3.013036875675674,0.0,2.232558772611803,0.026013641357423012
790,49.13650652392404,160,1152,149,0,0,,49.13650652392404,256,0.2603448888888889,49.39685141281293,49.39685141281293,49.40625141281293,49.4223228686665,49.448691032728995,53.61557573276205,0.31218450880495396,4.479069208838013,0.0,0.0,0.01607145585357017,0.026368164062496646
791,49.15124258393691,160,4672,83,7,0,7,52.29483502504638,4480,0.07534933333333334,52.37018435837972,52.37018435837972,52.39913991393527,54.637295737219816,54.66330742545224,58.80415608878232,5.5120648415153255,9.652913504845408,3.143592441109469,0.0,2.2381558232845435,0.026011688232422614
792,49.15847784721412,160,1408,129,5,0,5,49.490871307774306,1216,0.06555733333333334,49.55642864110764,49.55642864110764,49.56725086332986,49.585159112166984,49.6113874399915,53.745485406776915,0.45290959277738096,4.587007559562792,0.3323934605601835,0.0,0.017908248837123608,0.026228327824519226
793,49.17596287896764,128,4352,131,2,0,2,49.17596287896764,4160,0.07438933333333334,49.250352212300974,49.250352212300974,49.277529990078754,49.293956428269645,49.31996987228006,52.621485097416794,0.1440069933124235,3.445522218449156,0.0,0.0,0.016426438190890735,0.02601344401041672
794,49.19799106073488,64,256,80,3,0,7,51.019121997092114,0,0.07987911111111111,51.099001108203225,51.099001108203225,51.10342333042545,51.107984981921554,51.13426580467546,52.78861118634863,1.9362747439405794,3.5906201256137535,1.8211309363572354,0.0,0.004561651496103991,0.026280822753903976
795,49.20388866094606,96,4096,80,0,0,7,49.39685141281293,0,1.1580657777777779,50.55491719059071,50.55491719059071,50.58067274614626,50.581019279799314,50.607242246773744,53.0916641116683,1.4033535858276807,3.8877754507222377,0.1929627518668653,0.0,0.0003465336530510399,0.02622296697443005
796,49.207109361151055,96,2240,114,5,0,5,49.55642864110764,2048,0.06805333333333334,49.62448197444097,49.62448197444097,49.639926418885416,49.66384556048429,49.69006563581911,52.16040483128348,0.48295627466805513,2.9532954701324243,0.34931927995658185,0.0,0.023919141598874205,0.026220075334819626
797,49.21734677054206,160,896,84,4,0,4,52.40950025552533,704,0.06402133333333333,52.47352158885867,52.47352158885867,52.48149936663644,52.498448117895606,52.52433761609272,56.65405640043339,3.306990845550665,7.436709629891332,3.1921534849832724,0.0,0.016948751259164396,0.025889498197116723
798,49.22903187813381,160,2432,34,0,0,0,50.55491719059071,2240,0.06862933333333333,50.62354652392404,50.62354652392404,50.640057635035156,50.65968964556636,50.685910999733025,54.85290634450871,1.456879121599215,5.6238744663749,1.3258853124568972,0.0,0.019632010531204003,0.026221354166665378
799,49.268055934853294,64,4288,107,4,0,4,52.47352158885867,4096,0.07419733333333334,52.547718922192,52.547718922192,52.57454114441422,52.576118077330705,52.602094953725796,54.235588810101355,3.3340390188725024,4.967532875248061,3.2054656540053728,0.0,0.0015769329164854184,0.025976876395091608
800,49.28815602691345,64,4224,75,6,0,,49.34991430774613,256,1.1228942222222222,50.472808529968354,50.472808529968354,50.49927519663502,50.515186227072235,50.54143242932918,52.19299650650634,1.2532764024157288,2.9048404795928917,0.06175828083268442,0.0,0.01591103043721631,0.026246202256942297
801,49.328089609119594,64,1280,137,2,0,2,49.328089609119594,1024,0.0829511111111111,49.41104072023071,49.41104072023071,49.42115183134182,49.424028531134226,49.450019986212354,51.08392730584313,0.12193037709275956,1.755837696723539,0.0,0.0,0.002876699792409454,0.0259914550781275
802,49.329534525917,64,3200,2,1,0,1,49.335633791870684,3072,0.05315555555555555,49.38878934742624,49.38878934742624,49.40956712520402,49.42091743495667,49.44711478196188,51.098004761345535,0.11758025604488154,1.7684702354285378,0.0060992659536864835,0.0,0.01135030975265039,0.02619734700520837
803,49.35176370974958,128,1536,81,5,0,5,49.62448197444097,1344,0.06594133333333334,49.6904233077743,49.6904233077743,49.701956641107635,49.71632720432873,49.74255268563453,53.04278089831337,0.3907889758849521,3.691017188563791,0.2727182646913917,0.0,0.014370563221092425,0.026225481305800713
804,49.35390275230708,96,2048,88,1,0,6,49.38878934742624,0,0.5830328888888889,49.97182223631513,49.97182223631513,49.9862000140929,49.998077379618124,50.02434446946187,52.51622165355164,0.6704417171547945,3.1623189012445607,0.03488659511916126,0.0,0.011877365525222672,0.026267089843749147
805,49.359346750223175,64,512,70,7,0,5,52.37018435837972,0,0.15175822222222224,52.52194258060194,52.52194258060194,52.52778702504638,54.71533226676083,54.741220419837006,56.377260001135845,5.381873669613832,7.01791325091267,3.0108376081565424,0.0,2.187545241714453,0.025888153076174092
806,49.370096902891675,160,1408,85,7,0,7,52.52194258060194,1216,0.06555733333333334,52.58749991393527,52.58749991393527,52.59832213615749,54.741220419837006,54.76711589713193,58.90803780264951,5.3970189942402556,9.537940899757835,3.151845677710263,0.0,2.1428982836795143,0.025895477294923808
807,49.37534502268884,96,960,84,4,0,4,52.547718922192,768,0.06421333333333333,52.61193225552533,52.61193225552533,52.620265588858665,52.62807231840213,52.65401623116255,55.11595856107792,3.2786712084737104,5.740613538389077,3.1723738995031567,0.0,0.0078067295434678385,0.025943912760418186
808,49.46442907182734,128,2240,90,7,0,7,52.58749991393527,2048,0.06805333333333334,52.6555532472686,52.6555532472686,52.67099769171305,54.76711589713193,54.793004050208104,58.09989031119444,5.3285749783807645,8.635461239367103,3.1230708421079285,0.0,2.0961182054188825,0.025888153076174092
809,49.48073675703463,160,1024,84,4,0,4,52.61193225552533,832,0.06440533333333334,52.676337588858665,52.676337588858665,52.685026477747556,52.705905521527136,52.731823063031044,56.86337231840214,3.2510863059964166,7.382635561367515,3.1311954984907047,0.0,0.02087904377957983,0.025917541503908126
810,49.56795167583292,128,2048,83,3,0,7,51.099001108203225,0,0.5830328888888889,51.68203399709211,51.68203399709211,51.69641177486989,51.71335662498796,51.73966149559343,55.05717406384791,2.1717098197605083,5.489222388014987,1.5310494323703026,0.0,0.016944850118072452,0.02630487060547182
811,49.58751819513482,64,2240,42,6,0,,50.472808529968354,256,0.5658311111111111,51.03863964107946,51.03863964107946,51.05408408552391,51.068497723383,51.094836956781435,52.74021362532502,1.5073187616466157,3.1526954301901995,0.8852903348335346,0.0,0.014413637859085782,0.026339233398438466
812,49.593626905083156,96,2496,86,7,0,7,52.6555532472686,2240,0.0865991111111111,52.74215235837971,52.74215235837971,52.75901902504638,54.793004050208104,54.81890148062803,57.28982240958311,5.225274575544873,7.696195504499954,3.061926342185444,0.0,2.0339850251617264,0.025897430419924206
813,49.62385676681802,160,4800,83,7,0,7,52.74215235837971,4544,0.0935111111111111,52.835663469490825,52.835663469490825,52.86533013615749,54.81890148062803,54.8449146337042,58.98592198844052,5.221057866886177,9.362065221622501,3.11829559156169,0.0,1.9535713444705394,0.026013153076171136
814,49.65851434529505,64,832,64,1,0,1,49.97182223631513,640,0.06382933333333334,50.03565156964846,50.03565156964846,50.04327379187068,50.050612047586874,50.07680829595927,51.72543663448542,0.41829395066421426,2.066922289190366,0.3133078910200737,0.0,0.007338255716192066,0.026196248372393427
815,49.659653578363546,96,1472,80,7,0,7,52.835663469490825,1152,0.10130488888888889,52.936968358379715,52.936968358379715,52.94814613615749,54.92295702262022,54.948941855383886,57.42045897574522,5.28928827702034,7.760805397381674,3.176009891127279,0.0,1.974810886462727,0.02598483276366892
816,49.666425741766375,160,768,128,7,0,7,52.936968358379715,576,0.06363733333333334,53.00060569171305,53.00060569171305,53.007872358379714,55.05288606925107,55.078819632483494,59.21886556143857,5.412393890717119,9.552439819672195,3.2705426166133407,0.0,2.045013710871359,0.02593356323242091
817,49.67059377117136,128,1024,88,6,0,6,51.03863964107946,768,0.08218311111111111,51.12082275219058,51.12082275219058,51.12951164107947,51.14751688842206,51.17376417574845,54.482694511483935,1.5031704045770908,4.812100740312573,1.3680458699081015,0.0,0.018005247342593123,0.0262472873263917
818,49.70774276488441,64,4096,86,3,0,7,51.68203399709211,0,1.1580657777777779,52.84009977486989,52.84009977486989,52.86585533042545,52.86637278302832,52.892509990059565,54.53444443215149,3.1847672251751575,4.826701667267081,1.9742912322077046,0.0,0.0005174526028710602,0.026137207031247556
819,49.71251517403991,160,1280,93,6,0,6,51.12082275219058,1088,0.06517333333333333,51.18599608552391,51.18599608552391,51.19610719663502,51.20001195135609,51.22619788885609,55.37276354864795,1.5136827148161842,5.660248374608045,1.4083075781506693,0.0,0.0039047547210699918,0.026185937500002865
820,49.739013825658844,96,1536,80,7,0,7,53.00060569171305,1344,0.06594133333333334,53.06654702504638,53.06654702504638,53.078080358379715,55.312243674231546,55.338202628088965,57.81239211173155,5.59918880243012,8.073378286072703,3.2615918660542036,0.0,2.2341633158518306,0.025958953857418976
821,49.76368009616888,128,1600,80,7,0,7,53.06654702504638,1408,0.06613333333333334,53.132680358379716,53.132680358379716,53.144569247268606,55.83151552481748,55.857494009924906,59.167099509192475,6.093813913756023,9.403419413023592,3.302866928877499,0.0,2.686946277548877,0.025978485107422955
822,49.78914019699244,64,1664,4,2,0,2,49.78914019699244,1536,0.04854755555555555,49.837687752548,49.837687752548,49.84993219699244,49.86585493087381,49.89182921472798,51.52595531226055,0.10268901773553551,1.736815115268108,0.0,0.0,0.01592273388136789,0.025974283854168334
823,49.873842561928754,160,1088,88,6,0,6,51.18599608552391,896,0.06459733333333334,51.25059341885724,51.25059341885724,51.259637863301684,51.27857122869984,51.30469898083052,55.45181810298034,1.4308564189017687,5.577975541051586,1.312153523595157,0.0,0.018933365398154933,0.026127752130683746
824,49.89071271100819,96,2240,102,1,0,1,50.03565156964846,2048,0.06805333333333334,50.10370490298179,50.10370490298179,50.11914934742624,50.12921734617825,50.155420227037624,52.64724981110373,0.2647075160294321,2.756537100095535,0.14493885864026623,0.0,0.010067998752013807,0.026202880859372613
825,49.89810036223583,128,2048,131,3,0,2,52.84009977486989,0,0.5830328888888889,53.42313266375878,53.42313266375878,53.43751044153655,53.441513408028314,53.4676138718955,56.77030342463875,3.5695135096596715,6.872203062402917,2.941999412634061,0.0,0.0040029664917611285,0.026100463867187784
826,49.939090429558476,128,2240,66,1,0,1,50.10370490298179,2048,0.06805333333333334,50.17175823631512,50.17175823631512,50.18720268075957,50.207882917911206,50.23412888959089,53.56446231807917,0.29503846003241563,3.6253718885206965,0.16461447342331326,0.0,0.02068023715163747,0.026245971679685454
827,49.951870848880716,128,4416,115,0,0,0,50.62354652392404,4224,0.07458133333333333,50.698127857257376,50.698127857257376,50.725661190590706,50.73835517291011,50.76464979430434,54.08801530795736,0.8127789454236236,4.136144459076647,0.6716756750433248,0.0,0.012693982319404995,0.026294621394228557
828,49.95551127665037,96,832,100,7,0,7,53.132680358379716,640,0.06382933333333334,53.19650969171305,53.19650969171305,53.20413191393527,55.88347298331358,55.909432913733504,58.38701692862608,5.953921637083134,8.431505651975712,3.177169081729346,0.0,2.67934106937831,0.025959930419922728
829,49.98007357989868,160,4480,87,4,0,4,52.676337588858665,4288,0.07477333333333333,52.751110922192,52.751110922192,52.77899981108089,53.120644779339635,53.14657794584354,57.28390845121464,3.16650436594486,7.3038348713159635,2.696264008959986,0.0,0.34164496825874835,0.025933166503904204
830,50.00511759718046,64,768,48,4,0,4,52.751110922192,576,0.06363733333333334,52.81474825552533,52.81474825552533,52.822014922192,53.1984457436951,53.224380375042756,54.856236759320105,3.2192627778622978,4.851119162139646,2.74599332501154,0.0,0.37643082150310647,0.025934631347652726
831,50.02568423202577,128,2496,82,7,0,7,53.19650969171305,2304,0.06882133333333333,53.26533102504638,53.26533102504638,53.282197691713044,55.9613542394171,55.98724727530577,59.29687865347959,5.961563043280002,9.27119442145382,3.170825459687279,0.0,2.6791565477040535,0.025893035888671534
832,50.057026216618254,96,4480,91,7,0,7,53.26533102504638,4288,0.07477333333333333,53.34010435837971,53.34010435837971,53.3679932472686,56.01314079947569,56.03914614005186,58.51762712760069,5.982119923433608,8.460600910982436,3.2083048084281245,0.0,2.645147552207092,0.026005340576169544
833,50.1563327356576,160,2304,90,7,0,7,53.34010435837971,2112,0.06824533333333334,53.40834969171304,53.40834969171304,53.42414969171304,56.377260001135845,56.403324912024516,60.54169847769835,6.246992176366916,10.385365742040747,3.1837716227221122,0.0,2.9531103094228044,0.026064910888671022
834,50.161269762840774,160,1088,32,2,0,2,50.161269762840774,896,0.06459733333333334,50.225867096174106,50.225867096174106,50.23491154061855,50.255545895345534,50.28142002341473,54.4208740083946,0.12015026057395772,4.259604245553824,0.0,0.0,0.020634354726986714,0.025874128069197866
835,50.2018897695031,96,1344,145,3,0,3,53.42313266375878,1152,0.06536533333333333,53.48849799709211,53.48849799709211,53.49896466375878,53.519816264473626,53.545829057442376,56.02381647395515,3.3439392879392784,5.8219267044520535,3.221242894255681,0.0,0.020851600714848928,0.02601279296874992
836,50.21209167459001,96,4352,51,7,0,7,53.40834969171304,4160,0.07438933333333334,53.48273902504638,53.48273902504638,53.50991680282416,57.28982240958311,57.31595812125303,59.790483542395606,7.1038664466630195,9.578391867805593,3.1962580171230286,0.0,3.779905606758952,0.026135711669923012
837,50.24510293979344,64,704,112,3,0,3,53.48849799709211,512,0.06344533333333334,53.551943330425445,53.551943330425445,53.55885444153655,53.57184233869238,53.59774443830175,55.24011522595728,3.352641498508312,4.995012286163842,3.2433950572986703,0.0,0.012987897155824157,0.025902099609375284
838,50.25470072861112,64,832,104,7,0,7,53.48273902504638,640,0.06382933333333334,53.54656835837971,53.54656835837971,53.55419058060193,57.34209432120421,57.36821538443663,59.011783774329196,7.113514655825512,8.757083045718076,3.2280382964352583,0.0,3.7879037406022746,0.02612106323242358
839,50.25607149679002,64,1664,80,7,0,7,53.54656835837971,1472,0.06632533333333333,53.61289369171304,53.61289369171304,53.62513813615748,57.42045897574522,57.44658443350889,59.08944237418271,7.190512936718868,8.833370877392689,3.2904968615896877,0.0,3.7953208395877382,0.026125457763669147
840,50.268529031200224,96,2432,98,3,0,3,53.551943330425445,2240,0.06862933333333333,53.62057266375878,53.62057266375878,53.63708377486989,53.64955010236425,53.67549422903836,56.15281091975593,3.406965197838133,5.884281888555705,3.283414299225221,0.0,0.012466327494358609,0.02594412667410495
841,50.28870891412663,64,1664,80,7,0,7,53.61289369171304,1536,0.04854755555555555,53.6614412472686,53.6614412472686,53.67368569171304,57.81239211173155,57.83852587027647,59.478721213294044,7.54981695614984,9.190012299167414,3.32418477758641,0.0,4.138706420018508,0.026133758544922614
842,50.32415514496421,96,1472,85,7,0,7,53.6614412472686,1280,0.06574933333333334,53.727190580601935,53.727190580601935,53.73836835837971,58.09989031119444,58.126002097083116,60.59367253775694,7.8018469521189076,10.269517392792729,3.3372861023043896,0.0,4.3615219528147335,0.026111785888673467
843,50.34853072470141,160,832,128,7,0,7,53.727190580601935,640,0.06382933333333334,53.791019913935266,53.791019913935266,53.79864213615749,58.204340384436634,58.23043556876281,62.36174663443663,7.8819048440613955,12.013215909735216,3.3786598559005228,0.0,4.405698248279144,0.026095184326173637
844,50.39321259985566,64,1088,84,4,0,4,52.81474825552533,896,0.06459733333333334,52.87934558885866,52.87934558885866,52.888390033303104,53.302187198773225,53.32809155668338,54.960114933148226,2.934878956827724,4.566902333292568,2.421535655669672,0.0,0.4137971654701218,0.025904357910157216
845,50.40287922827709,64,1664,80,7,0,7,53.791019913935266,1536,0.04854755555555555,53.839567469490824,53.839567469490824,53.851811913935265,58.38701692862608,58.413137991858505,60.04948958487608,8.010258763581419,9.646610356598991,3.388140685658179,0.0,4.535205014690817,0.02612106323242358
846,50.41844427635936,128,256,81,0,0,5,50.698127857257376,0,0.07987911111111111,50.77800696836849,50.77800696836849,50.78242919059071,50.79094490397982,50.817156887796784,54.14024194021183,0.39871261143742487,3.7217976638524704,0.27968358089801626,0.0,0.008515713389108726,0.02621198381696388
847,50.451430193231715,160,1664,81,5,0,5,50.451430193231715,1408,0.0841031111111111,50.53553330434283,50.53553330434283,50.54777774878727,50.55162385469984,50.57768684298109,54.710091340044485,0.12625664974937223,4.25866114681277,0.0,0.0,0.003846105912572284,0.026062988281246646
848,50.5211279888364,64,3200,2,1,0,1,50.5211279888364,3072,0.05315555555555555,50.57428354439195,50.57428354439195,50.595061322169734,50.600794908914985,50.626957615078176,52.279281398250305,0.10582962624177839,1.7581534094139073,0.0,0.0,0.005733586745250818,0.026162706163191274
849,50.52488853943762,128,1664,80,7,0,7,53.839567469490824,1536,0.04854755555555555,53.88811502504638,53.88811502504638,53.90035946949082,58.51762712760069,58.54366176505186,61.8407179479132,8.01877322561424,11.31582940847558,3.314678930053205,0.0,4.617267658109867,0.026034637451168408
850,50.55194557255088,128,4096,80,1,0,7,50.57428354439195,0,1.1580657777777779,51.73234932216973,51.73234932216973,51.75810487772529,51.77802970089167,51.804444088912504,55.135887332030066,1.2524985163616265,4.583941759479188,0.022337971841075444,0.0,0.019924823166384442,0.02641438802083229
851,50.56672521415997,160,1280,141,3,0,3,53.62057266375878,1088,0.06517333333333333,53.68574599709211,53.68574599709211,53.69585710820322,53.701438843993714,53.727343934325745,57.84676362971687,3.160618720165772,7.280038415556895,3.0538474495988055,0.0,0.005581735790492814,0.025905090332031477
852,50.581945300769696,96,2304,102,1,0,1,51.73234932216973,2112,0.06824533333333334,51.80059465550306,51.80059465550306,51.81639465550306,51.83085896521459,51.85723284914316,54.350313741070245,1.2752875483734627,3.7683684403005486,1.1504040214000355,0.0,0.01446430971152779,0.026373883928570763
853,50.657168750144926,128,1216,149,0,0,0,50.77800696836849,1024,0.06498133333333334,50.84298830170182,50.84298830170182,50.85274385725738,50.8695578364575,50.89562660899356,54.219048824977456,0.23845785884863346,3.56188007483253,0.120838218223561,0.0,0.01681397920012273,0.026068772536056883
854,50.69809007356895,96,2240,110,6,0,6,51.25059341885724,2048,0.06805333333333334,51.318646752190574,51.318646752190574,51.33409119663502,51.35695594993563,51.38308221132886,53.85686477050551,0.6849921377599131,3.158774696936561,0.5525033452882937,0.0,0.022864753300609664,0.026126261393230266
855,50.699059726479874,160,4352,123,6,0,6,51.318646752190574,4096,0.0921671111111111,51.410813863301684,51.410813863301684,51.43799164107946,51.46109366374363,51.48719180827488,55.63681600337096,0.7881320817950055,4.937756276891086,0.6195870257107003,0.0,0.023102022664168942,0.026098144531246703
856,50.73692163839356,96,1664,80,7,0,7,53.88811502504638,1536,0.04854755555555555,53.93666258060194,53.93666258060194,53.94890702504638,58.69987984366514,58.72594817252256,61.19126851554014,7.989026534128996,10.454346877146577,3.151193386652821,0.0,4.750972818618756,0.026068328857419942
857,50.74425429381217,160,2048,94,1,0,6,51.80059465550306,0,0.5830328888888889,52.38362754439195,52.38362754439195,52.39800532216972,52.411020900203425,52.437320356118605,56.60025206940451,1.6930660623064355,5.855997775592343,1.0563403616908928,0.0,0.013015578033702013,0.026299455915179237
858,50.78082652046038,96,1536,85,7,0,7,53.93666258060194,1344,0.06594133333333334,54.002603913935275,54.002603913935275,54.01413724726861,58.80415608878232,58.830125784827246,61.295076010657326,8.049299264366866,10.514249490196946,3.15583606014156,0.0,4.790018841513714,0.025969696044924717
859,50.82525758019362,96,1216,49,6,0,6,51.410813863301684,1024,0.06498133333333334,51.47579519663502,51.47579519663502,51.485550752190576,51.48719180827488,51.51325160394796,53.987098494463844,0.6879940237543352,3.161840914270222,0.5855562831080618,0.0,0.001641056084302761,0.0260597956730777
860,50.844093305558694,160,2496,34,0,0,0,50.844093305558694,2304,0.06882133333333333,50.912914638892026,50.912914638892026,50.92978130555869,50.94776561890943,50.97384646433353,55.14605168956079,0.1297531587748395,4.3019583840020985,0.0,0.0,0.01798431335073758,0.026080845424104382
861,50.88823137757915,64,2432,122,4,0,4,52.87934558885866,2240,0.06862933333333333,52.947974922191996,52.947974922191996,52.96448603330311,53.949942630902136,53.97590802396854,55.61017407621464,3.08767664638939,4.7219426986354875,1.991114211279509,0.0,0.9854565975990255,0.025965393066407216
862,50.89750433733552,64,1216,105,3,0,3,53.68574599709211,1024,0.06498133333333334,53.75072733042545,53.75072733042545,53.760482885981006,53.77915557983356,53.8050273788787,55.449470136671565,2.907523041543179,4.551965799336045,2.7882416597565935,0.0,0.018672693852550992,0.025871799045141586
863,50.913296062153826,64,1216,109,7,0,7,54.002603913935275,1024,0.06498133333333334,54.06758524726861,54.06758524726861,54.07734080282417,58.90803780264951,58.93399870963193,60.567668662024516,8.020702647478103,9.65437259987069,3.0893078517814487,0.0,4.830696999825342,0.025960906982419374
864,50.915138385820484,128,512,143,1,0,6,52.38362754439195,0,0.15175822222222224,52.53538576661417,52.53538576661417,52.54123021105861,52.54256548493185,52.5687534732131,55.89401546226165,1.653615087392616,4.978877076441165,1.4684891585714652,0.0,0.001335273873237952,0.026187988281250796
865,50.940908938325606,64,1280,149,0,0,0,50.940908938325606,1088,0.06517333333333333,51.00608227165894,51.00608227165894,51.01619338277005,51.0260096200255,51.05206144294216,52.69748260125163,0.11115250461655535,1.756573662926023,0.0,0.0,0.009816237255449778,0.026051822916663525
866,50.98106737332379,96,2048,81,2,0,5,50.98106737332379,0,0.5830328888888889,51.564100262212676,51.564100262212676,51.57847803999045,51.604109413823046,51.63015303361471,54.10972542944805,0.6490856602909219,3.1286580561242587,0.0,0.0,0.025631373832595727,0.026043619791664696
867,51.080249465550544,96,832,92,4,0,4,52.947974922191996,640,0.06382933333333334,53.01180425552533,53.01180425552533,53.01942647774755,54.235588810101355,54.26145215238651,56.732522403851355,3.1812026868359666,5.652272938300811,1.8677254566414518,0.0,1.2161623323538038,0.025863342285155966
868,51.12905992017934,64,1664,80,7,0,7,54.06758524726861,1536,0.04854755555555555,54.11613280282417,54.11613280282417,54.12837724726861,58.98592198844052,59.011783774329196,60.64569542594053,7.882723854149859,9.516635505761194,2.9385253270892733,0.0,4.857544741171914,0.025861785888672273
869,51.14867713867643,96,1280,16,1,0,1,52.53538576661417,1088,0.06517333333333333,52.6005590999475,52.6005590999475,52.61067021105861,52.62113091461935,52.64724981110373,55.135887332030066,1.4985726724272936,3.987210193353633,1.386708627937736,0.0,0.010460703560738693,0.02611889648437682
870,51.15846099118654,64,2496,98,3,0,3,53.75072733042545,2304,0.06882133333333333,53.81954866375878,53.81954866375878,53.836415330425446,53.85677244181272,53.882680254312724,55.52811241431579,2.7242192631261872,4.369651423129255,2.592266339238911,0.0,0.020357111387276916,0.025907812500001626
871,51.17084868496494,128,4672,39,1,0,1,52.6005590999475,4480,0.07534933333333334,52.67590843328084,52.67590843328084,52.704863988836394,52.72560032728676,52.75186357191567,56.07790218101165,1.581014886950733,4.907053496046714,1.4297104149825657,0.0,0.020736338450369374,0.0262632446289075
872,51.1711289999362,128,1792,81,5,0,5,51.1711289999362,1536,0.08448711111111111,51.25561611104731,51.25561611104731,51.26857166660287,51.279341856565594,51.30525457629216,54.60565552512698,0.1341255763559559,3.434526525190776,0.0,0.0,0.010770189962727272,0.025912719726562727
873,51.177896373445385,160,1856,81,5,0,5,51.25561611104731,1664,0.06690133333333334,51.322517444380644,51.322517444380644,51.33582855549175,51.35708148058903,51.38299478354042,55.520486318942545,0.20509841009503305,4.34258994549716,0.07771973760192452,0.0,0.021252925097279274,0.025913302951387607
874,51.23811868725931,160,4096,89,5,0,2,51.322517444380644,0,1.1580657777777779,52.48058322215842,52.48058322215842,52.50633877771398,52.52259086643973,52.548605697982694,56.69438315521987,1.310487010723385,5.456264467960558,0.08439875712133471,0.0,0.016252088725750014,0.02601483154296602
875,51.266713393591324,128,1664,80,7,0,7,54.11613280282417,1536,0.04854755555555555,54.16468035837973,54.16468035837973,54.17692480282417,59.011783774329196,59.03766948599912,62.335668539954206,7.770956092407793,11.068955146362882,2.849419409232844,0.0,4.834858971505028,0.025885711669921818
876,51.33198449791308,96,1664,80,7,0,7,54.16468035837973,1536,0.04854755555555555,54.213227913935285,54.213227913935285,54.225472358379726,59.08944237418271,59.11532759757138,61.58068358512022,7.783343099658296,10.248699087207136,2.832695860466643,0.0,4.863970015802984,0.025885223388669942
877,51.33988892511455,96,1920,81,5,0,5,52.48058322215842,1728,0.06709333333333334,52.547676555491755,52.547676555491755,52.56134322215842,52.57462101780691,52.600628125011774,55.07642305317185,1.2607391998972233,3.7365341280573006,1.140694297043872,0.0,0.01327779564849152,0.026007107204861768
878,51.37873629621135,160,4096,86,2,0,7,51.564100262212676,0,1.1580657777777779,52.722166039990455,52.722166039990455,52.74792159554601,52.75045498673971,52.77665485653138,56.94416914344347,1.3979185603200293,5.565432847232117,0.18536396600132576,0.0,0.0025333911937011067,0.026199869791668107
879,51.38821143867219,96,2560,98,3,0,3,53.81954866375878,2368,0.06901333333333334,53.88856199709211,53.88856199709211,53.905784219314334,53.90858855509398,53.93452836333262,56.41038416194343,2.546316924660431,5.022172723271247,2.431337225086594,0.0,0.002804335779643452,0.025939808238639728
880,51.39482616756484,128,1600,85,7,0,7,54.213227913935285,1408,0.06613333333333334,54.27936124726862,54.27936124726862,54.29125013615751,59.167099509192475,59.1929822911749,62.49268642325499,7.798156123610063,11.09786025569015,2.818401746370448,0.0,4.875849373034967,0.025882781982424774
881,51.40060705274057,128,1152,84,4,0,4,53.01180425552533,960,0.06478933333333334,53.07659358885866,53.07659358885866,53.085993588858656,54.36491040433964,54.39077130521854,57.702606693402146,2.9901642524779746,6.3019996406615775,1.6111972027847585,0.0,1.278916815480983,0.025860900878903692
882,51.42740717570847,64,2048,30,2,0,1,52.722166039990455,0,0.5830328888888889,53.30519892887934,53.30519892887934,53.31957670665712,53.32696491512513,53.35312287410951,54.99353539274592,1.9257156984010422,3.566128217037452,1.294758864281988,0.0,0.007388208468015023,0.02615795898437767
883,51.53083249781549,64,4864,83,7,0,7,54.27936124726862,4672,0.07592533333333334,54.35528658060195,54.35528658060195,54.38530880282417,59.21886556143857,59.24486943717099,60.879857748938576,7.714036939355502,9.349025251123088,2.748528749453129,0.0,4.8335567586143995,0.026003875732421022
884,51.60034824619686,128,1280,101,4,0,4,53.07659358885866,1088,0.06517333333333333,53.14176692219199,53.14176692219199,53.1518780333031,54.520083133831825,54.545938175335735,57.85952551664433,2.945589929138876,6.2591772704474735,1.476245342661798,0.0,1.3682051005287263,0.025855041503909604
885,51.64900515179723,96,1664,85,7,0,7,54.35528658060195,1472,0.06632533333333333,54.42161191393528,54.42161191393528,54.43385635837972,59.29687865347959,59.32285469718076,61.7886852941046,7.673849545383526,10.13968014230737,2.706281428804715,0.0,4.863022295099867,0.02597604370117068
886,51.64903113003861,64,1984,81,5,0,5,52.547676555491755,1792,0.06728533333333334,52.614961888825086,52.614961888825086,52.62898411104731,52.652643804265246,52.678648394109,54.318830865761285,1.0296172640703887,2.669799735722677,0.8986454254531466,0.0,0.023659693217936706,0.02600458984375109
887,51.659928873255936,160,1664,80,7,0,7,54.42161191393528,1536,0.04854755555555555,54.47015946949084,54.47015946949084,54.48240391393528,59.478721213294044,59.50469872183896,63.647169455481546,7.844769848583027,11.98724058222561,2.761683040679344,0.0,4.996317299358765,0.025977508544919203
888,51.683519276901905,96,1664,80,7,0,7,54.47015946949084,1536,0.04854755555555555,54.518707025046396,54.518707025046396,54.53095146949084,59.790483542395606,59.81638194937803,62.283506003333116,8.132862672476122,10.599986726431212,2.7866401925889335,0.0,5.2595320729047685,0.025898406982420852
889,51.70675950723605,96,4352,107,4,0,4,53.14176692219199,4160,0.07438933333333334,53.21615625552533,53.21615625552533,53.24333403330311,54.856236759320105,54.88220557035526,57.36240082182011,3.1754460631192103,5.655641314584059,1.4350074149559404,0.0,1.6129027260169977,0.025968811035156136
890,51.70857911814285,64,1664,80,7,0,7,54.518707025046396,1536,0.04854755555555555,54.567254580601954,54.567254580601954,54.579499025046395,60.04948958487608,60.075390921546,61.71066634268858,8.366811803403152,10.002087224545733,2.8101279069035456,0.0,5.469990559829682,0.025901336669925
891,51.74474399188882,64,1536,89,2,0,2,53.30519892887934,1216,0.10149688888888889,53.40669581776823,53.40669581776823,53.41822915110156,53.43159968075013,53.457677610437635,55.09780863493342,1.712933618548817,3.353064643044604,1.5604549369905243,0.0,0.013370529648568663,0.026077929687502888
892,51.7459360841048,128,2048,85,2,0,7,53.40669581776823,0,0.5830328888888889,53.98972870665712,53.98972870665712,54.00410648443489,54.00542692684388,54.03150082007305,57.36819609656847,2.2855647359682507,5.62226001246367,1.6607597336634328,0.0,0.0013204424089892086,0.02607389322916731
893,51.752630646413344,128,4416,63,7,0,7,54.567254580601954,4224,0.07458133333333333,54.64183591393529,54.64183591393529,54.66936924726862,60.54169847769835,60.567668662024516,63.88441820426085,8.815038015611172,12.131787557847503,2.81462393418861,0.0,5.872329230429727,0.025970184326169488
894,51.78581241284685,64,640,156,2,0,,53.98972870665712,256,0.11658666666666667,54.10631537332379,54.10631537332379,54.112870928879346,54.13580707007305,54.161760927494925,55.80272220915218,2.3759485146480728,4.0169097963053275,2.2039162938102663,0.0,0.022936141193703463,0.02595385742187517
895,51.79410078005491,160,4544,111,6,0,6,51.79410078005491,4352,0.07496533333333334,51.86906611338824,51.86906611338824,51.89731055783269,51.90480013159219,51.931001904428726,56.084736305020265,0.1369011243738143,4.290635524965353,0.0,0.0,0.00748957375949999,0.026201772836536463
896,51.82047043923247,96,2368,90,7,0,7,54.64183591393529,2176,0.06843733333333334,54.710273247268624,54.710273247268624,54.72642880282418,60.567668662024516,60.59367253775694,63.06969698233702,8.773202098524465,11.249226543104548,2.821365474702816,0.0,5.841239859200336,0.026003875732421022
897,51.82890802223031,128,1792,85,7,0,7,54.710273247268624,1536,0.08448711111111111,54.79476035837973,54.79476035837973,54.80771591393529,60.59367253775694,60.61968373770811,63.93699577994444,8.7907757154778,12.10808775771413,2.8813652250383157,0.0,5.785956623821647,0.026011199951170738
898,51.829923185832854,96,2304,110,6,0,6,51.86906611338824,2112,0.06824533333333334,51.93731144672157,51.93731144672157,51.95311144672157,51.957204165546514,51.98340136141705,54.45661122465358,0.15347817558419763,2.626688038820724,0.03914292755538895,0.0,0.004092718824942665,0.02619719587053737
899,51.87166061159823,160,2560,34,0,0,0,51.87166061159823,2368,0.06901333333333334,51.94067394493156,51.94067394493156,51.957896167153784,51.96536187541984,51.9914911572708,56.18724732758162,0.11983054567257057,4.315586715983393,0.0,0.0,0.007465708266053639,0.026129281850963082
900,51.901065799921184,64,1344,137,2,0,2,54.10631537332379,1152,0.06536533333333333,54.17168070665712,54.17168070665712,54.18214737332379,54.18771527319805,54.213627452327515,55.855144938644365,2.3125616524063304,3.9540791387231806,2.205249573402604,0.0,0.005567899874264981,0.025912179129463198
901,51.90553717846614,96,1280,105,3,0,3,53.88856199709211,1088,0.06517333333333333,53.953735330425445,53.953735330425445,53.96384644153655,53.98640944465364,54.012324361645824,56.487484454912185,2.1067871831796836,4.581947276446044,1.983024818625971,0.0,0.022563003117085145,0.02591491699218551
902,51.922121141454966,64,1216,84,4,0,4,53.21615625552533,1024,0.06498133333333334,53.28113758885866,53.28113758885866,53.29089314441422,54.960114933148226,54.98608765043338,56.62791083158574,3.0639665089784174,4.705789690130771,1.2940351140703612,0.0,1.6692217887340064,0.025972717285156932
903,51.92545491160843,96,1856,85,7,0,7,54.79476035837973,1664,0.06690133333333334,54.86166169171307,54.86166169171307,54.874972802824175,60.64569542594053,60.671711508704206,63.14832530875304,8.746256597095773,11.222870397144604,2.8693054467712997,0.0,5.770722623116356,0.026016082763675286
904,51.96124633774818,64,2048,81,5,0,5,52.614961888825086,1856,0.06747733333333333,52.68243922215842,52.68243922215842,52.696816999936196,52.704653472234,52.73065853260332,54.37097271146441,0.7694121948551427,2.409726373716232,0.6537155510769068,0.0,0.00783647229780371,0.026005060369321598
905,51.9623525529408,128,2560,82,7,0,7,54.86166169171307,2368,0.06901333333333334,54.9306750250464,54.9306750250464,54.94789724726862,60.879857748938576,60.9058059606085,64.22648470206359,8.943453407667697,12.264132149122787,2.899309138772267,0.0,5.9319605016699555,0.02594821166992034
906,51.96666061103352,96,1664,80,7,0,7,54.9306750250464,1536,0.04854755555555555,54.979222580601956,54.979222580601956,54.9914670250464,61.19126851554014,61.21721965689756,63.699722617102644,9.250559045864044,11.733062006069126,2.9640144140128797,0.0,6.199801490493741,0.02595114135742449
907,51.98762904337812,96,1920,85,7,0,7,54.979222580601956,1728,0.06709333333333334,55.04631591393529,55.04631591393529,55.059982580601954,61.295076010657326,61.32103789420225,63.80522151846983,9.333408850824128,11.817592475091708,2.991593537223835,0.0,6.235093430055372,0.025961883544923126
908,52.009879453768065,64,1408,137,2,0,2,54.17168070665712,1216,0.06555733333333334,54.23723803999045,54.23723803999045,54.248060262212675,54.2654532754302,54.29133865140676,55.934007522349724,2.2814591976386964,3.924128068581659,2.161801252889056,0.0,0.017393013217521514,0.025885375976564262
909,52.05412356805407,128,2688,86,7,0,7,55.04631591393529,2368,0.10495288888888889,55.15126880282418,55.15126880282418,55.16920213615751,61.58068358512022,61.606679160071394,64.93752831168274,9.552555592017328,12.883404743628674,2.9921923458812216,0.0,6.411481448962711,0.02599557495117466
910,52.10045120690835,160,1984,85,7,0,7,55.15126880282418,1792,0.06728533333333334,55.21855413615751,55.21855413615751,55.23257635837973,61.71066634268858,61.736672171546005,65.91227181143861,9.636220964637651,13.811820604530261,3.0508175959158237,0.0,6.478089984308852,0.02600582885742142
911,52.10448741588816,160,1216,57,6,0,6,52.10448741588816,1024,0.06498133333333334,52.169468749221494,52.169468749221494,52.17922430477705,52.19299650650634,52.219090954050984,56.37334435468544,0.1146035381628252,4.268856938797285,0.0,0.0,0.013772201729288724,0.02609444754464363
912,52.123363902719895,64,2112,81,5,0,5,52.68243922215842,1920,0.06766933333333333,52.75010855549176,52.75010855549176,52.76484188882509,52.782670118185706,52.80867870379768,54.44919500150347,0.6853148010777872,2.325831098783574,0.5590753194385272,0.0,0.017828229360617343,0.026008585611975832
913,52.130559421280005,64,2048,85,7,0,7,55.21855413615751,1856,0.06747733333333333,55.286031469490844,55.286031469490844,55.30040924726862,61.7886852941046,61.81470137686828,63.4631520909796,9.684141955588274,11.332592669699594,3.087994714877503,0.0,6.488276046835985,0.026016082763675286
914,52.141304542244185,128,2176,81,5,0,5,52.75010855549176,1984,0.06786133333333334,52.81796988882509,52.81796988882509,52.83305877771398,52.83468777769091,52.86070141200582,56.17285610121919,0.7193968697616313,4.0315515589750035,0.6088040132475712,0.0,0.0016289999769298902,0.026013634314907108
915,52.145215749291694,64,2624,82,7,0,7,55.286031469490844,2432,0.06920533333333334,55.35523680282418,55.35523680282418,55.37281458060196,61.8407179479132,61.86676039786437,63.51577068228819,9.721544648572674,11.370554932996498,3.14081572019915,0.0,6.467903367311237,0.02604244995117
916,52.15707951843861,96,2752,86,7,0,7,55.35523680282418,2560,0.06958933333333334,55.42482613615751,55.42482613615751,55.4431150250464,62.283506003333116,62.309587027503035,64.80584291739562,10.152507509064428,12.648763398957016,3.198157284385573,0.0,6.840390978286713,0.026081024169918976
917,52.16793963522531,96,1664,80,7,0,7,55.42482613615751,1536,0.04854755555555555,55.47337369171307,55.47337369171307,55.48561813615751,62.335668539954206,62.36174663443663,64.85847225089172,10.193806999211318,12.690532615666413,3.256886500932204,0.0,6.850050403796693,0.026078094482421932
918,52.193069093314655,64,2176,81,5,0,5,52.81796988882509,2048,0.050083555555555555,52.86805344438064,52.86805344438064,52.88314233326953,52.88671553460197,52.91273356613099,54.5535015770243,0.7196644728163335,2.360432483709644,0.6249007955104346,0.0,0.0035732013324363265,0.026018031529019936
919,52.22023445738931,128,4544,91,7,0,7,55.47337369171307,4352,0.07496533333333334,55.5483390250464,55.5483390250464,55.57658346949085,62.36174663443663,62.3879336156378,65.72833061881165,10.167699158248489,13.508096161422344,3.2531392343237613,0.0,6.785163164945779,0.026186981201171022
920,52.261543132224325,64,1536,37,5,0,5,52.86805344438064,1344,0.06594133333333334,52.93399477771398,52.93399477771398,52.94552811104731,52.96477109403277,52.99077262398069,54.63174401671352,0.7292294917563638,2.3702008844891935,0.6065103121563169,0.0,0.019242982985460344,0.026001529947919266
921,52.311093585397195,64,2816,86,7,0,7,55.5483390250464,2624,0.06978133333333333,55.618120358379734,55.618120358379734,55.63676480282418,62.49268642325499,62.51890904898741,64.17375966544249,10.207815463590215,11.862666080045294,3.2372454396492074,0.0,6.855921620430806,0.026222625732422955
922,52.3161696736308,64,1664,80,7,0,7,55.618120358379734,1536,0.04854755555555555,55.66666791393529,55.66666791393529,55.67891235837973,63.06969698233702,63.09590593619444,64.75321749014952,10.779736262563638,12.43704781651872,3.301950684748931,0.0,7.390784623957288,0.02620895385742017
923,52.32258914041454,64,2176,81,5,0,5,52.93399477771398,2048,0.050083555555555555,52.98407833326953,52.98407833326953,52.99916722215842,53.01677464220985,53.04278089831337,54.68397375304164,0.7201917578988244,2.3613846126270985,0.6114056372994341,0.0,0.017607420051433564,0.026006256103514147
924,52.341712477290564,96,768,96,4,0,4,53.28113758885866,576,0.06363733333333334,53.344774922191995,53.344774922191995,53.35204158885866,55.11595856107792,55.14192541898807,57.624083561077924,2.8002129416975095,5.2823710837873605,0.9394251115680987,0.0,1.7639169722192563,0.02596685791015574
925,52.377479679858425,64,2368,38,2,0,2,54.23723803999045,2176,0.06843733333333334,54.30567537332379,54.30567537332379,54.32183092887934,54.34311086820363,54.369027643377244,56.013159377818475,1.9915479635188191,3.6356796979600503,1.8597583601320267,0.0,0.02127993932428751,0.025916775173612905
926,52.38110730950477,64,2176,81,5,0,5,52.98407833326953,2048,0.050083555555555555,53.03416188882508,53.03416188882508,53.04925077771397,53.06880059232378,53.09482341947222,54.736232160356984,0.71371610996745,2.3551248508522136,0.6029710237647592,0.0,0.019549814609810312,0.026022827148437955
927,52.3867268436675,64,2048,98,1,0,3,52.67590843328084,0,0.5830328888888889,53.258941322169726,53.258941322169726,53.2733190999475,53.27631925167292,53.30251163448543,54.95245520312382,0.9157847908179235,2.5657283594563154,0.2891815896133352,0.0,0.00300015172542345,0.026192382812503467
928,52.38917788704033,128,2048,81,0,0,5,52.38917788704033,0,0.5830328888888889,52.97221077592922,52.97221077592922,52.986588553706994,52.9866229007308,53.0128824710433,56.37396109013742,0.6237045840029651,3.984783203097088,0.0,0.0,3.434702380644694e-05,0.02625957031249726
929,52.40452851517588,96,1280,133,6,0,6,52.40452851517588,1088,0.06517333333333333,52.46970184850922,52.46970184850922,52.479812959620325,52.480083543980584,52.50609691537481,54.97913442785013,0.10156840019892854,2.5746059126742438,0.0,0.0,0.00027058436025839683,0.026013371394228102
930,52.45785165663694,128,2688,82,7,0,7,55.66666791393529,2496,0.06939733333333334,55.73606524726863,55.73606524726863,55.75399858060196,63.14832530875304,63.17455818839171,66.51612706656557,10.716706531754767,14.058275409928633,3.208816257298352,0.0,7.3943267281510785,0.026232879638669715
931,52.484092811946255,160,4416,51,7,0,7,55.73606524726863,4224,0.07458133333333333,55.81064658060196,55.81064658060196,55.83817991393529,63.4631520909796,63.48946114249327,67.66762767691714,11.005368330547014,15.18353486497088,3.2519724353223722,0.0,7.624972177044306,0.026309051513671022
932,52.49794221192762,64,2688,98,3,0,3,53.953735330425445,2432,0.0871751111111111,54.04091044153655,54.04091044153655,54.058843774869885,54.06415566047395,54.09010251293789,55.73782335181579,1.5921603010102672,3.239881139888169,1.455793118497823,0.0,0.0053118856040654805,0.025946852463938797
933,52.560211649906755,96,1344,93,6,0,6,52.560211649906755,1152,0.06536533333333333,52.62557698324009,52.62557698324009,52.63604364990675,52.636171096564716,52.662161679712035,55.136184964959504,0.10195002980528045,2.5759733150527495,0.0,0.0,0.00012744665796304844,0.025990583147319057
934,52.565282776390944,96,1664,80,7,0,7,55.81064658060196,1536,0.04854755555555555,55.85919413615752,55.85919413615752,55.87143858060196,63.51577068228819,63.54204946036436,66.04359978385072,10.976766683973416,13.47831700745978,3.245363804211017,0.0,7.644332101686231,0.026278778076168408
935,52.581662068595456,96,1664,80,7,0,7,55.85919413615752,1536,0.04854755555555555,55.90774169171308,55.90774169171308,55.91998613615752,63.647169455481546,63.67344579215147,66.17486672110658,11.091783723556013,13.593204652511126,3.2775320675620634,0.0,7.727183319324027,0.02627633666992324
936,52.59776166976056,160,1856,13,5,0,5,53.03416188882508,1664,0.06690133333333334,53.101063222158416,53.101063222158416,53.114374333269524,53.53728618802691,53.56330315580035,57.70826393321466,0.9655414860397897,5.1105022634541015,0.43640021906452375,0.0,0.4229118547573876,0.02601696777343676
937,52.62170276298654,160,4928,83,7,0,7,55.90774169171308,4736,0.07611733333333334,55.983859025046414,55.983859025046414,56.01423680282419,63.699722617102644,63.726096610022566,67.90241402335268,11.104393847036029,15.28071126036614,3.2860389287265406,0.0,7.685485814278451,0.026373992919921818
938,52.63099800193109,96,4544,87,4,0,4,53.344774922191995,4352,0.07496533333333334,53.419740255525326,53.419740255525326,53.44798469996977,55.42759308256229,55.45367908109745,57.9383020669373,2.822681079166358,5.307304065006207,0.713776920260905,0.0,1.9796083825925166,0.026085998535158694
939,52.64927807269643,128,2752,82,7,0,7,55.983859025046414,2560,0.06958933333333334,56.05344835837975,56.05344835837975,56.071737247268636,63.80522151846983,63.83161992545225,67.17122737784486,11.182341852755819,14.521949305148425,3.334580952349981,0.0,7.733484271201192,0.02639840698242324
940,52.67325444238471,160,896,100,7,0,7,56.05344835837975,704,0.06402133333333333,56.11746969171308,56.11746969171308,56.12544746949086,63.88441820426085,63.91070674796202,68.08432152457338,11.237452305577307,15.411067082188673,3.3801939159950365,0.0,7.7589707347699886,0.026288543701170397
941,52.69669179539573,96,2432,90,7,0,7,56.11746969171308,2240,0.06862933333333333,56.18609902504642,56.18609902504642,56.20261013615753,63.93699577994444,63.96330092520811,66.46366472525698,11.26660912981238,13.766972929861247,3.420777896317354,0.0,7.734385643786908,0.026305145263670227
942,52.71762363226374,160,832,96,4,0,4,53.419740255525326,640,0.06382933333333334,53.48356958885866,53.48356958885866,53.49119181108088,55.55802795805057,55.58410077299198,59.75125549711307,2.866477140728243,7.033631864849333,0.7021166232615883,0.0,2.066836146969692,0.026072814941407785
943,52.731313041592514,96,4288,139,0,0,0,52.97221077592922,4096,0.07419733333333334,53.04640810926255,53.04640810926255,53.07323033148477,53.0916641116683,53.1179303226058,55.62715178721704,0.38661728101328663,2.8958387456245234,0.24089773433670558,0.0,0.01843378018352837,0.026266210937500034
944,52.78517502169112,64,4608,87,4,0,4,53.48356958885866,4416,0.07515733333333334,53.558726922191994,53.558726922191994,53.58732692219199,55.61017407621464,55.636312320843544,57.28390845121464,2.851137299152427,4.498733429523526,0.69839456716754,0.0,2.0228471540226494,0.02613824462890335
945,52.79464759573929,96,512,153,4,0,2,53.558726922191994,0,0.15175822222222224,53.710485144414214,53.710485144414214,53.716329588858656,56.10688422025761,56.13291748441777,58.6203705483826,3.338269888678475,5.825722952643311,0.7640793264527019,0.0,2.390554631398956,0.026033264160155056
946,52.811875481400065,128,4608,91,7,0,7,56.18609902504642,4416,0.07515733333333334,56.261256358379754,56.261256358379754,56.28985635837975,64.17375966544249,64.20012193961242,67.53727138419252,11.38824645821235,14.725395902792457,3.3742235436463517,0.0,7.883903307062738,0.026362274169926536
947,52.87733513504767,128,2112,9,2,0,2,54.30567537332379,1920,0.06766933333333333,54.37334470665712,54.37334470665712,54.388078039990454,54.3949449068321,54.4208740083946,57.76518779578722,1.5435388733469253,4.887852660739547,1.428340238276114,0.0,0.006866866841647834,0.025929101562496726
948,52.88120435290349,96,1664,80,7,0,7,56.261256358379754,1536,0.04854755555555555,56.30980391393531,56.30980391393531,56.32204835837975,64.22648470206359,64.25281670279601,66.75193489737612,11.371612349892523,13.870730544472629,3.3800520054762657,0.0,7.904436343683834,0.02633200073242392
949,52.89626534807229,128,768,40,7,0,7,56.30980391393531,576,0.06363733333333334,56.373441247268644,56.373441247268644,56.38070791393531,64.75321749014952,64.77952995963194,68.11043233389955,11.883264611559653,15.214166985827262,3.4135385658630213,0.0,8.372509576214213,0.026312469482419942
950,52.93249291618819,96,2176,81,5,0,5,53.101063222158416,2048,0.050083555555555555,53.15114677771397,53.15114677771397,53.16623566660286,53.6673759097066,53.69341192044879,56.17285610121919,0.7609190042606002,3.2403631850310006,0.1685703059702277,0.0,0.5011402431037411,0.026036010742188864
951,52.936550000234334,128,1408,93,6,0,6,52.936550000234334,1216,0.06555733333333334,53.002107333567665,53.002107333567665,53.01292955578989,53.026134523762515,53.052104575845846,56.37334435468544,0.11555457561151172,3.4367943544511093,0.0,0.0,0.013204967972626491,0.025970052083330586
952,52.94825355499537,128,2176,81,5,0,5,53.15114677771397,2048,0.050083555555555555,53.20123033326952,53.20123033326952,53.21631922215841,53.745485406776915,53.77154143705035,57.08456626068862,0.8232878820549843,4.13631270569325,0.20289322271860044,0.0,0.5291661846185036,0.026056030273437614
953,52.94980099347323,160,2048,113,1,0,6,53.258941322169726,0,0.5830328888888889,53.84197421105861,53.84197421105861,53.85635198883639,53.87893874107024,53.90512209067962,58.07095017208307,0.9553210972063866,5.121149178609841,0.3091403286964933,0.0,0.02258675223385609,0.02618334960937574
954,52.952361121637615,64,2240,130,6,0,6,53.002107333567665,2048,0.06805333333333334,53.070160666900996,53.070160666900996,53.085605111345444,53.10404614485626,53.130027064327415,54.77008397212096,0.1776659426897993,1.8177228504833423,0.049746211930049355,0.0,0.018441033510818272,0.02598091947115222
955,52.992824867981305,64,1472,137,2,0,2,54.37334470665712,1280,0.06574933333333334,54.43909403999046,54.43909403999046,54.45027181776823,54.47280483521752,54.498746241467515,56.14528633094347,1.5059213734862098,3.1524614629621652,1.3805198386758164,0.0,0.022533017449283932,0.025941406249998522
956,53.012947196678766,160,4672,87,4,0,4,53.710485144414214,4480,0.07534933333333334,53.78583447774755,53.78583447774755,53.814790033303105,56.34120117582402,56.36724176420292,60.54360937894901,3.354294567524157,7.530662182270241,0.697537947735448,0.0,2.5264111425209137,0.026040588378904772
957,53.0157853067264,160,2880,86,7,0,7,56.373441247268644,2688,0.06997333333333333,56.443414580601974,56.443414580601974,56.46241458060197,64.80584291739562,64.83215734000305,69.00374037833315,11.81637203327665,15.987955071606748,3.3576559405422444,0.0,8.34342833679365,0.026314422607427446
958,53.06358222412565,64,4288,95,3,0,3,54.04091044153655,4096,0.07419733333333334,54.115107774869884,54.115107774869884,54.141929997092106,54.14199768270952,54.168027816638094,55.81635856725139,1.104445592512441,2.7527763431257384,0.9773282174108999,0.0,6.768561741665735e-05,0.026030133928571786
959,53.09201055747725,128,2944,86,7,0,7,56.443414580601974,2752,0.07016533333333333,56.51357991393531,56.51357991393531,56.532935469490866,64.85847225089172,64.88482378287415,68.21497420401674,11.792813225396898,15.122963646539489,3.351404023124722,0.0,8.325536781400857,0.0263515319824279
960,53.09981897537168,64,2816,82,7,0,7,56.51357991393531,2624,0.06978133333333333,56.58336124726864,56.58336124726864,56.60200569171309,64.93752831168274,64.96388130850892,66.62091698355776,11.864062333137234,13.52109800818608,3.4137609385636267,0.0,8.335522619969652,0.026352996826176422
961,53.14976049698913,64,1280,84,4,0,4,53.78583447774755,1088,0.06517333333333333,53.85100781108088,53.85100781108088,53.86111892219199,56.52349554838261,56.54954639066777,58.19993597807011,3.39978589367864,5.050175481080977,0.6360739807584181,0.0,2.662376626190621,0.026050842285158637
962,53.15004127556339,160,512,35,6,0,6,53.15004127556339,0,0.15175822222222224,53.30179949778561,53.30179949778561,53.30764394223005,53.31190717250049,53.337839510670136,57.512359561158654,0.1877982351067473,4.362318285595265,0.0,0.0,0.004263230270439067,0.02593233816964613
963,53.18815210484514,160,4416,107,4,0,4,53.85100781108088,4224,0.07458133333333333,53.92558914441422,53.92558914441422,53.95312247774755,56.575597721234175,56.60175403226933,60.780207096234165,3.413601927424196,7.592054991389027,0.6628557062357459,0.0,2.622475243486626,0.026156311035158808
964,53.19644967856214,160,2176,81,5,0,5,53.20123033326952,2048,0.050083555555555555,53.251313888825074,53.251313888825074,53.266402777713964,54.318830865761285,54.34490154447222,58.48801363950608,1.1484518659100829,5.2915639609439395,0.004780654707381871,0.0,1.0524280880473214,0.026070678710937045
965,53.20499711975511,160,896,92,4,0,4,53.92558914441422,704,0.06402133333333333,53.989610477747554,53.989610477747554,53.99758825552533,56.62791083158574,56.65405640043339,60.832787784710725,3.449059280678277,7.6277906649556115,0.7205920246591049,0.0,2.630322576060408,0.026145568847653067
966,53.21884888994618,160,4480,131,2,0,2,54.43909403999046,4224,0.09255111111111111,54.53164515110157,54.53164515110157,54.55953403999046,54.576573389905015,54.602629852973195,58.79931150184191,1.3837809630270144,5.580462611895733,1.2202451500442777,0.0,0.01703934991455469,0.02605646306817988
967,53.23881958293082,128,1344,84,4,0,4,53.989610477747554,1152,0.06536533333333333,54.05497581108089,54.05497581108089,54.06544247774755,56.65405640043339,56.68021124662479,60.01534155668338,3.4413916636939703,6.776521973752558,0.7507908948167312,0.0,2.5886139226858376,0.02615484619140318
968,53.2390906456645,64,1664,80,7,0,7,56.58336124726864,1536,0.04854755555555555,56.6319088028242,56.6319088028242,56.64415324726864,65.72833061881165,65.75460646720033,67.40653667349916,12.515515821535836,14.167446027834664,3.344270601604144,0.0,9.084177371543014,0.02627584838867847
969,53.24726696565116,128,2048,80,1,0,7,53.84197421105861,0,0.5830328888888889,54.4250070999475,54.4250070999475,54.439384877725274,54.45509680468632,54.48126916796757,57.80795352029737,1.234002202316411,4.56068655464621,0.5947072454074558,0.0,0.015711926961046174,0.026172363281247613
970,53.259915452322716,96,1664,80,7,0,7,56.6319088028242,1536,0.04854755555555555,56.68045635837976,56.68045635837976,56.6927008028242,65.91227181143861,65.93853642935854,68.42458138175111,12.67862097703582,15.164665929428395,3.3719933505014836,0.0,9.219571008614416,0.026264617919920852
971,53.26760180595207,96,1344,101,4,0,4,54.05497581108089,1152,0.06536533333333333,54.12034114441422,54.12034114441422,54.130807811080885,56.732522403851355,56.75869141019901,59.251842716351355,3.4910896042469446,5.984240910399286,0.787374005128818,0.0,2.6017145927704703,0.02616900634765784
972,53.282806011953824,96,1280,109,7,0,7,56.68045635837976,1088,0.06517333333333333,56.74562969171309,56.74562969171309,56.7557408028242,66.04359978385072,66.0698521947394,68.55604607291322,12.787046182785573,15.273240060959395,3.3976503464259338,0.0,9.287858981026524,0.026252410888673694
973,53.288124713521675,64,4352,95,3,0,3,54.115107774869884,4160,0.07438933333333334,54.18949710820322,54.18949710820322,54.216674885981,54.22008954933899,54.246194041526486,55.894466566186054,0.9580693280048109,2.6063418526643787,0.8269830613482085,0.0,0.0034146633579865693,0.026104492187499773
974,53.34553957328989,128,1664,80,7,0,7,56.74562969171309,1536,0.04854755555555555,56.79417724726865,56.79417724726865,56.80642169171309,66.17486672110658,66.20111864371401,69.53436965079409,12.85557907042412,16.1888300775042,3.4000901184232006,0.0,9.368445029393492,0.026251922607428924
975,53.358870499991816,96,1664,80,7,0,7,56.79417724726865,1536,0.04854755555555555,56.84272480282421,56.84272480282421,56.85496924726865,66.46366472525698,66.48989565177065,68.97727800650698,13.131025151778836,15.618407506515162,3.435306747276833,0.0,9.608695477988327,0.026230926513676422
976,53.36889113976694,160,4736,87,4,0,4,54.12034114441422,4544,0.07554133333333334,54.19588247774755,54.19588247774755,54.225193588858666,56.86337231840214,56.88965216459355,61.069713138714626,3.520761024826612,7.7008219989476885,0.7514500046472818,0.0,2.638178729543476,0.02627984619140733
977,53.40085534988816,160,4352,155,4,0,4,54.19588247774755,4160,0.07438933333333334,54.27027181108089,54.27027181108089,54.29744958885867,57.28390845121464,57.31007208646855,61.49004907621463,3.9092167365803903,8.08919372632647,0.7950271278593917,0.0,2.986458862355974,0.026163635253908524
978,53.423645273345066,160,2176,81,5,0,5,53.423645273345066,2048,0.050083555555555555,53.47372882890062,53.47372882890062,53.48881771778951,54.37097271146441,54.397046319862845,58.540121224141494,0.9734010465177789,5.116475950796428,0.0,0.0,0.8821549936749022,0.02607360839843409
979,53.42618082507357,160,1664,80,7,0,7,56.84272480282421,1536,0.04854755555555555,56.891272358379766,56.891272358379766,56.90351680282421,66.51612706656557,66.54232381339175,70.73075011344059,13.116142988318174,17.30456928836702,3.416543977750635,0.0,9.612610263741367,0.026196746826173012
980,53.46869111062007,96,2432,106,6,0,6,53.46869111062007,2240,0.06862933333333333,53.537320443953405,53.537320443953405,53.55383155506452,53.571252526853165,53.59720643310317,56.084736305020265,0.12851532248309638,2.6160451944001935,0.0,0.0,0.017420971788645545,0.02595390625000249
981,53.495661513421624,64,4416,95,3,0,3,54.18949710820322,4224,0.07458133333333333,54.264078441536554,54.264078441536554,54.291611774869885,54.29840449074524,54.32462919777649,55.97224317751418,0.8289676843548648,2.4765816640925564,0.6938355947815964,0.0,0.006792715875356237,0.026224707031246908
982,53.56749063451135,128,4096,85,0,0,7,53.56749063451135,0,1.1580657777777779,54.72555641228913,54.72555641228913,54.751311967844686,54.77339755544621,54.79989999685246,58.17539379153435,1.2324093623411088,4.607903157022996,0.0,0.0,0.02208558760152357,0.02650244140625091
983,53.56789341986717,160,3008,86,7,0,7,56.891272358379766,2816,0.07035733333333334,56.9616296917131,56.9616296917131,56.981340802824214,66.62091698355776,66.64711958975893,70.83736034293278,13.079226169891761,17.269466923065615,3.3233789385125974,0.0,9.639576180733549,0.0262026062011671
984,53.59297212451314,96,1664,80,7,0,7,56.9616296917131,1536,0.04854755555555555,57.01017724726866,57.01017724726866,57.0224216917131,66.75193489737612,66.77813701529604,69.26904524893862,13.1851648907829,15.676073124425486,3.3686575671999606,0.0,9.729513205663018,0.02620211791992233
985,53.61474634910947,128,4352,159,0,0,0,54.72555641228913,4096,0.0921671111111111,54.81772352340024,54.81772352340024,54.84490130117802,54.85290634450871,54.87955347992538,58.254588685507564,1.2648071308159103,4.639842336398097,1.1108100631796631,0.0,0.008005043330690853,0.026647135416666856
986,53.63684309664849,64,704,124,7,0,7,57.01017724726866,512,0.06344533333333334,57.07362258060199,57.07362258060199,57.0805336917131,67.17122737784486,67.19737090201478,68.84540804190736,13.560527805366291,15.208564945258871,3.373334150620167,0.0,10.090693686131758,0.026143524169924603
987,53.637129464663474,160,1664,80,7,0,7,57.07362258060199,1536,0.04854755555555555,57.12217013615755,57.12217013615755,57.13441458060199,67.40653667349916,67.43268263907534,71.6365230016242,13.795553174411864,17.999393536960724,3.436493115938518,0.0,10.27212209289717,0.026145965576176877
988,53.65580507994991,96,896,96,4,0,4,54.27027181108089,704,0.06402133333333333,54.334293144414225,54.334293144414225,54.342270922192,57.28390845121464,57.31007208646855,59.80399536527713,3.6542670065186442,6.148190285327225,0.6144667311309817,0.0,2.9416375290226426,0.026163635253908524
989,53.658603831544795,96,4288,127,0,0,,54.81772352340024,256,1.140864,55.95858752340024,55.95858752340024,55.98540974562246,56.00002141612329,56.02674993174829,58.54372812736454,2.3681461002034965,4.885124295819743,1.1591196918554445,0.0,0.01461167050082679,0.026728515625002558
990,53.71089092223335,160,4992,11,6,0,6,53.71089092223335,4800,0.07630933333333334,53.78720025556668,53.78720025556668,53.81793358890001,53.83081356200942,53.85686477050551,58.04656216416275,0.1459738482721633,4.335671241929404,0.0,0.0,0.01287997310940625,0.026051208496092215
991,53.79790299594267,160,2176,85,7,0,7,57.12217013615755,1920,0.08563911111111111,57.20780924726866,57.20780924726866,57.22289813615755,67.53727138419252,67.56334166617495,71.76944032950506,13.765438670232278,17.971537333562388,3.3242671402148787,0.0,10.314373248034968,0.026070281982427446
992,53.90454382119206,160,4992,83,7,0,7,57.20780924726866,4800,0.07630933333333334,57.284118580602,57.284118580602,57.31485191393533,67.66762767691714,67.6937130956183,71.90249193472967,13.78916927442625,17.99794811353761,3.3032654260766066,0.0,10.352775762981807,0.026085418701171648
993,53.91321654946324,160,4480,107,4,0,4,54.334293144414225,4288,0.07477333333333333,54.40906647774756,54.40906647774756,54.43695536663645,57.36240082182011,57.38856689848026,61.5686791421326,3.4753503490170203,7.655462592669359,0.42107659495098204,0.0,2.925445455183663,0.026166076660153692
994,53.933547472267655,96,1664,80,7,0,7,57.284118580602,1536,0.04854755555555555,57.332666136157556,57.332666136157556,57.344910580602,67.90241402335268,67.9283993443976,70.43812886710269,13.99485187212995,16.504581394835036,3.350571108334343,0.0,10.55750344275068,0.0259853210449279
995,53.93800876496396,128,2304,94,6,0,6,53.93800876496396,2048,0.0860231111111111,54.02403187607507,54.02403187607507,54.03983187607507,54.06533192777858,54.091413796268164,57.4326930572524,0.15340503130420302,3.49468429228844,0.0,0.0,0.025500051703509996,0.026081868489583826
996,53.952264377689765,160,5056,83,7,0,7,57.332666136157556,4864,0.07650133333333334,57.40916746949089,57.40916746949089,57.44025635837978,68.08432152457338,68.11043233389955,72.3289924230109,14.158167956209788,18.376728045321137,3.380401758467791,0.0,10.644065166193606,0.026110809326169715
997,54.01318208608916,96,1664,80,7,0,7,57.40916746949089,1536,0.04854755555555555,57.45771502504645,57.45771502504645,57.46995946949089,68.11043233389955,68.13656706900697,70.65092354483707,14.123384982917813,16.63774145874791,3.3959853834017295,0.0,10.640472864408665,0.02613473510741926
998,54.11899270910894,160,5120,83,7,0,7,57.45771502504645,4928,0.07669333333333334,57.53440835837978,57.53440835837978,57.565852802824224,68.21497420401674,68.24117339224917,72.46178768057926,14.122180683140229,18.342794971470326,3.3387223159375097,0.0,10.649121401192517,0.026199188232425286
999,54.15062720384213,160,960,96,4,0,4,54.40906647774756,768,0.06421333333333333,54.47327981108089,54.47327981108089,54.481613144414226,57.624083561077924,57.65025745023808,61.82978570951541,3.4996302463959523,7.679158505673286,0.25843927390543087,0.0,3.1424704166636985,0.026173889160155284
1000,54.19038316732205,96,4672,91,7,0,7,57.53440835837978,4480,0.07534933333333334,57.609757691713114,57.609757691713114,57.63871324726867,68.42458138175111,68.45087334342104,70.97095149893865,14.26049017609899,16.7805683316166,3.3440251910577317,0.0,10.785868134482442,0.026291961669926422
1001,54.247683456263125,64,512,79,4,0,7,54.47327981108089,0,0.15175822222222224,54.62503803330311,54.62503803330311,54.630882477747555,57.702606693402146,57.72875860990605,59.383371341839634,3.4810751536429265,5.135687885576509,0.22559635481776752,0.0,3.0717242156545908,0.026151916503906136
1002,54.38279560396369,128,4352,127,0,0,0,55.95858752340024,4160,0.07438933333333334,56.032976856733576,56.032976856733576,56.060154634511356,56.08020842784204,56.10700424489933,59.45947698446582,1.724208640935636,5.07668138050213,1.575791919436547,0.0,0.020053793330681913,0.02679581705729106
1003,54.391779827930165,64,1664,80,7,0,7,57.609757691713114,1536,0.04854755555555555,57.65830524726867,57.65830524726867,57.67054969171311,68.55604607291322,68.58234926505189,70.25193865103823,14.190569437121724,15.860158823108065,3.2179778637829486,0.0,10.885496381200106,0.02630319213866983
1004,54.571124393840655,64,768,112,3,0,3,54.571124393840655,576,0.06363733333333334,54.63476172717399,54.63476172717399,54.642028393840654,54.66530834119166,54.691429304733326,56.33298963069343,0.12030491089267059,1.7618652368527776,0.0,0.0,0.023279947351007024,0.02612096354166482
1005,54.65934766652265,160,2240,150,1,0,,54.65934766652265,256,0.5658311111111111,55.22517877763376,55.22517877763376,55.240623222078206,55.26660364062381,55.292739871092564,59.46832128908455,0.6333922045699154,4.808973622561901,0.0,0.0,0.02598041854560762,0.02613623046875091
1006,54.681436975444925,160,2880,82,7,0,7,57.65830524726867,2688,0.06997333333333333,57.728278580602,57.728278580602,57.747278580602,68.84540804190736,68.87178105826479,73.09633479971987,14.190344082819863,18.414897824274945,2.976868271823747,0.0,11.098129461305362,0.026373016357425172
1007,54.70448089380346,96,4608,71,7,0,7,57.728278580602,4352,0.09293511111111111,57.82121369171311,57.82121369171311,57.84981369171311,68.97727800650698,69.00374037833315,71.530178397132,14.299259484529685,16.82569750332854,3.023797686798538,0.0,11.127464314793869,0.026462371826170283
1008,54.707330715974365,96,3008,14,5,0,5,54.707330715974365,2816,0.07035733333333334,54.7776880493077,54.7776880493077,54.79739916041881,54.81467340384657,54.84085353079969,57.31865347523189,0.13352281482532646,2.6113227592575257,0.0,0.0,0.01727424342775663,0.026180126953121885
1009,54.72399696315745,64,5184,83,7,0,7,57.82121369171311,4992,0.07688533333333333,57.89809902504645,57.89809902504645,57.929899025046446,69.00374037833315,69.03026866812807,70.70420326895817,14.306271704970627,15.98020630580072,3.097216728555665,0.0,11.073841353286703,0.02652828979492483
1010,54.73392896495777,128,2304,150,1,0,1,55.22517877763376,2112,0.06824533333333334,55.29342411096709,55.29342411096709,55.30922411096709,55.31887658984257,55.34501205301221,58.67720644998485,0.6110830880544427,3.9432774850270818,0.49124981267598855,0.0,0.009652478875480597,0.02613546316964488
1011,54.75358850813611,64,2624,22,0,0,0,56.032976856733576,2432,0.06920533333333334,56.10218219006691,56.10218219006691,56.11975996784469,56.13380055023787,56.160523694769125,57.831236542078074,1.4069351866330138,3.077648033941962,1.2793883485974646,0.0,0.014040582393178624,0.02672314453125324
1012,54.825897419908905,96,704,144,0,0,,56.10218219006691,256,0.13455644444444445,56.236738634511354,56.236738634511354,56.24364974562246,56.26761915375349,56.2942039054276,58.80498975733612,1.4683064855186956,3.9790923374272182,1.2762847701580071,0.0,0.023969408131030434,0.026584751674107565
1013,54.87803776109389,96,2368,110,6,0,6,54.87803776109389,2176,0.06843733333333334,54.94647509442723,54.94647509442723,54.962630649982785,54.97913442785013,55.005308296665234,57.512359561158654,0.12727053557134127,2.634321800064761,0.0,0.0,0.01650377786734225,0.02617386881510697
1014,54.87946797767469,128,1664,80,7,0,7,57.89809902504645,1536,0.04854755555555555,57.94664658060201,57.94664658060201,57.95889102504645,69.26904524893862,69.29557549185854,72.67340267081363,14.41610751418385,17.793934693138937,3.0186310473717555,0.0,11.310154223892177,0.026530242919918123
1015,54.905035712186944,96,2368,102,1,0,1,55.29342411096709,2176,0.06843733333333334,55.36186144430042,55.36186144430042,55.37801699985598,55.39728444419524,55.42342378745696,57.91312309340004,0.5183880752700176,3.0080873812130946,0.388388398780144,0.0,0.019267444339263307,0.026139343261718295
1016,54.96853031651298,128,768,44,5,0,5,54.96853031651298,576,0.06363733333333334,55.032167649846315,55.032167649846315,55.03943431651298,55.05031212454969,55.07642305317185,58.38376949888108,0.10789273665886867,3.415239182368097,0.0,0.0,0.010877808036710235,0.02611092862215969
1017,54.98219666025536,96,1152,125,0,0,,56.236738634511354,256,0.2603448888888889,56.49708352340024,56.49708352340024,56.50648352340024,56.50733633427805,56.533853703139656,59.04022819838726,1.551657042884294,4.0580315381319,1.254541974255993,0.0,0.0008528108778094179,0.026517368861604496
1018,55.015525820316846,96,2944,82,7,0,7,57.94664658060201,2752,0.07016533333333333,58.01681191393534,58.01681191393534,58.0361674694909,69.53436965079409,69.5609399327765,72.08880519766912,14.54541411245966,17.07327937735227,2.931120760285161,0.0,11.498202181303192,0.026570281982415622
1019,55.03031534617179,96,2176,85,7,0,7,58.01681191393534,2048,0.050083555555555555,58.066895469490895,58.066895469490895,58.081984358379785,70.25193865103823,70.2785357884894,72.80561931510073,15.248220442317617,17.775303968928938,2.9864965677635524,0.0,12.169954292658446,0.026597137451176422
1020,55.03796749463779,160,4288,151,6,0,6,55.03796749463779,4096,0.07419733333333334,55.11216482797112,55.11216482797112,55.13898705019334,55.16240482468962,55.18869795620003,59.39143866320895,0.15073046156224024,4.353471168571161,0.0,0.0,0.02341777449627358,0.026293131510414014
1021,55.08461296010078,160,1664,80,7,0,7,58.066895469490895,1536,0.04854755555555555,58.11544302504645,58.11544302504645,58.127687469490894,70.43812886710269,70.46472649283511,74.67900386710267,15.380113532734335,19.594390907001888,2.9822825093901173,0.0,12.310441397611797,0.026597625732421193
1022,55.1163480192667,64,4224,103,1,0,,55.36186144430042,256,1.1228942222222222,56.484755666522645,56.484755666522645,56.51122233318931,56.52154573569915,56.54778415645808,58.20267624630182,1.4314361371913762,3.0863282270351178,0.24551342503372098,0.0,0.010323402509840207,0.026238420758929237
1023,55.124076847485135,64,4352,139,0,0,0,56.49708352340024,4160,0.07438933333333334,56.57147285673358,56.57147285673358,56.59865063451136,56.61340873941198,56.64000377115026,58.30726645744266,1.515926923665127,3.183189609957523,1.3730066759151072,0.0,0.014758104900622016,0.026595031738281705
1024,55.13093760371515,64,4800,87,4,0,4,55.13093760371515,4608,0.07573333333333333,55.20667093704848,55.20667093704848,55.23633760371514,57.85952551664433,57.885783878460735,59.54129211820682,2.7548462747455886,4.410354514491672,0.0,0.0,2.6231879129291897,0.026258361816402953
1025,55.15821774318007,96,2176,81,5,0,5,55.15821774318007,2048,0.050083555555555555,55.20830129873562,55.20830129873562,55.22339018762451,55.2331751039531,55.25929628648151,57.73424798269382,0.1010785433014405,2.5760302395137558,0.0,0.0,0.009784916328591464,0.02612118252840645
1026,55.16314187257359,96,3008,82,7,0,7,58.11544302504645,2816,0.07035733333333334,58.18580035837979,58.18580035837979,58.2055114694909,70.65092354483707,70.677563162757,73.20233370108706,15.514421290183407,18.039191828513466,2.952301152472863,0.0,12.44541207534617,0.026639617919926195
1027,55.17676819948368,128,1664,0,3,0,3,55.17676819948368,1536,0.04854755555555555,55.22531575503924,55.22531575503924,55.23756019948368,55.24011522595728,55.26628288081219,58.55362000178717,0.08951468132850948,3.3768518023034915,0.0,0.0,0.002555026473601174,0.026167654854909017
1028,55.186787224522256,128,2176,85,7,0,7,58.18580035837979,2048,0.050083555555555555,58.23588391393534,58.23588391393534,58.25097280282423,70.70420326895817,70.73075011344059,74.09933510489564,15.543962888918337,18.91254788037339,2.999013133857531,0.0,12.453230466133938,0.026546844482425058
1029,55.20304022332643,96,2368,150,1,0,1,56.484755666522645,2176,0.06843733333333334,56.55319299985598,56.55319299985598,56.56934855541154,56.57402306549826,56.60025206940451,59.09888557944913,1.3972118460780791,3.895845356122699,1.2817154431962123,0.0,0.004674510086722705,0.026229003906252046
1030,55.21750926805315,160,1408,84,4,0,4,55.21750926805315,1216,0.06555733333333334,55.28306660138648,55.28306660138648,55.293888823608704,57.9383020669373,57.96446326078495,62.143368473187294,2.746953992731804,6.925859205134145,0.0,0.0,2.644413243328593,0.02616119384765625
1031,55.22206311692699,128,1472,77,0,0,0,56.57147285673358,1280,0.06574933333333334,56.637222190066915,56.637222190066915,56.64839996784469,56.666599291169796,56.693097826326046,60.032267976839336,1.4710347093990563,4.810204859912346,1.349409739806589,0.0,0.01819932332510632,0.026498535156250114
1032,55.234199071870755,160,5248,83,7,0,7,58.23588391393534,5056,0.07707733333333333,58.312961247268674,58.312961247268674,58.34511680282423,70.73075011344059,70.75740193839177,74.96915441031557,15.523202866521011,19.734955338444813,3.0016848420645843,0.0,12.385633310616363,0.026651824951173353
1033,55.24059692992121,96,5248,83,7,0,7,58.312961247268674,5120,0.05929955555555556,58.37226080282423,58.37226080282423,58.404416358379784,70.83736034293278,70.86407759757145,73.38763280387026,15.623480667650242,18.14703587394905,3.072364317347464,0.0,12.432943984552999,0.02671725463866892
1034,55.27134208817253,96,2176,81,5,0,5,55.27134208817253,2048,0.050083555555555555,55.321425643728084,55.321425643728084,55.336514532616974,55.33766276375424,55.36378084643653,57.83815098858279,0.09243875826400227,2.5668089004102583,0.0,0.0,0.0011482311372645881,0.026118082682295096
1035,55.28095204553198,128,4864,87,4,0,4,55.28306660138648,4672,0.07592533333333334,55.35899193471981,55.35899193471981,55.38901415694203,58.19993597807011,58.22620947660526,61.5686791421326,2.94525743107328,6.287727096600619,0.0021145558544972687,0.0,2.810921821128076,0.02627349853515426
1036,55.305643323831,64,1664,80,7,0,7,58.37226080282423,1536,0.04854755555555555,58.42080835837979,58.42080835837979,58.43305280282423,70.97095149893865,70.99757646842107,72.67340267081363,15.691933144590074,17.36775934698263,3.06661747899323,0.0,12.537898696114418,0.026624969482426764
1037,55.31978571585832,96,3072,82,7,0,7,58.42080835837979,2880,0.07054933333333334,58.49135769171312,58.49135769171312,58.511424358379784,71.530178397132,71.55676381583318,74.07303191275697,16.236978099974856,18.75324619689865,3.101022642521464,0.0,13.01875403875222,0.026585418701174035
1038,55.36581587038677,96,2176,81,5,0,5,55.36581587038677,2048,0.050083555555555555,55.41589942594232,55.41589942594232,55.43098831483121,55.44213802417091,55.46825363414687,57.94206039021631,0.10243776376010061,2.576244519829544,0.0,0.0,0.011149709339697722,0.026115609975960297
1039,55.436030264061785,64,1664,80,7,0,7,58.49135769171312,1536,0.04854755555555555,58.53990524726868,58.53990524726868,58.55214969171312,71.6365230016242,71.66310549063788,73.33462358756167,16.22707522657609,17.89859332349988,3.055327427651335,0.0,13.08437330991108,0.02658248901367699
1040,55.48649000727896,64,4096,141,2,0,3,55.48649000727896,0,1.1580657777777779,56.64455578505674,56.64455578505674,56.670311340612294,56.67730049109972,56.70398515906847,58.37628532996691,1.2174951517895138,2.8897953226879523,0.0,0.0,0.006989150487427764,0.026684667968751796
1041,55.55178885676815,96,1408,45,5,0,5,55.55178885676815,1216,0.06555733333333334,55.61734619010148,55.61734619010148,55.6281684123237,55.65113186744515,55.67722835933217,58.1498001673825,0.1254395025640207,2.5980113106143534,0.0,0.0,0.022963455121448817,0.026096491887017237
1042,55.553141399854304,128,3136,82,7,0,7,58.53990524726868,2944,0.07074133333333334,58.61064658060201,58.61064658060201,58.63106880282423,71.76944032950506,71.79604967398748,75.15416200919252,16.24290827413318,19.601020609338214,2.986763847414373,0.0,13.138371526680828,0.02660934448242358
1043,55.577599534026525,160,2176,81,5,0,5,55.61734619010148,2048,0.050083555555555555,55.66742974565703,55.66742974565703,55.68251863454592,55.70332533950044,55.729420310203565,59.86897565529384,0.15182077617703982,4.291376121267312,0.039746656074953535,0.0,0.02080670495451642,0.026094970703127274
1044,55.61710847427213,160,512,80,3,0,7,55.61710847427213,0,0.15175822222222224,55.76886669649435,55.76886669649435,55.77471114093879,55.79023275344931,55.81635856725139,59.96167599137051,0.19925009297926266,4.344567517098383,0.0,0.0,0.015521612510518423,0.02612581380208212
1045,55.67322513017924,96,512,87,0,0,4,56.637222190066915,0,0.15175822222222224,56.788980412289135,56.788980412289135,56.79482485673358,56.799096849763544,56.825472728669794,59.32807287069629,1.152247598490554,3.6548477405170487,0.9639970598876744,0.0,0.004271993029966836,0.026375878906250705
1046,55.674254576567876,64,5248,83,7,0,7,58.61064658060201,5120,0.05929955555555556,58.66994613615756,58.66994613615756,58.70210169171312,71.90249193472967,71.92910665030584,73.59916576285464,16.254852073737965,17.924911186286764,2.9363920040341327,0.0,13.20039024301655,0.026614715576172898
1047,55.69182474620298,96,1408,101,4,0,4,55.69182474620298,1216,0.06555733333333334,55.75738207953631,55.75738207953631,55.76820430175854,58.6203705483826,58.64667627348026,61.148518985882596,2.9548515272772775,5.456694239679614,0.0,0.0,2.8521662466240656,0.026305725097657273
1048,55.72852870356746,64,5248,83,7,0,7,58.66994613615756,5120,0.05929955555555556,58.72924569171312,58.72924569171312,58.76140124726867,72.08880519766912,72.11549071402654,73.78350343985659,16.386962010459072,18.054974736289125,2.9414174325901,0.0,13.327403950400445,0.026685516357417782
1049,55.752657148180404,96,896,128,7,0,7,58.72924569171312,704,0.06402133333333333,58.793267025046454,58.793267025046454,58.80124480282423,72.3289924230109,72.35555049796207,74.86346800894837,16.602893349781667,19.11081086076797,2.9765885435327135,0.0,13.527747620186673,0.026558074951168464
1050,55.76855009572043,64,4416,159,0,0,0,56.788980412289135,4224,0.07458133333333333,56.86356174562247,56.86356174562247,56.8910950789558,56.90460329507604,56.93105189237718,58.596123324452606,1.1625017966567484,2.8275732287321773,1.0204303165687065,0.0,0.013508216120243333,0.026448597301133248
1051,55.77690936595407,96,2048,80,6,0,7,55.77690936595407,0,0.5830328888888889,56.359942254842956,56.359942254842956,56.37432003262073,56.39979601484169,56.42617280520627,58.943437524455135,0.6492634392522021,3.166528158501066,0.0,0.0,0.025475982220960702,0.02637679036457996
1052,55.78003895819055,160,4352,151,6,0,6,56.359942254842956,4160,0.07438933333333334,56.43433158817629,56.43433158817629,56.46150936595407,56.478927850779186,56.5054127838149,60.70542803051482,0.7253738256243452,4.925389072324265,0.5799032966524038,0.0,0.017418484825114433,0.026484933035710867
1053,55.79659061281968,64,1664,80,7,0,7,58.793267025046454,1536,0.04854755555555555,58.84181458060201,58.84181458060201,58.85405902504645,72.46178768057926,72.48823784537419,74.15199764151673,16.69164723255451,18.35540702869705,2.996676412226776,0.0,13.60772865553281,0.026450164794923126
1054,55.81167851618173,64,1024,96,4,0,4,55.81167851618173,832,0.06440533333333334,55.87608384951506,55.87608384951506,55.88477273840395,59.251842716351355,59.27814746488651,60.93785736478885,3.4664689487047795,5.126178848607118,0.0,0.0,3.367069977947402,0.02630474853515352
1055,55.814808120779276,160,1472,129,5,0,5,55.814808120779276,1280,0.06574933333333334,55.88055745411261,55.88055745411261,55.89173523189039,55.91209877700044,55.93817231215669,60.07824741190501,0.12336419137741217,4.263439291125735,0.0,0.0,0.020363545110051007,0.026073535156250216
1056,55.8480366929126,96,960,92,4,0,4,55.87608384951506,768,0.06421333333333333,55.9402971828484,55.9402971828484,55.94863051618173,59.383371341839634,59.40969025053104,61.90817700590213,3.561653557618442,6.060140312989532,0.028047156602461598,0.0,3.4347408256579044,0.026318908691408183
1057,55.86736237586253,160,2176,85,7,0,7,58.84181458060201,2048,0.050083555555555555,58.891898136157565,58.891898136157565,58.906987025046455,72.67340267081363,72.69984502310855,76.9019466161261,16.832482647246024,21.03458424026357,2.9744522047394852,0.0,13.766415645767175,0.026442352294921534
1058,55.94866906664117,128,4096,41,6,0,7,56.43433158817629,0,1.1580657777777779,57.59239736595407,57.59239736595407,57.618152921509626,57.620170108033655,57.64713319397116,60.99356903528912,1.6984641273299843,5.044899968647947,0.4856625215351187,0.0,0.0020171865240286024,0.02696308593750274
1059,55.965887634576035,96,960,100,7,0,7,58.891898136157565,768,0.06421333333333333,58.9561114694909,58.9561114694909,58.96444480282423,72.67340267081363,72.69984502310855,75.2069280614386,16.733957388532517,19.24104042686257,2.92601050158153,0.0,13.708957867989398,0.026442352294921534
1060,56.05377778202522,160,1664,80,7,0,7,58.9561114694909,1536,0.04854755555555555,59.00465902504646,59.00465902504646,59.0169034694909,72.80561931510073,72.8320455541144,77.0341632604132,16.77826777208918,20.980385478387973,2.9023336874656778,0.0,13.788715845609829,0.02642623901367358
1061,56.13499390676438,160,2304,138,4,0,4,56.13499390676438,2112,0.06824533333333334,56.20323924009771,56.20323924009771,56.21903924009771,59.54129211820682,59.56753583158572,63.73931587362622,3.4325419248213436,7.604321966861839,0.0,0.0,3.3222528781091114,0.02624371337890352
1062,56.18939155435712,128,1152,88,6,0,6,57.59239736595407,960,0.06478933333333334,57.6571866992874,57.6571866992874,57.6665866992874,57.674096768189905,57.70082723693991,61.0457465255235,1.5114356825827855,4.856354971166375,1.4030058115969481,0.0,0.0075100689025049405,0.026730468750002956
1063,56.20345438569704,128,5248,83,7,0,7,59.00465902504646,5120,0.05929955555555556,59.06395858060201,59.06395858060201,59.09611413615757,73.09633479971987,73.1228337926398,76.47965706534485,16.919379406942753,20.27620267964781,2.8012046393494145,0.0,14.000220663562303,0.026498992919925968
1064,56.24127705477198,64,1664,80,7,0,7,59.06395858060201,1536,0.04854755555555555,59.11250613615757,59.11250613615757,59.12475058060201,73.20233370108706,73.22879070181948,74.88985811514955,16.9875136470475,18.648581060377573,2.822681525830035,0.0,14.077583120485045,0.026457000732420966
1065,56.27050347340294,64,2176,81,5,0,5,56.27050347340294,2048,0.050083555555555555,56.32058702895849,56.32058702895849,56.33567591784738,56.3553735291038,56.38144844539844,58.01996810506006,0.11094497199550091,1.7494646316571192,0.0,0.0,0.019697611256418668,0.02607491629463965
1066,56.347226929114115,160,2432,102,1,0,1,56.55319299985598,2240,0.06862933333333333,56.621822333189314,56.621822333189314,56.63833344430043,56.65275478982862,56.678998808383305,60.871152167060735,0.3317718792691906,4.523925237946621,0.2059660707418658,0.0,0.01442134552819141,0.026244018554685056
1067,56.474752457018916,160,3200,82,7,0,7,59.11250613615757,3008,0.07093333333333333,59.18343946949091,59.18343946949091,59.20421724726869,73.33462358756167,73.36112795157534,77.56336675162413,16.886375494556425,21.088614294605215,2.6377536791386547,0.0,14.130406340292978,0.026504364013675286
1068,56.511977000606926,160,3200,82,7,0,7,59.18343946949091,3072,0.05315555555555555,59.23659502504646,59.23659502504646,59.25737280282424,73.38763280387026,73.41407271475893,77.61641307730773,16.902095714152004,21.1044360767008,2.6714624688839805,0.0,14.130260001046018,0.02643991088866926
1069,56.54212931430069,96,4992,87,4,0,4,56.54212931430069,4736,0.09408711111111111,56.636216425411796,56.636216425411796,56.666949758745126,59.75125549711307,59.777625187054475,62.27406213773808,3.2354958727537877,5.73193282343739,0.0,0.0,3.084305738367945,0.026369689941404317
1070,56.563989862478294,128,2176,81,5,0,5,56.563989862478294,2048,0.050083555555555555,56.61407341803385,56.61407341803385,56.62916230692274,56.64222446381362,56.66830356537612,59.97355226894712,0.10431370289782649,3.4095624064688224,0.0,0.0,0.013062156890882193,0.026079101562501705
1071,56.67326976337307,64,1408,145,3,0,3,56.67326976337307,1216,0.06555733333333334,56.7388270967064,56.7388270967064,56.749649318928626,56.77030342463875,56.79592341975594,58.4218145818653,0.12265365638286596,1.7485448184922276,0.0,0.0,0.02065410571012194,0.025619995117189376
1072,56.72612290953613,96,4224,99,3,0,,56.7388270967064,256,1.1228942222222222,57.86172131892862,57.86172131892862,57.88818798559529,57.89800337581062,57.92398445491218,60.447277553870514,1.1978615453760497,3.7211546443343835,0.012704187170271553,0.0,0.009815390215329955,0.025981079101562443
1073,56.76128385791567,64,1664,80,7,0,7,59.23659502504646,1536,0.04854755555555555,59.28514258060202,59.28514258060202,59.29738702504646,73.59916576285464,73.62549825186831,75.28610716910461,16.864214393952636,18.52482331118894,2.4753111671307906,0.0,14.301778737808178,0.026332489013668692
1074,56.76941332276248,160,2496,122,4,0,4,56.76941332276248,2304,0.06882133333333333,56.838234656095814,56.838234656095814,56.85510132276248,59.80399536527713,59.83041193021854,64.0017804732356,3.0609986074560567,7.232367150473117,0.0,0.0,2.9488940425146524,0.02641656494140676
1075,56.770886357305336,128,1088,96,4,0,4,56.838234656095814,896,0.06459733333333334,56.902831989429146,56.902831989429146,56.91187643387359,60.01534155668338,60.04175030912479,63.37219214262089,3.27086395181945,6.601305785315553,0.06734829879047766,0.0,3.1034651228097943,0.02640875244140517
1076,56.78622145195526,96,2368,94,6,0,6,57.6571866992874,2176,0.06843733333333334,57.725624032620736,57.725624032620736,57.74177958817629,57.754289639283655,57.780939332364014,60.28461943676482,0.9947178804087571,3.4983979848095643,0.8709652473321441,0.0,0.012510051107362585,0.02664969308035836
1077,56.8155523313743,128,2432,110,6,0,6,57.725624032620736,2240,0.06862933333333333,57.79425336595407,57.79425336595407,57.810764477065185,57.83424018336848,57.86083338405207,61.20321967005475,1.0452810526777725,4.387667338680451,0.9100717012464372,0.0,0.02347570630329443,0.0265932006835925
1078,56.905680389733774,160,4736,91,7,0,7,59.28514258060202,4544,0.07554133333333334,59.360683913935354,59.360683913935354,59.38999502504647,73.78350343985659,73.80982176871402,78.01424953360656,16.904141378980242,21.108569143872785,2.379462190868246,0.0,14.393508414810121,0.02631832885742824
1079,56.946168988622425,96,512,28,4,0,1,56.946168988622425,0,0.15175822222222224,57.097927210844645,57.097927210844645,57.10377165528909,60.54360937894901,60.56989606107791,63.05760742582401,3.6237270724554875,6.111438437201585,0.0,0.0,3.4398377236599202,0.02628668212890517
1080,56.96406710265175,96,4544,107,4,0,4,57.097927210844645,4352,0.07496533333333334,57.17289254417798,57.17289254417798,57.20113698862242,60.780207096234165,60.80649719633182,63.29356354154667,3.842430093680072,6.329496438894921,0.1338601081928985,0.0,3.5790701076117415,0.02629010009765409
1081,56.97638645115013,96,2496,90,7,0,7,59.360683913935354,2304,0.06882133333333333,59.429505247268686,59.429505247268686,59.44637191393535,74.07303191275697,74.09933510489564,76.61188054556946,17.122948653745517,19.635494094419336,2.384297462785227,0.0,14.626659998821623,0.02630319213866983
1082,57.00714102742064,64,3200,82,7,0,7,59.429505247268686,3072,0.05315555555555555,59.48266080282424,59.48266080282424,59.50343858060202,74.09933510489564,74.12566612906556,75.78945815177063,17.118525101644927,18.782317124349994,2.422364219848049,0.0,14.595896524293622,0.02633102416992017
1083,57.01472177111704,96,2176,85,7,0,7,59.48266080282424,2048,0.050083555555555555,59.532744358379794,59.532744358379794,59.547833247268684,74.15199764151673,74.17834331412415,76.69118709464172,17.16362154300711,19.67646532352468,2.4679390317072034,0.0,14.604164394248045,0.0263456726074196
1084,57.01812792776775,64,4480,95,3,0,3,57.86172131892862,4288,0.07477333333333333,57.936494652261956,57.936494652261956,57.964383541150845,57.97594807795905,58.0021716131153,59.67041410986009,0.9840436853475509,2.6522861820923396,0.8435933911608728,0.0,0.011564536808208459,0.02622353515624809
1085,57.05141823443826,160,1664,80,7,0,7,59.532744358379794,1536,0.04854755555555555,59.58129191393535,59.58129191393535,59.593536358379794,74.67900386710267,74.70535442252259,78.91146968741515,17.65393618808433,21.86005145297689,2.4813261239415354,0.0,15.085467508722871,0.02635055541992415
1086,57.055329987451415,64,2176,85,7,0,7,59.58129191393535,2048,0.050083555555555555,59.631375469490905,59.631375469490905,59.646464358379795,74.86346800894837,74.88985811514955,76.55897679801087,17.834528127698135,19.50364681055946,2.5259619264839372,0.0,15.217003650568579,0.026390106201176877
1087,57.05986328370702,64,3072,86,7,0,7,59.631375469490905,2880,0.07054933333333334,59.70192480282424,59.70192480282424,59.7219914694909,74.88985811514955,74.91628972525697,76.58542745108704,17.856426441549957,19.525564167380026,2.571512185783888,0.0,15.167866645658648,0.026431610107422898
1088,57.06328863312576,64,1216,88,6,0,6,57.79425336595407,1024,0.06498133333333334,57.859234699287406,57.859234699287406,57.86899025484296,57.887427073016916,57.91391009168011,59.57500523221937,0.8506214585543503,2.51171659909361,0.730964732828312,0.0,0.01843681817395293,0.02648301866319258
1089,57.077197630861036,160,1600,89,2,0,2,57.077197630861036,1408,0.06613333333333334,57.14333096419437,57.14333096419437,57.15521985308326,57.156922073130964,57.183355373912214,61.35307663912431,0.10615774305117753,4.275879008263274,0.0,0.0,0.0017022200477043725,0.026433300781249613
1090,57.08108492983716,128,4608,111,6,0,6,57.859234699287406,4416,0.07515733333333334,57.93439203262074,57.93439203262074,57.96299203262074,57.96687759385025,57.9934386290065,61.33445795130475,0.9123536991693371,4.253373021467588,0.7781497694502448,0.0,0.003885561229509449,0.026561035156248636
1091,57.082191508155354,64,256,42,4,0,6,57.17289254417798,0,0.07987911111111111,57.25277165528909,57.25277165528909,57.25719387751131,60.832787784710725,60.85905444730838,62.508576847210726,3.776862939153027,5.426385339055372,0.09070103602262236,0.0,3.575593907199412,0.02626666259765642
1092,57.12504571553039,96,2432,46,2,0,2,57.14333096419437,2240,0.06862933333333333,57.2119602975277,57.2119602975277,57.22847140863882,57.23622344031847,57.26261699500597,59.77013352332628,0.1375712794755799,2.645087807795889,0.018285248663978848,0.0,0.007752031679650884,0.02639355468750182
1093,57.13265849141897,160,4096,81,2,0,5,57.2119602975277,0,1.1580657777777779,58.37002607530548,58.37002607530548,58.39578163086104,58.402708669810664,58.42927654090441,62.57685550795243,1.2966180494854385,5.444197016533458,0.07930180610873094,0.0,0.006927038949626763,0.026567871093746476
1094,57.1365510795445,64,5248,83,7,0,7,59.70192480282424,5120,0.05929955555555556,59.76122435837979,59.76122435837979,59.79337991393535,74.96915441031557,74.99558260245423,76.66482530875305,17.85903152290973,19.52827422920855,2.565373723279734,0.0,15.175774496380221,0.026428192138666873
1095,57.148364813512856,64,1664,80,7,0,7,59.76122435837979,1536,0.04854755555555555,59.80977191393535,59.80977191393535,59.82201635837979,75.15416200919252,75.18054479117494,76.849256735755,18.032179977662082,19.70089192224215,2.612859544866936,0.0,15.332145650812727,0.026382781982420056
1096,57.16807554060416,96,4416,155,4,0,4,57.25277165528909,4224,0.07458133333333333,57.32735298862242,57.32735298862242,57.35488632195575,60.93785736478885,60.9642275430115,63.45094849027714,3.7961520024073465,6.282872949672985,0.08469611468493099,0.0,3.582971042833094,0.026370178222656193
1097,57.17565244472959,64,1344,109,7,0,7,59.80977191393535,1152,0.06536533333333333,59.87513724726868,59.87513724726868,59.88560391393535,75.2069280614386,75.23332060904602,76.9019466161261,18.057668164316425,19.726294171396503,2.634119469205757,0.0,15.321324147503255,0.02639254760741494
1098,57.178734611339834,64,1664,89,2,0,2,58.37002607530548,1472,0.06632533333333333,58.436351408638814,58.436351408638814,58.448595853083255,58.45584490027941,58.48226247840441,60.13469698438778,1.3035278670645738,2.955962373047946,1.1912914639656478,0.0,0.007249047196154379,0.026417578124998897
1099,57.18974507361227,64,2624,34,0,0,0,57.18974507361227,2432,0.06920533333333334,57.25895040694561,57.25895040694561,57.27652818472339,57.30138352412434,57.32782488968424,58.98801032729351,0.13807981607196496,1.7982652536812367,0.0,0.0,0.024855339400950527,0.02644136555989718
1100,57.21111989701704,96,4416,139,0,0,0,57.25895040694561,4224,0.07458133333333333,57.33353174027894,57.33353174027894,57.361065073612274,57.38070908564778,57.407206794481915,59.9032071044435,0.1960868974648733,2.692087207426461,0.0478305099285663,0.0,0.019644012035506364,0.02649770883413538
1101,57.267063018428864,64,4800,91,7,0,7,59.87513724726868,4608,0.07573333333333333,59.950870580602015,59.950870580602015,59.98053724726868,75.28610716910461,75.31259493155578,76.98127513785461,18.045531913126915,19.714212119425746,2.6080742288398184,0.0,15.305569921835932,0.02648776245116835
1102,57.368724744511916,160,4672,71,7,0,7,59.950870580602015,4480,0.07534933333333334,60.02621991393535,60.02621991393535,60.055175469490905,75.78945815177063,75.81599816031556,80.0170626439581,18.447273415803643,22.648337899446183,2.582145836090099,0.0,15.734282682279726,0.02654000854492722
1103,57.37251774331416,96,4096,45,3,0,5,57.936494652261956,0,1.1580657777777779,59.094560430039735,59.094560430039735,59.12031598559529,59.13728422704759,59.16393608251634,61.69319093742706,1.791418339202174,4.320673194112899,0.5639769089477937,0.0,0.016968241452296695,0.026651855468749375
1104,57.38422474705216,160,1664,80,7,0,7,60.02621991393535,1536,0.04854755555555555,60.07476746949091,60.07476746949091,60.08701191393535,76.47965706534485,76.50609648795228,80.69692073721981,19.12187174090012,23.312695990167654,2.6419951668831914,0.0,16.392645151409504,0.02643942260742449
1105,57.41902780888209,128,2560,90,7,0,7,60.07476746949091,2368,0.06901333333333334,60.14378080282424,60.14378080282424,60.16100302504646,76.55897679801087,76.58542745108704,79.93844750113584,19.16639964220495,22.51941969225375,2.655739660608816,0.0,16.397973772964413,0.026450653076167896
1106,57.47627331083483,64,4096,112,3,0,3,59.094560430039735,0,1.1580657777777779,60.252626207817514,60.252626207817514,60.27838176337307,60.28640255387051,60.31344503433926,61.98464259758332,2.837171723504433,4.50836928674849,1.6182871192049078,0.0,0.008020790497440089,0.027042480468750796
1107,57.51473257178192,96,4096,107,2,0,4,58.436351408638814,0,1.1580657777777779,59.59441718641659,59.59441718641659,59.62017274197215,59.638385720591906,59.664769021373154,62.13517305320827,2.1500364495912336,4.62044048142635,0.9216188368568936,0.0,0.01821297861975779,0.026383300781247954
1108,57.51966910902689,64,704,108,2,0,,59.59441718641659,256,0.13455644444444445,59.728973630861034,59.728973630861034,59.73588474197214,59.7439218534044,59.77013352332628,61.405076918142164,2.250464414299387,3.8854078091152715,2.0747480773896996,0.0,0.008037111432258826,0.026211669921877956
1109,57.53144868867714,64,1472,84,4,0,4,57.53144868867714,1280,0.06574933333333334,57.597198022010474,57.597198022010474,57.60837579978825,61.069713138714626,61.09598126615603,62.743482669964635,3.564532577478893,5.212033981287497,0.0,0.0,3.461337338926377,0.026268127441404943
1110,57.54888293641635,160,640,52,2,0,,59.728973630861034,256,0.11658666666666667,59.845560297527705,59.845560297527705,59.85211585308326,59.874967312388776,59.90102745236273,64.01957011918755,2.352144515946385,6.470687182771201,2.1800906944446865,0.0,0.0228514593055138,0.026060139973957064
1111,57.57094612097171,128,3200,82,7,0,7,60.14378080282424,3072,0.05315555555555555,60.196936358379794,60.196936358379794,60.217714136157575,76.58542745108704,76.61188054556946,79.964675497962,19.04093442459775,22.393729376990294,2.5728346818525267,0.0,16.367713314929468,0.02645309448242017
1112,57.57563190990062,64,3200,82,7,0,7,60.196936358379794,3072,0.05315555555555555,60.25009191393535,60.25009191393535,60.27086969171313,76.61188054556946,76.63835268302063,78.30498113150695,19.062720773120006,20.729349221606327,2.6213044484791723,0.0,16.341010853856332,0.026472137451165167
1113,57.59105498980189,96,704,52,2,0,2,59.845560297527705,512,0.06344533333333334,59.90900563086104,59.90900563086104,59.91591674197215,59.92708808061794,59.95304671622062,62.42112131315146,2.3619917264187293,4.83006632334957,2.2545053077258146,0.0,0.011171338645795004,0.025958635602677305
1114,57.60312776631279,128,2176,81,5,0,5,57.60312776631279,2048,0.050083555555555555,57.65321132186834,57.65321132186834,57.66830021075723,57.68228034697668,57.70826393321466,61.021913394977915,0.10513616690187177,3.418785628665127,0.0,0.0,0.013980136219451822,0.025983586237977363
1115,57.61953195194072,128,1664,80,7,0,7,60.25009191393535,1536,0.04854755555555555,60.29863946949091,60.29863946949091,60.31088391393535,76.66482530875305,76.69118709464172,80.04316026969052,19.071655142700997,22.423628317749795,2.630559961994628,0.0,16.353941394817703,0.026361785888667555
1116,57.65897846890885,128,1664,80,7,0,7,60.29863946949091,1536,0.04854755555555555,60.347187025046466,60.347187025046466,60.35943146949091,76.69118709464172,76.71753081412415,80.06930135245419,19.058552345215297,22.41032288354534,2.639661000582059,0.0,16.331755625150812,0.02634371948242631
1117,57.709336481073855,64,2688,26,6,0,6,57.93439203262074,2496,0.06939733333333334,58.00378936595408,58.00378936595408,58.02172269928741,58.04656216416275,58.07300435166275,59.73269472973357,0.36366787058889827,2.0233582486597186,0.2250555515468875,0.0,0.024839464875341832,0.02644218750000249
1118,57.71901301364877,128,1664,80,7,0,7,60.347187025046466,1536,0.04854755555555555,60.395734580602024,60.395734580602024,60.407979025046465,76.849256735755,76.87560143179992,80.22658290762996,19.156588418151152,22.50756989398119,2.6281740113976966,0.0,16.44127771070854,0.02634469604491585
1119,57.73302105958646,160,2560,30,1,0,1,57.73302105958646,2304,0.08679111111111111,57.819812170697574,57.819812170697574,57.8370343929198,57.86054301527504,57.886832810196914,62.092767971097196,0.15381175061045127,4.359746911510733,0.0,0.0,0.023508622355244313,0.026289794921872556
1120,57.74588229370596,128,2176,81,5,0,5,57.74588229370596,2048,0.050083555555555555,57.79596584926151,57.79596584926151,57.8110547381504,57.81216901429894,57.83815098858279,61.152930573600074,0.09226869487682876,3.407048279894113,0.0,0.0,0.0011142761485345432,0.025981974283851628
1121,57.75844746647627,64,1472,101,4,0,4,57.75844746647627,1280,0.06574933333333334,57.824196799809606,57.824196799809606,57.83537457758738,61.148518985882596,61.17478760160525,62.8218051186951,3.4163401351289835,5.0633576522188335,0.0,0.0,3.3131444082952157,0.02626861572265682
1122,57.760756470797574,160,2176,81,5,0,5,57.79596584926151,2048,0.050083555555555555,57.846049404817066,57.846049404817066,57.861138293705956,57.86412191365381,57.89010091756006,62.044065250446664,0.12934444676248802,4.28330877964909,0.035209378463939345,0.0,0.0029836199478552317,0.025979003906250853
1123,57.7674622415853,96,1536,77,0,0,0,57.7674622415853,1344,0.06594133333333334,57.833403574918634,57.833403574918634,57.84493690825197,57.85775867749474,57.88422186860051,60.36766250808934,0.11675962701521314,2.6002002665040393,0.0,0.0,0.012821769242776782,0.026463191105769113
1124,57.78060805238275,64,1664,80,7,0,7,60.395734580602024,1536,0.04854755555555555,60.44428213615758,60.44428213615758,60.456526580602024,76.9019466161261,76.92838896842102,78.59501985831359,19.147780916038265,20.81441180593084,2.615126528219271,0.0,16.445420035524073,0.026442352294921534
1125,57.833295922128784,128,1344,105,3,0,3,60.252626207817514,1152,0.06536533333333333,60.317991541150846,60.317991541150846,60.32845820781751,60.34048800308926,60.3671846583627,63.72197513106547,2.5338887362339193,5.888679208936686,2.41933028568873,0.0,0.012029795271750743,0.02669665527344023
1126,57.91722639053577,128,5248,83,7,0,7,60.44428213615758,5120,0.05929955555555556,60.50358169171314,60.50358169171314,60.53573724726869,76.9019466161261,76.92838896842102,80.27895638175106,19.01116257788525,22.36172999121529,2.5270557456218157,0.0,16.366209368857405,0.026442352294921534
1127,57.91936492590209,128,1280,88,6,0,6,58.00378936595408,1088,0.06517333333333333,58.06896269928741,58.06896269928741,58.07907381039852,58.099447027444,58.125815812955366,61.46437921595319,0.20645088705327908,3.5450142900510997,0.08442444005198979,0.0,0.02037321704548134,0.0263687855113659
1128,57.95377346726822,64,4416,31,0,0,0,57.95377346726822,4224,0.07458133333333333,58.028354800601555,58.028354800601555,58.055888133934886,58.06947787821589,58.095994200760536,59.747157090492614,0.1422207334923158,1.7933836232243934,0.0,0.0,0.013589744281006233,0.02651632254464431
1129,57.96240281048806,160,768,144,0,0,0,58.028354800601555,576,0.06363733333333334,58.09199213393489,58.09199213393489,58.099258800601554,58.12251101158643,58.148952157419764,62.275545361279434,0.18654934693170588,4.313142550791376,0.06595199011349706,0.0,0.02325221098487873,0.026441145833331348
1130,57.963452899815735,160,2176,81,5,0,5,57.963452899815735,2048,0.050083555555555555,58.01353645537129,58.01353645537129,58.02862534426018,58.04592596638818,58.071893784214886,62.22763649068104,0.10844088439915112,4.264183590865308,0.0,0.0,0.01730062212800476,0.025967817826703765
1131,57.965619391388095,96,2048,84,3,0,4,60.317991541150846,0,0.5830328888888889,60.90102443003973,60.90102443003973,60.91540220781751,60.925462612464266,60.951890468909575,63.4570567065863,2.9862710775214794,5.491437315198205,2.3523721497627506,0.0,0.010060404646758059,0.026427856445309317
1132,57.98477532793572,96,1728,89,2,0,2,59.90900563086104,1536,0.06651733333333333,59.97552296419437,59.97552296419437,59.98812296419437,60.00496545226973,60.03091100891035,62.49898443164104,2.046135680974629,4.514209103705319,1.9242303029253165,0.0,0.016842488075361928,0.025945556640621703
1133,58.01160774924581,96,2176,5,2,0,2,59.97552296419437,2048,0.050083555555555555,60.02560651974992,60.02560651974992,60.04069540863881,60.056857053832225,60.082816472235,62.55091179980511,2.0712087229891907,4.539304050559295,1.9639152149485568,0.0,0.016161645193413676,0.0259594184027776
1134,58.02134919811482,96,4864,91,7,0,7,60.50358169171314,4672,0.07592533333333334,60.57950702504647,60.57950702504647,60.60952924726869,76.98127513785461,77.00771895499328,79.5190475987921,18.98636975687846,21.49769840067728,2.4822324935983175,0.0,16.37174589058592,0.026443817138670056
1135,58.02475872990696,96,1408,105,3,0,3,60.90102443003973,1216,0.06555733333333334,60.966581763373064,60.966581763373064,60.97740398559529,60.978318813636136,61.004599380042386,63.509827865440464,2.9798406501354293,5.485069135533507,2.8762657001327767,0.0,0.0009148280408481924,0.02628056640624976
1136,58.05742927468254,96,2176,85,7,0,7,60.57950702504647,2048,0.050083555555555555,60.62959058060202,60.62959058060202,60.64467946949091,77.0341632604132,77.06061879630187,79.5714982213507,19.003189521619326,21.514068946668154,2.522077750363927,0.0,16.389483790922284,0.026455535888672443
1137,58.05886522683409,160,4480,43,1,0,1,58.05886522683409,4224,0.09255111111111111,58.1514163379452,58.1514163379452,58.17930522683409,58.20267624630182,58.22903855098932,62.43725527578469,0.17017332415523612,4.378390048950607,0.0,0.0,0.023371019467731458,0.026362304687502558
1138,58.08102421711742,96,4288,103,1,0,1,58.1514163379452,4096,0.07419733333333334,58.22561367127853,58.22561367127853,58.25243589350075,58.25540134395807,58.28186897788664,60.79213703034198,0.20084476076922186,2.7111128132245668,0.07039212082778334,0.0,0.0029654504573173313,0.026467633928568546
1139,58.13558872574281,160,2752,98,3,0,3,60.966581763373064,2560,0.06958933333333334,61.0361710967064,61.0361710967064,61.05445998559529,61.05716197769864,61.08345429540697,65.29681263106548,2.9478655696641667,7.161223905322672,2.8309930376302574,0.0,0.0027019921033542005,0.02629231770833229
1140,58.17496798501276,64,1152,32,2,0,2,60.02560651974992,960,0.06478933333333334,60.09039585308325,60.09039585308325,60.09979585308325,60.10877637891903,60.13469698438778,61.76980757469265,1.9597289993750167,3.5948395896798857,1.8506385347371577,0.0,0.00898052583578135,0.025920605468748192
1141,58.18820063289778,96,640,148,1,0,,58.22561367127853,256,0.11658666666666667,58.3422003379452,58.3422003379452,58.34875589350076,58.361274809359855,58.38759976053173,60.89750381094095,0.19939912763394574,2.7093031780431645,0.037413038380748276,0.0,0.012518915859097035,0.026324951171872613
1142,58.20467668395484,160,768,108,2,0,2,60.09039585308325,576,0.06363733333333334,60.154033186416584,60.154033186416584,60.16129985308325,60.18655684766903,60.21243194532528,64.32903691606255,2.0077552613704412,6.124360232107712,1.8857191691284143,0.0,0.025256994585781456,0.025875097656246737
1143,58.25490223222901,64,2176,81,5,0,5,58.25490223222901,2048,0.050083555555555555,58.30498578778456,58.30498578778456,58.32007467667345,58.331763595116875,58.35776630285835,59.9997224959979,0.10286407062934444,1.7448202637688937,0.0,0.0,0.011688918443425678,0.026002707741476172
1144,58.25942367638254,64,5248,83,7,0,7,60.62959058060202,5120,0.05929955555555556,60.688890136157575,60.688890136157575,60.72104569171313,77.56336675162413,77.5898896703253,79.25552495474913,19.330465993942767,20.996101278366595,2.370166904219481,0.0,16.842321059911,0.026522918701175513
1145,58.27632842405038,96,4096,93,1,0,6,58.3422003379452,0,1.1580657777777779,59.50026611572298,59.50026611572298,59.526021671278535,59.547630566428296,59.57416173504809,62.092767971097196,1.29783331099771,3.8164395470468193,0.06587191389482427,0.0,0.021608895149761054,0.026531168619790435
1146,58.27941646561393,96,3200,82,7,0,7,60.688890136157575,3072,0.05315555555555555,60.74204569171313,60.74204569171313,60.76282346949091,77.61641307730773,77.6429320897589,80.1480146398077,19.363515624144974,21.86859817419377,2.4094736705436475,0.0,16.853589607816815,0.026519012451174717
1147,58.282739470298765,128,2368,138,4,0,4,58.282739470298765,2176,0.06843733333333334,58.3511768036321,58.3511768036321,58.36733235918766,61.49004907621463,61.51625860990604,64.84088344879194,3.2335191396072744,6.558143978493177,0.0,0.0,3.122716717026975,0.026209533691407216
1148,58.320460504656275,64,1600,84,4,0,4,58.3511768036321,1344,0.0839111111111111,58.435087914743214,58.435087914743214,58.446976803632104,61.5686791421326,61.59478760160526,63.24115277494511,3.274327096948987,4.920692270288832,0.030716298975825396,0.0,3.121702338500498,0.026108459472659717
1149,58.326392712798025,128,1664,80,7,0,7,60.74204569171313,1536,0.04854755555555555,60.79059324726869,60.79059324726869,60.80283769171313,78.01424953360656,78.04067723746398,81.37700734610652,19.714284524665956,23.0506146333085,2.415652978915105,0.0,17.21141184189343,0.026427703857422102
1150,58.36970630640151,160,2176,126,1,0,,59.50026611572298,256,0.5478613333333333,60.04812744905631,60.04812744905631,60.0632163379452,60.07834671226163,60.104819298757164,64.30525511302427,1.7351129923556528,5.935548806622762,1.1305598093214684,0.0,0.01513037431642772,0.026472586495536632
1151,58.37694972906853,96,2240,126,1,0,1,60.04812744905631,2048,0.06805333333333334,60.11618078238964,60.11618078238964,60.13162522683409,60.157765936591986,60.18419245026386,62.69848574453469,1.8072427211953297,4.321536015466165,1.6711777199877815,0.0,0.02614070975789673,0.026426513671871987
1152,58.38532142068893,160,4672,107,4,0,4,58.435087914743214,4416,0.0931271111111111,58.52821502585432,58.52821502585432,58.55717058140988,61.5686791421326,61.59478760160526,65.76149129151888,3.20946618091633,7.376169870829948,0.04976649405428191,0.0,3.0115085607227243,0.026108459472659717
1153,58.45874612650367,64,4288,99,3,0,3,61.0361710967064,4096,0.07419733333333334,61.11036843003973,61.11036843003973,61.13719065226195,61.162334178219474,61.18874266036233,62.85355133549255,2.7299965338586603,4.394805208988878,2.5774249702027276,0.0,0.02514352595752456,0.026408482142855405
1154,58.5282934447413,128,1216,32,2,0,2,60.154033186416584,1024,0.06498133333333334,60.21901451974992,60.21901451974992,60.228770075305476,60.23830753126278,60.26415793964346,63.55592014708933,1.7358644949021595,5.02762670234803,1.6257397416752823,0.0,0.009537455957300267,0.025850408380684087
1155,58.56001009377158,96,1024,100,7,0,7,60.79059324726869,832,0.06440533333333334,60.85499858060202,60.85499858060202,60.86368746949091,78.30498113150695,78.33134584708313,80.82761394400691,19.771335753311547,22.267603850235332,2.2305831534971077,0.0,17.441293662016037,0.02636471557617881
1156,58.60666531266916,160,1664,84,4,0,4,58.60666531266916,1472,0.06632533333333333,58.67299064600249,58.67299064600249,58.68523509044693,61.82978570951541,61.85591565336307,66.02475281495637,3.249250340693912,7.418087502287214,0.0,0.0,3.1445506190684824,0.02612994384765699
1157,58.633131081287544,128,2688,22,0,0,0,58.633131081287544,2496,0.06939733333333334,58.70252841462088,58.70252841462088,58.72046174795421,58.726625277577604,58.7527462825492,62.04625190424819,0.11961520126165226,3.413120822960643,0.0,0.0,0.00616352962339306,0.026121004971592754
1158,58.670601979483834,128,5248,7,3,0,3,61.11036843003973,5120,0.05929955555555556,61.16966798559528,61.16966798559528,61.20182354115084,61.21515163078644,61.241705219653625,64.60412464278423,2.5711032401697906,5.933522663300394,2.4397664505558936,0.0,0.013328089635599838,0.026553588867187727
1159,58.70074597428781,96,4096,80,5,0,7,58.70074597428781,0,1.1580657777777779,59.85881175206559,59.85881175206559,59.88456730762115,59.89503403978045,59.921210553452326,62.41129838304216,1.2204645791645135,3.7105524087543458,0.0,0.0,0.010466732159301273,0.0261765136718779
1160,58.76203207758536,64,1664,80,7,0,7,60.85499858060202,1536,0.04854755555555555,60.90354613615758,60.90354613615758,60.91579058060202,78.59501985831359,78.62138799185851,80.27895638175106,19.859355914273152,21.5169243041657,2.0929665030166618,0.0,17.67922927771157,0.026368133544920624
1161,58.775400890941896,64,832,144,0,0,0,58.775400890941896,640,0.06382933333333334,58.83923022427523,58.83923022427523,58.84685244649745,58.85738155421112,58.8835063322651,60.52238955887059,0.10810544132320388,1.7469886679286972,0.0,0.0,0.010529107713672659,0.026124778053976172
1162,58.81784597453998,128,1536,93,6,0,6,58.81784597453998,1280,0.0837191111111111,58.901565085651086,58.901565085651086,58.91309841898442,58.91710642907753,58.943437524455135,62.274040413869855,0.12559154991515697,3.4561944393298774,0.0,0.0,0.004008010093109249,0.026331095377607028
1163,58.88103672332707,160,4736,71,7,0,7,60.90354613615758,4544,0.07554133333333334,60.97908746949091,60.97908746949091,61.00839858060203,78.91146968741515,78.93793254752256,83.12047066397761,20.056895824195493,24.239433940650542,2.022509412830509,0.0,17.903071106813123,0.026462860107415054
1164,58.8969408572557,64,1024,92,4,0,4,58.8969408572557,832,0.06440533333333334,58.96134619058903,58.96134619058903,58.970035079477924,61.90817700590213,61.93430743803104,63.581879537989195,3.037366580775341,4.684938680733495,0.0,0.0,2.9381419264242083,0.026130432128908865
1165,59.002730807068716,96,2176,81,5,0,5,59.85881175206559,2048,0.050083555555555555,59.908895307621144,59.908895307621144,59.923984196510034,59.94738755540545,59.97355226894712,62.46357572679216,0.9708214618784012,3.460844919723442,0.8560809449968758,0.0,0.023403358895414783,0.02616471354166805
1166,59.01919314147107,96,1408,17,7,0,7,60.97908746949091,1216,0.06555733333333334,61.044644802824244,61.044644802824244,61.05546702504647,79.25552495474913,79.2818750218878,81.7714341344366,20.26268188041673,22.752240992965532,1.9598943280198426,0.0,18.200057929702666,0.026350067138665167
1167,59.045993221065956,160,1792,89,2,0,2,60.21901451974992,1600,0.06670933333333334,60.285723853083255,60.285723853083255,60.29867940863881,60.31586022124857,60.3417140217043,64.4583411152813,1.2957208006383425,5.412347894215344,1.1730212986839632,0.0,0.01718081260975879,0.02585380045572805
1168,59.10069924325381,96,704,152,7,0,7,61.044644802824244,512,0.06344533333333334,61.10809013615758,61.10809013615758,61.11500124726869,79.5190475987921,79.54527266593077,82.03574779410457,20.44457342267696,22.93504855085076,1.9439455595704374,0.0,18.404046351523412,0.026225067138668123
1169,59.105093778910685,128,2496,110,6,0,6,59.105093778910685,2304,0.06882133333333333,59.17391511224402,59.17391511224402,59.19078177891068,59.20703415975343,59.23338454224041,62.564067659963605,0.12829076332972278,3.45897388105292,0.0,0.0,0.01625238084274372,0.026350382486981516
1170,59.19504819154271,160,1664,84,4,0,4,59.19504819154271,1536,0.04854755555555555,59.24359574709827,59.24359574709827,59.25584019154271,62.143368473187294,62.16950622953495,66.33992351808138,2.9744580379922425,7.144875326538667,0.0,0.0,2.8875282816445846,0.02613775634765858
1171,59.268574986399955,64,1216,97,6,0,6,59.268574986399955,1024,0.06498133333333334,59.33355631973329,59.33355631973329,59.34331187528885,59.36514377889405,59.39143866320895,61.0457465255235,0.12286367680899701,1.7771715391235432,0.0,0.0,0.021831903605203706,0.026294884314900457
1172,59.343909411308694,128,1664,80,7,0,7,61.10809013615758,1536,0.04854755555555555,61.15663769171314,61.15663769171314,61.16888213615758,79.5714982213507,79.59770571036437,82.93529216666316,20.253796299055672,23.591382755354466,1.7641807248488846,0.0,18.402616085193117,0.026207489013671648
1173,59.40032573872515,128,2176,81,5,0,5,59.908895307621144,2048,0.050083555555555555,59.9589788631767,59.9589788631767,59.97406775206559,59.9997224959979,60.02588930507993,63.35331477185355,0.6255635663547778,3.9529890331283966,0.508569568895993,0.0,0.02565474393231426,0.026166809082027953
1174,59.405021909465255,128,2816,18,5,0,5,59.9589788631767,2624,0.06978133333333333,60.02876019651003,60.02876019651003,60.047404640954475,60.05205660244321,60.07824741190501,63.40575308565563,0.673225502439756,4.000731176190378,0.5539569537114417,0.0,0.004651961488733036,0.02619080946180219
1175,59.421029900946216,128,3136,86,7,0,7,61.15663769171314,2944,0.07074133333333334,61.22737902504647,61.22737902504647,61.24780124726869,79.93844750113584,79.964675497962,83.30468187613582,20.54364559701579,23.8836519751896,1.7356077907669203,0.0,18.69064625386715,0.026227996826165167
1176,59.449757044563725,64,2304,134,0,0,0,59.449757044563725,2112,0.06824533333333334,59.518002377897055,59.518002377897055,59.533802377897054,59.53793736393011,59.56408812076605,61.195364900667464,0.11433107620232619,1.7456078561037387,0.0,0.0,0.0041349860330583965,0.02615075683593915
1177,59.47828289749648,128,2304,78,4,0,4,59.47828289749648,2112,0.06824533333333334,59.54652823082981,59.54652823082981,59.562328230829806,62.27406213773808,62.30011737455448,65.62943004709923,2.8218344770580046,6.151147149602757,0.0,0.0,2.7117339069082718,0.026055236816404204
1178,59.574111923897306,160,1856,89,2,0,2,60.285723853083255,1664,0.06690133333333334,60.35262518641659,60.35262518641659,60.365936297527696,60.36756831044128,60.39342704691964,64.50987374874484,0.819315123022335,4.935761824847532,0.7116119291859491,0.0,0.0016320129135820594,0.025858736478362232
1179,59.62299841997588,96,1600,8,4,0,4,59.62299841997588,1408,0.06613333333333334,59.68913175330921,59.68913175330921,59.7010206421981,62.508576847210726,62.534675541058384,65.02455244293256,2.911677121082505,5.401554022956681,0.0,0.0,2.8075562050126237,0.026098693847657728
1180,59.66424297065221,64,2176,85,7,0,7,61.22737902504647,2048,0.050083555555555555,61.27746258060202,61.27746258060202,61.29255146949091,79.964675497962,79.99086882681942,81.63975362296199,20.32662585616721,21.97551065230978,1.5631360543942563,0.0,18.672124028471096,0.026193328857416986
1181,59.85096823244109,64,1664,80,7,0,7,61.27746258060202,1536,0.04854755555555555,61.32601013615758,61.32601013615758,61.33825458060202,80.0170626439581,80.04316026969052,81.69230483145809,20.192192037249427,21.841336599016998,1.4264943481609293,0.0,18.67880806335608,0.026097625732418805
1182,59.942928805106405,160,3200,82,7,0,7,61.32601013615758,3072,0.05315555555555555,61.37916569171313,61.37916569171313,61.399943469490914,80.04316026969052,80.06930135245419,84.2485001134405,20.126372547347785,24.305571308334095,1.383081331051173,0.0,18.643216800199603,0.02614108276367233
1183,59.981677652855474,128,4928,91,7,0,7,61.37916569171313,4736,0.07611733333333334,61.45528302504647,61.45528302504647,61.48566080282425,80.06930135245419,80.0955386266241,83.43605916495417,20.11386097376863,23.4543815120987,1.3974880388576594,0.0,18.58364054962994,0.02623727416991528
1184,60.0152211984633,96,2176,81,5,0,5,60.02876019651003,2048,0.050083555555555555,60.07884375206558,60.07884375206558,60.09393264095447,60.10448801249095,60.13070925815067,62.62044521618948,0.11548805968736531,2.6052240177261794,0.013538998046726647,0.0,0.010555371536476343,0.026221245659719727
1185,60.027235795239285,128,1664,80,7,0,7,61.45528302504647,1536,0.04854755555555555,61.50383058060203,61.50383058060203,61.51607502504647,80.1480146398077,80.17420357413387,83.51443749137019,20.146967778894584,23.487201696130903,1.4280472298071842,0.0,18.63193961476123,0.02618893432617142
1186,60.07521953132734,96,1216,117,0,0,0,60.07521953132734,1024,0.06498133333333334,60.14020086466068,60.14020086466068,60.149956420216235,60.161373445589334,60.18715786941746,62.633619091748194,0.11193833809011977,2.5583995604208525,0.0,0.0,0.011417025373098966,0.025784423828127956
1187,60.34537562668933,96,2176,81,5,0,5,60.34537562668933,2048,0.050083555555555555,60.395459182244885,60.395459182244885,60.410548071133775,60.419175186970115,60.44538583150136,62.934311427126985,0.10001020481202971,2.5889358004376533,0.0,0.0,0.008627115836340238,0.026210644531246885
1188,60.57347717747089,160,2176,81,5,0,5,60.57347717747089,2048,0.050083555555555555,60.623560733026444,60.623560733026444,60.638649621915334,60.65508856587636,60.681289737751364,64.8426441989369,0.10781256028047181,4.269167021466004,0.0,0.0,0.01643894396102752,0.026201171875001705
1189,60.57960535415849,64,4544,131,2,0,2,60.57960535415849,4352,0.07496533333333334,60.65457068749182,60.65457068749182,60.682815131936266,60.70376997059753,60.7297317451511,62.369327660807706,0.15012639099261094,1.7897223066492174,0.0,0.0,0.02095483866126102,0.02596177455357207
1190,60.702690682124796,64,1664,8,4,0,4,60.702690682124796,1472,0.06632533333333333,60.76901601545813,60.76901601545813,60.78126045990257,62.743482669964635,62.76958966459354,64.42118494026921,2.066898982468743,3.7184942581444176,0.0,0.0,1.962222210062066,0.02610699462890409
1191,60.75729903157527,160,1664,80,7,0,7,61.50383058060203,1536,0.04854755555555555,61.552378136157586,61.552378136157586,61.56462258060203,80.22658290762996,80.25276940054988,84.43246864981745,19.49547036897461,23.67516961824218,0.7465315490267557,0.0,18.661960327027934,0.026186492919919147
1192,60.78527381406597,96,3200,82,7,0,7,61.552378136157586,3072,0.05315555555555555,61.60553369171314,61.60553369171314,61.62631146949092,80.27895638175106,80.30507549185847,82.80301692862605,19.519801677792508,22.017743114560083,0.7671043220916189,0.0,18.652644912260136,0.026119110107416077
1193,60.84774368851943,96,2432,94,6,0,6,60.84774368851943,2240,0.06862933333333333,60.91637302185276,60.91637302185276,60.93288413296388,60.941177053952316,60.96737280048009,63.45631221562767,0.11962911196066273,2.6085685271082397,0.0,0.0,0.008292920988438368,0.02619574652777601
1194,60.86661868893782,128,2176,81,5,0,5,60.86661868893782,2048,0.050083555555555555,60.91670224449337,60.91670224449337,60.93179113338226,60.943328311970106,60.96952285135813,64.29380386690563,0.10290416242030886,3.4271851779678144,0.0,0.0,0.011537178587843755,0.02619453938802252
1195,60.92939435696298,160,1664,80,7,0,7,61.60553369171314,1536,0.04854755555555555,61.6540812472687,61.6540812472687,61.66632569171314,80.27895638175106,80.30507549185847,84.48502571768854,19.375681134895494,23.555631360725563,0.676139334750161,0.0,18.612630690037918,0.026119110107416077
1196,61.041734753431484,64,2176,85,7,0,7,61.6540812472687,2048,0.050083555555555555,61.70416480282425,61.70416480282425,61.71925369171314,80.69692073721981,80.72305840201473,82.3797713231573,19.681323648583245,21.338036569725816,0.6123464938372152,0.0,18.97766704550667,0.026137664794916304
1197,61.074118715662635,128,2496,46,2,0,2,61.074118715662635,2304,0.06882133333333333,61.14294004899597,61.14294004899597,61.15980671566263,61.17115661959306,61.197143728968065,64.48418071489067,0.12302501330542981,3.4100619992280343,0.0,0.0,0.011349903930430116,0.02598710937500215
1198,61.26661394957842,64,2176,81,5,0,5,61.26661394957842,2048,0.050083555555555555,61.31669750513397,61.31669750513397,61.33178639402286,61.33643106188132,61.36263338787564,63.01281855603324,0.09601943829721904,1.7462046064548176,0.0,0.0,0.0046446678584572965,0.026202325994319153
1199,61.324862718721405,160,1664,80,7,0,7,61.70416480282425,1536,0.04854755555555555,61.75271235837981,61.75271235837981,61.76495680282425,80.82761394400691,80.85377065177059,85.04005242056941,19.528907933049183,23.715189701848004,0.3793020841028465,0.0,19.06265714118266,0.026156707763675513
1200,61.34127573258963,160,5248,83,7,0,7,61.75271235837981,5120,0.05929955555555556,61.812011913935365,61.812011913935365,61.84416746949092,81.37700734610652,81.40327977652645,85.59879738516902,20.062004043936817,24.257521652579392,0.4114366257901807,0.0,19.532839876615604,0.026272430419922443
1201,61.38007445440315,128,2176,85,7,0,7,61.812011913935365,2048,0.050083555555555555,61.86209546949092,61.86209546949092,61.87718435837981,81.63975362296199,81.66602898306941,85.01342061514949,20.28595452866626,23.633346160746335,0.4319374595322145,0.0,19.762569264582183,0.026275360107419488
1202,61.39904320081538,128,4480,155,4,0,4,61.39904320081538,4288,0.07477333333333333,61.47381653414871,61.47381653414871,61.5017054230376,62.8218051186951,62.84800342191776,66.18304998292513,1.4489602211023822,4.784006782109749,0.0,0.0,1.320099695657504,0.026198303222656705
1203,61.54564137503329,64,4992,91,7,0,7,61.86209546949092,4800,0.07630933333333334,61.93840480282425,61.93840480282425,61.96913813615758,81.69230483145809,81.71868077750301,83.38363100333308,20.17303940246972,21.837989628299788,0.31645409445762596,0.0,19.723166695300506,0.026375946044922216
1204,61.549782796838336,128,1280,97,6,0,6,61.549782796838336,1088,0.06517333333333333,61.61495613017167,61.61495613017167,61.62506724128278,61.64698533574486,61.672957991994856,65.0032237878933,0.12317519515652009,3.4534409910549684,0.0,0.0,0.021918094462080262,0.025972656249997783
1205,61.66495546940446,64,3200,82,7,0,7,61.93840480282425,3072,0.05315555555555555,61.99156035837981,61.99156035837981,62.01233813615759,81.7714341344366,81.79786330313777,83.4622173375616,20.132907833733313,21.797261868157136,0.2734493334197907,0.0,19.759095998279015,0.026429168701170624
1206,61.77089939952865,64,704,116,0,0,0,61.77089939952865,512,0.06344533333333334,61.834344732861986,61.834344732861986,61.841255843973094,61.86636506342788,61.892061718701314,63.50704784337579,0.12116231917266163,1.736148443847135,0.0,0.0,0.025109219454783727,0.025696655273435454
1207,61.847226232071115,128,5056,11,6,0,6,61.847226232071115,4864,0.07650133333333334,61.92372756540445,61.92372756540445,61.954816454293336,61.958689437307356,61.98496599980736,65.3213165613308,0.1377397677362424,3.4740903292596883,0.0,0.0,0.0038729830140198374,0.026276562500001432
1208,61.89681108294582,96,1152,96,4,0,4,61.89681108294582,960,0.06478933333333334,61.96160041627915,61.96160041627915,61.971000416279146,63.05760742582401,63.08382672514042,65.57666491038049,1.187015642194602,3.6798538274346697,0.0,0.0,1.0866070095448634,0.026219299316409206
1209,61.9148885513248,160,2176,142,0,0,,61.9148885513248,256,0.5478613333333333,62.46274988465813,62.46274988465813,62.47783877354702,62.47950043940444,62.505185660758606,66.6387344481935,0.5902971094338056,4.723845896868703,0.0,0.0,0.0016616658574193366,0.025685221354166288
1210,61.97335336112503,160,1664,80,7,0,7,61.99156035837981,1536,0.04854755555555555,62.040107913935366,62.040107913935366,62.05235235837981,82.03574779410457,82.06220821280574,86.26333275504206,20.088854851680715,24.28997939391703,0.018206997254779367,0.0,19.98339543572476,0.02646041870117699
1211,61.987795415499484,64,1152,121,0,0,,62.46274988465813,256,0.2603448888888889,62.72309477354702,62.72309477354702,62.73249477354702,62.73646967768569,62.76213308914402,64.38661473790704,0.7743376736445384,2.3988193224075545,0.4749544691586465,0.0,0.003974904138672741,0.025663411458332064
1212,61.993244865970574,128,1472,145,3,0,3,61.993244865970574,1280,0.06574933333333334,62.05899419930391,62.05899419930391,62.070171977081685,62.09028452466665,62.116597233930044,65.48389059330506,0.12335236795946969,3.4906457273344884,0.0,0.0,0.020112547584965057,0.026312709263393685
1213,62.00043651439951,64,1664,80,7,0,7,62.040107913935366,1536,0.04854755555555555,62.088655469490924,62.088655469490924,62.100899913935365,82.3797713231573,82.40622051138972,84.0649588231573,20.40578399699021,22.064522308757788,0.0396713995358553,0.0,20.278871409221935,0.026449188232419374
1214,62.09681629274048,128,3200,82,7,0,7,62.09681629274048,3072,0.05315555555555555,62.14997184829603,62.14997184829603,62.170749626073814,82.80301692862605,82.82947099967097,86.18359993643854,20.732654706930497,24.086783643698062,0.0,0.0,20.632267302552236,0.02645407104492392
1215,62.15291473583911,64,1664,80,7,0,7,62.15291473583911,1536,0.04854755555555555,62.20146229139467,62.20146229139467,62.21370673583911,82.93529216666316,82.96174477286434,84.61640251822566,20.808830037025224,22.463487782386544,0.0,0.0,20.72158543082405,0.0264526062011754
1216,62.16421448880164,160,2496,94,6,0,6,62.16421448880164,2304,0.06882133333333333,62.23303582213497,62.23303582213497,62.24990248880164,62.274040413869855,62.30040408574486,66.48215347539332,0.1361895969432183,4.3179389865916775,0.0,0.0,0.024137925068217214,0.026363671875003547
1217,62.167401112894446,96,4096,32,1,0,2,62.167401112894446,0,1.1580657777777779,63.325466890672224,63.325466890672224,63.35122244622778,63.351403225003445,63.377964748440945,65.90489866771178,1.2105636355464995,3.737497554817331,0.0,0.0,0.0001807787756646917,0.02656152343750051
1218,62.17036656274645,64,2048,110,1,0,6,63.325466890672224,0,0.5830328888888889,63.90849977956111,63.90849977956111,63.922877557338886,63.93586953359719,63.96225104401386,65.63461790599303,1.7918844812674095,3.4642513432465734,1.1551003279257728,0.0,0.012991976258305726,0.026381510416669585
1219,62.22318566377758,64,256,83,7,0,7,62.22318566377758,0,0.07987911111111111,62.30306477488869,62.30306477488869,62.307486997110914,83.12047066397761,83.14678508658504,84.8011024999151,20.923599422807463,22.577916836137526,0.0,0.0,20.8129836668667,0.026314422607427446
1220,62.26361734881434,96,3200,82,7,0,7,62.30306477488869,3072,0.05315555555555555,62.356220330444245,62.356220330444245,62.376998108222026,83.30468187613582,83.33099776358699,85.83771312613581,21.06738041477265,23.574095777321467,0.03944742607434648,0.0,20.92768376791379,0.026315887451175968
1221,62.27910404261152,160,2048,4,0,0,2,62.72309477354702,0,0.5830328888888889,63.306127662435905,63.306127662435905,63.32050544021368,63.326851676383605,63.35260765782892,67.50566120600601,1.0735036152173976,5.226557163394489,0.44399073093549646,0.0,0.006346236169925135,0.025755981445314546
1222,62.415952534641995,160,1280,12,0,0,0,63.306127662435905,1088,0.06517333333333333,63.37130099576924,63.37130099576924,63.38141210688035,63.40412108556329,63.42985204259454,67.58469978022477,1.0138995079525444,5.168747245582772,0.8901751277939098,0.0,0.022708978682942416,0.025730957031250057
1223,62.561143898773885,64,1344,97,6,0,6,62.561143898773885,1152,0.06536533333333333,62.62650923210722,62.62650923210722,62.63697589877388,62.64324209844017,62.669487313283916,64.31957803594017,0.10834341451003127,1.758434137166283,0.0,0.0,0.006266199666285388,0.026245214843747533
1224,62.59998201779781,96,1664,80,7,0,7,62.59998201779781,1536,0.04854755555555555,62.648529573353365,62.648529573353365,62.660774017797806,83.38363100333308,83.409844840003,85.91734780020808,20.809862822205197,23.31736578241027,0.0,0.0,20.722856985535273,0.026213836669924717
1225,62.67233731692293,128,3200,82,7,0,7,62.67233731692293,3072,0.05315555555555555,62.72549287247848,62.72549287247848,62.746270650256264,83.43605916495417,83.4622173375616,86.82216853995416,20.78988002063867,24.149831223031235,0.0,0.0,20.68978851469791,0.026158172607424035
1226,62.71884067016984,128,1664,80,7,0,7,62.72549287247848,1536,0.04854755555555555,62.77404042803404,62.77404042803404,62.78628487247848,83.4622173375616,83.48832717032526,86.84875444693658,20.769486500155423,24.12991377676674,0.006652202308643496,0.0,20.675932465083115,0.026109832763665963
1227,62.73749980902747,128,5056,91,7,0,7,62.77404042803404,4864,0.07650133333333334,62.850541761367374,62.850541761367374,62.88163065025626,83.51443749137019,83.54064791007136,86.90198241324518,20.803148101043888,24.16448260421771,0.03654061900657268,0.0,20.632806841113926,0.026210418701168692
1228,62.75504405032838,96,1088,92,4,0,4,62.75504405032838,896,0.06459733333333334,62.81964138366171,62.81964138366171,62.82868582810615,63.24115277494511,63.26735791410526,65.76149129151888,0.5123138637768818,3.0064472411905,0.0,0.0,0.41246694683895413,0.026205139160154545
1229,62.85675846173825,64,1664,80,7,0,7,62.85675846173825,1536,0.04854755555555555,62.90530601729381,62.90530601729381,62.91755046173825,84.0649588231573,84.09117754263971,85.7580740575323,21.23441908090146,22.901315595794046,0.0,0.0,21.147408361419046,0.026218719482415054
1230,63.0388926731319,128,4736,107,4,0,4,63.0388926731319,4544,0.07554133333333334,63.11443400646523,63.11443400646523,63.143745117576344,63.29356354154667,63.31977258695682,66.65377801026888,0.2808799138249256,3.6148853371369825,0.0,0.0,0.14981842397032352,0.02620904541015534
1231,63.13101564075349,160,5248,83,7,0,7,63.13101564075349,5120,0.05929955555555556,63.190315196309044,63.190315196309044,63.2224707518646,84.2485001134405,84.27477986807916,88.49131359000297,21.143764227325676,25.360297949249485,0.0,0.0,21.0260293615759,0.026279754638665054
1232,63.15693833844916,160,1408,97,6,0,6,63.15693833844916,1216,0.06555733333333334,63.22249567178249,63.22249567178249,63.23331789400471,63.24700557500267,63.273167196096416,67.45086280156518,0.11622885764725766,4.293924463116021,0.0,0.0,0.013687680997954033,0.026161621093748977
1233,63.15853387937654,96,4352,119,3,0,3,63.15853387937654,4160,0.07438933333333334,63.23292321270988,63.23292321270988,63.26010099048766,63.27271149174255,63.29904505759076,65.83753439213318,0.14051117821421855,2.6790005127566374,0.0,0.0,0.012610501254890494,0.026333565848212004
1234,63.236657482361515,128,4096,155,1,0,4,63.90849977956111,0,1.1580657777777779,65.06656555733889,65.06656555733889,65.09232111289445,65.10083372630552,65.12751829661802,68.55412767161802,1.8908608142565058,5.317470189256504,0.6718422971995963,0.0,0.008512613411070902,0.026684570312497158
1235,63.382051271562055,128,1664,80,7,0,7,63.382051271562055,1536,0.04854755555555555,63.43059882711761,63.43059882711761,63.442843271562054,84.43246864981745,84.45874693961237,87.83096572012992,21.076695668050313,24.44891444856787,0.0,0.0,20.989625378255397,0.02627828979491653
1236,63.42660217264044,160,1920,89,2,0,2,63.42660217264044,1728,0.06709333333333334,63.493695505973776,63.493695505973776,63.50736217264044,63.53012341159826,63.55592014708933,67.63585047400527,0.12931797444888815,4.209248301364823,0.0,0.0,0.022761238957819785,0.02579673549107042
1237,63.56413865539219,160,1664,80,7,0,7,63.56413865539219,1536,0.04854755555555555,63.61268621094775,63.61268621094775,63.62493065539219,84.48502571768854,84.51130010123346,88.72672395987601,20.947161445841267,25.16258530448382,0.0,0.0,20.860095062296352,0.026274383544915736
1238,63.62650307813051,96,256,138,2,0,4,63.62650307813051,0,0.07987911111111111,63.70638218924162,63.70638218924162,63.71080441146385,63.71085178771433,63.736575629790224,66.17039539588026,0.1100725516597123,2.5438923177497514,0.0,0.0,4.737625048534255e-05,0.025723842075890957
1239,63.637321155292874,96,4096,80,5,0,7,63.637321155292874,0,1.1580657777777779,64.79538693307065,64.79538693307065,64.82114248862621,64.8426441989369,64.8696441989369,67.41913082003063,1.2323230436440227,3.7818096647377573,0.0,0.0,0.021501710310687372,0.027000000000001023
1240,63.822255530169265,128,5248,83,7,0,7,63.822255530169265,5120,0.05929955555555556,63.88155508572482,63.88155508572482,63.913710641280375,84.61640251822566,84.64278676505182,88.01686540885063,20.82053123488256,24.19460987868137,0.0,0.0,20.70269187694528,0.026384246826168578
1241,63.83171385883185,128,5248,83,7,0,7,63.88155508572482,5120,0.05929955555555556,63.940854641280374,63.940854641280374,63.97301019683593,84.8011024999151,84.82764055533502,88.20199605460259,20.995926696503176,24.37028219577074,0.049841226892972657,0.0,20.828092303079174,0.026538055419919715
1242,63.850699517981695,128,5248,83,7,0,7,63.940854641280374,5120,0.05929955555555556,64.00015419683594,64.00015419683594,64.0323097523915,85.01342061514949,85.04005242056941,88.41265010733696,21.189352902587714,24.561950589355263,0.09015512329867903,0.0,20.981110862757987,0.026631805419924603
1243,63.96274016286836,64,832,40,7,0,7,64.00015419683594,640,0.06382933333333334,64.06398353016927,64.06398353016927,64.07160575239149,85.04005242056941,85.06665444083308,86.7422614049444,21.10391427796472,22.779521242076044,0.03741403396757903,0.0,20.96844666817792,0.02660202026366676
1244,64.01676654638491,96,3072,6,0,0,0,64.01676654638491,2880,0.07054933333333334,64.08731587971825,64.08731587971825,64.10738254638491,64.12691991368828,64.15288719884454,66.6387344481935,0.13612065245962413,2.6219679018085884,0.0,0.0,0.01953736730337141,0.02596728515625557
1245,64.06741920146499,128,1152,92,4,0,4,64.06741920146499,960,0.06478933333333334,64.13220853479832,64.13220853479832,64.14160853479832,64.15925663623275,64.18544726937077,67.5037481030423,0.11802806790578302,3.436328901577312,0.0,0.0,0.01764810143443185,0.02619063313801462
1246,64.39353054357738,64,3200,82,7,0,7,64.39353054357738,3072,0.05315555555555555,64.44668609913293,64.44668609913293,64.46746387691071,85.59879738516902,85.62534227652644,87.299525900794,21.231811732949055,22.90599535721661,0.0,0.0,21.131333508258308,0.026544891357417555
1247,64.40471457439517,160,1344,32,2,0,2,64.40471457439517,1088,0.0831431111111111,64.48785768550628,64.48785768550628,64.49832435217296,64.50987374874484,64.53545789588026,68.61355014034639,0.1307433214850846,4.208835565951219,0.0,0.0,0.01154939657187981,0.02558414713541879
1248,64.42500460129774,160,1664,80,7,0,7,64.44668609913293,1536,0.04854755555555555,64.49523365468849,64.49523365468849,64.50747809913294,85.7580740575323,85.78461992545222,89.98899007315725,21.359615324154476,25.56398547185951,0.021681497835189134,0.0,21.25059595839936,0.026545867919921307
1249,64.44936692398953,128,4544,95,3,0,3,64.44936692398953,4352,0.07496533333333334,64.52433225732287,64.52433225732287,64.55257670176731,64.57729153731547,64.60412464278423,68.00598053471131,0.15475771879469846,3.556613610721783,0.0,0.0,0.024714835548167002,0.026833105468753615
1250,64.5120042180481,160,3200,82,7,0,7,64.5120042180481,3072,0.05315555555555555,64.56515977360365,64.56515977360365,64.58593755138143,85.83771312613581,85.86425752921198,90.06804027457326,21.352253311163878,25.55603605652516,0.0,0.0,21.251775574754376,0.026544403076172784
1251,64.5210559340068,160,4288,135,7,0,7,64.56515977360365,4096,0.07419733333333334,64.63935710693698,64.63935710693698,64.6661793291592,85.91734780020808,85.9439708165655,90.14708022208303,21.4229148825587,25.626024288076238,0.0441038395968576,0.0,21.25116847104887,0.02662301635741926
1252,64.63930166997976,96,1664,80,7,0,7,64.63935710693698,1536,0.04854755555555555,64.68790466249254,64.68790466249254,64.70014910693699,86.18359993643854,86.21017705435847,88.72672395987601,21.57087538437871,24.087422289896253,5.5436957225651895e-05,0.0,21.48345082950155,0.026577117919927673
1253,64.8335323048023,64,4096,138,5,0,4,64.8335323048023,0,1.1580657777777779,65.99159808258008,65.99159808258008,66.01735363813565,66.0311061129994,66.0581168551869,67.73386275362438,1.2245845503845914,2.900330448822075,0.0,0.0,0.013752474863750308,0.02701074218749966
1254,64.86729811216699,160,2624,90,7,0,7,64.86729811216699,2432,0.06920533333333334,64.93650344550032,64.93650344550032,64.9540812232781,86.26333275504206,86.28993575186823,90.48880345816701,21.422637639701236,25.62150534600002,0.0,0.0,21.309251531763962,0.02660299682617051
1255,64.98959085123917,128,512,129,2,0,5,64.98959085123917,0,0.15175822222222224,65.1413490734614,65.1413490734614,65.14719351790585,65.14962391150526,65.17513367713026,68.43204188025526,0.1855428258910905,3.442451029016084,0.0,0.0,0.002430393599411218,0.025509765625002956
1256,65.04495174534723,160,1664,80,7,0,7,65.04495174534723,1536,0.04854755555555555,65.09349930090279,65.09349930090279,65.10574374534724,86.7422614049444,86.76889662833307,90.96397820181937,21.723944882985833,25.91902645647214,0.0,0.0,21.63651765959716,0.026635223388666418
1257,65.19302666149177,96,2048,111,5,0,6,65.99159808258008,0,0.5830328888888889,66.57463097146898,66.57463097146898,66.58900874924676,66.59843423799938,66.62511490206188,69.10533725836768,1.4320882405701099,3.912310596875912,0.7985714210883117,0.0,0.009425488752626165,0.026680664062496362
1258,65.20806540870802,128,1664,80,7,0,7,65.20806540870802,1536,0.04854755555555555,65.25661296426358,65.25661296426358,65.26885740870803,86.82216853995416,86.84875444693658,90.19960603995413,21.640689038228558,24.99154063124611,0.0,0.0,21.553311131246133,0.026585906982418805
1259,65.24078968153786,96,2688,90,7,0,7,65.25661296426358,2496,0.06939733333333334,65.32601029759691,65.32601029759691,65.34394363093024,86.84875444693658,86.87536818595025,89.38338823599905,21.63457850441239,24.142598554461188,0.015823282725719423,0.0,21.50481081600634,0.026613739013669147
1260,65.29098214949478,160,4800,35,6,0,6,65.29098214949478,4544,0.0935111111111111,65.3844932606059,65.3844932606059,65.41415992727256,65.42532242070581,65.45177212773706,69.64534830426236,0.1607899782422777,4.354366154767575,0.0,0.0,0.011162493433246823,0.02644970703124727
1261,65.36727951367705,96,1408,109,7,0,7,65.36727951367705,1216,0.06555733333333334,65.43283684701038,65.43283684701038,65.4436590692326,86.90198241324518,86.92848189444635,89.43589745230764,21.561202380769302,24.068617938630595,0.0,0.0,21.458323344012584,0.026499481201170738
1262,65.46820711696026,128,4480,115,0,0,0,65.46820711696026,4288,0.07477333333333333,65.5429804502936,65.5429804502936,65.5708693391825,65.58619164220391,65.61250052892267,68.98825227045916,0.1442934119624084,3.5200451534988986,0.0,0.0,0.01532230302142068,0.026308886718751978
1263,65.51615173936511,128,4096,94,3,0,6,65.51615173936511,0,1.1580657777777779,66.67421751714289,66.67421751714289,66.69997307269846,66.70951095463317,66.73663961674255,70.05168732182067,1.2204878773774368,4.535535582455552,0.0,0.0,0.00953788193471894,0.027128662109376478
1264,65.59590475095851,128,5248,83,7,0,7,65.59590475095851,5120,0.05929955555555556,65.65520430651407,65.65520430651407,65.68735986206963,87.299525900794,87.32609325308891,90.67385890860648,21.730188502130403,25.077954157647966,0.0,0.0,21.612166038724368,0.026567352294918578
1265,65.59844581970538,96,1088,24,7,0,7,65.65520430651407,896,0.06459733333333334,65.7198016398474,65.7198016398474,65.72884608429185,87.83096572012992,87.85752135367484,90.3571717748174,22.259075533969465,24.758725955112027,0.05675848680868967,0.0,22.10211963583808,0.02655563354491619
1266,65.69741832801907,64,1408,141,3,0,3,66.67421751714289,1152,0.08333511111111111,66.757552628254,66.757552628254,66.76837485047622,66.79089840580505,66.81754765710714,68.47281818119568,1.1201293290880727,2.7753998531766086,0.9767991891238239,0.0,0.022523555328831435,0.026649251302089283
1267,65.7087037188721,64,1664,80,7,0,7,65.7198016398474,1536,0.04854755555555555,65.76834919540296,65.76834919540296,65.78059363984741,88.01686540885063,88.04331117911431,89.69867790885061,22.33460746024221,23.98997418997851,0.0110979209753026,0.0,22.236271769003224,0.02644577026367756
1268,65.72881236146088,64,1472,17,7,0,7,65.76834919540296,1280,0.06574933333333334,65.83409852873629,65.83409852873629,65.84527630651407,88.20199605460259,88.22832610221,89.88340523429007,22.499513740749123,24.154592872829184,0.03953683394207985,0.0,22.356719748088523,0.026330047607416418
1269,65.75240923638222,160,1664,80,7,0,7,65.83409852873629,1536,0.04854755555555555,65.88264608429185,65.88264608429185,65.8948905287363,88.41265010733696,88.43887077994438,92.62453780264944,22.68646154356216,26.87212856626722,0.08168929235407063,0.0,22.51775957860066,0.026220672607422557
1270,65.7543402992046,96,3200,82,7,0,7,65.88264608429185,3072,0.05315555555555555,65.9358016398474,65.9358016398474,65.95657941762518,88.49131359000297,88.51746834464164,91.01672374625296,22.763128045437043,25.262383447048364,0.12830578508724955,0.0,22.534734172377796,0.02615475463866801
1271,65.75739941771444,128,1664,84,4,0,4,65.75739941771444,1536,0.04854755555555555,65.80594697327,65.80594697327,65.81819141771444,65.84066785401888,65.86696424073763,69.15353325929232,0.1095648230231916,3.3961338415778783,0.0,0.0,0.02247643630443008,0.026296386718755116
1272,65.77845544739758,160,5248,83,7,0,7,65.9358016398474,5120,0.05929955555555556,65.99510119540295,65.99510119540295,66.02725675095851,88.72672395987601,88.75298467154593,92.94037435050099,22.974529224148355,27.161918903103413,0.15734619244982184,0.0,22.699467208917497,0.026260711669920056
1273,65.90066606262683,64,1664,80,7,0,7,65.99510119540295,1536,0.04854755555555555,66.04364875095851,66.04364875095851,66.05589319540296,88.72672395987601,88.75298467154593,90.4097268895635,22.852318608919106,24.509060826936675,0.0944351327761268,0.0,22.670830764473052,0.026260711669920056
1274,65.98641336721421,128,2176,85,7,0,7,66.04364875095851,2048,0.050083555555555555,66.09373230651407,66.09373230651407,66.10882119540295,89.38338823599905,89.40964260001272,92.75613823599905,23.423229232798505,26.769724868784834,0.05723538374429893,0.0,23.274567040596096,0.026254364013666986
1275,66.06325038727236,160,1600,129,5,0,5,66.57463097146898,1344,0.0839111111111111,66.65854208258008,66.65854208258008,66.67043097146897,66.67847769503064,66.70493460421032,70.83619702399268,0.6416842169379606,4.77294663672032,0.5113805841966155,0.0,0.008046723561662361,0.026456909179685795
1276,66.14346215638777,64,1600,93,6,0,6,66.14346215638777,1408,0.06613333333333334,66.20959548972111,66.20959548972111,66.22148437861,66.24549038945581,66.27178433476831,67.92801001836206,0.12832217838054305,1.7845478619742892,0.0,0.0,0.024006010845809556,0.026293945312502842
1277,66.21883177693162,64,1664,84,4,0,4,66.21883177693162,1536,0.04854755555555555,66.26737933248718,66.26737933248718,66.27962377693163,66.28772576417512,66.31382439698763,67.94202105226105,0.09499262005600428,1.7231892753294318,0.0,0.0,0.008101987243492204,0.026098632812505684
1278,66.41800256997001,64,2240,142,0,0,0,66.41800256997001,2048,0.06805333333333334,66.48605590330335,66.48605590330335,66.5015003477478,66.50729320470391,66.53358047683933,68.19821467280289,0.11557790686931924,1.780212102832877,0.0,0.0,0.005792856956119863,0.026287272135419926
1279,66.47236003677345,128,2176,85,7,0,7,66.47236003677345,2048,0.050083555555555555,66.52244359232901,66.52244359232901,66.5375324812179,89.43589745230764,89.46217330069632,92.80876073355763,22.98981326392287,26.33640069678418,0.0,0.0,22.898364971089748,0.02627584838867847
1280,66.48005540043054,160,1344,133,6,0,6,66.48005540043054,1152,0.06536533333333333,66.54542073376388,66.54542073376388,66.55588740043055,66.56105142461206,66.58719070683863,70.76528741559048,0.10713530640808244,4.285232015159934,0.0,0.0,0.00516402418151074,0.02613928222656625
1281,66.58655105941824,96,5248,83,7,0,7,66.58655105941824,5120,0.05929955555555556,66.6458506149738,66.6458506149738,66.67800617052936,89.69867790885061,89.72506606192678,92.23027556510061,23.13851500250854,25.64372450568237,0.0,0.0,23.020671738321255,0.026388153076169374
1282,66.65368038257938,128,1664,84,4,0,4,66.65368038257938,1536,0.04854755555555555,66.70222793813494,66.70222793813494,66.71447238257939,66.73103533448763,66.75680352296419,70.02914947022981,0.10312314038480963,3.37546908765043,0.0,0.0,0.01656295190824153,0.025768188476561704
1283,66.67010354512891,160,1664,80,7,0,7,66.67010354512891,1536,0.04854755555555555,66.71865110068447,66.71865110068447,66.73089554512892,89.88340523429007,89.90980071158499,94.09562203116506,23.239697166456082,27.425518486036154,0.0,0.0,23.15250968916115,0.026395477294926195
1284,66.67554044246171,160,256,89,7,0,2,66.71865110068447,0,0.07987911111111111,66.79853021179558,66.79853021179558,66.8029524340178,89.98899007315725,90.01533965201467,94.20007796378225,23.339799209552964,27.52453752132054,0.0431106582227585,0.0,23.186037639139457,0.026349578857420397
1285,66.6880268795025,96,2048,89,2,0,2,66.6880268795025,1792,0.0852551111111111,66.77328199061361,66.77328199061361,66.78765976839139,66.81175281775526,66.8374983011537,69.28851612341931,0.14947142165119942,2.6004892439168117,0.0,0.0,0.024093049363870023,0.025745483398438296
1286,66.72458823765439,128,3200,82,7,0,7,66.79853021179558,3072,0.05315555555555555,66.85168576735113,66.85168576735113,66.87246354512891,90.06804027457326,90.09438643546194,93.44063597769826,23.369798197807555,26.716047740043877,0.07394197414119219,0.0,23.195576729444355,0.026346160888678583
1287,66.81551751569265,160,1664,80,7,0,7,66.85168576735113,1536,0.04854755555555555,66.90023332290669,66.90023332290669,66.91247776735113,90.14708022208303,90.17334288687796,94.35721987052054,23.357825371185314,27.54170235482789,0.0361682516584807,0.0,23.2346024547319,0.02626266479492756
1288,66.82309602202511,96,4096,95,1,0,3,66.82309602202511,0,1.1580657777777779,67.98116179980289,67.98116179980289,68.00691735535845,68.01350755443052,68.04053392161802,70.58140013255552,1.217437899592909,3.7583041105304034,0.0,0.0,0.006590199072064706,0.027026367187502842
1289,67.0238586415334,128,1216,96,4,0,4,67.0238586415334,1024,0.06498133333333334,67.08883997486673,67.08883997486673,67.09859553042229,67.11760943116731,67.14334859132356,70.41393462647981,0.11948994979016447,3.390075984946421,0.0,0.0,0.019013900745022738,0.025739160156248886
1290,67.17706294283508,128,512,80,3,0,7,67.17706294283508,0,0.15175822222222224,67.3288211650573,67.3288211650573,67.33466560950176,67.35063522221131,67.37694235111756,70.66254864994566,0.1998794082824844,3.485485707110584,0.0,0.0,0.015969612709554326,0.02630712890625375
1291,67.22290268811633,64,4416,143,6,0,6,67.22290268811633,4160,0.0923591111111111,67.31526179922744,67.31526179922744,67.34279513256078,67.34544229375268,67.37179668828394,69.04128946637174,0.14889400016760135,1.8183867782554017,0.0,0.0,0.0026471611919021143,0.026354394531253433
1292,67.23518450267693,64,2176,81,5,0,5,67.23518450267693,2048,0.050083555555555555,67.28526805823249,67.28526805823249,67.30035694712137,67.31357828096813,67.33996568331187,68.97607903896665,0.10478118063494435,1.7408945362897157,0.0,0.0,0.013221333846757943,0.026387402343743815
1293,67.29734261504713,160,1664,80,7,0,7,67.29734261504713,1536,0.04854755555555555,67.34589017060269,67.34589017060269,67.35813461504713,90.19960603995413,90.22586577506155,94.40995662589162,22.92852316001442,27.112614010844496,0.0,0.0,22.841471424907,0.026259735107416304
1294,67.30377132915471,96,1664,80,7,0,7,67.34589017060269,1536,0.04854755555555555,67.39443772615824,67.39443772615824,67.40668217060269,90.3571717748174,90.38344908804983,92.8876278295049,23.079677758895116,25.58385650035018,0.042118841447972954,0.0,22.95048960421471,0.02627731323242699
1295,67.35479602356662,128,1472,105,3,0,3,67.35479602356662,1280,0.06574933333333334,67.42054535689995,67.42054535689995,67.43172313467772,67.45586666752381,67.48205768314881,70.76467853275815,0.1272616595821887,3.409882509191533,0.0,0.0,0.024143532846082394,0.02619101562500248
1296,67.60638255569188,96,4096,80,1,0,7,67.98116179980289,0,1.1580657777777779,69.13922757758067,69.13922757758067,69.16498313313623,69.17547581614926,69.20248631419614,71.7094887556024,1.5961037585042561,4.103106199910513,0.3747792441110107,0.0,0.010492683013026749,0.027010498046877274
1297,67.62515161273149,128,4352,135,7,0,7,67.62515161273149,4160,0.07438933333333334,67.69954094606481,67.69954094606481,67.7267187238426,90.4097268895635,90.43608525748343,93.7817268895635,22.81093364475194,26.156575276832015,0.0,0.0,22.683008165720906,0.02635836791992574
1298,67.76464939228588,128,1664,129,5,0,5,67.76464939228588,1472,0.06632533333333333,67.83097472561921,67.83097472561921,67.84321917006366,67.86368778617647,67.8896157646921,71.17287029873226,0.12496637240622022,3.408220906446388,0.0,0.0,0.020468616112808036,0.025927978515625227
1299,67.8797024052227,160,4480,143,6,0,6,67.8797024052227,4288,0.07477333333333333,67.95447573855604,67.95447573855604,67.98236462744494,68.00825025273706,68.03510791875269,72.2002415659811,0.15540551352998477,4.3205391607584005,0.0,0.0,0.02588562529211913,0.02685766601562989
1300,68.0436708822806,128,1472,97,6,0,6,68.0436708822806,1280,0.06574933333333334,68.10942021561392,68.10942021561392,68.1205979933917,68.14254346562768,68.16917530156518,71.49568116559048,0.12550441928458156,3.452010283309889,0.0,0.0,0.021945472235984198,0.02663183593749352
1301,68.05191413542198,160,512,141,5,0,3,68.05191413542198,0,0.15175822222222224,68.20367235764421,68.20367235764421,68.20951680208866,68.22672391898897,68.25252177055147,72.36764341071142,0.20060763512948654,4.315729275289442,0.0,0.0,0.01720711690030896,0.02579785156250125
1302,68.05454351101147,160,5248,83,7,0,7,68.05454351101147,5120,0.05929955555555556,68.11384306656703,68.11384306656703,68.14599862212259,90.48880345816701,90.51523848624319,94.70075365347951,22.460694975231718,26.646210142468036,0.0,0.0,22.342804836044422,0.026435028076178924
1303,68.09819206487583,160,1344,88,6,0,6,68.10942021561392,1152,0.06536533333333333,68.17478554894726,68.17478554894726,68.18525221561393,68.19580762578393,68.22227767786727,72.38023014019984,0.12408561299143628,4.28203807532401,0.011228150738091358,0.0,0.01055541016999939,0.02647005208334008
1304,68.104704271775,96,3200,82,7,0,7,68.11384306656703,3072,0.05315555555555555,68.16699862212258,68.16699862212258,68.18777639990036,90.67385890860648,90.7002309484014,93.20408742423146,22.595526676626392,25.099383152456454,0.009138794792022509,0.0,22.48608250870612,0.02637203979492142
1305,68.11610550317037,64,1664,80,7,0,7,68.16699862212258,1536,0.04854755555555555,68.21554617767814,68.21554617767814,68.22779062212258,90.96397820181937,90.99035072989554,92.65082097525686,22.874245226725165,24.53471547208649,0.050893118952203054,0.0,22.73618757969679,0.02637252807616619
1306,68.32440468241593,160,3200,82,7,0,7,68.32440468241593,3072,0.05315555555555555,68.37756023797148,68.37756023797148,68.39833801574926,91.01672374625296,91.04309432120414,95.22934972281544,22.718689638788206,26.90494504039951,0.0,0.0,22.618385730503704,0.026370574951172898
1307,68.36292207795493,96,2112,89,2,0,2,68.36292207795493,1920,0.06766933333333333,68.43059141128826,68.43059141128826,68.4453247446216,68.45792273963025,68.48385405473441,70.94740562537243,0.12093197677947387,2.5844835474174914,0.0,0.0,0.012597995008647445,0.02593131510415958
1308,68.39041551591986,128,1664,80,7,0,7,68.39041551591986,1536,0.04854755555555555,68.43896307147541,68.43896307147541,68.45120751591986,92.23027556510061,92.25655629630178,95.5990675572881,23.866140780381926,27.20865204136824,0.0,0.0,23.77906804918075,0.026280731201168805
1309,68.42745471607483,160,2176,81,5,0,5,68.42745471607483,2048,0.050083555555555555,68.4775382716304,68.4775382716304,68.49262716051928,68.51052714164521,68.5363735771921,72.65494106696143,0.10891886111726024,4.227486350886593,0.0,0.0,0.017899981125935938,0.025846435546881708
1310,68.43767638673471,64,1664,93,6,0,6,68.43767638673471,1472,0.06632533333333333,68.50400172006805,68.50400172006805,68.5162461645125,68.53995638880477,68.56633794572441,70.2183140269186,0.12866155898970533,1.7806376401838975,0.0,0.0,0.023710224292273097,0.026381556919645277
1311,68.48228245636885,128,2176,89,2,0,2,68.48228245636885,1984,0.06786133333333334,68.55014378970219,68.55014378970219,68.56523267859107,68.58758419796358,68.61355014034639,71.89922598670056,0.13126768397754063,3.4169435303317073,0.0,0.0,0.022351519372506345,0.025965942382811136
1312,68.5151229915209,64,1664,80,7,0,7,68.5151229915209,1536,0.04854755555555555,68.56367054707646,68.56367054707646,68.5759149915209,92.62453780264944,92.65082097525686,94.30469405264944,24.135697983735966,25.78957106112854,0.0,0.0,24.04862281112854,0.02628317260742108
1313,68.5310694457736,96,1344,153,2,0,2,68.55014378970219,1088,0.0831431111111111,68.6332869008133,68.6332869008133,68.64375356747998,68.66563819373181,68.69158582556774,71.15307710974743,0.1605163797941458,2.6220076639738323,0.019074343928593862,0.0,0.02188462625183263,0.025947631835933294
1314,68.56016112227164,96,3200,82,7,0,7,68.56367054707646,3072,0.05315555555555555,68.616826102632,68.616826102632,68.63760388040978,92.65082097525686,92.67714955802053,95.17647527213185,24.116988435748894,26.616314149860216,0.0035094248048181953,0.0,24.01321709484708,0.026328582763667896
1315,68.56927109137868,128,1664,80,7,0,7,68.616826102632,1536,0.04854755555555555,68.66537365818756,68.66537365818756,68.67761810263201,92.75613823599905,92.78244924063772,96.12943511099903,24.213178149259036,27.560164019620345,0.04755501125332273,0.0,24.078520133367036,0.02631100463867142
1316,68.63999915791955,160,1024,28,1,0,1,69.13922757758067,768,0.08218311111111111,69.22141068869178,69.22141068869178,69.23009957758066,69.25650877513364,69.28301675039405,73.44665086497741,0.6430175924745072,4.806651707057867,0.4992284196611223,0.0,0.026409197552979435,0.02650797526041515
1317,68.6404137145094,64,1536,17,7,0,7,68.66537365818756,1344,0.06594133333333334,68.73131499152089,68.73131499152089,68.74284832485422,92.80876073355763,92.8350492772588,94.48919139762013,24.194635562749397,25.848777683110725,0.024959943678155128,0.0,24.06591240870341,0.026288543701170397
1318,68.68258576412283,96,2176,81,5,0,5,68.68258576412283,2048,0.050083555555555555,68.7326693196784,68.7326693196784,68.74775820856728,68.76901346977021,68.7948949569354,71.25078069912288,0.11230919281256035,2.568194935000051,0.0,0.0,0.021255261202938414,0.02588148716517935
1319,68.70193754925953,128,512,80,3,0,7,68.70193754925953,0,0.15175822222222224,68.85369577148175,68.85369577148175,68.8595402159262,68.86307697025818,68.8889053393988,72.12900389083107,0.18696779013927767,3.427066341571546,0.0,0.0,0.0035367543319750894,0.02582836914062625
1320,68.96658980516646,64,4480,23,7,0,7,68.96658980516646,4288,0.07477333333333333,69.0413631384998,69.0413631384998,69.0692520273887,92.8876278295049,92.91400084586232,94.5684832982549,23.947411040695854,25.60189349308844,0.0,0.0,23.818375802116194,0.026373016357425172
1321,69.12758168403388,96,5248,83,7,0,7,69.12758168403388,5120,0.05929955555555556,69.18688123958944,69.18688123958944,69.219036795145,92.94037435050099,92.96674346060841,95.46703645987598,23.839161776574528,26.3394547758421,0.0,0.0,23.721337555355987,0.026369110107424376
1322,69.21216088298425,64,256,69,7,0,1,69.21216088298425,0,0.07987911111111111,69.29203999409536,69.29203999409536,69.29646221631758,93.20408742423146,93.23036864371389,94.88515285391897,24.018207760729638,25.672991970934717,0.0,0.0,23.90762520791388,0.026281219482427787
1323,69.27398990536585,96,1664,80,7,0,7,69.29203999409536,1536,0.04854755555555555,69.34058754965092,69.34058754965092,69.35283199409537,93.44063597769826,93.46687081046194,95.97046019644824,24.19288090509609,26.69647029108239,0.01805008872950964,0.0,24.087803983602896,0.02623483276367722
1324,69.42687853253994,160,1216,125,0,0,0,69.42687853253994,1024,0.06498133333333334,69.49185986587328,69.49185986587328,69.50161542142884,69.50161542142884,69.52720917142884,73.59113613269186,0.1003306388888916,4.164257600151913,0.0,0.0,0.0,0.02559374999999875
1325,69.46226458288648,160,1664,80,7,0,7,69.46226458288648,1536,0.04854755555555555,69.51081213844203,69.51081213844203,69.52305658288648,93.7817268895635,93.80788213248343,98.01457063956347,24.345617549596952,28.552306056676997,0.0,0.0,24.25867030667702,0.02615524291992699
1326,69.48521480903253,64,256,33,7,0,2,69.51081213844203,0,0.07987911111111111,69.59069124955315,69.59069124955315,69.59511347177536,94.09562203116506,94.12173528189749,95.78423238272754,24.63652047286496,26.29901757369501,0.025597329409507097,0.0,24.5005085593897,0.02611325073242199
1327,69.75982621094462,160,1216,121,0,0,0,69.75982621094462,1024,0.06498133333333334,69.82480754427796,69.82480754427796,69.83456309983352,69.85997235502259,69.88556952299135,73.94795522448874,0.12574331204672262,4.188129013544113,0.0,0.0,0.025409255189074997,0.025597167968754775
1328,70.00857288182257,96,1664,80,7,0,7,70.00857288182257,1536,0.04854755555555555,70.05712043737813,70.05712043737813,70.06936488182258,94.20007796378225,94.22623125357717,96.74042854971972,24.217658371754595,26.73185566789715,0.0,0.0,24.13071308195967,0.026153289794919488
1329,70.18478907246366,128,2304,66,1,0,1,70.18478907246366,2112,0.06824533333333334,70.253034405797,70.253034405797,70.268834405797,70.29068162669614,70.31710814036802,73.6299496931024,0.132319067904362,3.4451606206387453,0.0,0.0,0.021847220899147146,0.026426513671879093
1330,70.20450061916353,64,5248,83,7,0,7,70.20450061916353,5120,0.05929955555555556,70.26380017471908,70.26380017471908,70.29595573027464,94.30469405264944,94.33095671744437,95.99706319327441,24.12645609828084,25.79256257411089,0.0,0.0,24.008738322374796,0.02626266479492756
1331,70.24085764788599,96,896,144,0,0,0,70.24085764788599,704,0.06402133333333333,70.30487898121932,70.30487898121932,70.3128567589971,70.32079608549135,70.34634589017885,72.77420123685853,0.10548824229286424,2.533343588972542,0.0,0.0,0.007939326494252441,0.025549804687500455
1332,70.29489642410319,96,1408,88,6,0,6,70.29489642410319,1216,0.06555733333333334,70.36045375743652,70.36045375743652,70.37127597965873,70.37492706402799,70.40094766949673,72.8689886362936,0.10605124539354449,2.5740922121904077,0.0,0.0,0.003651084369252544,0.026020605468744407
1333,70.51353393980432,64,5248,83,7,0,7,70.51353393980432,5120,0.05929955555555556,70.57283349535987,70.57283349535987,70.60498905091544,94.35721987052054,94.38358800406546,96.05001283927051,23.87005406426114,25.53647889946619,0.0,0.0,23.752230819605103,0.026368133544920624
1334,70.5952976345257,160,2176,81,5,0,5,70.5952976345257,2048,0.050083555555555555,70.64538119008127,70.64538119008127,70.66047007897015,70.68090649664893,70.7067870305031,74.8441899567029,0.11148939597738661,4.248892322177198,0.0,0.0,0.020436417678780572,0.025880533854163446
1335,70.60183878812194,96,1408,153,2,0,2,70.60183878812194,1216,0.06555733333333334,70.66739612145527,70.66739612145527,70.67821834367749,70.68944434607556,70.71533362830212,73.16525357459116,0.11349484018018074,2.563414786469224,0.0,0.0,0.011226002398075252,0.025889282226557953
1336,70.64007125684037,128,704,140,2,0,2,70.66739612145527,512,0.06344533333333334,70.7308414547886,70.7308414547886,70.73775256589971,70.74122339880994,70.76700435584118,74.05437515662241,0.12693309900080862,3.414303899782041,0.027324864614897137,0.0,0.0034708329102244306,0.02578095703124461
1337,70.67596474357012,128,3200,82,7,0,7,70.67596474357012,3072,0.05315555555555555,70.72912029912567,70.72912029912567,70.74989807690345,94.40995662589162,94.43636772818654,97.80296736807911,23.76040298461642,27.12700262450899,0.0,0.0,23.660058548988175,0.026411102294915167
1338,70.69331681946059,128,2176,85,7,0,7,70.72912029912567,2048,0.050083555555555555,70.77920385468123,70.77920385468123,70.79429274357011,94.48919139762013,94.5156215428838,97.88235155387012,23.822304723423215,27.189034734409532,0.03580347966507702,0.0,23.69489865405002,0.026430145263674376
1339,70.73021661178521,64,1408,32,2,0,2,70.7308414547886,1216,0.06555733333333334,70.79639878812193,70.79639878812193,70.80722101034415,70.81856773474743,70.84433433630993,72.46538199255993,0.1141177245247178,1.735165380774717,0.0006248430033934937,0.0,0.011346724403281883,0.025766601562494884
1340,70.8037877812184,64,2496,102,1,0,1,70.8037877812184,2304,0.06882133333333333,70.87260911455174,70.87260911455174,70.88947578121841,70.89615501536801,70.92238426341488,72.5669838727899,0.11859648219648022,1.7631960915715013,0.0,0.0,0.006679234149601143,0.02622924804687443
1341,70.84022966266895,160,5248,83,7,0,7,70.84022966266895,5120,0.05929955555555556,70.8995292182245,70.8995292182245,70.93168477378006,94.5684832982549,94.59493639273732,98.8075409154424,23.754706730068378,27.967311252773456,0.0,0.0,23.63679852447484,0.02645309448242017
1342,71.01846175492972,64,2368,70,5,0,5,71.01846175492972,2112,0.0862151111111111,71.10467686604083,71.10467686604083,71.12083242159639,71.12099497321144,71.14693239183123,72.7855257837583,0.12847063690151117,1.7670640288285853,0.0,0.0,0.00016255161504830085,0.025937418619790265
1343,71.01983837846542,64,1664,80,7,0,7,71.01983837846542,1536,0.04854755555555555,71.06838593402098,71.06838593402098,71.08063037846543,94.70075365347951,94.72709493155568,96.39526244254199,23.70725655309026,25.37542406407657,0.0,0.0,23.62012327501408,0.026341278076174035
1344,71.07668712515203,128,256,80,3,0,7,71.07668712515203,0,0.07987911111111111,71.15656623626315,71.15656623626315,71.16098845848536,71.16931525150815,71.1945247241644,74.43562679935972,0.11783759901236124,3.35893967420769,0.0,0.0,0.008326793022789047,0.025209472656243292
1345,71.07755802340361,128,2176,81,5,0,5,71.10467686604083,2048,0.050083555555555555,71.1547604215964,71.1547604215964,71.16984931048528,71.17287029873226,71.19883994391455,74.50562379459352,0.12128192051093833,3.4280657711899067,0.027118842637221974,0.0,0.0030209882469875993,0.025969645182286172
1346,71.10116803334151,160,4800,71,7,0,7,71.10116803334151,4608,0.07573333333333333,71.17690136667484,71.17690136667484,71.20656803334151,94.88515285391897,94.91163426871388,99.12345168204396,23.810466235372374,28.022283648702455,0.0,0.0,23.678584820577456,0.02648141479491528
1347,71.17297246486993,128,2176,81,5,0,5,71.17297246486993,2048,0.050083555555555555,71.22305602042549,71.22305602042549,71.23814490931437,71.25078069912288,71.27674399664893,74.58378028873415,0.10377153177900311,3.410807823864218,0.0,0.0,0.01263578980851321,0.025963297526047313
1348,71.18241937812813,128,1472,113,6,0,6,71.18241937812813,1216,0.08352711111111111,71.26594648923924,71.26594648923924,71.27712426701702,71.28740655621549,71.31343917340298,74.6038480519837,0.1310197952748524,3.421428673855573,0.0,0.0,0.010282289198471517,0.0260326171874965
1349,71.39411159583165,128,832,72,4,0,4,71.39411159583165,640,0.06382933333333334,71.45794092916498,71.45794092916498,71.4655631513872,71.4655631513872,71.4909694013872,74.78259690789761,0.09685780555555823,3.388485312065967,0.0,0.0,0.0,0.025406250000003183
1350,71.55131296677477,64,896,112,3,0,3,71.55131296677477,640,0.0817991111111111,71.63311207788588,71.63311207788588,71.64108985566367,71.64837872807065,71.67367039473731,73.26964785241961,0.12235742796254101,1.7183348856448362,0.0,0.0,0.007288872406988389,0.025291666666660717
1351,71.60872721649703,96,2048,81,4,0,5,71.60872721649703,0,0.5830328888888889,72.19176010538592,72.19176010538592,72.2061378831637,72.22796305373096,72.25367350294971,74.73059641961636,0.6449462864526794,3.1218692031193314,0.0,0.0,0.021825170567254304,0.02571044921874943
1352,71.67700300480821,96,5056,87,4,0,4,72.19176010538592,4864,0.07650133333333334,72.26826143871926,72.26826143871926,72.29935032760815,72.30509586623096,72.33139339227262,74.8086865888872,0.654390387464403,3.131683584078985,0.514757100577711,0.0,0.005745538622804247,0.02629752604165958
1353,71.69791500614934,160,2176,9,2,0,2,71.69791500614934,1984,0.06786133333333334,71.76577633948268,71.76577633948268,71.78086522837157,71.79605196326305,71.82184473670056,75.98180940141407,0.12392973055121104,4.283894395264724,0.0,0.0,0.015186734891486253,0.025792773437501637
1354,71.76709394118613,96,1664,80,7,0,7,71.76709394118613,1536,0.04854755555555555,71.81564149674169,71.81564149674169,71.82788594118614,95.17647527213185,95.20291225333303,97.72342937369434,23.435818312146893,25.95633543250821,0.0,0.0,23.348589330945714,0.026436981201172216
1355,71.82553638969696,128,1664,84,4,0,4,72.26826143871926,1536,0.04854755555555555,72.31680899427482,72.31680899427482,72.32905343871927,72.33139339227262,72.3575700280148,75.65648349643926,0.5320336383178415,3.8309471067423004,0.44272504902230025,0.0,0.0023399535533457083,0.02617663574218909
1356,71.90396741210165,128,1664,4,2,0,2,71.90396741210165,1536,0.04854755555555555,71.95251496765721,71.95251496765721,71.96475941210166,71.97636392615368,72.00209732459118,75.3190978128724,0.09812991248952585,3.4151304007707495,0.0,0.0,0.011604514052024228,0.025733398437495225
1357,71.94355170558539,96,1664,8,4,0,4,72.31680899427482,1536,0.04854755555555555,72.36535654983038,72.36535654983038,72.37760099427483,72.38374715203824,72.409851741882,74.88610328810594,0.46630003629660166,2.942551582520551,0.3732572886894303,0.0,0.006146157763410542,0.02610458984375441
1358,71.94638753098917,64,2368,158,7,0,7,71.94638753098917,2176,0.06843733333333334,72.0148248643225,72.0148248643225,72.03098041987806,95.22934972281544,95.25575740714162,96.92662901969044,23.309369876152445,24.980241488701267,0.0,0.0,23.19836930293738,0.026407684326173353
1359,71.96047001750243,128,1728,93,6,0,6,71.96047001750243,1536,0.06651733333333333,72.02698735083577,72.02698735083577,72.03958735083577,72.04389088238736,72.06994810894986,75.35996218772588,0.10947809144742848,3.3994921702234535,0.0,0.0,0.004303531551585138,0.02605722656250009
1360,72.01176838292773,96,2560,138,4,0,4,72.36535654983038,2240,0.10456888888888889,72.46992543871927,72.46992543871927,72.48714766094149,72.48816844110074,72.5142988935747,74.98927955763719,0.5025305106469773,2.9775111747094627,0.3535881669026537,0.0,0.0010207801592514443,0.026130452473964283
1361,72.12166883013185,64,512,81,0,0,5,72.12166883013185,0,0.15175822222222224,72.27342705235408,72.27342705235408,72.27927149679853,72.28955975736635,72.31506280912416,73.92228383776998,0.19339397899230448,1.8006150076381289,0.0,0.0,0.010288260567818952,0.025503051757809203
1362,72.15612240429489,96,1280,96,4,0,4,72.46992543871927,1088,0.06517333333333333,72.5350987720526,72.5350987720526,72.54520988316372,72.56656126336637,72.5926207639244,75.06622600946011,0.43649835962951045,2.9101036051652187,0.3138030344243816,0.0,0.021351380202645487,0.026059500558034188
1363,72.18170439308871,64,704,120,6,0,6,72.18170439308871,512,0.06344533333333334,72.24514972642204,72.24514972642204,72.25206083753315,72.27751939801234,72.30319635113734,73.92879592796025,0.12149195804863666,1.7470915348715437,0.0,0.0,0.025458560479194148,0.025676953125000068
1364,72.2519054656084,96,5120,91,7,0,7,72.2519054656084,4928,0.07669333333333334,72.32859879894174,72.32859879894174,72.36004324338619,95.46703645987598,95.4934417027959,98.01457063956347,23.241536237187503,25.76266517395507,0.0,0.0,23.106993216489798,0.02640524291992108
1365,72.41668848387317,64,1152,157,3,0,,72.41668848387317,256,0.2603448888888889,72.67703337276207,72.67703337276207,72.68643337276207,72.71091624434669,72.73630800866961,74.35605282475035,0.31961952479643685,1.9393643408771766,0.0,0.0,0.024482871584623922,0.025391764322918675
1366,72.44229046786036,160,1792,93,6,0,6,72.44229046786036,1600,0.06670933333333334,72.5089998011937,72.5089998011937,72.52195535674925,72.5342276987936,72.5599370737936,76.70443577984828,0.1176466059332455,4.262145311987922,0.0,0.0,0.0122723420443549,0.025709375000005252
1367,72.6267934495551,128,2624,110,6,0,6,72.6267934495551,2368,0.08698311111111111,72.7137765606662,72.7137765606662,72.73135433844398,72.7399163706686,72.76572431337694,76.06930492047327,0.13893086382184094,3.442511470918177,0.0,0.0,0.008562032224617155,0.025807942708340192
1368,72.65864828818263,64,1856,93,6,0,6,72.7137765606662,1664,0.06690133333333334,72.78067789399954,72.78067789399954,72.79398900511065,72.81734166363735,72.84316490582485,74.47397561546026,0.18451661764221683,1.815327327277629,0.05512827248357155,0.0,0.023352658526704317,0.025823242187499318
1369,72.66575629933635,160,4608,131,2,0,2,72.66575629933635,4416,0.07515733333333334,72.74091363266969,72.74091363266969,72.76951363266969,72.77439810584117,72.80045171912242,76.99682502641407,0.1346954197860697,4.331068727077721,0.0,0.0,0.0048844731714865475,0.026053613281249
1370,72.74260392394794,160,2176,81,5,0,5,72.74260392394794,2048,0.050083555555555555,72.7926874795035,72.7926874795035,72.80777636839238,72.81162116136247,72.83770868577653,76.97949692284872,0.09510476182859406,4.236892998900785,0.0,0.0,0.003844792970085109,0.026087524414066365
1371,72.74372087666927,64,3200,86,7,0,7,72.74372087666927,3008,0.07093333333333333,72.8146542100026,72.8146542100026,72.83543198778038,95.5990675572881,95.62551821036426,97.2992384557256,22.88179733369499,24.55551757905633,0.0,0.0,22.763635569507713,0.026450653076167896
1372,72.96571914687716,96,2176,81,5,0,5,72.96571914687716,2048,0.050083555555555555,73.01580270243272,73.01580270243272,73.0308915913216,73.04642645921403,73.07251249437029,75.54720704654665,0.10679334749312375,2.581487899669483,0.0,0.0,0.015534867892426973,0.026086035156254184
1373,73.09674146999453,96,4096,82,1,0,7,73.09674146999453,0,1.1580657777777779,74.2548072477723,74.2548072477723,74.28056280332787,74.28056280332787,74.30756280332787,76.84351299864039,1.2108213333333424,3.7467715286458656,0.0,0.0,0.0,0.027000000000001023
1374,73.22005137469708,160,1600,37,5,0,5,73.22005137469708,1408,0.06613333333333334,73.28618470803042,73.28618470803042,73.29807359691931,73.30730878343279,73.33334809007341,77.47438151408757,0.11329671537633601,4.25433013939049,0.0,0.0,0.009235186513478766,0.02603930664062659
1375,73.40355514001311,64,5184,91,7,0,7,73.40355514001311,4992,0.07688533333333333,73.48044047334645,73.48044047334645,73.51224047334645,95.78423238272754,95.81083489127246,97.48523726554005,22.407279751259352,24.08168212552694,0.0,0.0,22.271991909381086,0.02660250854492574
1376,73.58180042950123,64,5248,7,3,0,3,73.58180042950123,5120,0.05929955555555556,73.64109998505678,73.64109998505678,73.67325554061235,73.67561660241961,73.70172223393003,75.37923978764097,0.11992180442879885,1.7974393581397408,0.0,0.0,0.002361061807263809,0.026105631510418448
1377,73.89861956083956,160,2560,102,1,0,1,74.2548072477723,2368,0.06901333333333334,74.32382058110564,74.32382058110564,74.34104280332785,74.36156426817162,74.3881900005935,78.62817364317164,0.48957043975393333,4.729554082332072,0.35618768693274205,0.0,0.02052146484376749,0.026625732421877046
1378,73.9836079338694,160,4352,99,3,0,3,73.9836079338694,4160,0.07438933333333334,74.05799726720272,74.05799726720272,74.0851750449805,74.09336530033627,74.11973163334409,78.36874181400816,0.1361236994746946,4.385133880138767,0.0,0.0,0.008190255355771114,0.026366333007814546
1379,74.02199964797036,128,1664,0,3,0,3,74.05799726720272,1536,0.04854755555555555,74.10654482275828,74.10654482275828,74.11878926720273,74.11973163334409,74.14598759037534,77.54477684818784,0.12398794240498034,3.522777200217476,0.035997619232361444,0.0,0.0009423661413592299,0.026255957031253274
1380,74.04499957196839,160,1664,80,7,0,7,74.04499957196839,1536,0.04854755555555555,74.09354712752395,74.09354712752395,74.1057915719684,95.97046019644824,95.99706319327441,100.20321898551074,21.952063621306024,26.158219413542355,0.0,0.0,21.864668624479847,0.02660299682617051
1381,74.19500363817554,128,2176,9,2,0,2,74.19500363817554,2048,0.050083555555555555,74.2450871937311,74.2450871937311,74.26017608261998,74.26567007849741,74.2919962503724,77.64979133500782,0.09699261219687116,3.454787696832284,0.0,0.0,0.005493995877429825,0.02632617187499875
1382,74.27374986699506,128,4416,99,3,0,3,74.27374986699506,4224,0.07458133333333333,74.34833120032839,74.34833120032839,74.37586453366173,74.38247982670347,74.40905306889097,77.81170604740659,0.1353032018959084,3.537956180411527,0.0,0.0,0.00661529304174735,0.026573242187495794
1383,74.28358615342673,160,1088,100,7,0,7,74.28358615342673,896,0.06459733333333334,74.34818348676006,74.34818348676006,74.3572279312045,95.99706319327441,96.02353777213183,100.22972237296192,21.739951618705106,25.94613621953519,0.0,0.0,21.63983526206991,0.02647457885741744
1384,74.33368721523958,64,2176,81,5,0,5,74.33368721523958,2048,0.050083555555555555,74.38377077079514,74.38377077079514,74.39885965968402,74.4013800724953,74.42744027059798,76.06797364810915,0.09375305535840539,1.7342864328695669,0.0,0.0,0.002520412811279016,0.026060198102683785
1385,74.48979150924806,128,704,76,4,0,4,74.48979150924806,512,0.06344533333333334,74.5532368425814,74.5532368425814,74.5601479536925,74.57457151727262,74.60057444696011,77.86230966831427,0.11078293771204528,3.3725181590662032,0.0,0.0,0.014423563580109544,0.026002929687493292
1386,74.64949780894328,160,5248,83,7,0,7,74.64949780894328,5120,0.05929955555555556,74.70879736449884,74.70879736449884,74.7409529200544,96.05001283927051,96.07648644156544,100.282756003333,21.426988632622155,25.633258194389725,0.0,0.0,21.30905991921611,0.0264736022949279
1387,74.69888485603528,160,4480,99,3,0,3,74.69888485603528,4288,0.07477333333333333,74.77365818936862,74.77365818936862,74.80154707825751,74.81256381107848,74.83954349857848,79.07521190678159,0.14065864254320104,4.376327050746312,0.0,0.0,0.011016732820962716,0.02697968750000257
1388,74.71828764988172,96,5248,91,7,0,7,74.71828764988172,5056,0.07707733333333333,74.79536498321505,74.79536498321505,74.82752053877061,96.12943511099903,96.1560156468877,98.67536089224903,21.43772799700598,23.957073242367315,0.0,0.0,21.301914572228412,0.026580535888669488
1389,74.81606123968794,96,2176,81,5,0,5,74.81606123968794,2048,0.050083555555555555,74.8661447952435,74.8661447952435,74.88123368413238,74.89622926334353,74.92225807193728,77.39624992229069,0.10619683224933851,2.5801886826027527,0.0,0.0,0.014995579211145582,0.02602880859375034
1390,74.82044305193772,96,4352,103,1,0,1,74.82044305193772,4160,0.07438933333333334,74.89483238527104,74.89483238527104,74.92201016304882,74.94744317442162,74.97424249082788,77.5096411724685,0.1537994388901609,2.68919812053079,0.0,0.0,0.02543301137279741,0.026799316406254547
1391,74.82455408831834,96,2496,106,6,0,6,74.82455408831834,2304,0.06882133333333333,74.89337542165167,74.89337542165167,74.91024208831834,74.9163705129212,74.94246023460089,77.45215892437953,0.11790614628255014,2.627604836061195,0.0,0.0,0.006128424602863447,0.026089721679682043
1392,74.9255121350882,160,2176,81,5,0,5,74.9255121350882,2048,0.050083555555555555,74.97559569064376,74.97559569064376,74.99068457953264,75.00034742740603,75.02638347883831,79.17040680705632,0.1008713437501143,4.244894671968126,0.0,0.0,0.009662847873386227,0.02603605143228549
1393,74.93024676571846,96,1536,101,4,0,4,74.93024676571846,1344,0.06594133333333334,74.99618809905179,74.99618809905179,75.00772143238513,75.0149076500851,75.04056658563198,77.47783457065802,0.11031981991351358,2.5475878049395533,0.0,0.0,0.007186217699981512,0.02565893554687193
1394,75.02937542198367,96,2048,97,0,0,6,75.02937542198367,0,0.5830328888888889,75.61240831087257,75.61240831087257,75.62678608865035,75.62678608865035,75.65278608865034,78.16539307107223,0.6234106666666719,3.136017649088558,0.0,0.0,0.0,0.02599999999999625
1395,75.23409001005518,160,1216,92,4,0,4,75.23409001005518,1024,0.06498133333333334,75.29907134338852,75.29907134338852,75.30882689894408,75.32280722690803,75.34845126987678,79.43476508823612,0.1143612598215924,4.200675078180936,0.0,0.0,0.013980327963949435,0.025644042968750114
1396,75.27106473189194,160,4480,31,0,0,0,75.61240831087257,4288,0.07477333333333333,75.6871816442059,75.6871816442059,75.7150705330948,75.73078901833784,75.75738374490034,79.96872290505661,0.48631901300839786,4.697658173164669,0.34134357898062717,0.0,0.01571848524304187,0.026594726562493065
1397,75.37263406430614,160,1664,84,4,0,4,75.37263406430614,1536,0.04854755555555555,75.4211816198617,75.4211816198617,75.43342606430615,75.45103232456427,75.47671201206427,79.56414680210331,0.10407794775812818,4.191512737797169,0.0,0.0,0.017606260258119732,0.025679687500002046
1398,75.50674234787151,96,2304,126,1,0,1,75.50674234787151,2112,0.06824533333333334,75.57498768120485,75.57498768120485,75.59078768120484,75.61757256895288,75.64421246153101,78.17338628965601,0.13747011365950357,2.6666439417845,0.0,0.0,0.026784887748036112,0.026639892578131708
1399,75.55674028258646,160,2048,80,0,0,7,75.6871816442059,0,0.5830328888888889,76.2702145330948,76.2702145330948,76.28459231087258,76.28938081521284,76.31578413552533,80.5231761032988,0.7590438529388734,4.966435820712334,0.13044136161944664,0.0,0.0047885043402544625,0.026403320312496703
1400,75.64011047859981,128,512,89,7,0,2,75.64011047859981,0,0.15175822222222224,75.79186870082204,75.79186870082204,75.79771314526648,96.39526244254199,96.42181075186816,99.77949095816699,20.781700273268356,24.13938047956718,0.0,0.0,20.597549297275506,0.02654830932617358
1401,75.67397853326555,64,4480,147,6,0,6,75.67397853326555,4288,0.07477333333333333,75.7487518665989,75.7487518665989,75.77664075548779,75.77861192730921,75.80503612164514,77.47892577008265,0.13105758837959058,1.8049472368170996,0.0,0.0,0.0019711718214239227,0.026424194335930906
1402,75.67948967595913,96,3200,82,7,0,7,75.79186870082204,3072,0.05315555555555555,75.84502425637758,75.84502425637758,75.86580203415537,96.74042854971972,96.76702715201465,99.28072835440723,21.087537476055516,23.601238678448098,0.11237902486290352,0.0,20.87462651556436,0.026598602294924945
1403,76.26876302262518,64,2752,22,0,0,0,76.2702145330948,2560,0.06958933333333334,76.33980386642814,76.33980386642814,76.35809275531703,76.36859224099409,76.39498176736127,78.05907021950972,0.12621874473609296,1.790307196884541,0.001451510469621553,0.0,0.010499485677058829,0.026389526367182725
1404,76.41336699011536,64,2176,81,5,0,5,76.41336699011536,2048,0.050083555555555555,76.46345054567092,76.46345054567092,76.4785394345598,76.48452638248415,76.5105698395154,78.15265036174381,0.0972028494000341,1.7392833716284457,0.0,0.0,0.0059869479243417345,0.026043457031249773
1405,76.41865314308153,128,2752,90,7,0,7,76.41865314308153,2560,0.06958933333333334,76.48824247641487,76.48824247641487,76.50653136530376,96.92662901969044,96.95324080557911,100.30915929312793,20.534587662497586,23.890506150046406,0.0,0.0,20.42009765438668,0.026611785888675854
1406,76.45760770173428,128,2176,81,5,0,5,76.46345054567092,2048,0.050083555555555555,76.51353410122648,76.51353410122648,76.52862299011537,76.53661378482789,76.56266122948935,79.87290602580632,0.10505352775507504,3.4152983240720403,0.005842843936648023,0.0,0.007990794712526395,0.02604744466145803
1407,76.53851394393462,64,2816,22,0,0,0,76.53851394393462,2624,0.06978133333333333,76.60829527726796,76.60829527726796,76.6269397217124,76.63250947732222,76.65890000466597,78.32569458474411,0.12038606073134872,1.7871806408094955,0.0,0.0,0.005569755609812432,0.026390527343750136
1408,76.54765946189069,128,512,80,3,0,7,76.54765946189069,0,0.15175822222222224,76.69941768411292,76.69941768411292,76.70526212855737,76.72178739506283,76.74832811771908,80.06544074792743,0.20066865582839455,3.517781286036737,0.0,0.0,0.01652526650546804,0.026540722656250182
1409,76.61500374822432,96,1664,80,7,0,7,76.61500374822432,1536,0.04854755555555555,76.66355130377988,76.66355130377988,76.67579574822433,97.2992384557256,97.32580824942677,99.83237322135058,20.710804501202446,23.217369473126254,0.0,0.0,20.62344270750127,0.026569793701170852
1410,76.62108121010792,64,1664,80,7,0,7,76.66355130377988,1536,0.04854755555555555,76.71209885933544,76.71209885933544,76.72434330377989,97.48523726554005,97.51170110220997,99.17587789054005,20.890619892102052,22.554796680432133,0.04247009367196597,0.0,20.76089396176016,0.026463836669918805
1411,76.72607716807701,128,2176,81,5,0,5,76.72607716807701,2048,0.050083555555555555,76.77616072363257,76.77616072363257,76.79124961252145,76.79711020409871,76.82316398479068,80.13221022502506,0.09708681671367003,3.4061330569480504,0.0,0.0,0.005860591577260266,0.026053780691967177
1412,76.74074803703682,128,3200,82,7,0,7,76.74074803703682,3072,0.05315555555555555,76.79390359259237,76.79390359259237,76.81468137037015,97.72342937369434,97.74994155020802,101.10008464713184,21.009193513171198,24.359336610095013,0.0,0.0,20.90874800332419,0.026512176513676877
1413,76.75271552803368,64,1600,17,7,0,7,76.79390359259237,1408,0.06613333333333334,76.86003692592571,76.86003692592571,76.8719258148146,97.80296736807911,97.82942827506153,99.4900542821416,21.076712747027855,22.737338754107924,0.04118806455869617,0.0,20.931041553264507,0.02646090698242176
1414,76.79739516921181,64,1664,80,7,0,7,76.86003692592571,1536,0.04854755555555555,76.90858448148127,76.90858448148127,76.92082892592572,97.88235155387012,97.90879439444629,99.56888768668261,21.11139922523448,22.771492517470804,0.06264175671390149,0.0,20.961522627944404,0.026442840576166304
1415,76.94152306458703,64,4416,103,1,0,1,76.94152306458703,4224,0.07458133333333333,77.01610439792036,77.01610439792036,77.0436377312537,77.05580010801539,77.08249273496851,78.76410381895289,0.14096967038148023,1.822580754365859,0.0,0.0,0.01216237676169385,0.026692626953121135
1416,77.06518987759483,96,2048,90,2,0,7,77.06518987759483,0,0.5830328888888889,77.64822276648373,77.64822276648373,77.66260054426151,77.66260054426151,77.6886005442615,80.14141037499067,0.6234106666666719,3.0762204973958376,0.0,0.0,0.0,0.02599999999999625
1417,77.0804327455313,96,3200,82,7,0,7,77.0804327455313,3072,0.05315555555555555,77.13358830108685,77.13358830108685,77.15436607886463,98.01457063956347,98.0409963902959,100.54623079581347,20.960563644764605,23.465798050282174,0.0,0.0,20.860204560698847,0.02642575073242881
1418,77.12436676046288,128,2048,88,2,0,6,77.64822276648373,0,0.5830328888888889,78.23125565537262,78.23125565537262,78.2456334331504,78.26072407941776,78.28672969465212,81.55534699608444,1.1623629341892467,4.430980235621561,0.5238560060208499,0.0,0.015090646267353236,0.02600561523436795
1419,77.18372463739495,96,2688,110,6,0,6,77.18372463739495,2496,0.06939733333333334,77.25312197072827,77.25312197072827,77.2710553040616,77.29257054547328,77.3191673879212,79.81869076380475,0.1354427505262521,2.6349661264098074,0.0,0.0,0.021515241411677266,0.026596842447915492
1420,77.29489997126875,96,2176,81,5,0,5,77.29489997126875,2048,0.050083555555555555,77.34498352682431,77.34498352682431,77.36007241571319,77.37019760644247,77.39624992229069,79.87290602580632,0.10134995102194466,2.5780060545375676,0.0,0.0,0.010125190729283418,0.026052315848218655
1421,77.32518277054926,96,3200,86,7,0,7,77.32518277054926,3072,0.05315555555555555,77.37833832610481,77.37833832610481,77.39911610388259,98.01457063956347,98.0409963902959,100.54623079581347,20.71581361974664,23.22104802526421,0.0,0.0,20.615454535680882,0.02642575073242881
1422,77.45479948333417,128,5248,83,7,0,7,77.45479948333417,5120,0.05929955555555556,77.51409903888973,77.51409903888973,77.54625459444529,98.67536089224903,98.70179592032521,102.04764604849903,21.24699643699104,24.592846565164862,0.0,0.0,21.129106297803744,0.026435028076178924
1423,77.4645264637474,160,768,140,2,0,2,78.23125565537262,576,0.06363733333333334,78.29489298870595,78.29489298870595,78.30215965537262,78.31273579816775,78.33853185936567,82.42658039452195,0.8740053956182692,4.962053930774545,0.7667291916252168,0.0,0.01057614279513075,0.02579606119792288
1424,77.58897273521626,64,2816,98,3,0,3,77.58897273521626,2624,0.06978133333333333,77.6587540685496,77.6587540685496,77.67739851299405,77.67841210209409,77.70506991459409,79.35739484948992,0.1160971793778316,1.7684221142736618,0.0,0.0,0.0010135891000402353,0.026657812500005207
1425,77.64764640275548,160,1664,80,7,0,7,77.64764640275548,1536,0.04854755555555555,77.69619395831104,77.69619395831104,77.70843840275549,98.8075409154424,98.83386412711232,103.0188241185674,21.186217724356837,25.37117771581191,0.0,0.0,21.099102512686912,0.026323211669918578
1426,77.65068268353953,128,1152,100,7,0,7,77.69619395831104,960,0.06478933333333334,77.76098329164438,77.76098329164438,77.77038329164438,99.12345168204396,99.14966454215138,102.49352492423145,21.498981858611856,24.842842240691922,0.0455112747715134,0.0,21.353068390399585,0.026212860107420966
1427,77.65441179193607,128,1664,80,7,0,7,77.76098329164438,1536,0.04854755555555555,77.80953084719994,77.80953084719994,77.82177529164439,99.17587789054005,99.20208977408497,102.54600777335254,21.547677982148898,24.891595981416472,0.10657149970830915,0.0,21.354102598895665,0.026211883544917214
1428,77.72095499235108,128,1664,80,7,0,7,77.80953084719994,1536,0.04854755555555555,77.8580784027555,77.8580784027555,77.87032284719994,99.28072835440723,99.30689238638965,102.65115120596974,21.585937394038567,24.930196213618657,0.08857585484885533,0.0,21.410405507207287,0.026164031982418123
1429,77.73913273407327,96,5248,83,7,0,7,77.8580784027555,5120,0.05929955555555556,77.91737795831105,77.91737795831105,77.94953351386661,99.4900542821416,99.51633159537403,102.0213208837041,21.77719886130076,24.28218814963084,0.11894566868222967,0.0,21.540520768274988,0.02627731323242699
1430,77.79197612644474,96,4480,139,0,0,0,77.79197612644474,4288,0.07477333333333333,77.86674945977808,77.86674945977808,77.89463834866697,77.89980557107222,77.926348458442,80.44430818337692,0.1343723319972696,2.652332056932181,0.0,0.0,0.00516722240524814,0.026542887369785717
1431,77.92173961167038,64,3200,82,7,0,7,77.92173961167038,3072,0.05315555555555555,77.97489516722592,77.97489516722592,77.9956729450037,99.56888768668261,99.59521138663379,101.25806346793262,21.673471774963417,23.33632385626224,0.0,0.0,21.57321474167891,0.02632369995117756
1432,77.95630660853296,160,1344,96,4,0,4,77.95630660853296,1152,0.06536533333333333,78.02167194186629,78.02167194186629,78.03213860853296,78.0425716312049,78.06829282261114,82.17736669142623,0.11198621407818621,4.221060082893274,0.0,0.0,0.01043302267193269,0.025721191406248067
1433,77.97831218336776,160,2176,81,5,0,5,77.97831218336776,2048,0.050083555555555555,78.02839573892332,78.02839573892332,78.0434846278122,78.04829684611882,78.07438449260319,82.21168019572819,0.09607230923542431,4.23336801236043,0.0,0.0,0.004812218306611271,0.026087646484370453
1434,78.05248377381062,160,2752,110,6,0,6,78.05248377381062,2560,0.06958933333333334,78.12207310714396,78.12207310714396,78.14036199603285,78.1632983286764,78.18963451031703,82.36046405598293,0.1371507365064133,4.307980282172309,0.0,0.0,0.022936332643553214,0.02633618164063023
1435,78.16884353476458,96,1536,88,6,0,6,78.16884353476458,1280,0.0837191111111111,78.25256264587568,78.25256264587568,78.26409597920902,78.26864598492641,78.29478807477015,80.78510374511055,0.12594454000557675,2.6162602103459704,0.0,0.0,0.004550005717391059,0.026142089843744998
1436,78.30014673992898,96,4416,123,6,0,6,78.30014673992898,4224,0.07458133333333333,78.3747280732623,78.3747280732623,78.40226140659564,78.42550584820765,78.45190367535609,80.94298858049001,0.151756935427116,2.642841840561033,0.0,0.0,0.02324444161200745,0.026397827148443298
1437,78.35750217775097,160,2368,134,0,0,0,78.35750217775097,2176,0.06843733333333334,78.42593951108431,78.42593951108431,78.44209506663987,78.45981323708786,78.48647119607223,82.6863998988717,0.12896901832125707,4.328897721120725,0.0,0.0,0.017718170447992065,0.026657958984372954
1438,78.38534938771033,96,2624,94,6,0,6,78.38534938771033,2368,0.08698311111111111,78.47233249882144,78.47233249882144,78.48991027659922,78.50470079449671,78.53107647809047,81.02149395158376,0.14572709038013443,2.6361445638734295,0.0,0.0,0.014790517897495192,0.02637568359375564
1439,78.42923444591176,160,1280,25,0,0,0,78.42923444591176,1088,0.06517333333333333,78.4944077792451,78.4944077792451,78.50451889035621,78.51312964333786,78.53958179177536,82.73936913715295,0.11034734586360173,4.310134691241188,0.0,0.0,0.008610752981653036,0.026452148437499545
1440,78.47548156042839,96,4352,79,7,0,7,78.47548156042839,4096,0.0921671111111111,78.5676486715395,78.5676486715395,78.59482644931728,99.77949095816699,99.80593184561816,102.31026048941699,21.33045028518977,23.834778928988598,0.0,0.0,21.184664508849707,0.026440887451173012
1441,78.50317822878874,96,512,80,3,0,7,78.50317822878874,0,0.15175822222222224,78.65493645101097,78.65493645101097,78.66078089545542,78.68445568119566,78.71050267826597,81.13943830652119,0.20732444947722684,2.6362600777324445,0.0,0.0,0.023674785740240623,0.026046997070309885
1442,78.52843473583135,64,3200,86,7,0,7,78.5676486715395,3072,0.05315555555555555,78.62080422709505,78.62080422709505,78.64158200487283,99.83237322135058,99.85885903067675,101.52138103385057,21.3304242948454,22.99294629801922,0.039213935708147574,0.0,21.19079121647775,0.026485809326175058
1443,78.56380272051591,160,2048,130,1,0,6,78.56380272051591,0,0.5830328888888889,79.1468356094048,79.1468356094048,79.16121338718258,79.16121338718258,79.18721338718258,83.37578107923989,0.6234106666666719,4.811978358723977,0.0,0.0,0.0,0.02599999999999625
1444,78.60867602380154,64,2176,85,7,0,7,78.62080422709505,2048,0.050083555555555555,78.67088778265061,78.67088778265061,78.68597667153949,100.20321898551074,100.22972237296192,101.88964281363573,21.62104634916038,23.280966789834196,0.012128203293514161,0.0,21.517242313971252,0.026503387451171534
1445,78.64075288834844,128,1600,88,6,0,6,78.64075288834844,1408,0.06613333333333334,78.70688622168178,78.70688622168178,78.71877511057068,78.74209952496547,78.76837979840296,82.09636214471061,0.12762691005451643,3.455609256362166,0.0,0.0,0.023324414394792825,0.02628027343749295
1446,78.64543892112627,96,2624,138,4,0,4,78.64543892112627,2432,0.06920533333333334,78.7146442544596,78.7146442544596,78.73222203223737,78.7372151858924,78.7630862796424,81.2221711347856,0.11764735851612329,2.5767322136593265,0.0,0.0,0.0049931536550218425,0.02587109374999841
1447,78.64970049128357,160,2048,95,1,0,3,79.1468356094048,0,0.5830328888888889,79.7298684982937,79.7298684982937,79.74424627607148,79.75933692233883,79.7853425375732,83.97801049004718,1.1356420462896324,5.328309998763615,0.49713511812123556,0.0,0.015090646267353236,0.02600561523436795
1448,78.69010320654876,128,1664,80,7,0,7,78.69010320654876,1536,0.04854755555555555,78.73865076210431,78.73865076210431,78.75089520654876,100.22972237296192,100.25623894400684,103.59563936514944,21.566135737458083,24.905536158600682,0.0,0.0,21.478827166413154,0.026516571044922443
1449,78.75722133724102,64,1280,92,4,0,4,78.75722133724102,1088,0.06517333333333333,78.82239467057435,78.82239467057435,78.83250578168547,78.84070249057989,78.86652592807988,80.49590168491581,0.10930459083886035,1.7386803476747872,0.0,0.0,0.008196708894416815,0.025823437499994384
1450,78.77602840917817,160,2432,150,1,0,1,79.7298684982937,2240,0.06862933333333333,79.79849783162703,79.79849783162703,79.81500894273815,79.8373552328857,79.86342245293778,84.05675243340656,1.0873940437596161,5.280724024228391,0.9538400891155305,0.0,0.02234629014755285,0.026067220052084394
1451,78.84365405291697,160,2176,81,5,0,5,78.84365405291697,2048,0.050083555555555555,78.89373760847253,78.89373760847253,78.90882649736142,78.90942292033758,78.93551911174383,83.0724214066657,0.0918650588268548,4.228767353748722,0.0,0.0,0.0005964229761588058,0.02609619140625341
1452,78.87728355096738,96,832,140,2,0,2,78.87728355096738,640,0.06382933333333334,78.94111288430071,78.94111288430071,78.94873510652293,78.95778381249067,78.98349157616255,81.42652863670943,0.1062080251951727,2.549245085742058,0.0,0.0,0.009048705967742876,0.025707763671874773
1453,79.00919170453076,160,1536,137,2,0,2,79.00919170453076,1344,0.06594133333333334,79.07513303786409,79.07513303786409,79.08666637119742,79.11203771874067,79.13775627342817,83.22701008202195,0.12856456889740286,4.217818377491184,0.0,0.0,0.025371347543241995,0.025718554687500728
1454,79.05014057232508,160,1920,93,6,0,6,79.05014057232508,1728,0.06709333333333334,79.11723390565841,79.11723390565841,79.13090057232507,79.13635489605922,79.16259247976457,83.33758438243382,0.11245190743949252,4.287443810108741,0.0,0.0,0.005454323734142008,0.026237583705352563
1455,79.07682589020013,96,4736,39,1,0,1,79.79849783162703,4544,0.07554133333333334,79.87403916496037,79.87403916496037,79.90335027607148,79.9155583578857,79.94193799655757,82.45974868991695,0.8651121063574436,3.382922799716823,0.721671941426905,0.0,0.012208081814222282,0.026379638671869543
1456,79.28237859510396,64,832,44,5,0,5,79.28237859510396,640,0.06382933333333334,79.3462079284373,79.3462079284373,79.35383015065952,79.37916579143132,79.40514772502507,81.03792067424381,0.12276912992111022,1.7555420791398433,0.0,0.0,0.025335640771800172,0.025981933593755002
1457,79.42354981898545,64,1664,80,7,0,7,79.42354981898545,1536,0.04854755555555555,79.47209737454101,79.47209737454101,79.48434181898546,100.282756003333,100.30915929312793,101.968656393958,20.885609474142484,22.54510657497255,0.0,0.0,20.79841418434755,0.026403289794927787
1458,79.51916218308669,64,768,152,7,0,7,79.51916218308669,576,0.06363733333333334,79.58279951642002,79.58279951642002,79.59006618308669,100.30915929312793,100.3354986180791,101.99499327750293,20.816336434992408,22.475831094416236,0.0,0.0,20.719093110041243,0.02633932495116653
1459,79.56556460028293,160,5248,83,7,0,7,79.58279951642002,5120,0.05929955555555556,79.64209907197558,79.64209907197558,79.67425462753114,100.54623079581347,100.5725999059209,104.74896712393851,21.00703530563797,25.183402523655587,0.01723491613709882,0.0,20.87197616828233,0.026369110107424376
1460,79.56702190326088,96,4096,101,3,0,4,79.56702190326088,0,1.1580657777777779,80.72508768103866,80.72508768103866,80.75084323659422,80.77336359948993,80.79950861902118,83.32999646081805,1.2324867157603023,3.762974557557172,0.0,0.0,0.022520362895704693,0.026145019531256253
1461,79.61194616489334,64,1664,4,2,0,2,79.61194616489334,1536,0.04854755555555555,79.6604937204489,79.6604937204489,79.67273816489335,79.67795871483442,79.70370187889692,81.32379230858443,0.09175571400358251,1.7118461436910906,0.0,0.0,0.005220549941071795,0.02574316406250432
1462,79.61691632336233,96,4096,84,3,0,4,80.72508768103866,0,1.1580657777777779,81.88315345881644,81.88315345881644,81.908909014372,81.92283479089618,81.94984528894305,84.46563501062275,2.33292896558072,4.8487186872604155,1.1081713576763264,0.0,0.013925776524175149,0.027010498046877274
1463,79.71484685577838,96,2176,85,7,0,7,79.71484685577838,2048,0.050083555555555555,79.76493041133394,79.76493041133394,79.78001930022282,100.54623079581347,100.5725999059209,103.0713284520635,20.85775305014252,23.35648159628512,0.0,0.0,20.766211495590653,0.026369110107424376
1464,79.72528098976284,160,512,95,6,0,3,79.72528098976284,0,0.15175822222222224,79.87703921198506,79.87703921198506,79.88288365642951,79.89738851771101,79.92348157016636,84.10658365117452,0.1982005804035225,4.381302661411681,0.0,0.0,0.014504861281494641,0.02609305245535154
1465,79.76975228334548,160,1664,80,7,0,7,79.76975228334548,1536,0.04854755555555555,79.81829983890104,79.81829983890104,79.83054428334549,101.10008464713184,101.1264132298955,105.29888738150687,21.356660946550022,25.52913509816139,0.0,0.0,21.269540363786348,0.026328582763667896
1466,79.80856159332953,64,3200,86,7,0,7,79.81829983890104,3072,0.05315555555555555,79.87145539445659,79.87145539445659,79.89223317223437,101.25806346793262,101.28439302725879,102.94005663199513,21.475831433929258,23.131495038665605,0.009738245571512039,0.0,21.365830295698245,0.026329559326171648
1467,79.87735331925536,64,2048,93,4,0,6,79.87735331925536,0,0.5830328888888889,80.46038620814426,80.46038620814426,80.47476398592204,80.49590168491581,80.5219073815304,82.1516408613481,0.6445540622750343,2.274287542092736,0.0,0.0,0.02113769899376905,0.026005696614589624
1468,79.97293866263223,128,4544,139,0,0,0,79.97293866263223,4352,0.07496533333333334,80.04790399596557,80.04790399596557,80.07614844041001,80.10013953103318,80.12661111306443,83.50304589496545,0.15367245043219668,3.530107232333222,0.0,0.0,0.023991090623169953,0.026471582031248886
1469,79.9797239718376,160,2176,85,7,0,7,79.9797239718376,2048,0.050083555555555555,80.02980752739316,80.02980752739316,80.04489641628204,101.52138103385057,101.54768227286425,105.71892497916312,21.56795830102665,25.73920100732552,0.0,0.0,21.47648461756853,0.026301239013676536
1470,79.98309495849199,160,2240,118,3,0,3,81.88315345881644,2048,0.06805333333333334,81.95120679214978,81.95120679214978,81.96665123659422,81.97685627527117,82.00356184167742,86.1930475175982,2.020466883185435,6.209952559106213,1.9000585003244481,0.0,0.010205038676957656,0.02670556640624966
1471,80.08106923202466,128,3200,86,7,0,7,80.08106923202466,3072,0.05315555555555555,80.13422478758021,80.13422478758021,80.15500256535799,101.88964281363573,101.9159801854619,105.24658910269828,21.834910953437245,25.16551987067362,0.0,0.0,21.734640248277742,0.02633737182617324
1472,80.14344037998474,128,1408,96,4,0,4,80.46038620814426,1216,0.06555733333333334,80.52594354147759,80.52594354147759,80.5367657636998,80.54791356642623,80.57384044630905,83.8511809004106,0.43040006632431016,3.707740520425858,0.31694582815951833,0.0,0.011147802726426903,0.02592687988281739
1473,80.22701231512659,64,1664,80,7,0,7,80.22701231512659,1536,0.04854755555555555,80.27555987068214,80.27555987068214,80.28780431512659,101.968656393958,101.99499327750293,103.64826088614554,21.767980962376342,23.42124857101895,0.0,0.0,21.680852078831407,0.02633688354492847
1474,80.50253664273501,96,2048,108,5,0,2,80.50253664273501,0,0.5830328888888889,81.0855695316239,81.0855695316239,81.09994730940168,81.11625392619693,81.14232863322819,83.61933072469955,0.6397919904931797,3.1167940819645423,0.0,0.0,0.01630661679524792,0.02607470703125614
1475,80.54480220730423,160,512,103,7,0,1,80.54480220730423,0,0.15175822222222224,80.69656042952646,80.69656042952646,80.7024048739709,101.99499327750293,102.0213208837041,106.19128038687796,21.476518676399877,25.646478179573734,0.0,0.0,21.292588403532022,0.026327606201178355
1476,80.61605894422772,128,4544,143,6,0,6,80.61605894422772,4352,0.07496533333333334,80.69102427756106,80.69102427756106,80.7192687220055,80.73260838378242,80.75885582030585,84.10658365117452,0.14279687607813685,3.4905247069468004,0.0,0.0,0.013339661776925027,0.026247436523433976
1477,80.69198829559792,96,2176,1,5,0,5,81.0855695316239,2048,0.050083555555555555,81.13565308717946,81.13565308717946,81.15074197606835,81.16840382854069,81.194476216236,83.67143033407456,0.5024879206380746,2.979442038476634,0.3935812360259803,0.0,0.017661852472343753,0.026072387695307953
1478,80.78298072967597,64,4544,103,1,0,1,80.78298072967597,4288,0.09274311111111111,80.87572384078707,80.87572384078707,80.90396828523151,80.9183278891357,80.9448901938232,82.6181466391357,0.16190946414722873,1.8351659094597323,0.0,0.0,0.01435960390418245,0.026562304687502092
1479,80.93320730821277,96,2816,110,6,0,6,80.93320730821277,2624,0.06978133333333333,81.00298864154611,81.00298864154611,81.02163308599056,81.04763164689626,81.07380929989105,83.57593350352757,0.14060199167828102,2.6427261953147934,0.0,0.0,0.025998560905705403,0.02617765299478947
1480,80.94990992321506,64,5248,83,7,0,7,80.94990992321506,5120,0.05929955555555556,81.00920947877061,81.00920947877061,81.04136503432618,102.0213208837041,102.04764604849903,103.70085311026664,21.097736125283973,22.750943187051575,0.0,0.0,20.97995584937793,0.02632516479492608
1481,81.14749283957042,96,2880,110,6,0,6,81.14749283957042,2688,0.06997333333333333,81.21746617290376,81.21746617290376,81.23646617290376,81.2570665427296,81.2832802006537,83.78775363699111,0.13578736108328826,2.6402607974206944,0.0,0.0,0.02060036982584279,0.026213657924103018
1482,81.62399710528898,64,1536,141,3,0,3,81.95120679214978,1280,0.0837191111111111,82.03492590326088,82.03492590326088,82.04645923659422,82.05697443933367,82.08344221277117,83.75109411706805,0.45944510748219614,2.127097011779071,0.32720968686079743,0.0,0.010515202739455276,0.02646777343750273
1483,81.62844968084808,128,3200,82,7,0,7,81.62844968084808,3072,0.05315555555555555,81.68160523640363,81.68160523640363,81.70238301418141,102.04764604849903,102.0739052953252,105.40384722037406,20.445455614477126,23.775397539525983,0.0,0.0,20.345263034317625,0.026259246826171534
1484,81.8262725507205,96,1664,80,7,0,7,81.8262725507205,1536,0.04854755555555555,81.87482010627606,81.87482010627606,81.88706455072051,102.31026048941699,102.33643965811817,104.82744017691702,20.510167107397663,23.00116762619652,0.0,0.0,20.42319593869648,0.026179168701176536
1485,81.85012972044294,96,3200,82,7,0,7,81.87482010627606,3072,0.05315555555555555,81.92797566183161,81.92797566183161,81.94875343960939,102.49352492423145,102.51976610465137,105.01081398673148,20.66963638420843,23.16068426628854,0.024690385833125106,0.0,20.54477148462206,0.026241180419916077
1486,81.92966812175491,128,4288,75,6,0,6,81.92966812175491,4096,0.07419733333333334,82.00386545508825,82.00386545508825,82.03068767731047,82.04368868279656,82.07002516961296,85.4466963511373,0.14035704785804626,3.5170282293823902,0.0,0.0,0.013001005486088957,0.02633648681640466
1487,82.0317766617703,128,4416,119,3,0,3,82.03492590326088,4224,0.07458133333333333,82.10950723659421,82.10950723659421,82.13704056992755,82.16284846277118,82.18945549402117,85.53912203861753,0.15767883225088042,3.5073453768472405,0.003149241490589816,0.0,0.025807892843630498,0.02660703124999486
1488,82.04451278860044,128,3200,86,7,0,7,82.04451278860044,3072,0.05315555555555555,82.09766834415599,82.09766834415599,82.11844612193377,102.54600777335254,102.57229289908497,105.90285249991507,20.527780110484528,23.858339711314628,0.0,0.0,20.42756165141877,0.026285125732428583
1489,82.23291271772325,64,960,128,7,0,7,82.23291271772325,768,0.06421333333333333,82.29712605105658,82.29712605105658,82.30545938438992,102.65115120596974,102.67741289420216,104.32944026846977,20.44450017647891,22.096527550746515,0.0,0.0,20.34569182157982,0.026261688232423808
1490,82.23685263613574,64,4096,80,2,0,7,82.23685263613574,0,1.1580657777777779,83.39491841391352,83.39491841391352,83.42067396946908,83.42067396946908,83.44767396946908,85.09112138971646,1.2108213333333424,2.854268753580726,0.0,0.0,0.0,0.027000000000001023
1491,82.38564338872001,160,2880,90,7,0,7,82.38564338872001,2624,0.0877511111111111,82.47339449983113,82.47339449983113,82.49239449983114,102.94005663199513,102.9663119725713,107.13625389762016,20.580668583851292,24.750610508900152,0.0,0.0,20.447662132163998,0.026255340576170738
1492,82.47089498428709,64,2688,94,6,0,6,82.47089498428709,2496,0.06939733333333334,82.54029231762041,82.54029231762041,82.55822565095374,82.57176874348293,82.59816934337132,84.26677408086202,0.12727435908423956,1.7958790965749358,0.0,0.0,0.013543092529189948,0.026400599888390275
1493,82.52593787293236,160,1664,80,7,0,7,82.52593787293236,1536,0.04854755555555555,82.57448542848792,82.57448542848792,82.58672987293237,103.0188241185674,103.04507604117482,107.21533193106742,20.519138168242463,24.689394058135065,0.0,0.0,20.432094245635028,0.026251922607428924
1494,82.62568153411183,96,896,104,7,0,7,82.62568153411183,704,0.06402133333333333,82.68970286744516,82.68970286744516,82.69768064522295,103.0713284520635,103.09753935904592,105.58732356925101,20.47185782493409,22.961642035139178,0.0,0.0,20.37364780684055,0.026210906982427673
1495,82.6285078767111,96,4736,19,7,0,7,82.68970286744516,4544,0.07554133333333334,82.7652442007785,82.7652442007785,82.79455531188961,103.59563936514944,103.62194988150686,106.11286592764945,20.993442004795767,23.484358050938354,0.06119499073406587,0.0,20.801084053259828,0.02631051635742665
1496,82.68187410520775,96,960,112,3,0,3,82.68187410520775,768,0.06421333333333333,82.74608743854108,82.74608743854108,82.75442077187442,82.77493371667742,82.80136039310972,85.30368450606545,0.1194862879019638,2.6218104008576972,0.0,0.0,0.020512944803002142,0.026426676432294016
1497,82.76820983868612,64,1216,100,7,0,7,82.76820983868612,1024,0.06498133333333334,82.83319117201945,82.83319117201945,82.84294672757501,103.64826088614554,103.67455675406546,105.32507924552054,20.906346915379345,22.556869406834423,0.0,0.0,20.805314158570525,0.02629586791992722
1498,82.79958572746376,64,1664,80,7,0,7,82.83319117201945,1536,0.04854755555555555,82.88173872757501,82.88173872757501,82.89398317201946,103.70085311026664,103.72703862662405,105.37758162589164,20.927452899160286,22.577995898427872,0.0336054445556897,0.0,20.806869938247175,0.026185516357415395
1499,82.94416545800466,128,2176,81,5,0,5,82.94416545800466,2048,0.050083555555555555,82.99424901356022,82.99424901356022,83.0093379024491,83.0202534379157,83.04633717815007,86.34204883683375,0.10217172014540665,3.3978833788290927,0.0,0.0,0.010915535466594406,0.026083740234369657
1500,82.96965501498059,96,1664,80,7,0,7,82.96965501498059,1536,0.04854755555555555,83.01820257053615,83.01820257053615,83.0304470149806,104.32944026846977,104.35565703482719,106.84744124503226,21.3860020198466,23.87778623005167,0.0,0.0,21.298993253489172,0.02621676635742176
1501,82.99960100649263,160,1920,13,5,0,5,82.99960100649263,1728,0.06709333333333334,83.06669433982596,83.06669433982596,83.08036100649262,83.09848748739486,83.12452178915268,87.25437897300618,0.12492078266005535,4.254777966513558,0.0,0.0,0.01812648090223945,0.026034301757817957
1502,83.00557119526674,96,3200,82,7,0,7,83.01820257053615,3072,0.05315555555555555,83.0713581260917,83.0713581260917,83.09213590386948,104.74896712393851,104.77512431998343,107.26813704581352,21.769553124716694,24.26256585054678,0.012631375269407386,0.0,21.656831220069037,0.026157196044920283
1503,83.02014035042589,64,1664,84,4,0,4,83.02014035042589,1536,0.04854755555555555,83.06868790598145,83.06868790598145,83.0809323504259,83.10353173048873,83.1293059004106,84.7551545332231,0.10916554998470929,1.7350141827972152,0.0,0.0,0.0225993800628288,0.02577416992187409
1504,83.02607927453222,64,2944,90,7,0,7,83.0713581260917,2752,0.07016533333333333,83.14152345942503,83.14152345942503,83.16087901498058,104.82744017691702,104.85363497061819,106.50665795035452,21.827555696085966,23.4805786758223,0.04527885155947331,0.0,21.666561161936443,0.02619479370116551
1505,83.20159524966259,160,2176,81,5,0,5,83.20159524966259,2048,0.050083555555555555,83.25167880521815,83.25167880521815,83.26676769410703,83.2807378536058,83.30678052938705,87.43689451662598,0.10518527972446634,4.235299266963395,0.0,0.0,0.013970159498768453,0.026042675781255298
1506,83.29791849889781,128,2496,150,1,0,1,83.29791849889781,2304,0.06882133333333333,83.36673983223115,83.36673983223115,83.38360649889782,83.40194099134926,83.42812084160968,86.75037157403156,0.13020234271186837,3.4524530751337466,0.0,0.0,0.018334492451444362,0.026179850260419357
1507,83.31034736138766,64,640,68,2,0,,83.39491841391352,256,0.11658666666666667,83.51150508058018,83.51150508058018,83.51806063613573,83.52867689915658,83.55483412571908,85.19375244440397,0.2444867643314268,1.8834050830163136,0.08457105252585961,0.0,0.01061626302085017,0.02615722656250341
1508,83.32817659124285,64,3200,82,7,0,7,83.32817659124285,3072,0.05315555555555555,83.3813321467984,83.3813321467984,83.40210992457618,105.01081398673148,105.0370092687139,106.69037355704397,21.70883267747105,23.362196965801118,0.0,0.0,21.608704062155297,0.02619528198242449
1509,83.4967430660122,96,2752,26,6,0,6,83.4967430660122,2560,0.06958933333333334,83.56633239934554,83.56633239934554,83.58462128823443,83.60243194102756,83.6289050041786,86.16284592796022,0.13216193816640498,2.666102861948019,0.0,0.0,0.017810652793130544,0.026473063151044585
1510,83.55850480349223,160,512,125,5,0,0,83.55850480349223,0,0.15175822222222224,83.71026302571445,83.71026302571445,83.7161074701589,83.72349267131415,83.7493290970954,87.88011326810563,0.1908242936031712,4.321608464613405,0.0,0.0,0.007385201155244658,0.025836425781250227
1511,83.6497038224023,64,4736,111,6,0,6,83.6497038224023,4480,0.0933191111111111,83.74302293351342,83.74302293351342,83.77233404462453,83.78775363699111,83.81437334727757,85.50000315452273,0.16466952487526498,1.8502993321204286,0.0,0.0,0.015419592366583856,0.026619710286453824
1512,83.69311597211612,128,1600,97,6,0,6,83.74302293351342,1344,0.0839111111111111,83.82693404462452,83.82693404462452,83.83882293351341,83.84099354584528,83.86749431314439,87.25293527529095,0.1743783410282731,3.5598193031748337,0.04990696139729778,0.0,0.0021706123318665504,0.02650076729911177
1513,83.70127640262764,160,4608,143,6,0,6,83.82693404462452,4416,0.07515733333333334,83.90209137795786,83.90209137795786,83.93069137795786,83.94699954472921,83.9735956751003,88.22049077659302,0.2723192724726573,4.519214373965383,0.1256576419968809,0.0,0.016308166771352717,0.026596130371089544
1514,83.84912393646901,64,1664,84,4,0,4,83.84912393646901,1536,0.04854755555555555,83.89767149202457,83.89767149202457,83.90991593646902,83.9286623457231,83.9544826582231,85.58189672072311,0.10535872175408656,1.7327727842540952,0.0,0.0,0.01874640925407789,0.025820312500002274
1515,83.89862479733533,64,1664,80,7,0,7,83.89862479733533,1536,0.04854755555555555,83.94717235289089,83.94717235289089,83.95941679733534,105.24658910269828,105.27273799796195,106.92597289176078,21.374113200626624,23.02734809442545,0.0,0.0,21.287172305362944,0.02614889526367392
1516,84.19812187556957,160,2176,89,2,0,2,84.19812187556957,2048,0.050083555555555555,84.24820543112513,84.24820543112513,84.26329432001401,84.28743471165657,84.3135698028024,88.42840918268521,0.11544792723283592,4.2302873071156455,0.0,0.0,0.0241403916425611,0.026135091145832234
1517,84.27169560817666,128,704,156,2,0,2,84.27169560817666,512,0.06344533333333334,84.33514094150999,84.33514094150999,84.3420520526211,84.36584144993782,84.39177980443,87.67113110651334,0.12008419625334454,3.399435498336686,0.0,0.0,0.02378939731671892,0.02593835449218318
1518,84.55400707735646,96,4672,143,6,0,6,84.55400707735646,4480,0.07534933333333334,84.6293564106898,84.6293564106898,84.65831196624535,84.66839615117452,84.69525861862243,87.22639605003053,0.14125154126597295,2.672388972674071,0.0,0.0,0.010084184929169737,0.026862467447912763
1519,84.65391003162094,64,2048,87,0,0,4,84.65391003162094,0,0.5830328888888889,85.23694292050983,85.23694292050983,85.25132069828761,85.25132069828761,85.27732069828761,86.92456223474593,0.6234106666666719,2.270652203124996,0.0,0.0,0.0,0.02599999999999625
1520,84.65945173528144,64,1536,145,3,0,3,84.65945173528144,1344,0.06594133333333334,84.72539306861476,84.72539306861476,84.7369264019481,84.75473592208108,84.78088704512795,86.42976271012053,0.12143530984651818,1.7703109748390915,0.0,0.0,0.017809520132985313,0.026151123046872726
1521,84.6754038368694,96,896,140,2,0,2,84.6754038368694,704,0.06402133333333333,84.73942517020274,84.73942517020274,84.74740294798052,84.75496803685188,84.78081207982063,87.23034717096647,0.10540824295122775,2.554943334097061,0.0,0.0,0.007565088871359649,0.025844042968756753
1522,84.719082738589,128,3200,82,7,0,7,84.719082738589,3072,0.05315555555555555,84.77223829414454,84.77223829414454,84.79301607192232,105.29888738150687,105.32507924552054,108.66553093619439,20.605996506931547,23.946448197605392,0.0,0.0,20.50587130958455,0.026191864013668464
1523,84.90241256532956,64,3200,86,7,0,7,84.90241256532956,3072,0.05315555555555555,84.9555681208851,84.9555681208851,84.97634589866288,105.32507924552054,105.35133019156547,107.00483119864555,20.44891762623591,22.10241863331599,0.0,0.0,20.348733346857657,0.026250946044925172
1524,84.91475984093161,160,2176,89,2,0,2,84.91475984093161,2048,0.050083555555555555,84.96484339648717,84.96484339648717,84.97993228537605,84.98758200169563,85.01346611627896,89.1332041045602,0.09870627534735377,4.218444263628598,0.0,0.0,0.0076497163195767826,0.025884114583334394
1525,84.96901982781733,160,2176,85,7,0,7,84.96901982781733,2048,0.050083555555555555,85.0191033833729,85.0191033833729,85.03419227226178,105.37758162589164,105.40384722037406,109.58238143057915,20.434827392556727,24.613361602761813,0.0,0.0,20.34338935362986,0.026265594482424603
1526,84.99528510913268,160,2880,18,5,0,5,84.99528510913268,2688,0.06997333333333333,85.06525844246602,85.06525844246602,85.08425844246602,85.0934960892829,85.1194671830329,89.26740350286818,0.12418207390021507,4.2721183937354965,0.0,0.0,0.009237646816870893,0.025971093750001728
1527,85.03822031492733,64,1472,109,7,0,7,85.03822031492733,1280,0.06574933333333334,85.10396964826066,85.10396964826066,85.11514742603843,105.40384722037406,105.43005666251273,107.08354741568657,20.391836347585397,22.045327100759238,0.0,0.0,20.288699794335628,0.02620944213866494
1528,85.08942976549018,128,4480,51,7,0,7,85.10396964826066,4288,0.07477333333333333,85.178742981594,85.178742981594,85.2066318704829,105.58732356925101,105.61364287467093,108.95380794425103,20.52421310918075,23.864378178760845,0.01453988277047813,0.0,20.380691698768118,0.026319305419917782
1529,85.12054945315697,160,768,124,7,0,7,85.178742981594,576,0.06363733333333334,85.24238031492733,85.24238031492733,85.249646981594,105.71892497916312,105.74519887442679,109.92342009635064,20.624649421269822,24.80287064319367,0.058193528437030295,0.0,20.469277997569122,0.026273895263670966
1530,85.12150151391333,128,1536,105,3,0,3,85.12150151391333,1344,0.06594133333333334,85.18744284724666,85.18744284724666,85.19897618057999,85.19937142012796,85.22544895919046,88.5535793767872,0.10394744527712874,3.432077862873868,0.0,0.0,0.0003952395479700499,0.026077539062498545
1531,85.16458280046466,128,2432,158,7,0,7,85.24238031492733,2240,0.06862933333333333,85.31100964826067,85.31100964826067,85.32752075937178,105.90285249991507,105.92910246939749,109.26758394522759,20.764519668932834,24.103001144762928,0.07779751446267369,0.0,20.57533174054329,0.02624996948242142
1532,85.20444529739258,64,1664,97,6,0,6,85.20444529739258,1472,0.06632533333333333,85.27077063072592,85.27077063072592,85.28301507517037,85.28635643763285,85.31307853584713,86.98578997092898,0.10863323845454431,1.7813446735363954,0.0,0.0,0.0033413624624785143,0.026722098214278844
1533,85.2141776546403,128,2176,81,5,0,5,85.2141776546403,2048,0.050083555555555555,85.26426121019585,85.26426121019585,85.27935009908474,85.30127851115789,85.32726809449122,88.63888726170373,0.1130904398509216,3.424709607063434,0.0,0.0,0.02192841207315155,0.02598958333332746
1534,85.2177097965423,64,1600,145,3,0,3,85.2177097965423,1408,0.06613333333333334,85.28384312987563,85.28384312987563,85.29573201876453,85.30368450606545,85.32981712325295,86.98408204605803,0.11210732671065671,1.7663722495157401,0.0,0.0,0.007952487300926236,0.026132617187499818
1535,85.22679864275173,160,1024,128,7,0,7,85.31100964826067,832,0.06440533333333334,85.375414981594,85.375414981594,85.38410387048289,106.11286592764945,106.13900359244437,110.31895674796196,20.912204949692637,25.09215810521023,0.08421100550893357,0.0,20.728762057166563,0.026137664794916304
1536,85.24916612077989,96,5248,83,7,0,7,85.375414981594,5120,0.05929955555555556,85.43471453714956,85.43471453714956,85.46687009270512,106.19128038687796,106.21755916495414,108.71818077750298,20.96839304417425,23.46901465672309,0.12624886081411546,0.0,20.72441029417284,0.026278778076175513
1537,85.29739602381204,160,2880,98,3,0,3,85.29739602381204,2688,0.06997333333333333,85.36736935714538,85.36736935714538,85.38636935714538,85.40821790450295,85.43439775476337,89.59916885432628,0.13700173095132584,4.301772830514238,0.0,0.0,0.02184854735756403,0.026179850260419357
1538,85.38923015483883,128,2304,114,5,0,5,85.38923015483883,2112,0.06824533333333334,85.45747548817216,85.45747548817216,85.47327548817216,85.48321584839748,85.5092277066564,88.82214821315463,0.11999755181757621,3.4329180583158063,0.0,0.0,0.009940360225314748,0.026011858258925713
1539,85.4046456343111,128,1664,80,7,0,7,85.43471453714956,1536,0.04854755555555555,85.48326209270512,85.48326209270512,85.49550653714957,106.50665795035452,106.53290157218069,109.87095384879204,21.128255937869596,24.466308214480947,0.030068902838465306,0.0,21.011151413204956,0.02624362182616835
1540,85.51021465145683,64,4800,95,3,0,3,85.51021465145683,4416,0.12906666666666666,85.6392813181235,85.6392813181235,85.66894798479017,85.66900192143004,85.69520708093525,87.35353416194344,0.1849924294784131,1.8433195104866087,0.0,0.0,5.393663987263153e-05,0.026205159505209963
1541,85.64441984963776,96,960,104,7,0,7,85.64441984963776,768,0.06421333333333333,85.70863318297108,85.70863318297108,85.71696651630442,106.69037355704397,106.7165502843389,109.21506984610649,21.072130434701137,23.57064999646873,0.0,0.0,20.973407040739545,0.026176727294924262
1542,85.67503675337893,128,2944,110,6,0,6,85.67503675337893,2752,0.07016533333333333,85.74520208671227,85.74520208671227,85.76455764226782,85.76518723655397,85.7916943980123,89.17424761253054,0.11665764463336359,3.499210859151603,0.0,0.0,0.0006295942861527237,0.026507161458326323
1543,85.68250130056508,160,1216,157,3,0,3,85.68250130056508,1024,0.06498133333333334,85.74748263389841,85.74748263389841,85.75723818945397,85.77382548913837,85.79994497853569,89.96779165706066,0.11744367797061273,4.2852903564955795,0.0,0.0,0.01658729968440298,0.026119489397316897
1544,85.74268974516687,128,1664,84,4,0,4,85.74268974516687,1536,0.04854755555555555,85.79123730072243,85.79123730072243,85.80348174516688,85.80348174516688,85.82929424516688,89.15243023905174,0.08660450000000708,3.4097404938848683,0.0,0.0,0.0,0.025812500000000682
1545,85.81709468554097,64,2176,81,5,0,5,85.81709468554097,2048,0.050083555555555555,85.86717824109652,85.86717824109652,85.88226712998541,85.89946417429034,85.92548919870441,87.56724785469417,0.1083945131634465,1.750153169153208,0.0,0.0,0.01719704430493607,0.026025024414067843
1546,85.83395736534231,160,2176,81,5,0,5,85.86717824109652,2048,0.050083555555555555,85.91726179665208,85.91726179665208,85.93235068554097,85.95151471139972,85.97754476782333,90.130500304626,0.14358740248101753,4.2965429392836825,0.03322087575421051,0.0,0.019164025858756872,0.02603005642360756
1547,85.87291337587072,128,4864,95,3,0,3,85.87291337587072,4672,0.07592533333333334,85.94883870920405,85.94883870920405,85.97886093142628,85.98279507619195,86.00907492238335,89.3389260564747,0.1361615465126249,3.4660126806039813,0.0,0.0,0.003934144765665337,0.026279846191400225
1548,85.87584795803953,160,5184,87,4,0,4,85.87584795803953,4928,0.0946631111111111,85.97051106915065,85.97051106915065,86.00231106915065,86.00999541704188,86.03666924516688,90.19991857029244,0.160821287127348,4.3240706122529105,0.0,0.0,0.007684347891228072,0.026673828124998522
1549,86.04976594966246,128,768,136,1,0,1,86.04976594966246,576,0.06363733333333334,86.11340328299579,86.11340328299579,86.12066994966246,86.13050243340656,86.15632469903156,89.4009772869222,0.10655874936909981,3.351211337259741,0.0,0.0,0.009832483744105502,0.025822265624995566
1550,86.06486917391922,64,2176,81,5,0,5,86.06486917391922,2048,0.050083555555555555,86.11495272947478,86.11495272947478,86.13004161836366,86.13373536027125,86.15977173722437,87.8018951691473,0.09490256330515479,1.7370259952280804,0.0,0.0,0.0036937419075826483,0.026036376953129547
1551,86.15047353005673,96,2176,81,5,0,5,86.15047353005673,2048,0.050083555555555555,86.20055708561229,86.20055708561229,86.21564597450117,86.23788379777125,86.263924325115,88.74358843357874,0.11345079505827016,2.5931149035220074,0.0,0.0,0.02223782327007484,0.02604052734375273
1552,86.29610669975854,64,1664,80,7,0,7,86.29610669975854,1536,0.04854755555555555,86.3446542553141,86.3446542553141,86.35689869975855,106.84744124503226,106.87361797232718,108.53365511221978,20.577511272568643,22.237548412461237,0.0,0.0,20.490542545273712,0.026176727294924262
1553,86.32389424262946,64,5248,91,7,0,7,86.3446542553141,5120,0.05929955555555556,86.40395381086965,86.40395381086965,86.43610936642521,106.92597289176078,106.95225850577445,108.6127814855108,20.628364263144988,22.28888724288133,0.02076001268463301,0.0,20.489863525335565,0.026285614013673353
1554,86.36012859666158,96,3136,6,0,0,0,86.36012859666158,2944,0.07074133333333334,86.43086992999491,86.43086992999491,86.45129215221714,86.47384853031886,86.50012562992823,89.02719097823551,0.1399970332666527,2.6670623815739276,0.0,0.0,0.022556378101725727,0.026277099609373522
1555,86.3778904786315,64,2176,89,2,0,2,86.3778904786315,2048,0.050083555555555555,86.42797403418706,86.42797403418706,86.44306292307594,86.45547851862271,86.48130039362272,88.11504028620084,0.10340991499121799,1.7371498075693381,0.0,0.0,0.012415595546769964,0.025821875000005434
1556,86.38323907853756,128,1664,84,4,0,4,86.38323907853756,1536,0.04854755555555555,86.43178663409311,86.43178663409311,86.44403107853756,86.46351690141688,86.48990915402105,89.80628202244087,0.10667007548349261,3.4230429439033117,0.0,0.0,0.019485822879317993,0.02639225260416822
1557,86.45468565885656,64,4480,159,0,0,0,86.45468565885656,4288,0.07477333333333333,86.5294589921899,86.5294589921899,86.5573478810788,86.57895985844385,86.60554172693344,88.28826715011051,0.15085606807687668,1.8335814912539519,0.0,0.0,0.021611977365054713,0.026581868489586213
1558,86.48996926071086,160,2944,18,5,0,5,86.48996926071086,2752,0.07016533333333333,86.5601345940442,86.5601345940442,86.57949014959975,86.60241309464625,86.62848842312637,90.78839239446975,0.13851916241550555,4.298423133758888,0.0,0.0,0.02292294504650272,0.026075328480118287
1559,86.52559026339463,128,2176,81,5,0,5,86.5601345940442,2048,0.050083555555555555,86.61021814959976,86.61021814959976,86.62530703848864,86.62848842312637,86.65456313015763,89.97342559759475,0.12897286676299302,3.4478353342001213,0.034544330649566746,0.0,0.0031813846377275468,0.02607470703125614
1560,86.77445246695748,160,1664,80,7,0,7,86.77445246695748,1536,0.04854755555555555,86.82300002251304,86.82300002251304,86.83524446695749,107.00483119864555,107.03106944937797,111.22089760489557,20.256616982420482,24.446445137938085,0.0,0.0,20.169586731688057,0.026238250732419033
1561,86.814239009263,96,1664,84,4,0,4,86.814239009263,1536,0.04854755555555555,86.86278656481856,86.86278656481856,86.87503100926301,86.88585153683354,86.91210471066167,89.38723653090442,0.09786570139866058,2.572997521641412,0.0,0.0,0.010820527570530203,0.026253173828123977
1562,86.92690940848665,64,5248,83,7,0,7,86.92690940848665,5120,0.05929955555555556,86.9862089640422,86.9862089640422,87.01836451959777,107.08354741568657,107.10990041251274,108.77063921256158,20.182991004026093,21.843729804074925,0.0,0.0,20.0651828960888,0.026352996826176422
1563,87.04582181656598,160,256,80,3,0,7,87.04582181656598,0,0.07987911111111111,87.12570092767709,87.12570092767709,87.1301231498993,87.14320538590178,87.16949477392261,91.33757250015962,0.1236729573566322,4.291750683593648,0.0,0.0,0.013082236002475156,0.02628938802082814
1564,87.05322517644483,128,3200,86,7,0,7,87.05322517644483,3072,0.05315555555555555,87.10638073200037,87.10638073200037,87.12715850977816,107.13625389762016,107.16261275382134,110.50456737418267,20.10938757737651,23.451342197737844,0.0,0.0,20.00909538784201,0.02635885620117051
1565,87.11998319585402,128,1728,129,5,0,5,87.11998319585402,1536,0.06651733333333333,87.18650052918736,87.18650052918736,87.19910052918736,87.20224477078263,87.22831162775378,90.54977374212599,0.10832843189976415,3.429790546271974,0.0,0.0,0.0031442415952653846,0.026066856971155516
1566,87.17220291819946,160,3200,82,7,0,7,87.17220291819946,3072,0.05315555555555555,87.22535847375501,87.22535847375501,87.24613625153279,107.21533193106742,107.24173424429985,111.43389833731744,20.06953132610039,24.261695419117984,0.0,0.0,19.969195679534636,0.026402313232424035
1567,87.37179647581767,160,2432,134,0,0,0,87.37179647581767,2240,0.06862933333333333,87.44042580915101,87.44042580915101,87.45693692026212,87.46198899255843,87.48863580245427,91.62264771651674,0.11683932663659391,4.250851240699063,0.0,0.0,0.005052072296308552,0.02664680989583701
1568,87.40534442629512,64,1664,84,4,0,4,87.40534442629512,1536,0.04854755555555555,87.45389198185067,87.45389198185067,87.46613642629512,87.48979807003666,87.51597209347416,89.15243023905174,0.11062766717904537,1.7470858127566231,0.0,0.0,0.023661643741533567,0.02617402343750541
1569,87.41167262425873,64,1664,80,7,0,7,87.41167262425873,1536,0.04854755555555555,87.46022017981429,87.46022017981429,87.47246462425873,107.26813704581352,107.29449053092094,108.95380794425103,19.88281790666221,21.542135319992298,0.0,0.0,19.795672421554784,0.026353485107421193
1570,87.4724880095105,64,256,92,4,0,4,87.4724880095105,0,0.07987911111111111,87.55236712062161,87.55236712062161,87.55678934284383,87.5683216051929,87.59432201209395,89.23041475356067,0.121834002583455,1.7579267440501667,0.0,0.0,0.011532262349078337,0.026000406901047768
1571,87.49365345781081,128,1664,80,7,0,7,87.49365345781081,1536,0.04854755555555555,87.54220101336637,87.54220101336637,87.55444545781081,108.53365511221978,108.5600300817022,111.91208187003227,21.066376623891387,24.41842841222146,0.0,0.0,20.97920965440896,0.026374969482418464
1572,87.73215076691135,160,5248,83,7,0,7,87.73215076691135,5120,0.05929955555555556,87.7914503224669,87.7914503224669,87.82360587802246,108.6127814855108,108.63915596671197,112.84120433707326,20.907005199800622,25.10905357016192,0.0,0.0,20.789175607488332,0.026374481201173694
1573,87.81591394682584,64,1664,84,4,0,4,87.81591394682584,1536,0.04854755555555555,87.8644615023814,87.8644615023814,87.87670594682585,87.88035871456792,87.90633729994738,89.54434696384712,0.09042335312153682,1.728433017021274,0.0,0.0,0.0036527677420679083,0.025978585379462515
1574,87.85892510227653,128,1664,80,7,0,7,87.85892510227653,1536,0.04854755555555555,87.90747265783209,87.90747265783209,87.91971710227654,108.66553093619439,108.69185561270805,112.04484538931938,20.832930510431524,24.185920287042848,0.0,0.0,20.74581383391785,0.0263246765136671
1575,87.97368955775727,160,1664,84,4,0,4,87.97368955775727,1536,0.04854755555555555,88.02223711331283,88.02223711331283,88.03448155775727,88.03623755106345,88.06219793924704,92.1963429006496,0.08850838148977402,4.222653342892329,0.0,0.0,0.0017559933061761512,0.025960388183591476
1576,87.99058594802537,64,2176,81,5,0,5,87.99058594802537,2048,0.050083555555555555,88.04066950358093,88.04066950358093,88.05575839246981,88.0632916128322,88.08944992446415,89.73796551458693,0.09886397643877842,1.7473795665615626,0.0,0.0,0.007533220362390125,0.026158311631945708
1577,88.0011902935509,160,3008,110,6,0,6,88.0011902935509,2816,0.07035733333333334,88.07154762688424,88.07154762688424,88.09125873799535,88.11358371279094,88.14034217633261,92.36848247174278,0.13915188278170376,4.3672921781918745,0.0,0.0,0.0223249747955947,0.02675846354166822
1578,88.05160097349767,128,3072,110,6,0,6,88.07154762688424,2880,0.07054933333333334,88.14209696021757,88.14209696021757,88.16216362688424,88.16710112815552,88.19379570823365,91.56903998429858,0.14219473473598043,3.5174390108009135,0.01994665338656887,0.0,0.004937501271285782,0.026694580078128638
1579,88.09030840999971,96,2048,85,1,0,7,88.09030840999971,0,0.5830328888888889,88.6733412988886,88.6733412988886,88.68771907666638,88.70657762871907,88.7322897869222,91.19692137871907,0.6419813769224874,3.106612968719361,0.0,0.0,0.01885855205269138,0.02571215820312034
1580,88.11158560372415,128,2176,89,2,0,2,88.11158560372415,2048,0.050083555555555555,88.16166915927971,88.16166915927971,88.1767580481686,88.19342627252897,88.21953353164355,91.52017163385706,0.10794792791939756,3.408586030132909,0.0,0.0,0.016668224360373074,0.026107259114581893
1581,88.2061096583323,96,2176,85,7,0,7,88.2061096583323,2048,0.050083555555555555,88.25619321388785,88.25619321388785,88.27128210277674,108.71818077750298,108.74440975089165,111.2474415196905,20.538300092559354,23.041331861358202,0.0,0.0,20.446898674726242,0.02622897338866892
1582,88.24366011648151,128,1664,84,4,0,4,88.24366011648151,1536,0.04854755555555555,88.29220767203707,88.29220767203707,88.30445211648151,88.32182867655173,88.34777740702049,91.64831793552682,0.10411729053898,3.404657819045312,0.0,0.0,0.01737656007021826,0.025948730468755343
1583,88.59093944261744,64,2048,93,2,0,6,88.59093944261744,0,0.5830328888888889,89.17397233150633,89.17397233150633,89.18835010928412,89.21144580377896,89.23748657526333,90.87508292942998,0.6465471326458925,2.284143486812539,0.0,0.0,0.023095694494841723,0.026040771484375114
1584,88.87807065309104,64,3200,82,7,0,7,88.87807065309104,3072,0.05315555555555555,88.93122620864659,88.93122620864659,88.95200398642437,108.77063921256158,108.79680470938774,110.45144682974907,19.9187340562967,21.57337617665803,0.0,0.0,19.818635226137204,0.026165496826166645
1585,89.03855919814812,128,1664,80,7,0,7,89.03855919814812,1536,0.04854755555555555,89.08710675370368,89.08710675370368,89.09935119814813,108.95380794425103,108.97993193717095,112.337249350501,19.941372739022825,23.298690152352876,0.0,0.0,19.854456746102898,0.026123992919920624
1586,89.12366352033044,128,960,144,0,0,0,89.12366352033044,768,0.06421333333333333,89.18787685366377,89.18787685366377,89.1962101869971,89.210715392298,89.23655963057925,92.49187476729797,0.11289611024881196,3.368211246967533,0.0,0.0,0.014505205300892499,0.02584423828125182
1587,89.15478237630478,64,3200,86,7,0,7,89.15478237630478,3072,0.05315555555555555,89.20793793186033,89.20793793186033,89.22871570963811,108.95380794425103,108.97993193717095,110.63694759268853,19.825149560866166,21.48216521638375,0.0,0.0,19.725092234612916,0.026123992919920624
1588,89.29854851000306,64,4544,99,3,0,3,89.29854851000306,4352,0.07496533333333334,89.3735138433364,89.3735138433364,89.40175828778084,89.41623318538096,89.44236538752939,91.10402920588879,0.14381687752633354,1.8054806958857341,0.0,0.0,0.014474897600123882,0.026132202148431816
1589,89.3310508568399,128,1344,61,0,0,0,89.3310508568399,1152,0.06536533333333333,89.39641619017323,89.39641619017323,89.4068828568399,89.417482970423,89.4432671501105,92.69760718917297,0.11221629327060612,3.366556332333076,0.0,0.0,0.010600113583095094,0.02578417968750557
1590,89.3745963793064,160,2048,13,6,0,5,89.3745963793064,0,0.5830328888888889,89.95762926819529,89.95762926819529,89.97200704597307,89.99608062034305,90.02242632346805,94.25535069118474,0.6478299441616571,4.8807543118783485,0.0,0.0,0.0240735743699787,0.02634570312500273
1591,89.43261469572913,128,1664,84,4,0,4,89.43261469572913,1536,0.04854755555555555,89.48116225128469,89.48116225128469,89.49340669572913,89.51821406996692,89.54434696384712,92.84946997933262,0.11173226811798997,3.416855283603496,0.0,0.0,0.024807374237781232,0.026132893880202346
1592,89.49290628573965,64,4608,99,3,0,3,89.49290628573965,4416,0.07515733333333334,89.56806361907299,89.56806361907299,89.59666361907298,89.59916885432628,89.62549588069346,91.28631289729505,0.13258959495381362,1.7934066115553975,0.0,0.0,0.002505235253295268,0.026327026367184203
1593,89.70470864298568,128,5248,83,7,0,7,89.70470864298568,5120,0.05929955555555556,89.76400819854123,89.76400819854123,89.7961637540968,109.21506984610649,109.2413266515264,112.60300343985647,19.536618008540728,22.898294796870786,0.0,0.0,19.418906092009692,0.02625680541991926
1594,89.88736246065872,64,1600,137,2,0,2,89.88736246065872,1408,0.06613333333333334,89.95349579399206,89.95349579399206,89.96538468288095,89.96682641901333,89.99279012344041,91.62299748021123,0.10542766278169324,1.7356350195525039,0.0,0.0,0.0014417361323779687,0.025963704427084622
1595,89.91049408573525,96,4544,147,6,0,6,89.95762926819529,4352,0.07496533333333334,90.03259460152863,90.03259460152863,90.06083904597307,90.07511919456181,90.10168425803838,92.6356236809364,0.19119017230312352,2.725129595201153,0.047135182460039005,0.0,0.014280148588738939,0.02656506347656773
1596,89.911134730156,96,1664,80,7,0,7,89.911134730156,1536,0.04854755555555555,89.95968228571155,89.95968228571155,89.971926730156,109.26758394522759,109.29381438346,111.80581734366508,19.38267965330401,21.89468261350909,0.0,0.0,19.295657215071586,0.02623043823241744
1597,89.92451180009749,160,4608,147,6,0,6,90.03259460152863,4416,0.07515733333333334,90.10775193486197,90.10775193486197,90.13635193486196,90.15481584983524,90.1815190724915,94.41382823024725,0.2570072723940058,4.489316430149756,0.10808280143113791,0.0,0.018463914973281703,0.026703222656252024
1598,89.95789800169298,160,1664,84,4,0,4,89.95789800169298,1536,0.04854755555555555,90.00644555724854,90.00644555724854,90.01869000169299,90.04278800388619,90.06897521091744,94.21628435785911,0.11107720922446163,4.2583863561661275,0.0,0.0,0.02409800219319891,0.02618720703125632
1599,89.99199915041893,64,256,131,0,0,2,89.99199915041893,0,0.07987911111111111,90.07187826153005,90.07187826153005,90.07630048375226,90.08803033370424,90.11365923995425,91.72429322432923,0.12166008953531104,1.732294073910296,0.0,0.0,0.011729849951976234,0.02562890625000591
1600,90.01777053564795,64,2304,118,3,0,3,90.01777053564795,2112,0.06824533333333334,90.08601586898129,90.08601586898129,90.10181586898129,90.12712612971691,90.15357547053722,91.8042235418263,0.13580493488926493,1.7864530061783483,0.0,0.0,0.02531026073562259,0.02644934082030659
1601,90.04969739756416,128,2176,85,7,0,7,90.04969739756416,2048,0.050083555555555555,90.09978095311972,90.09978095311972,90.1148698420086,109.58238143057915,109.60861284537407,112.97298006339163,19.55891544780991,22.92328266582747,0.0,0.0,19.467511588570545,0.026231414794921193
1602,90.11506129237053,128,1664,80,7,0,7,90.11506129237053,1536,0.04854755555555555,90.16360884792608,90.16360884792608,90.17585329237053,109.87095384879204,109.89718672843071,113.26270189566702,19.782125436060184,23.147640603296495,0.0,0.0,19.695100556421508,0.026232879638669715
1603,90.12988716595842,64,512,108,0,0,2,90.12988716595842,0,0.15175822222222224,90.28164538818065,90.28164538818065,90.2874898326251,90.29307525557924,90.31863150557923,91.92829127120423,0.18874433962081127,1.7984041052458082,0.0,0.0,0.005585422954140995,0.025556249999993952
1604,90.14778826142464,64,5248,91,7,0,7,90.16360884792608,5120,0.05929955555555556,90.22290840348164,90.22290840348164,90.2550639590372,109.92342009635064,109.94978578848931,111.61985271353814,19.80199752706467,21.4720644521135,0.01582058650144802,0.0,19.668356137313438,0.02636569213866835
1605,90.34338968253776,64,1408,92,4,0,4,90.34338968253776,1152,0.08333511111111111,90.42672479364887,90.42672479364887,90.43754701587109,90.45829381443306,90.4841034824018,92.11812537135272,0.14071379986404509,1.7747356888149568,0.0,0.0,0.020746798561972923,0.025809667968744066
1606,90.3653464407044,128,5248,91,7,0,7,90.3653464407044,5120,0.05929955555555556,90.42464599625995,90.42464599625995,90.45680155181552,110.31895674796196,110.34545378775688,113.71044112296194,19.98010734705248,23.34509468225754,0.0,0.0,19.862155196146446,0.026497039794918464
1607,90.45362913874142,96,2048,112,1,0,3,90.45362913874142,0,0.5830328888888889,91.03666202763031,91.03666202763031,91.0510398054081,91.0668054119222,91.09282762871908,93.54316258965657,0.6391984899776588,3.0895334509151553,0.0,0.0,0.0157656065141083,0.026022216796874886
1608,90.56650229977532,64,5248,83,7,0,7,90.56650229977532,5120,0.05929955555555556,90.62580185533088,90.62580185533088,90.65795741088644,110.45144682974907,110.47800685782525,112.15111186881155,19.911504558049927,21.584609569036232,0.0,0.0,19.793489418862634,0.026560028076175968
1609,90.60029389390827,96,960,108,2,0,2,90.60029389390827,640,0.09976888888888888,90.70006278279716,90.70006278279716,90.7083961161305,90.71997208958624,90.74582267552374,93.18886271458622,0.145528781615468,2.588568820677949,0.0,0.0,0.011575973455734356,0.02585058593750489
1610,90.62688402908164,160,512,132,5,0,,90.62688402908164,0,0.15175822222222224,90.77864225130386,90.77864225130386,90.78448669574831,90.78839239446975,90.81364239446975,94.90737050435628,0.18675836538811552,4.2804864752746425,0.0,0.0,0.003905698721439421,0.025249999999999773
1611,90.71339487907174,128,1088,112,3,0,3,90.71339487907174,832,0.08237511111111111,90.79576999018285,90.79576999018285,90.80481443462729,90.8149676824513,90.84124356135754,94.1766729558888,0.12784868228580137,3.463278076817062,0.0,0.0,0.010153247824007394,0.026275878906247385
1612,90.7533302980236,64,2752,94,6,0,6,90.7533302980236,2560,0.06958933333333334,90.82291963135694,90.82291963135694,90.84120852024583,90.849258330304,90.87591222027795,92.55537828473105,0.12258192225435494,1.80204798670745,0.0,0.0,0.00804981005816785,0.026653889973957234
1613,90.87856700632737,128,1664,137,2,0,2,90.87856700632737,1472,0.06632533333333333,90.94489233966071,90.94489233966071,90.95713678410516,90.97826294245081,91.00406323541957,94.2676212595081,0.12549622909219238,3.3890542531807313,0.0,0.0,0.021126158345651902,0.025800292968753524
1614,90.97360321166161,64,512,84,7,0,4,90.97360321166161,0,0.15175822222222224,91.12536143388384,91.12536143388384,91.13120587832829,110.50456737418267,110.53104244132135,112.20424413199514,19.557439229659735,21.230640920333528,0.0,0.0,19.373361495854382,0.026475067138676422
1615,90.99267718935562,64,5248,83,7,0,7,91.12536143388384,5120,0.05929955555555556,91.1846609894394,91.1846609894394,91.21681654499496,110.63694759268853,110.66348564810845,112.337249350501,19.67080845875283,21.34457216114538,0.13268424452822103,0.0,19.420131047693573,0.026538055419919715
1616,91.0755967483496,160,2176,81,5,0,5,91.0755967483496,2048,0.050083555555555555,91.12568030390516,91.12568030390516,91.14076919279404,91.14193682806349,91.16759649603225,95.27065433527147,0.09199974768264951,4.195057586921877,0.0,0.0,0.0011676352694536263,0.025659667968753297
1617,91.23459846197848,96,2048,88,5,0,6,91.23459846197848,0,0.5830328888888889,91.81763135086737,91.81763135086737,91.83200912864515,91.8349192499385,91.86070115098016,94.31296446361966,0.6261026890016836,3.078366001641186,0.0,0.0,0.0029101212933397846,0.02578190104166822
1618,91.26377760307317,128,2368,118,3,0,3,91.26377760307317,2176,0.06843733333333334,91.3322149364065,91.3322149364065,91.34837049196206,91.36341673844088,91.38936530614922,94.7381025213185,0.12558770307605016,3.4743249182453297,0.0,0.0,0.015046246478817693,0.02594856770834042
1619,91.2840064686611,128,4800,107,4,0,4,91.2840064686611,4608,0.07573333333333333,91.35973980199444,91.35973980199444,91.38940646866111,91.41357672458932,91.43965712823515,94.76851284093202,0.1556506595740501,3.484506372270914,0.0,0.0,0.02417025592821176,0.026080403645835304
1620,91.29698866071264,64,1664,80,7,0,7,91.29698866071264,1536,0.04854755555555555,91.3455362162682,91.3455362162682,91.35778066071265,111.22089760489557,111.2474415196905,112.92027065177054,19.950452858977854,21.623281991057894,0.0,0.0,19.86311694418292,0.026543914794928014
1621,91.31421054071933,128,4480,123,6,0,6,91.31421054071933,4288,0.07477333333333333,91.38898387405267,91.38898387405267,91.41687276294157,91.43575670269982,91.46249603026678,94.83495843858059,0.14828548954744747,3.5207478978612556,0.0,0.0,0.018883939758254087,0.026739327566957627
1622,91.38552997879714,128,1280,49,6,0,6,91.38898387405267,1088,0.06517333333333333,91.454157207386,91.454157207386,91.46426831849712,91.489235846115,91.51583673722827,94.88744028339592,0.13030675843113215,3.5019103045987805,0.003453895255532302,0.0,0.024967527617874907,0.026600891113275793
1623,91.48396996404708,128,1600,141,3,0,3,91.48396996404708,1408,0.06613333333333334,91.55010329738042,91.55010329738042,91.56199218626931,91.57101895198255,91.5969286199513,94.95342739111017,0.11295865590422238,3.469457427063091,0.0,0.0,0.009026765713244345,0.025909667968747385
1624,91.61853324910713,160,5248,83,7,0,7,91.61853324910713,5120,0.05929955555555556,91.67783280466269,91.67783280466269,91.70998836021825,111.2474415196905,111.27407674307916,115.47473448844045,19.655543493972033,23.856201239333316,0.0,0.0,19.53745315947225,0.026635223388666418
1625,91.64157634989321,128,2560,106,6,0,6,91.64157634989321,2368,0.06901333333333334,91.71058968322654,91.71058968322654,91.72781190544876,91.72869560650841,91.755261463442,95.12413149433341,0.11368511354878308,3.482555144440198,0.0,0.0,0.000883701059649411,0.02656585693358693
1626,91.6592880617811,96,256,107,1,0,4,91.6592880617811,0,0.07987911111111111,91.73916717289221,91.73916717289221,91.74358939511443,91.76908788262531,91.7946569744222,94.24795336114094,0.1353689126410984,2.588665299359846,0.0,0.0,0.025498487510887458,0.02556909179688205
1627,91.69656147222774,64,4672,99,3,0,3,91.69656147222774,4480,0.07534933333333334,91.77191080556108,91.77191080556108,91.80086636111663,91.8042235418263,91.8304188543263,93.4913016668263,0.13385738209855447,1.7947401945985604,0.0,0.0,0.003357180709670615,0.026195312499993406
1628,91.70783106437361,128,5120,11,6,0,6,91.71058968322654,4928,0.07669333333333334,91.78728301655988,91.78728301655988,91.81872746100433,91.83496196393028,91.86163335064903,95.22933537888203,0.1538022862754218,3.5215043145084195,0.0027586188529369338,0.0,0.016234502925954075,0.02667138671874625
1629,91.8797007661957,96,1472,96,4,0,4,91.8797007661957,1280,0.06574933333333334,91.94545009952903,91.94545009952903,91.9566278773068,91.96187125583933,91.98793489516224,94.47865838129661,0.10823412896654361,2.5989576151009146,0.0,0.0,0.005243378532526322,0.026063639322913446
1630,91.88391230028526,128,896,40,7,0,7,91.88391230028526,704,0.06402133333333333,91.94793363361859,91.94793363361859,91.95591141139637,111.43389833731744,111.46046178336236,114.8139950170049,19.576549483077102,22.93008271671964,0.0,0.0,19.477986925921073,0.026563446044917782
1631,91.93819002281839,128,1536,96,4,0,4,91.94545009952903,1344,0.06594133333333334,92.01139143286235,92.01139143286235,92.02292476619569,92.04006363865183,92.06608372793754,95.39995702767249,0.1278937051191491,3.461767004854096,0.007260076710636554,0.0,0.017138872456143872,0.026020089285708536
1632,92.11794662146717,128,2688,138,4,0,4,92.11794662146717,2496,0.06939733333333334,92.1873439548005,92.1873439548005,92.20527728813383,92.22245295924334,92.24859716497251,95.58438350646713,0.13065054350533956,3.4664368849999647,0.0,0.0,0.01717567110951279,0.026144205729167425
1633,92.12117295018172,96,5248,91,7,0,7,92.12117295018172,5120,0.05929955555555556,92.18047250573727,92.18047250573727,92.21262806129283,111.61985271353814,111.6464176244268,114.15619255728811,19.525244674245087,22.035019607106392,0.0,0.0,19.407224652245304,0.026564910888666304
1634,92.19054969085636,128,2176,81,5,0,5,92.19054969085636,2048,0.050083555555555555,92.24063324641192,92.24063324641192,92.2557221353008,92.27327797389682,92.29913625026401,95.58160648370897,0.10858655940765516,3.391056792852609,0.0,0.0,0.017555838596024387,0.025858276367188182
1635,92.30239334766279,128,4928,95,3,0,3,92.30239334766279,4736,0.07611733333333334,92.37851068099611,92.37851068099611,92.40888845877389,92.43304580745131,92.45949268245131,95.85920457209976,0.15709933478852633,3.55681122443697,0.0,0.0,0.024157348677420032,0.026446875000004866
1636,92.4322496694007,96,1664,101,4,0,4,92.4322496694007,1408,0.0841031111111111,92.51635278051181,92.51635278051181,92.52859722495626,92.53621565455585,92.5623174960737,95.05757555794591,0.13006782667299888,2.6253258885452055,0.0,0.0,0.007618429599588694,0.026101841517856883
1637,92.44066182826937,128,2176,81,5,0,5,92.44066182826937,2048,0.050083555555555555,92.49074538382493,92.49074538382493,92.50583427271381,92.50602003932651,92.53192267604527,95.8151829811048,0.09126084777589938,3.3745211528354275,0.0,0.0,0.00018576661270230943,0.02590263671875448
1638,92.45905051617206,128,256,9,5,0,2,92.49074538382493,0,0.07987911111111111,92.57062449493604,92.57062449493604,92.57504671715826,92.58372941432651,92.6095036656286,95.89306605402147,0.15045314945653843,3.434015537849419,0.03169486765287388,0.0,0.008682697168254094,0.025774251302081552
1639,92.55498816043104,96,1664,80,7,0,7,92.55498816043104,1536,0.04854755555555555,92.6035357159866,92.6035357159866,92.61578016043104,111.80581734366508,111.83238274283501,114.33975777335256,19.27739458240397,21.784769612921522,0.0,0.0,19.19003718323404,0.026565399169925286
1640,92.60489487290586,160,2048,102,0,0,1,92.60489487290586,0,0.5830328888888889,93.18792776179475,93.18792776179475,93.20230553957254,93.20230553957254,93.22830553957253,97.39827070884334,0.6234106666666719,4.793375835937482,0.0,0.0,0.0,0.02599999999999625
1641,92.62185965659832,160,4096,81,0,0,5,93.18792776179475,0,1.1580657777777779,94.34599353957253,94.34599353957253,94.3717490951281,94.37278893801003,94.39929992433815,98.58010664634337,1.7774402677398342,5.958246989745049,0.566068105196436,0.0,0.0010398428819371475,0.026510986328119657
1642,92.87389050750296,128,5248,87,4,0,4,92.87389050750296,5056,0.07707733333333333,92.9509678408363,92.9509678408363,92.98312339639186,93.00635620980138,93.03270749328352,96.3761414166234,0.15881698578056103,3.502250909120434,0.0,0.0,0.023232813409521214,0.026351283482142662
1643,92.93250919929345,96,4544,43,1,0,1,92.93250919929345,4352,0.07496533333333334,93.00747453262679,93.00747453262679,93.03571897707123,93.04814061700031,93.07427587090656,95.56631127129721,0.1417666716131123,2.6338020720037605,0.0,0.0,0.012421639929087291,0.026135253906247158
1644,93.01515332554897,128,1344,69,1,0,1,93.01515332554897,1024,0.10092088888888888,93.11607421443786,93.11607421443786,93.12654088110453,93.12654784356282,93.15256444512532,96.46640257989097,0.1374111195763561,3.4512492543420024,0.0,0.0,6.9624582863525575e-06,0.026016601562503183
1645,93.05319704075914,128,2368,42,6,0,6,93.05319704075914,2112,0.0862151111111111,93.13941215187026,93.13941215187026,93.15556770742582,93.16898468354057,93.19558401389772,96.54081223435078,0.14238697313857074,3.487615193591637,0.0,0.0,0.013416976114754675,0.026599330357143458
1646,93.07953106432369,64,1280,100,7,0,7,93.07953106432369,1088,0.06517333333333333,93.14470439765702,93.14470439765702,93.15481550876814,111.91208187003227,111.93863359732718,113.60512581534475,18.859102533003494,20.52559475102106,0.0,0.0,18.75726636126413,0.026551727294915395
1647,93.08584355976274,96,2176,85,7,0,7,93.14470439765702,2048,0.050083555555555555,93.19478795321258,93.19478795321258,93.20987684210147,112.04484538931938,112.07141127677055,114.57685320181936,18.98556771700781,21.491009642056625,0.05886083789428653,0.0,18.834968547217912,0.026565887451170056
1648,93.17740039230549,128,960,140,2,0,2,93.17740039230549,768,0.06421333333333333,93.24161372563881,93.24161372563881,93.24994705897215,93.26642765599247,93.2920900095081,96.55566601862267,0.11468961720261461,3.3782656263171873,0.0,0.0,0.01648059702031901,0.025662353515627956
1649,93.22687574573867,160,5248,83,7,0,7,93.22687574573867,5120,0.05929955555555556,93.28617530129422,93.28617530129422,93.31833085684978,112.15111186881155,112.17767775626272,116.37306206412404,18.950802010524058,23.146186318385375,0.0,0.0,18.83278101196177,0.026565887451170056
1650,93.29503873161758,64,2688,102,1,0,1,93.29503873161758,2432,0.0871751111111111,93.38221384272869,93.38221384272869,93.40014717606202,93.41275731621907,93.43883739434408,95.09146898614095,0.14379866272649622,1.7964302545233721,0.0,0.0,0.012610140157050864,0.026080078125005457
1651,93.30716854799653,128,1664,80,7,0,7,93.30716854799653,1536,0.04854755555555555,93.35571610355208,93.35571610355208,93.36796054799653,112.20424413199514,112.23084419913381,115.58035936637013,18.923675651137287,22.273190818373607,0.0,0.0,18.836283583998608,0.026600067138673467
1652,93.33472605633335,96,2816,94,6,0,6,93.33472605633335,2624,0.06978133333333333,93.40450738966669,93.40450738966669,93.42315183411114,93.43499995976825,93.46157552129169,95.96157024216329,0.12684946495834026,2.6268441858299383,0.0,0.0,0.011848125657110131,0.02657556152344398
1653,93.34773893575912,160,4480,63,7,0,7,93.35571610355208,4288,0.07477333333333333,93.43048943688542,93.43048943688542,93.45837832577432,112.337249350501,112.36382256217092,116.557481772376,19.0160836264118,23.20974283661687,0.00797716779295854,0.0,18.878871024726678,0.026573211669926877
1654,93.37052187274917,96,2176,81,5,0,5,93.37052187274917,2048,0.050083555555555555,93.42060542830473,93.42060542830473,93.43569431719361,93.46032788437859,93.4861575439768,95.94537806574023,0.1156356712276363,2.5748561929910636,0.0,0.0,0.024633567184977778,0.025829659598215926
1655,93.43838921353027,96,768,120,6,0,6,93.43838921353027,576,0.06363733333333334,93.5020265468636,93.5020265468636,93.50929321353027,93.51472810918231,93.54117157706426,96.03998493245348,0.10278236353398995,2.601595718923207,0.0,0.0,0.005434895652044247,0.026443467881946958
1656,93.47384705181277,96,1600,96,4,0,4,93.47384705181277,1408,0.06613333333333334,93.53998038514611,93.53998038514611,93.551869274035,93.55983570198887,93.58612470345372,96.08527103901922,0.1122776516409516,2.61142398720645,0.0,0.0,0.0079664279538747,0.02628900146484625
1657,93.51797285059395,128,4800,111,6,0,6,93.51797285059395,4608,0.07573333333333333,93.59370618392728,93.59370618392728,93.62337285059395,93.64695033140454,93.67348602476392,97.01675974411641,0.15551317416996824,3.498786893522464,0.0,0.0,0.023577480810587303,0.026535693359377888
1658,93.58752578063933,96,1664,88,6,0,6,93.59370618392728,1472,0.06632533333333333,93.66003151726062,93.66003151726062,93.67227596170507,93.67348602476392,93.69995641716449,96.19773918747579,0.11243063652516128,2.610213406836465,0.0061804032879564375,0.0,0.0012100630588491867,0.0264703924005687
1659,93.66466641654321,96,1664,80,7,0,7,93.66466641654321,1536,0.04854755555555555,93.71321397209877,93.71321397209877,93.72545841654322,112.337249350501,112.36382256217092,114.866737631751,18.69915614562771,21.20207121520778,0.0,0.0,18.611790933957778,0.026573211669926877
1660,93.76672297765685,160,1664,84,4,0,4,93.76672297765685,1536,0.04854755555555555,93.81527053321241,93.81527053321241,93.82751497765686,93.84904157357091,93.87528240473411,98.05079520894114,0.10855942707725319,4.284072231284284,0.0,0.0,0.021526595914053814,0.02624083116319298
1661,93.77596231194669,128,4992,95,3,0,3,93.77596231194669,4800,0.07630933333333334,93.85227164528001,93.85227164528001,93.88300497861334,93.88517617854505,93.91167344417005,97.33045457209977,0.1357111322233635,3.554492260153083,0.0,0.0,0.0021711999317091113,0.026497265624996658
1662,93.77736986619963,160,2112,93,6,0,6,93.77736986619963,1792,0.10322488888888888,93.88059475508852,93.88059475508852,93.89532808842186,93.91173713449403,93.93817496001486,98.11133184698099,0.16080509381522745,4.333961980781353,0.0,0.0,0.01640904607216953,0.02643782552082996
1663,93.81457683143005,64,2368,126,1,0,1,93.81457683143005,2176,0.06843733333333334,93.88301416476338,93.88301416476338,93.89916972031894,93.9084870525472,93.93459691582845,95.5922556072347,0.12002008439840495,1.7776787758046595,0.0,0.0,0.009317332228263808,0.02610986328124909
1664,93.88522093739456,96,1664,80,7,0,7,93.88522093739456,1536,0.04854755555555555,93.93376849295012,93.93376849295012,93.94601293739457,112.60300343985647,112.62946825308889,115.13045070548146,18.744247315694324,21.2452297680869,0.0,0.0,18.656990502461895,0.026464813232422557
1665,94.0068174759445,64,1664,96,4,0,4,94.0068174759445,1472,0.06632533333333333,94.07314280927784,94.07314280927784,94.08538725372229,94.1114718578591,94.13767425043723,95.79489717834214,0.13085677449272737,1.7880797023976385,0.0,0.0,0.026084604136812573,0.026202392578127842
1666,94.0887368425769,64,1664,80,7,0,7,94.0887368425769,1536,0.04854755555555555,94.13728439813246,94.13728439813246,94.14952884257691,112.84120433707326,112.86755928702443,114.52409203238577,18.778822444447528,20.43535518980886,0.0,0.0,18.69167549449635,0.026354949951169715
1667,94.10445867648023,160,1408,133,6,0,6,94.10445867648023,1216,0.06555733333333334,94.17001600981357,94.17001600981357,94.18083823203578,94.20258007069195,94.22896513679773,98.39795489385598,0.12450646031749102,4.293496217375747,0.0,0.0,0.021741838656168966,0.026385066105774513
1668,94.16475451942289,96,4096,88,2,0,6,94.16475451942289,0,1.1580657777777779,95.32282029720066,95.32282029720066,95.34857585275623,95.3640372751331,95.39029166966435,97.85127112116172,1.2255371502414647,3.6865166017388304,0.0,0.0,0.015461422376873202,0.026254394531250114
1669,94.30980315031516,64,2368,130,6,0,6,94.30980315031516,2112,0.0862151111111111,94.39601826142628,94.39601826142628,94.41217381698183,94.41382823024725,94.4401452061587,96.0925468046633,0.13034205584354197,1.7827436543481383,0.0,0.0,0.0016544132654132682,0.026316975911456097
1670,94.36171552378117,160,1728,101,4,0,4,94.36171552378117,1536,0.06651733333333333,94.42823285711451,94.42823285711451,94.44083285711451,94.45245476801536,94.47865838129661,98.64643892638905,0.11694285751543987,4.284723402607881,0.0,0.0,0.011621910900842636,0.02620361328125398
1671,94.39481155845563,64,2176,81,5,0,5,94.39481155845563,2048,0.050083555555555555,94.44489511401119,94.44489511401119,94.45998400290007,94.46784532299468,94.49369583917772,96.12881429620897,0.0988842807220891,1.7340027377533431,0.0,0.0,0.007861320094605162,0.02585051618304135
1672,94.4459902659776,128,5248,87,4,0,4,94.4459902659776,5120,0.05929955555555556,94.50528982153315,94.50528982153315,94.53744537708872,94.55741830968202,94.5838034171039,97.92123928911226,0.137813151126295,3.4752490231346655,0.0,0.0,0.019972932593304904,0.0263851074218735
1673,94.65228659191206,160,1664,80,7,0,7,94.65228659191206,1536,0.04854755555555555,94.70083414746762,94.70083414746762,94.71307859191207,112.92027065177054,112.94662511344046,117.13316713614552,18.294338521528402,22.480880544233457,0.0,0.0,18.20719205985847,0.026354461669924945
1674,94.93094668083819,96,1664,80,7,0,7,94.93094668083819,1536,0.04854755555555555,94.97949423639375,94.97949423639375,94.9917386808382,112.97298006339163,112.99931597037406,115.50110701651661,18.068369289535866,20.570160335678423,0.0,0.0,17.981241382553435,0.026335906982424717
1675,94.94671437888658,128,1664,80,7,0,7,94.97949423639375,1536,0.04854755555555555,95.0280417919493,95.0280417919493,95.04028623639375,113.26270189566702,113.2890392674932,116.63624193472951,18.342324888606612,21.68952755584293,0.03277985750716539,0.0,18.222415659273267,0.02633737182617324
1676,95.09919475368949,128,256,85,2,0,7,95.32282029720066,0,0.07987911111111111,95.40269940831178,95.40269940831178,95.407121630534,95.41654655247685,95.44242513320602,98.71715772597942,0.3432303795165268,3.6179629722899307,0.2236255435111758,0.0,0.009424921942851938,0.025878580729170153
1677,95.13812363064885,128,1792,129,5,0,5,95.13812363064885,1600,0.06670933333333334,95.20483296398218,95.20483296398218,95.21778851953773,95.21876991841879,95.24471188270451,98.56531151164951,0.10658825205565847,3.4271878810006626,0.0,0.0,0.0009813988810520868,0.025941964285721042
1678,95.2129617317922,96,2048,106,3,0,6,95.2129617317922,0,0.5830328888888889,95.7959946206811,95.7959946206811,95.81037239845888,95.83222426611017,95.85920457209976,98.36531863459977,0.6462428403075506,3.1523569028075684,0.0,0.0,0.021851867651292878,0.02698030598958212
1679,95.2221798078209,160,256,87,0,0,4,95.2221798078209,0,0.07987911111111111,95.302058918932,95.302058918932,95.30648114115422,95.32749206301003,95.35355277264544,99.51342988853088,0.13137296482454985,4.291250080709986,0.0,0.0,0.021010921855804554,0.0260607096354164
1680,95.30037832427746,160,832,124,7,0,7,95.30037832427746,640,0.06382933333333334,95.36420765761079,95.36420765761079,95.37182987983302,113.60512581534475,113.63145390982717,117.81409651846974,18.331075585549712,22.51371819419228,0.0,0.0,18.233295935511734,0.026328094482423126
1681,95.35920303210398,160,1280,65,4,0,4,95.35920303210398,1088,0.06517333333333333,95.42437636543731,95.42437636543731,95.43448747654843,95.45278926818588,95.47910713927963,99.62983338497814,0.1199041071756568,4.270630352874164,0.0,0.0,0.018301791637455267,0.026317871093752387
1682,95.5153770684935,128,1664,80,7,0,7,95.5153770684935,1536,0.04854755555555555,95.56392462404906,95.56392462404906,95.57616906849351,113.71044112296194,113.73665788931936,117.08088155264943,18.221280820825854,21.565504484155923,0.0,0.0,18.134272054468425,0.02621676635742176
1683,95.52449842971636,64,3008,18,5,0,5,95.52449842971636,2816,0.07035733333333334,95.5948557630497,95.5948557630497,95.6145668741608,95.63335501886522,95.65932897719856,97.30957232843552,0.13483054748219558,1.7850738987191619,0.0,0.0,0.018788144704416254,0.025973958333338487
1684,95.72731251145623,96,5248,83,7,0,7,95.72731251145623,5120,0.05929955555555556,95.78661206701179,95.78661206701179,95.81876762256735,114.15619255728811,114.18241469473928,116.6887433385381,18.455102183283046,20.96143082708187,0.0,0.0,18.337424934720758,0.02622213745117108
1685,95.75796476814138,160,2176,81,5,0,5,95.75796476814138,2048,0.050083555555555555,95.80804832369694,95.80804832369694,95.82313721258582,95.8411308326673,95.86709819920377,100.0281334691923,0.10913343106238926,4.27016870105092,0.0,0.0,0.01799362008148364,0.025967366536463032
1686,95.78457568197726,96,3072,14,5,0,5,95.80804832369694,2880,0.07054933333333334,95.87859765703027,95.87859765703027,95.89866432369693,95.91919056574022,95.94537806574023,98.43488609661044,0.16080238376297018,2.650310414633182,0.023472641719678222,0.0,0.02052624204328879,0.026187500000006025
1687,95.8551515082375,160,5248,91,7,0,7,95.8551515082375,5120,0.05929955555555556,95.91445106379305,95.91445106379305,95.94660661934861,114.33975777335256,114.36608977408498,118.55031148429003,18.510938265847486,22.695159976052537,0.0,0.0,18.393151154003945,0.02633200073242392
1688,95.91379157104265,128,3136,110,6,0,6,95.91379157104265,2944,0.07074133333333334,95.98453290437598,95.98453290437598,96.0049551265982,96.01381208089097,96.03998493245348,99.36331361781431,0.12619336141082726,3.449522046771662,0.0,0.0,0.008856954292767227,0.026172851562506594
1689,96.03702474974291,160,4416,127,0,0,0,96.03702474974291,4224,0.07458133333333333,96.11160608307624,96.11160608307624,96.13913941640958,96.16167695884334,96.18802327231991,100.34566610272358,0.15099852257699808,4.308641352980672,0.0,0.0,0.022537542433767044,0.026346313476565797
1690,96.11557261148835,160,1664,84,4,0,4,96.11557261148835,1536,0.04854755555555555,96.1641201670439,96.1641201670439,96.17636461148835,96.19133412495673,96.21773370177964,100.35652864865,0.10216109029128972,4.240956037161652,0.0,0.0,0.014969513468372497,0.02639957682291083
1691,96.14220142290849,128,4096,131,1,0,2,96.14220142290849,0,1.1580657777777779,97.30026720068626,97.30026720068626,97.32602275624183,97.32602275624183,97.35302275624183,100.74246396717932,1.2108213333333424,4.600262544270834,0.0,0.0,0.0,0.027000000000001023
1692,96.18307069875704,160,2176,81,5,0,5,96.18307069875704,2048,0.050083555555555555,96.2331542543126,96.2331542543126,96.24824314320148,96.25999654718554,96.28619937921678,100.44612189692667,0.1031286804597471,4.263051198169634,0.0,0.0,0.011753403984059219,0.026202832031245293
1693,96.20214603809228,64,3136,14,5,0,5,96.2331542543126,2944,0.07074133333333334,96.30389558764593,96.30389558764593,96.32431780986815,96.33860650812304,96.36486529718553,98.01664809340949,0.1627192590932509,1.814502055317206,0.031008216220314466,0.0,0.014288698254887322,0.02625878906249568
1694,96.33329055041992,128,3200,82,7,0,7,96.33329055041992,3072,0.05315555555555555,96.38644610597547,96.38644610597547,96.40722388375325,114.52409203238577,114.55047237296193,117.89307347769825,18.217181822542017,21.559782927278334,0.0,0.0,18.11686814863252,0.026380340576167782
1695,96.36257521086496,128,2176,81,5,0,5,96.36257521086496,2048,0.050083555555555555,96.41265876642052,96.41265876642052,96.4277476553094,96.44364459406053,96.46987701593552,99.792923089728,0.10730180507056275,3.4303478788630457,0.0,0.0,0.0158969387511263,0.02623242187499386
1696,96.43888040512036,128,2048,80,1,0,7,97.30026720068626,0,0.5830328888888889,97.88330008957516,97.88330008957516,97.89767786735294,97.92013554921058,97.94664092030433,101.32122023345536,1.5077605151839748,4.882339828335006,0.861386795565906,0.0,0.022457681857645184,0.026505371093747954
1697,96.44045686329216,64,1152,24,7,0,7,96.44045686329216,960,0.06478933333333334,96.50524619662549,96.50524619662549,96.51464619662549,114.57685320181936,114.60320033927053,116.26729558463185,18.162743475978374,19.826838721339698,0.0,0.0,18.06220700519387,0.026347137451168123
1698,96.63528409660418,96,1664,80,7,0,7,96.63528409660418,1536,0.04854755555555555,96.68383165215974,96.68383165215974,96.69607609660419,114.8139950170049,114.84036608023732,117.34266493887989,18.205081983633136,20.70738084227571,0.0,0.0,18.11791892040071,0.02637106323241767
1699,96.8346650172365,96,2560,122,4,0,4,96.8346650172365,2368,0.06901333333333334,96.90367835056983,96.90367835056983,96.92090057279205,96.92557442443591,96.95175679748279,99.42316427690524,0.11709178024628386,2.588499259668737,0.0,0.0,0.004673851643858029,0.026182373046879093
1700,96.86475130215338,160,1664,80,7,0,7,96.86475130215338,1536,0.04854755555555555,96.91329885770894,96.91329885770894,96.92554330215339,114.866737631751,114.89310674185842,119.07456673331347,18.028355439705038,22.209815431160095,0.0,0.0,17.941194329597607,0.026369110107424376
1701,96.87417695150272,96,1024,108,2,0,2,96.87417695150272,832,0.06440533333333334,96.93858228483606,96.93858228483606,96.94727117372494,96.97307617487267,96.9989710316435,99.43711293431274,0.12479408014078786,2.5629359828100178,0.0,0.0,0.025805001147730877,0.02589485677083303
1702,96.92104703954645,64,1280,117,0,0,0,96.92104703954645,1088,0.06517333333333333,96.98622037287979,96.98622037287979,96.9963314839909,97.00500117759334,97.03121572837459,98.68380781821837,0.11016868882813924,1.7627607786719182,0.0,0.0,0.008669693602442408,0.02621455078124768
1703,96.98887411740743,160,1664,88,6,0,6,96.98887411740743,1536,0.04854755555555555,97.03742167296299,97.03742167296299,97.04966611740744,97.0690125110435,97.09506097295755,101.23128690069194,0.10618685555012064,4.242412783284507,0.0,0.0,0.019346393636055836,0.026048461914058407
1704,97.04666134207288,160,5248,83,7,0,7,97.04666134207288,5120,0.05929955555555556,97.10596089762844,97.10596089762844,97.138116453184,115.13045070548146,115.15693114371389,119.33676515860644,18.11026980164101,22.29010381653356,0.0,0.0,17.992334252297468,0.02648043823242574
1705,97.0738126087765,128,2624,122,4,0,4,97.0738126087765,2432,0.06920533333333334,97.14301794210984,97.14301794210984,97.16059571988761,97.16123335998279,97.18743362504975,100.48670589474375,0.1136210162732425,3.412893285967243,0.0,0.0,0.0006376400951779715,0.026200265066961492
1706,97.07429598262658,128,1664,80,7,0,7,97.10596089762844,1536,0.04854755555555555,97.154508453184,97.154508453184,97.16675289762844,115.47473448844045,115.50110701651661,118.83849718375292,18.426811033890033,21.76420120112634,0.031664915001854865,0.0,18.307981590812005,0.02637252807616619
1707,97.09030053075772,128,3200,2,1,0,1,97.88330008957516,3072,0.05315555555555555,97.9364556451307,97.9364556451307,97.95723342290849,97.97314677967934,97.9996718447835,101.37354445220537,0.9093713140257904,4.283243921447649,0.7929995588174421,0.0,0.01591335677085226,0.026525065104166856
1708,97.27918967322307,128,768,156,2,0,2,97.27918967322307,576,0.06363733333333334,97.3428270065564,97.3428270065564,97.35009367322307,97.36155029596641,97.3873206817086,100.64649367161742,0.10813100848552892,3.3673039983943482,0.0,0.0,0.011456622743338585,0.025770385742191593
1709,97.33620922979885,128,2176,81,5,0,5,97.33620922979885,2048,0.050083555555555555,97.38629278535441,97.38629278535441,97.4013816742433,97.41440175551885,97.44058946478225,100.75960431880166,0.10438023498339533,3.4233950890028098,0.0,0.0,0.013020081275556095,0.02618770926339664
1710,97.38752739022057,160,1280,157,3,0,3,97.38752739022057,1088,0.06517333333333333,97.4527007235539,97.4527007235539,97.46281183466502,97.48662595881852,97.51245359553727,101.65016493180029,0.12492620531669729,4.262637541579721,0.0,0.0,0.023814124153503258,0.025827636718744884
1711,97.48867222865637,96,2432,70,5,0,5,97.48867222865637,2240,0.06862933333333333,97.5573015619897,97.5573015619897,97.57381267310082,97.59772597426885,97.62391664809698,100.10654386958292,0.13524441944061039,2.617871640926552,0.0,0.0,0.023913301168036583,0.026190673828125455
1712,97.58927918199763,64,2176,81,5,0,5,97.58927918199763,2048,0.050083555555555555,97.63936273755318,97.63936273755318,97.65445162644207,97.67629946059698,97.70247719497198,99.34876073621238,0.11319801297435106,1.7594815542147586,0.0,0.0,0.02184783415491154,0.02617773437499693
1713,97.62700998994423,160,1664,0,3,0,3,97.62700998994423,1536,0.04854755555555555,97.67555754549979,97.67555754549979,97.68780198994423,97.69326072444352,97.71908591975603,101.8616871974253,0.09207592981179857,4.23467720748107,0.0,0.0,0.005458734499285356,0.02582519531250682
1714,97.64303579545837,64,2176,154,3,0,,97.67555754549979,256,0.5478613333333333,98.22341887883312,98.22341887883312,98.238507767722,98.26152781428728,98.28742039241227,99.92572879084977,0.6443845969538984,2.2826929953914004,0.032521750041411224,0.0,0.023020046565278562,0.02589257812499568
1715,97.78610778511425,96,3200,82,7,0,7,97.78610778511425,3072,0.05315555555555555,97.8392633406698,97.8392633406698,97.86004111844758,115.50110701651661,115.52752397818654,118.0246568212041,17.741416193072283,20.23854903608985,0.0,0.0,17.64106589806903,0.026416961669923467
1716,97.86143330812304,64,768,76,4,0,4,97.86143330812304,576,0.06363733333333334,97.92507064145637,97.92507064145637,97.93233730812304,97.94721861853935,97.97311203371792,99.60393673784273,0.11167872559488501,1.7425034297196902,0.0,0.0,0.014881310416313909,0.025893415178572354
1717,97.87129370576986,128,1664,80,7,0,7,97.87129370576986,1536,0.04854755555555555,97.91984126132542,97.91984126132542,97.93208570576986,115.58035936637013,115.6067738866338,118.9434413976201,17.735480180863945,21.072147691850247,0.0,0.0,17.648273660600267,0.026414520263671193
1718,98.08816810376645,64,1728,137,2,0,2,98.08816810376645,1536,0.06651733333333333,98.15468543709979,98.15468543709979,98.16728543709979,98.1809535755888,98.20643721816693,99.82356947728148,0.11826911440047638,1.7354013735150318,0.0,0.0,0.013668138489009607,0.025483642578123522
1719,98.09752499153853,96,2944,98,3,0,3,98.22341887883312,2752,0.07016533333333333,98.29358421216645,98.29358421216645,98.312939767722,98.31331345881853,98.33931580256852,100.80992524267269,0.24179081102998623,2.712400251134156,0.1258938872945805,0.0,0.0003736910965272955,0.026002343749993884
1720,98.31800384237185,160,2176,81,5,0,5,98.31800384237185,2048,0.050083555555555555,98.36808739792741,98.36808739792741,98.3831762868163,98.40875105971809,98.43488609661044,102.58966413325479,0.11688225423858967,4.271660290882934,0.0,0.0,0.02557477290179122,0.026135036892355856
1721,98.33410103367517,96,2176,89,2,0,2,98.33410103367517,2048,0.050083555555555555,98.38418458923073,98.38418458923073,98.39927347811961,98.41032393691692,98.43592686660442,100.87821730442992,0.10182583292925074,2.544116270754756,0.0,0.0,0.011050458797313922,0.025602929687494225
1722,98.38025736840204,128,704,68,2,0,2,98.38418458923073,512,0.06344533333333334,98.44762992256406,98.44762992256406,98.45454103367517,98.46153028457317,98.48709083144817,101.74173927708617,0.1068334630461294,3.3614819086841266,0.003927220828686018,0.0,0.006989250898001842,0.02556054687499909
1723,98.38547101430606,128,1664,88,6,0,6,98.38547101430606,1536,0.04854755555555555,98.43401856986162,98.43401856986162,98.44626301430607,98.45036846807473,98.47644431442889,101.7868459827232,0.09097330012282612,3.40137496841713,0.0,0.0,0.0041054537686591175,0.026075846354160603
1724,98.40029825497692,96,1664,8,4,0,4,98.40029825497692,1536,0.04854755555555555,98.44884581053248,98.44884581053248,98.46109025497692,98.4651923443578,98.49108324837566,100.95422868120208,0.09078499339874213,2.5539304262251648,0.0,0.0,0.0041020893808791925,0.025890904017856542
1725,98.41548287694523,96,1344,125,0,0,0,98.41548287694523,1088,0.0831431111111111,98.49862598805635,98.49862598805635,98.50909265472302,98.52779756431211,98.55395186118712,101.02757157147359,0.13846898424188225,2.612088694528353,0.0,0.0,0.01870490958908988,0.026154296875006366
1726,98.58104244731356,64,1664,80,7,0,7,98.58104244731356,1536,0.04854755555555555,98.62959000286912,98.62959000286912,98.64183444731357,116.26729558463185,116.29373647208303,117.94570769400684,17.712694024769462,19.364665246693278,0.0,0.0,17.625461137318283,0.026440887451173012
1727,98.64517682869447,96,2176,85,7,0,7,98.64517682869447,2048,0.050083555555555555,98.69526038425003,98.69526038425003,98.71034927313892,116.37306206412404,116.39940627188771,118.89098686881151,17.75422944319324,20.245810040117036,0.0,0.0,17.662712790985125,0.02634420776367108
1728,98.69429772266241,64,2176,89,2,0,2,98.69429772266241,2048,0.050083555555555555,98.74438127821797,98.74438127821797,98.75947016710685,98.76844024551066,98.79415232233357,100.41573244114866,0.09985459967116128,1.7214347184862504,0.0,0.0,0.008970078403805815,0.025712076822912877
1729,98.69908807299431,64,1536,109,7,0,7,98.69908807299431,1344,0.06594133333333334,98.76502940632764,98.76502940632764,98.77656273966097,116.557481772376,116.58373467154591,118.23481087393847,17.884646598551598,19.535722800944157,0.0,0.0,17.78091903271502,0.026252899169918464
1730,98.81888378380518,96,1664,80,7,0,7,98.81888378380518,1536,0.04854755555555555,98.86743133936073,98.86743133936073,98.87967578380518,116.63624193472951,116.66249239249318,119.153227286292,17.843608608688,20.334343502486817,0.0,0.0,17.75656615092433,0.02625045776366619
1731,98.84451399016883,160,1664,80,7,0,7,98.86743133936073,1536,0.04854755555555555,98.9159788949163,98.9159788949163,98.92822333936074,116.6887433385381,116.71488246817677,120.88451677603807,17.870368478007933,22.040002785869234,0.022917349191899916,0.0,17.76051999917736,0.026139129638664826
1732,99.06277967006221,128,256,81,0,0,5,99.06277967006221,0,0.07987911111111111,99.14265878117332,99.14265878117332,99.14708100339554,99.15218135337463,99.17798164634338,102.52289403241107,0.11520197628117046,3.460114362348861,0.0,0.0,0.005100349979088037,0.025800292968753524
1733,99.11382804134944,64,1664,84,4,0,4,99.11382804134944,1536,0.04854755555555555,99.162375596905,99.162375596905,99.17462004134944,99.19022579162343,99.21611327767253,100.85019319943125,0.10228523632309816,1.73636515808181,0.0,0.0,0.015605750273991248,0.025887486049100517
1734,99.12316862984554,128,2368,114,5,0,5,99.12316862984554,2176,0.06843733333333334,99.19160596317887,99.19160596317887,99.20776151873443,99.21815400606916,99.24427857882306,102.56353205317666,0.12110994897751937,3.440363423331121,0.0,0.0,0.010392487334726752,0.026124572753900566
1735,99.14214797206142,160,1664,84,4,0,4,99.162375596905,1536,0.04854755555555555,99.21092315246055,99.21092315246055,99.223167596905,99.2420012520029,99.26788021928805,103.4317314248777,0.12573224722662246,4.289583452816274,0.02022762484357088,0.0,0.018833655097893143,0.025878967285152044
1736,99.1576574651381,128,2176,81,5,0,5,99.19160596317887,2048,0.050083555555555555,99.24168951873443,99.24168951873443,99.25677840762332,99.27040363985822,99.29652218369502,102.61575763911416,0.13886471855691696,3.4581001739760637,0.033948498040771824,0.0,0.013625232234900864,0.026118543836801678
1737,99.27651893660068,128,1664,80,7,0,7,99.27651893660068,1536,0.04854755555555555,99.32506649215624,99.32506649215624,99.33731093660069,117.08088155264943,117.10702410025685,120.4369225682744,17.83050516365617,21.160403631673717,0.0,0.0,17.743570616048743,0.026142547607420852
1738,99.29849885683886,64,4608,103,1,0,1,99.29849885683886,4416,0.07515733333333334,99.3736561901722,99.3736561901722,99.4022561901722,99.40619902577308,99.43292509999182,101.1122078636637,0.1344262431529586,1.813709006824837,0.0,0.0,0.003942835600881267,0.02672607421874318
1739,99.57275115508799,128,1664,88,6,0,6,99.57275115508799,1536,0.04854755555555555,99.62129871064354,99.62129871064354,99.63354315508799,99.6476082955487,99.67344439580911,103.01104901006694,0.10069324072112806,3.4382978549789556,0.0,0.0,0.014065140460701286,0.02583610026042038
1740,99.57579365486232,160,3200,82,7,0,7,99.57579365486232,3072,0.05315555555555555,99.62894921041787,99.62894921041787,99.64972698819565,117.13316713614552,117.15935265250293,121.33294057364549,17.58355899764061,21.757146918783164,0.0,0.0,17.483440147949864,0.026185516357415395
1741,99.59815990892416,160,1664,80,7,0,7,99.62894921041787,1536,0.04854755555555555,99.67749676597343,99.67749676597343,99.68974121041788,117.34266493887989,117.36885143179981,121.54367763419236,17.77069152287565,21.945517725268203,0.030789301493712173,0.0,17.652923728462014,0.026186492919919147
1742,99.64710666654354,160,4096,81,6,0,5,99.64710666654354,0,1.1580657777777779,100.80517244432131,100.80517244432131,100.83092799987688,100.83657427862161,100.86271819952005,105.10832797909596,1.21561153297651,5.461221312552425,0.0,0.0,0.005646278744734445,0.026143920898434203
1743,99.66245917856847,160,4544,123,6,0,6,100.80517244432131,4352,0.07496533333333334,100.88013777765465,100.88013777765465,100.90838222209909,100.91500750616068,100.94136756475443,105.1885961187444,1.278908386185961,5.526136940175931,1.142713265752846,0.0,0.00662528406158458,0.026360058593752456
1744,99.74152754278039,160,5248,83,7,0,7,99.74152754278039,5120,0.05929955555555556,99.80082709833594,99.80082709833594,99.8329826538915,117.81409651846974,117.84042168326467,122.01842961986944,18.098894140484276,22.276902077089048,0.0,0.0,17.981113864578234,0.02632516479492608
1745,99.74351904104155,160,3008,90,7,0,7,99.80082709833594,2816,0.07035733333333334,99.87118443166928,99.87118443166928,99.89089554278038,117.89307347769825,117.91939034171192,122.09728531398001,18.175871300670366,22.353766272938458,0.057308057294392256,0.0,18.002177934917867,0.02631686401366551
1746,99.78101574139944,64,2688,106,6,0,6,100.88013777765465,2432,0.0871751111111111,100.96731288876576,100.96731288876576,100.9852462220991,100.99408914678568,101.02044249965027,102.69095584600446,1.2394267582508292,2.9099401046050133,1.0991220362552099,0.0,0.008842924686589981,0.026353352864589397
1747,99.7834219434227,128,1664,80,7,0,7,99.87118443166928,1536,0.04854755555555555,99.91973198722484,99.91973198722484,99.93197643166928,117.94570769400684,117.97202358145802,121.30652019400682,18.188601638035323,21.523098250584127,0.08776248824658239,0.0,18.013731262337558,0.026315887451175968
1748,99.78853841716133,64,1664,80,7,0,7,99.91973198722484,1536,0.04854755555555555,99.9682795427804,99.9682795427804,99.98052398722484,118.0246568212041,118.05092436881152,119.7029693212041,18.262385951650188,19.91443090404276,0.13119357006350185,0.0,18.044132833979262,0.026267547607417896
1749,99.78887535955354,64,1408,125,0,0,0,99.78887535955354,1216,0.06555733333333334,99.85443269288687,99.85443269288687,99.86525491510909,99.87759281170796,99.90352616131733,101.55882157147357,0.11465080176378706,1.769946211920029,0.0,0.0,0.012337896598864972,0.025933349609374545
1750,100.11691584125445,96,2688,122,4,0,4,100.11691584125445,2496,0.06939733333333334,100.18631317458778,100.18631317458778,100.20424650792111,100.22648348263438,100.252491539275,102.75138281531667,0.1355756980205456,2.634466974062221,0.0,0.0,0.022236974713266022,0.026008056640620225
1751,100.13307130779698,64,4544,115,0,0,0,100.13307130779698,4352,0.07496533333333334,100.20803664113032,100.20803664113032,100.23628108557476,100.24070413983296,100.26690003827046,101.93453905194232,0.13382873047348198,1.8014677441453415,0.0,0.0,0.004423054258197112,0.026195898437507026
1752,100.17241384819826,96,4608,115,0,0,0,100.20803664113032,4416,0.07515733333333334,100.28319397446366,100.28319397446366,100.31179397446365,100.31929329998921,100.34566610272358,102.87743602459857,0.17325225452532322,2.7050221764003055,0.03562279293205961,0.0,0.007499325525557765,0.026372802734371703
1753,100.41501735833926,128,2176,85,7,0,7,100.41501735833926,2048,0.050083555555555555,100.46510091389482,100.46510091389482,100.4801898027837,118.23481087393847,118.26109990592089,121.59639055736945,17.84608254758163,21.18137319903019,0.0,0.0,17.754621071154773,0.026289031982415167
1754,100.56433029416789,96,1408,69,1,0,1,100.56433029416789,1216,0.06555733333333334,100.62988762750122,100.62988762750122,100.64070984972344,100.66285234608557,100.68938906483557,103.14800978423662,0.12505877066767823,2.5836794900687323,0.0,0.0,0.022142496362135944,0.026536718749994748
1755,100.60265561829118,160,2176,85,7,0,7,100.60265561829118,2048,0.050083555555555555,100.65273917384674,100.65273917384674,100.66782806273562,118.55031148429003,118.57650774283496,122.75383279859176,17.973852124543782,22.15117718030058,0.0,0.0,17.88248342155441,0.02619625854492824
1756,100.68693535332432,96,4480,119,3,0,3,100.68693535332432,4288,0.07477333333333333,100.76170868665766,100.76170868665766,100.78959757554655,100.80992524267269,100.83617394058936,103.3501853256805,0.1492385872650459,2.6632499723561835,0.0,0.0,0.020327667126139204,0.02624869791667095
1757,100.76265727413049,128,3200,82,7,0,7,100.76265727413049,3072,0.05315555555555555,100.81581282968604,100.81581282968604,100.83659060746382,118.83849718375292,118.86474178214159,122.20234618637585,18.102084508011103,21.43968891224536,0.0,0.0,18.0019065762891,0.026244598388672102
1758,100.80911602887295,96,1664,80,7,0,7,100.81581282968604,1536,0.04854755555555555,100.8643603852416,100.8643603852416,100.87660482968604,118.89098686881151,118.91721388907519,121.41204936881151,18.108097860202236,20.60293333993856,0.006696800813088544,0.0,18.014382039125465,0.026227020263675627
1759,100.8356543919073,96,4608,139,0,0,0,100.8356543919073,4416,0.07515733333333334,100.91081172524063,100.91081172524063,100.93941172524063,100.94841434491109,100.97479959881734,103.53004222577046,0.13914520691004384,2.6943878338631606,0.0,0.0,0.009002619670454237,0.026385253906255457
1760,101.1160836097657,160,2496,50,4,0,4,101.1160836097657,2304,0.06882133333333333,101.18490494309903,101.18490494309903,101.2017716097657,101.21510514604584,101.24123828406668,105.41537851960426,0.1251546743009868,4.299294909838565,0.0,0.0,0.013333536280143221,0.026133138020838942
1761,101.13588236703745,160,1664,80,7,0,7,101.13588236703745,1536,0.04854755555555555,101.18442992259301,101.18442992259301,101.19667436703746,118.9434413976201,118.96966548819628,123.14866329039948,17.83378312115883,22.01278092336203,0.0,0.0,17.746767030582646,0.026224090576178583
1762,101.18483103213174,128,1600,109,7,0,7,101.18483103213174,1408,0.06613333333333334,101.25096436546508,101.25096436546508,101.26285325435397,119.07456673331347,119.1007864293584,122.43846834546676,17.915955397226654,21.25363731333502,0.0,0.0,17.811713478959504,0.026219696044918805
1763,101.21213163441553,64,5248,87,4,0,4,101.21213163441553,5120,0.05929955555555556,101.27143118997108,101.27143118997108,101.30358674552664,101.31964062781668,101.34613257117606,103.01507782554734,0.13400093676052904,1.8029461911318094,0.0,0.0,0.01605388229003779,0.02649194335937466
1764,101.27769363015295,64,4544,159,0,0,0,101.27769363015295,4352,0.07496533333333334,101.35265896348629,101.35265896348629,101.38090340793073,101.39894413006733,101.42558914959858,103.12284203045795,0.14789551944562618,1.8451484003049927,0.0,0.0,0.018040722136603904,0.02664501953124443
1765,101.30346443117398,160,1664,109,7,0,7,101.30346443117398,1472,0.06632533333333333,101.36978976450732,101.36978976450732,101.38203420895177,119.153227286292,119.17944551749316,123.36013287745305,17.875981086319186,22.056668446279076,0.0,0.0,17.77119307734023,0.026218231201170283
1766,101.31832264870978,160,1600,105,3,0,3,101.31832264870978,1408,0.06613333333333334,101.38445598204312,101.38445598204312,101.39634487093201,101.41376882991227,101.43990908870133,105.61658181005551,0.12158643999154606,4.298259161345726,0.0,0.0,0.017423958980259613,0.026140258789055792
1767,101.32438054194148,64,4544,119,3,0,3,101.38445598204312,4352,0.07496533333333334,101.45942131537646,101.45942131537646,101.4876657598209,101.4921910711232,101.51854820002946,103.19130755875342,0.1941676580879772,1.8669270168119425,0.060075440101641675,0.0,0.004525311302302271,0.02635712890625541
1768,101.38490911831369,64,2240,154,3,0,3,101.45942131537646,2048,0.06805333333333334,101.5274746487098,101.5274746487098,101.54291909315424,101.54490581721696,101.57121986344092,103.2440876694305,0.1863107451272299,1.8591785511168126,0.07451219706277357,0.0,0.001986724062717826,0.026314046223959053
1769,101.62228078565792,64,2880,94,6,0,6,101.62228078565792,2688,0.06997333333333333,101.69225411899126,101.69225411899126,101.71125411899126,101.7339426624107,101.76039407842632,103.44048377569194,0.138113292768395,1.818202990034024,0.0,0.0,0.02268854341943438,0.02645141601561818
1770,101.88494594674036,128,5248,87,4,0,4,101.88494594674036,5120,0.05929955555555556,101.94424550229591,101.94424550229591,101.97640105785148,101.98208569617604,102.00880151648855,105.33820078522926,0.12385556974818712,3.4532548384889026,0.0,0.0,0.005684638324567004,0.026715820312503524
1771,101.90659870203369,96,1664,84,4,0,4,101.94424550229591,1536,0.04854755555555555,101.99279305785147,101.99279305785147,102.00503750229592,102.00880151648855,102.03536719031668,104.5268007608152,0.12876848828298648,2.6202020587815156,0.03764680026222322,0.0,0.003764014192626064,0.026565673828130798
1772,101.90715856771546,96,2176,146,2,0,,101.90715856771546,256,0.5478613333333333,102.45501990104879,102.45501990104879,102.47010878993767,102.47010878993767,102.49617128993766,104.96668203212516,0.5890127222222077,3.0595234644097076,0.0,0.0,0.0,0.02606249999999477
1773,101.93015828113352,64,2432,38,2,0,2,102.45501990104879,2240,0.06862933333333333,102.52364923438212,102.52364923438212,102.54016034549323,102.54829775478142,102.57442348720329,104.21957819097932,0.6442652060697753,2.2894199098458046,0.5248616199152707,0.0,0.00813740928818163,0.02612573242187466
1774,101.9411351169604,160,3200,82,7,0,7,101.9411351169604,3072,0.05315555555555555,101.99429067251594,101.99429067251594,102.01506845029373,119.33676515860644,119.36291942496386,123.54581142563013,17.421784308003467,21.604676308669738,0.0,0.0,17.321696708312714,0.02615426635742324
1775,101.98382865483552,160,3200,82,7,0,7,101.99429067251594,3072,0.05315555555555555,102.0474462280715,102.0474462280715,102.06822400584927,119.7029693212041,119.72917534537402,123.91682509750513,17.745346690538497,21.932996442669605,0.010462017680424651,0.0,17.63474531535482,0.026206024169923126
1776,102.32887332920578,64,1472,73,1,0,1,102.32887332920578,1280,0.06574933333333334,102.3946226625391,102.3946226625391,102.40580044031688,102.42767287017412,102.45339259673662,104.0819471214762,0.12451926753084308,1.7530737922704276,0.0,0.0,0.021872429857239695,0.025719726562499545
1777,102.36173457740098,160,5248,91,7,0,7,102.36173457740098,5120,0.05929955555555556,102.42103413295654,102.42103413295654,102.4531896885121,120.4369225682744,120.46324773306932,124.65787034490096,18.101513155668343,22.296135767499976,0.0,0.0,17.9837328797623,0.02632516479492608
1778,102.36630156786212,160,1344,53,4,0,4,102.36630156786212,1088,0.0831431111111111,102.44944467897324,102.44944467897324,102.45991134563991,102.46048437781667,102.48692724891042,106.61167539460426,0.12062568104829552,4.245373826742139,0.0,0.0,0.0005730321767600799,0.02644287109374943
1779,102.41423186264069,96,3072,90,7,0,7,102.42103413295654,2880,0.07054933333333334,102.49158346628987,102.49158346628987,102.51165013295653,120.88451677603807,120.91088832755175,123.41318691391139,18.496656464911055,20.9989550512707,0.006802270315844794,0.0,18.372866643081537,0.02637155151367665
1780,102.45865135912835,96,4864,111,6,0,6,102.45865135912835,4672,0.07592533333333334,102.53457669246168,102.53457669246168,102.56459891468391,102.58409451787945,102.61080911748883,105.16194194393971,0.15215775836047385,2.7032905848113558,0.0,0.0,0.019495603195537115,0.026714599609377387
1781,102.51185288095296,128,2176,81,5,0,5,102.51185288095296,2048,0.050083555555555555,102.56193643650852,102.56193643650852,102.5770253253974,102.58966413325479,102.61575763911416,105.92869904536417,0.1039047581612067,3.4168461644112114,0.0,0.0,0.012638807857385359,0.02609350585937875
1782,102.58885190869626,128,3136,90,7,0,7,102.58885190869626,2944,0.07074133333333334,102.65959324202959,102.65959324202959,102.68001546425181,121.30652019400682,121.33294057364549,124.68375950505721,18.74408866494923,22.094907596360954,0.0,0.0,18.626504729755013,0.02642037963866528
1783,102.71923221761527,128,1472,133,6,0,6,102.71923221761527,1280,0.06574933333333334,102.7849815509486,102.7849815509486,102.79615932872638,102.79812322881695,102.82473724248882,106.2174330328069,0.10550502487355118,3.4982008151916233,0.0,0.0,0.001963900090572679,0.02661401367187466
1784,102.78888654402238,160,256,91,4,0,7,102.78888654402238,0,0.07987911111111111,102.86876565513349,102.86876565513349,102.8731878773557,102.88370296505626,102.90997696059198,107.01485898835426,0.12109041656960073,4.225972444331887,0.0,0.0,0.010515087700554204,0.02627399553571763
1785,102.87516758028286,64,2240,146,2,0,2,102.87516758028286,2048,0.06805333333333334,102.9432209136162,102.9432209136162,102.95866535806064,102.96636806728141,102.99248834722933,104.63278261806266,0.1173207669464631,1.7576150377798,0.0,0.0,0.007702709220765769,0.02612027994791788
1786,102.96294286284032,64,4672,147,6,0,6,102.96294286284032,4480,0.07534933333333334,103.03829219617366,103.03829219617366,103.06724775172921,103.09134998662944,103.11820350225445,104.812988542247,0.1552606394141236,1.8500456794066764,0.0,0.0,0.02410223490022645,0.026853515625006708
1787,103.03895823413714,64,1792,101,4,0,4,103.03895823413714,1600,0.06670933333333334,103.10566756747048,103.10566756747048,103.11862312302603,103.11930829429734,103.14534086963216,104.78810691315896,0.10638263549502369,1.7491486790218147,0.0,0.0,0.0006851712713142888,0.02603257533482406
1788,103.25188707046016,64,3200,6,0,0,0,103.25188707046016,3008,0.07093333333333333,103.32282040379349,103.32282040379349,103.34359818157127,103.3684655656142,103.39539378827045,105.07184764569234,0.1435067178102969,1.8199605752321872,0.0,0.0,0.02486738404293476,0.026928222656252387
1789,103.35858821696125,160,2624,30,1,0,1,103.35858821696125,2432,0.06920533333333334,103.42779355029458,103.42779355029458,103.44537132807235,103.45683107329913,103.48284083892413,107.6555330589762,0.12425262196288145,4.296944842014952,0.0,0.0,0.011459745226773066,0.026009765625005343
1790,103.37913662568016,96,4736,147,6,0,6,103.37913662568016,4544,0.07554133333333334,103.4546779590135,103.4546779590135,103.48398907012461,103.49437293584819,103.52137944626486,106.06139348202565,0.1422428205846984,2.6822568563454894,0.0,0.0,0.01038386572358263,0.027006510416669016
1791,103.46524502898741,64,1664,80,7,0,7,103.46524502898741,1536,0.04854755555555555,103.51379258454297,103.51379258454297,103.52603702898742,121.33294057364549,121.35930968375291,123.01684902037995,17.8940646547655,19.55160399139254,0.0,0.0,17.80690354465807,0.026369110107424376
1792,103.49071686797244,160,2432,42,6,0,6,103.49071686797244,2240,0.06862933333333333,103.55934620130577,103.55934620130577,103.57585731241689,103.60240190720236,103.62929309023808,107.84494816952565,0.13857622226564104,4.354231301553213,0.0,0.0,0.026544594785477216,0.02689118303571547
1793,103.56871347017871,96,4096,58,3,0,7,103.56871347017871,0,1.1580657777777779,104.72677924795649,104.72677924795649,104.75253480351205,104.7708396225555,104.7972614975555,107.34656618505551,1.2285480273767888,3.7778527148768006,0.0,0.0,0.018304819043450493,0.02642187499999693
1794,103.64129210427495,160,2432,126,1,0,1,103.64129210427495,2240,0.06862933333333333,103.70992143760829,103.70992143760829,103.7264325487194,103.74296535064288,103.76903794178871,107.94442270741371,0.127745837513757,4.303130603138754,0.0,0.0,0.01653280192347495,0.026072591145833712
1795,103.8605083436294,96,4096,81,0,0,5,103.8605083436294,0,1.1580657777777779,105.01857412140718,105.01857412140718,105.04432967696275,105.04505101483296,105.07184764569234,107.59804295819235,1.2113393020629388,3.7375346145629464,0.0,0.0,0.0007213378702175532,0.02679663085937989
1796,103.88011529876285,96,2176,81,5,0,5,103.88011529876285,2048,0.050083555555555555,103.9301988543184,103.9301988543184,103.94528774320729,103.94559260005167,103.97166779536417,106.45078400630166,0.0915524966013237,2.5706687075388146,0.0,0.0,0.0003048568443801969,0.02607519531250091
1797,103.91060680592088,64,512,30,2,0,1,103.91060680592088,0,0.15175822222222224,104.0623650281431,104.0623650281431,104.06820947258755,104.08998102301057,104.11589948004182,105.72489248134391,0.20529267412094043,1.8142856754230365,0.0,0.0,0.021771550423011377,0.02591845703125273
1798,103.98021385168433,64,1472,125,0,0,0,105.01857412140718,1280,0.06574933333333334,105.08432345474051,105.08432345474051,105.09550123251829,105.09884813397359,105.12520799725483,106.7868637589736,1.1449941455705073,2.8066499072892697,1.0383602697228582,0.0,0.0033469014553020315,0.02635986328124318
1799,103.98545332951166,160,256,84,7,0,4,103.98545332951166,0,0.07987911111111111,104.06533244062277,104.06533244062277,104.06975466284499,121.41204936881151,121.43837404532518,125.5907468097447,17.45292071581352,21.605293480233044,0.0,0.0,17.342294705966523,0.0263246765136671
