id,arrival,output,prompt,session,cluster,switched,old_cluster,p_start,hit_tokens,p_service,p_end,kv_start,kv_end,d_start,first,end,ttft,e2e,p_wait,kv_wait,d_wait,decode_first
0,0.0008824462728289674,64,640,0,3,0,,0.0008824462728289674,0,0.1876977777777778,0.18858022405060676,0.18858022405060676,0.19513577960616232,0.19513577960616232,0.2204482796061623,1.815607622054079,0.21956583333333335,1.8147251757812501,0.0,0.0,0.0,0.025312499999999988
1,0.011546866014359525,96,704,0,3,0,3,0.18858022405060676,512,0.06344533333333334,0.2520255573839401,0.2520255573839401,0.2589366684950512,0.2710747444499123,0.2964036018717873,2.699784868147829,0.2848567358574278,2.6882380021334695,0.17703335803624723,0.0,0.012138075954861105,0.025328857421875017
2,0.022937309349755318,96,640,48,4,0,,0.022937309349755318,0,0.1876977777777778,0.21063508712753312,0.21063508712753312,0.21719064268308869,0.21719064268308869,0.2425031426830887,2.648942839948714,0.21956583333333338,2.6260055305989587,0.0,0.0,0.0,0.025312500000000016
3,0.04171476480976072,96,2176,46,2,0,,0.04171476480976072,0,0.6189724444444444,0.6606872092542051,0.6606872092542051,0.675776098143094,0.675776098143094,0.701838598143094,3.168333959471219,0.6601238333333332,3.1266191946614583,0.0,0.0,0.0,0.02606249999999999
4,0.44252199861210956,160,768,0,7,1,3,0.44252199861210956,0,0.22363733333333335,0.6661593319454429,0.6661593319454429,0.6734259986121095,0.6734259986121095,0.6988009986121095,4.806288547440234,0.256279,4.363766548828124,0.0,0.0,0.0,0.025375000000000036
5,0.4723678010347012,96,1152,1,5,0,,0.4723678010347012,0,0.33145600000000003,0.8038238010347012,0.8038238010347012,0.8132238010347012,0.8132238010347012,0.8387863010347012,3.255514816659701,0.3664185,2.7831470156249996,0.0,0.0,0.0,0.025562500000000044
6,0.48923516027628355,64,2176,2,1,0,,0.48923516027628355,0,0.6189724444444444,1.1082076047207279,1.1082076047207279,1.1232964936096168,1.1232964936096168,1.149358993609617,2.7861146088439925,0.6601238333333334,2.296879448567709,0.0,0.0,0.0,0.0260625000000001
7,0.7087740062416623,96,1152,77,0,0,,0.7087740062416623,0,0.33145600000000003,1.0402300062416623,1.0402300062416623,1.0496300062416624,1.0496300062416624,1.0751925062416623,3.4916019300697876,0.3664185,2.7828279238281253,0.0,0.0,0.0,0.025562499999999932
8,0.7201832032643822,64,4224,63,6,0,,0.7201832032643822,0,1.1940053333333334,1.9141885365977156,1.9141885365977156,1.9406552032643822,1.9406552032643822,1.9677177032643822,3.623316987118549,1.2475345,2.903133783854167,0.0,0.0,0.0,0.02706249999999999
9,0.8150545108340383,96,640,88,4,0,,0.8150545108340383,256,0.11658666666666667,0.931641177500705,0.931641177500705,0.9381967330562605,0.9514513848705888,0.9767709649487137,3.384152312604964,0.1617164541146754,2.5690978017709254,0.0,0.0,0.013254651814328278,0.02531958007812496
10,0.831687827876313,128,1152,9,2,0,,0.831687827876313,256,0.2603448888888889,1.092032716765202,1.092032716765202,1.101432716765202,1.118905004393094,1.144721654783719,4.444302709471219,0.3130338269074059,3.612614881594906,0.0,0.0,0.01747228762789188,0.025816650390624973
11,0.9048388057851131,128,2240,2,1,0,1,1.1082076047207279,2048,0.06805333333333334,1.1762609380540612,1.1762609380540612,1.1917053824985055,1.201485458453367,1.227564315875242,4.517381397580972,0.32272551009012895,3.612542591795859,0.20336879893561477,0.0,0.009780075954861411,0.0260788574218751
12,0.9296425723837571,128,640,20,0,0,,1.0402300062416623,256,0.11658666666666667,1.156816672908329,1.156816672908329,1.1633722284638846,1.1774473890541624,1.2028861097572874,4.431743979223434,0.27324353737353024,3.5021014068396767,0.11058743385790515,0.0,0.014075160590277802,0.02543872070312503
13,1.1619656394315547,128,512,144,5,0,,1.1619656394315547,0,0.15175822222222224,1.313723861653777,1.313723861653777,1.3195683060982215,1.3245665744722013,1.3499777072847012,4.576881027597202,0.1880120678531465,3.4149153881656473,0.0,0.0,0.004998268373979764,0.02541113281249996
14,1.2205886211935337,128,640,120,6,0,,1.9141885365977156,256,0.11658666666666667,2.0307752032643824,2.0307752032643824,2.037330758819938,2.0489081329518823,2.0750966095143824,5.407504527808656,0.8545079883208486,4.186915906615122,0.6935999154041819,0.0,0.011577374131944485,0.026188476562500007
15,1.2276022287504205,128,256,1,3,0,5,1.2276022287504205,0,0.07987911111111111,1.3074813398615315,1.3074813398615315,1.3119035620837538,1.3353071663249125,1.360581743147829,4.608143999007202,0.13297951439740863,3.380541770256782,0.0,0.0,0.023403604241158726,0.02527457682291656
16,1.3067001477240916,96,4224,3,7,0,,1.3067001477240916,256,1.1228942222222222,2.429594369946314,2.429594369946314,2.4560610366129807,2.4762643775183597,2.5025004615027346,4.990895481033983,1.195800313778643,3.6841953333098916,0.0,0.0,0.020203340905379008,0.026236083984374936
17,1.3153453368414743,160,1280,1,1,1,5,1.3153453368414743,256,0.29628444444444446,1.6116297812859188,1.6116297812859188,1.62174089239703,1.6448924408752421,1.670825546343992,5.785901462452622,0.3554802095025178,4.4705561256111475,0.0,0.0,0.023151548478212103,0.02593310546874994
18,1.4264518797246857,64,4224,19,2,0,,1.4264518797246857,256,1.1228942222222222,2.5493461019469077,2.5493461019469077,2.5758127686135746,2.5912333735337185,2.6174838618149687,4.2639832107733024,1.191031982090283,2.8375313310486168,0.0,0.0,0.015420604920143965,0.026250488281250206
19,1.573911092870856,96,2048,28,7,0,,2.429594369946314,0,0.5830328888888889,3.0126272588352028,3.0126272588352028,3.0270050366129806,3.0273246802527347,3.0534889055131513,5.5352209204871095,1.4795778126422954,3.9613098276162537,0.8556832770754579,0.0,0.00031964363975411914,0.026164225260416618
20,1.5865649651188571,64,1152,153,6,0,,2.0307752032643824,256,0.2603448888888889,2.2911200921532715,2.2911200921532715,2.3005200921532714,2.3108148712331325,2.336797944149799,3.987571056128966,0.7502329790309419,2.4010060910101085,0.4442102381455253,0.0,0.010294779079861094,0.025983072916666572
21,1.6358113421795548,128,640,60,5,0,,1.6358113421795548,256,0.11658666666666667,1.7523980088462214,1.7523980088462214,1.758953564401777,1.782041672128451,1.8074257867117844,5.039794927336786,0.17161444453222963,3.403983585157231,0.0,0.0,0.023088107726674023,0.02538411458333334
22,1.9206574372265983,64,640,12,0,0,,1.9206574372265983,256,0.11658666666666667,2.037244103893265,2.037244103893265,2.0437996594488204,2.0680931410072874,2.0935011813718707,3.6946559258380165,0.17284374414527237,1.7739984886114182,0.0,0.0,0.024293481558467,0.02540804036458333
23,1.9681152417710488,160,4288,63,6,0,6,2.2911200921532715,4096,0.07419733333333334,2.3653174254866047,2.3653174254866047,2.392139647708827,2.4147500925872993,2.4410122996185493,6.610540110335939,0.47289705784750047,4.64242486856489,0.3230048503822227,0.0,0.022610444878472524,0.02626220703124993
24,2.226519176371767,160,4224,55,3,0,,2.226519176371767,256,1.1228942222222222,3.349413398593989,3.349413398593989,3.375880065260656,3.3790431689290794,3.4051566943197042,7.6235851611165755,1.1786375179479371,5.397065984744808,0.0,0.0,0.003163103668423428,0.026113525390624837
25,2.2571460732779576,128,832,0,0,1,7,2.2571460732779576,256,0.170496,2.4276420732779576,2.4276420732779576,2.43526429550018,2.4492650160072875,2.4746781019447877,5.7196751315671825,0.21753202866683008,3.462529058289225,0.0,0.0,0.014000720507107545,0.025413085937500135
26,2.2993107989117303,64,4224,155,4,0,,2.2993107989117303,256,1.1228942222222222,3.4222050211339523,3.4222050211339523,3.448671687800619,3.448671687800619,3.475734187800619,5.11221641436312,1.1764233888888889,2.8129056154513896,0.0,0.0,0.0,0.02706249999999999
27,2.4827908805609766,128,640,96,4,0,,3.4222050211339523,256,0.11658666666666667,3.538791687800619,3.538791687800619,3.5453472433561743,3.5569246174881193,3.5831130940506193,6.849865568008954,1.1003222134896427,4.367074687447977,0.9394141405729757,0.0,0.011577374131944929,0.026188476562500007
28,2.5662879967619627,160,2176,18,7,0,,3.0126272588352028,256,0.5478613333333333,3.560488592168536,3.560488592168536,3.5755774810574246,3.576875949783985,3.603022434158985,7.749730580317839,1.0367344373970222,5.183442583555876,0.44633926207324004,0.0,0.0012984687265604755,0.02614648437499989
29,2.584673568887715,128,1344,1,1,0,1,2.584673568887715,1152,0.06536533333333333,2.6500389022210484,2.6500389022210484,2.6605055688877153,2.6825975190002422,2.7084760590393047,5.9937637671401225,0.1238024901515895,3.4090901982524073,0.0,0.0,0.02209195011252696,0.025878540039062425
30,2.674840572340526,64,4224,11,3,0,,3.349413398593989,256,1.1228942222222222,4.472307620816212,4.472307620816212,4.498774287482878,4.502365678694703,4.528809526350953,6.207139523095743,1.8539689540104267,3.532298950755217,0.6745728262534629,0.0,0.003591391211824835,0.02644384765624963
31,2.7276597111248573,128,1152,5,5,0,,2.7276597111248573,256,0.2603448888888889,2.9880046000137463,2.9880046000137463,2.997404600013746,3.0010299533784512,3.026476242440951,6.306429692961786,0.29881653131609376,3.578769981836929,0.0,0.0,0.0036253533647050418,0.025446289062499794
32,2.8113451224228405,64,1152,21,2,0,,2.8113451224228405,256,0.2603448888888889,3.0716900113117296,3.0716900113117296,3.0810900113117294,3.090076146971219,3.116161596189969,4.755227514158718,0.3048164737671284,1.9438823917358774,0.0,0.0,0.00898613565948958,0.02608544921874989
33,2.905568973573945,128,1408,1,1,0,1,2.905568973573945,1216,0.06555733333333334,2.9711263069072786,2.9711263069072786,2.9819485291295007,2.9926035411356593,3.018385401487222,6.305207492726061,0.11281642791327684,3.399638519152116,0.0,0.0,0.010655012006158593,0.025781860351562713
34,2.9219400446904555,96,2176,98,4,0,,3.538791687800619,256,0.5478613333333333,4.0866530211339525,4.0866530211339525,4.101741910022842,4.10698516436312,4.13313848467562,6.568550235977703,1.2111984399851647,3.6466101912872477,0.6168516431101634,0.0,0.005243254340278725,0.02615332031249995
35,3.1017459960759206,64,256,3,4,0,7,4.0866530211339525,0,0.07987911111111111,4.166532132245064,4.166532132245064,4.170954354467286,4.1854465901443705,4.211343929011558,5.824901193939015,1.1095979329356371,2.723155197863094,0.9849070250580318,0.0,0.014492235677084686,0.02589733886718726
36,3.147401135138116,96,1152,73,3,0,,4.472307620816212,256,0.2603448888888889,4.7326525097051,4.7326525097051,4.7420525097051005,4.743523637679077,4.770096066064494,7.2986490445801175,1.6226949309263778,4.151247909442001,1.3249064856780954,0.0,0.001471127973976749,0.026572428385416735
37,3.18816554651025,64,4224,39,3,0,,4.7326525097051,256,1.1228942222222222,5.855546731927323,5.855546731927323,5.8820133985939895,5.886578976220743,5.913289669580118,7.5965102099447,2.725124123069868,4.40834466343445,1.5444869631948501,0.0,0.004565577626753914,0.026710693359374815
38,3.3097196187568048,96,2176,6,2,0,,3.3097196187568048,256,0.5478613333333333,3.857580952090138,3.857580952090138,3.8726698409790266,3.8987424881170525,3.9248279373358024,6.3849702143540314,0.6151083185789976,3.0752505955972267,0.0,0.0,0.02607264713802593,0.02608544921874989
39,3.337477676933652,64,512,3,4,0,7,4.166532132245064,0,0.15175822222222224,4.318290354467286,4.318290354467286,4.3241347989117305,4.3408379475662455,4.366608162409996,5.978475203425622,1.029130485476344,2.6409975264919696,0.8290544553114119,0.0,0.016703148654515054,0.025770214843750416
40,3.3423518202444833,160,2304,2,1,0,1,3.3423518202444833,2112,0.06824533333333334,3.410597153577817,3.410597153577817,3.426397153577817,3.430961573362222,3.456818702268472,7.576650809248407,0.11446688202398869,4.234298989003923,0.0,0.0,0.004564419784405249,0.025857128906249915
41,3.498885273880251,96,2176,10,2,0,,3.857580952090138,256,0.5478613333333333,4.405442285423471,4.405442285423471,4.4205311743123605,4.444302709471219,4.470210424314969,6.931165136229032,0.9713251504347178,3.4322798623487807,0.3586956782098869,0.0,0.023771535158858548,0.025907714843749652
42,3.5375213195106636,160,896,0,0,0,0,3.5375213195106636,704,0.06402133333333333,3.601542652843997,3.601542652843997,3.6095204306217745,3.618478557673954,3.6438705254473915,7.760295324322018,0.10634920593672792,4.222774004811354,0.0,0.0,0.008958127052179687,0.02539196777343733
43,3.66489346426443,128,4224,147,5,0,,3.66489346426443,256,1.1228942222222222,4.787787686486652,4.787787686486652,4.814254353153319,4.831697922128453,4.85770833879512,8.221274907805537,1.1928148745306895,4.556381443541106,0.0,0.0,0.017443568975133772,0.026010416666666814
44,3.7661235730539935,128,4096,3,0,0,7,3.7661235730539935,0,1.1580657777777779,4.924189350831771,4.924189350831771,4.949944906387326,4.966269858129684,4.992242514379684,8.306578980851032,1.2261189413256903,4.5404554077970385,0.0,0.0,0.01632495174235782,0.02597265624999956
45,3.9262676357823367,96,4224,139,6,0,,3.9262676357823367,256,1.1228942222222222,5.049161858004559,5.049161858004559,5.075628524671226,5.089896739722717,5.116421804826884,7.587956361382259,1.1901541690445474,3.6616887255999226,0.0,0.0,0.014268215051491673,0.026525065104166856
46,4.06013458729837,64,1152,17,6,0,,5.049161858004559,256,0.2603448888888889,5.309506746893447,5.309506746893447,5.318906746893448,5.328639903785217,5.35492762351178,6.996236216292972,1.2947930362134104,2.936101628994602,0.9890272707061891,0.0,0.009733156891769568,0.02628771972656274
47,4.139400115040669,160,1152,41,6,0,,5.309506746893447,256,0.2603448888888889,5.569851635782336,5.569851635782336,5.579251635782336,5.593672171037823,5.620010794084698,9.718989433717645,1.4806106790440294,5.579589318676977,1.1701066318527786,0.0,0.014420535255486477,0.026338623046875398
48,4.341682966155089,128,2176,34,7,0,,4.341682966155089,256,0.5478613333333333,4.889544299488422,4.889544299488422,4.9046331883773115,4.911924289627733,4.938247531815233,8.244788563716279,0.5965645656601444,3.90310559756119,0.0,0.0,0.007291101250421761,0.02632324218749993
49,4.368043392179142,96,2240,6,1,1,2,4.368043392179142,256,0.5658311111111111,4.9338745032902525,4.9338745032902525,4.949318947734697,4.95618352160441,4.9820552989481595,7.447012512974369,0.6140119067690177,3.078969120795227,0.0,0.0,0.006864573869712842,0.02587177734374979
50,4.472195039655328,96,960,0,4,1,0,4.472195039655328,256,0.20643555555555557,4.678630595210883,4.678630595210883,4.686963928544217,4.701665388972495,4.7273910562902035,7.1599213297277045,0.25519601663487546,2.6877262900723764,0.0,0.0,0.014701460428278246,0.0257256673177082
51,4.475718605948391,128,4224,131,5,0,,4.787787686486652,256,1.1228942222222222,5.910681908708875,5.910681908708875,5.9371485753755415,5.961774907805535,5.988363123951368,9.350461691659703,1.5126445180029773,4.874743085711312,0.31206908053826155,0.0,0.024626332429993347,0.026588216145833066
52,4.498486295247026,128,1024,0,2,1,4,4.498486295247026,256,0.22440533333333335,4.722891628580359,4.722891628580359,4.731580517469248,4.755227514158718,4.781109838377468,8.07294472607278,0.282623543130442,3.5744584308257545,0.0,0.0,0.0236469966894699,0.025882324218749808
53,4.518871986866341,96,256,12,4,0,0,4.678630595210883,0,0.07987911111111111,4.758509706321995,4.758509706321995,4.762931928544217,4.77884385576937,4.804484969050621,7.238079899063642,0.2856129821842792,2.7192079121973007,0.15975860834454192,0.0,0.015911927225153555,0.025641113281250405
54,4.5452771869453015,96,4096,64,0,0,,4.924189350831771,0,1.1580657777777779,6.082255128609549,6.082255128609549,6.108010684165104,6.113414145239057,6.1399162611244735,8.616125855851031,1.594639074179172,4.07084866890573,0.3789121638864694,0.0,0.00540346107395262,0.02650211588541662
55,4.6016866806651215,160,1088,0,2,0,2,4.722891628580359,896,0.06459733333333334,4.787488961913692,4.787488961913692,4.796533406358137,4.806992650877468,4.832787938963405,8.95983820751809,0.23110125829828387,4.358151526852968,0.1212049479152375,0.0,0.010459244519331001,0.025795288085937784
56,4.6431056896824625,64,768,12,7,1,0,4.889544299488422,256,0.15252622222222223,5.042070521710644,5.042070521710644,5.049337188377311,5.069086399002734,5.0949786109167965,6.730922743403777,0.451872921234334,2.0878170537213148,0.24643860980595989,0.0,0.019749210625423785,0.025892211914062102
57,4.808114211367828,128,1216,73,4,1,3,4.808114211367828,256,0.27831466666666665,5.086428878034495,5.086428878034495,5.09618443359005,5.11221641436312,5.137649589586334,8.42520148109489,0.3295353782185062,3.6170872697270617,0.0,0.0,0.016031980773069776,0.0254331752232142
58,4.827262321389663,128,4288,155,2,1,4,4.827262321389663,256,1.140864,5.968126321389663,5.968126321389663,5.994948543611885,6.019899022947781,6.045972362791531,9.363595368976428,1.2187100414018683,4.536333047586766,0.0,0.0,0.024950479335895892,0.02607333984374982
59,4.831445974292721,128,4096,19,3,0,2,5.855546731927323,0,1.1580657777777779,7.0136125097051005,7.0136125097051005,7.039368065260656,7.0582879605957425,7.084992794580118,10.471178138004591,2.253546820287397,5.63973216371187,1.024100757634602,0.0,0.018919895335086423,0.026704833984375398
60,4.847580423120591,160,2368,2,1,0,1,4.9338745032902525,2176,0.06843733333333334,5.002311836623586,5.002311836623586,5.018467392179142,5.033800318479409,5.059720728635659,9.186222535051362,0.21214030551506813,4.338642111930771,0.08629408016966167,0.0,0.015332926300267502,0.025920410156249574
61,4.850410087968259,160,1152,45,0,0,,6.082255128609549,256,0.2603448888888889,6.342600017498437,6.342600017498437,6.352000017498438,6.378457276749473,6.404728150772911,10.517807391263046,1.5543180628046525,5.667397303294788,1.2318450406412902,0.0,0.02645725925103548,0.026270874023437862
62,4.860846617359346,128,1152,137,5,0,,5.910681908708875,256,0.2603448888888889,6.171026797597763,6.171026797597763,6.180426797597764,6.201086431243035,6.227421514250848,9.586718722909703,1.3665748968915015,4.725872105550357,1.0498352913495284,0.0,0.02065963364527157,0.02633508300781262
63,4.900763618399929,160,2240,18,1,1,7,5.002311836623586,256,0.5658311111111111,5.568142947734697,5.568142947734697,5.583587392179141,5.604162134885658,5.630116515466015,9.76007573477319,0.7293528970660859,4.859312116373261,0.10154821822365712,0.0,0.020574742706516602,0.02595438058035704
64,4.904867859606111,96,1152,89,0,0,,6.342600017498437,256,0.2603448888888889,6.602944906387326,6.602944906387326,6.612344906387326,6.61491272108541,6.64104543592916,9.103345256892696,1.7361775763230494,4.198477397286585,1.4377321578923263,0.0,0.002567814698084092,0.026132714843750016
65,4.91441914618642,128,2304,6,1,0,1,5.568142947734697,2112,0.06824533333333334,5.63638828106803,5.63638828106803,5.65218828106803,5.656071384327622,5.682047946827622,8.977782995120807,0.7676288006412024,4.063363848934387,0.6537238015482769,0.0,0.003883103259592069,0.025976562500000355
66,4.944175342616389,128,4224,111,5,0,,6.171026797597763,256,1.1228942222222222,7.293921019819986,7.293921019819986,7.320387686486653,7.343192388274285,7.36990308163366,10.727079391855016,2.4257277390172707,5.782904049238627,1.2268514549813743,0.0,0.022804701787632276,0.026710693359374815
67,5.009236252428093,64,4224,71,7,0,,5.042070521710644,256,1.1228942222222222,6.164964743932867,6.164964743932867,6.191431410599534,6.207541395747527,6.233705824458465,7.880274403560027,1.2244695720303715,2.871038151131934,0.032834269282551176,0.0,0.016109985147993555,0.026164428710937493
68,5.023959339262372,96,2432,2,4,1,1,5.086428878034495,256,0.6197404444444444,5.706169322478939,5.706169322478939,5.72268043359005,5.722747385345264,5.748285105071827,8.213274397761557,0.7243257658094553,3.1893150584991856,0.06246953877212302,0.0,6.695175521453933e-05,0.025537719726562713
69,5.032796232702276,128,2176,82,7,0,,6.164964743932867,256,0.5478613333333333,6.7128260772662,6.7128260772662,6.727914966155089,6.730922743403777,6.757261000239715,10.072593446528781,1.7244647675374383,5.039797213826505,1.1321685112305904,0.0,0.0030077772486878374,0.02633825683593738
70,5.054883661312881,64,2176,58,2,0,,5.968126321389663,256,0.5478613333333333,6.515987654722997,6.515987654722997,6.531076543611886,6.541414794432157,6.567487938963407,8.203183983885284,1.5126042776505262,3.1483003225724024,0.913242660076782,0.0,0.010338250820271178,0.026073144531250314
71,5.1057558195819475,160,4096,4,3,0,,7.0136125097051005,0,1.1580657777777779,8.171678287482878,8.171678287482878,8.197433843038434,8.21792354002282,8.244934038069696,12.436088688367317,3.139178218487748,7.330332868785369,1.907856690123153,0.0,0.020489696984386185,0.027010498046875497
72,5.136768362399939,64,1152,37,6,0,,5.569851635782336,256,0.2603448888888889,5.830196524671225,5.830196524671225,5.839596524671225,5.857080374162823,5.8832676788503235,7.510718289395651,0.7464993164503841,2.373949926995712,0.4330832733823966,0.0,0.017483849491598313,0.0261873046875003
73,5.1578534810237,128,704,4,6,0,,5.830196524671225,256,0.13455644444444445,5.964752969115669,5.964752969115669,5.97166408022678,5.988021780412823,6.014070527157615,9.279085395515446,0.8562170461339145,4.121231914491746,0.6723430436475244,0.0,0.016357700186042656,0.02604874674479163
74,5.214733107804606,96,640,56,2,0,,6.515987654722997,256,0.11658666666666667,6.632574321389663,6.632574321389663,6.639129876945219,6.645710302244657,6.671658300291532,9.145948884601426,1.456925192486926,3.9312157767968197,1.3012545469183907,0.0,0.00658042529943792,0.025947998046874865
75,5.271999570433187,128,2176,22,5,0,,7.293921019819986,256,0.5478613333333333,7.841782353153319,7.841782353153319,7.856871242042208,7.877499028899285,7.904087896086785,11.260528936125851,2.632088325653598,5.988529365692664,2.0219214493867987,0.0,0.020627786857076558,0.026588867187499865
76,5.282791332578838,160,4480,3,4,1,7,5.706169322478939,256,1.1947733333333332,6.900942655812272,6.900942655812272,6.92883154470116,6.952378751602704,6.978319864883954,11.214463859024576,1.695528532305116,5.931672526445738,0.4233779899001009,0.0,0.02354720690154366,0.025941113281249706
77,5.33864488939914,128,256,83,7,0,,6.7128260772662,0,0.07987911111111111,6.792705188377312,6.792705188377312,6.797127410599534,6.80993897875534,6.83603575609909,10.15096295336472,1.4973908666999503,4.812318063965581,1.3741811878670607,0.0,0.012811568155806086,0.026096777343750155
78,5.412859072212574,96,1472,1,1,0,1,5.63638828106803,1280,0.06574933333333334,5.702137614401364,5.702137614401364,5.713315392179142,5.734002536671372,5.759951755421372,8.22466517285518,0.34709268320879794,2.811806100642607,0.22352920885545657,0.0,0.020687144492229415,0.025949218750000114
79,5.4588290664988435,96,640,16,5,0,,7.841782353153319,256,0.11658666666666667,7.958369019819986,7.958369019819986,7.964924575375542,7.983857427336785,8.010235194263869,10.512172165292519,2.5514061277650253,5.053343098793675,2.382953286654476,0.0,0.01893285196124328,0.026377766927083712
80,5.498466232863236,96,2176,138,3,0,,8.171678287482878,256,0.5478613333333333,8.719539620816212,8.719539620816212,8.7346285097051,8.75822627439782,8.784927283512404,11.287431206038445,3.2864610506491685,5.788964973175209,2.6732120546196425,0.0,0.023597764692720347,0.02670100911458384
81,5.580377563191515,160,1216,21,1,1,2,5.702137614401364,256,0.27831466666666665,5.980452281068031,5.980452281068031,5.990207836623586,5.9937637671401225,6.019733127491685,10.151995079588534,0.4393555643001701,4.571617516397019,0.1217600512098489,0.0,0.003555930516536243,0.02596936035156272
82,5.743088687813724,160,640,72,6,0,,5.964752969115669,256,0.11658666666666667,6.081339635782336,6.081339635782336,6.087895191337892,6.09221969707949,6.118164939825026,10.213351250123894,0.37507625201130157,4.47026256231017,0.22166428130194493,0.0,0.004324505741598372,0.02594524274553578
83,5.77630133951508,160,1152,53,0,0,,6.602944906387326,256,0.2603448888888889,6.863289795276215,6.863289795276215,6.872689795276215,6.876261842179161,6.902303590226036,11.005625567532578,1.1260022507109557,5.229324228017497,0.8266435668722458,0.0,0.003572046902945658,0.026041748046875313
84,5.915451512278031,160,1536,1,1,0,1,5.980452281068031,1344,0.06594133333333334,6.046393614401364,6.046393614401364,6.057926947734697,6.071673313038561,6.097619602101061,10.23040352685416,0.18216808982303068,4.314952014576129,0.06500076879000005,0.0,0.013746365303863861,0.025946289062500405
85,5.979412007017091,64,1216,5,1,1,5,6.046393614401364,256,0.27831466666666665,6.32470828106803,6.32470828106803,6.334463836623586,6.357159519093249,6.383093709631443,8.017124157230178,0.4036817026143522,2.0377121502130873,0.06698160738427283,0.0,0.022695682469662692,0.025934190538194457
86,6.0794931034394875,96,1152,105,0,0,,6.863289795276215,256,0.2603448888888889,7.123634684165103,7.123634684165103,7.133034684165104,7.136701295304161,7.162678764612197,9.617399028284064,1.0831856611727098,3.5379059248445763,0.7837966918367272,0.0,0.0036666111390575296,0.025977469308036127
87,6.084297952309091,128,1152,0,6,1,2,6.084297952309091,256,0.2603448888888889,6.34464284119798,6.34464284119798,6.35404284119798,6.377644222749133,6.403546322358508,9.667086276165561,0.31924837004941686,3.5827883238564695,0.0,0.0,0.023601381551152656,0.025902099609375284
88,6.144040400736638,160,2496,2,1,1,4,6.32470828106803,2240,0.0865991111111111,6.4113073921791415,6.4113073921791415,6.4281740588458085,6.434963555551582,6.460927520395332,10.596760993118362,0.316887119658694,4.452720592381724,0.18066788033139236,0.0,0.006789496705773779,0.025963964843749743
89,6.169297135174986,64,1216,0,6,0,6,6.34464284119798,1024,0.06498133333333334,6.409624174531313,6.409624174531313,6.4193797300868685,6.429448910249134,6.455317616846356,8.072918682345803,0.28602048167137006,1.9036215471708164,0.17534570602299393,0.0,0.010069180162265212,0.025868706597222513
90,6.174106597109155,96,4224,7,7,0,,6.792705188377312,256,1.1228942222222222,7.915599410599534,7.915599410599534,7.942066077266201,7.957623036372527,7.983726551997527,10.469637025630341,1.8096199548883716,4.295530428521186,0.6185985912681566,0.0,0.01555695910632604,0.026103515624999574
91,6.2490047940202125,160,1280,5,1,0,1,6.4113073921791415,1088,0.06517333333333333,6.476480725512475,6.476480725512475,6.486591836623585,6.486891973520332,6.512826011162377,10.649080622024611,0.2638212171421648,4.400075828004399,0.162302598158929,0.0,0.0003001368967465723,0.025934037642045382
92,6.5109113089422035,64,2176,86,2,0,,6.632574321389663,256,0.5478613333333333,7.180435654722997,7.180435654722997,7.195524543611886,7.216335839354031,7.242285871906114,8.880816112791528,0.7313745629639108,2.369904803849325,0.1216630124474598,0.0,0.020811295742144686,0.025950032552083613
93,6.539031156255661,160,2560,2,1,0,1,6.539031156255661,2368,0.06901333333333334,6.608044489588995,6.608044489588995,6.625266711811217,6.642503523591356,6.668466576976773,10.80640243327678,0.12943542072111125,4.267371277021119,0.0,0.0,0.017236811780138694,0.025963053385416934
94,6.722531686681098,96,1344,5,1,0,1,6.722531686681098,1152,0.06536533333333333,6.787897020014431,6.787897020014431,6.798363686681098,6.824255151195522,6.850197759368599,9.316493802412475,0.12766607268750096,2.5939621157313777,0.0,0.0,0.025891464514423923,0.02594260817307692
95,6.991336563742585,96,1216,41,6,0,6,6.991336563742585,1024,0.06498133333333334,7.0563178970759175,7.0563178970759175,7.066073452631473,7.0734414339269005,7.099159695645651,9.53757002337538,0.10782313190306603,2.546233459632796,0.0,0.0,0.007367981295427484,0.025718261718750135
96,7.175065635068835,64,4352,19,4,1,2,7.175065635068835,256,1.1588337777777777,8.333899412846613,8.333899412846613,8.36107719062439,8.371871565730306,8.398536279271973,10.109138248673014,1.2234706442031378,2.9340726136041795,0.0,0.0,0.010794375105914966,0.026664713541666885
97,7.33785303330521,96,4544,3,6,1,4,7.33785303330521,256,1.212743111111111,8.550596144416321,8.550596144416321,8.578840588860766,8.583212627658302,8.609015606173926,11.088427967246291,1.2711625728687164,3.750574933941081,0.0,0.0,0.004372038797535893,0.02580297851562463
98,7.367974707467881,128,1600,1,1,0,1,7.367974707467881,1408,0.06613333333333334,7.434108040801214,7.434108040801214,7.445996929690103,7.447012512974369,7.472939195666677,10.780142362475999,0.10496448819879589,3.412167655008118,0.0,0.0,0.0010155832842659862,0.025926682692308134
99,7.56764941499818,128,4608,3,2,1,6,7.56764941499818,256,1.230712888888889,8.79836230388707,8.79836230388707,8.82696230388707,8.82823574169778,8.854525683104029,12.18524058614533,1.286876268105849,4.61759117114715,0.0,0.0,0.0012734378107097655,0.026289941406249184
100,7.81458712734313,160,4288,11,1,1,3,7.81458712734313,256,1.140864,8.95545112734313,8.95545112734313,8.982273349565352,9.003736499895112,9.029804468645112,13.220523582830355,1.2152173413019822,5.4059364554872245,0.0,0.0,0.021463150329759983,0.026067968750000503
101,7.830552008831518,64,640,8,3,0,,8.719539620816212,256,0.11658666666666667,8.836126287482879,8.836126287482879,8.842681843038434,8.865033240543656,8.891388587223345,10.549599646793652,1.060836578391827,2.7190476379621344,0.8889876119846942,0.0,0.02235139750522208,0.026355346679688196
102,7.831735468851127,160,704,16,0,1,5,7.831735468851127,256,0.13455644444444445,7.966291913295572,7.966291913295572,7.973203024406683,7.994925939556393,8.020894340784071,12.11223414616911,0.18915887193294445,4.280498677317983,0.0,0.0,0.021722915149710254,0.025968401227678406
103,7.87087311260908,160,2176,14,3,0,,8.836126287482879,256,0.5478613333333333,9.383987620816212,9.383987620816212,9.3990765097051,9.418598059879594,9.444903040348343,13.609177026583465,1.5740299277392635,5.738303913974385,0.9652531748737987,0.0,0.01952155017449364,0.026304980468749406
104,7.91913454896287,64,4224,15,4,0,,8.333899412846613,256,1.1228942222222222,9.456793635068834,9.456793635068834,9.4832603017355,9.48520929359489,9.512356429011557,11.188415397110514,1.593221880048687,3.269280848147644,0.41476486388374223,0.0,0.0019489918593897926,0.027147135416667467
105,7.938741312197628,128,4096,37,3,0,6,9.383987620816212,0,1.1580657777777779,10.542053398593989,10.542053398593989,10.567808954149545,10.576007036116568,10.602562944319693,13.926635034395966,2.6638216321220654,5.987893722198338,1.445246308618584,0.0,0.00819808196702354,0.026555908203125256
106,7.962108047760278,96,2240,10,7,1,2,7.962108047760278,256,0.5658311111111111,8.527939158871389,8.527939158871389,8.543383603315833,8.55806297777878,8.58416844652878,11.077605938390759,0.622060398768502,3.115497890630481,0.0,0.0,0.014679374462946981,0.02610546874999997
107,7.9976174782349645,96,2048,36,4,0,,9.456793635068834,0,0.5830328888888889,10.039826523957723,10.039826523957723,10.054204301735501,10.055401676407389,10.082269718399576,12.552736987279792,2.084652240164612,4.555119509044827,1.4591761568338697,0.0,0.00119737467188763,0.02686804199218784
108,8.027542212610278,64,2624,2,0,1,1,8.027542212610278,256,0.6736497777777778,8.701191990388056,8.701191990388056,8.718769768165833,8.743876344132282,8.769549521215616,10.389336016751326,0.7420073086053378,2.3617938041410476,0.0,0.0,0.02510657596644883,0.025673177083334053
109,8.02939214592344,64,4288,7,5,1,7,8.02939214592344,256,1.140864,9.17025614592344,9.17025614592344,9.197078368145663,9.218494732024286,9.24488714738887,10.91454358456335,1.2154950014654293,2.8851514386399106,0.0,0.0,0.021416363878623557,0.026392415364583144
110,8.071579548923317,160,2176,130,7,0,,8.527939158871389,256,0.5478613333333333,9.075800492204722,9.075800492204722,9.09088938109361,9.106380360591281,9.13248543871628,13.31660541755743,1.0609058897929629,5.245025868634112,0.45635960994807157,0.0,0.01549097949767031,0.02610507812499918
111,8.177443362896097,128,4224,119,7,0,,9.075800492204722,256,1.1228942222222222,10.198694714426944,10.198694714426944,10.22516138109361,10.23027350023972,10.256867494380344,13.605188913651176,2.079424131484247,5.427745550755079,0.898357129308625,0.0,0.005112119146110317,0.026593994140624133
112,8.21056179350787,128,1664,1,0,1,1,8.701191990388056,256,0.40410311111111114,9.105295101499166,9.105295101499166,9.117539545943611,9.129039397517696,9.154753671606237,12.423225287352148,0.9441918780983674,4.212663493844278,0.4906301968801863,0.0,0.01149985157408473,0.02571427408854099
113,8.3628402004714,64,1280,0,6,0,6,8.550596144416321,1088,0.06517333333333333,8.615769477749655,8.615769477749655,8.625880588860767,8.634819072970801,8.660597463037766,10.291899467897332,0.2977572625663658,1.9290592674259326,0.18775594394492146,0.0,0.008938484110034395,0.025778390066964363
114,8.367888847827645,160,2688,2,2,1,0,8.79836230388707,256,0.6916195555555555,9.489981859442626,9.489981859442626,9.50791519277596,9.527161286945178,9.553948884601429,13.706108048012894,1.1860600367737835,5.338219200185248,0.4304734560594241,0.0,0.019246094169218964,0.026787597656250384
115,8.385402480414491,160,1344,0,6,0,6,8.615769477749655,1152,0.06536533333333333,8.68113481108299,8.68113481108299,8.691601477749655,8.712155708015445,8.73792011231232,12.896828660140635,0.3525176318978289,4.5114261797261435,0.23036699733516386,0.0,0.020554230265789286,0.025764404296875654
116,8.438274612358738,96,1408,0,1,1,6,8.95545112734313,256,0.332224,9.28767512734313,9.28767512734313,9.298497349565352,9.316493802412475,9.342547784617336,11.834102635564733,0.9042731722585984,3.395828023205995,0.5171765149843921,0.0,0.01799645284712348,0.02605398220486066
117,8.45017456936361,64,1472,0,1,0,1,9.28767512734313,1280,0.06574933333333334,9.353424460676463,9.353424460676463,9.364602238454241,9.368602255103447,9.394623592994073,11.042678172674105,0.9444490236304635,2.5925036033104956,0.8375005579795207,0.0,0.004000016649206017,0.026021337890625773
118,8.454918305582348,128,1216,77,0,0,0,9.105295101499166,1024,0.06498133333333334,9.1702764348325,9.1702764348325,9.180031990388056,9.180468433976028,9.206166327391207,12.475127142820899,0.7512480218088591,4.020208837238551,0.6503767959168183,0.0,0.00043644358797223504,0.02569789341517925
119,8.483100724375385,64,4288,71,5,1,7,9.17025614592344,256,1.140864,10.311120145923441,10.311120145923441,10.337942368145663,10.352815036386266,10.379373337167516,12.073482549407101,1.8962726127921314,3.5903818250317165,0.6871554215480558,0.0,0.014872668240602849,0.02655830078125021
120,8.628194820999477,160,640,92,4,0,,10.039826523957723,256,0.11658666666666667,10.15641319062439,10.15641319062439,10.162968746179946,10.189459537735512,10.215868717423012,14.338867846654791,1.587673896423535,5.710673025655314,1.4116317029582461,0.0,0.026490791555566773,0.026409179687499673
121,8.646329581486906,96,4352,11,1,0,1,9.353424460676463,4160,0.07438933333333334,9.427813794009795,9.427813794009795,9.454991571787573,9.472690536353447,9.498813982731289,11.99455982957515,0.8524844012443822,3.348230248088244,0.7070948791895564,0.0,0.01769896456587361,0.026123446377841475
122,8.705605763365606,64,1152,29,4,0,,10.15641319062439,256,0.2603448888888889,10.41675807951328,10.41675807951328,10.426158079513279,10.427159733048013,10.453403092423013,12.088742602514166,1.7477973290574074,3.383136839148561,1.450807427258784,0.0,0.0010016535347343591,0.026243359374999997
123,8.79081109831831,96,512,73,3,0,4,10.542053398593989,0,0.15175822222222224,10.693811620816211,10.693811620816211,10.699656065260655,10.708791459944695,10.735088139632195,13.214011010958464,1.9442770413138852,4.423199912640154,1.7512423002756794,0.0,0.009135394684040676,0.02629667968749949
124,8.802263415189728,64,2304,10,6,1,7,8.802263415189728,256,0.5838008888888889,9.386064304078618,9.386064304078618,9.401864304078618,9.40822950823866,9.434096634703504,11.088427967246291,0.6318332195137764,2.2861645520565634,0.0,0.0,0.006365204160042381,0.025867126464843793
125,8.886107136372956,64,4352,7,6,1,5,9.386064304078618,256,1.1588337777777777,10.544898081856395,10.544898081856395,10.572075859634174,10.581881238730666,10.608436170371291,12.275757510587066,1.722329033998335,3.38965037421411,0.4999571677056611,0.0,0.009805379096492928,0.026554931640625057
126,8.98641352495904,128,832,12,2,1,7,9.489981859442626,256,0.170496,9.660477859442626,9.660477859442626,9.668100081664848,9.687894197101432,9.714223298663931,13.017995189939976,0.727809773704891,4.031581664980935,0.5035683344835853,0.0,0.019794115436583937,0.026329101562499346
127,9.063772631240656,128,640,24,2,0,,9.660477859442626,256,0.11658666666666667,9.777064526109292,9.777064526109292,9.783620081664848,9.79321353303893,9.819289949054555,13.123117911294143,0.755517317813899,4.059345280053487,0.5967052282019694,0.0,0.009593451374081852,0.02607641601562527
128,9.071063062181665,64,2304,18,1,0,1,9.427813794009795,2112,0.06824533333333334,9.496059127343129,9.496059127343129,9.51185912734313,9.52493791739038,9.551062388419027,11.200722606267854,0.47999932623736186,2.1296595440861896,0.35675073182813044,0.0,0.013078790047250877,0.026124471028646568
129,9.242526445635498,160,1152,69,2,0,,9.777064526109292,256,0.2603448888888889,10.037409414998182,10.037409414998182,10.046809414998181,10.053999665851432,10.079977204913932,14.236625528481644,0.8374507592784344,4.994099082846146,0.5345380804737943,0.0,0.007190250853250646,0.025977539062500554
130,9.252786584376583,96,1152,57,2,0,,10.037409414998182,256,0.2603448888888889,10.297754303887071,10.297754303887071,10.30715430388707,10.313797029132681,10.339709464028514,12.808700268064975,1.0869228796519312,3.5559136836883916,0.7846228306215988,0.0,0.006642725245610492,0.02591243489583306
131,9.339749755072436,128,1408,5,0,1,1,9.339749755072436,256,0.332224,9.671973755072436,9.671973755072436,9.682795977294658,9.694567485315314,9.720286095806387,12.995657974294113,0.3805363407339506,3.6559082192216774,0.0,0.0,0.011771508020656185,0.02571861049107227
132,9.418759877765506,128,4416,7,6,0,6,10.544898081856395,4224,0.07458133333333333,10.619479415189728,10.619479415189728,10.64701274852306,10.661547498496292,10.688223865683792,14.012443080713549,1.2694639879182859,4.593683202948043,1.1261382040908892,0.0,0.014534749973231342,0.026676367187500105
133,9.435642516846654,160,768,4,0,1,6,9.671973755072436,256,0.15252622222222223,9.824499977294659,9.824499977294659,9.831766643961325,9.84888647248049,9.87456469513674,13.986473369104381,0.4389221782900865,4.550830852257727,0.23633123822578206,0.0,0.01711982851916538,0.02567822265624997
134,9.497144217782266,96,2240,86,1,1,2,9.497144217782266,256,0.5658311111111111,10.062975328893376,10.062975328893376,10.07841977333782,10.099738243651034,10.125866417479159,12.633392023585566,0.6287221996968935,3.1362478058033005,0.0,0.0,0.02131847031321321,0.026128173828125156
135,9.697323581060543,96,4224,31,2,0,,10.297754303887071,256,1.1228942222222222,11.420648526109293,11.420648526109293,11.447115192775959,11.454406078611848,11.480501223701134,13.972407364419142,1.7831776426405916,4.2750837833586,0.6004307228265287,0.0,0.007290885835889327,0.02609514508928612
136,9.7557446584507,64,4224,43,5,0,,10.311120145923441,256,1.1228942222222222,11.434014368145663,11.434014368145663,11.460481034812329,11.477425420500852,11.504513799407102,13.196279896412307,1.7487691409564015,3.4405352379616065,0.555375487472741,0.0,0.01694438568852341,0.02708837890624949
137,9.808377206140884,128,4288,83,5,0,,11.434014368145663,256,1.140864,12.574878368145663,12.574878368145663,12.601700590367885,12.615040166594602,12.642128545500851,15.95814807675085,2.833751339359967,6.1497708706099665,1.6256371620047787,0.0,0.013339576226716332,0.02708837890624949
138,9.873152901288462,160,2752,2,0,1,2,9.873152901288462,2496,0.0873671111111111,9.960520012399574,9.960520012399574,9.978808901288463,10.002963132636742,10.028717906942298,14.142797750614799,0.1555650056538358,4.269644849326337,0.0,0.0,0.024154231348278543,0.025754774305555728
139,9.935326188890222,96,1536,0,1,0,1,10.062975328893376,1344,0.06594133333333334,10.12891666222671,10.12891666222671,10.140449995560042,10.151995079588534,10.178130740395826,12.686816144679316,0.24280455150560343,2.7514899557890935,0.12764914000315386,0.0,0.011545084028492525,0.026135660807291572
140,10.33136322885448,128,4224,115,7,0,,10.33136322885448,256,1.1228942222222222,11.454257451076701,11.454257451076701,11.480724117743367,11.50308250089076,11.529834291255343,14.85508449470586,1.1984710624008628,4.52372126585138,0.0,0.0,0.02235838314739169,0.026751790364583528
141,10.484550438960932,64,832,4,0,0,0,10.484550438960932,640,0.06382933333333334,10.548379772294265,10.548379772294265,10.556001994516487,10.569215106106796,10.594882403470077,12.21572389226286,0.11033196450914495,1.7311734533019276,0.0,0.0,0.013213111590308912,0.025667297363280994
142,10.575981113251105,64,4480,7,1,1,6,10.575981113251105,256,1.1947733333333332,11.770754446584439,11.770754446584439,11.798643335473328,11.807578953924107,11.834102635564733,13.512379149236605,1.258121522313628,2.9363980359854995,0.0,0.0,0.008935618450779614,0.026523681640625796
143,10.876925287908367,96,2240,22,4,1,5,10.876925287908367,256,0.5658311111111111,11.442756399019478,11.442756399019478,11.458200843463922,11.470919750951664,11.496679394506351,13.947577807592292,0.6197541065979841,3.070652519683925,0.0,0.0,0.012718907487741404,0.025759643554687628
144,10.914233188522742,128,640,40,7,0,,11.454257451076701,256,0.11658666666666667,11.570844117743368,11.570844117743368,11.577399673298924,11.58333933682826,11.60973240323451,14.933111594315237,0.6954992147117682,4.018878405792496,0.5400242625539597,0.0,0.005939663529336059,0.026393066406249943
145,11.010986507417728,64,640,76,5,0,,12.574878368145663,256,0.11658666666666667,12.69146503481233,12.69146503481233,12.698020590367886,12.7233966119071,12.749894333261267,14.383041615162309,1.7389078258435386,3.372055107744581,1.563891860727935,0.0,0.025376021539214477,0.026497721354166615
146,11.02939082547016,64,1600,0,3,1,1,11.02939082547016,576,0.2972444444444445,11.326635269914604,11.326635269914604,11.338524158803493,11.340145561507194,11.366388139632194,13.0060924318569,0.33699731416203527,1.9767016063867402,0.0,0.0,0.001621402703701591,0.026242578125000193
147,11.070006313532973,128,2240,14,0,1,3,11.070006313532973,256,0.5658311111111111,11.635837424644084,11.635837424644084,11.651281869088528,11.673479710947754,11.699223058115724,14.997762998359402,0.6292167445827506,3.927756684826429,0.0,0.0,0.02219784185922613,0.025743347167969333
148,11.124377860241918,96,704,36,5,0,,12.69146503481233,256,0.13455644444444445,12.826021479256774,12.826021479256774,12.832932590367886,12.855890101490434,12.882101161060747,15.348988246021687,1.7577233008188298,4.224610385779769,1.5670871745704122,0.0,0.022957511122548624,0.02621105957031311
149,11.164390591554382,64,1472,5,6,1,0,11.164390591554382,256,0.35019377777777777,11.514584369332159,11.514584369332159,11.525762147109937,11.541822172975458,11.56825784192077,13.206933152328132,0.40386725036638893,2.04254256077375,0.0,0.0,0.0160600258655208,0.026435668945312685
150,11.215489965808416,64,2816,2,0,0,0,11.635837424644084,2624,0.06978133333333333,11.705618757977417,11.705618757977417,11.724263202421861,11.724966893564943,11.750781292436471,13.387255874684739,0.5352913266280552,2.1717659088763224,0.4203474588356677,0.0,0.000703691143081997,0.025814398871528255
151,11.309609637141754,64,704,88,3,1,4,11.326635269914604,256,0.13455644444444445,11.461191714359048,11.461191714359048,11.46810282547016,11.471363334944696,11.497458142887405,13.135774072481903,0.18784850574565048,1.8261644353401483,0.01702563277284952,0.0,0.003260509474536377,0.026094807942708798
152,11.441204290216133,96,4544,7,1,0,1,11.770754446584439,4352,0.07496533333333334,11.845719779917772,11.845719779917772,11.873964224362217,11.887467381658483,11.914239761215775,14.43129585078051,0.47303547099964227,2.9900915605643767,0.3295501563683061,0.0,0.013503157296266721,0.026772379557291615
153,11.514688670835788,128,1536,5,6,0,6,11.514688670835788,1344,0.06594133333333334,11.580630004169121,11.580630004169121,11.592163337502454,11.594693999147333,11.620993315553584,14.91660649217188,0.10630464471779533,3.4019178213360917,0.0,0.0,0.0025306616448794728,0.026299316406250384
154,11.588018200610529,96,1216,29,4,0,4,11.588018200610529,1024,0.06498133333333334,11.652999533943863,11.652999533943863,11.662755089499418,11.677010571264168,11.702740161107918,14.15581901852979,0.11472196049738947,2.5678008179192613,0.0,0.0,0.014255481764749334,0.025729589843750844
155,11.629380263393196,128,2240,46,2,0,2,11.629380263393196,2048,0.06805333333333334,11.69743359672653,11.69743359672653,11.712878041170974,11.715379502160955,11.741478745325017,15.080286075356645,0.11209848193182026,3.450905811963448,0.0,0.0,0.0025014609899809415,0.026099243164061647
156,11.645588961341895,160,1664,0,3,0,3,11.645588961341895,1472,0.06632533333333333,11.711914294675228,11.711914294675228,11.724158739119673,11.73233338702803,11.758392050532494,15.900378021747159,0.11280308919059934,4.254789060405264,0.0,0.0,0.008174647908356647,0.02605866350446462
157,11.696618445955643,128,1152,109,7,0,,11.696618445955643,256,0.2603448888888889,11.956963334844533,11.956963334844533,11.966363334844532,11.97928660245326,12.00551941495326,15.326488059158986,0.30890096899761765,3.6298696132033434,0.0,0.0,0.01292326760872875,0.02623281249999998
158,11.746607155164941,64,1664,0,6,1,3,11.746607155164941,1216,0.13743644444444444,11.884043599609386,11.884043599609386,11.896288044053831,11.910318022584834,11.936541085735875,13.569077195296881,0.189933930570934,1.8224700401319396,0.0,0.0,0.01402997853100274,0.026223063151041615
159,11.867966915427115,64,256,35,6,0,,11.884043599609386,0,0.07987911111111111,11.963922710720498,11.963922710720498,11.96834493294272,11.988988676881709,12.015056129448674,13.64671244920313,0.14708921402155894,1.778745533776016,0.016076684182271705,0.0,0.02064374393898838,0.026067452566964633
160,11.901374409713794,128,2048,0,7,0,6,11.956963334844533,0,0.5830328888888889,12.539996223733421,12.539996223733421,12.5543740015112,12.556521270422012,12.582724232661596,15.910282981033989,0.6813498229478014,4.008908571320195,0.05558892513073843,0.0,0.0021472689108126275,0.026202962239583627
161,11.948600940151179,96,2368,6,1,0,1,11.948600940151179,2176,0.06843733333333334,12.017038273484513,12.017038273484513,12.033193829040068,12.0479499662939,12.07455584194494,14.5877945052944,0.12595490179376156,2.6391935651432217,0.0,0.0,0.014756137253831625,0.026605875651041444
162,11.950275065850242,96,2048,11,4,0,1,11.950275065850242,0,0.5830328888888889,12.533307954739131,12.533307954739131,12.547685732516909,12.552736987279792,12.57850737302198,15.05159489743604,0.6282323071717375,3.1013198315857977,0.0,0.0,0.0050512547628827065,0.02577038574218804
163,12.077610507072647,96,1152,129,5,0,,12.826021479256774,256,0.2603448888888889,13.086366368145663,13.086366368145663,13.095766368145663,13.118022669849807,13.144107923756058,15.612420863209183,1.0664974166834114,3.5348103561365356,0.7484109721841268,0.0,0.022256301704144832,0.026085253906250827
164,12.237731128785821,160,1152,13,5,0,,13.086366368145663,256,0.2603448888888889,13.346711257034553,13.346711257034553,13.356111257034552,13.377134876881058,13.402918080006058,17.52889099667272,1.165186951220237,5.2911598678869005,0.848635239359842,0.0,0.021023619846506136,0.025783203125000043
165,12.37626236759647,128,1728,1,0,0,0,12.37626236759647,1536,0.06651733333333333,12.442779700929803,12.442779700929803,12.455379700929804,12.475127142820899,12.501110052977149,15.798173570229746,0.12484768538067925,3.421911202633277,0.0,0.0,0.019747441891095008,0.025982910156249872
166,12.477907357873834,128,4224,23,4,0,,12.533307954739131,256,1.1228942222222222,13.656202176961353,13.656202176961353,13.682668843628019,13.687095873998542,13.713141870092292,17.042721704076662,1.235234512218458,4.564814346202828,0.0554005968652973,0.0,0.00442703037052361,0.02604599609374958
167,12.528000831687121,64,4288,31,2,0,2,12.528000831687121,4096,0.07419733333333334,12.602198165020456,12.602198165020456,12.629020387242678,12.652162670408723,12.678251049314973,14.343076114419143,0.1502502176278515,1.8150752827320211,0.0,0.0,0.023142283166045274,0.026088378906250043
168,12.550976284914434,96,2880,2,0,0,0,12.550976284914434,2688,0.06997333333333333,12.620949618247767,12.620949618247767,12.639949618247767,12.6570177678209,12.683064084785185,15.15271270539065,0.13208779987075125,2.6017364204762163,0.0,0.0,0.01706814957313263,0.026046316964285054
169,12.582401891521135,64,704,20,6,1,0,12.582401891521135,256,0.13455644444444445,12.716958335965579,12.716958335965579,12.72386944707669,12.741892764493317,12.767714193064744,14.39781254685938,0.18531230154360934,1.815410655338244,0.0,0.0,0.018023317416625773,0.025821428571427774
170,12.625006329921348,96,1664,0,1,1,6,12.625006329921348,1408,0.0841031111111111,12.709109441032458,12.709109441032458,12.721353885476903,12.74070017788244,12.76741687710119,15.263883361631208,0.1424105471798427,2.6388770317098604,0.0,0.0,0.019346292405536758,0.02671669921875086
171,12.625771324744424,64,4096,5,5,0,6,13.346711257034553,0,1.1580657777777779,14.504777034812331,14.504777034812331,14.530532590367887,14.538550160084187,14.564685999927937,16.22025297583939,1.9389146751835131,3.5944816510949664,0.7209399322901291,0.0,0.008017569716299633,0.02613583984375012
172,12.782620317481815,128,2432,6,1,0,1,12.782620317481815,2240,0.06862933333333333,12.851249650815149,12.851249650815149,12.86776076192626,12.874288556788688,12.900919090642855,16.224978647042413,0.11829877316104032,3.442358329560598,0.0,0.0,0.006527794862428493,0.026630533854167027
173,12.88770408206235,96,2304,22,0,1,4,12.88770408206235,256,0.5838008888888889,13.471504970951239,13.471504970951239,13.48730497095124,13.491463882497237,13.517529068044112,15.979814256264905,0.6298249859817631,3.0921101742025563,0.0,0.0,0.004158911545998123,0.02606518554687476
174,13.01368024466489,96,2176,38,4,0,,13.656202176961353,256,0.5478613333333333,14.204063510294686,14.204063510294686,14.219152399183574,14.234309252904788,14.260448168920414,16.75579128415479,1.2467679242555239,3.742111039489899,0.6425219322964626,0.0,0.015156853721213892,0.02613891601562557
175,13.349637861179083,160,4288,35,3,0,,13.349637861179083,256,1.140864,14.490501861179084,14.490501861179084,14.517324083401306,14.521389428927218,14.547868676974094,18.680627425346497,1.1982308157950108,5.330989564167414,0.0,0.0,0.004065345525912534,0.026479248046875625
176,13.350373073254513,128,640,136,3,0,,14.490501861179084,256,0.11658666666666667,14.60708852784575,14.60708852784575,14.613644083401306,14.62730935080222,14.653400984916804,17.945012467664206,1.3030279116622907,4.594639394409693,1.1401287879245707,0.0,0.01366526740091345,0.02609163411458404
177,13.404620593041223,64,4416,19,2,1,4,13.404620593041223,4096,0.11013688888888888,13.514757481930111,13.514757481930111,13.542290815263444,13.546589005044142,13.573174291502475,15.238087833169143,0.16855369846125257,1.83346724012792,0.0,0.0,0.004298189780698181,0.026585286458333357
178,13.452916102976154,128,2176,30,3,0,,14.60708852784575,256,0.5478613333333333,15.154949861179084,15.154949861179084,15.170038750067972,15.17533620627097,15.201428247286595,18.496020198784,1.7485121443104408,5.043104095807845,1.1541724248695964,0.0,0.005297456202997708,0.0260920410156249
179,13.550101498487155,160,1152,113,1,0,,13.550101498487155,256,0.2603448888888889,13.810446387376045,13.810446387376045,13.819846387376044,13.828783934392858,13.854992625799108,17.98451573119849,0.30489112731195256,4.434414232711333,0.0,0.0,0.008937547016813596,0.02620869140625004
180,13.573638051399607,128,4096,137,7,0,5,13.573638051399607,0,1.1580657777777779,14.731703829177384,14.731703829177384,14.75745938473294,14.776391916580861,14.80262228767461,18.15591347419804,1.2289842362750036,4.582275422798434,0.0,0.0,0.018932531847921652,0.026230371093749483
181,13.574245982125543,128,2176,78,6,0,,13.574245982125543,256,0.5478613333333333,14.122107315458877,14.122107315458877,14.137196204347765,14.140355678369799,14.166099167953133,17.485997751937518,0.5918531858275902,3.911751769811975,0.0,0.0,0.0031594740220342032,0.025743489583334167
182,13.578027779328496,64,1152,33,1,0,,13.810446387376045,256,0.2603448888888889,14.070791276264934,14.070791276264934,14.080191276264934,14.090892821111611,14.11699788296057,15.757760159963082,0.5389701036320744,2.1797323806345865,0.2324186080475492,0.0,0.01070154484667718,0.02610506184895911
183,13.744592845801826,128,704,136,0,1,3,13.744592845801826,256,0.13455644444444445,13.87914929024627,13.87914929024627,13.886060401357382,13.908565444997238,13.934534264751703,17.226676909724727,0.1899414189498767,3.482084063922901,0.0,0.0,0.022505043639856837,0.02596881975446408
184,13.938797159796955,160,512,1,3,0,0,15.154949861179084,0,0.15175822222222224,15.306708083401306,15.306708083401306,15.31255252784575,15.33189577658347,15.35782175314597,19.488154484265763,1.4190245933490147,5.549357324468808,1.2161527013821285,0.0,0.019343248737721197,0.025925976562499287
185,13.98042677306272,96,4480,11,1,0,1,14.070791276264934,4224,0.09255111111111111,14.163342387376046,14.163342387376046,14.191231276264935,14.195315998194944,14.221577368172623,16.69134186658654,0.24115059510990378,2.7109150935238215,0.09036450320221512,0.0,0.004084721930009749,0.026261369977678584
186,13.983684268559873,96,704,8,2,1,3,13.983684268559873,256,0.13455644444444445,14.118240713004317,14.118240713004317,14.125151824115429,14.131495255044145,14.157777090981645,16.64280414176289,0.1740928224217715,2.659119873203018,0.0,0.0,0.006343430928716032,0.026281835937499665
187,13.99802648096134,160,1664,0,1,0,1,14.163342387376046,1536,0.04854755555555555,14.211889942931602,14.211889942931602,14.224134387376047,14.247839226431552,14.274045342154208,18.398999548162774,0.27601886119286867,4.400973067201434,0.1653159064147065,0.0,0.02370483905550458,0.02620611572265652
188,14.008364167070043,128,1856,1,0,0,0,14.008364167070043,1600,0.08467911111111111,14.093043278181154,14.093043278181154,14.106354389292266,14.116760641239798,14.142797750614799,17.436155843876517,0.1344335835447552,3.427791676806473,0.0,0.0,0.010406251947532752,0.026037109375000256
189,14.00982306049708,160,4672,3,2,0,2,14.118240713004317,4480,0.07534933333333334,14.19359004633765,14.19359004633765,14.222545601893206,14.236625528481644,14.263237442544144,18.427047309313114,0.25341438204706357,4.417224248816034,0.1084176525072369,0.0,0.014079926588438596,0.02661191406249941
190,14.134785482988761,160,4096,17,6,0,6,14.134785482988761,0,1.1580657777777779,15.29285126076654,15.29285126076654,15.318606816322095,15.33389946092188,15.360441941390631,19.541255478407017,1.22565645840187,5.406469995418256,0.0,0.0,0.015292644599785632,0.026542480468750185
191,14.247368130334328,96,2496,6,1,0,1,14.247368130334328,2304,0.06882133333333333,14.316189463667662,14.316189463667662,14.33305613033433,14.352666619009678,14.378875874652039,16.846543715258697,0.13150774431771062,2.599175584924369,0.0,0.0,0.019610488675349202,0.02620925564236032
192,14.254368246516668,96,768,16,0,0,0,14.254368246516668,576,0.06363733333333334,14.318005579850002,14.318005579850002,14.325272246516668,14.35059983394813,14.376491226247238,16.83539956597473,0.12212297973056963,2.581031319458061,0.0,0.0,0.02532758743146246,0.02589139229910664
193,14.394687260509107,96,2560,6,1,0,1,14.394687260509107,2368,0.06901333333333334,14.46370059384244,14.46370059384244,14.48092281606466,14.483454053905511,14.509552795224955,16.975959521620304,0.11486553471584848,2.581272261111197,0.0,0.0,0.002531237840850409,0.02609874131944423
194,14.411211861584139,96,704,72,2,1,6,14.411211861584139,256,0.13455644444444445,14.545768306028583,14.545768306028583,14.552679417139695,14.554978458169145,14.581239200356645,17.06245514273945,0.1700273387725062,2.6512432811553097,0.0,0.0,0.002299041029450777,0.02626074218749963
195,14.425917954670208,128,1664,0,1,0,1,14.46370059384244,1536,0.04854755555555555,14.512248149397996,14.512248149397996,14.52449259384244,14.53565202482565,14.5617230209194,17.855121730082413,0.1358050662491923,3.429203775412205,0.03778263917223157,0.0,0.011159430983209262,0.02607099609375041
196,14.50731512316927,128,1216,153,0,1,6,14.50731512316927,256,0.27831466666666665,14.785629789835937,14.785629789835937,14.795385345391493,14.81671960236331,14.842581479804716,18.142789539933062,0.33526635663544546,3.635474416763792,0.0,0.0,0.021334256971817567,0.025861877441405667
197,14.559793371419232,160,1216,113,1,0,1,14.559793371419232,1024,0.06498133333333334,14.624774704752566,14.624774704752566,14.634530260308122,14.639909793922874,14.665921707985374,18.78767632475532,0.10612833656614207,4.227882953336088,0.0,0.0,0.0053795336147519635,0.026011914062500807
198,14.643000389201937,160,1664,0,1,0,1,14.643000389201937,1536,0.04854755555555555,14.691547944757493,14.691547944757493,14.703792389201938,14.717947000954123,14.743942118141623,18.86538323393501,0.10094172893968612,4.2223828447330725,0.0,0.0,0.014154611752184465,0.025995117187500583
199,14.752902450210167,160,640,124,6,0,,15.29285126076654,256,0.11658666666666667,15.409437927433206,15.409437927433206,15.415993482988762,15.440072312484382,15.466206101546883,19.645585448025074,0.7133036513367159,4.892682997814907,0.539948810556373,0.0,0.024078829495620013,0.026133789062500412
200,14.85480358625657,64,1152,81,4,0,,14.85480358625657,256,0.2603448888888889,15.11514847514546,15.11514847514546,15.12454847514546,15.131344653295416,15.157588305639166,16.807717065404788,0.3027847193825952,1.9529134791482168,0.0,0.0,0.006796178149956589,0.0262436523437497
201,15.09628806010235,128,1664,0,1,0,1,15.09628806010235,1536,0.04854755555555555,15.144835615657906,15.144835615657906,15.15708006010235,15.159930399391623,15.185917907529644,18.47673351000172,0.08962984742729496,3.3804454498993692,0.0,0.0,0.0028503392892726964,0.025987508138021198
202,15.245214739938817,160,2944,2,0,0,0,15.245214739938817,2752,0.07016533333333333,15.31538007327215,15.31538007327215,15.334735628827707,15.358504372057313,15.384332148284992,19.541926030818477,0.13911740834617525,4.29671129087966,0.0,0.0,0.023768743229606315,0.025827776227679067
203,15.25115036537803,64,512,73,3,0,4,15.306708083401306,0,0.15175822222222224,15.458466305623528,15.458466305623528,15.464310750067972,15.487458960177218,15.51327471538555,17.136346771747167,0.26212435000752166,1.885196406369138,0.05555771802327669,0.0,0.023148210109246392,0.025815755208332902
204,15.356618250425278,128,2368,22,0,0,0,15.356618250425278,2176,0.06843733333333334,15.425055583758612,15.425055583758612,15.441211139314166,15.46181840665553,15.487688951089124,18.800253569880976,0.1310707006638463,3.443635319455698,0.0,0.0,0.02060726734136331,0.02587054443359449
205,15.492875009358414,128,4096,9,6,0,2,15.492875009358414,0,1.1580657777777779,16.650940787136193,16.650940787136193,16.67669634269175,16.695044968734386,16.72141288865626,20.064369627712573,1.2285378792978463,4.5714946183541585,0.0,0.0,0.01834862604263776,0.02636791992187426
206,15.517116476995103,128,1664,0,1,0,1,15.517116476995103,1536,0.04854755555555555,15.565664032550659,15.565664032550659,15.577908476995104,15.60193818229882,15.627929555996737,18.917192582301485,0.11081307900163395,3.4000761053063826,0.0,0.0,0.024029705303716398,0.025991373697916487
207,15.577515761120686,64,2048,8,7,0,2,15.577515761120686,0,0.5830328888888889,16.160548650009574,16.160548650009574,16.17492642778735,16.180514914627736,16.20702785408086,17.863722393468876,0.629512092960173,2.2862066323481898,0.0,0.0,0.005588486840384377,0.026512939453123607
208,15.617740427879705,160,256,158,1,0,,15.617740427879705,0,0.07987911111111111,15.697619538990816,15.697619538990816,15.702041761213039,15.705906606777987,15.73183313922991,19.846608401874168,0.11409271135020482,4.228867973994463,0.0,0.0,0.0038648455649479274,0.025926532451922668
209,15.703313089347569,64,3008,2,0,0,0,15.703313089347569,2816,0.07035733333333334,15.773670422680903,15.773670422680903,15.793381533792013,15.798173570229746,15.82412077481959,17.462367339412232,0.12080768547202148,1.759054250064663,0.0,0.0,0.0047920364377329605,0.02594720458984412
210,15.722094374861918,128,1920,1,2,1,0,15.722094374861918,256,0.4759822222222222,16.19807659708414,16.19807659708414,16.211743263750805,16.226690860512893,16.25269427848164,19.57425657270597,0.5305999036197235,3.852162197844052,0.0,0.0,0.014947596762088011,0.02600341796874872
211,15.728895700361427,96,768,88,3,0,3,15.728895700361427,576,0.06363733333333334,15.792533033694761,15.792533033694761,15.799799700361428,15.823101863823053,15.848860094849838,18.311723893445457,0.11996439448841123,2.5828281930840298,0.0,0.0,0.023302163461625724,0.025758231026784983
212,15.757041589658359,128,2048,10,4,0,6,15.757041589658359,0,0.5830328888888889,16.340074478547248,16.340074478547248,16.354452256325025,16.365324145482916,16.39152409665479,19.710802335587076,0.6344825069964326,3.953760745928717,0.0,0.0,0.01087188915789028,0.02619995117187557
213,15.768728089839472,128,1984,1,5,1,2,15.768728089839472,1024,0.2806186666666667,16.04934675650614,16.04934675650614,16.063368978728363,16.06342542050085,16.089628708261266,19.370442053452848,0.32090061842179374,3.601713963613376,0.0,0.0,5.6441772485982256e-05,0.026203287760417027
214,15.842974442803285,128,1280,9,1,1,2,15.842974442803285,256,0.29628444444444446,16.13925888724773,16.13925888724773,16.149369998358843,16.173103909963086,16.199041034362125,19.485598083603573,0.35606659155883946,3.642623640800288,0.0,0.0,0.023733911604242763,0.02593712439903939
215,15.844335951014148,160,1664,0,1,0,1,16.13925888724773,1536,0.04854755555555555,16.187806442803286,16.187806442803286,16.20005088724773,16.224978647042413,16.250883094157796,20.363809440581555,0.4065471431436478,4.519473489567407,0.2949229362335828,0.0,0.024927759794682203,0.025904447115383533
216,15.894779972071253,96,4288,147,0,1,5,15.894779972071253,256,1.140864,17.035643972071252,17.035643972071252,17.062466194293474,17.069603179255978,17.09578091363098,19.59474683159973,1.201000941559725,3.699966859528475,0.0,0.0,0.00713698496250359,0.026177734375000483
217,15.965710361971862,64,4288,43,3,1,5,15.965710361971862,256,1.140864,17.106574361971862,17.106574361971862,17.133396584194085,17.136346771747167,17.162410166929458,18.811507552299624,1.1966998049575963,2.8457971903277617,0.0,0.0,0.0029501875530826283,0.02606339518229106
218,16.051546157448858,128,832,16,5,1,0,16.051546157448858,512,0.09938488888888888,16.150931046337746,16.150931046337746,16.158553268559967,16.168241501230014,16.194246994394078,19.474111277783205,0.1427008369452203,3.4225651203343475,0.0,0.0,0.00968823267004737,0.026005493164063864
219,16.100191200171817,96,1216,13,7,1,5,16.160548650009574,256,0.27831466666666665,16.43886331667624,16.43886331667624,16.448618872231798,16.47218410408086,16.49839422777878,18.991962546463668,0.3982030276069608,2.8917713462918506,0.06035744983775615,0.0,0.02356523184906223,0.02621012369791842
220,16.352499300910285,160,256,0,4,0,1,16.352499300910285,0,0.07987911111111111,16.432378412021396,16.432378412021396,16.436800634243617,16.44392546384229,16.46991159665479,20.614448624649572,0.11741229574450429,4.261949323739287,0.0,0.0,0.007124829598673443,0.025986132812498397
221,16.42486487383637,64,4096,1,7,0,5,16.43886331667624,0,1.1580657777777779,17.59692909445402,17.59692909445402,17.622684650009575,17.62589146085169,17.652315166906376,19.306410463130337,1.2274502930700066,2.8815455892939674,0.013998442839870506,0.0,0.003206810842115715,0.026423706054686136
222,16.43687205531129,96,1152,85,5,0,,16.43687205531129,256,0.2603448888888889,16.69721694420018,16.69721694420018,16.706616944200178,16.707969121672722,16.7336153619071,19.188453702448385,0.2967433065958076,2.751581647137094,0.0,0.0,0.0013521774725440139,0.02564624023437645
223,16.44919354577547,128,2112,1,1,1,5,16.44919354577547,1472,0.1921137777777778,16.641307323553246,16.641307323553246,16.656040656886578,16.66542065425395,16.69134186658654,19.97584024668951,0.24214832081107218,3.5266467009140428,0.0,0.0,0.009379997367371828,0.025921212332590926
224,16.55601722724995,96,4608,7,1,0,1,16.641307323553246,4416,0.07515733333333334,16.71646465688658,16.71646465688658,16.74506465688658,16.76880550841346,16.79472968531078,19.25388027761399,0.23871245806083152,2.6978630503640417,0.08529009630329654,0.0,0.0237408515268811,0.02592417689731974
225,16.675278868482376,128,1344,9,1,0,1,16.71646465688658,1152,0.06536533333333333,16.78182999021991,16.78182999021991,16.792296656886577,16.79472968531078,16.820636456144115,20.105060417144056,0.14535758766173856,3.42978154866168,0.04118578840420284,0.0,0.002433028424203343,0.025906770833334036
226,16.681188853934415,64,2432,10,6,0,6,16.681188853934415,2176,0.0864071111111111,16.767595965045526,16.767595965045526,16.784107076156637,16.800519578109387,16.82685297654689,18.491299900375022,0.14566412261247308,1.810111046440607,0.0,0.0,0.016412501952750347,0.026333398437500932
227,16.68284225272318,160,2624,6,2,1,1,16.68284225272318,2048,0.175872,16.85871425272318,16.85871425272318,16.876292030500956,16.878784610512888,16.905021793130075,21.062671625719364,0.22217954040689492,4.379829372996184,0.0,0.0,0.0024925800119319774,0.026237182617187216
228,16.729749560525935,128,3072,2,4,1,0,16.729749560525935,2304,0.23054933333333336,16.960298893859267,16.960298893859267,16.980365560525932,16.990335717748536,17.016528466771973,20.332874405899574,0.2867789062460382,3.603124845373639,0.0,0.0,0.00997015722260386,0.026192749023437045
229,16.81490700227058,96,3136,2,5,1,4,16.81490700227058,256,0.817408,17.63231500227058,17.63231500227058,17.652737224492803,17.657240606047722,17.683126958586783,20.15336439057617,0.868219956316203,3.3384573883055886,0.0,0.0,0.004503381554918917,0.02588635253906091
230,16.983900648599157,128,2688,6,2,0,2,16.983900648599157,2496,0.06939733333333334,17.05329798193249,17.05329798193249,17.071231315265823,17.0889790685207,17.115450504067574,20.434843649528887,0.13154985546841758,3.4509430009297297,0.0,0.0,0.017747753254877097,0.026471435546874034
231,17.056682182444614,64,832,8,2,0,2,17.056682182444614,576,0.0816071111111111,17.138289293555726,17.138289293555726,17.145911515777946,17.168394840005075,17.194654410317575,18.842294658643468,0.13797222787296093,1.7856124761988532,0.0,0.0,0.022483324227128065,0.026259570312500813
232,17.057386044674363,64,4288,15,4,0,4,17.057386044674363,4096,0.07419733333333334,17.131583378007697,17.131583378007697,17.15840560022992,17.172143090795412,17.198330834936037,18.850672696915204,0.14094479026167406,1.793286652240841,0.0,0.0,0.013737490565493005,0.026187744140624858
233,17.06784385212811,96,2176,122,7,0,,17.59692909445402,256,0.5478613333333333,18.144790427787353,18.144790427787353,18.159879316676243,18.18223085701054,18.208463604406376,20.682050437088677,1.1406197522782655,3.6142065849605665,0.5290852423259089,0.0,0.022351540334298647,0.026232747395834366
234,17.135654384568184,96,896,4,0,0,0,17.135654384568184,704,0.06402133333333333,17.199675717901517,17.199675717901517,17.207653495679295,17.226676909724727,17.25286203807294,19.75212671441223,0.11720765350475659,2.616472329844047,0.0,0.0,0.019023414045431508,0.026185128348213738
235,17.249599720635768,128,4352,63,6,0,6,17.249599720635768,4160,0.07438933333333334,17.3239890539691,17.3239890539691,17.351166831746877,17.35362348435939,17.380097361312515,20.71581180126168,0.1304976406767473,3.466212080625912,0.0,0.0,0.0024566526125120447,0.026473876953126307
236,17.27782782376343,64,4096,0,4,0,1,17.27782782376343,0,1.1580657777777779,18.43589360154121,18.43589360154121,18.461649157096765,18.48212844235791,18.50849816892041,20.152545011368325,1.2306703451569803,2.874717187604894,0.0,0.0,0.020479285261146174,0.026369726562499807
237,17.27984813187348,96,2304,14,0,0,0,17.27984813187348,2112,0.06824533333333334,17.348093465206812,17.348093465206812,17.36389346520681,17.383795004032766,17.409975179814015,19.90979066297994,0.13012704794053676,2.6299425311064617,0.0,0.0,0.019901538825955356,0.026180175781249204
238,17.29575036476975,64,2368,14,2,1,0,17.29575036476975,256,0.6017706666666667,17.897521031436415,17.897521031436415,17.913676586991972,17.930120621255078,17.956374771645702,19.600378364000612,0.6606244068759537,2.3046279992308634,0.0,0.0,0.016444034263106033,0.026254150390624176
239,17.297088859376228,96,4288,39,3,0,3,17.297088859376228,4096,0.07419733333333334,17.37128619270956,17.37128619270956,17.398108414931784,17.423070974221126,17.44928616674345,19.93830308452618,0.1521973073672207,2.6412142251499517,0.0,0.0,0.024962559289342323,0.026215192522322184
240,17.327006482910676,160,1664,0,1,0,1,17.327006482910676,1536,0.04854755555555555,17.37555403846623,17.37555403846623,17.387798482910675,17.389664749985688,17.41552203235176,21.532727498109963,0.08851554944108386,4.205721015199288,0.0,0.0,0.0018662670750124732,0.0258572823660721
241,17.332720552913386,160,2240,38,6,1,4,17.332720552913386,256,0.5658311111111111,17.8985516640245,17.8985516640245,17.913996108468943,17.93735605271877,17.96383408006252,22.122263228903044,0.6311135271491324,4.789542675989658,0.0,0.0,0.023359944249826015,0.02647802734374949
242,17.34132550239311,64,1664,0,1,0,1,17.37555403846623,1536,0.04854755555555555,17.424101594021785,17.424101594021785,17.43634603846623,17.44137980299908,17.467235011332413,19.09847529714524,0.12590950893930142,1.7571497947521273,0.03422853607311893,0.0,0.005033764532850427,0.02585520833333277
243,17.342606135557137,160,256,11,3,0,1,17.37128619270956,0,0.07987911111111111,17.451165303820673,17.451165303820673,17.455587526042894,17.47550184754702,17.50158162049624,21.67015839051576,0.15897548493910207,4.327552254958622,0.02868005715242461,0.0,0.019914321504124644,0.02607977294922037
244,17.500630183588683,96,1152,117,7,0,,18.144790427787353,256,0.2603448888888889,18.40513531667624,18.40513531667624,18.41453531667624,18.418343161698044,18.444411643143358,20.915367526932428,0.9437814595546747,3.414737343343745,0.6441602441986696,0.0,0.0038078450218037574,0.026068481445314262
245,17.505950655477747,128,4480,19,0,1,2,17.505950655477747,256,1.1947733333333332,18.70072398881108,18.70072398881108,18.72861287769997,18.74737059462056,18.77381183811014,22.109694878474727,1.2678611826323944,4.60374422299698,0.0,0.0,0.018757716920589473,0.026441243489582433
246,17.578509096395052,96,512,9,5,0,1,17.63231500227058,0,0.15175822222222224,17.784073224492804,17.784073224492804,17.78991766893725,17.812566045500844,17.838327471282096,20.309891106535986,0.2598183748870433,2.7313820101409334,0.053805905875528026,0.0,0.022648376563594752,0.02576142578125129
247,17.676159140601325,160,1152,25,4,0,,18.43589360154121,256,0.2603448888888889,18.696238490430098,18.696238490430098,18.705638490430097,18.71947355954541,18.745712410456868,22.841274527969887,1.0695532698555432,5.165115387368562,0.7597344609398853,0.0,0.013835069115312848,0.026238850911457945
248,17.763350407741125,160,896,8,2,0,2,17.897521031436415,704,0.06402133333333333,17.96154236476975,17.96154236476975,17.969520142547527,17.98262941031758,18.008767733420257,22.154497472073537,0.24541732567913144,4.3911470643324115,0.1341706236952902,0.0,0.013109267770051503,0.026138323102678385
249,17.7736064852799,160,1280,37,6,0,6,17.8985516640245,1024,0.0829511111111111,17.98150277513561,17.98150277513561,17.99161388624672,18.01679159959377,18.04314902146877,22.200442183981167,0.26954253618887236,4.426835698701268,0.12494517874459987,0.0,0.025177713347048325,0.026357421875001563
250,17.787923719247004,160,2368,18,1,0,1,17.787923719247004,2176,0.06843733333333334,17.856361052580336,17.856361052580336,17.872516608135893,17.880983895260986,17.906866121823487,22.026446625418203,0.11894240257648292,4.238522906171198,0.0,0.0,0.008467287125093037,0.025882226562501387
251,17.924332995586767,160,4352,71,5,0,5,17.924332995586767,4160,0.07438933333333334,17.9987223289201,17.9987223289201,18.025900106697875,18.044436455657095,18.070428805917512,22.221630947960836,0.14609581033074548,4.29729795237407,0.0,0.0,0.01853634895921985,0.025992350260416686
252,17.95033328747566,64,4352,147,3,1,0,17.95033328747566,256,1.1588337777777777,19.109167065253438,19.109167065253438,19.136344843031214,19.147747135632954,19.173929386609515,20.832647973849095,1.2235960991338537,2.8823146863734337,0.0,0.0,0.011402292601740527,0.026182250976560795
253,18.16509520700733,64,2240,158,5,0,,18.16509520700733,256,0.5658311111111111,18.730926318118442,18.730926318118442,18.746370762562886,18.74640129940709,18.772419435567805,20.414780429452655,0.6073242285604756,2.2496852224453256,0.0,0.0,3.053684420351033e-05,0.026018136160715244
254,18.263455763704478,64,704,40,2,1,7,18.263455763704478,256,0.13455644444444445,18.398012208148923,18.398012208148923,18.404923319260035,18.427047309313114,18.45290598676847,20.095015524528886,0.18945022306399295,1.8315597608244083,0.0,0.0,0.022123990053078302,0.025858677455357082
255,18.384211398753223,160,1280,13,6,1,7,18.384211398753223,256,0.29628444444444446,18.68049584319767,18.68049584319767,18.69060695430878,18.702439874333358,18.72872461205657,22.881709273824917,0.3445132133033475,4.497497875071694,0.0,0.0,0.011832920024577476,0.026284737723212714
256,18.518608787155003,96,4736,3,2,0,2,18.518608787155003,4544,0.07554133333333334,18.594150120488337,18.594150120488337,18.623461231599446,18.633930400830966,18.659974224073153,21.141244867906867,0.14136543691815007,2.622636080751864,0.0,0.0,0.01046916923151997,0.026043823242186903
257,18.53642313515972,128,896,16,1,1,5,18.53642313515972,256,0.1884657777777778,18.724888912937498,18.724888912937498,18.732866690715277,18.73590953539234,18.761792685933205,22.05240186630362,0.22536955077348608,3.5159787311438997,0.0,0.0,0.0030428446770649487,0.025883150540863653
258,18.54137429654261,128,2176,134,7,0,,18.54137429654261,256,0.5478613333333333,19.089235629875944,19.089235629875944,19.104324518764834,19.12309454516159,19.149281068599088,22.450063815994927,0.6079067720564773,3.9086895194523166,0.0,0.0,0.018770026396754957,0.02618652343749872
259,18.755726928546824,160,1664,5,6,0,6,18.755726928546824,1408,0.0841031111111111,18.839830039657937,18.839830039657937,18.85207448410238,18.86015562489139,18.886383896375765,23.040305465231167,0.13065696782894065,4.284578536684343,0.0,0.0,0.008081140789009567,0.026228271484374233
260,18.871200369118633,64,1472,9,1,0,1,18.871200369118633,1216,0.08352711111111111,18.954727480229742,18.954727480229742,18.96590525800752,18.969009965113987,18.994902054957738,20.622592806466972,0.12370168583910512,1.7513924373483398,0.0,0.0,0.0031047071064662646,0.02589208984375091
261,18.94111263292594,160,1216,85,5,0,5,18.94111263292594,1024,0.06498133333333334,19.00609396625927,19.00609396625927,19.01584952181483,19.0326276526437,19.058597440241357,23.216050006624343,0.11748480731541733,4.274937373698403,0.0,0.0,0.016778130828871696,0.025969787597656335
262,19.031499184698013,128,1344,37,6,0,6,19.031499184698013,1152,0.06536533333333333,19.096864518031346,19.096864518031346,19.107331184698012,19.122460312391393,19.148629366210837,22.461785445699917,0.11713018151282384,3.4302862610019034,0.0,0.0,0.01512912769338115,0.026169053819444343
263,19.080685034290696,64,1344,13,1,1,6,19.080685034290696,256,0.3142542222222222,19.394939256512917,19.394939256512917,19.405405923179583,19.408373278916073,19.434114392197323,21.063757714827926,0.3534293579066272,1.98307268053723,0.0,0.0,0.002967355736490873,0.025741113281249284
264,19.15114253209517,96,2176,26,7,0,,19.15114253209517,256,0.5478613333333333,19.699003865428505,19.699003865428505,19.714092754317395,19.72102114021367,19.746974753494918,22.216258640213677,0.5958322213997462,3.065116108118506,0.0,0.0,0.006928385896273426,0.025953613281249233
265,19.15674676179339,64,512,13,5,0,1,19.15674676179339,0,0.15175822222222224,19.308504984015613,19.308504984015613,19.31434942846006,19.31858170189035,19.344511633530974,20.990498691171407,0.18776487173758483,1.8337519293780176,0.0,0.0,0.004232273430289979,0.025929931640625625
266,19.235688143086744,64,2176,1,1,0,1,19.394939256512917,1984,0.06786133333333334,19.46280058984625,19.46280058984625,19.47788947873514,19.485598083603573,19.511378161728572,21.14201464842168,0.2756900186418285,1.9063265053349348,0.1592511134261727,0.0,0.007708604868433611,0.02578007812499905
267,19.245089089431442,128,4224,151,3,0,,19.245089089431442,256,1.1228942222222222,20.367983311653663,20.367983311653663,20.39444997832033,20.40917271343243,20.435636255099094,23.781203480964056,1.1905471656676525,4.536114391532614,0.0,0.0,0.014722735112098206,0.02646354166666498
268,19.25753307653876,64,2496,10,6,0,6,19.25753307653876,2304,0.06882133333333333,19.326354409872092,19.326354409872092,19.343221076538757,19.357999374891392,19.38417735340702,21.02827711004144,0.12664427686825874,1.7707440335026803,0.0,0.0,0.014778298352634778,0.02617797851562642
269,19.302990915192357,128,1664,0,1,0,1,19.46280058984625,1536,0.04854755555555555,19.511348145401804,19.511348145401804,19.52359258984625,19.537158728134823,19.562942641487098,22.856982703977224,0.25995172629474084,3.5539917887848667,0.15980967465389284,0.0,0.013566138288574336,0.025783913352274368
270,19.325677696040735,64,2176,1,0,1,1,19.325677696040735,1728,0.13897244444444445,19.46465014048518,19.46465014048518,19.47973902937407,19.489072026912226,19.515498784724727,21.166634657120564,0.18982108868399195,1.8409569610798293,0.0,0.0,0.009332997538155752,0.026426757812501478
271,19.341691120030838,96,1152,145,4,0,,19.341691120030838,256,0.2603448888888889,19.602036008919725,19.602036008919725,19.611436008919725,19.63282162269645,19.65881470537874,22.099389542618326,0.31712358534790397,2.757698422587488,0.0,0.0,0.021385613776725876,0.025993082682290947
272,19.346192817371534,160,1664,0,2,1,1,19.346192817371534,960,0.20854755555555557,19.55474037292709,19.55474037292709,19.566984817371534,19.57425657270597,19.600378364000612,23.746537734350326,0.25418554662907766,4.400344916978792,0.0,0.0,0.007271755334436136,0.026121791294642094
273,19.371346888004002,96,3200,2,5,0,5,19.371346888004002,3008,0.07093333333333333,19.442280221337334,19.442280221337334,19.46305799911511,19.474111277783205,19.500186054568918,21.986625995393876,0.12883916656491579,2.615279107389874,0.0,0.0,0.01105327866809347,0.026074776785712572
274,19.422147297630225,160,1216,25,0,1,4,19.46465014048518,256,0.27831466666666665,19.742964807151846,19.742964807151846,19.752720362707404,19.778607508683063,19.804866908097125,23.965713107641395,0.38271961046689995,4.54356581001117,0.04250284285495454,0.0,0.02588714597565911,0.0262593994140623
275,19.549414796918725,128,960,8,2,0,2,19.55474037292709,768,0.06421333333333333,19.618953706260424,19.618953706260424,19.627287039593757,19.652601671292278,19.678622109350314,22.990168942497647,0.12920731243158912,3.4407541455789215,0.005325576008363697,0.0,0.025314631698520884,0.026020438058036888
276,19.570530716170033,160,4288,119,6,1,7,19.570530716170033,256,1.140864,20.711394716170034,20.711394716170034,20.738216938392256,20.741688591626264,20.76773965189412,24.97245821588221,1.1972089357240883,5.401927499712176,0.0,0.0,0.0034716532340084427,0.026051060267857196
277,19.582551962777636,64,3200,2,5,0,5,19.582551962777636,3072,0.05315555555555555,19.63570751833319,19.63570751833319,19.65648529611097,19.65664496918945,19.682783702099606,21.33206159807245,0.10023173932196983,1.7495096352948138,0.0,0.0,0.00015967307848185897,0.026138732910155227
278,19.63767775730811,160,1664,0,1,1,2,19.63767775730811,1536,0.04854755555555555,19.686225312863666,19.686225312863666,19.69846975730811,19.71765637550698,19.743445804217917,23.867343381060557,0.10576804690980524,4.229665623752446,0.0,0.0,0.019186618198869354,0.02578942871093659
279,19.65227058814525,96,2240,26,4,1,7,19.65227058814525,256,0.5658311111111111,20.218101699256362,20.218101699256362,20.233546143700806,20.255462980118324,20.281266300430826,22.713748526993328,0.628995712285576,3.0614779388480784,0.0,0.0,0.021916836417517516,0.025803320312501654
280,19.692022397307486,160,2176,1,0,0,0,19.742964807151846,2048,0.050083555555555555,19.793048362707403,19.793048362707403,19.808137251596293,19.83112679579244,19.85734759657369,24.018122078065502,0.16532519926620282,4.326099680758016,0.05094240984436027,0.0,0.02298954419614674,0.026220800781249665
281,19.755094479343118,96,2304,26,7,1,4,19.755094479343118,2048,0.0860231111111111,19.84111759045423,19.84111759045423,19.856917590454227,19.87675014411992,19.902740378494922,22.372289401932427,0.14764589915180437,2.6171949225893094,0.0,0.0,0.01983255366569381,0.025990234375001364
282,19.852004796918855,128,4096,5,3,0,6,20.367983311653663,0,1.1580657777777779,21.526049089431442,21.526049089431442,21.551804644986998,21.564441919161595,21.59087030457826,24.949939906745307,1.7388655076594048,5.097935109826452,0.5159785147348082,0.0,0.01263727417459748,0.026428385416664923
283,19.936896615276343,64,2432,18,1,0,1,19.936896615276343,2240,0.06862933333333333,20.005525948609677,20.005525948609677,20.022037059720788,20.027487219345762,20.053344463663944,21.68871005315258,0.11644784838760103,1.751813437876237,0.0,0.0,0.0054501596249743045,0.025857244318181927
284,19.998194255193106,128,2176,1,0,0,0,19.998194255193106,2048,0.050083555555555555,20.04827781074866,20.04827781074866,20.06336669963755,20.06720716688619,20.093409901261193,23.41972811415181,0.09521564606808752,3.4215338589587034,0.0,0.0,0.003840467248640067,0.026202734375001313
285,20.015762353040053,128,1408,73,7,1,4,20.015762353040053,256,0.332224,20.347986353040053,20.347986353040053,20.358808575262277,20.370648093338673,20.3965956031043,23.71213022224493,0.38083325006424573,3.6963678692048774,0.0,0.0,0.01183951807639616,0.025947509765625654
286,20.22776490953116,128,1216,81,2,1,4,20.22776490953116,256,0.27831466666666665,20.506079576197827,20.506079576197827,20.515835131753384,20.539237985466386,20.56525344770597,23.876971955890504,0.33748853817481006,3.6492070463593436,0.0,0.0,0.023402853713001548,0.026015462239584508
287,20.254861012661003,96,704,28,3,0,,21.526049089431442,256,0.13455644444444445,21.660605533875888,21.660605533875888,21.667516644987,21.67015839051576,21.696635604057427,24.203875941901558,1.441774591396424,3.9490149292405547,1.2711880767704393,0.0,0.0026417455287592873,0.026477213541667766
288,20.271120165638315,160,1792,5,0,1,6,20.271120165638315,1280,0.15559822222222222,20.426718387860536,20.426718387860536,20.439673943416093,20.46029945204244,20.486453667537234,24.647440437440505,0.2153335018989182,4.376320271802189,0.0,0.0,0.020625508626348932,0.0261542154947918
289,20.37056532070686,128,512,0,4,0,1,20.37056532070686,0,0.15175822222222224,20.522323542929083,20.522323542929083,20.52816798737353,20.53781092933707,20.56335633949332,23.808808707657388,0.19279101878646188,3.4382433869505284,0.0,0.0,0.009642941963541318,0.025545410156251336
290,20.46460928884668,160,704,64,3,0,,21.660605533875888,256,0.13455644444444445,21.795161978320333,21.795161978320333,21.802073089431445,21.802549341036595,21.828745019747533,26.034271124193225,1.364135730900852,5.569661835346544,1.1959962450292068,0.0,0.0004762516051499688,0.026195678710937642
291,20.522899966181157,128,4800,3,2,0,2,20.522899966181157,4608,0.07573333333333333,20.59863329951449,20.59863329951449,20.628299966181157,20.64330276411222,20.669509655853293,23.981685172036336,0.14660968967213606,3.458785205855179,0.0,0.0,0.015002797931064293,0.02620689174107227
292,20.587682525156527,64,768,36,5,0,5,20.587682525156527,576,0.06363733333333334,20.65131985848986,20.65131985848986,20.658586525156526,20.677235019296408,20.703337639739114,22.351464234791194,0.11565511458258726,1.7637817096346673,0.0,0.0,0.018648494139881677,0.026102620442706836
293,20.63154998636791,64,2496,18,1,0,1,20.63154998636791,2304,0.06882133333333333,20.700371319701244,20.700371319701244,20.71723798636791,20.726185335763848,20.75212017734371,22.390258203109173,0.12057019097579769,1.7587082167412618,0.0,0.0,0.008947349395938886,0.025934841579861256
294,20.733005527070784,128,4864,3,0,1,2,20.733005527070784,256,1.302592,22.035597527070784,22.035597527070784,22.065619749293006,22.08329969618306,22.109694878474727,25.43972993939363,1.376689351403943,4.7067244123228456,0.0,0.0,0.017679946890055476,0.026395182291665265
295,20.771399844756598,64,1664,0,1,0,1,20.771399844756598,1536,0.04854755555555555,20.819947400312152,20.819947400312152,20.832191844756597,20.85586442647565,20.88178923116315,22.519898719602228,0.1103893864065526,1.7484988748456303,0.0,0.0,0.02367258171905462,0.025924804687498693
296,20.781421394678762,128,4608,11,1,0,1,20.819947400312152,4352,0.09293511111111111,20.912882511423263,20.912882511423263,20.941482511423263,20.95956657491315,20.98561362746997,24.28246452518878,0.20419223279120757,3.5010431305100163,0.038526005633389815,0.0,0.018084063489887114,0.026047052556819494
297,20.957291277046558,64,640,104,4,0,,20.957291277046558,256,0.11658666666666667,21.073877943713224,21.073877943713224,21.08043349926878,21.101555558243323,21.12713173011832,22.73921886390739,0.16984045307176387,1.7819275868608315,0.0,0.0,0.021122058974544444,0.02557617187499872
298,21.16471139213279,64,2176,1,5,1,0,21.16471139213279,1856,0.10341688888888889,21.26812828102168,21.26812828102168,21.28321716991057,21.30581802710891,21.33206159807245,22.979358670128807,0.167350205939659,1.8146472779960163,0.0,0.0,0.02260085719833782,0.026243570963540463
299,21.182866258944195,160,768,28,1,1,3,21.182866258944195,256,0.15252622222222223,21.335392481166416,21.335392481166416,21.342659147833082,21.35071495224112,21.37673321395987,25.495305494451724,0.1938669550156753,4.312439235507529,0.0,0.0,0.008055804408037659,0.026018261718750324
300,21.251196787775477,128,2176,1,5,0,5,21.26812828102168,2048,0.050083555555555555,21.318211836577238,21.318211836577238,21.333300725466128,21.3582357191662,21.384391643645365,24.719194398365417,0.13319485586988833,3.46799761058994,0.016931493246204354,0.0,0.024934993700071573,0.02615592447916626
301,21.26578284594484,128,1664,0,1,0,1,21.335392481166416,1536,0.04854755555555555,21.38394003672197,21.38394003672197,21.396184481166415,21.40275196395987,21.428752407851913,24.72101454689017,0.16296956190707235,3.4552317009453297,0.0696096352215747,0.0,0.0065674827934536495,0.0260004438920447
302,21.40260220506757,96,1664,0,1,0,1,21.40260220506757,1536,0.04854755555555555,21.451149760623125,21.451149760623125,21.46339420506757,21.480754760479755,21.506740885154233,23.971025021685556,0.10413868008666327,2.5684228166179857,0.0,0.0,0.01736055541218562,0.02598612467447836
303,21.50521011506882,128,4224,91,7,0,,21.50521011506882,256,1.1228942222222222,22.62810433729104,22.62810433729104,22.65457100395771,22.65588998786993,22.68228647224493,26.07770514086472,1.1770763571761087,4.572495025795899,0.0,0.0,0.0013189839122205171,0.026396484374998863
304,21.547559068031397,96,2560,10,6,0,6,21.547559068031397,2368,0.06901333333333334,21.61657240136473,21.61657240136473,21.633794623586954,21.65299195379144,21.6790584297959,24.18911723280929,0.13149936176450439,2.6415581647778943,0.0,0.0,0.01919733020448433,0.026066476004462658
305,21.64586999573707,96,1216,45,4,1,0,21.64586999573707,256,0.27831466666666665,21.924184662403736,21.924184662403736,21.933940217959293,21.945827042618323,21.9714195719152,24.39767223304801,0.32554957617812974,2.7518022373109403,0.0,0.0,0.011886824659029571,0.025592529296876165
306,21.659180247535353,160,3200,2,5,0,5,21.659180247535353,3072,0.05315555555555555,21.71233580309091,21.71233580309091,21.733113580868686,21.750625855884948,21.776846140483162,25.955677747974796,0.11766589294780871,4.296497500439443,0.0,0.0,0.01751227501626218,0.026220284598213794
307,21.68642805458634,128,2432,14,2,0,2,21.68642805458634,2240,0.06862933333333333,21.755057387919674,21.755057387919674,21.771568499030785,21.79035619603187,21.816363113349578,25.123930093911337,0.12993505876323752,3.437502039324997,0.0,0.0,0.01878769700108407,0.026006917317708655
308,21.986906730757244,160,832,36,5,0,5,21.986906730757244,640,0.06382933333333334,22.05073606409058,22.05073606409058,22.0583582863128,22.065109149690752,22.091163209400573,26.269272572193547,0.10425647864332888,4.282365841436302,0.0,0.0,0.0067508633779524985,0.02605405970982133
309,22.04379415301491,160,3200,2,5,0,5,22.05073606409058,3072,0.05315555555555555,22.103891619646134,22.103891619646134,22.12466939742391,22.143272793663964,22.169391690148338,26.348447376881047,0.12559753713342658,4.304653223866136,0.006941911075667662,0.0,0.018603396240052916,0.026118896484373266
310,22.087731340563465,128,1280,21,1,0,1,22.087731340563465,1088,0.06517333333333333,22.1529046738968,22.1529046738968,22.16301578500791,22.182470225678617,22.20844201387306,25.495305494451724,0.1207106733095955,3.407574153888259,0.0,0.0,0.019454440670706674,0.025971788194443235
311,22.090882811785047,64,4352,43,3,0,3,22.090882811785047,4160,0.07438933333333334,22.16527214511838,22.16527214511838,22.192449922896156,22.195535791231908,22.22192319357566,23.88724644971406,0.13104038179061206,1.7963636379290122,0.0,0.0,0.0030858683357521954,0.02638740234375092
312,22.180047555953273,160,4096,9,3,0,1,22.180047555953273,0,1.1580657777777779,23.33811333373105,23.33811333373105,23.363868889286607,23.383452295138163,23.409960107638163,27.63480497835989,1.2299125516848903,5.454757422406619,0.0,0.0,0.019583405851555824,0.026507812500000227
313,22.255265553551908,160,2496,14,2,0,2,22.255265553551908,2304,0.06882133333333333,22.32408688688524,22.32408688688524,22.340953553551905,22.36341817519854,22.389552371162083,26.523428272157247,0.13428681761017458,4.268162718605339,0.0,0.0,0.022464621646633987,0.02613419596354305
314,22.2973782668015,96,3200,2,5,0,5,22.2973782668015,3072,0.05315555555555555,22.350533822357054,22.350533822357054,22.37131160013483,22.37752600236932,22.403659721677354,24.904203919849795,0.10628145487585527,2.606825653048297,0.0,0.0,0.006214402234487437,0.026133719308035097
315,22.297474169887106,128,1600,9,1,0,1,22.297474169887106,1344,0.0839111111111111,22.381385280998217,22.381385280998217,22.393274169887107,22.41619960935917,22.44212365449806,25.728097877264222,0.14464948461095517,3.4306237073771157,0.0,0.0,0.022925439472064824,0.025924045138889795
316,22.353113526171573,128,4224,51,7,0,,22.62810433729104,256,1.1228942222222222,23.750998559513263,23.750998559513263,23.77746522617993,23.79337778083868,23.820450778885554,27.19799358487514,1.4673372527139819,4.844880058703566,0.2749908111194692,0.0,0.015912554658747524,0.027072998046875796
317,22.559074645533283,96,1664,0,1,0,1,22.559074645533283,1536,0.04854755555555555,22.607622201088837,22.607622201088837,22.619866645533282,22.623646766477226,22.649571028630003,25.108140751317258,0.09049638309672048,2.549066105783975,0.0,0.0,0.0037801209439436434,0.025924262152777544
318,22.699241831243413,160,4224,79,7,0,,23.750998559513263,256,1.1228942222222222,24.873892781735485,24.873892781735485,24.900359448402153,24.903771091385554,24.930853936437636,29.08291492044062,2.2316121051942233,6.383673089197206,1.0517567282698508,0.0,0.003411642983401464,0.027082845052081694
319,22.724368352264865,160,4416,71,5,0,5,22.724368352264865,4224,0.07458133333333333,22.7989496855982,22.7989496855982,22.826483018931533,22.84800765694521,22.87427688301943,27.0589859510998,0.14990853075456556,4.334617598834935,0.0,0.0,0.021524638013676878,0.026269226074219887
320,22.74592349185022,160,896,12,2,0,2,22.74592349185022,704,0.06402133333333333,22.809944825183553,22.809944825183553,22.817922602961332,22.83390840957354,22.85995061102443,26.985016651063496,0.11402711917421016,4.239093159213276,0.0,0.0,0.015985806612206943,0.026042201450891866
321,22.767780873798145,64,1216,33,1,0,1,22.767780873798145,1024,0.06498133333333334,22.832762207131477,22.832762207131477,22.842517762687034,22.856982703977224,22.88288011066125,24.51453993751517,0.11509923686310586,1.7467590637170254,0.0,0.0,0.01446494129018916,0.025897406684027402
322,22.95710446087675,64,960,4,0,0,0,22.95710446087675,768,0.06421333333333333,23.021317794210084,23.021317794210084,23.029651127543417,23.054095464412228,23.080208908422644,24.726289753846757,0.12310444754589511,1.7691852929700076,0.0,0.0,0.02444433686881098,0.026113444010416487
323,23.128700675309677,96,2176,1,5,0,5,23.128700675309677,2048,0.050083555555555555,23.178784230865233,23.178784230865233,23.193873119754123,23.216050006624343,23.242407288990414,25.745931263599793,0.11370661368073698,2.6172305882901163,0.0,0.0,0.022176886870219903,0.026357282366070933
324,23.227378084441455,64,960,12,2,0,2,23.227378084441455,768,0.06421333333333333,23.29159141777479,23.29159141777479,23.299924751108122,23.303770504997647,23.32981172988604,24.967527261880086,0.10243364544458444,1.7401491774386315,0.0,0.0,0.0038457538895251275,0.026041224888391667
325,23.42660235838892,96,1024,4,0,0,0,23.42660235838892,832,0.06440533333333334,23.491007691722253,23.491007691722253,23.49969658061114,23.52420838758931,23.55022612847473,26.04626102663321,0.12362377008581049,2.6196586682442913,0.0,0.0,0.02451180697817179,0.026017740885418306
326,23.43707054374766,160,1088,4,0,0,0,23.491007691722253,896,0.06459733333333334,23.555605025055584,23.555605025055584,23.56464946950003,23.576244357641396,23.60219343688247,27.79068295859935,0.16512289313481077,4.353612414851693,0.05393714797459381,0.0,0.011594888141367221,0.025949079241073036
327,23.491573232800814,160,4224,87,6,0,,23.491573232800814,256,1.1228942222222222,24.614467455023036,24.614467455023036,24.640934121689703,24.65086479140304,24.67797904921554,28.896286731507214,1.1864058164147266,5.4047134987064,0.0,0.0,0.009930669713337892,0.02711425781249943
328,23.63670686085592,96,4288,55,3,0,3,23.63670686085592,4096,0.07419733333333334,23.710904194189254,23.710904194189254,23.737726416411476,23.754606103731913,23.781203480964056,26.301936326016143,0.1444966201081357,2.6652294651602233,0.0,0.0,0.01687968732043643,0.02659737723214306
329,23.713721365152306,128,2560,14,2,0,2,23.713721365152306,2368,0.06901333333333334,23.78273469848564,23.78273469848564,23.799956920707864,23.824767226537826,23.85086934707354,27.139073975282248,0.13714798192123467,3.4253526101299414,0.0,0.0,0.024810305829962687,0.02610212053571459
330,23.824952666590367,96,4928,3,0,0,0,23.824952666590367,4736,0.07611733333333334,23.9010699999237,23.9010699999237,23.931447777701475,23.939575900610144,23.965713107641395,26.47072274538321,0.1407604410510288,2.645770078792843,0.0,0.0,0.008128122908669155,0.02613720703125111
331,23.901910545093894,96,2560,18,1,0,1,23.901910545093894,2368,0.06901333333333334,23.97092387842723,23.97092387842723,23.988146100649452,23.99695554623913,24.022926432469596,26.478124145809048,0.12101588737570168,2.5762136007151533,0.0,0.0,0.008809445589676557,0.025970886230467727
332,23.989693938567505,128,1472,13,1,0,1,23.989693938567505,1216,0.08352711111111111,24.073221049678615,24.073221049678615,24.084398827456393,24.100842020848503,24.126786628053363,27.40736749827364,0.13709268948585773,3.4176735597061345,0.0,0.0,0.01644319339211009,0.025944607204859693
333,24.18793804117953,64,704,92,4,0,4,24.18793804117953,512,0.06344533333333334,24.251383374512866,24.251383374512866,24.258294485623978,24.27021251625114,24.295703483048012,25.901546500626132,0.10776544186848014,1.7136084594466006,0.0,0.0,0.011918030627160903,0.025490966796873238
334,24.19866743017864,64,512,100,7,0,,24.873892781735485,0,0.15175822222222224,25.02565100395771,25.02565100395771,25.031495448402154,25.039190199458467,25.06581666430222,26.727606670812637,0.8671492341235769,2.5289392406339957,0.6752253515568434,0.0,0.0076947510563130095,0.026626464843751307
335,24.215591489633653,96,1664,0,1,0,1,24.215591489633653,1536,0.04854755555555555,24.264139045189207,24.264139045189207,24.276383489633652,24.28246452518878,24.308245883695722,26.761929367800594,0.09265439406206966,2.5463378781669412,0.0,0.0,0.006081035555126846,0.02578135850694352
336,24.217134290854375,128,1664,0,1,0,1,24.264139045189207,1536,0.04854755555555555,24.31268660074476,24.31268660074476,24.324931045189206,24.334027730483918,24.35981308204642,27.639944702514715,0.14267879119204352,3.4228104116603397,0.0470047543348322,0.0,0.009096685294711193,0.025785351562500836
337,24.398681376734576,128,1664,0,1,0,1,24.398681376734576,1536,0.04854755555555555,24.44722893229013,24.44722893229013,24.459473376734575,24.46295937110892,24.48874941017142,27.769144610760762,0.09006803343684311,3.370463234026186,0.0,0.0,0.003485994374344159,0.02579003906249966
338,24.513429581006875,160,4224,159,4,0,,24.513429581006875,256,1.1228942222222222,25.636323803229097,25.636323803229097,25.662790469895764,25.665579947891757,25.691796500626133,29.898934799314752,1.1783669196192577,5.385505218307877,0.0,0.0,0.0027894779959929394,0.026216552734375398
339,24.67794003808001,96,1408,37,6,0,6,24.67794003808001,1216,0.06555733333333334,24.743497371413344,24.743497371413344,24.754319593635568,24.759324752340543,24.785964726298875,27.30091309869471,0.10802468821886535,2.622973060614701,0.0,0.0,0.005005158704975088,0.026639973958332064
340,24.70060258363271,128,4096,3,4,0,0,25.636323803229097,0,1.1580657777777779,26.794389581006875,26.794389581006875,26.82014513656243,26.822094840469884,26.84913658851676,30.1863974109219,2.148534004884052,5.48579482728919,0.9357212195963882,0.0,0.001949703907452971,0.027041748046876535
341,24.73690229260757,64,1664,0,1,0,1,24.73690229260757,1536,0.04854755555555555,24.785449848163125,24.785449848163125,24.79769429260757,24.798429423192253,24.82423601498913,26.452271340411322,0.08733372238155823,1.715369047803751,0.0,0.0,0.000735130584683219,0.025806591796875722
342,24.803618556776254,64,1856,5,0,0,0,24.803618556776254,1664,0.06690133333333334,24.870519890109588,24.870519890109588,24.8838310012207,24.88517769329988,24.91154536908113,26.575937589133208,0.10792681230487489,1.772319032356954,0.0,0.0,0.0013466920791813664,0.026367675781248323
343,24.832951592967387,160,4096,77,6,0,0,24.832951592967387,0,1.1580657777777779,25.991017370745165,25.991017370745165,26.01677292630072,26.02803438775721,26.05463399713221,30.270945764710337,1.2216824041648238,5.43799417174295,0.0,0.0,0.01126146145648832,0.026599609375001165
344,24.946165732604857,128,256,7,4,0,1,26.794389581006875,0,0.07987911111111111,26.874268692117987,26.874268692117987,26.878690914340208,26.903221549454262,26.92962535804801,30.26422869347398,1.9834596254431531,5.318062960869124,1.848223848402018,0.0,0.024530635114054178,0.02640380859374858
345,25.03975368027114,96,2048,26,6,0,7,25.991017370745165,0,0.5830328888888889,26.574050259634056,26.574050259634056,26.588428037411834,26.613338586975964,26.63979635064784,29.160802502991586,1.6000426703766983,4.1210488227204465,0.9512636904740255,0.0,0.024910549564129525,0.0264577636718748
346,25.10320981120943,96,1664,0,1,0,1,25.10320981120943,1536,0.04854755555555555,25.151757366764986,25.151757366764986,25.16400181120943,25.18556392840059,25.211373010431842,27.665784860159803,0.10816319922241036,2.5625750489503716,0.0,0.0,0.021562117191159302,0.025809082031251762
347,25.134206466126987,96,2240,30,3,0,3,25.134206466126987,2048,0.06805333333333334,25.20225979946032,25.20225979946032,25.217704243904766,25.24163684684947,25.26805090934947,27.793357224453644,0.13384444322248257,2.659150758326657,0.0,0.0,0.02393260294470423,0.02641406249999889
348,25.18398659741664,128,5056,3,0,0,0,25.18398659741664,4800,0.0942791111111111,25.27826570852775,25.27826570852775,25.30935459741664,25.33349458783113,25.36005269329988,28.716427113175243,0.17606609588323963,3.5324405157586014,0.0,0.0,0.024139990414489887,0.02655810546875159
349,25.22866435493484,128,1664,0,1,0,1,25.22866435493484,1536,0.04854755555555555,25.277211910490394,25.277211910490394,25.28945635493484,25.31461422136934,25.340425833585247,28.623120401043067,0.11176147865040775,3.3944560461082283,0.0,0.0,0.02515786643450113,0.02581161221590733
350,25.238837296659927,128,2176,102,6,0,,26.574050259634056,256,0.5478613333333333,27.12191159296739,27.12191159296739,27.13700048185628,27.142586633850964,27.168973157288463,30.533642419983774,1.9301358606285355,5.294805123323847,1.3352129629741292,0.0,0.005586151994684485,0.026386523437498255
351,25.261963033585154,128,256,141,5,0,,25.261963033585154,0,0.07987911111111111,25.341842144696265,25.341842144696265,25.346264366918486,25.353008900318546,25.379200306568546,28.684473744068544,0.1172372729833917,3.4225107104833903,0.0,0.0,0.006744533400059538,0.026191406249999716
352,25.325929237774996,128,1152,49,2,0,,25.325929237774996,256,0.2603448888888889,25.586274126663884,25.586274126663884,25.595674126663884,25.618174397296755,25.644078327960816,28.906722840609632,0.3181490901858197,3.5807936028346354,0.0,0.0,0.022500270632871633,0.025903930664060937
353,25.34785796940246,64,1664,0,1,0,1,25.34785796940246,1536,0.04854755555555555,25.396405524958016,25.396405524958016,25.40864996940246,25.417863599920473,25.443677076482974,27.071727895444823,0.09581910708051211,1.7238699260423616,0.0,0.0,0.00921363051801194,0.02581347656250088
354,25.596625708011167,160,2432,22,0,0,0,25.596625708011167,2240,0.06862933333333333,25.6652550413445,25.6652550413445,25.681766152455612,25.70359761517488,25.729953409445713,29.92462576458893,0.13332770143454553,4.328000056577764,0.0,0.0,0.02183146271926617,0.026355794270834565
355,25.81640718623787,64,1216,145,2,1,4,25.81640718623787,256,0.27831466666666665,26.094721852904538,26.094721852904538,26.104477408460095,26.110432576007693,26.136281892413944,27.753556592469746,0.3198747061760727,1.9371494062318746,0.0,0.0,0.005955167547597284,0.025849316406251432
356,25.871016910124833,160,512,5,7,0,0,25.871016910124833,0,0.15175822222222224,26.022775132347057,26.022775132347057,26.028619576791503,26.051339125239718,26.07770514086472,30.191421186716656,0.20668823073988563,4.320404276591823,0.0,0.0,0.02271954844821522,0.026366015625001182
357,25.92605527387031,160,4224,123,3,0,,25.92605527387031,256,1.1228942222222222,27.048949496092533,27.048949496092533,27.0754161627592,27.099653611172393,27.126406540859893,31.32988038526094,1.200351266989582,5.403825111390628,0.0,0.0,0.024237448413192197,0.026752929687500426
358,25.98952222381153,128,1280,113,1,0,1,25.98952222381153,1088,0.06517333333333333,26.054695557144864,26.054695557144864,26.064806668255976,26.090336104260754,26.116188643323255,29.40103018749685,0.12666641951172508,3.4115079636853203,0.0,0.0,0.02552943600477775,0.025852539062501734
359,26.021804183139142,160,256,5,7,0,0,26.022775132347057,0,0.07987911111111111,26.10265424345817,26.10265424345817,26.10707646568039,26.130059388911594,26.156026674067842,30.269069624216655,0.13422249092869976,4.247265441077513,0.0009709492079146287,0.0,0.02298292323120421,0.025967285156248465
360,26.051745746118275,128,1664,9,1,0,1,26.054695557144864,1472,0.06632533333333333,26.121020890478196,26.121020890478196,26.13326533492264,26.142041670667005,26.167891457598824,29.452991247067164,0.11614571148054864,3.401245500948889,0.0029498110265890887,0.0,0.008776335744364872,0.025849786931818386
361,26.119198983062468,64,3200,2,5,0,5,26.119198983062468,3072,0.05315555555555555,26.172354538618023,26.172354538618023,26.1931323163958,26.216854505787296,26.243063294849797,27.889024281177925,0.12386431178732948,1.7698252981154567,0.0,0.0,0.02372218939149562,0.026208789062501125
362,26.171829907474585,96,1024,12,2,0,2,26.171829907474585,832,0.06440533333333334,26.23623524080792,26.23623524080792,26.244924129696805,26.265535798663944,26.291329337075403,28.726327821078385,0.11949942960081827,2.5544979136038,0.0,0.0,0.020611668967138286,0.025793538411459593
363,26.207662553035558,96,4096,0,4,0,1,26.874268692117987,0,1.1580657777777779,28.032334469895765,28.032334469895765,28.05809002545132,28.06545104164176,28.092020011368323,30.57645076378648,1.8843574583327651,4.368788210750921,0.6666061390824289,0.0,0.007361016190440495,0.02656896972656142
364,26.37471964800798,64,1152,65,4,0,,28.032334469895765,256,0.2603448888888889,28.292679358784653,28.292679358784653,28.302079358784653,28.304589347305825,28.330960538712073,29.977153270296895,1.9562408907040947,3.602433622288917,1.6576148218877869,0.0,0.002509988521172346,0.02637119140624833
365,26.385057030549515,96,1664,0,1,0,1,26.385057030549515,1536,0.04854755555555555,26.43360458610507,26.43360458610507,26.445849030549514,26.452271340411322,26.478124145809048,28.93424667808634,0.09306711525953304,2.5491896475368243,0.0,0.0,0.006422309861807918,0.02585280539772583
366,26.403561284072186,160,2176,74,3,0,,27.048949496092533,256,0.5478613333333333,27.596810829425866,27.596810829425866,27.611899718314756,27.63480497835989,27.661229132005726,31.85050616651094,1.25766784793354,5.446944882438753,0.6453882120203467,0.0,0.02290526004513538,0.02642415364583428
367,26.405824126115593,128,704,56,2,0,2,26.405824126115593,512,0.06344533333333334,26.469269459448928,26.469269459448928,26.47618057056004,26.49769522249207,26.523428272157247,29.78750320124022,0.11760414604165348,3.3816790751246266,0.0,0.0,0.02151465193202995,0.025733049665177532
368,26.426116531716975,160,832,28,1,0,1,26.43360458610507,640,0.06382933333333334,26.497433919438404,26.497433919438404,26.505056141660624,26.529742505184046,26.555515720738022,30.67390072985325,0.12939918902104708,4.2477841981362765,0.007488054388094412,0.0,0.024686363523422017,0.025773215553975604
369,26.42990730740428,128,2240,98,0,1,4,26.42990730740428,256,0.5658311111111111,26.995738418515394,26.995738418515394,27.01118286295984,27.02526994590404,27.051620165630602,30.396545639960955,0.6217128582263207,3.9666383325566734,0.0,0.0,0.014087082944200802,0.02635021972656304
370,26.4769735931325,160,2432,26,7,0,7,26.4769735931325,2176,0.0864071111111111,26.56338070424361,26.56338070424361,26.57989181535472,26.597545228755344,26.6235565406043,30.73408630715937,0.14658294747180278,4.257112714026871,0.0,0.0,0.017653413400623208,0.026011311848957774
371,26.496818477283632,64,2048,55,3,0,3,27.596810829425866,0,0.5830328888888889,28.179843718314757,28.179843718314757,28.194221496092535,28.218540818203643,28.24492623487031,29.907713181484894,1.748107757586677,3.4108947042012616,1.099992352142234,0.0,0.024319322111107766,0.026385416666666828
372,26.536181300239633,128,2624,18,1,0,1,26.536181300239633,2432,0.06920533333333334,26.605386633572966,26.605386633572966,26.622964411350743,26.632838297087453,26.658655639209847,29.947512934665045,0.12247433897021409,3.4113316344254123,0.0,0.0,0.009873885736709553,0.025817342122394393
373,26.542140321631354,64,2176,50,5,0,,26.542140321631354,256,0.5478613333333333,27.090001654964688,27.090001654964688,27.105090543853578,27.1107213026623,27.136654408131047,28.761944447193546,0.594514086499693,2.2198041255621916,0.0,0.0,0.0056307588087207705,0.025933105468748607
374,26.567944401077707,160,2048,43,5,0,3,27.090001654964688,0,0.5830328888888889,27.673034543853575,27.673034543853575,27.687412321631353,27.707306263599797,27.73326451555292,31.860687978629553,1.1653201144752146,5.292743577551846,0.522057253886981,0.0,0.019893941968444295,0.02595825195312429
375,26.649890025871002,96,1664,0,1,0,1,26.649890025871002,1536,0.04854755555555555,26.698437581426557,26.698437581426557,26.710682025871,26.736110595264535,26.761929367800594,29.219429894528098,0.11203934192959153,2.5695398686570954,0.0,0.0,0.025428569393532996,0.025818772536059242
376,26.70686631090824,96,2048,5,2,1,0,26.70686631090824,256,0.5119217777777778,27.21878808868602,27.21878808868602,27.233165866463796,27.241154053407246,27.266771045594748,29.709382665525933,0.5599047346865085,3.0025163546176934,0.0,0.0,0.00798818694345016,0.025616992187501353
377,26.736014013261396,160,1216,53,7,1,0,26.736014013261396,256,0.27831466666666665,27.014328679928063,27.014328679928063,27.02408423548362,27.041561944250137,27.067632663651178,31.166154422393745,0.3316186503897818,4.430140409132349,0.0,0.0,0.017477708766516997,0.026070719401040776
378,26.81239135191777,160,1024,8,1,1,2,26.81239135191777,256,0.22440533333333335,27.036796685251105,27.036796685251105,27.04548557413999,27.045931320925593,27.071727895444823,31.19165500009473,0.25933654352705204,4.379263648176959,0.0,0.0,0.00044574678560138636,0.02579657451923012
379,26.83939845568684,160,2176,1,1,1,5,27.036796685251105,2048,0.050083555555555555,27.08688024080666,27.08688024080666,27.10196912969555,27.123314728127117,27.14912951929298,31.269380541643027,0.3097310636061401,4.429982085956187,0.19739822956426423,0.0,0.021345598431565804,0.025814791165863937
380,27.03355147232941,160,5120,3,0,0,0,27.03355147232941,4928,0.07669333333333334,27.110244805662745,27.110244805662745,27.14168925010719,27.157025927349352,27.1836080562556,31.365512105502244,0.15005658392619026,4.331960633172834,0.0,0.0,0.01533667724216059,0.02658212890624867
381,27.046638034533743,160,640,140,0,0,,27.110244805662745,256,0.11658666666666667,27.226831472329412,27.226831472329412,27.233387027884966,27.23677377891185,27.263145523703518,31.443323140658496,0.2165074891697749,4.396685106124753,0.06360677112900248,0.0,0.003386751026884127,0.026371744791667595
382,27.06666285593628,128,1664,0,1,0,1,27.08688024080666,1536,0.04854755555555555,27.135427796362215,27.135427796362215,27.14767224080666,27.14912951929298,27.17494460020816,30.46641793806821,0.10828174427188131,3.3997550821319322,0.020217384870381494,0.0,0.0014572784863204902,0.025815080915180033
383,27.228249330949165,64,2176,1,1,0,1,27.228249330949165,2048,0.050083555555555555,27.27833288650472,27.27833288650472,27.29342177539361,27.304027329002803,27.329861638898638,28.960182957383214,0.10161230794947329,1.7319336264340492,0.0,0.0,0.010605553609192242,0.025834309895834906
384,27.24414107508736,64,2048,122,0,0,7,27.24414107508736,0,0.5830328888888889,27.82717396397625,27.82717396397625,27.841551741754028,27.843756493755603,27.870204410422268,29.52930422906066,0.6260633353349085,2.2851631539733006,0.0,0.0,0.0022047520015746613,0.02644791666666535
385,27.284071626977404,64,704,48,7,1,4,27.284071626977404,256,0.13455644444444445,27.41862807142185,27.41862807142185,27.42553918253296,27.430781573156388,27.456562009354304,29.08291492044062,0.17249038237689973,1.7988432934632144,0.0,0.0,0.005242390623426019,0.025780436197916146
386,27.287116728034707,96,1216,129,2,1,5,27.287116728034707,256,0.27831466666666665,27.565431394701374,27.565431394701374,27.57518695025693,27.599836377625998,27.625455192730165,30.07514675592772,0.3383384646954575,2.7880300278930115,0.0,0.0,0.0246494273690665,0.02561881510416697
387,27.377577711130762,96,4352,15,6,1,4,27.377577711130762,256,1.1588337777777777,28.53641148890854,28.53641148890854,28.563589266686318,28.576018567444713,28.602704895569712,31.112114587952522,1.22512718443895,3.7345368768217604,0.0,0.0,0.012429300758395101,0.026686328124998937
388,27.54259047808496,64,1664,0,1,0,1,27.54259047808496,1536,0.04854755555555555,27.591138033640515,27.591138033640515,27.60338247808496,27.614102710327213,27.639944702514715,29.27129874218435,0.09735422442975405,1.7287082640993887,0.0,0.0,0.010720232242253047,0.025841992187501717
389,27.607158226916575,64,4352,39,7,1,3,27.607158226916575,256,1.1588337777777777,28.765992004694354,28.765992004694354,28.79316978247213,28.79781754320847,28.823812241869184,30.451457563669784,1.21665401495261,2.8442993367532097,0.0,0.0,0.00464776073633999,0.025994698660714022
390,27.75545831828661,64,704,100,5,0,,27.75545831828661,256,0.13455644444444445,27.890014762731056,27.890014762731056,27.896925873842168,27.914775257740423,27.940424793873238,29.569744821542507,0.18496647558662715,1.8142865032558966,0.0,0.0,0.01784938389825541,0.025649536132814177
391,27.91456321297595,96,704,24,2,0,2,27.91456321297595,512,0.06344533333333334,27.978008546309283,27.978008546309283,27.984919657420395,28.009789502626,28.035368441428083,30.495280349677717,0.12080522845213437,2.580717136701768,0.0,0.0,0.02486984520560398,0.025578938802084394
392,27.92370951553291,128,256,106,7,0,,28.765992004694354,0,0.07987911111111111,28.845871115805465,28.845871115805465,28.850293338027686,28.875803104034365,28.90169037210077,32.16749841653437,0.9779808565678607,4.243788901001462,0.8422824891614447,0.0,0.025509766006678092,0.02588726806640551
393,27.933562009329204,96,3200,2,1,1,5,27.933562009329204,2432,0.23093333333333335,28.164495342662537,28.164495342662537,28.185273120440314,28.20846276668524,28.234364471913604,30.69987511728223,0.30080246258440013,2.7663131079530245,0.0,0.0,0.023189646244926365,0.02590170522836388
394,27.946440822059795,64,2176,1,1,0,1,28.164495342662537,2048,0.050083555555555555,28.214578898218093,28.214578898218093,28.229667787106983,28.234364471913604,28.26027811588682,29.89554825367546,0.3138372938270244,1.9491074316156656,0.21805452060274177,0.0,0.004696684806621221,0.025913643973215272
395,28.011151697612636,128,512,0,4,0,1,28.292679358784653,0,0.15175822222222224,28.444437581006877,28.444437581006877,28.450282025451322,28.462823819962072,28.489010587540196,31.787951496208358,0.4778588899275604,3.7767997985957216,0.2815276611720172,0.0,0.012541794510749327,0.02618676757812466
396,28.0690495922487,128,2240,134,2,1,7,28.0690495922487,256,0.5658311111111111,28.634880703359812,28.634880703359812,28.650325147804256,28.67500060288642,28.700663967841777,32.03361482233396,0.6316143755930774,3.9645652300852596,0.0,0.0,0.024675455082164177,0.02566336495535637
397,28.264621953578185,160,2752,6,3,1,2,28.264621953578185,256,0.7095893333333334,28.97421128691152,28.97421128691152,28.99250017580041,29.010315720547393,29.03670170687552,33.20686543455409,0.7720797532973336,4.942243480975904,0.0,0.0,0.017815544746984102,0.026385986328126165
398,28.280618244908954,128,4288,51,1,1,7,28.280618244908954,256,1.140864,29.421482244908955,29.421482244908955,29.448304467131177,29.452991247067164,29.479124853024196,32.77158197208922,1.1985066081152418,4.490963727180269,0.0,0.0,0.0046867799359873175,0.026133605957031847
399,28.416215878707057,160,2112,5,0,1,2,28.416215878707057,1728,0.12100266666666666,28.537218545373722,28.537218545373722,28.551951878707055,28.558021630474354,28.58442132355471,32.74538205992933,0.1682054448476542,4.32916618122227,0.0,0.0,0.006069751767299181,0.026399693080357167
400,28.575296303802727,96,2624,14,2,0,2,28.634880703359812,2432,0.06920533333333334,28.704086036693145,28.704086036693145,28.721663814470922,28.726327821078385,28.752097073310527,31.236918044990215,0.17680076950779977,2.6616217411874885,0.05958439955708528,0.0,0.004664006607463023,0.025769252232141326
401,28.682856383928815,128,2176,1,5,1,1,28.682856383928815,2048,0.050083555555555555,28.73293993948437,28.73293993948437,28.74802882837326,28.761944447193546,28.787758574797714,32.09614468726516,0.10490219086889851,3.413288303336344,0.0,0.0,0.013915618820284692,0.02581412760416768
402,28.696920906234126,128,512,91,4,0,7,28.696920906234126,0,0.15175822222222224,28.84867912845635,28.84867912845635,28.854523572900796,28.855676603165197,28.881735824705377,32.177206867302104,0.18481491847125042,3.4802859610679775,0.0,0.0,0.001153030264401167,0.026059221540180033
403,28.74696526003825,96,1088,12,6,1,2,28.74696526003825,256,0.2423751111111111,28.989340371149364,28.989340371149364,28.99838481559381,29.002609973694714,29.028981848694713,31.528319015035855,0.28201658865646095,2.7813537549976033,0.0,0.0,0.004225158100904736,0.026371874999998823
404,28.856497090901286,128,4288,111,5,0,5,28.856497090901286,4096,0.07419733333333334,28.93069442423462,28.93069442423462,28.957516646456842,28.968471139901883,28.994608102792508,32.3058569268485,0.13811101189122255,3.449359835947213,0.0,0.0,0.01095449344504118,0.02613696289062517
405,28.956800342772265,96,2624,10,6,0,6,28.989340371149364,2432,0.06920533333333334,29.058545704482697,29.058545704482697,29.076123482260474,29.081727063538462,29.10808505507492,31.607029464254605,0.1512847123026546,2.65022912148234,0.032540028377098906,0.0,0.005603581277988212,0.026357991536457348
406,29.02221064254039,128,1664,0,1,0,1,29.421482244908955,1536,0.04854755555555555,29.47002980046451,29.47002980046451,29.482274244908954,29.505258947262476,29.531357742835393,32.82326665239915,0.509147100295003,3.8010560098587582,0.3992716023685645,0.0,0.022984702353522124,0.026098795572917055
407,29.159434423585974,64,3200,2,3,1,1,29.159434423585974,256,0.8353777777777779,29.994812201363754,29.994812201363754,30.01558997914153,30.040349900234894,30.066887131680208,31.72084454541719,0.9074527080942332,2.5614101218312157,0.0,0.0,0.02475992109336289,0.026537231445313836
408,29.20171750505474,160,2688,14,2,0,2,29.20171750505474,2496,0.06939733333333334,29.271114838388076,29.271114838388076,29.289048171721408,29.29373333865651,29.319610501044902,33.510172195380825,0.1178929959901609,4.308454690326084,0.0,0.0,0.004685166935100682,0.02587716238839377
409,29.231038978318676,160,256,1,3,0,5,29.994812201363754,0,0.07987911111111111,30.074691312474865,30.074691312474865,30.079113534697086,30.09342485140677,30.11968041781302,34.27945625486659,0.8886414394943429,5.048417276547912,0.763773223045078,0.0,0.014311316709683553,0.02625556640624893
410,29.32506683958347,96,960,16,1,0,1,29.47002980046451,768,0.06421333333333333,29.534243133797844,29.534243133797844,29.542576467131177,29.55745702668956,29.583493696611434,32.04595688367665,0.2584268570279633,2.7208900440931814,0.14496296088103833,0.0,0.014880559558381634,0.0260366699218757
411,29.326659382888128,160,4352,31,2,0,2,29.326659382888128,4160,0.07438933333333334,29.40104871622146,29.40104871622146,29.428226493999237,29.449003637205617,29.475039342772025,33.66782307428707,0.14837995988389707,4.341163691398943,0.0,0.0,0.0207771432063808,0.02603570556640733
412,29.403329834366176,160,1664,0,1,0,1,29.534243133797844,1536,0.04854755555555555,29.5827906893534,29.5827906893534,29.595035133797843,29.609530854814558,29.635548033436717,33.753859066221075,0.23221819907054098,4.3505292318549,0.1309132994316684,0.0,0.014495721016714924,0.026017178622158355
413,29.50418718053245,160,1664,0,1,0,1,29.5827906893534,1536,0.04854755555555555,29.631338244908953,29.631338244908953,29.643582689353398,29.661565700340127,29.68756671759273,33.805690670224976,0.18337953706027932,4.301503489692525,0.07860350882094735,0.0,0.017983010986728942,0.02600101725260373
414,29.561994259649154,160,5184,3,0,0,0,29.561994259649154,4992,0.07688533333333333,29.638879592982487,29.638879592982487,29.670679592982488,29.686927568904412,29.713409665258578,33.86596316344495,0.15141540560942346,4.303968903795798,0.0,0.0,0.016247975921924507,0.026482096354165208
415,29.687344859802714,160,4288,23,4,0,4,29.687344859802714,4096,0.07419733333333334,29.761542193136048,29.761542193136048,29.78836441535827,29.794116195799127,29.82032011425616,33.9683191719896,0.13297525445344505,4.280974312186885,0.0,0.0,0.005751780440856891,0.02620391845703196
416,29.712756717572518,160,1152,4,0,0,0,29.712756717572518,960,0.06478933333333334,29.77754605090585,29.77754605090585,29.78694605090585,29.792858884008577,29.819211283562147,33.968704374382455,0.10645456598962966,4.255947656809937,0.0,0.0,0.005912833102726722,0.02635239955356994
417,29.738706260899168,128,1664,0,1,0,1,29.738706260899168,1536,0.04854755555555555,29.787253816454722,29.787253816454722,29.799498260899167,29.817579128074502,29.843568348326905,33.13336615177672,0.10486208742773684,3.394659890877552,0.0,0.0,0.018080867175335413,0.025989220252402134
418,29.77988652491148,128,640,32,5,0,,29.77988652491148,256,0.11658666666666667,29.896473191578146,29.896473191578146,29.9030287471337,29.913059925709174,29.939197254810736,33.245060805196715,0.1593107298992571,3.465174280285236,0.0,0.0,0.010031178575474087,0.0261373291015623
419,29.791651958761026,64,2304,30,6,1,3,29.791651958761026,256,0.5838008888888889,30.375452847649914,30.375452847649914,30.391252847649913,30.402368494202523,30.428622302796274,32.07775846816085,0.6369703440352481,2.2861065093998256,0.0,0.0,0.01111564655261077,0.026253808593750705
420,29.89516882395755,128,1216,4,0,0,0,29.89516882395755,1024,0.06498133333333334,29.960150157290883,29.960150157290883,29.96990571284644,29.9773656734431,30.003625369313635,33.31842942321058,0.10845654535608418,3.4232605992530303,0.0,0.0,0.007459960596658988,0.026259695870535893
421,29.93159686658925,160,1280,4,0,0,0,29.960150157290883,1088,0.06517333333333333,30.025323490624217,30.025323490624217,30.03543460173533,30.056146225898456,30.082327866523457,34.229463977247036,0.1507309999342077,4.297867110657787,0.028553290701633927,0.0,0.020711624163126885,0.02618164062500128
422,30.144374630313727,64,640,44,5,0,,30.144374630313727,256,0.11658666666666667,30.260961296980394,30.260961296980394,30.267516852535948,30.279026966724796,30.305004798756045,31.938955861930335,0.16063016844231726,1.7945812316166077,0.0,0.0,0.011510114188848064,0.025977832031248482
423,30.153228892690034,160,768,92,4,0,4,30.153228892690034,576,0.06363733333333334,30.216866226023367,30.216866226023367,30.224132892690033,30.23835141482815,30.26422869347398,34.41527888878647,0.11099980078394722,4.262049996096433,0.0,0.0,0.014218522138115475,0.025877278645833002
424,30.169940064547816,96,768,100,5,0,5,30.260961296980394,576,0.06363733333333334,30.324598630313726,30.324598630313726,30.331865296980393,30.356961927662294,30.38284050839146,32.8526801550851,0.21290044384364393,2.682740090537287,0.09102123243257765,0.0,0.025096630681900933,0.0258785807291666
425,30.19907668389558,64,1280,33,1,0,1,30.19907668389558,1088,0.06517333333333333,30.264250017228914,30.264250017228914,30.274361128340026,30.28490471378436,30.31083370955259,31.942325225295964,0.11175702565700973,1.7432485414003835,0.0,0.0,0.01054358544433498,0.025928995768229157
426,30.23247098807232,128,3200,2,3,0,3,30.23247098807232,3072,0.05315555555555555,30.285626543627874,30.285626543627874,30.30640432140565,30.32974252718802,30.356052911302605,33.67850264158534,0.1235819232302866,3.446031653513021,0.0,0.0,0.02333820578236967,0.026310384114584195
427,30.467466675221882,128,1728,9,1,0,1,30.467466675221882,1536,0.06651733333333333,30.533984008555215,30.533984008555215,30.546584008555214,30.57017140042617,30.596103000361065,33.883446920224976,0.12863632513918333,3.4159802450030945,0.0,0.0,0.023587391870954377,0.025931599934896354
428,30.607166960658912,128,2176,1,5,0,5,30.607166960658912,2048,0.050083555555555555,30.657250516214468,30.657250516214468,30.672339405103358,30.693421563078957,30.719331858837887,34.029686851513674,0.11216489817897468,3.422519890854762,0.0,0.0,0.021082157975598648,0.02591029575892989
429,30.667239994124834,128,1664,0,1,0,1,30.667239994124834,1536,0.04854755555555555,30.71578754968039,30.71578754968039,30.728031994124834,30.75169845712598,30.77760177743848,34.064901998349974,0.1103617833136461,3.3976620042251398,0.0,0.0,0.023666463001145388,0.02590332031250142
430,30.701924664756884,128,1088,8,1,0,1,30.71578754968039,896,0.06459733333333334,30.78038488301372,30.78038488301372,30.789429327458166,30.80350558603223,30.829378795667647,34.116758255861996,0.1274541309107633,3.4148335911051113,0.013862884923504737,0.0,0.014076258574064582,0.025873209635417282
431,31.102251410016834,160,1344,4,0,0,0,31.102251410016834,1152,0.06536533333333333,31.167616743350166,31.167616743350166,31.178083410016832,31.18253371194756,31.208672017611622,35.35435134703871,0.10642060759478866,4.252099937021875,0.0,0.0,0.004450301930727818,0.0261383056640625
432,31.108833480043348,96,2496,26,7,0,7,31.108833480043348,2304,0.06882133333333333,31.17765481337668,31.17765481337668,31.194521480043345,31.216491824737496,31.24218591653437,33.73746228372186,0.13335243649102324,2.628628803678513,0.0,0.0,0.021970344694150157,0.02569409179687554
433,31.13466038421078,96,4224,143,7,0,,31.17765481337668,256,1.1228942222222222,32.300549035598905,32.300549035598905,32.32701570226557,32.351166385284365,32.37781775247186,34.91442289570103,1.243157368261084,3.779762511490251,0.04299442916590124,0.0,0.02415068301879586,0.0266513671874975
434,31.191638370557296,64,1664,0,1,0,1,31.191638370557296,1536,0.04854755555555555,31.24018592611285,31.24018592611285,31.252430370557295,31.269380541643027,31.295260202509503,32.92663081362854,0.10362183195220709,1.7349924430712456,0.0,0.0,0.016950171085731824,0.025879660866475973
435,31.19196717581677,128,2176,1,5,0,5,31.19196717581677,2048,0.050083555555555555,31.242050731372327,31.242050731372327,31.257139620261217,31.26356086274414,31.289499583447263,34.600363294656034,0.0975324076304922,3.4083961188392635,0.0,0.0,0.006421242482922196,0.025938720703123863
436,31.3329288285326,128,768,64,3,0,3,31.3329288285326,576,0.06363733333333334,31.396566161865934,31.396566161865934,31.4038328285326,31.40838165479219,31.434417543464065,34.75413813963221,0.10148871493146316,3.4212093110996094,0.0,0.0,0.0045488262595902995,0.02603588867187412
437,31.51182399991677,128,1664,0,1,0,1,31.51182399991677,1536,0.04854755555555555,31.560371555472326,31.560371555472326,31.57261599991677,31.579968698603256,31.605848133824612,34.894892062989115,0.09402413390784048,3.3830680630723435,0.0,0.0,0.0073526986864855814,0.025879435221355607
438,31.51850280353162,128,2560,26,3,1,7,31.51850280353162,256,0.65568,32.17418280353162,32.17418280353162,32.191405025753845,32.21289972119844,32.23886085401094,35.56843826984055,0.7203580504793159,4.049935466308927,0.0,0.0,0.021494695444594925,0.025961132812497567
439,31.561405555491334,64,2048,0,2,0,1,31.561405555491334,0,0.5830328888888889,32.14443844438022,32.14443844438022,32.158816222157995,32.167460037177705,32.193973709052706,33.84921194147457,0.6325681535613725,2.287806385983238,0.0,0.0,0.008643815019709677,0.02651367187500142
440,31.67593170091949,96,4480,71,5,0,5,31.67593170091949,4288,0.07477333333333333,31.750705034252825,31.750705034252825,31.778593923141713,31.78242805024414,31.808514204758026,34.29000977903104,0.13258250383853465,2.6140780781115467,0.0,0.0,0.0038341271024258106,0.026086154513887294
441,31.74734522117748,160,2752,14,2,0,2,32.14443844438022,2560,0.06958933333333334,32.214027777713554,32.214027777713554,32.23231666660244,32.24700251764646,32.27347480768552,36.44113694147458,0.5261295865080378,4.693791720297103,0.39709322320274154,0.0,0.014685851044013987,0.026472290039059487
442,32.03061642252671,96,1152,8,1,0,1,32.03061642252671,960,0.06478933333333334,32.09540575586004,32.09540575586004,32.10480575586004,32.12380380750478,32.149718535842844,34.60951408214834,0.11910211331613141,2.5788976596216244,0.0,0.0,0.018998051644736336,0.02591472833806563
443,32.25193241489759,128,1664,0,1,0,1,32.25193241489759,1536,0.04854755555555555,32.30047997045315,32.30047997045315,32.31272441489759,32.33113530608433,32.35704509612339,35.64864289825412,0.10511268122580475,3.3967104833565287,0.0,0.0,0.018410891186739775,0.025909790039065683
444,32.26085352943461,96,4352,35,3,0,3,32.26085352943461,4160,0.07438933333333334,32.33524286276795,32.33524286276795,32.36242064054573,32.36867384229219,32.39483139437552,34.887586219059294,0.1339778649409098,2.6267326896246814,0.0,0.0,0.0062532017464604905,0.026157552083333258
445,32.30289146643196,96,2176,1,5,0,5,32.30289146643196,2048,0.050083555555555555,32.35297502198751,32.35297502198751,32.3680639108764,32.383943059661,32.409978215911,34.884491170090065,0.10708674947904484,2.5815997036581066,0.0,0.0,0.01587914878459884,0.02603515625000341
446,32.32228862242611,128,1536,13,1,0,1,32.32228862242611,1344,0.06594133333333334,32.38822995575944,32.38822995575944,32.399763289092775,32.408866141045266,32.434764991706324,35.72675006436275,0.1124763692802162,3.4044614419366397,0.0,0.0,0.009102851952491164,0.025898850661057793
447,32.416230775313245,64,1280,17,6,0,6,32.416230775313245,1024,0.0829511111111111,32.49918188642436,32.49918188642436,32.50929299753547,32.50929299753547,32.534917997535466,34.15027737253546,0.11868722222222061,1.7340465972222177,0.0,0.0,0.0,0.02562499999999801
448,32.43060646117378,96,768,72,2,0,2,32.43060646117378,576,0.06363733333333334,32.49424379450711,32.49424379450711,32.50151046117378,32.51174739069333,32.53800412897458,35.01454275202145,0.10739766780079663,2.5839362908476673,0.0,0.0,0.01023692951955013,0.02625673828124775
449,32.59895543243279,128,2688,18,1,0,1,32.59895543243279,2496,0.06939733333333334,32.66835276576612,32.66835276576612,32.686286099099455,32.69378035378565,32.719713738272254,36.01333833398701,0.12075830583946612,3.4143829015542195,0.0,0.0,0.007494254686193358,0.025933384486606315
450,32.648522648291866,96,2240,50,5,0,5,32.648522648291866,2048,0.06805333333333334,32.7165759816252,32.7165759816252,32.732020426069646,32.74847968075475,32.77452906691546,35.24533207759565,0.12600641862359652,2.5968094293037822,0.0,0.0,0.016459254685102565,0.026049386160714505
451,32.6966125049441,128,3200,2,3,0,3,32.6966125049441,3072,0.05315555555555555,32.749768060499655,32.749768060499655,32.770545838277435,32.78725326937552,32.8134753675898,36.14494819822597,0.11686286264570356,3.4483356932818694,0.0,0.0,0.016707431098083703,0.026222098214283562
452,32.701986062065096,64,3200,2,7,1,3,32.701986062065096,256,0.8353777777777779,33.537363839842875,33.537363839842875,33.558141617620656,33.577634647003116,33.604271365753114,35.28666361835728,0.9022853036880178,2.584677556292185,0.0,0.0,0.01949302938245978,0.026636718749998067
453,32.70501588719646,160,1792,9,1,0,1,32.70501588719646,1600,0.06670933333333334,32.771725220529795,32.771725220529795,32.78468077608535,32.79742286752192,32.82326665239915,36.950956805137864,0.11825076520268851,4.245940917941404,0.0,0.0,0.012742091436564351,0.025843784877231712
454,32.74699534372286,128,1664,0,1,0,1,32.771725220529795,1536,0.04854755555555555,32.82027277608535,32.82027277608535,32.832517220529795,32.84910856195444,32.874948824231225,36.16943866505243,0.12795348050836708,3.422443321329574,0.024729876806937057,0.0,0.016591341424643247,0.025840262276787485
455,32.92534299986998,128,1664,0,1,0,1,32.92534299986998,1536,0.04854755555555555,32.97389055542554,32.97389055542554,32.98613499986998,33.004156993015556,33.02999784820529,36.32558597574955,0.1046548483353078,3.4002429758795643,0.0,0.0,0.018021993145573845,0.02584085518973467
456,32.94750785023886,128,2816,14,2,0,2,32.94750785023886,2624,0.06978133333333333,33.01728918357219,33.01728918357219,33.035933628016636,33.03697492975583,33.06325951634437,36.38773117975583,0.1157516661055098,3.440223329516975,0.0,0.0,0.0010413017391925905,0.02628458658853816
457,33.12314514774422,128,4096,29,6,0,4,33.12314514774422,0,1.1580657777777779,34.281210925522,34.281210925522,34.30696648107755,34.30696648107755,34.33396648107755,37.720519459593184,1.2108213333333353,4.5973743118489665,0.0,0.0,0.0,0.027000000000001023
458,33.12894437276289,160,2176,1,5,0,5,33.12894437276289,2048,0.050083555555555555,33.17902792831844,33.17902792831844,33.19411681720733,33.218912088678856,33.245060805196715,37.3754317799766,0.1161164324338273,4.2464874072137135,0.0,0.0,0.024795271471525382,0.026148716517859327
459,33.14946925754152,64,2176,1,5,0,5,33.17902792831844,2048,0.050083555555555555,33.22911148387399,33.22911148387399,33.24420037276288,33.245060805196715,33.27130822428153,34.91028932682835,0.1218389667400146,1.7608200692868294,0.029558670776921758,0.0,0.000860432433832159,0.02624741908481809
460,33.165522271459125,64,1024,16,1,0,1,33.165522271459125,832,0.06440533333333334,33.22992760479246,33.22992760479246,33.23861649368135,33.2625753239522,33.28839410185398,34.92083482945117,0.12287183039485683,1.7553125579920419,0.0,0.0,0.023958830270849774,0.025818777901783108
461,33.25836199109206,160,2176,1,5,0,5,33.25836199109206,2048,0.050083555555555555,33.30844554664761,33.30844554664761,33.3235344355365,33.323804527294925,33.35003011323243,37.47949590758077,0.09166812214036923,4.221133916488711,0.0,0.0,0.0002700917584235185,0.026225585937503126
462,33.28044585398832,96,1408,4,0,0,0,33.28044585398832,1216,0.06555733333333334,33.34600318732165,33.34600318732165,33.35682540954387,33.37073484313245,33.396795097038705,35.87890491149183,0.11634924305038652,2.5984590575035114,0.0,0.0,0.0139094335885801,0.026060253906251774
463,33.38231918401271,64,1664,0,1,0,1,33.38231918401271,1536,0.04854755555555555,33.430866739568266,33.430866739568266,33.44311118401271,33.44331702317095,33.46913857265012,35.102669715268476,0.08681938863740868,1.720350531255768,0.0,0.0,0.00020583915824090582,0.025821549479168482
464,33.39753192518524,96,4736,7,1,0,1,33.430866739568266,4480,0.0933191111111111,33.52418585067938,33.52418585067938,33.55349696179049,33.57242965337928,33.59834667608436,36.06546005552719,0.20081475089912004,2.6679281303419486,0.03333481438302499,0.0,0.01893269158878752,0.025917022705080228
465,33.466929660462405,160,704,32,5,0,5,33.466929660462405,512,0.06344533333333334,33.53037499379574,33.53037499379574,33.53728610490685,33.55985237885743,33.5859838892741,37.71352996519795,0.11905422881169159,4.246600304735544,0.0,0.0,0.02256627395058075,0.02613151041666839
466,33.525802498047874,128,4352,23,4,0,4,33.525802498047874,4160,0.07438933333333334,33.60019183138121,33.60019183138121,33.62736960915899,33.6493670235521,33.675943683708354,37.03549129113022,0.1501411856604804,3.509688793082347,0.0,0.0,0.021997414393112535,0.02657666015625182
467,33.57075284159507,96,768,24,2,0,2,33.57075284159507,576,0.06363733333333334,33.634390174928406,33.634390174928406,33.64165684159507,33.66782307428707,33.69373430475582,36.17465793756833,0.1229814631607482,2.6039050959732535,0.0,0.0,0.026166232691998914,0.025911230468750546
468,33.59695559535318,96,1664,0,1,0,1,33.59695559535318,1536,0.04854755555555555,33.64550315090874,33.64550315090874,33.65774759535318,33.753859066221075,33.7797746240824,36.247490272624546,0.18281902872922018,2.6505346772713665,0.0,0.0,0.09611147086789629,0.0259155578613246
469,33.66108863647826,64,3200,2,7,0,7,33.66108863647826,3072,0.05315555555555555,33.71424419203382,33.71424419203382,33.7350219698116,33.73746228372186,33.764200890492695,35.446215864451034,0.1031122540144338,1.7851272279727723,0.0,0.0,0.0024403139102631144,0.026738606770834394
470,33.780264345942285,160,256,111,5,0,5,33.780264345942285,0,0.07987911111111111,33.8601434570534,33.8601434570534,33.86456567927562,33.873462730419924,33.899498863232424,38.0266386426533,0.11923451729013834,4.246374296711018,0.0,0.0,0.008897051144302282,0.026036132812500057
471,33.889137595689455,160,5248,3,0,0,0,33.889137595689455,5056,0.07707733333333333,33.96621492902279,33.96621492902279,33.998370484578345,34.02010850849704,34.04627623310641,38.23054434834078,0.15713863741695633,4.341406752651324,0.0,0.0,0.021738023918693727,0.026167724609372556
472,33.91838031759736,128,4224,27,6,0,,34.281210925522,256,1.1228942222222222,35.40410514774422,35.40410514774422,35.43057181441088,35.441386891233805,35.46842839514005,38.82186999437742,1.5500480775426908,4.903489676780062,0.36283060792463573,0.0,0.010815076822922265,0.027041503906247044
473,33.98011378188286,128,1152,61,6,0,,35.40410514774422,256,0.2603448888888889,35.664450036633106,35.664450036633106,35.673850036633105,35.68477800451505,35.71132943680672,39.0578424064868,1.731215654923865,5.077728624603942,1.4239913658613617,0.0,0.010927967881947609,0.026551432291668675
474,34.15003006735301,96,1600,13,1,0,1,34.15003006735301,1408,0.06613333333333334,34.21616340068634,34.21616340068634,34.22805228957523,34.24654707422137,34.27249261208195,36.742227209190595,0.1224625447289398,2.5921971418375875,0.0,0.0,0.018494784646136964,0.025945537860579293
475,34.153250211019824,160,2176,1,5,0,5,34.153250211019824,2048,0.050083555555555555,34.203333766575376,34.203333766575376,34.218422655464266,34.23793663449979,34.26397296262479,38.39356306369125,0.11072275160496758,4.24031285267143,0.0,0.0,0.019513979035522766,0.026036328125002228
476,34.16384365135844,64,1152,97,4,0,,34.16384365135844,256,0.2603448888888889,34.42418854024733,34.42418854024733,34.43358854024733,34.44241804894272,34.46876912316147,36.12911238488022,0.3049254718030312,1.965268733521782,0.0,0.0,0.008829508695392008,0.026351074218752046
477,34.22418595250074,64,1216,8,1,0,1,34.22418595250074,1024,0.06498133333333334,34.289167285834075,34.289167285834075,34.29892284138963,34.32438515264685,34.350306923015154,35.98722463421022,0.12612097051441395,1.7630386817094816,0.0,0.0,0.025462311257214765,0.02592177036830634
478,34.257182980592944,96,768,32,5,0,5,34.257182980592944,576,0.06363733333333334,34.320820313926276,34.320820313926276,34.32808698059294,34.341818861062286,34.367671107156035,36.82785581155212,0.11048812656309082,2.5706728309591753,0.0,0.0,0.013731880469343594,0.025852246093748477
479,34.40127760256194,160,1472,4,0,0,0,34.40127760256194,1280,0.06574933333333334,34.46702693589528,34.46702693589528,34.47820471367305,34.49276394469496,34.51894314391371,38.70034698505953,0.11766554135176932,4.299069382497592,0.0,0.0,0.014559231021905816,0.026179199218752558
480,34.4017908802448,128,1664,0,1,0,1,34.4017908802448,1536,0.04854755555555555,34.45033843580036,34.45033843580036,34.4625828802448,34.47992309907542,34.50584031912751,37.81491459932732,0.10404943888270424,3.413123719082513,0.0,0.0,0.017340218830618426,0.02591722005208652
481,34.46864308042642,64,1536,4,0,0,0,34.46864308042642,1344,0.06594133333333334,34.53458441375975,34.53458441375975,34.546117747093085,34.571303007194956,34.59739753844496,36.24793957946058,0.12875445801854113,1.7792964990341602,0.0,0.0,0.025185260101871165,0.026094531250002717
482,34.57905240306915,64,1216,61,3,1,6,34.57905240306915,256,0.27831466666666665,34.857367069735815,34.857367069735815,34.86712262529137,34.887586219059294,34.91375125812179,36.56266499510097,0.3346988550526433,1.9836125920318182,0.0,0.0,0.020463593767921395,0.026165039062497897
483,34.79181725112082,160,1664,0,1,0,1,34.79181725112082,1536,0.04854755555555555,34.84036480667638,34.84036480667638,34.85260925112082,34.86895430257245,34.894892062989115,39.04796445284295,0.10307481186829648,4.256147201722129,0.0,0.0,0.0163450514516299,0.025937760416667288
484,34.86171725585854,128,2688,10,0,1,6,34.86171725585854,256,0.6916195555555555,35.55333681141409,35.55333681141409,35.57127014474742,35.59019485289808,35.61642317321058,38.96243536396579,0.754705917352041,4.100718108107252,0.0,0.0,0.0189247081506565,0.026228320312498
485,34.9885369258139,128,2752,10,0,0,0,35.55333681141409,2560,0.06958933333333334,35.622926144747424,35.622926144747424,35.641215033636314,35.64265198180433,35.66890035420016,39.0155370892262,0.680363428386265,4.027000163412303,0.5647998856001948,0.0,0.00143694816801343,0.026248372395833997
486,35.00017726927285,128,5248,3,2,1,0,35.00017726927285,4672,0.18374400000000002,35.183921269272844,35.183921269272844,35.2160768248284,35.22311111139645,35.24955666803707,38.62155671686521,0.24937939876422632,3.6213794475923606,0.0,0.0,0.007034286568050163,0.02644555664062409
487,35.09622369031675,128,4352,83,5,0,5,35.09622369031675,4160,0.07438933333333334,35.170613023650084,35.170613023650084,35.197790801427864,35.21939939937299,35.24533207759565,38.55057292697251,0.14910838727890052,3.4543492366557587,0.0,0.0,0.02160859794512504,0.025932678222659433
488,35.13570490972774,64,2048,22,7,0,0,35.13570490972774,0,0.5830328888888889,35.71873779861663,35.71873779861663,35.733115576394404,35.733115576394404,35.75911557639441,37.380741552956906,0.6234106666666648,2.245036643229163,0.0,0.0,0.0,0.026000000000003354
489,35.22172646785503,64,2176,5,1,1,0,35.22172646785503,1216,0.28119466666666665,35.50292113452169,35.50292113452169,35.51801002341058,35.51856164235181,35.54456404619797,37.18593925753044,0.32283757834294136,1.9642127896754147,0.0,0.0,0.0005516189412304584,0.026002403846156597
490,35.25655942184069,64,2816,6,3,0,3,35.25655942184069,2624,0.06978133333333333,35.32634075517402,35.32634075517402,35.34498519961847,35.358631629215544,35.38485575030929,37.03676997556971,0.1282963284686005,1.7802105537290203,0.0,0.0,0.013646429597073961,0.0262241210937475
491,35.28101690698602,64,2304,122,4,1,7,35.28101690698602,256,0.5838008888888889,35.864817795874906,35.864817795874906,35.880617795874905,35.89245222863022,35.918745848421885,37.593194904411476,0.6377289414358671,2.312177997425458,0.0,0.0,0.011834432755314594,0.02629361979166589
492,35.28346949614747,160,2240,78,2,1,6,35.28346949614747,256,0.5658311111111111,35.84930060725858,35.84930060725858,35.864745051703025,35.884396511787074,35.91078147272457,40.10284919965911,0.6273119765771042,4.819379703511643,0.0,0.0,0.019651460084048722,0.026384960937498647
493,35.3462514072467,96,4416,35,5,1,3,35.3462514072467,256,1.1768035555555554,36.523054962802256,36.523054962802256,36.55058829613559,36.56703464455993,36.59311655373962,39.077191457245945,1.2468651464929223,3.7309400499992478,0.0,0.0,0.016446348424345558,0.026081909179687557
494,35.35041786850407,64,2176,1,5,0,5,36.523054962802256,2048,0.050083555555555555,36.57313851835781,36.57313851835781,36.5882274072467,36.59311655373962,36.619196740371564,38.26275699272771,1.2687788718674966,2.9123391242236423,1.1726370942981887,0.0,0.00488914649292127,0.026080186631944002
495,35.3643003648181,160,3200,2,1,1,7,35.50292113452169,3072,0.05315555555555555,35.55607669007725,35.55607669007725,35.57685446785503,35.596570318734024,35.62261408966037,39.78603793917107,0.25831372484226733,4.421737574352967,0.13862076970359283,0.0,0.01971585087899541,0.026043770926342802
496,35.368966732649405,96,4096,16,4,0,1,35.864817795874906,0,1.1580657777777779,37.022883573652685,37.022883573652685,37.04863912920824,37.061637287223974,37.08821052941148,39.64631274295314,1.719243796762072,4.277346010303738,0.4958510632255013,0.0,0.012998158015733452,0.0265732421875029
497,35.42342807883528,160,1664,0,1,0,1,35.55607669007725,1536,0.04854755555555555,35.604624245632806,35.604624245632806,35.61686869007725,35.62261408966037,35.64864289825412,39.812410680870286,0.22521481941883792,4.388982602035007,0.1326486112419687,0.0,0.0057453995831195925,0.02602880859375034
498,35.491880515433984,64,1664,13,1,0,1,35.604624245632806,1472,0.06632533333333333,35.67094957896614,35.67094957896614,35.68319402341058,35.70072402269608,35.72675006436275,37.36893580904412,0.23486954892876355,1.877055293610134,0.11274373019882233,0.0,0.017529999285500253,0.02602604166666822
499,35.864023709731235,128,2176,1,6,1,5,35.864023709731235,256,0.5478613333333333,36.411885043064565,36.411885043064565,36.426973931953455,36.42840267899422,36.45484213211922,39.795428181226384,0.5908184223879829,3.9314044714951493,0.0,0.0,0.001428747040762346,0.02643945312500051
500,35.87674136338999,160,3200,2,1,0,1,35.87674136338999,3072,0.05315555555555555,35.929896918945545,35.929896918945545,35.950674696723325,35.961144002699804,35.98722463421022,40.15558183768995,0.11048327082023235,4.278840474299962,0.0,0.0,0.010469305976478438,0.026080631510417618
501,35.908176659448486,64,1280,8,1,0,1,35.929896918945545,1088,0.06517333333333333,35.99507025227888,35.99507025227888,36.00518136338999,36.01333833398701,36.03939895061647,37.68377797213005,0.13122229116798678,1.775601312681566,0.02172025949705869,0.0,0.00815697059702103,0.026060616629465017
502,35.930651461320316,96,3200,2,1,0,1,35.99507025227888,3072,0.05315555555555555,36.048225807834434,36.048225807834434,36.069003585612215,36.09142181934931,36.11742694630243,38.60237540254998,0.18677548498211394,2.671723941229665,0.06441879095856251,0.0,0.022418233737091953,0.02600512695312318
503,35.95427425602877,96,640,80,7,0,,35.95427425602877,256,0.11658666666666667,36.07086092269544,36.07086092269544,36.077416478250996,36.09716000998815,36.122819677956905,38.56355454123816,0.16854542192813682,2.609280285209394,0.0,0.0,0.019743531737155706,0.025659667968753297
504,36.150378606002555,64,2880,6,3,0,3,36.150378606002555,2688,0.06997333333333333,36.220351939335885,36.220351939335885,36.23935193933588,36.24896479978847,36.2751037971843,37.92190132322597,0.12472519118174574,1.7715227172234123,0.0,0.0,0.00961286045258447,0.02613899739583303
505,36.34388533309632,160,1664,0,1,0,1,36.34388533309632,1536,0.04854755555555555,36.392432888651875,36.392432888651875,36.404677333096316,36.42977782589159,36.45580728552701,40.62938650193846,0.11192195243069136,4.285501168842146,0.0,0.0,0.02510049279527493,0.02602945963541714
506,36.379263062085386,160,2176,5,1,0,1,36.392432888651875,2048,0.050083555555555555,36.44251644420743,36.44251644420743,36.45760533309632,36.48183723344368,36.50787013608791,40.68212609779182,0.1286070740025238,4.302863035706437,0.013169826566489462,0.0,0.02423190034735967,0.02603290264423208
507,36.42911587967858,160,1664,0,1,0,1,36.44251644420743,1536,0.04854755555555555,36.491063999762986,36.491063999762986,36.50330844420743,36.50787013608791,36.53388774909014,40.70851578691943,0.10477186941156447,4.279399907240851,0.013400564528851078,0.0,0.004561691880482499,0.0260176130022316
508,36.49304557876246,96,832,24,2,0,2,36.49304557876246,640,0.06382933333333334,36.55687491209579,36.55687491209579,36.56449713431802,36.57536423639645,36.6017309356152,39.11913593236,0.10868535685273883,2.62609035359754,0.0,0.0,0.010867102078435664,0.026366699218748124
509,36.526772101926774,96,3200,2,1,0,1,36.526772101926774,3072,0.05315555555555555,36.57992765748233,36.57992765748233,36.60070543526011,36.61194351778434,36.63799927950309,39.126879064659356,0.11122717757631762,2.600106962732582,0.0,0.0,0.011238082524229753,0.02605576171875157
510,36.618832679996466,160,2240,74,3,0,3,36.618832679996466,2048,0.06805333333333334,36.6868860133298,36.6868860133298,36.702330457774245,36.721101030257216,36.74740409015305,40.86229830053251,0.12857141015658158,4.243465620536043,0.0,0.0,0.018770572482971204,0.026303059895830927
511,36.62568824770507,160,2304,38,6,0,6,36.62568824770507,2112,0.06824533333333334,36.6939335810384,36.6939335810384,36.7097335810384,36.71926351883797,36.74564437821297,40.92931172614826,0.11995613050790155,4.303623478443193,0.0,0.0,0.00952993779957012,0.026380859375002785
512,36.65054274546291,160,3200,2,1,0,1,36.65054274546291,3072,0.05315555555555555,36.70369830101846,36.70369830101846,36.72447607879624,36.742227209190595,36.76833437064893,40.945156315249605,0.11779162518602249,4.294613569786698,0.0,0.0,0.017751130394351833,0.02610716145833436
513,36.72872033618853,160,1344,8,1,0,1,36.72872033618853,1152,0.06536533333333333,36.79408566952186,36.79408566952186,36.80455233618853,36.82055015840935,36.84663051119255,41.023710575503515,0.11791017500402035,4.294990239314984,0.0,0.0,0.015997822220818136,0.026080352783203864
514,36.82993100513769,160,2752,18,1,0,1,36.82993100513769,2560,0.06958933333333334,36.89952033847102,36.89952033847102,36.91780922735991,36.950956805137864,36.977064013389814,41.15496650463298,0.14713300825212627,4.325035499495293,0.0,0.0,0.033147577777953074,0.026107208251950453
515,36.87603828734182,160,2176,94,7,0,,36.87603828734182,256,0.5478613333333333,37.42389962067515,37.42389962067515,37.43898850956404,37.45675375998816,37.482454199441285,41.59537357025602,0.6064159120994645,4.7193352829142015,0.0,0.0,0.017765250424119472,0.025700439453125057
516,36.877464305205514,160,2176,1,6,0,6,36.877464305205514,2048,0.050083555555555555,36.92754786076107,36.92754786076107,36.94263674964996,36.95670883133797,36.98304029292651,41.166953571851394,0.10557598772099652,4.28948926664588,0.0,0.0,0.014072081688013327,0.026331461588540606
517,36.902360936191336,64,896,36,5,0,5,36.902360936191336,704,0.06402133333333333,36.96638226952467,36.96638226952467,36.97436004730245,36.98486765237243,37.0109565738134,38.65540593478501,0.10859563762206648,1.7530449985936727,0.0,0.0,0.010507605069982162,0.026088921440972968
518,36.95037721285196,160,3200,2,1,0,1,36.95037721285196,3072,0.05315555555555555,37.00353276840752,37.00353276840752,37.0243105461853,37.18593925753044,37.212080157188645,41.39091016627733,0.2617029443366832,4.440532953425368,0.0,0.0,0.1616287113451449,0.026140899658201988
519,36.98082072212617,96,832,32,5,0,5,36.98082072212617,640,0.06382933333333334,37.0446500554595,37.0446500554595,37.05227227768172,37.0631358815391,37.08915785419535,39.57234009005845,0.10833713206918105,2.5915193679322783,0.0,0.0,0.010863603857373505,0.0260219726562525
520,37.08955101899786,64,5248,3,2,0,2,37.08955101899786,5120,0.05929955555555556,37.148850574553414,37.148850574553414,37.18100613010897,37.18192185358395,37.20859592584958,38.88556794733396,0.11904490685171965,1.7960169283361012,0.0,0.0,0.0009157234749821441,0.026674072265628013
521,37.106941263620016,128,1152,133,7,0,,37.42389962067515,256,0.2603448888888889,37.68424450956404,37.68424450956404,37.69364450956404,37.71378012717566,37.73943784201941,41.02367542572477,0.6324965783993974,3.9167341621047527,0.3169583570551353,0.0,0.02013561761162208,0.0256577148437529
522,37.12988326969047,64,1600,4,0,0,0,37.12988326969047,1408,0.06613333333333334,37.1960166030238,37.1960166030238,37.20790549191269,37.229089970085575,37.25546770446057,38.909814758497035,0.12558443477010428,1.779931488806568,0.0,0.0,0.02118447817288427,0.026377734374996464
523,37.172492576617465,96,4672,11,1,0,1,37.172492576617465,4480,0.07534933333333334,37.2478419099508,37.2478419099508,37.276797465506355,37.36893580904412,37.39516997042107,39.89162835665154,0.22267739380360752,2.7191357800340725,0.0,0.0,0.09213834353776207,0.026234161376955
524,37.28467214048019,160,256,55,3,0,3,37.28467214048019,0,0.07987911111111111,37.3645512515913,37.3645512515913,37.368973473813526,37.37819136228846,37.404077429996796,41.510127483475216,0.11940528951660667,4.225455342995026,0.0,0.0,0.009217888474935876,0.025886067708334792
525,37.37260668722719,96,2304,98,0,0,0,37.37260668722719,2112,0.06824533333333334,37.44085202056052,37.44085202056052,37.45665202056052,37.46650715758557,37.49284643167411,39.99043438740329,0.12023974444691987,2.6178277001761003,0.0,0.0,0.009855137025049032,0.026339274088542197
526,37.4815537272037,64,896,28,1,0,1,37.4815537272037,704,0.06402133333333333,37.54557506053704,37.54557506053704,37.553552838314815,37.68377797213005,37.710004321007006,39.36406235323357,0.22845059380330213,1.8825086260298676,0.0,0.0,0.13022513381523737,0.02622634887695341
527,37.52400780972007,128,4416,39,6,1,7,37.52400780972007,256,1.1768035555555554,38.70081136527563,38.70081136527563,38.72834469860896,38.74276887365569,38.76914598954111,42.11842876716389,1.2451381798210406,4.594420957443823,0.0,0.0,0.014424175046734433,0.026377115885416913
528,37.761575148256625,64,4288,27,4,1,6,37.761575148256625,256,1.140864,38.902439148256626,38.902439148256626,38.92926137047885,38.94428133019273,38.97134529503648,40.65320898318752,1.209770146779853,2.891633834930893,0.0,0.0,0.015019959713882258,0.027063964843748067
529,37.79125057084979,96,4288,87,0,1,6,37.79125057084979,256,1.140864,38.93211457084979,38.93211457084979,38.95893679307201,38.96243536396579,38.98898598245537,41.47177331155694,1.1977354116055778,3.680522740707147,0.0,0.0,0.0034985708937753657,0.026550618489579847
530,37.79242082031659,96,2240,82,7,0,7,37.79242082031659,2048,0.06805333333333334,37.860474153649925,37.860474153649925,37.87591859809437,37.89339438498816,37.91916367209754,40.37578927663623,0.12674285178094635,2.58336845631964,0.0,0.0,0.017475786893790257,0.02576928710937665
531,37.7958192364536,96,2048,0,4,0,1,38.902439148256626,0,0.5830328888888889,39.48547203714551,39.48547203714551,39.49984981492329,39.51272713097398,39.53944327680731,42.03357763553127,1.7436240403537084,4.23775839907767,1.1066199118030227,0.0,0.012877316050690979,0.02671614583333337
532,37.81706256739106,160,2880,14,2,0,2,37.81706256739106,2688,0.06997333333333333,37.88703590072439,37.88703590072439,37.90603590072439,37.928980447333956,37.95561189264646,42.11006432940243,0.1385493252553971,4.2930017620113645,0.0,0.0,0.022944546609565464,0.026631445312503388
533,37.81981072906771,96,2176,5,1,0,1,37.81981072906771,2048,0.050083555555555555,37.869894284623264,37.869894284623264,37.884983173512154,37.89367319307732,37.91991507540154,40.41872132336703,0.10010434633382914,2.598910594299319,0.0,0.0,0.00869001956516513,0.02624188232422142
534,37.9367286527776,128,1728,13,1,0,1,37.9367286527776,1536,0.06651733333333333,38.00324598611093,38.00324598611093,38.01584598611093,38.60237540254998,38.62858261690545,41.96594483424607,0.6918539641278443,4.02921618146847,0.0,0.0,0.5865294164390491,0.026207214355466135
535,37.958058845181924,96,1152,12,5,1,6,37.958058845181924,256,0.2603448888888889,38.21840373407081,38.21840373407081,38.22780373407081,38.23660674161164,38.26275699272771,40.75435680555323,0.3046981475457855,2.796297960371305,0.0,0.0,0.008803007540826968,0.026150251116071388
536,37.983011435314495,64,4736,11,1,0,1,38.00324598611093,4544,0.07554133333333334,38.07878731944427,38.07878731944427,38.10809843055538,39.04796445284295,39.07426883516717,40.73495137818363,1.0912573998526724,2.751939942869136,0.0202345507964381,0.0,0.9398660222875677,0.026304382324219944
537,38.00600229072279,160,2240,106,3,0,,38.00600229072279,256,0.5658311111111111,38.5718334018339,38.5718334018339,38.58727784627835,38.588329057600966,38.61411925942388,42.732026995193976,0.6081169687010899,4.726024704471186,0.0,0.0,0.0010512113226184283,0.025790201822914582
538,38.07629549061394,128,640,152,3,0,,38.5718334018339,256,0.11658666666666667,38.68842006850057,38.68842006850057,38.69497562405613,38.71728494952805,38.742957556949925,42.03116615535022,0.6666620663359879,3.9548706647362835,0.49553791121996227,0.0,0.022309325471923103,0.025672607421874716
539,38.12765155604467,64,4800,7,1,0,1,38.12765155604467,4608,0.07573333333333333,38.203384889378,38.203384889378,38.233051556044664,39.126879064659356,39.15323081026482,40.81398878052738,1.0255792542201547,2.6863372244827133,0.0,0.0,0.8938275086146916,0.02635174560546716
540,38.28220040032479,64,4864,7,5,1,1,38.28220040032479,4160,0.21814755555555557,38.50034795588034,38.50034795588034,38.530370178102565,38.55057292697251,38.576780446503754,40.231508953990726,0.2945800461789645,1.9493085536659365,0.0,0.0,0.020202748869941445,0.02620751953124767
541,38.4078741459765,160,1664,0,7,1,1,38.4078741459765,640,0.29743644444444445,38.70531059042094,38.70531059042094,38.717555034865384,38.71909897483191,38.74499643576941,42.885395787052886,0.3371222897929087,4.477521641076386,0.0,0.0,0.0015439399665240217,0.025897460937500227
542,38.47956691442365,64,1792,13,2,1,1,38.47956691442365,256,0.4400426666666667,38.91960958109031,38.91960958109031,38.93256513664587,38.937582758531875,38.9635576120475,40.594297930127865,0.4839906976238524,2.1147310157042156,0.0,0.0,0.00501762188600452,0.02597485351562767
543,38.50502321356606,64,1664,0,5,1,7,38.50502321356606,256,0.40410311111111114,38.909126324677175,38.909126324677175,38.921370769121616,38.9457739767772,38.97205649630845,40.62352916883447,0.46703328274238487,2.118505955268411,0.0,0.0,0.024403207655581127,0.02628251953125016
544,38.5327231199432,96,1280,145,2,0,2,38.91960958109031,1088,0.06517333333333333,38.98478291442365,38.98478291442365,38.994894025534755,39.0155087839225,39.04141483861,41.50833019854305,0.5086917186668032,2.9756070785998503,0.3868864611471139,0.0,0.020614758387743848,0.0259060546875034
545,38.54800393299692,160,2368,30,6,0,6,38.70081136527563,2176,0.06843733333333334,38.76924869860896,38.76924869860896,38.78540425416452,38.79552359370778,38.82186999437742,43.01151031013264,0.2738660613805024,4.463506377135722,0.1528074322787063,0.0,0.010119339543258832,0.02634640066964522
546,38.55887685536568,64,512,2,2,0,1,38.98478291442365,0,0.15175822222222224,39.13654113664587,39.13654113664587,39.14238558109031,39.145157660875626,39.17102543431312,40.80251121137787,0.6121485789474406,2.243634356012187,0.4259060590579651,0.0,0.0027720797853163504,0.02586777343749702
547,38.704644072670824,128,1280,129,7,1,2,38.70531059042094,256,0.29628444444444446,39.00159503486539,39.00159503486539,39.0117061459765,39.02990073264441,39.05574838889441,42.35362830658414,0.3511043162235836,3.6489842339133176,0.0006665177501190556,0.0,0.018194586667910073,0.02584765625000074
548,38.75542916343999,128,2368,122,3,1,4,38.75542916343999,256,0.6017706666666667,39.35719983010666,39.35719983010666,39.373355385662215,39.38493143390305,39.41071092609055,42.706392555089806,0.65528176265056,3.9509633916498146,0.0,0.0,0.011576048240833359,0.025779492187503195
549,38.783278796980824,64,2944,14,6,1,2,38.783278796980824,256,0.7634986666666667,39.54677746364749,39.54677746364749,39.56613301920304,39.5847535392993,39.61111869229409,41.272674860913895,0.827839895313268,2.4893960639330714,0.0,0.0,0.018620520096256143,0.02636515299479214
550,38.87731791760516,160,1408,8,1,0,1,38.87731791760516,1216,0.06555733333333334,38.94287525093849,38.94287525093849,38.953697473160716,39.36406235323357,39.39043216524529,43.57342339869921,0.5131142476401251,4.696105481094051,0.0,0.0,0.410364880072855,0.02636981201171551
551,38.908620571559766,96,2944,6,3,0,3,39.35719983010666,2752,0.07016533333333333,39.427365163439994,39.427365163439994,39.44672071899555,39.4622713753093,39.48816175616867,41.95326137019397,0.5795411846089067,3.0446407986342052,0.44857925854689285,0.0,0.0155506563137493,0.025890380859372897
552,38.92464590311767,128,2304,106,5,1,3,38.92464590311767,256,0.5838008888888889,39.50844679200656,39.50844679200656,39.52424679200656,39.54626372287095,39.57234009005845,42.90468834852198,0.6476941869407753,3.980042445404308,0.0,0.0,0.02201693086438894,0.026076367187499727
553,39.08931696469891,160,896,32,0,1,5,39.08931696469891,256,0.1884657777777778,39.27778274247669,39.27778274247669,39.28576052025446,39.308430888054325,39.33466314716891,43.451156156609024,0.2453461824700014,4.361839191910114,0.0,0.0,0.022670367799861424,0.026232259114586043
554,39.16080300459735,160,2304,50,7,1,5,39.16080300459735,256,0.5838008888888889,39.744603893486236,39.744603893486236,39.760403893486234,39.779681006081915,39.805586686420455,43.986921014917456,0.6447836818231067,4.8261180103201085,0.0,0.0,0.01927711259568099,0.025905680338539128
555,39.25184335208749,128,2624,26,2,1,3,39.25184335208749,256,0.6736497777777778,39.925493129865266,39.925493129865266,39.94307090764305,39.947285688219374,39.97323498834958,43.28168501339779,0.7213916362620907,4.0298416613103,0.0,0.0,0.004214780576326405,0.025949300130207575
556,39.27528249085757,160,1280,81,2,0,2,39.925493129865266,1088,0.06517333333333333,39.9906664631986,39.9906664631986,40.00077757430971,40.02513505345375,40.05103928057429,44.1994080252018,0.7757567897167164,4.924125534344228,0.650210639007696,0.0,0.024357479144043737,0.02590422712053453
557,39.34352802234817,128,3200,2,1,0,1,39.34352802234817,3072,0.05315555555555555,39.39668357790372,39.39668357790372,39.4174613556815,39.78603793917107,39.812410680870286,43.15159182085323,0.4688826585221193,3.80806379850506,0.0,0.0,0.36857658348956335,0.02637274169921966
558,39.493521165814656,160,4928,7,5,0,5,39.50844679200656,4736,0.07611733333333334,39.584564125339895,39.584564125339895,39.614941903117675,39.62480615451157,39.651274416230315,43.83348528862614,0.15775325041565935,4.339964122811487,0.014925626191903518,0.0,0.009864251393892687,0.0264682617187475
559,39.55425911831883,96,2176,1,6,0,6,39.55425911831883,2048,0.050083555555555555,39.604342673874385,39.604342673874385,39.619431562763275,39.637484333570136,39.663807087476386,42.17078439867431,0.10954796915755338,2.616525280355475,0.0,0.0,0.018052770806860963,0.02632275390624983
560,39.62479600755804,96,2240,138,3,0,3,39.62479600755804,2048,0.06805333333333334,39.69284934089137,39.69284934089137,39.70829378533582,39.7211971565593,39.7471207754209,42.2143476332148,0.12232476786286384,2.5895516256567603,0.0,0.0,0.012903371223480065,0.025923618861604325
561,39.63310132586443,128,1664,0,5,0,5,39.63310132586443,1536,0.04854755555555555,39.68164888141999,39.68164888141999,39.69389332586443,39.704212404511566,39.730572593313646,43.06371959852198,0.0974712674492153,3.430618272657547,0.0,0.0,0.010319078647135882,0.02636018880208013
562,39.68653461240027,128,2176,1,4,1,6,39.68653461240027,256,0.5478613333333333,40.2343959457336,40.2343959457336,40.24948483462249,40.25718847537502,40.283586424593764,43.60470563032295,0.5970518121934916,3.918171017922674,0.0,0.0,0.007703640752524166,0.026397949218747385
563,39.787991754195694,160,4800,11,1,0,1,39.787991754195694,4608,0.07573333333333333,39.863725087529026,39.863725087529026,39.89339175419569,39.917969421104665,39.94437778699008,44.129803310576065,0.15638603279438712,4.341811556380371,0.0,0.0,0.024577666908975004,0.026408365885416174
564,39.874696679777806,128,960,32,0,0,0,39.874696679777806,768,0.06421333333333333,39.93891001311114,39.93891001311114,39.94724334644447,39.96438385029391,39.99043438740329,43.27191504332778,0.11573770762548463,3.3972183635499746,0.0,0.0,0.01714050384943988,0.026050537109377103
565,40.04021411274976,160,256,21,1,0,1,40.04021411274976,0,0.07987911111111111,40.12009322386087,40.12009322386087,40.124515446083095,40.129250020063,40.15558183768995,44.3392610626222,0.11536772494019232,4.299046949872441,0.0,0.0,0.004734573979902734,0.02633181762695358
566,40.126146626978894,96,2240,34,7,0,7,40.126146626978894,2048,0.06805333333333334,40.194199960312226,40.194199960312226,40.20964440475667,40.22014397808712,40.24608364047552,42.725405552677884,0.11993701349662444,2.59925892569899,0.0,0.0,0.010499573330449152,0.025939662388395845
567,40.20009866412432,96,2176,1,0,1,4,40.20009866412432,2048,0.050083555555555555,40.25018221967987,40.25018221967987,40.26527110856876,40.27657940693454,40.30260711689547,42.759973637077785,0.10250845277115417,2.559874972953466,0.0,0.0,0.011308298365776182,0.026027709960935397
568,40.317745711117894,96,2048,0,4,0,5,40.317745711117894,0,0.5830328888888889,40.90077860000678,40.90077860000678,40.915156377784555,40.93973535037502,40.96576920454169,43.4484629545417,0.6480234934237927,3.1307172434238026,0.0,0.0,0.02457897259046149,0.026033854166669812
569,40.34480547237808,160,1664,0,5,0,5,40.34480547237808,1536,0.04854755555555555,40.393353027933635,40.393353027933635,40.405597472378076,40.414658075084475,40.44076525281885,44.615735972219895,0.09595978044077214,4.270930499841818,0.0,0.0,0.009060602706398413,0.02610717773437443
570,40.47032698484484,64,1216,89,0,0,0,40.47032698484484,1024,0.06498133333333334,40.535308318178174,40.535308318178174,40.54506387373373,40.5629110719736,40.588856286817354,42.21967549254653,0.1185293019725151,1.74934850770169,0.0,0.0,0.017847198239870465,0.025945214843751785
571,40.5190506033898,160,4096,5,4,0,1,40.90077860000678,0,1.1580657777777779,42.05884437778456,42.05884437778456,42.084599933340115,42.08569433475002,42.11206705610419,46.286673053825545,1.5930164527143873,5.767622450435745,0.38172799661698065,0.0,0.00109440140990813,0.02637272135416424
572,40.542214093228985,96,5248,3,2,0,2,40.542214093228985,5120,0.05929955555555556,40.60151364878454,40.60151364878454,40.633669204340094,40.646025371534115,40.67217283247162,43.151508825246744,0.1299587392426318,2.6092947320177586,0.0,0.0,0.012356167194020884,0.02614746093750142
573,40.556450660542055,96,4352,27,7,1,4,40.556450660542055,256,1.1588337777777777,41.715284438319834,41.715284438319834,41.742462216097614,41.75110916595914,41.77730027924039,44.309509882104955,1.2208496186983382,3.7530592215629,0.0,0.0,0.008646949861528697,0.02619111328125001
574,40.6149075694698,96,896,24,2,0,2,40.6149075694698,704,0.06402133333333333,40.678928902803136,40.678928902803136,40.68690668058091,40.69832078169037,40.72436765669037,43.203451403371744,0.10946008722056888,2.5885438339019444,0.0,0.0,0.01141410110945884,0.026046874999998693
575,40.660390129909864,96,1216,65,5,1,4,40.660390129909864,256,0.27831466666666665,40.93870479657653,40.93870479657653,40.94846035213209,40.96482164930323,40.99098864149073,43.489741733938644,0.3305985115808667,2.82935160402878,0.0,0.0,0.01636129717114443,0.026166992187498295
576,40.7187747568292,64,2176,1,0,0,0,40.7187747568292,2048,0.050083555555555555,40.76885831238475,40.76885831238475,40.78394720127364,40.79643558369235,40.82240400817152,42.4517300498382,0.10362925134231915,1.7329552930089989,0.0,0.0,0.01248838241870942,0.02596842447916714
577,40.7552841128559,96,2048,69,4,0,2,42.05884437778456,0,0.5830328888888889,42.64187726667345,42.64187726667345,42.65625504445122,42.666006997510436,42.692294595166686,45.17655035688545,1.9370104823107894,4.421266244029553,1.303560264928663,0.0,0.009751953059215168,0.026287597656249773
578,40.99513516501175,64,2432,30,6,0,6,40.99513516501175,2240,0.06862933333333333,41.06376449834509,41.06376449834509,41.0802756094562,41.08781221442952,41.114192178622226,42.773388809481595,0.1190570136104725,1.7782536444698422,0.0,0.0,0.007536604973317651,0.026379964192706495
579,41.12754183156092,96,960,24,2,0,2,41.12754183156092,768,0.06421333333333333,41.19175516489425,41.19175516489425,41.200088498227586,41.22139793012787,41.24748024039573,43.726524802894325,0.11993840883481255,2.598982971333406,0.0,0.0,0.021309431900284892,0.02608231026786001
580,41.218751624806856,64,2176,5,1,0,1,41.218751624806856,2048,0.050083555555555555,41.26883518036241,41.26883518036241,41.2839240692513,41.2860936205184,41.31229702453626,42.9667262377059,0.09354539972940046,1.7479746128990428,0.0,0.0,0.0021695512671016104,0.026203404017856258
581,41.43406033352154,64,4096,128,5,0,,41.43406033352154,0,1.1580657777777779,42.59212611129932,42.59212611129932,42.61788166685488,42.64049352430323,42.666825392792816,44.33085208550114,1.232765059271273,2.896791751979599,0.0,0.0,0.02261185744835359,0.02633186848958502
582,41.46460280185173,160,4480,35,5,0,5,42.59212611129932,4288,0.07477333333333333,42.666899444632655,42.666899444632655,42.694788333521544,42.71949059461573,42.745945951758586,46.92312122612615,1.2813431499068528,5.458518424274416,1.1275233094475894,0.0,0.024702261094184053,0.02645535714285785
583,41.661886647427615,64,2176,1,0,0,0,41.661886647427615,2048,0.050083555555555555,41.71197020298317,41.71197020298317,41.72705909187206,41.72928747171319,41.75509297301527,43.37441416442152,0.09320632558765851,1.7125275169939087,0.0,0.0,0.0022283798411351086,0.025805501302080813
584,41.96558599924072,128,3200,2,1,0,1,41.96558599924072,3072,0.05315555555555555,42.01874155479628,42.01874155479628,42.03951933257406,42.04451934596482,42.07077349635545,45.41859755815791,0.10518749711472708,3.45301155891719,0.0,0.0,0.005000013390763058,0.02625415039062773
585,41.98940115478013,64,2176,62,6,0,,41.98940115478013,256,0.5478613333333333,42.53726248811346,42.53726248811346,42.55235137700235,42.56403268968993,42.59020049567951,44.24874476651285,0.6007993408993784,2.2593436117327172,0.0,0.0,0.011681312687578327,0.026167805989580017
586,42.01263826099738,96,1216,141,3,0,,42.01263826099738,256,0.27831466666666665,42.290952927664044,42.290952927664044,42.3007084832196,42.3190937269648,42.34508347305855,44.78723956029813,0.33244521206117383,2.7746012993007554,0.0,0.0,0.01838524374520034,0.02598974609374949
587,42.028398376890884,160,4992,7,7,1,5,42.028398376890884,4096,0.2718648888888889,42.300263265779776,42.300263265779776,42.33099659911311,42.35362830658414,42.38018065033414,46.6379526718185,0.35178227344325563,4.609554294927619,0.0,0.0,0.022631707471035156,0.02655234374999793
588,42.03970394925422,64,1664,0,2,1,5,42.03970394925422,1536,0.04854755555555555,42.088251504809776,42.088251504809776,42.10049594925422,42.11006432940243,42.13612056312638,43.77903212711308,0.09641661387216516,1.7393281778588587,0.0,0.0,0.009568380148209599,0.026056233723956268
589,42.13571444317114,64,768,20,0,1,6,42.13571444317114,512,0.0814151111111111,42.21712955428225,42.21712955428225,42.22439622094892,42.24552822692153,42.271301745801736,43.88864785582777,0.13558730263059715,1.7529334126566312,0.0,0.0,0.021132005972610557,0.02577351888020729
590,42.16019699506437,64,256,1,3,0,0,42.290952927664044,0,0.07987911111111111,42.370832038775156,42.370832038775156,42.37525426099738,42.397064430089806,42.42283908829293,44.0263387627721,0.262642093228564,1.866141767707731,0.13075593259967633,0.0,0.021810169092425724,0.025774658203125966
591,42.17632379574386,128,1664,0,2,0,2,42.17632379574386,1536,0.04854755555555555,42.22487135129942,42.22487135129942,42.23711579574386,42.24035038083471,42.26637388808918,45.58130012764011,0.09005009234531514,3.4049763318962505,0.0,0.0,0.003234585090851283,0.026023507254464562
592,42.209532328583045,96,704,128,4,0,,42.64187726667345,256,0.13455644444444445,42.77643371111789,42.77643371111789,42.783344822229,42.79744986860419,42.82355064985419,45.30719758995836,0.6140183212711463,3.097665261375319,0.4323449380904023,0.0,0.014105046375192387,0.026100781250001148
593,42.35191696656979,64,4864,11,1,0,1,42.35191696656979,4672,0.07592533333333334,42.42784229990312,42.42784229990312,42.45786452212534,42.46464434596483,42.49106531415679,44.15618291437071,0.13914834758700323,1.8042659478009213,0.0,0.0,0.006779823839487165,0.026420968191963823
594,42.41589643125554,160,1024,32,0,0,0,42.41589643125554,832,0.06440533333333334,42.48030176458887,42.48030176458887,42.488990653477764,42.503158858431945,42.5288381390309,46.65173087991629,0.11294170777536294,4.2358344486607535,0.0,0.0,0.014168204954181363,0.025679280598957632
595,42.451019646618,128,1664,0,2,0,2,42.451019646618,1536,0.04854755555555555,42.49956720217356,42.49956720217356,42.511811646618,42.52663581610257,42.552637647157255,45.86647356339625,0.10161800053925418,3.4154539167782474,0.0,0.0,0.014824169484569438,0.026001831054685454
596,42.5182366653483,96,1664,0,2,0,2,42.5182366653483,1536,0.04854755555555555,42.566784220903855,42.566784220903855,42.5790286653483,42.60464277411038,42.63062487046455,45.11365046943698,0.11238820511625391,2.595413804088686,0.0,0.0,0.025614108762084697,0.025982096354169926
597,42.60066454984843,160,1664,0,2,0,2,42.60066454984843,1536,0.04854755555555555,42.64921210540399,42.64921210540399,42.66145654984843,42.68259052801663,42.70855698309476,46.84720549698999,0.10789243324632736,4.246540947141561,0.0,0.0,0.021133978168201395,0.02596645507812667
598,42.68554205295454,128,4480,39,6,0,6,42.68554205295454,4288,0.07477333333333333,42.76031538628787,42.76031538628787,42.78820427517676,42.79953700284097,42.82603195726806,46.18584258552327,0.14048990431351882,3.5003005325687297,0.0,0.0,0.011332727664211006,0.02649495442708627
599,42.79139290111599,64,5248,3,2,0,2,42.79139290111599,5120,0.05929955555555556,42.850692456671545,42.850692456671545,42.8828480122271,42.890335840516634,42.91645094172402,44.566974884855824,0.12505804060803172,1.7755819837398334,0.0,0.0,0.007487828289534093,0.026115101207388136
600,42.930072513435,160,1472,8,1,0,1,42.930072513435,1280,0.06574933333333334,42.99582184676834,42.99582184676834,43.00699962454611,43.01969938223715,43.04607689339787,47.20976509559281,0.11600437996286672,4.279692582157807,0.0,0.0,0.012699757691038371,0.026377511160717404
601,42.94502057907764,128,1344,17,6,0,6,42.94502057907764,1152,0.06536533333333333,43.010385912410975,43.010385912410975,43.02085257907764,43.03814141364827,43.06444789151285,46.42234307380452,0.11942731243520655,3.4773224947268773,0.0,0.0,0.017288834570628353,0.026306477864579847
602,42.97744564270439,160,4224,47,3,0,,42.97744564270439,256,1.1228942222222222,44.10033986492661,44.10033986492661,44.126806531593274,44.128847551834596,44.15519301081897,48.33124694148304,1.1777473681145807,5.353801298778649,0.0,0.0,0.0020410202413216894,0.026345458984373238
603,43.03085277036085,96,704,96,4,0,4,43.03085277036085,512,0.06344533333333334,43.094298103694186,43.094298103694186,43.101209214805294,43.11069147016669,43.136670962354195,45.624209113395864,0.10581819199334319,2.593356343035012,0.0,0.0,0.009482255361398018,0.02597949218750273
604,43.05128926411777,96,2048,39,7,0,6,43.05128926411777,0,0.5830328888888889,43.63432215300666,43.63432215300666,43.64869993078443,43.66643224538621,43.693136957300275,46.234871617131006,0.6418476931825055,3.183582353013236,0.0,0.0,0.01773231460177982,0.026704711914064205
605,43.09688899891049,96,832,20,0,0,0,43.09688899891049,640,0.06382933333333334,43.16071833224382,43.16071833224382,43.16834055446604,43.16961816832778,43.19519165465591,45.65845132146207,0.09830265574542096,2.5615623225515805,0.0,0.0,0.0012776138617383026,0.025573486328127615
606,43.14528980440709,96,5248,3,2,0,2,43.14528980440709,5120,0.05929955555555556,43.20458935996265,43.20458935996265,43.2367449155182,43.25550430050716,43.28168501339779,45.76334926094089,0.1363952089906988,2.6180594565338,0.0,0.0,0.018759384988960903,0.0261807128906284
607,43.14546644193908,160,1280,61,5,1,3,43.14546644193908,256,0.29628444444444446,43.441750886383524,43.441750886383524,43.45186199749463,43.46327037977198,43.489741733938644,47.6495318706574,0.3442752919995655,4.50406542871832,0.0,0.0,0.011408382277345197,0.026471354166666572
608,43.15861763998066,160,2176,54,3,0,,44.10033986492661,256,0.5478613333333333,44.64820119825994,44.64820119825994,44.66329008714883,44.682204729568966,44.70846270482938,48.88581818171741,1.5498450648487179,5.7272005417367495,0.9417222249459485,0.0,0.018914642420135408,0.026257975260413957
609,43.1924973326769,96,3200,2,1,0,1,43.1924973326769,3072,0.05315555555555555,43.245652888232456,43.245652888232456,43.26643066601024,43.283292260306354,43.30966537693582,45.81196048947301,0.1171680442589178,2.619463156796108,0.0,0.0,0.016861594296116778,0.026373116629464732
610,43.25265118479342,160,2176,1,0,0,0,43.25265118479342,2048,0.050083555555555555,43.302734740348974,43.302734740348974,43.317823629237864,43.323084086296525,43.3487488812184,47.49174431230096,0.09609769642497668,4.239093127507537,0.0,0.0,0.005260457058660961,0.025664794921873124
611,43.2735905752911,96,704,60,5,0,5,43.441750886383524,512,0.06344533333333334,43.50519621971686,43.50519621971686,43.512107330827966,43.51637981987614,43.542802590058436,46.01868201714177,0.2692120147673336,2.7450914418506684,0.16816031109242147,0.0,0.004272489048176453,0.02642277018229322
612,43.3313346178685,128,4096,67,6,0,,43.3313346178685,0,1.1580657777777779,44.48940039564628,44.48940039564628,44.515155951201834,44.539683487215974,44.56631809008056,47.942784968335765,1.2349834722120576,4.6114503504672655,0.0,0.0,0.024527536014140594,0.026634602864582746
613,43.377844518227356,128,1664,4,0,0,0,43.377844518227356,1472,0.06632533333333333,43.44416985156069,43.44416985156069,43.45641429600513,43.476754301140275,43.50239570739028,46.80945751217075,0.12455118916292207,3.4316129939433964,0.0,0.0,0.020340005135146555,0.025641406250002774
614,43.37884909380568,96,2176,70,6,0,,44.48940039564628,256,0.5478613333333333,45.03726172897961,45.03726172897961,45.0523506178685,45.07246831794514,45.09896721931233,47.61807305427327,1.7201181255066516,4.239223960467591,1.1105513018406015,0.0,0.020117700076639267,0.026498901367190797
615,43.41738397051402,128,4416,15,4,1,6,43.41738397051402,4160,0.0923591111111111,43.509743081625125,43.509743081625125,43.537276414958455,43.5523604154792,43.57853277876045,46.91872676476305,0.16114880824643052,3.501342794249034,0.0,0.0,0.015084000520744212,0.026172363281247613
616,43.44577334530758,160,512,1,3,0,0,44.64820119825994,0,0.15175822222222224,44.79995942048216,44.79995942048216,44.8058038649266,44.81380914037626,44.83993918594918,49.01782362605335,1.3941658406415982,5.572050280745771,1.2024278529523613,0.0,0.008005275449654903,0.02613004557291987
617,43.62553470909099,128,4544,19,0,0,0,43.62553470909099,4352,0.07496533333333334,43.70050004242432,43.70050004242432,43.72874448686877,43.73319033629652,43.75909870218194,47.07306509680617,0.13356399309094513,3.447530387715176,0.0,0.0,0.004445849427753501,0.025908365885413787
618,43.6966421858661,64,3200,2,1,0,1,43.6966421858661,3072,0.05315555555555555,43.74979774142165,43.74979774142165,43.77057551919943,43.78528212265754,43.81177779788076,45.47119879513708,0.1151356120146616,1.7745566092709808,0.0,0.0,0.014706603458108702,0.026495675223216608
619,43.805327743353594,160,4096,35,7,0,5,43.805327743353594,0,1.1580657777777779,44.96339352113137,44.96339352113137,44.98914907668693,45.00497179616746,45.031808547469545,49.24945828705289,1.2264808041159512,5.444130543699295,0.0,0.0,0.015822719480532044,0.02683675130208485
620,43.84142477339263,64,1664,0,2,0,2,43.84142477339263,1536,0.04854755555555555,43.88997232894819,43.88997232894819,43.90221677339263,43.910602300104145,43.936854924615865,45.58130012764011,0.0954301512232334,1.7398753542474807,0.0,0.0,0.008385526711514046,0.026252624511720057
621,43.8697474054455,64,2176,110,7,0,,44.96339352113137,256,0.5478613333333333,45.5112548544647,45.5112548544647,45.52634374335359,45.54179959564663,45.56845010834194,47.247531773381006,1.6987027028964405,3.3777843679355044,1.0936461156858712,0.0,0.015455852293037253,0.026650512695312045
622,43.914085170594866,64,3200,2,1,0,1,43.914085170594866,3072,0.05315555555555555,43.96724072615042,43.96724072615042,43.9880185039282,43.997261196318256,44.023768642607315,45.68115543576207,0.1096834720124491,1.767070265167206,0.0,0.0,0.009242692390053264,0.026507446289059544
623,43.957354900878435,64,2176,1,0,0,0,43.957354900878435,2048,0.050083555555555555,44.00743845643399,44.00743845643399,44.02252734532288,44.044729008171515,44.07075212015068,45.710664578298,0.11339721927224389,1.7533096774195656,0.0,0.0,0.022201662848637227,0.02602311197916407
624,44.079704129196074,64,768,60,5,0,5,44.079704129196074,576,0.06363733333333334,44.143341462529406,44.143341462529406,44.15060812919607,44.17435062065739,44.20043297742823,45.834227061087084,0.12072884823215446,1.7545229318910103,0.0,0.0,0.023742491461320014,0.026082356770835702
625,44.113152392454936,160,1344,113,1,0,1,44.113152392454936,1152,0.06536533333333333,44.17851772578827,44.17851772578827,44.188984392454934,44.208601534162376,44.23473246329184,48.372822450038484,0.12158007083690592,4.259670057583548,0.0,0.0,0.019617141707442443,0.02613092912946513
626,44.170872335708346,64,1664,0,2,0,2,44.170872335708346,1536,0.04854755555555555,44.219419891263904,44.219419891263904,44.231664335708345,44.252083039152694,44.27835556112535,45.91800774308375,0.10748322541700617,1.7471354073754028,0.0,0.0,0.020418703444349262,0.026272521972657614
627,44.28650551235134,128,1664,0,2,0,2,44.28650551235134,1536,0.04854755555555555,44.3350530679069,44.3350530679069,44.34729751235134,44.35717605673082,44.38339920126207,47.682813309489994,0.09689368891073258,3.396307797138654,0.0,0.0,0.009878544379482435,0.026223144531250853
628,44.565615072040764,64,3200,2,1,0,1,44.565615072040764,3072,0.05315555555555555,44.61877062759632,44.61877062759632,44.6395484053741,44.654754226684695,44.68108681597041,46.332043090384474,0.11547174392964621,1.76642801834371,0.0,0.0,0.015205821310594558,0.026332589285715358
629,44.596862033799766,160,4288,143,5,1,7,44.596862033799766,256,1.140864,45.73772603379977,45.73772603379977,45.76454825602199,45.781907236868335,45.808066904837084,49.98656482964178,1.2112048710373173,5.3897027958420125,0.0,0.0,0.017358980846346128,0.02615966796874858
630,44.70901065400774,64,2176,1,0,0,0,44.70901065400774,2048,0.050083555555555555,44.759094209563294,44.759094209563294,44.774183098452184,44.79959749775485,44.82563837387092,46.46841876356585,0.11662771986318177,1.759408109558109,0.0,0.0,0.025414399302668755,0.02604087611607042
631,44.75590933531101,128,1664,4,0,0,0,44.759094209563294,1536,0.04854755555555555,44.80764176511885,44.80764176511885,44.81988620956329,44.82563837387092,44.85165113021858,48.17262810136346,0.09574179490756762,3.4167187660524476,0.0031848742522839757,0.0,0.005752164307629926,0.02601275634765443
632,44.773838054902996,128,1664,0,2,0,2,44.773838054902996,1536,0.04854755555555555,44.822385610458554,44.822385610458554,44.834630054902995,44.85362008749254,44.879653995912676,48.18035957413843,0.10581594100968061,3.406521519235433,0.0,0.0,0.01899003258954224,0.026033908420139085
633,44.776403536382276,128,2176,1,0,0,0,44.80764176511885,2048,0.050083555555555555,44.857725320674405,44.857725320674405,44.872814209563295,44.877664374847484,44.90368352632318,48.22515417558221,0.12727998994090228,3.448750639199936,0.031238228736576445,0.0,0.004850165284189245,0.026019151475694002
634,44.90816531469682,160,768,56,2,0,2,44.90816531469682,576,0.06363733333333334,44.97180264803015,44.97180264803015,44.979069314696815,44.98379451240573,45.00976472724948,49.15306103084415,0.10159941255266602,4.244895716147333,0.0,0.0,0.0047251977089146635,0.025970214843752615
635,44.995638818992816,96,512,3,4,0,2,44.995638818992816,0,0.15175822222222224,45.14739704121504,45.14739704121504,45.15324148565948,45.17655035688545,45.20260328657295,47.708160358513055,0.20696446758013565,2.712521539520239,0.0,0.0,0.023308871225971473,0.026052929687502058
636,45.025587802797766,128,4480,15,4,0,4,45.14739704121504,4288,0.07477333333333333,45.22217037454837,45.22217037454837,45.25005926343726,45.2547106107917,45.280953856234404,48.64254186892972,0.25536605343663865,3.616954066131953,0.12180923841727065,0.0,0.004651347354439395,0.026243245442707064
637,45.13250805973911,128,2304,34,3,1,7,45.13250805973911,256,0.5838008888888889,45.716308948628,45.716308948628,45.732108948627996,45.754798398188754,45.780940365962195,49.124453020584596,0.6484323062230857,3.991944960845487,0.0,0.0,0.022689449560758135,0.02614196777344091
638,45.27947469424183,128,1664,0,2,0,2,45.27947469424183,1536,0.04854755555555555,45.328022249797385,45.328022249797385,45.340266694241826,45.34753523506199,45.37350715889011,48.680199214437906,0.0940324646482864,3.4007245201960785,0.0,0.0,0.007268540820163594,0.025971923828123522
639,45.621496691702525,160,1280,45,4,0,4,45.621496691702525,1088,0.06517333333333333,45.68667002503586,45.68667002503586,45.69678113614697,45.7042456124193,45.730714460075546,49.926207640414084,0.10921776837302133,4.304710948711559,0.0,0.0,0.0074644762723323765,0.026468847656246908
640,45.81966966264779,64,4224,135,3,0,,45.81966966264779,256,1.1228942222222222,46.94256388487001,46.94256388487001,46.969030551536676,46.983998715571566,47.010343149165315,48.67475216609241,1.1906734865175252,2.8550825034446206,0.0,0.0,0.014968164034890208,0.026344433593749272
641,45.97337971640705,128,1856,9,1,0,1,45.97337971640705,1664,0.06690133333333334,46.040281049740386,46.040281049740386,46.053592160851494,46.0721175532751,46.09810790972041,49.38214575733015,0.12472819331335927,3.4087660409230978,0.0,0.0,0.01852539242360507,0.025990356445312557
642,46.06326926223761,128,2816,10,0,0,0,46.06326926223761,2624,0.06978133333333333,46.13305059557094,46.13305059557094,46.15169504001539,46.1545891737221,46.18073895399554,49.51073166697916,0.11746969175792543,3.4474624047415503,0.0,0.0,0.0028941337067109885,0.026149780273435397
643,46.41622105982481,128,2880,10,0,0,0,46.41622105982481,2688,0.06997333333333333,46.48619439315814,46.48619439315814,46.505194393158135,46.52074821390067,46.54694377054129,49.877330230037195,0.13072271071648345,3.4611091702123886,0.0,0.0,0.01555382074253231,0.026195556640622897
644,46.45641944838778,96,2176,90,7,0,,46.45641944838778,256,0.5478613333333333,47.00428078172111,47.00428078172111,47.01936967061,47.036346226506005,47.062742710881004,49.565261346948716,0.6063232624932269,3.1088418985609394,0.0,0.0,0.016976555896007994,0.026396484374998863
645,46.56944403434376,128,1216,12,5,0,5,46.56944403434376,1024,0.06498133333333334,46.634425367677096,46.634425367677096,46.64418092323265,46.65897693901677,46.68538917046208,50.012981089407404,0.11594513611832014,3.4435370550636435,0.0,0.0,0.014796015784114047,0.02641223144531324
646,46.578619788096105,64,5248,3,2,0,2,46.578619788096105,5120,0.05929955555555556,46.63791934365166,46.63791934365166,46.670074899207215,46.69079924699,46.71686573462021,48.36606208878687,0.13824594652410127,1.7874423006907634,0.0,0.0,0.02072434778278165,0.026066487630210133
647,46.81764079147998,64,1920,9,1,0,1,46.81764079147998,1728,0.06709333333333334,46.88473412481331,46.88473412481331,46.89840079147998,46.89966206824906,46.92550130164749,48.5540237846739,0.1078605101675123,1.7363829931939208,0.0,0.0,0.001261276769078279,0.02583923339843608
648,46.83524598235184,96,704,44,5,0,5,46.83524598235184,512,0.06344533333333334,46.89869131568518,46.89869131568518,46.905602426796285,46.92312122612615,46.94905787163396,49.42664686089178,0.11381188928211827,2.591400878539936,0.0,0.0,0.017518799329863555,0.025936645507812273
649,46.86857518370947,96,4416,23,4,0,4,46.86857518370947,4224,0.07458133333333333,46.9431565170428,46.9431565170428,46.97068985037613,46.970825885856804,46.997152668083366,49.515092161898465,0.12857748437389915,2.6465169781889983,0.0,0.0,0.00013603548067209204,0.026326782226561818
650,46.932223694940426,160,4544,15,2,1,4,46.932223694940426,256,1.212743111111111,48.144966806051535,48.144966806051535,48.17321125049598,48.18035957413843,48.206887039958744,52.390571105713946,1.2746633450183182,5.45834741077352,0.0,0.0,0.0071483236424469965,0.0265274658203154
651,47.06403747956665,128,2176,1,0,0,0,47.06403747956665,2048,0.050083555555555555,47.1141210351222,47.1141210351222,47.12920992401109,47.15160621008742,47.177767749800964,50.5039563112314,0.11373027023431348,3.439918831664748,0.0,0.0,0.022396286076329375,0.026161539713541515
652,47.32843797523641,64,1536,8,1,0,1,47.32843797523641,1344,0.06594133333333334,47.39437930856975,47.39437930856975,47.40591264190308,47.41666809038447,47.44250439409541,49.0715501518614,0.1140664188589966,1.7431121766249902,0.0,0.0,0.010755448481390317,0.025836303710939035
653,47.508929018981334,128,1664,0,1,1,2,47.508929018981334,1536,0.04854755555555555,47.55747657453689,47.55747657453689,47.56972101898133,47.571693236868846,47.5975271235876,50.88664893778142,0.0885981046062625,3.3777199188000893,0.0,0.0,0.001972217887512784,0.02583388671875042
654,47.59293920686558,160,2560,22,0,0,0,47.59293920686558,2304,0.08679111111111111,47.67973031797669,47.67973031797669,47.696952540198915,47.70114470292596,47.72733407467075,51.88872515365606,0.1343948678051703,4.295785946790481,0.0,0.0,0.004192162727044035,0.026189371744791856
655,47.61830771494573,64,4416,147,3,0,3,47.61830771494573,4224,0.07458133333333333,47.69288904827906,47.69288904827906,47.720422381612394,47.72182742650907,47.748318556066366,49.419451392980434,0.13001084112063666,1.8011436780347054,0.0,0.0,0.0014050448966784757,0.026491129557292936
656,47.67577949986522,160,5248,3,6,1,2,47.67577949986522,4416,0.2548551111111111,47.930634610976334,47.930634610976334,47.96279016653189,47.96279016653189,47.99035266653189,52.34440955129752,0.3145731666666691,4.668630051432295,0.0,0.0,0.0,0.027562500000001933
657,47.7167861135577,96,1344,129,7,0,7,47.7167861135577,1152,0.06536533333333333,47.782151446891035,47.782151446891035,47.7926181135577,47.80526224213101,47.83152363536018,50.333317662052885,0.11473752180247487,2.616531548495182,0.0,0.0,0.012644128573306546,0.026261393229169983
658,47.72351998649198,160,1664,0,1,0,1,47.72351998649198,1536,0.04854755555555555,47.77206754204754,47.77206754204754,47.78431198649198,47.804215795462596,47.830049779837594,51.958342500815604,0.10652979334561508,4.234822514323625,0.0,0.0,0.01990380897061783,0.025833984374997954
659,48.060666774874306,96,1984,9,1,0,1,48.060666774874306,1792,0.06728533333333334,48.12795210820764,48.12795210820764,48.14197433042986,48.16593601030634,48.19179510628848,50.652190148718915,0.13112833141417468,2.591523373844609,0.0,0.0,0.02396167987647857,0.025859095982141866
660,48.28843350007587,160,1664,4,0,0,0,48.28843350007587,1536,0.04854755555555555,48.336981055631426,48.336981055631426,48.34922550007587,48.35665136796502,48.38285459062127,52.540438207041475,0.09442109054540282,4.252004706965607,0.0,0.0,0.007425867889153892,0.026203222656249636
661,48.326254236048975,128,2368,50,7,0,7,48.326254236048975,2176,0.06843733333333334,48.39469156938231,48.39469156938231,48.41084712493787,48.43567044525601,48.46191434174038,51.83562804616747,0.1356601056914073,3.509373810118497,0.0,0.0,0.024823320318141384,0.026243896484373863
662,48.42481600062308,64,4288,47,3,0,3,48.42481600062308,4096,0.07419733333333334,48.49901333395641,48.49901333395641,48.525835556178635,48.542258269608034,48.56875607234241,50.24870774063668,0.143940071719328,1.8238917400136003,0.0,0.0,0.016422713429399494,0.026497802734375853
663,48.550132733649725,160,2304,46,2,0,2,48.550132733649725,2112,0.06824533333333334,48.618378066983055,48.618378066983055,48.634178066983054,48.65403148982853,48.680199214437906,52.858390929932696,0.13006648078818017,4.308258196282971,0.0,0.0,0.019853422845478974,0.026167724609372556
664,48.69887447685356,64,4096,0,6,0,1,48.69887447685356,0,1.1580657777777779,49.85694025463134,49.85694025463134,49.882695810186895,49.89334436575064,49.920642705594396,51.64142249075064,1.2217682287408351,2.942548013897081,0.0,0.0,0.010648555563747664,0.027298339843753183
665,48.769191100034824,128,4416,83,5,0,5,48.769191100034824,4224,0.07458133333333333,48.84377243336816,48.84377243336816,48.87130576670149,48.873597300344905,48.89992811089178,52.278675490449075,0.13073701085695433,3.5094843904142508,0.0,0.0,0.0022915336434152778,0.026330810546873806
666,48.7805593689815,160,2944,10,0,0,0,48.7805593689815,2752,0.07016533333333333,48.850724702314835,48.850724702314835,48.87008025787039,48.88080859452752,48.907059001428564,53.06276535547898,0.12649963244706441,4.28220598649748,0.0,0.0,0.01072833665713091,0.026250406901041856
667,48.81909979196325,64,2368,34,3,0,3,48.81909979196325,2176,0.06843733333333334,48.88753712529658,48.88753712529658,48.90369268085214,48.91226483699085,48.9386538018346,50.622390846105425,0.11955400987135079,1.8032910541421785,0.0,0.0,0.008572156138711762,0.026388964843746976
668,48.91740757014271,96,5248,3,7,1,6,48.91740757014271,4096,0.343744,49.26115157014271,49.26115157014271,49.29330712569826,49.30143078054247,49.32781163991747,51.862850824487786,0.4104040697747635,2.9454432543450793,0.0,0.0,0.008123654844204964,0.026380859375002785
669,48.993988765015196,96,3008,10,0,0,0,48.993988765015196,2816,0.07035733333333334,49.06434609834853,49.06434609834853,49.084057209459644,49.09082552161085,49.11711046859746,51.60165093490606,0.12312170358226382,2.6076621698908653,0.0,0.0,0.006768312151208988,0.026284946986606883
670,49.11209425457993,64,1664,4,0,0,0,49.11209425457993,1536,0.04854755555555555,49.16064181013549,49.16064181013549,49.17288625457993,49.195968239244785,49.22219583934244,50.86946618148809,0.11010158476251064,1.7573719269081636,0.0,0.0,0.02308198466485578,0.026227600097655568
671,49.20881234496483,64,2368,46,2,0,2,49.20881234496483,2176,0.06843733333333334,49.27724967829816,49.27724967829816,49.29340523385372,49.313181636312905,49.33969270402124,51.000123351807694,0.1308803590564125,1.791311006842868,0.0,0.0,0.019776402459186215,0.026511067708334224
672,49.23520591614694,64,256,21,1,0,1,49.23520591614694,0,0.07987911111111111,49.31508502725805,49.31508502725805,49.319507249480274,49.3306370659239,49.3563911674864,50.99094483621892,0.12118525133946179,1.755738920071984,0.0,0.0,0.01112981644362776,0.025754101562498022
673,49.38476562794129,128,1472,37,0,1,6,49.38476562794129,256,0.35019377777777777,49.73495940571907,49.73495940571907,49.74613718349684,49.74658804253719,49.77273550347469,53.08878830469773,0.38796987553340045,3.7040226767564377,0.0,0.0,0.00045085904034891655,0.02614746093750142
674,49.56742053456586,64,2176,5,1,0,1,49.56742053456586,2048,0.050083555555555555,49.617504090121415,49.617504090121415,49.632592979010305,49.639184331548904,49.6649620659239,51.304970096635586,0.09754153135803989,1.7375495620697237,0.0,0.0,0.006591352538599438,0.025777734374997863
675,49.572923757308416,96,2176,5,1,0,1,49.617504090121415,2048,0.050083555555555555,49.66758764567697,49.66758764567697,49.68267653456586,49.69074028858015,49.71656629769473,52.194083576268476,0.14364254038631685,2.6211598189600593,0.044580332812998336,0.0,0.008063754014294489,0.02582600911458144
676,49.617525698075454,64,4480,55,3,0,3,49.617525698075454,4160,0.11032888888888889,49.72785458696434,49.72785458696434,49.75574347585323,49.765779517980434,49.79260471329293,51.493133033605424,0.17507901521747726,1.8756073355299705,0.0,0.0,0.010036042127204325,0.026825195312497385
677,49.75801753439524,64,1344,45,4,0,4,49.75801753439524,1152,0.06536533333333333,49.823382867728576,49.823382867728576,49.83384953439524,49.84916931033596,49.87484826541409,51.495628701612006,0.11683073101884389,1.7376111672167625,0.0,0.0,0.015319775940717761,0.025678955078127785
678,49.778962942964604,128,256,19,2,0,0,49.778962942964604,0,0.07987911111111111,49.858842054075716,49.858842054075716,49.86326427629794,49.870016597250405,49.89618883846134,53.22328367081811,0.11722589549673756,3.4443207278535084,0.0,0.0,0.006752320952465141,0.02617224121093642
679,49.82762579603624,64,3200,2,1,0,1,49.82762579603624,3072,0.05315555555555555,49.88078135159179,49.88078135159179,49.90155912936957,49.923191948736395,49.949126937575684,51.59215641785559,0.12150114153944713,1.764530621819354,0.0,0.0,0.02163281936682182,0.02593498883928902
680,49.971121639898655,160,4608,15,2,0,2,49.971121639898655,4416,0.07515733333333334,50.04627897323199,50.04627897323199,50.07487897323199,50.07940819881291,50.105799116781654,54.31224460831811,0.1346774768829988,4.341122968419455,0.0,0.0,0.004529225580917284,0.026390917968747374
681,49.98651664528722,96,3200,2,1,0,1,49.98651664528722,3072,0.05315555555555555,50.03967220084277,50.03967220084277,50.060449978620554,50.07880920599086,50.1048251972018,52.58715394510862,0.11830855191458056,2.6006372998214005,0.0,0.0,0.018359227370304154,0.026015991210940115
682,50.01900036569424,160,2048,42,4,0,,50.01900036569424,0,0.5830328888888889,50.60203325458313,50.60203325458313,50.6164110323609,50.61913732791409,50.644972777132836,54.74118188357816,0.625972411438596,4.722181517883918,0.0,0.0,0.0027262955531881516,0.025835449218746476
683,50.14317618735552,128,3200,2,1,0,1,50.14317618735552,3072,0.05315555555555555,50.19633174291108,50.19633174291108,50.21710952068886,50.234912477475234,50.26099179605162,53.58031346122727,0.1178156086960982,3.4371372738717483,0.0,0.0,0.017802956786376,0.0260793185763859
684,50.366657508156685,160,2176,1,0,0,0,50.366657508156685,2048,0.050083555555555555,50.41674106371224,50.41674106371224,50.43182995260113,50.45173878193452,50.477847302442335,54.63643067007161,0.11118979428565012,4.269773161914927,0.0,0.0,0.019908829333395772,0.02610852050781176
685,50.38211948414452,96,512,2,2,0,1,50.38211948414452,0,0.15175822222222224,50.53387770636674,50.53387770636674,50.53972215081118,50.554519429281655,50.58072751847436,53.06580564347436,0.19860803432984397,2.683686159329845,0.0,0.0,0.01479727847047485,0.026208089192707007
686,50.41266617414154,64,4608,35,5,0,5,50.41266617414154,4352,0.09293511111111111,50.50560128525265,50.50560128525265,50.53420128525265,50.5566187847199,50.583837290579275,52.252351564667826,0.17117111643773342,1.8396853905262844,0.0,0.0,0.022417499467252355,0.027218505859373465
687,50.4403428898099,160,1280,85,5,0,5,50.50560128525265,1088,0.06517333333333333,50.570774618585986,50.570774618585986,50.580885729697094,50.583837290579275,50.61052495333969,54.811346877167814,0.17018206352979348,4.371003987357916,0.06525839544275414,0.0,0.00295156088218107,0.02668766276041623
688,50.45516899263493,64,2176,5,1,0,1,50.45516899263493,2048,0.050083555555555555,50.505252548190484,50.505252548190484,50.520341437079374,50.52181183728426,50.547894307987384,52.194083576268476,0.09272531535245321,1.7389145836335445,0.0,0.0,0.0014704002048873122,0.026082470703123306
689,50.54936306641048,160,1344,33,1,0,1,50.54936306641048,1152,0.06536533333333333,50.61472839974381,50.61472839974381,50.62519506641048,50.62614464978426,50.652190148718915,54.805521909460346,0.10282708230843696,4.256158843049867,0.0,0.0,0.0009495833737815929,0.02604549893465702
690,50.63443680482693,128,2176,1,0,0,0,50.63443680482693,2048,0.050083555555555555,50.684520360382486,50.684520360382486,50.699609249271376,50.712828242034966,50.73893334457403,54.05979362580078,0.10449653974709605,3.425356820973846,0.0,0.0,0.01321899276359062,0.02610510253906284
691,50.70190418180119,96,2432,50,7,0,7,50.70190418180119,2240,0.06862933333333333,50.770533515134524,50.770533515134524,50.78704462624564,50.79045413666226,50.81711315358935,53.37832886810757,0.11520897178815659,2.676424686306383,0.0,0.0,0.003409510416624073,0.026659016927084167
692,50.72965294273435,96,832,60,5,0,5,50.72965294273435,640,0.06382933333333334,50.79348227606768,50.79348227606768,50.8011044982899,50.824043833548025,50.850414439016774,53.349209914277196,0.1207614962824266,2.619556971542849,0.0,0.0,0.02293933525812264,0.02637060546874892
693,50.94967685664131,64,2176,66,3,0,,50.94967685664131,256,0.5478613333333333,51.49753818997464,51.49753818997464,51.51262707886353,51.51262707886353,51.53868957886353,53.18009997925416,0.5890127222222219,2.230423122612848,0.0,0.0,0.0,0.026062500000001876
694,51.04083205799521,96,512,7,4,0,7,51.04083205799521,0,0.15175822222222224,51.19259028021743,51.19259028021743,51.19843472466187,51.213476195101585,51.23912398155992,53.68091833377348,0.19829192356471026,2.640086275778266,0.0,0.0,0.015041470439712157,0.025647786458335986
695,51.074608025068116,96,1664,0,1,0,1,51.074608025068116,1536,0.04854755555555555,51.123155580623674,51.123155580623674,51.135400025068115,51.148092541297046,51.17424325744288,53.65851960981501,0.09963523237476579,2.583911584746893,0.0,0.0,0.012692516228931083,0.026150716145835418
696,51.15577467960657,64,5120,7,7,0,7,51.15577467960657,4864,0.0944711111111111,51.250245790717685,51.250245790717685,51.28169023516213,51.2970589543706,51.32393517507372,53.030085785425285,0.1681604954671485,1.8743111058187125,0.0,0.0,0.015368719208467496,0.02687622070312301
697,51.17805500243019,128,4416,111,5,0,5,51.17805500243019,4160,0.0923591111111111,51.2704141135413,51.2704141135413,51.29794744687463,51.29878943901678,51.32532420464178,54.680070021699066,0.14726920221158935,3.5020150192688746,0.0,0.0,0.0008419921421491949,0.026534765625001455
698,51.20622667102344,160,1664,0,1,0,1,51.20622667102344,1536,0.04854755555555555,51.254774226578995,51.254774226578995,51.267018671023436,51.278851004838714,51.304970096635586,55.46065279596208,0.09874342561214888,4.254426124938647,0.0,0.0,0.011832333815277707,0.026119091796871885
699,51.23366502768756,160,2048,9,1,0,1,51.254774226578995,1856,0.06747733333333333,51.32225155991233,51.32225155991233,51.336629337690106,51.35721548509044,51.38332656907482,55.539449155554095,0.1496615413872604,4.305784127866538,0.021109198891437586,0.0,0.02058614740033704,0.026111083984375227
700,51.23635542033069,64,2048,2,6,0,1,51.23635542033069,0,0.5830328888888889,51.819388309219576,51.819388309219576,51.83376608699735,51.83482825246939,51.86164392629752,53.51506262746939,0.6252885059668287,2.2787072071387016,0.0,0.0,0.001062165472042409,0.026815673828124886
701,51.338803800518626,64,1152,16,1,0,1,51.338803800518626,896,0.0825671111111111,51.42137091162974,51.42137091162974,51.430770911629736,51.43555020188732,51.46161274627652,53.10989545652689,0.12280894575789603,1.7710916560082666,0.0,0.0,0.004779290257580726,0.0260625443892053
702,51.34965941047149,128,2176,1,0,0,0,51.34965941047149,2048,0.050083555555555555,51.39974296602704,51.39974296602704,51.41483185491593,51.41863024398809,51.444774592132624,54.76759326772786,0.09511518166113575,3.417933857256372,0.0,0.0,0.003798389072159125,0.026144348144534035
703,51.36877929817914,96,2048,71,3,0,5,51.49753818997464,0,0.5830328888888889,52.08057107886353,52.08057107886353,52.0949488566413,52.11218811401978,52.138224979254154,54.6384588659729,0.7694456810750125,3.2696795677937587,0.12875889179549915,0.0,0.017239257378477646,0.026036865234374318
704,51.3771244764579,96,2304,158,5,0,5,51.3771244764579,2112,0.06824533333333334,51.44536980979123,51.44536980979123,51.46116980979123,51.48454305229803,51.51101237195949,54.01360810763657,0.1338878955015872,2.6364836311786704,0.0,0.0,0.02337324250679984,0.026469319661458712
705,51.42705454599781,160,4928,11,1,0,1,51.42705454599781,4736,0.07611733333333334,51.50317187933115,51.50317187933115,51.53354965710893,51.539803309131635,51.56597961935299,55.722620643998106,0.1389250733551748,4.295566098000293,0.0,0.0,0.006253652022707001,0.02617631022135214
706,51.51970065567289,128,4096,53,3,0,7,52.08057107886353,0,1.1580657777777779,53.23863685664131,53.23863685664131,53.26439241219686,53.28418298706666,53.310693973394784,56.713346317144776,1.7909933177218917,5.193645661471884,0.5608704231906358,0.0,0.019790574869794852,0.026510986328126762
707,51.5287286797725,128,5248,3,7,0,7,51.5287286797725,5120,0.05929955555555556,51.58802823532805,51.58802823532805,51.62018379088361,51.646487909448716,51.67350646413622,55.069775232349876,0.14477778436371835,3.5410465525773773,0.0,0.0,0.026304118565107615,0.02701855468750125
708,51.57498926874925,64,3200,2,1,0,1,51.57498926874925,3072,0.05315555555555555,51.628144824304805,51.628144824304805,51.648922602082585,51.670576162173774,51.6967521875644,53.34522832590361,0.12176291881515056,1.7702390571543631,0.0,0.0,0.02165356009118824,0.026176025390626023
709,51.70089211445099,96,1664,0,1,0,1,51.70089211445099,1536,0.04854755555555555,51.749439670006545,51.749439670006545,51.761684114450986,51.775283193423775,51.80143305820743,54.28372067839974,0.1005409437564424,2.582828563948752,0.0,0.0,0.013599078972788448,0.026149864783654664
710,51.808515292352986,128,5184,7,7,0,7,51.808515292352986,4992,0.07688533333333333,51.88540062568632,51.88540062568632,51.91720062568632,51.944135980737784,51.97134081472216,55.35896064843525,0.16282552236917525,3.550445356082264,0.0,0.0,0.026935355051463716,0.027204833984377785
711,51.91392029306893,96,4096,127,4,0,,51.91392029306893,0,1.1580657777777779,53.071986070846705,53.071986070846705,53.09774162640226,53.111649453565136,53.13776061892972,55.59395696495837,1.2238403258607917,3.6800366718894466,0.0,0.0,0.013907827162874753,0.02611116536458269
712,51.950372740910296,160,3200,2,1,0,1,51.950372740910296,3072,0.05315555555555555,52.00352829646585,52.00352829646585,52.02430607424363,52.03686947835467,52.06307579596284,56.2165243915567,0.11270305505254186,4.266151650646407,0.0,0.0,0.012563404111034515,0.026206317608171048
713,52.00364171345788,160,2048,150,6,0,,52.00364171345788,0,0.5830328888888889,52.58667460234677,52.58667460234677,52.60105238012454,52.604524297391265,52.63053137746939,56.8219536012417,0.6268896640115074,4.818311887783821,0.0,0.0,0.0034719172667223575,0.02600708007812358
714,52.04149265853946,96,2176,5,1,0,1,52.04149265853946,2048,0.050083555555555555,52.091576214095014,52.091576214095014,52.106665102983904,52.115489896022936,52.141687301156864,54.62284883003326,0.10019464261740296,2.581356171493802,0.0,0.0,0.008824793039032386,0.026197405133927987
715,52.0677882871385,64,4608,39,5,1,6,52.0677882871385,256,1.230712888888889,53.298501176027386,53.298501176027386,53.327101176027384,53.349209914277196,53.37577998263657,55.04804336154282,1.3079916954980746,2.980255074404319,0.0,0.0,0.02210873824981263,0.026570068359376364
716,52.23731168698218,64,2176,5,1,0,1,52.23731168698218,2048,0.050083555555555555,52.287395242537734,52.287395242537734,52.302484131426624,52.3251638985341,52.35136950250045,53.997221269971256,0.11405781551826522,1.7599095829890743,0.0,0.0,0.022679767107476323,0.026205603966346303
717,52.294380741488425,128,3008,6,0,1,3,52.294380741488425,256,0.7814684444444445,53.07584918593287,53.07584918593287,53.09556029704398,53.1148924713644,53.14108815007533,56.49312138691498,0.8467074085869086,4.198740645426554,0.0,0.0,0.019332174320418005,0.02619567871093409
718,52.324088262040554,64,4224,107,3,0,,53.23863685664131,256,1.1228942222222222,54.36153107886353,54.36153107886353,54.38799774553019,54.398064823004155,54.4247733190979,56.126270877691645,2.1006850570573476,3.802182615651091,0.9145485946007526,0.0,0.010067077473962627,0.026708496093746703
719,52.37771938993882,128,4096,5,6,0,1,52.58667460234677,0,1.1580657777777779,53.74474038012455,53.74474038012455,53.7704959356801,53.77525549856313,53.80176648489126,57.163349597335454,1.4240470949524422,4.785630207396636,0.20895521240795034,0.0,0.00475956288303081,0.026510986328126762
720,52.40194596621906,128,640,84,4,0,,53.071986070846705,256,0.11658666666666667,53.188572737513375,53.188572737513375,53.19512829306893,53.21609704471097,53.242010008578156,56.51858520389066,0.8400640423590957,4.116639237671599,0.6700401046276454,0.0,0.020968751642037375,0.025912963867185113
721,52.45591256255482,64,1216,16,1,0,1,52.45591256255482,1024,0.06498133333333334,52.52089389588816,52.52089389588816,52.530649451443715,52.534822402139866,52.560987929483616,54.205528173516925,0.10507536692879427,1.7496156109621026,0.0,0.0,0.004172950696151645,0.026165527343749773
722,52.45919074708429,128,4096,123,6,0,3,53.74474038012455,0,1.1580657777777779,54.902806157902326,54.902806157902326,54.92856171345788,54.94220081106313,54.968889124865214,58.314067899744316,2.5096983777809214,5.854877152660023,1.2855496330402545,0.0,0.013639097605249617,0.02668831380208303
723,52.59742140601018,128,2304,82,7,0,7,52.59742140601018,2112,0.06824533333333334,52.66566673934351,52.66566673934351,52.681466739343506,52.70605590261278,52.73305570730028,56.08839254482661,0.13563430129010356,3.490971138816434,0.0,0.0,0.02458916326927607,0.026999804687498852
724,52.657894989481534,128,640,116,4,0,,53.188572737513375,256,0.11658666666666667,53.305159404180046,53.305159404180046,53.3117149597356,53.31975182986722,53.345546263460975,56.62146899295316,0.6876512739794407,3.963574003471628,0.5306777480318416,0.0,0.008036870131618912,0.02579443359375233
725,52.7092455564051,64,4480,111,2,1,5,52.7092455564051,256,1.1947733333333332,53.90401888973843,53.90401888973843,53.93190777862732,53.93346579972436,53.96072019425561,55.63168039933374,1.2514746378505066,2.922434842928638,0.0,0.0,0.0015580210970398412,0.027254394531247783
726,52.773085526659244,64,1344,81,1,1,2,52.773085526659244,256,0.3142542222222222,53.08733974888147,53.08733974888147,53.097806415548135,53.10989545652689,53.13604246674324,54.77938584175201,0.3629569400839969,2.0063003150927656,0.0,0.0,0.012089040978757737,0.026147010216348576
727,52.83571897390703,96,4352,87,0,0,0,53.07584918593287,4160,0.07438933333333334,53.1502385192662,53.1502385192662,53.17741629704398,53.19348097234096,53.219863687184706,55.72067961736048,0.38414471327767785,2.8849606434534536,0.24013021202583928,0.0,0.016064675296973974,0.026382714843748545
728,52.88904431287366,160,2304,86,1,0,1,53.08733974888147,2112,0.06824533333333334,53.1555850822148,53.1555850822148,53.1713850822148,53.18833795201968,53.21448475028977,57.35504584802991,0.3254404374161126,4.466001535156252,0.19829543600781108,0.0,0.016952869804882198,0.0261467982700907
729,52.890374365968555,96,2048,80,6,0,7,54.902806157902326,0,0.5830328888888889,55.48583904679121,55.48583904679121,55.50021682456899,55.502757939969385,55.52928186575063,58.02507498796046,2.6389074997820785,5.134700621991904,2.0124317919337713,0.0,0.0025411154003975867,0.02652392578124818
730,52.93992865847635,96,1280,89,7,1,0,52.93992865847635,256,0.29628444444444446,53.23621310292079,53.23621310292079,53.2463242140319,53.27197177175341,53.29859970144091,55.80138635993078,0.3586710429645592,2.861457701454434,0.0,0.0,0.02564755772150562,0.02662792968749983
731,53.005373781411706,64,2368,86,1,0,1,53.1555850822148,2176,0.06843733333333334,53.224022415548134,53.224022415548134,53.24017797110369,53.24063203684111,53.26678037668486,54.91027215360097,0.2614065952731579,1.9048983721892654,0.1502113008030932,0.0,0.00045406573742212686,0.026148339843750534
732,53.157021334956056,160,2368,82,7,0,7,53.23621310292079,2176,0.06843733333333334,53.30465043625413,53.30465043625413,53.320805991809685,53.32522811940966,53.35177824961799,57.52648120565715,0.19475691466193723,4.3694598707010925,0.07919176796473693,0.0,0.00442212759997318,0.026550130208335077
733,53.262335140597315,64,768,80,7,0,7,53.30465043625413,512,0.0814151111111111,53.38606554736524,53.38606554736524,53.39333221403191,53.40494332123257,53.43135160573778,55.095968591724876,0.16901646514046575,1.833633451127561,0.042315295656813134,0.0,0.011611107200664605,0.026408284505208712
734,53.27398402481478,96,1344,77,0,0,0,53.27398402481478,1088,0.0831431111111111,53.35712713592589,53.35712713592589,53.36759380259256,53.37817023015346,53.40443471583054,55.906049307301885,0.1304506910157599,2.6320652824871047,0.0,0.0,0.010576427560899049,0.02626448567708195
735,53.43745855308932,128,832,88,1,1,3,53.43745855308932,256,0.170496,53.60795455308932,53.60795455308932,53.615576775311546,53.632482744580635,53.65851960981501,56.968062547248664,0.22106105672568788,3.5306039941593426,0.0,0.0,0.016905969269089383,0.026036865234374318
736,53.513528691160104,96,1408,77,0,0,0,53.513528691160104,1216,0.06555733333333334,53.579086024493435,53.579086024493435,53.58990824671566,53.614568179372206,53.640754005265066,56.14542005227956,0.12722531410496174,2.6318913611194574,0.0,0.0,0.024659932656547312,0.026185825892859782
737,53.60494939014916,160,1152,101,2,0,,53.90401888973843,256,0.2603448888888889,54.16436377862732,54.16436377862732,54.17376377862732,54.17877292863061,54.20546628800561,58.38515603409936,0.6005168978564512,4.780206643950201,0.2990694995892724,0.0,0.0050091500032891645,0.0266933593750025
738,53.60576057742435,64,4672,15,7,1,2,53.60576057742435,256,1.2486826666666666,54.854443244091016,54.854443244091016,54.88339879964657,54.884559206649236,54.91111563801084,56.55783131435786,1.3053550605864928,2.952070736933514,0.0,0.0,0.0011604070026649538,0.026556431361605348
739,53.66727334545014,96,2240,62,5,1,6,53.66727334545014,256,0.5658311111111111,54.23310445656125,54.23310445656125,54.2485489010057,54.25409736544907,54.280663405488134,56.76187643736593,0.6133900600379931,3.0946030919157863,0.0,0.0,0.00554846444337187,0.026566040039064376
740,53.766637954461,64,832,80,4,1,7,53.766637954461,256,0.170496,53.937133954461,53.937133954461,53.94475617668322,53.966146239046914,53.991973680453164,55.61967649620837,0.2253357259921671,1.8530385417473738,0.0,0.0,0.02139006236369312,0.025827441406249818
741,53.79130082140189,64,4352,91,0,1,7,53.79130082140189,256,1.1588337777777777,54.95013459917967,54.95013459917967,54.97731237695745,54.977696783352854,55.00413389272786,56.680928125196225,1.2128330713259672,2.8896273037943345,0.0,0.0,0.0003844063954048238,0.026437109375002876
742,53.80461634372718,128,4416,91,0,0,0,54.95013459917967,4224,0.07458133333333333,55.024715932513004,55.024715932513004,55.052249265846335,55.057009576321605,55.083567763170564,58.46442520945962,1.2789514194433806,4.659808865732437,1.1455182554524868,0.0,0.004760310475269591,0.026558186848959053
743,53.88053723709106,96,2048,86,6,0,1,55.48583904679121,0,0.5830328888888889,56.0688719356801,56.0688719356801,56.083249713457874,56.08639710012564,56.112824834500636,58.59956409115056,2.2322875974095737,4.7190268540595,1.6053018097001512,0.0,0.0031473866677629303,0.026427734374998124
744,53.91175713292437,128,4672,19,0,0,0,55.024715932513004,4416,0.0931271111111111,55.11784304362411,55.11784304362411,55.14679859917967,55.16324525340494,55.1899084090969,58.57023770945962,1.2781512761725295,4.658480576535247,1.1129587995886325,0.0,0.016446654225269697,0.026663155691963425
745,53.92460646435163,128,4224,95,2,0,,54.16436377862732,256,1.1228942222222222,55.28725800084954,55.28725800084954,55.313724667516205,55.31501413956811,55.34163376847437,58.673952583578526,1.4170273041227333,4.749346119226892,0.23975731427568547,0.0,0.0012894720519085467,0.026619628906253467
746,53.99415646209072,160,1408,33,1,0,1,53.99415646209072,1216,0.06555733333333334,54.05971379542405,54.05971379542405,54.070536017646276,54.0753858207525,54.101413314742885,58.22822641443616,0.10725685265216356,4.234069952345436,0.0,0.0,0.004849803106225181,0.026027493990383732
747,54.03276907281964,160,4096,159,3,0,4,54.36153107886353,0,1.1580657777777779,55.51959685664131,55.51959685664131,55.54535241219686,55.55829333862915,55.58533500529582,59.7722051329465,1.5525659324761776,5.739436060126863,0.3287620060438883,0.0,0.012940926432285949,0.027041666666669073
748,54.122712518495405,160,4288,115,4,1,7,54.122712518495405,256,1.140864,55.263576518495405,55.263576518495405,55.29039874071763,55.30852245975004,55.33457626834379,59.46211832563545,1.2118637498483835,5.3394058071400465,0.0,0.0,0.018123719032409724,0.02605380859375117
749,54.170714022433195,128,4480,83,5,0,5,54.23310445656125,4288,0.07477333333333333,54.30787778989458,54.30787778989458,54.33576667878347,54.36036445529282,54.387056349824064,57.692460576645175,0.21634232739086912,3.5217465542119797,0.062390434128055006,0.0,0.024597776509345692,0.026691894531246874
750,54.173554134037104,64,1024,24,2,0,2,55.28725800084954,832,0.06440533333333334,55.351663334182874,55.351663334182874,55.360352223071764,55.368253885661865,55.39459433976343,57.043717264568116,1.2210402057263252,2.8701631305310116,1.1137038668124362,0.0,0.0079016625901005,0.026340454101564603
751,54.18074384873783,64,4288,131,1,1,5,54.18074384873783,256,1.140864,55.321607848737834,55.321607848737834,55.348430070960056,55.35555096219472,55.381860288366596,57.020059129279915,1.2011164396287626,2.839315280542081,0.0,0.0,0.007120891234663418,0.026309326171876535
752,54.19041393358907,96,1408,81,1,0,1,55.321607848737834,1216,0.06555733333333334,55.387165182071165,55.387165182071165,55.39798740429339,55.408170102819724,55.43441120525028,57.89452231287366,1.2439972716612075,3.704108379284591,1.1311939151487636,0.0,0.010182698526335798,0.026241102430553553
753,54.23120339279216,64,2048,93,3,0,,55.51959685664131,0,0.5830328888888889,56.102629745530194,56.102629745530194,56.11700752330797,56.126270877691645,56.15295821493123,57.816936177170824,1.9217548221390715,3.5857327843786635,1.2883934638491468,0.0,0.00926335438367687,0.026687337239586384
754,54.39818457402947,128,2176,118,3,0,,56.102629745530194,256,0.5478613333333333,56.650491078863524,56.650491078863524,56.665579967752414,56.6868074987854,56.713346317144776,60.03133517851943,2.315161743115304,5.6331506044899555,1.7044451715007227,0.0,0.02122753103298436,0.026538818359377103
755,54.401539827224354,128,896,80,5,1,4,54.401539827224354,256,0.1884657777777778,54.59000560500213,54.59000560500213,54.59798338277991,54.600609084199064,54.62709557508448,57.92333344177105,0.22555574786012755,3.521793614546695,0.0,0.0,0.002625701419155746,0.02648649088541788
756,54.652565513148,96,960,80,5,0,5,54.652565513148,768,0.06421333333333333,54.71677884648133,54.71677884648133,54.725112179814666,54.732754103730315,54.7589512065949,57.227146010081086,0.10638569344690296,2.5745804969330877,0.0,0.0,0.007641923915649329,0.026197102864585986
757,54.686546752210624,64,4096,80,2,0,5,55.351663334182874,0,1.1580657777777779,56.50972911196065,56.50972911196065,56.53548466751621,56.54386789933374,56.570171366130616,58.228572293864985,1.8836246139199915,3.542025541654361,0.6651165819722493,0.0,0.008383231817532533,0.02630346679687534
758,54.70270604180044,96,2368,98,5,1,0,54.71677884648133,256,0.6017706666666667,55.318549513148,55.318549513148,55.334705068703556,55.36076259982407,55.38684433810532,57.846486260238926,0.6841382963048801,3.1437802184384864,0.014072804680893114,0.0,0.026057531120514454,0.026081738281249045
759,54.72668555120836,128,256,108,0,0,,55.11784304362411,0,0.07987911111111111,55.197722154735224,55.197722154735224,55.20214437695745,55.21657205307012,55.24304379379277,58.622791127428364,0.5163582425844098,3.896105576220002,0.3911574924157506,0.0,0.014427676112667598,0.026471740722655568
760,54.80228941080351,64,1216,133,7,0,7,54.854443244091016,1024,0.06498133333333334,54.91942457742435,54.91942457742435,54.92918013297991,54.9376725576537,54.964109508337295,56.60938697842036,0.16182009753378424,1.8070975676168501,0.052153833287505336,0.0,0.008492424673789856,0.026436950683596194
761,54.81027144653991,96,1472,21,1,0,1,55.387165182071165,1152,0.10130488888888889,55.488470070960055,55.488470070960055,55.49964784873783,55.51322530572771,55.539449155554095,57.99726450037366,0.7291777090141878,3.1869930538337528,0.5768937355312573,0.0,0.013577456989878556,0.026223849826386925
762,54.81297222202686,128,704,84,4,0,4,55.263576518495405,512,0.06344533333333334,55.32702185182874,55.32702185182874,55.33393296293985,55.33457626834379,55.36051214073962,58.641270750765656,0.547539918712765,3.8282985287387987,0.4506042964685477,0.0,0.0006433054039405306,0.02593587239583428
763,54.84531855236346,96,1088,80,5,0,5,55.318549513148,832,0.08237511111111111,55.40092462425911,55.40092462425911,55.40996906870355,55.41292656466782,55.43891736870428,57.897714179075734,0.5935988163408226,3.0523956267122756,0.47323096078454086,0.0,0.0029574959642673093,0.025990804036460702
764,54.846363355981104,64,2048,83,2,0,5,56.50972911196065,0,0.5830328888888889,57.09276200084954,57.09276200084954,57.107139778627314,57.123438455974366,57.1498694862478,58.80464203670353,2.3035061302666975,3.9582786807224224,1.663365755979548,0.0,0.01629867734705215,0.02643103027343585
765,54.95907428908815,96,1344,89,7,0,7,54.95907428908815,1152,0.06536533333333333,55.02443962242148,55.02443962242148,55.03490628908815,55.04342329007557,55.069775232349876,57.55257195621518,0.11070094326172608,2.593497667127032,0.0,0.0,0.008517000987424694,0.026351942274303042
766,55.08128723192212,128,640,112,6,0,,56.0688719356801,256,0.11658666666666667,56.18545860234677,56.18545860234677,56.19201415790233,56.192110967313134,56.21835445689647,59.53162238263122,1.137067224974352,4.450335150709101,0.9875847037579817,0.0,9.680941080603134e-05,0.026243489583336554
767,55.16026680296906,128,1152,80,7,1,5,55.16026680296906,640,0.15367822222222222,55.31394502519129,55.31394502519129,55.32334502519129,55.33274342431416,55.35896064843525,58.67572928043393,0.19869384546618818,3.5154624774648653,0.0,0.0,0.009398399122872547,0.02621722412109051
768,55.16894306379409,128,1344,85,5,0,5,55.40092462425911,1152,0.06536533333333333,55.466289957592444,55.466289957592444,55.47675662425911,55.490900441620944,55.51684470780398,58.79577090495619,0.34790164400989454,3.626827841162104,0.23198156046502305,0.0,0.01414381736183401,0.025944266183039133
769,55.177125595687855,128,896,88,1,0,1,55.488470070960055,704,0.06402133333333333,55.55249140429339,55.55249140429339,55.56046918207117,55.56569177030019,55.591845361880054,58.875134617561145,0.4147197661921993,3.6980090218732897,0.3113444752722003,0.0,0.0052225882290244385,0.02615359157986319
770,55.23414572122703,160,4416,87,0,0,0,55.23414572122703,4224,0.07458133333333333,55.308727054560364,55.308727054560364,55.336260387893695,55.3489356394959,55.37548560694382,59.59893024398808,0.14133988571678913,4.364784522761049,0.0,0.0,0.01267525160220373,0.026549967447920153
771,55.262986426282524,128,4672,35,0,1,5,55.308727054560364,256,1.2486826666666666,56.55740972122703,56.55740972122703,56.58636527678259,56.60029775410248,56.62717405618581,59.98922125961308,1.3641876299032845,4.726234833330558,0.045740628277840756,0.0,0.01393247731989078,0.026876302083330472
772,55.46444650696847,128,4608,83,7,1,5,55.46444650696847,256,1.230712888888889,56.69515939585736,56.69515939585736,56.72375939585736,56.738540624253694,56.76472726976151,60.08132843059204,1.3002807627930366,4.616881923623566,0.0,0.0,0.014781228396337553,0.026186645507813466
773,55.46928032289902,64,5248,7,7,0,7,56.69515939585736,5056,0.07707733333333333,56.772236729190695,56.772236729190695,56.80439228474625,56.81710202562088,56.843565013902136,58.494492854652684,1.374284691003119,3.0252125317536667,1.2258790729583424,0.0,0.012709740874633724,0.02646298828125282
774,55.627767309107554,128,704,104,4,0,4,55.627767309107554,512,0.06344533333333334,55.69121264244089,55.69121264244089,55.698123753552,55.72284202355212,55.74854485558337,59.0345924467292,0.12077754647581429,3.406825137621645,0.0,0.0,0.024718270000121834,0.02570283203125001
775,55.835266241537546,96,768,104,4,0,4,55.835266241537546,576,0.06363733333333334,55.89890357487088,55.89890357487088,55.906170241537545,55.928478351677114,55.95412980024482,58.40679262576566,0.11886355870727527,2.5715263842281146,0.0,0.0,0.022308110139569237,0.02565144856770729
776,55.960959488184656,128,1216,101,5,1,2,55.960959488184656,256,0.27831466666666665,56.23927415485132,56.23927415485132,56.24902971040688,56.26944082945577,56.295354098498734,59.56606495606297,0.334394610314078,3.6051054678783103,0.0,0.0,0.02041111904888737,0.025913269042966647
777,56.39142880092842,160,2176,114,3,0,,56.650491078863524,256,0.5478613333333333,57.198352412196854,57.198352412196854,57.213441301085744,57.214363081467695,57.24065934611613,61.38265960885796,0.8492305451877087,4.99123080792954,0.25906227793510084,0.0,0.0009217803819510095,0.026296264648436818
778,56.50357659201312,128,1216,93,2,0,,57.09276200084954,256,0.27831466666666665,57.371076667516206,57.371076667516206,57.380832223071764,57.38777073136499,57.41403821183374,60.747761828370194,0.910461619820623,4.244185236357076,0.5891854088364212,0.0,0.006938508293224288,0.02626748046875349
779,56.580875801532876,96,2240,70,6,0,6,56.580875801532876,2048,0.06805333333333334,56.64892913486621,56.64892913486621,56.664373579310656,56.66456848684438,56.69079811854081,59.16988419206202,0.10992231700793553,2.5890083905291448,0.0,0.0,0.00019490753372508607,0.026229631696431
780,56.69797760598391,64,2432,82,4,1,7,56.69797760598391,256,0.6197404444444444,57.317718050428354,57.317718050428354,57.33422916153947,57.34430444217191,57.37020004764066,59.008365721468785,0.6722224416567499,2.3103881154848764,0.0,0.0,0.01007528063244223,0.025895605468747362
781,56.7194689510541,64,768,84,5,1,4,56.7194689510541,256,0.15252622222222223,56.87199517327632,56.87199517327632,56.879261839942984,56.89133828167397,56.917167261166156,58.5388435503555,0.19769831011205952,1.8193745993014048,0.0,0.0,0.012076441730982879,0.02582897949218932
782,56.74652351946435,128,2368,106,5,0,5,56.87199517327632,2176,0.06843733333333334,56.94043250660965,56.94043250660965,56.95658806216521,56.968826684994276,56.99469332995955,60.25915705133207,0.24816981049520592,3.5126335318677206,0.1254716538119709,0.0,0.012238622829066514,0.025866644965276464
783,56.74692771382189,160,896,20,0,0,0,56.74692771382189,704,0.06402133333333333,56.810949047155226,56.810949047155226,56.818926824933,56.84186787128997,56.868461621289974,61.05640353574352,0.12153390746808412,4.30947582192163,0.0,0.0,0.022941046356969252,0.026593750000003524
784,56.775668701776475,128,1216,80,7,0,7,56.775668701776475,1024,0.06498133333333334,56.84065003510981,56.84065003510981,56.85040559066537,56.870028490464634,56.89634741950109,60.20999949178995,0.12067871772461558,3.434330790013476,0.0,0.0,0.019622899799266236,0.026318929036456495
785,56.848321278933156,160,832,84,5,0,5,56.94043250660965,640,0.06382933333333334,57.004261839942984,57.004261839942984,57.01188406216521,57.02056046320608,57.04638194758108,61.13231558614035,0.19806066864792626,4.283994307207195,0.09211122767649726,0.0,0.008676401040872861,0.02582148437500109
786,56.89390085255088,64,4352,115,6,1,4,56.89390085255088,256,1.1588337777777777,58.05273463032866,58.05273463032866,58.07991240810644,58.10349576432765,58.129833752608896,59.76559489937228,1.2359329000580175,2.8716940468214034,0.0,0.0,0.02358335622120933,0.02633798828124867
787,56.95819591816091,160,1472,81,1,0,1,56.95819591816091,1280,0.06574933333333334,57.02394525149425,57.02394525149425,57.03512302927202,57.04583295740491,57.07159801274345,61.24297333477655,0.1134020945825398,4.28477741661564,0.0,0.0,0.010709928132889956,0.0257650553385389
788,57.10301650299169,160,1280,80,7,0,7,57.10301650299169,1088,0.06517333333333333,57.16818983632503,57.16818983632503,57.178300947436135,57.18588786546463,57.21211268410302,61.33524936158161,0.10909618111132602,4.232232858589917,0.0,0.0,0.007586918028493983,0.02622481863838999
789,57.28976013517614,160,512,89,7,0,7,57.28976013517614,0,0.15175822222222224,57.44151835739836,57.44151835739836,57.4473628018428,57.44815802450481,57.47426526327434,61.592255383717024,0.18450512809820196,4.302495248540886,0.0,0.0,0.0007952226620062675,0.02610723876953358
790,57.30786660614769,160,1152,149,3,0,,57.30786660614769,256,0.2603448888888889,57.56821149503658,57.56821149503658,57.57761149503658,57.582555220139575,57.60871020060833,61.74708322771957,0.3008435944606376,4.43921662157188,0.0,0.0,0.004943725102997121,0.02615498046875331
791,57.34912757418374,160,4672,83,1,1,7,57.34912757418374,256,1.2486826666666666,58.59781024085041,58.59781024085041,58.62676579640596,58.63811703943615,58.664292332404905,62.91212695619583,1.3151647582211652,5.562999382012087,0.0,0.0,0.011351243030190972,0.026175292968751762
792,57.369386311359925,160,1408,129,5,1,7,57.369386311359925,1024,0.11889066666666667,57.48827697802659,57.48827697802659,57.499099200248814,57.5116307648554,57.537478176964775,61.621640856573045,0.16809186560485045,4.25225454521312,0.0,0.0,0.01253156460658289,0.025847412109378354
793,57.41834440026977,128,4352,131,1,0,1,58.59781024085041,4160,0.07438933333333334,58.67219957418374,58.67219957418374,58.69937735196152,58.71664438318615,58.74305820154552,62.12899115704218,1.324713801275756,4.710646756772412,1.1794658405806402,0.0,0.017267031224626805,0.026413818359372954
794,57.48002330921805,64,256,80,3,0,7,57.56821149503658,0,0.07987911111111111,57.64809060614769,57.64809060614769,57.652512828369915,57.66102162638958,57.68700616414999,59.328177824073734,0.2069828549319439,1.8481545148556862,0.08818818581853094,0.0,0.008508798019661867,0.025984537760415094
795,57.49653658980936,96,4096,80,2,0,7,57.49653658980936,0,1.1580657777777779,58.65460236758714,58.65460236758714,58.680357923142694,58.699775825766025,58.725991646078526,61.223632433838944,1.2294550562691668,3.7270958440295843,0.0,0.0,0.01941790262333143,0.026215820312501137
796,57.50555455038333,96,2240,114,4,1,3,57.50555455038333,256,0.5658311111111111,58.07138566149444,58.07138566149444,58.08683010593889,58.095475242953164,58.121415672640666,60.62724039594794,0.6158611222573356,3.1216858455646133,0.0,0.0,0.008645137014276827,0.025940429687501876
797,57.53421929667813,160,896,84,5,0,5,57.53421929667813,704,0.06402133333333333,57.59824063001147,57.59824063001147,57.60621840778924,57.6150233429804,57.64083526592074,61.72466543339596,0.10661596924261119,4.190446136717831,0.0,0.0,0.008804935191157881,0.025811922940341958
798,57.56693759793503,160,2432,34,0,1,3,57.56693759793503,256,0.6197404444444444,58.18667804237948,58.18667804237948,58.20318915349059,58.22539033222747,58.25194780990604,62.406272726676285,0.6850102119710115,4.839335128741254,0.0,0.0,0.022201178736878546,0.02655747767857264
799,57.676204956749594,64,4288,107,7,1,3,57.676204956749594,256,1.140864,58.817068956749594,58.817068956749594,58.843891178971816,58.85745840641049,58.88364776187924,60.51905046835245,1.207442805129645,2.842845511602853,0.0,0.0,0.01356722743867067,0.026189355468751785
800,57.73248521451802,64,4224,75,4,0,,58.07138566149444,256,1.1228942222222222,59.19427988371666,59.19427988371666,59.220746550383325,59.221066567822945,59.24784814334378,60.915127440218775,1.515362928825759,3.1826422257007536,0.3389004469764174,0.0,0.0003200174396198463,0.026781575520836043
801,57.84429924469523,64,1280,137,5,0,5,57.84429924469523,1024,0.0829511111111111,57.92725035580634,57.92725035580634,57.93736146691745,57.94897030002998,57.97460610325263,59.591750936965745,0.13030685855740387,1.7474516922705163,0.0,0.0,0.011608833112525474,0.025635803222655795
802,57.848345011727965,64,3200,2,3,1,1,57.848345011727965,3072,0.05315555555555555,57.90150056728352,57.90150056728352,57.9222783450613,57.94683461467083,57.97291265829062,59.615753089140696,0.12456764656265307,1.7674080774127319,0.0,0.0,0.024556269609526282,0.026078043619790492
803,57.910586726459194,128,1536,81,5,1,1,57.92725035580634,256,0.3681635555555556,58.2954139113619,58.2954139113619,58.30694724469523,58.307915978740915,58.33357054688328,61.59588514743843,0.42298382042408633,3.6852984209792368,0.016663629347149822,0.0,0.0009687340456849824,0.025654568142364553
804,57.91657604562019,96,2048,88,2,0,1,58.65460236758714,0,0.5830328888888889,59.237635256476025,59.237635256476025,59.2520130342538,59.278315376547276,59.30452859269311,61.80103038305769,1.3879525470729206,3.8844543374375036,0.7380263219669487,0.0,0.0263023422934765,0.02621321614583394
805,57.93181923978526,64,512,70,7,0,6,58.817068956749594,0,0.15175822222222224,58.968827178971814,58.968827178971814,58.974671623416256,58.988410066566736,59.0144448972959,60.646132987883696,1.0826256575106399,2.7143137480984336,0.8852497169643314,0.0,0.013738443150479895,0.026034830729166458
806,57.961919667257064,160,1408,85,5,0,5,58.2954139113619,1216,0.06555733333333334,58.36097124469523,58.36097124469523,58.37179346691745,58.38488114801175,58.41054032769925,62.49857277810203,0.44862066044218807,4.536653110844966,0.3334942441048341,0.0,0.01308768109429792,0.02565917968750142
807,57.97661440268914,96,960,84,6,1,5,58.05273463032866,256,0.20643555555555557,58.259170185884216,58.259170185884216,58.26750351921755,58.28787193620265,58.314067899744316,60.77746629539163,0.33745349705517924,2.8008518927024966,0.07612022763952098,0.0,0.02036841698510017,0.02619596354166731
808,58.22604974027693,128,2240,90,3,1,7,58.22604974027693,256,0.5658311111111111,58.791880851388036,58.791880851388036,58.807325295832484,58.80766786662396,58.83376196539628,62.13771799334457,0.6077122251193501,3.9116682530676457,0.0,0.0,0.0003425707914743725,0.02609409877231883
809,58.27171125885732,160,1024,84,6,0,6,58.27171125885732,832,0.06440533333333334,58.336116592190656,58.336116592190656,58.34480548107955,58.366114872400566,58.3920517213589,62.51793120308322,0.1203404625015736,4.246219944225899,0.0,0.0,0.021309391321018722,0.025936848958330927
810,58.51591303149256,128,2048,83,1,0,1,58.67219957418374,0,0.5830328888888889,59.25523246307263,59.25523246307263,59.269610240850405,59.276020848029894,59.30256808924083,62.69372282208124,0.7866550577482698,4.177809790588682,0.15628654269118414,0.0,0.0064106071794896025,0.026547241210934658
811,58.57069928553788,64,2240,42,1,0,,59.25523246307263,256,0.5658311111111111,59.82106357418374,59.82106357418374,59.83650801862819,59.86017294763926,59.88663808435801,61.564269233214056,1.3159387988201345,2.9935699476761783,0.6845331775347532,0.0,0.023664929011076197,0.026465136718748283
812,58.58780367339321,96,2496,86,1,0,1,59.82106357418374,2240,0.0865991111111111,59.90766268529485,59.90766268529485,59.92452935196152,59.939569822639264,59.96599511560802,62.50477836407343,1.3781914422148063,3.9169746906802203,1.2332599007905287,0.0,0.015040470677746498,0.026425292968752956
813,58.67244728625085,160,4800,83,1,0,1,59.90766268529485,4544,0.0935111111111111,60.001173796405965,60.001173796405965,60.03084046307263,60.045273924201766,60.07183209942498,64.31465918275833,1.3993848131741302,5.642211896507483,1.2352153990440016,0.0,0.014433461129137015,0.02655817522321513
814,58.76948850598654,64,832,64,3,0,3,58.791880851388036,640,0.06382933333333334,58.85571018472137,58.85571018472137,58.86333240694359,58.88595162778467,58.911961027198736,60.549356939587135,0.14247252121219844,1.7798684336005977,0.02239234540149937,0.0,0.022619220841079368,0.02600939941406466
815,58.77267835857831,96,1472,80,6,1,7,58.77267835857831,256,0.35019377777777777,59.12287213635609,59.12287213635609,59.13404991413386,59.143989091150566,59.16988419206202,61.632665392071324,0.3972058334837101,2.859987033493013,0.0,0.0,0.009939177016704548,0.025895100911455415
816,58.791640416106226,160,768,128,5,1,4,58.791640416106226,256,0.15252622222222223,58.94416663832845,58.94416663832845,58.95143330499511,58.97562869304213,59.001288957799076,63.09246934676368,0.2096485416928502,4.3008289306574525,0.0,0.0,0.02419538804701915,0.025660264756943718
817,58.80331089844018,128,1024,88,0,1,1,58.80331089844018,256,0.22440533333333335,59.02771623177351,59.02771623177351,59.0364051206624,59.04764854930336,59.07399474070961,62.38027526573878,0.27068384226942754,3.5769643672986007,0.0,0.0,0.011243428640959507,0.0263461914062475
818,58.9073280808367,64,4096,86,2,0,1,59.237635256476025,0,1.1580657777777779,60.395701034253804,60.395701034253804,60.42145658980936,60.432158801026446,60.45858482641707,62.1172989377452,1.5512567455803747,3.209970856908498,0.33030717563932654,0.0,0.010702211217086699,0.026426025390627217
819,58.92069082647209,160,1280,93,0,1,2,59.02771623177351,256,0.29628444444444446,59.324000676217956,59.324000676217956,59.334111787329064,59.337483510240865,59.363713978990866,63.49119242475571,0.44302315251877644,4.57050159828362,0.10702540530142102,0.0,0.0033717229118011005,0.02623046875000057
820,58.994887051005115,96,1536,80,6,0,6,59.12287213635609,1344,0.06594133333333334,59.18881346968942,59.18881346968942,59.200346803022754,59.22157784440577,59.247409143233895,61.710547576781146,0.2525220922287801,2.7156605257760305,0.12798508535097142,0.0,0.021231041383018123,0.025831298828123295
821,59.06395260843322,128,1600,80,5,1,6,59.06395260843322,960,0.1905777777777778,59.254530386210995,59.254530386210995,59.266419275099885,59.28358409668797,59.309261733406714,62.5760392494562,0.24530912497349533,3.5120866410229823,0.0,0.0,0.01716482158808219,0.02567763671874701
822,59.135240890739176,64,1664,4,0,0,0,59.324000676217956,1536,0.04854755555555555,59.372548231773514,59.372548231773514,59.384792676217955,59.38994493602212,59.41611653200426,61.05640353574352,0.2808756412650837,1.921162645004344,0.18875978547877992,0.0,0.005152259804162895,0.026171595982141582
823,59.37240751256085,160,1088,88,0,0,0,59.372548231773514,896,0.06459733333333334,59.437145565106846,59.437145565106846,59.44619000955129,59.4684611888123,59.494554023284955,63.620441517947675,0.12214651072410732,4.2480340053868275,0.00014071921266634035,0.0,0.022271179261011298,0.026092834472656534
824,59.419643929983266,96,2240,102,6,0,6,59.419643929983266,2048,0.06805333333333334,59.4876972633166,59.4876972633166,59.503141707761046,59.505748986983896,59.53162238263122,61.996455373005105,0.11197845264795347,2.576811443021839,0.0,0.0,0.0026072792228504227,0.025873395647323605
825,59.44032935342066,128,2048,131,4,0,1,59.44032935342066,0,0.5830328888888889,60.023362242309545,60.023362242309545,60.03774002008732,60.047277505322946,60.07368001183336,63.388645750765654,0.6333506584127022,3.948316397344996,0.0,0.0,0.009537485235625809,0.02640250651041498
826,59.55510154192406,128,2240,66,3,0,3,59.55510154192406,2048,0.06805333333333334,59.62315487525739,59.62315487525739,59.63859931970184,59.64182462234382,59.667899747901856,62.97006954886913,0.11279820597779633,3.4149680069450667,0.0,0.0,0.0032253026419795106,0.02607512555803737
827,59.590886716026326,128,4416,115,6,0,6,59.590886716026326,4224,0.07458133333333333,59.66546804935966,59.66546804935966,59.69300138269299,59.713331855287464,59.73946313318925,63.049115610635305,0.14857641716292136,3.458228894608979,0.0,0.0,0.020330472594473292,0.026131277901782823
828,59.60107991378135,96,832,100,5,0,5,59.60107991378135,640,0.06382933333333334,59.66490924711468,59.66490924711468,59.6725314693369,59.69451485298137,59.72017528049873,62.16299415594294,0.11909536671738152,2.561914242161592,0.0,0.0,0.021983383644467835,0.02566042751735864
829,59.66985436287661,160,4480,87,0,0,0,59.66985436287661,4288,0.07477333333333333,59.744627696209946,59.744627696209946,59.772516585098835,59.78046832992558,59.80656073715215,63.931172963260174,0.13670637427553345,4.261318600383561,0.0,0.0,0.007951744826748097,0.026092407226563807
830,59.739977611265594,64,768,48,7,0,7,59.739977611265594,576,0.06363733333333334,59.80361494459893,59.80361494459893,59.81088161126559,59.82176683740007,59.84772079945364,61.46345167277953,0.10774318818804574,1.723474061513933,0.0,0.0,0.010885226134476511,0.02595396205357048
831,59.79756418883245,128,2496,82,5,1,4,59.79756418883245,256,0.6377102222222223,60.43527441105468,60.43527441105468,60.45214107772134,60.463992500550816,60.4896671424779,63.769438387618656,0.6921029536454455,3.971874198786203,0.0,0.0,0.011851422829472824,0.025674641927082575
832,59.88532174569143,96,4480,91,0,0,0,59.88532174569143,4288,0.07477333333333333,59.96009507902476,59.96009507902476,59.98798396791365,59.98922125961308,60.01529804183964,62.48417881391587,0.1299762961482145,2.59885706822444,0.0,0.0,0.001237291699432319,0.026076782226560624
833,60.163379999001585,160,2304,90,3,0,3,60.163379999001585,2112,0.06824533333333334,60.231625332334914,60.231625332334914,60.24742533233491,60.26421720976943,60.29013656198297,64.41833400199414,0.1267565629813845,4.254954002992555,0.0,0.0,0.016791877434513935,0.025919352213541913
834,60.17720367511448,160,1088,32,0,0,0,60.17720367511448,896,0.06459733333333334,60.24180100844781,60.24180100844781,60.25084545289225,60.27609271957402,60.302113661414296,64.41869983500497,0.12490998629981931,4.241496159890495,0.0,0.0,0.02524726668176669,0.026020941840279477
835,60.29093969376897,96,1344,145,2,0,2,60.395701034253804,1152,0.06536533333333333,60.46106636758714,60.46106636758714,60.4715330342538,60.485011340088946,60.51128419165145,62.989337511963946,0.22034449788247912,2.6983978181949766,0.10476134048483488,0.0,0.01347830583514309,0.026272851562502808
836,60.31950502801234,96,4352,51,1,0,1,60.31950502801234,4160,0.07438933333333334,60.39389436134567,60.39389436134567,60.42107213912345,60.44369782208123,60.47033325909295,63.021051760883324,0.1508282310806166,2.7015467328709875,0.0,0.0,0.02262568295778067,0.026635437011719887
837,60.411936570581936,64,704,112,6,0,6,60.411936570581936,512,0.06344533333333334,60.47538190391527,60.47538190391527,60.48229301502638,60.49270394885146,60.51858899349431,62.15225468941135,0.10665242291237576,1.7403181188294141,0.0,0.0,0.010410933825077962,0.025885044642855348
838,60.438810379271445,64,832,104,4,0,4,60.438810379271445,640,0.06382933333333334,60.502639712604775,60.502639712604775,60.510261934827,60.522597329541696,60.548757363721386,62.175729002718775,0.109946984449941,1.7369186234473304,0.0,0.0,0.01233539471469669,0.026160034179689262
839,60.44264853017237,64,1664,80,5,0,5,60.44264853017237,1472,0.06632533333333333,60.5089738635057,60.5089738635057,60.52121830795014,60.54101789117582,60.566707637269566,62.188809341489815,0.12405910709719592,1.746160811317445,0.0,0.0,0.019799583225676542,0.025689746093746635
840,60.477529626520926,96,2432,98,7,1,5,60.477529626520926,256,0.6197404444444444,61.09727007096537,61.09727007096537,61.11378118207649,61.13002377564411,61.15567526490192,63.626150037037334,0.6781456383809967,3.1486204105164077,0.0,0.0,0.016242593567625363,0.025651489257811022
841,60.534033298714874,64,1664,80,5,0,5,60.534033298714874,1536,0.04854755555555555,60.58258085427043,60.58258085427043,60.59482529871487,60.618088594300815,60.643790831516725,62.26625017068016,0.10975753280185074,1.732216871965285,0.0,0.0,0.023263295585941535,0.025702237215909918
842,60.633282745060086,96,1472,85,5,0,5,60.633282745060086,1280,0.06574933333333334,60.69903207839342,60.69903207839342,60.7102098561712,60.72090047285195,60.74660587649778,63.19651283867216,0.11332313143769568,2.563230093612077,0.0,0.0,0.010690616680754772,0.02570540364582996
843,60.70153436832425,160,832,128,0,1,5,60.70153436832425,256,0.170496,60.87203036832425,60.87203036832425,60.87965259054648,60.90073008936568,60.92670010889693,65.03943624451018,0.22516574057267746,4.337901876185931,0.0,0.0,0.021077498819202845,0.025970019531250443
844,60.82664361875615,64,1088,84,6,0,6,60.82664361875615,896,0.06459733333333334,60.89124095208948,60.89124095208948,60.900285396533924,60.90723558250101,60.9331303230144,62.570542042926974,0.10648670425825202,1.7438984241708226,0.0,0.0,0.006950185967085076,0.0258947405133938
845,60.85371017833616,64,1664,80,5,0,5,60.85371017833616,1536,0.04854755555555555,60.902257733891716,60.902257733891716,60.91450217833616,60.926557373893615,60.95227462148977,62.5760392494562,0.09856444315361301,1.7223290711200434,0.0,0.0,0.012055195557458376,0.025717247596155346
846,60.89729231296653,128,256,81,0,0,5,60.89729231296653,0,0.07987911111111111,60.97717142407764,60.97717142407764,60.981593646299864,61.00461309717818,61.030508072320224,64.3155810199008,0.13321575935369623,3.418288706934277,0.0,0.0,0.023019450878315695,0.02589497514204453
847,60.989652880209114,160,1664,81,5,0,5,60.989652880209114,1408,0.0841031111111111,61.073755991320226,61.073755991320226,61.08600043576467,61.10658836097294,61.13231558614035,65.24997311674589,0.14266270593123664,4.260320236536778,0.0,0.0,0.020587925208275237,0.025727225167408108
848,61.184806707902226,64,3200,2,3,0,3,61.184806707902226,3072,0.05315555555555555,61.23796226345778,61.23796226345778,61.25874004123556,61.27816221302463,61.30428582956109,62.94416346162954,0.11947912165886265,1.7593567537273174,0.0,0.0,0.019422171789067022,0.026123616536459338
849,61.19533624958564,128,1664,80,5,0,5,61.19533624958564,1536,0.04854755555555555,61.243883805141195,61.243883805141195,61.256128249585636,61.261052627907176,61.28680604587593,64.57463196302113,0.09146979629029062,3.3792957134354964,0.0,0.0,0.004924378321540246,0.02575341796875108
850,61.27109594230276,128,4096,80,4,0,5,61.27109594230276,0,1.1580657777777779,62.429161720080536,62.429161720080536,62.45491727563609,62.46219628787503,62.48871899295315,65.86058984256253,1.2176230506503956,4.589493900259775,0.0,0.0,0.007279012238939231,0.026522705078122044
851,61.31247893880821,160,1280,141,3,0,3,61.31247893880821,1088,0.06517333333333333,61.377652272141546,61.377652272141546,61.387763383252654,61.40878216745171,61.43482220651421,65.55750226371289,0.12234326770600035,4.245023324904679,0.0,0.0,0.02101878419905745,0.026040039062500853
852,61.355095181315434,96,2304,102,6,0,6,61.355095181315434,2112,0.06824533333333334,61.423340514648764,61.423340514648764,61.43914051464876,61.45112767234476,61.47706016746195,63.95113929227593,0.12196498614651574,2.5960441109604986,0.0,0.0,0.011987157695998008,0.02593249511718909
853,61.565720839566076,128,1216,149,3,0,3,61.565720839566076,1024,0.06498133333333334,61.63070217289941,61.63070217289941,61.64045772845497,61.643160097139216,61.66914014736243,64.96053746879102,0.10341930779635078,3.394816629224941,0.0,0.0,0.002702368684246892,0.025980050223211038
854,61.68030054515333,96,2240,110,7,0,7,61.68030054515333,2048,0.06805333333333334,61.74835387848666,61.74835387848666,61.76379832293111,61.77563966106077,61.8017863895764,64.27790679973265,0.12148584442306998,2.5976062545793184,0.0,0.0,0.01184133812966337,0.02614672851562716
855,61.683015573303926,160,4352,123,1,1,3,61.683015573303926,256,1.1588337777777777,62.841849351081706,62.841849351081706,62.869027128859486,62.88486474916458,62.91212695619583,67.11656717429477,1.229111382891901,5.433551600990846,0.0,0.0,0.01583762030509206,0.027262207031249375
856,61.789028926662255,96,1664,80,5,0,5,61.789028926662255,1536,0.04854755555555555,61.83757648221781,61.83757648221781,61.849820926662254,61.85356702252948,61.879351364977396,64.34100288513287,0.09032243831514108,2.5519739584706116,0.0,0.0,0.003746095867228405,0.02578434244791339
857,61.80956036183436,160,2048,94,7,0,7,61.80956036183436,0,0.5830328888888889,62.392593250723245,62.392593250723245,62.40697102850102,62.429454358326396,62.455560315357644,66.6176085900972,0.6459999535232868,4.808048228262848,0.0,0.0,0.02248332982537704,0.026105957031248295
858,61.91196259644935,96,1536,85,5,0,5,61.91196259644935,1344,0.06594133333333334,61.977903929782684,61.977903929782684,61.98943726311602,62.00828040143573,62.034064806483805,64.49676313312057,0.12210221003445554,2.5848005366712172,0.0,0.0,0.01884313831970985,0.02578440504807844
859,62.03636956370243,96,1216,49,2,0,2,62.03636956370243,1024,0.06498133333333334,62.101350897035765,62.101350897035765,62.11110645259132,62.1172989377452,62.142939074463946,64.58794517797956,0.106569510761517,2.5515756142771338,0.0,0.0,0.006192485153874827,0.025640136718749318
860,62.089109594724626,160,2496,34,0,0,0,62.089109594724626,2304,0.06882133333333333,62.15793092805796,62.15793092805796,62.17479759472462,62.19840190813935,62.22439272845185,66.33046391610618,0.13528313372722778,4.241354321381557,0.0,0.0,0.02360431341472946,0.025990820312500773
861,62.21269619638191,64,2432,122,3,0,3,62.21269619638191,2240,0.06862933333333333,62.28132552971525,62.28132552971525,62.29783664082636,62.319897778500824,62.34595205909978,63.97884034965038,0.13325586271786705,1.7661441532684705,0.0,0.0,0.022061137674462827,0.02605428059895587
862,62.23866048369973,64,1216,105,0,0,0,62.23866048369973,1024,0.06498133333333334,62.30364181703307,62.30364181703307,62.313397372588625,62.328360892514354,62.35431783498594,63.982421107791424,0.11565735128620958,1.743760624091692,0.0,0.0,0.014963519925728974,0.02595694247158775
863,62.28287731319099,64,1216,109,7,0,7,62.392593250723245,1024,0.06498133333333334,62.45757458405658,62.45757458405658,62.46733013961214,62.481666760670144,62.507645398365455,64.1470675663342,0.22476808517446756,1.8641902531432137,0.10971593753225761,0.0,0.014336621058006926,0.02597863769531017
864,62.288035819457626,128,512,143,1,0,5,62.841849351081706,0,0.15175822222222224,62.993607573303926,62.993607573303926,62.99945201774837,63.021051760883324,63.04764355775833,66.39781588034947,0.7596077383007014,4.109780060891843,0.5538135316240798,0.0,0.021599743134956384,0.026591796875003126
865,62.36019336647196,64,1280,149,3,0,3,62.36019336647196,1088,0.06517333333333333,62.425366699805295,62.425366699805295,62.4354778109164,62.450174064308115,62.47616911174115,64.10794240043164,0.11597574526918919,1.7477490339596784,0.0,0.0,0.014696253391711878,0.025995047433035268
866,62.472636984466874,96,2048,81,4,0,5,62.472636984466874,0,0.5830328888888889,63.05566987335576,63.05566987335576,63.070047651133535,63.07234203982816,63.09869799685941,65.62033788943754,0.6260610123925332,3.1477009049706624,0.0,0.0,0.0022943886946222847,0.02635595703124949
867,62.75034684270178,96,832,92,6,1,4,62.75034684270178,256,0.170496,62.92084284270178,62.92084284270178,62.928465064924005,62.94407817573947,62.97033680204155,65.42175534045302,0.21998995933977028,2.671408497751237,0.0,0.0,0.015613110815465348,0.026258626302080756
868,62.8870161156624,64,1664,80,5,0,5,62.8870161156624,1536,0.04854755555555555,62.935563671217956,62.935563671217956,62.9478081156624,62.96334916854102,62.98917222762305,64.62656340833364,0.1021561119606531,1.73954729267124,0.0,0.0,0.01554105287862484,0.025823059082028976
869,62.94194432745427,96,1280,16,1,0,1,62.993607573303926,1088,0.06517333333333333,63.05878090663726,63.05878090663726,63.06889201774837,63.074235842914575,63.1005866729927,65.60701623842239,0.15864234553842493,2.6650719109681162,0.051663245849653094,0.0,0.005343825166207239,0.026350830078122556
870,62.96933911448257,64,2496,98,7,0,7,62.96933911448257,2304,0.06882133333333333,63.038160447815905,63.038160447815905,63.05502711448257,63.079298962818584,63.10533460734983,64.75037595663368,0.13599549286725932,1.781036842151103,0.0,0.0,0.02427184833601359,0.02603564453124818
871,63.0040246570621,128,4672,39,5,0,5,63.0040246570621,4480,0.07534933333333334,63.07937399039543,63.07937399039543,63.10832954595099,63.11834804375029,63.144402487109666,66.4449380750054,0.14037783004756932,3.4409134179432996,0.0,0.0,0.010018497799300974,0.0260544433593779
872,63.00480953898163,128,1792,81,5,0,5,63.07937399039543,1536,0.08448711111111111,63.16386110150654,63.16386110150654,63.1768166570621,63.19651283867216,63.222582418750285,66.52268680547415,0.21777287976865267,3.517877266492519,0.0745644514137993,0.0,0.019696181610065366,0.0260695800781221
873,63.02375818480735,160,1856,81,2,1,5,63.02375818480735,1152,0.20912355555555556,63.232881740362906,63.232881740362906,63.246192851474014,63.2710782346202,63.29683922094832,67.45995526738155,0.27308103614097234,4.436197082574196,0.0,0.0,0.02488538314618438,0.02576098632812318
874,63.19238066348633,160,4096,89,2,0,7,63.232881740362906,0,1.1580657777777779,64.39094751814068,64.39094751814068,64.41670307369624,64.43080601782331,64.45699465714623,68.63790890682071,1.2646139936598928,5.44552824333438,0.04050107687657345,0.0,0.01410294412707458,0.02618863932291049
875,63.27244584121598,128,1664,80,5,0,5,63.27244584121598,1536,0.04854755555555555,63.32099339677154,63.32099339677154,63.33323784121598,63.35293764335966,63.378981263151324,66.67818875859916,0.10653542193534093,3.4057429173831792,0.0,0.0,0.019699802143676948,0.026043619791664696
876,63.45520493331691,96,1664,80,5,0,5,63.45520493331691,1536,0.04854755555555555,63.503752488872465,63.503752488872465,63.515996933316906,63.53525323580757,63.56127681979195,66.0289244031304,0.10607188647504273,2.573719469813497,0.0,0.0,0.019256302490667565,0.026023583984375875
877,63.47733732948102,96,1920,81,3,1,2,63.47733732948102,256,0.4759822222222222,63.95331955170324,63.95331955170324,63.966986218369904,63.97884034965038,64.00465978324414,66.46904752738476,0.5273224537631194,2.9917101979037426,0.0,0.0,0.011854131280479407,0.02581943359375316
878,63.58610996855206,160,4096,86,4,0,1,63.58610996855206,0,1.1580657777777779,64.74417574632983,64.74417574632983,64.76993130188539,64.79442675662504,64.82111832563545,68.99653648969793,1.2350083570833945,5.410426521145872,0.0,0.0,0.024495454739650313,0.02669156901040992
879,63.612640367442395,96,2560,98,7,0,7,63.612640367442395,2368,0.06901333333333334,63.681653700775726,63.681653700775726,63.69887592299795,63.70414783977171,63.73019803508421,66.2246080041597,0.11755766764181175,2.61196763671731,0.0,0.0,0.005271916773757823,0.02605019531250008
880,63.63116160834182,128,1600,85,5,0,5,63.63116160834182,1408,0.06613333333333334,63.69729494167515,63.69729494167515,63.709183830564044,63.71742857760445,63.74343323847093,67.04172612910625,0.11227163012910779,3.4105645207644315,0.0,0.0,0.008244747040407674,0.02600466086647657
881,63.647348086833865,128,1152,84,6,0,6,63.647348086833865,960,0.06478933333333334,63.712137420167196,63.712137420167196,63.721537420167195,63.74538733915093,63.77110462430718,67.07904464709367,0.12375653747331228,3.4316965602598017,0.0,0.0,0.023849918983735563,0.02571728515624727
882,63.72238843114398,64,2048,30,6,0,6,63.72238843114398,0,0.5830328888888889,64.30542132003288,64.30542132003288,64.31979909781066,64.33362830594781,64.3592970884999,65.99956442248428,0.6369086573559173,2.2771759913403002,0.0,0.0,0.01382920813715316,0.025668782552088487
883,64.01197933304364,64,4864,83,1,0,1,64.01197933304364,4672,0.07592533333333334,64.08790466637697,64.08790466637697,64.1179268885992,64.12864990541458,64.15522119447708,65.81940588685988,0.1432418614334381,1.8074265538162422,0.0,0.0,0.01072301681537624,0.0265712890625025
884,64.20662342851149,128,1280,101,5,0,5,64.20662342851149,1088,0.06517333333333333,64.27179676184483,64.27179676184483,64.28190787295594,64.28909268449365,64.31504754067264,67.61413348883636,0.10842411216114556,3.407510060324867,0.0,0.0,0.007184811537712221,0.025954856178984187
885,64.34286276419253,96,1664,85,5,0,5,64.34286276419253,1472,0.06632533333333333,64.40918809752587,64.40918809752587,64.42143254197032,64.44486772888287,64.4708210758289,66.93778390905418,0.1279583116363625,2.594921144861644,0.0,0.0,0.02343518691255042,0.025953346946025135
886,64.3429355032684,64,1984,81,3,0,3,64.3429355032684,1792,0.06728533333333334,64.41022083660172,64.41022083660172,64.42424305882395,64.44409181449414,64.46990272758008,66.10427335746289,0.1269672243116844,1.761337854194494,0.0,0.0,0.019848755670196283,0.025810913085933862
887,64.37344918427691,160,1664,80,5,0,5,64.40918809752587,1536,0.04854755555555555,64.45773565308143,64.45773565308143,64.46998009752588,64.4708210758289,64.49676313312057,68.6295246557898,0.1233139488436592,4.256075471512887,0.035738913248962945,0.0,0.0008409783030174367,0.025942057291672427
888,64.43950231448561,96,1664,80,0,1,5,64.43950231448561,256,0.40410311111111114,64.84360542559672,64.84360542559672,64.85584987004117,64.85850012797373,64.88435429464039,67.3428814458963,0.44485198015478034,2.903379131410688,0.0,0.0,0.00265025793255802,0.025854166666661627
889,64.50457495942122,96,4352,107,7,0,7,64.50457495942122,4160,0.07438933333333334,64.57896429275455,64.57896429275455,64.60614207053233,64.61827024374305,64.64469040975868,67.1408004195243,0.1401154503374613,2.636225460103077,0.0,0.0,0.012128173210726345,0.026420166015626023
890,64.50966986996026,64,1664,80,0,0,0,64.84360542559672,1536,0.04854755555555555,64.89215298115228,64.89215298115228,64.90439742559673,64.91020894958831,64.93605343201018,66.56358940438744,0.4263835620499208,2.0539195344271803,0.33393555563645805,0.0,0.005811523991582135,0.025844482421874204
891,64.61093151644897,64,1536,89,2,1,7,64.61093151644897,256,0.3681635555555556,64.97909507200453,64.97909507200453,64.99062840533786,65.01147642797956,65.03770966365664,66.69781935080788,0.4267781472076706,2.0868878343589046,0.0,0.0,0.020848022641700936,0.02623323567708269
892,64.6142693746537,128,2048,85,4,0,5,64.74417574632983,0,0.5830328888888889,65.32720863521872,65.32720863521872,65.3415864129965,65.35505224490629,65.38157861209379,68.71023546430732,0.767309237440088,4.095966089653615,0.12990637167612817,0.0,0.013465831909783788,0.026526367187500455
893,64.63301414911764,128,4416,63,6,0,6,64.63301414911764,4224,0.07458133333333333,64.70759548245097,64.70759548245097,64.73512881578431,64.74438742053114,64.7704339293202,68.11800411974991,0.1374197802025634,3.4849899706322702,0.0,0.0,0.009258604746833043,0.026046508789065115
894,64.72592309513146,64,640,156,0,0,,64.89215298115228,256,0.11658666666666667,65.00873964781894,65.00873964781894,65.01529520337449,65.03943624451018,65.06524019958832,66.69315910653589,0.33931710445685326,1.9672360114044238,0.16622988602081534,0.0,0.024141041135692376,0.025803955078131935
895,64.74913052331402,160,4544,111,2,0,2,64.97909507200453,4352,0.07496533333333334,65.05406040533786,65.05406040533786,65.0823048497823,65.09017759985456,65.11665831274519,69.2908972752638,0.3675277894311648,4.54176675194978,0.22996454869050353,0.0,0.007872750072252188,0.026480712890631253
896,64.8229655690112,96,2368,90,3,0,3,64.8229655690112,2176,0.06843733333333334,64.89140290234454,64.89140290234454,64.9075584579001,64.90876295707227,64.93464996879102,67.4088898939212,0.11168439977981848,2.585924324909996,0.0,0.0,0.001204499172175133,0.025887011718751296
897,64.84659080140514,128,1792,85,5,0,5,64.84659080140514,1536,0.08448711111111111,64.93107791251626,64.93107791251626,64.94403346807181,64.96434265095517,64.99031794392393,68.29104114884534,0.1437271425187845,3.4444503474401955,0.0,0.0,0.02030918288336636,0.025975292968752228
898,64.84943325949227,96,2304,110,7,0,7,64.84943325949227,2112,0.06824533333333334,64.91767859282561,64.91767859282561,64.93347859282561,64.93574721314408,64.96214113404253,67.45342883749305,0.112707874550253,2.6039955780007773,0.0,0.0,0.0022686203184747455,0.026393920898442502
899,64.96629805163533,160,2560,34,6,1,0,64.96629805163533,256,0.65568,65.62197805163534,65.62197805163534,65.63920027385755,65.65812399279677,65.68438571154678,69.88194727567438,0.718087659911447,4.9156492240390435,0.0,0.0,0.01892371893922018,0.026261718750006935
900,65.0486325789396,64,1344,137,5,0,5,65.0486325789396,1152,0.06536533333333333,65.11399791227294,65.11399791227294,65.12446457893961,65.14617995564268,65.1721293519495,66.80791536939071,0.12349677300989015,1.7592827904511097,0.0,0.0,0.021715376703070888,0.02594939630681381
901,65.06115243886549,96,1280,105,0,0,0,65.06115243886549,1088,0.06517333333333333,65.12632577219883,65.12632577219883,65.13643688330994,65.1426549945102,65.1684247210727,67.62970644589629,0.1072722822072052,2.568554007030798,0.0,0.0,0.006218111200254839,0.025769726562501205
902,65.1075875352342,64,1216,84,7,1,6,65.1075875352342,256,0.27831466666666665,65.38590220190086,65.38590220190086,65.39565775745642,65.41091249634721,65.43715341431596,67.08825364218055,0.3295658790817555,1.9806661069463445,0.0,0.0,0.015254738890789099,0.0262409179687495
903,65.11692209166391,96,1856,85,5,0,5,65.11692209166391,1664,0.06690133333333334,65.18382342499724,65.18382342499724,65.19713453610835,65.19807923653757,65.2240259325011,67.69227294196136,0.1071038408371976,2.575350850297454,0.0,0.0,0.0009447004292155725,0.025946695963540378
904,65.2171380848552,64,2048,81,3,0,3,65.2171380848552,1856,0.06747733333333333,65.28461541818852,65.28461541818852,65.2989931959663,65.32382482230663,65.34978702933789,66.99081673311392,0.13264894448269615,1.7736786482587235,0.0,0.0,0.02483162634032965,0.025962207031255957
905,65.22023548739452,128,2560,82,5,0,5,65.22023548739452,2368,0.06901333333333334,65.28924882072785,65.28924882072785,65.30647104295006,65.32783315758395,65.3538121208001,68.65561108157104,0.1335766334055819,3.43537559417652,0.0,0.0,0.02136211463388804,0.025978963216147122
906,65.23229805005413,96,1664,80,0,0,0,65.23229805005413,1536,0.04854755555555555,65.28084560560968,65.28084560560968,65.29309005005413,65.29728067810395,65.32305997497895,67.78740443950424,0.09076192492481994,2.555106389450117,0.0,0.0,0.004190628049812517,0.025779296875001023
907,65.29100966061901,96,1920,85,5,0,5,65.29100966061901,1728,0.06709333333333334,65.35810299395234,65.35810299395234,65.37176966061901,65.37979157229749,65.40576824747778,67.87446605719573,0.11475858685876972,2.5834563965767217,0.0,0.0,0.008021911678483207,0.025976675180288566
908,65.35331080971085,64,1408,137,5,0,5,65.35810299395234,1216,0.06555733333333334,65.42366032728567,65.42366032728567,65.43448254950789,65.4577230626821,65.48368044270443,67.11972692811193,0.1303696329935775,1.7664161184010823,0.004792184241495079,0.0,0.023240513174215494,0.0259573800223194
909,65.47719432971166,128,2688,86,1,0,1,65.47719432971166,2368,0.10495288888888889,65.58214721860055,65.58214721860055,65.60008055193389,65.60701623842239,65.6335632354927,69.01123802274155,0.15636890578103646,3.5340436930298864,0.0,0.0,0.006935686488503734,0.026546997070312273
910,65.60691171850367,160,1984,85,5,0,5,65.60691171850367,1792,0.06728533333333334,65.674197051837,65.674197051837,65.68821927405922,65.691357061008,65.71731930059134,69.85463207766479,0.11040758208767443,4.2477203591611215,0.0,0.0,0.0031377869487840826,0.0259622395833361
911,65.61821310364712,160,1216,57,2,0,2,65.61821310364712,1024,0.06498133333333334,65.68319443698046,65.68319443698046,65.69294999253601,65.6993575314952,65.72566983618269,69.89308402927855,0.10745673253556731,4.274870925631433,0.0,0.0,0.00640753895918067,0.026312304687493793
912,65.67106726677599,64,2112,81,3,0,3,65.67106726677599,1920,0.06766933333333333,65.73873660010932,65.73873660010932,65.75346993344266,65.76577570121289,65.79181105277539,67.43501489392119,0.1207437859993945,1.7639476271451997,0.0,0.0,0.012305767770229181,0.026035351562498477
913,65.69121471874429,64,2048,85,5,0,5,65.69121471874429,1856,0.06747733333333333,65.75869205207762,65.75869205207762,65.7730698298554,65.79520894902885,65.8211753796929,67.45806330950397,0.12996066094861192,1.766848590759679,0.0,0.0,0.022139119173445465,0.025966430664055906
914,65.721301057444,128,2176,81,7,1,3,65.721301057444,256,0.5478613333333333,66.26916239077732,66.26916239077732,66.28425127966621,66.30334701783158,66.32955736939408,69.63366028280555,0.6082563119500861,3.9123592253615556,0.0,0.0,0.01909573816537602,0.02621035156249718
915,65.73225243717702,64,2624,82,5,0,5,65.75869205207762,2432,0.06920533333333334,65.82789738541095,65.82789738541095,65.84547516318872,66.0289244031304,66.05492159551322,67.69227294196136,0.3226691583361969,1.9600205047843389,0.026439614900596098,0.0,0.18344923994168028,0.025997192382817502
916,65.76547099078839,96,2752,86,1,0,1,65.76547099078839,2560,0.06958933333333334,65.83506032412173,65.83506032412173,65.85334921301062,65.87193795066197,65.89822396140416,68.42448396303173,0.13275297061576907,2.659012972243346,0.0,0.0,0.01858873765135627,0.026286010742182953
917,65.79587931779115,96,1664,80,0,0,0,65.79587931779115,1536,0.04854755555555555,65.8444268733467,65.8444268733467,65.85667131779115,65.8645380023227,65.89033125009055,68.36824314294489,0.09445193229940685,2.5723638251537437,0.0,0.0,0.007866684531549595,0.025793247767850858
918,65.86624180044133,64,2176,81,2,1,7,65.86624180044133,1728,0.13897244444444445,66.00521424488578,66.00521424488578,66.02030313377466,66.04145557837019,66.06773153865664,67.72220996708857,0.20148973821531513,1.8559681666472443,0.0,0.0,0.02115244459552912,0.026275960286454847
919,65.94230481985036,128,4544,91,0,0,0,65.94230481985036,4352,0.07496533333333334,66.0172701531837,66.0172701531837,66.04551459762814,66.07089765634056,66.09687250985618,69.42615095405466,0.1545676900058197,3.483846134204299,0.0,0.0,0.025383058712421303,0.025974853515620566
920,66.05796910938841,64,1536,37,0,0,0,66.05796910938841,1344,0.06594133333333334,66.12391044272174,66.12391044272174,66.13544377605507,66.14882368173119,66.17477485360618,67.81378232036361,0.11680574421777123,1.7558132109752052,0.0,0.0,0.013379905676117687,0.025951171874993406
921,66.19671037827246,64,2816,86,1,0,1,66.19671037827246,2624,0.06978133333333333,66.2664917116058,66.2664917116058,66.28513615605024,66.29257271628697,66.31888277488072,67.99790779115673,0.12217239660826351,1.801197412884278,0.0,0.0,0.007436560236726564,0.026310058593750796
922,66.21092342532656,64,1664,80,0,0,0,66.21092342532656,1536,0.04854755555555555,66.25947098088211,66.25947098088211,66.27171542532656,66.27858442391869,66.3045239258718,67.94582082405284,0.09360050054525004,1.7348973987262895,0.0,0.0,0.006868998592125308,0.025939501953118338
923,66.22889793232103,64,2176,81,2,0,2,66.22889793232103,2048,0.050083555555555555,66.27898148787659,66.27898148787659,66.29407037676548,66.30423715389102,66.3304868051187,67.98411163073254,0.10158887279766304,1.7552136984115094,0.0,0.0,0.01016677712554781,0.026249651227672643
924,66.28244327557388,96,768,96,4,0,4,66.28244327557388,576,0.06363733333333334,66.34608060890722,66.34608060890722,66.35334727557388,66.36444702029691,66.39058780805732,68.86591393110419,0.10814453248343625,2.5834706555303057,0.0,0.0,0.011099744723026106,0.0261407877604114
925,66.3825914427639,64,2368,38,6,0,6,66.3825914427639,2176,0.06843733333333334,66.45102877609723,66.45102877609723,66.46718433165279,66.47388522326554,66.50019113146867,68.17106287626032,0.11759968870477167,1.7884714334964258,0.0,0.0,0.006700891612752002,0.026305908203127615
926,66.39274880577366,64,2176,81,2,0,2,66.39274880577366,2048,0.050083555555555555,66.44283236132922,66.44283236132922,66.4579212502181,66.46174238547584,66.48797120627663,68.14075572601713,0.09522240050296205,1.7480069202434692,0.0,0.0,0.003821135257737751,0.026228820800781705
927,66.40848350142932,64,2048,98,4,0,7,66.40848350142932,0,0.5830328888888889,66.99151639031821,66.99151639031821,67.00589416809599,67.01811319868231,67.04422794477607,68.68426730024481,0.6357444433467521,2.275783798815496,0.0,0.0,0.012219030586322788,0.026114746093753638
928,66.41534642287323,128,2048,81,4,0,2,66.99151639031821,0,0.5830328888888889,67.5745492792071,67.5745492792071,67.58892705698489,67.59275040571356,67.61885079633856,70.91552721235418,1.2035043734653357,4.50018078948095,0.5761699674449829,0.0,0.0038233487286731815,0.02610039062500391
929,66.45832818165276,96,1280,133,7,0,7,66.45832818165276,1088,0.06517333333333333,66.5235015149861,66.5235015149861,66.53361262609721,66.53925776001908,66.56537421509721,69.03831067343056,0.10704603344444763,2.5799824917777983,0.0,0.0,0.005645133921873935,0.026116455078124545
930,66.60763297774372,128,2688,82,5,0,5,66.60763297774372,2496,0.06939733333333334,66.67703031107705,66.67703031107705,66.69496364441038,66.70411082139964,66.73006122597553,70.03836110482253,0.12242824823181309,3.430728127078808,0.0,0.0,0.009147176989259265,0.02595040457589448
931,66.6811082126098,160,4416,51,1,0,1,66.6811082126098,4224,0.07458133333333333,66.75568954594313,66.75568954594313,66.78322287927647,66.79629549460728,66.82298211570102,71.07198587691106,0.1418739030912235,4.390877664301257,0.0,0.0,0.013072615330813164,0.02668662109374509
932,66.71988653255764,64,2688,98,7,0,7,66.71988653255764,2432,0.0871751111111111,66.80706164366875,66.80706164366875,66.82499497700208,66.82662929322221,66.85278953085242,68.49474133749305,0.13290299829478158,1.7748548049354156,0.0,0.0,0.001634316220133769,0.026160237630207916
933,66.89424095889922,96,1344,93,0,0,0,66.89424095889922,1152,0.06536533333333333,66.95960629223255,66.95960629223255,66.97007295889922,66.97915373544214,67.0051129029226,69.50484215104127,0.11087194402338696,2.610601192142056,0.0,0.0,0.009080776542916169,0.02595916748046534
934,66.90844011305495,96,1664,80,0,0,0,66.95960629223255,1536,0.04854755555555555,67.00815384778811,67.00815384778811,67.02039829223256,67.03107255868433,67.05701629783364,69.55738665975521,0.1485761847786904,2.648946546700259,0.05116617917759925,0.0,0.010674266451772496,0.02594373914931225
935,66.95430213122759,96,1664,80,0,0,0,67.00815384778811,1536,0.04854755555555555,67.05670140334367,67.05670140334367,67.06894584778811,67.0829605252642,67.10889201940482,69.61000205689062,0.1545898881772274,2.655699925663029,0.05385171656051568,0.0,0.014014677476083648,0.02593149414062168
936,66.99938101448987,160,1856,13,2,0,2,66.99938101448987,1664,0.06690133333333334,67.0662823478232,67.0662823478232,67.07959345893431,67.09233734745966,67.1185925964831,71.27756606052857,0.1192115819932269,4.2781850460387005,0.0,0.0,0.01274388852534969,0.026255249023435567
937,67.06641607552261,160,4928,83,1,0,1,67.06641607552261,4736,0.07611733333333334,67.14253340885594,67.14253340885594,67.17291118663371,67.19626309714633,67.22299737449008,71.47588695112981,0.15658129896746686,4.409470875607198,0.0,0.0,0.023351910512616314,0.026734277343749113
938,67.09244274456735,96,4544,87,0,0,0,67.09244274456735,4352,0.07496533333333334,67.16740807790069,67.16740807790069,67.19565252234513,67.21262287877983,67.23867361564062,69.74175321100994,0.14623087107327137,2.6493104664425857,0.0,0.0,0.016970356434697464,0.026050736860796064
939,67.1436269427103,128,2752,82,5,0,5,67.1436269427103,2560,0.06958933333333334,67.21321627604364,67.21321627604364,67.23150516493253,67.24987927186193,67.2759395524017,70.58954180143714,0.1323126096913967,3.4459148587268373,0.0,0.0,0.018374106929400114,0.026060280539766723
940,67.21076077783748,160,896,100,5,0,5,67.21321627604364,704,0.06402133333333333,67.27723760937697,67.27723760937697,67.28521538715475,67.30200032122272,67.32800959856647,71.48437965951005,0.11724882072898879,4.273618881672576,0.0024554982061602004,0.0,0.01678493406797088,0.026009277343746362
941,67.27638536626833,96,2432,90,3,0,3,67.27638536626833,2240,0.06862933333333333,67.34501469960166,67.34501469960166,67.36152581071278,67.38273934053578,67.4088898939212,69.89289331188994,0.1325045276528698,2.6165079456216063,0.0,0.0,0.021213529823000954,0.026150553385420494
942,67.33499450949876,160,832,96,2,1,4,67.33499450949876,256,0.170496,67.50549050949876,67.50549050949876,67.51311273172098,67.53886200566279,67.56505310673701,71.71715839451294,0.23005859723825495,4.3821638850141795,0.0,0.0,0.02574927394181259,0.02619110107421818
943,67.37332485561932,96,4288,139,6,0,6,67.37332485561932,4096,0.07419733333333334,67.44752218895265,67.44752218895265,67.47434441117487,67.47731369006242,67.50400350939836,70.01203109728897,0.13067865377904297,2.6387062416696523,0.0,0.0,0.0029692788875479437,0.02668981933594239
944,67.5241383998954,64,4608,87,0,0,0,67.5241383998954,4416,0.07515733333333334,67.59929573322874,67.59929573322874,67.62789573322874,67.62970644589629,67.65594218808378,69.32085147721315,0.13180378818837823,1.7967130773177473,0.0,0.0,0.0018107126675488416,0.026235742187495248
945,67.55066160723028,96,512,153,4,0,0,67.5745492792071,0,0.15175822222222224,67.72630750142933,67.72630750142933,67.73215194587378,67.74936007368231,67.77532117394273,70.23195445844793,0.2246595667124467,2.6812928512176484,0.023887671976822844,0.0,0.017208127808530094,0.025961100260417425
946,67.59889968708046,128,4608,91,0,0,0,67.59929573322874,4416,0.07515733333333334,67.67445306656208,67.67445306656208,67.70305306656208,67.70841513730254,67.73474441642186,71.07937251735463,0.13584472934140024,3.4804728302741665,0.0003960461482819255,0.0,0.005362070740460467,0.0263292791193237
947,67.78218671729375,128,2112,9,1,0,1,67.78218671729375,1920,0.06766933333333333,67.84985605062708,67.84985605062708,67.86458938396042,67.86476651511508,67.89139379376091,71.28694798628605,0.10920707646715755,3.504761268992297,0.0,0.0,0.0001771311546576726,0.02662727864583303
948,67.79302052729004,96,1664,80,0,0,0,67.79302052729004,1536,0.04854755555555555,67.8415680828456,67.8415680828456,67.85381252729005,67.86667224006847,67.89305461311534,70.39700022509611,0.10003408582529971,2.603979697806068,0.0,0.0,0.012859712778421795,0.02638237304687152
949,67.83519131376268,128,768,40,2,0,2,67.83519131376268,576,0.06363733333333334,67.89882864709601,67.89882864709601,67.90609531376268,67.93189495592786,67.95800304918957,71.27756606052857,0.12281173542689316,3.4423747467658927,0.0,0.0,0.02579964216518249,0.02610809326171193
950,67.93662850448719,96,2176,81,2,0,2,67.93662850448719,2048,0.050083555555555555,67.98671206004275,67.98671206004275,68.00180094893163,68.01022288910308,68.03632847992338,70.52186000584106,0.09969997543619513,2.5852315013538743,0.0,0.0,0.00842194017144493,0.02610559082030761
951,67.9479883398164,128,1408,93,0,0,0,67.9479883398164,1216,0.06555733333333334,68.01354567314974,68.01354567314974,68.02436789537195,68.02515383186535,68.05152336311535,71.39261923255349,0.10353502329894582,3.444630892737081,0.0,0.0,0.0007859364934006408,0.026369531249997635
952,67.98075829314729,128,2176,81,5,1,2,67.98075829314729,1664,0.15675022222222224,68.13750851536952,68.13750851536952,68.1525974042584,68.16088883900376,68.18693284535142,71.51091637826005,0.20617455220413206,3.5301580851127596,0.0,0.0,0.008291434745359538,0.026044006347660797
953,67.98509112088531,160,2048,113,3,0,1,67.98509112088531,0,0.5830328888888889,68.56812400977421,68.56812400977421,68.58250178755199,68.5877697767337,68.61387475720244,72.78046980928576,0.6287836363171238,4.795378688400447,0.0,0.0,0.0052679891817035696,0.026104980468744543
954,67.99225947974558,64,2240,130,7,0,7,67.99225947974558,2048,0.06805333333333334,68.06031281307892,68.06031281307892,68.07575725752336,68.07796594686805,68.10401074667274,69.73691321249305,0.11175126692715764,1.7446537327474658,0.0,0.0,0.0022086893446839895,0.026044799804694208
955,68.10555796950791,64,1472,137,5,0,5,68.13750851536952,1280,0.06574933333333334,68.20325784870285,68.20325784870285,68.21443562648062,68.23902232289048,68.26503149172729,69.90695032078234,0.15947352221937194,1.8013923512744299,0.03195054586160495,0.0,0.024586696409855335,0.026009168836807817
956,68.1619004898608,160,4672,87,0,0,0,68.1619004898608,4480,0.07534933333333334,68.23724982319413,68.23724982319413,68.26620537874969,68.2888711170216,68.31532797071478,72.49699643524445,0.15342748085397773,4.335095945383657,0.0,0.0,0.022665738271911096,0.026456853693176186
957,68.16984719799419,160,2880,86,1,0,1,68.16984719799419,2688,0.06997333333333333,68.23982053132752,68.23982053132752,68.25882053132753,68.26467390443798,68.29130769350049,72.55625853316106,0.12146049550629812,4.386411335166869,0.0,0.0,0.0058533731104546405,0.026633789062501023
958,68.30367856671211,64,4288,95,2,0,2,68.30367856671211,4096,0.07419733333333334,68.37787590004544,68.37787590004544,68.40469812226766,68.42799337947696,68.45423111141055,70.10352537042439,0.15055254469844215,1.7998468037122848,0.0,0.0,0.02329525720929837,0.026237731933591135
959,68.38327790009659,128,2944,86,1,0,1,68.38327790009659,2752,0.07016533333333333,68.45344323342992,68.45344323342992,68.47279878898547,68.47785632631299,68.50450167136508,71.9073752323798,0.1212237712684896,3.524097332283219,0.0,0.0,0.00505753732751657,0.026645345052088487
960,68.40514147020099,64,2816,82,5,0,5,68.40514147020099,2624,0.06978133333333333,68.47492280353433,68.47492280353433,68.49356724797877,68.4992086293141,68.52527085804674,70.16970794727045,0.12012938784575056,1.7645664770694651,0.0,0.0,0.0056413813353231035,0.0260622287326413
961,68.54497773072984,64,1280,84,7,0,7,68.54497773072984,1088,0.06517333333333333,68.61015106406317,68.61015106406317,68.62026217517429,68.62452405233681,68.65039880819619,70.27500045207638,0.10542107746634599,1.7300227213465433,0.0,0.0,0.0042618771625200225,0.02587475585937682
962,68.54576391073776,160,512,35,6,0,0,68.54576391073776,0,0.15175822222222224,68.69752213295999,68.69752213295999,68.70336657740444,68.70518397001032,68.73140809110407,72.83777816760146,0.18564418036631025,4.292014256863695,0.0,0.0,0.0018173926058864254,0.0262241210937475
963,68.65247423272666,160,4416,107,5,1,7,68.65247423272666,256,1.1768035555555554,69.82927778828221,69.82927778828221,69.85681112161555,69.8807142716752,69.90695032078234,74.12252714040507,1.2544760880556822,5.470052907678408,0.0,0.0,0.02390315005965249,0.026236049107140502
964,68.67570743913427,160,2176,81,5,0,5,69.82927778828221,2048,0.050083555555555555,69.87936134383777,69.87936134383777,69.89445023272665,69.90695032078234,69.93323150102788,74.14891550710429,1.257524061893605,5.47320806797002,1.153570349147941,0.0,0.012500088055688252,0.026281180245533164
965,68.69964027447459,160,896,92,2,1,6,68.69964027447459,256,0.1884657777777778,68.88810605225237,68.88810605225237,68.89608383003015,68.89915228014661,68.92519311266614,73.06751093357545,0.2255528381915468,4.367870659100859,0.0,0.0,0.003068450116458621,0.026040832519527157
966,68.73842523100959,160,4480,131,1,0,1,68.73842523100959,4224,0.09255111111111111,68.83097634212069,68.83097634212069,68.85886523100959,68.87758777162549,68.9043168452862,73.1804037619557,0.16589161427661736,4.441978530946116,0.0,0.0,0.018722540615897287,0.026729073660717972
967,68.79434317136659,128,1344,84,7,0,7,68.79434317136659,1152,0.06536533333333333,68.85970850469992,68.85970850469992,68.8701751713666,68.8832935835868,68.90912854452431,72.19058630819619,0.11478537315771575,3.3962431368295967,0.0,0.0,0.013118412220208597,0.025834960937501705
968,68.79510214702088,64,1664,80,0,0,0,68.79510214702088,1536,0.04854755555555555,68.84364970257644,68.84364970257644,68.85589414702089,68.87217268396051,68.89863517508267,70.55437597971259,0.10353302806178988,1.7592738326917043,0.0,0.0,0.016278536939623223,0.02646249112216026
969,68.81799584298354,128,2048,80,3,0,0,68.81799584298354,0,0.5830328888888889,69.40102873187243,69.40102873187243,69.41540650965021,69.42337133923368,69.44945174287952,72.78046980928576,0.6314558998959825,3.962473966302227,0.0,0.0,0.007964829583471555,0.026080403645835304
970,68.85341160566391,96,1664,80,0,0,0,68.85341160566391,1536,0.04854755555555555,68.90195916121947,68.90195916121947,68.91420360566391,68.92509815448608,68.95150737486368,71.44490526770973,0.09809576919977303,2.5914936620458207,0.0,0.0,0.010894548822165007,0.026409220377601628
971,68.87493339582609,96,1344,101,4,1,5,68.87493339582609,256,0.3142542222222222,69.18918761804831,69.18918761804831,69.19965428471498,69.20174938032294,69.22740400271877,71.70691051313543,0.3524706068926804,2.8319771173093358,0.0,0.0,0.0020950956079559546,0.025654622395833826
972,68.917505172631,96,1280,109,6,1,7,68.917505172631,256,0.29628444444444446,69.21378961707543,69.21378961707543,69.22390072818655,69.22975916532282,69.25584083036188,71.70855160510146,0.33833565773088026,2.7910464324704662,0.0,0.0,0.005858437136268435,0.026081665039058066
973,68.93239753702099,64,4352,95,2,0,2,68.93239753702099,4160,0.07438933333333334,69.00678687035432,69.00678687035432,69.0339646481321,69.05540459948254,69.08156849922213,70.73111488865356,0.1491709622011399,1.7987173516325754,0.0,0.0,0.02143995135044463,0.026163899739586327
974,69.093159144372,128,1664,80,0,0,0,69.093159144372,1536,0.04854755555555555,69.14170669992755,69.14170669992755,69.153951144372,69.16279871600952,69.18916609131,72.52321860321321,0.09600694693800449,3.430059458841214,0.0,0.0,0.008847571637517149,0.026367375300480944
975,69.13048573913738,96,1664,80,0,0,0,69.14170669992755,1536,0.04854755555555555,69.19025425548311,69.19025425548311,69.20249869992756,69.21553395489173,69.24186260305021,71.73352301944584,0.11137686391282386,2.603037280308456,0.011220960790168988,0.0,0.013035254964165688,0.026328648158482792
976,69.15854353050773,160,4736,87,0,0,0,69.19025425548311,4544,0.07554133333333334,69.26579558881645,69.26579558881645,69.29510669992756,69.32085147721315,69.34718431063949,73.52240950955623,0.1886407801317631,4.363865979048498,0.03171072497538319,0.0,0.025744777285595433,0.026332833426337743
977,69.24804331884715,160,4352,155,2,0,2,69.24804331884715,4160,0.07438933333333334,69.32243265218048,69.32243265218048,69.34961042995826,69.36898040514662,69.39513090427856,73.54183026951296,0.14708758543140732,4.293786950665805,0.0,0.0,0.01936997518835426,0.026150499131944116
978,69.31185510452649,160,2176,81,1,1,5,69.31185510452649,1344,0.2456391111111111,69.5574942156376,69.5574942156376,69.57258310452649,69.57395018094468,69.600645842217,73.88703845782625,0.288790737690519,4.575183353299764,0.0,0.0,0.0013670764181910044,0.026695661272327698
979,69.3189546493663,160,1664,80,0,0,0,69.3189546493663,1536,0.04854755555555555,69.36750220492186,69.36750220492186,69.37974664936631,69.39985144233592,69.42615095405466,73.60102943143123,0.10719630468835817,4.2820747820649245,0.0,0.0,0.020104792969604546,0.026299511718747226
980,69.4379834488965,96,2432,106,6,1,5,69.4379834488965,256,0.6197404444444444,70.05772389334095,70.05772389334095,70.07423500445206,70.08840365588271,70.11410515327854,72.55897030627334,0.6761217043820409,3.1209868573768347,0.0,0.0,0.01416865143065138,0.025701497395829165
981,69.51350057674084,64,4416,95,2,0,2,69.51350057674084,4224,0.07458133333333333,69.58808191007417,69.58808191007417,69.6156152434075,69.6305073691223,69.6567628378723,71.30371928318482,0.14326226113145424,1.79021870644398,0.0,0.0,0.014892125714794702,0.026255468749994293
982,69.71462211579207,128,4096,85,3,0,5,69.71462211579207,0,1.1580657777777779,70.87268789356985,70.87268789356985,70.89844344912541,70.9079025892337,70.93425968558786,74.29713956840033,1.2196375697957933,4.582517452608258,0.0,0.0,0.009459140108290853,0.026357096354161058
983,69.71574991478836,160,3008,86,1,0,1,69.71574991478836,2816,0.07035733333333334,69.7861072481217,69.7861072481217,69.8058183592328,69.81422871052058,69.8408998530987,74.13328601642,0.1251499383103436,4.41753610163164,0.0,0.0,0.008410351287778894,0.026671142578123863
984,69.78597028779708,96,1664,80,0,0,0,69.78597028779708,1536,0.04854755555555555,69.83451784335264,69.83451784335264,69.84676228779709,69.84679735163493,69.873018720598,72.36526113793543,0.08704843280091268,2.5792908501383494,0.0,0.0,3.506383784213085e-05,0.02622136896306415
985,69.8469381166668,128,4352,159,4,0,4,69.8469381166668,4096,0.0921671111111111,69.93910522777792,69.93910522777792,69.9662830055557,69.97160045454169,69.99763365766668,73.33232986534898,0.1506955409998767,3.4853917486821757,0.0,0.0,0.005317448985991291,0.026033203124995907
986,69.90880900977608,64,704,124,7,1,6,69.90880900977608,256,0.13455644444444445,70.04336545422052,70.04336545422052,70.05027656533163,70.07052063436805,70.09607890259721,71.71448352499306,0.18726989282113493,1.8056745152169782,0.0,0.0,0.02024406903642273,0.02555826822916174
987,69.90961084021802,160,1664,80,0,0,0,69.90961084021802,1536,0.04854755555555555,69.95815839577358,69.95815839577358,69.97040284021803,69.97790907926277,70.00409861376798,74.1781047244,0.09448777354995741,4.268493884181979,0.0,0.0,0.007506239044744234,0.02618953450520678
988,69.96190256302003,96,896,96,2,0,2,69.96190256302003,704,0.06402133333333333,70.02592389635336,70.02592389635336,70.03390167413114,70.05104578058064,70.07728533136189,72.54621698826294,0.11538276834185979,2.5843144252429084,0.0,0.0,0.017144106449492824,0.026239550781255616
989,69.96973906748572,96,4288,127,7,0,,70.04336545422052,256,1.140864,71.18422945422051,71.18422945422051,71.21105167644274,71.21938570598265,71.2454390913993,73.78411711060504,1.2757000239135863,3.8143780431193193,0.07362638673480149,0.0,0.008334029539909693,0.02605338541665958
990,70.11614292141365,160,4992,11,1,0,1,70.11614292141365,4800,0.07630933333333334,70.19245225474698,70.19245225474698,70.22318558808031,70.24102558552057,70.2677888233678,74.5688547385182,0.15164590195414007,4.452711817104543,0.0,0.0,0.017839997440262323,0.02676323784722001
991,70.35977672779975,160,2176,85,5,0,5,70.35977672779975,1920,0.08563911111111111,70.44541583891086,70.44541583891086,70.46050472779974,70.48466517383297,70.51088359831213,74.72983502207825,0.15110687051237903,4.370058294278493,0.0,0.0,0.024160446033221206,0.026218424479168334
992,70.65837103849803,160,4992,83,1,0,1,70.65837103849803,4800,0.07630933333333334,70.73468037183136,70.73468037183136,70.76541370516469,70.77638311590252,70.80322256902753,75.10784524416056,0.1448515305294933,4.449474205662526,0.0,0.0,0.010969410737828866,0.026839453125006685
993,70.68265467765735,160,4480,107,5,0,5,70.68265467765735,4288,0.07477333333333333,70.7574280109907,70.7574280109907,70.78531689987959,70.79902109831214,70.82537493945797,75.04713612884909,0.14272026180061914,4.364481451191736,0.0,0.0,0.01370419843254922,0.026353841145834167
994,70.7395812615097,96,1664,80,0,0,0,70.7395812615097,1536,0.04854755555555555,70.78812881706526,70.78812881706526,70.8003732615097,70.81709521799384,70.84332781742566,73.33788761828018,0.10374655591596138,2.598306356770479,0.0,0.0,0.016721956484133216,0.026232599431821768
995,70.75207288105936,128,2304,94,4,1,7,70.75207288105936,256,0.5838008888888889,71.33587376994825,71.33587376994825,71.35167376994825,71.36465758344792,71.39098180219793,74.70850442589587,0.6389089211385652,3.956431544836505,0.0,0.0,0.012983813499673147,0.026324218750005457
996,70.79198859669161,160,5056,83,1,0,1,70.79198859669161,4864,0.07650133333333334,70.86848993002495,70.86848993002495,70.89957881891384,70.91058526434003,70.93748414573207,75.24178872560587,0.14549554904046147,4.449800128914262,0.0,0.0,0.011006445426190226,0.026898881392042995
997,70.96255818020991,96,1664,80,0,0,0,70.96255818020991,1536,0.04854755555555555,71.01110573576547,71.01110573576547,71.02335018020992,71.02696968532338,71.05317085719838,73.54856605252498,0.09061267698847075,2.586007872315065,0.0,0.0,0.003619505113462651,0.026201171875001705
998,71.2588279246653,160,5120,83,1,0,1,71.2588279246653,4928,0.07669333333333334,71.33552125799864,71.33552125799864,71.36696570244308,71.3678264042548,71.39484080855168,75.69467141603556,0.1360128838863801,4.435843491370264,0.0,0.0,0.0008607018117174903,0.02701440429687807
999,71.34740450991823,160,960,96,2,0,2,71.34740450991823,768,0.06421333333333333,71.41161784325156,71.41161784325156,71.4199511765849,71.43320048435669,71.45901239841919,75.56914765232547,0.11160788850095571,4.2217431424072345,0.0,0.0,0.013249307771786789,0.025811914062501273
1000,71.45872120766201,96,4672,91,0,0,0,71.45872120766201,4480,0.07534933333333334,71.53407054099534,71.53407054099534,71.5630260965509,71.57578688663334,71.60207502139896,74.10013548611875,0.143353813736951,2.641414278456736,0.0,0.0,0.012760790082438689,0.026288134765621862
1001,71.61916201669703,64,512,79,4,0,7,71.61916201669703,0,0.15175822222222224,71.77092023891926,71.77092023891926,71.77676468336371,71.7868448393073,71.81302534060939,73.46093582238024,0.19386332391235328,1.8417738056832036,0.0,0.0,0.010080155943597902,0.02618050130207905
1002,71.99747603025861,128,4352,127,7,0,7,71.99747603025861,4160,0.07438933333333334,72.07186536359194,72.07186536359194,72.09904314136972,72.11063220663368,72.13728308553993,75.52400163208941,0.13980705528132376,3.526525601830798,0.0,0.0,0.011589065263962084,0.02665087890625273
1003,72.02263185736473,64,1664,80,0,0,0,72.02263185736473,1536,0.04854755555555555,72.07117941292029,72.07117941292029,72.08342385736474,72.10231387231043,72.12860640160731,73.78482689236874,0.10597454424258501,1.7621950350040123,0.0,0.0,0.018890014945696976,0.02629252929688164
1004,72.5247966419141,64,768,112,6,0,6,72.5247966419141,576,0.06363733333333334,72.58843397524743,72.58843397524743,72.59570064191409,72.60961630236709,72.63496566760146,74.26324227892958,0.11016902568736953,1.738445637015488,0.0,0.0,0.013915660452994416,0.025349365234376364
1005,72.77182180542367,160,2240,150,7,0,,72.77182180542367,256,0.5658311111111111,73.33765291653478,73.33765291653478,73.35309736097922,73.35715027303993,73.38394161418577,77.55585824016232,0.6121198087621025,4.784036434738653,0.0,0.0,0.004052912060714675,0.026791341145838032
1006,72.83367187040605,160,2880,82,5,0,5,72.83367187040605,2688,0.06997333333333333,72.90364520373939,72.90364520373939,72.92264520373939,72.92352294564286,72.95013710579912,77.14446501146007,0.11646523539306486,4.31079314105402,0.0,0.0,0.0008777419034657896,0.026614160156256617
1007,72.89819484180997,96,4608,71,5,0,5,72.90364520373939,4352,0.09293511111111111,72.9965803148505,72.9965803148505,73.0251803148505,73.02998251595537,73.05670427702307,75.57421781423321,0.15850943521310512,2.6760229724232403,0.0054503619294195005,0.0,0.004802201104865844,0.026721761067705074
1008,72.9061743438885,96,3008,14,6,0,6,72.9061743438885,2816,0.07035733333333334,72.97653167722183,72.97653167722183,72.99624278833294,73.01544418322646,73.04136996447646,75.54040243517959,0.13519562058796453,2.6342280912910923,0.0,0.0,0.019201394893528345,0.02592578124999534
1009,72.95283983600112,64,5184,83,1,0,1,72.95283983600112,4992,0.07688533333333333,73.02972516933445,73.02972516933445,73.06152516933446,73.0716732932057,73.09885517797133,74.81222273982029,0.14601534197021238,1.8593829038191672,0.0,0.0,0.01014812387124664,0.027181884765624886
1010,72.98064944104202,128,2304,150,0,1,7,72.98064944104202,256,0.5838008888888889,73.5644503299309,73.5644503299309,73.5802503299309,73.60102943143123,73.62732044705623,76.94821116835617,0.6466710060142162,3.9675617273141484,0.0,0.0,0.020779101500323804,0.026291015625005798
1011,73.03569616194137,64,2624,22,0,0,0,73.5644503299309,2432,0.06920533333333334,73.63365566326424,73.63365566326424,73.65123344104201,73.65361195096249,73.67990179471249,75.33316073975372,0.6442056327711185,2.297464577812349,0.5287541679895327,0.0,0.0023785099204758353,0.02628984375000698
1012,73.2381611149052,96,704,144,3,0,,73.2381611149052,256,0.13455644444444445,73.37271755934964,73.37271755934964,73.37962867046075,73.40239070772326,73.428585531942,75.9210279961347,0.1904244170368088,2.6828668812295007,0.0,0.0,0.022762037262509693,0.026194824218748636
1013,73.38415407022315,96,2368,110,7,0,7,73.38415407022315,2176,0.06843733333333334,73.45259140355648,73.45259140355648,73.46874695911204,73.4911118615816,73.51774626099566,76.01831087688107,0.13359219077251794,2.634156806657927,0.0,0.0,0.022364902469561798,0.02663439941406409
1014,73.38815867664938,128,1664,80,0,0,0,73.63365566326424,1536,0.04854755555555555,73.6822032188198,73.6822032188198,73.69444766326424,73.70619212674374,73.73240322700416,77.05186351210617,0.3442445503547731,3.663704835456784,0.24549698661485309,0.0,0.011744463479502087,0.026211100260411513
1015,73.4597483332837,96,2368,102,6,0,6,73.4597483332837,2176,0.06843733333333334,73.52818566661703,73.52818566661703,73.54434122217259,73.55998812853896,73.58599756864312,76.09677597033584,0.126249235359424,2.6370276370521424,0.0,0.0,0.015646906366370672,0.026009440104161285
1016,73.63753322539661,128,768,44,5,0,5,73.63753322539661,576,0.06363733333333334,73.70117055872994,73.70117055872994,73.70843722539661,73.72490699512203,73.75144724344791,77.09217894840204,0.11391401805130386,3.4546457230054273,0.0,0.0,0.01646976972541836,0.02654024832588675
1017,73.67579898787528,96,1152,125,4,0,,73.67579898787528,256,0.2603448888888889,73.93614387676418,73.93614387676418,73.94554387676418,73.95813650597398,73.98400442589586,76.426702912224,0.308205438020579,2.7509039243487194,0.0,0.0,0.01259262920980575,0.02586791992187898
1018,73.76912063604745,96,2944,82,5,0,5,73.76912063604745,2752,0.07016533333333333,73.83928596938078,73.83928596938078,73.85864152493633,73.88415580929613,73.91068577755784,76.41384631358217,0.141565141510398,2.6447256775347228,0.0,0.0,0.025514284359800854,0.02652996826171261
1019,73.81053130844128,96,2176,85,5,0,5,73.83928596938078,2048,0.050083555555555555,73.88936952493634,73.88936952493634,73.90445841382522,73.91068577755784,73.93716423892937,76.44001140689814,0.12663293048808555,2.6294800984568525,0.028754660939497967,0.0,0.006227363732620006,0.026478461371524986
1020,73.83195732414609,160,4288,151,3,0,3,73.83195732414609,4096,0.07419733333333334,73.90615465747942,73.90615465747942,73.93297687970164,73.9525845553795,73.97908585746283,78.15544244925971,0.1471285333167458,4.323485125113621,0.0,0.0,0.019607675677860925,0.026501302083332234
1021,73.96256462744245,160,1664,80,0,0,0,73.96256462744245,1536,0.04854755555555555,74.011112182998,74.011112182998,74.02335662744245,74.04771214627499,74.07392357205624,78.21467710105087,0.11135894461379792,4.25211247360842,0.0,0.0,0.02435551883253595,0.02621142578125557
1022,74.05142279310704,64,4224,103,2,0,,74.05142279310704,256,1.1228942222222222,75.17431701532927,75.17431701532927,75.20078368199593,75.20088544529422,75.22718671482546,76.89053730076296,1.1757639217184277,2.839114507655921,0.0,0.0,0.00010176329828937014,0.026301269531245453
1023,74.07306351211865,64,4352,139,6,0,6,74.07306351211865,4160,0.07438933333333334,74.14745284545198,74.14745284545198,74.17463062322976,74.18434945666395,74.21064657580457,75.88716854846083,0.13758306368592343,1.814105036342184,0.0,0.0,0.00971883343419222,0.02629711914062227
1024,74.09227362956268,64,4800,87,0,0,0,74.09227362956268,4608,0.07573333333333333,74.16800696289602,74.16800696289602,74.19767362956269,74.20412047147032,74.23040220975157,75.88386296414608,0.13812858018889074,1.7915893345833922,0.0,0.0,0.006446841907632006,0.026281738281255684
1025,74.16865802006446,96,2176,81,1,0,1,74.16865802006446,2048,0.050083555555555555,74.21874157562002,74.21874157562002,74.2338304645089,74.2433951961075,74.270679375795,76.81401889944951,0.1020213557305425,2.645360879385052,0.0,0.0,0.009564731598601384,0.027284179687498522
1026,74.18244558236633,96,3008,82,5,0,5,74.18244558236633,2816,0.07035733333333334,74.25280291569966,74.25280291569966,74.27251402681077,74.28104197194804,74.30747397878397,76.80561028385125,0.1250283964176475,2.6231647014849244,0.0,0.0,0.008527945137274173,0.026432006835932498
1027,74.22059929771457,128,1664,0,1,0,1,74.22059929771457,1536,0.04854755555555555,74.26914685327013,74.26914685327013,74.28139129771458,74.29796404376374,74.32503882054945,77.719753266699,0.10443952283488045,3.49915396898443,0.0,0.0,0.01657274604916381,0.02707477678571024
1028,74.24865256782257,128,2176,85,5,0,5,74.25280291569966,2048,0.050083555555555555,74.30288647125522,74.30288647125522,74.3179753601441,74.33390647390117,74.36029829247755,77.69083750494966,0.11164572465497713,3.442184937127081,0.004150347877086347,0.0,0.015931113757062576,0.026391818576385617
1029,74.29416096447427,96,2368,150,0,0,0,74.29416096447427,2176,0.06843733333333334,74.36259829780761,74.36259829780761,74.37875385336316,74.38810289334532,74.41436656522032,76.89632678250547,0.12020560074604703,2.602165818031196,0.0,0.0,0.00934903998215475,0.026263671875000227
1030,74.33467428970908,160,1408,84,7,0,7,74.33467428970908,1216,0.06555733333333334,74.40023162304242,74.40023162304242,74.41105384526463,74.41959953248004,74.44588481080035,78.61445199016232,0.11121052109126595,4.279777700453238,0.0,0.0,0.008545687215402609,0.026285278320315797
1031,74.34742506655583,128,1472,77,0,0,0,74.36259829780761,1280,0.06574933333333334,74.42834763114094,74.42834763114094,74.43952540891871,74.44063072537656,74.466817388323,77.77660005724506,0.1193923217671653,3.4291749906892335,0.015173231251779384,0.0,0.001105316457852723,0.02618666294642935
1032,74.38140574039836,160,5248,83,1,0,1,74.38140574039836,5056,0.07707733333333333,74.4584830737317,74.4584830737317,74.49063862928726,74.51457592992445,74.5417150900807,78.781035297949,0.16030934968233623,4.3996295575506394,0.0,0.0,0.023937300637186354,0.02713916015625273
1033,74.39931974293964,96,5248,83,1,0,1,74.4584830737317,5120,0.05929955555555556,74.51778262928725,74.51778262928725,74.54993818484282,74.5688547385182,74.59600073461195,77.134045266637,0.19668099167230935,2.7347255236973638,0.059163330792060265,0.0,0.01891655367538192,0.02714599609375057
1034,74.48540618604333,96,2176,81,1,0,1,74.51778262928725,2048,0.050083555555555555,74.56786618484281,74.56786618484281,74.5829550737317,74.59600073461195,74.62302677627862,77.16060013724247,0.1376205902352865,2.675193951199134,0.032376443243919084,0.0,0.01304566088025183,0.027026041666672995
1035,74.51231406664981,128,4864,87,0,0,0,74.51231406664981,4672,0.07592533333333334,74.58823939998314,74.58823939998314,74.61826162220537,74.62394761990781,74.65028581570859,77.95791499865132,0.13797174905877796,3.4456009320015113,0.0,0.0,0.005685997702443046,0.026338195800775566
1036,74.58144964588705,64,1664,80,0,0,0,74.58823939998314,1536,0.04854755555555555,74.6367869555387,74.6367869555387,74.64903139998314,74.65028581570859,74.67656603489262,76.32507382026589,0.09511638900556818,1.7436241743788372,0.0067897540960899505,0.0,0.0012544157254410493,0.026280219184030784
1037,74.62104834356356,96,3072,82,5,0,5,74.62104834356356,2880,0.07054933333333334,74.69159767689689,74.69159767689689,74.71166434356356,74.72983502207825,74.75627409542895,77.24881592291841,0.13522575186539143,2.6277675793548525,0.0,0.0,0.018170678514692895,0.026439073350701392
1038,74.7499327762432,96,2176,81,1,0,1,74.7499327762432,2048,0.050083555555555555,74.80001633179876,74.80001633179876,74.81510522068764,74.83918611872653,74.86604983400431,77.40105692241423,0.11611705776111592,2.6511241461710284,0.0,0.0,0.02408089803888913,0.026863715277784195
1039,74.94653307853325,64,1664,80,0,0,0,74.94653307853325,1536,0.04854755555555555,74.99508063408881,74.99508063408881,75.00732507853326,75.01825331787873,75.0444929174881,76.68856591010963,0.09795983895484994,1.7420328315763811,0.0,0.0,0.010928239345474822,0.026239599609368724
1040,75.08782035954134,64,4096,141,4,0,3,75.08782035954134,0,1.1580657777777779,76.24588613731912,76.24588613731912,76.27164169287468,76.29518069542713,76.32148416222401,78.0206824044115,1.2336638026826705,2.9328620448701628,0.0,0.0,0.02353900255245378,0.02630346679687534
1041,75.27065713811106,96,1408,45,3,1,4,75.27065713811106,256,0.332224,75.60288113811106,75.60288113811106,75.61370336033328,75.6355035820722,75.66156950004095,78.15544244925971,0.3909123619298924,2.8847853111486472,0.0,0.0,0.02180022173892837,0.026065917968750796
1042,75.2744442587523,128,3136,82,5,0,5,75.2744442587523,2944,0.07074133333333334,75.34518559208563,75.34518559208563,75.36560781430785,75.38962471527488,75.41599369313946,78.7357506885434,0.1415494343871586,3.461306429791108,0.0,0.0,0.0240169009670268,0.02636897786457837
1043,75.34292703443451,160,2176,81,1,0,1,75.34292703443451,2048,0.050083555555555555,75.39301058999007,75.39301058999007,75.40809947887895,75.42857339357462,75.4551809985551,79.68207640309222,0.1122539641205833,4.339149368657715,0.0,0.0,0.02047391469567117,0.026607604980469546
1044,75.45355206712219,160,512,80,3,0,0,75.60288113811106,0,0.15175822222222224,75.75463936033329,75.75463936033329,75.76048380477773,75.76583805472845,75.7917018242597,79.9645408867597,0.33814975713751494,4.510988819637518,0.14932907098886972,0.0,0.005354249950713097,0.025863769531255798
1045,75.61067870366209,96,512,87,0,0,0,75.61067870366209,0,0.15175822222222224,75.76243692588432,75.76243692588432,75.76828137032876,75.77927331570858,75.80541999539608,78.26650018047795,0.19474129173399035,2.6558214768158592,0.0,0.0,0.010991945379814183,0.02614667968749984
1046,75.61356115355026,64,5248,83,1,0,1,75.61356115355026,5120,0.05929955555555556,75.67286070910582,75.67286070910582,75.70501626466138,75.7211459556561,75.74775691757016,77.42779245708219,0.13419576401989275,1.8142313035319262,0.0,0.0,0.01612969099471684,0.026610961914059317
1047,75.66275762852855,96,1408,101,2,1,4,75.66275762852855,1024,0.11889066666666667,75.78164829519523,75.78164829519523,75.79247051741744,75.81278925388797,75.83916986912234,78.3073268515442,0.17641224059379113,2.644569223015651,0.0,0.0,0.02031873647052862,0.026380615234373295
1048,75.7655287091491,64,5248,83,1,0,1,75.7655287091491,5120,0.05929955555555556,75.82482826470465,75.82482826470465,75.85698382026021,75.88081905135923,75.90753834389395,77.5874807243813,0.14200963474485206,1.821952015232199,0.0,0.0,0.023835231099013754,0.026719292534721717
1049,75.83308835406532,96,896,128,0,0,0,75.83308835406532,704,0.06402133333333333,75.89710968739865,75.89710968739865,75.90508746517644,75.90987533393775,75.93583065620338,78.39668182110294,0.10274230213805424,2.56359346703762,0.0,0.0,0.004787868761312097,0.025955322265630798
1050,75.87758860717739,64,4416,159,7,1,4,75.87758860717739,256,1.1768035555555554,77.05439216273294,77.05439216273294,77.08192549606628,77.10779866984983,77.13415120891233,78.80475081828733,1.2565626017349416,2.9271622111099447,0.0,0.0,0.025873173783551806,0.02635253906250057
1051,75.90099456383157,96,2048,80,2,0,0,75.90099456383157,0,0.5830328888888889,76.48402745272047,76.48402745272047,76.49840523049825,76.49884394138796,76.52510614841921,78.98015050063275,0.6241115845876379,3.079155936801172,0.0,0.0,0.0004387108897105918,0.026262207031251705
1052,75.90975742209372,160,4352,151,3,0,3,75.90975742209372,4160,0.07438933333333334,75.98414675542705,75.98414675542705,76.01132453320483,76.0251324883222,76.0514342461347,80.22889445121284,0.14167682404098514,4.319137029119119,0.0,0.0,0.013807955117371762,0.026301757812504434
1053,75.95610205505527,64,1664,80,0,0,0,75.95610205505527,1536,0.04854755555555555,76.00464961061083,76.00464961061083,76.01689405505527,76.03965682807838,76.0656013859619,77.69894576037007,0.10949933090662967,1.7428437053147974,0.0,0.0,0.022762773023103477,0.025944557883519792
1054,75.99834818446902,64,1024,96,2,0,2,76.48402745272047,832,0.06440533333333334,76.54843278605381,76.54843278605381,76.55712167494269,76.57763202732546,76.60370478123171,78.22967694920045,0.6053565967626895,2.2313287647314297,0.48567926825144525,0.0,0.020510352382771657,0.026072753906248636
1055,76.00711107734216,160,1472,129,5,0,5,76.00711107734216,1280,0.06574933333333334,76.07286041067549,76.07286041067549,76.08403818845326,76.09944730642071,76.12565303558738,80.28842289603969,0.11854195824521696,4.281311818697532,0.0,0.0,0.015409117967450925,0.026205729166662195
1056,76.10015107931547,96,960,92,1,1,2,76.10015107931547,256,0.20643555555555557,76.30658663487102,76.30658663487102,76.31491996820436,76.33511343069951,76.36171513968388,78.8861515088865,0.2615640603684142,2.7860004295710326,0.0,0.0,0.02019346249514342,0.026601708984372863
1057,76.15426299157527,160,2176,85,5,0,5,76.15426299157527,2048,0.050083555555555555,76.20434654713083,76.20434654713083,76.21943543601971,76.23048083506654,76.25667443858217,80.42079664045933,0.10241144700690086,4.266533648884064,0.0,0.0,0.011045399046835769,0.0261936035156225
1058,76.38192172575548,128,4096,41,6,0,6,76.38192172575548,0,1.1580657777777779,77.53998750353325,77.53998750353325,77.56574305908882,77.56574305908882,77.59274305908882,80.96177585531277,1.2108213333333424,4.57985412955729,0.0,0.0,0.0,0.027000000000001023
1059,76.43013371597308,96,960,100,5,0,5,76.43013371597308,768,0.06421333333333333,76.49434704930641,76.49434704930641,76.50268038263975,76.51853069400751,76.5446263971325,79.02296562994965,0.11449268115941891,2.5928319139765676,0.0,0.0,0.01585031136775683,0.02609570312499443
1060,76.6762261288308,160,1664,80,0,0,0,76.6762261288308,1536,0.04854755555555555,76.72477368438636,76.72477368438636,76.73701812883081,76.74052863797421,76.76649377469296,80.91689764180296,0.09026764586215563,4.240671512972156,0.0,0.0,0.0035105091433962343,0.025965136718753
1061,76.90363127810045,160,2304,138,3,0,3,76.90363127810045,2112,0.06824533333333334,76.97187661143379,76.97187661143379,76.98767661143378,76.9986227226972,77.02490358207221,81.19973470186389,0.12127230397176447,4.296103423763441,0.0,0.0,0.010946111263422154,0.02628085937500657
1062,77.05594469136012,128,1152,88,0,0,0,77.05594469136012,960,0.06478933333333334,77.12073402469346,77.12073402469346,77.13013402469346,77.15554612929367,77.18142308241868,80.4958272595485,0.1254783910585502,3.4398825681883807,0.0,0.0,0.02541210460020693,0.025876953125006708
1063,77.0953206191119,128,5248,83,1,0,1,77.0953206191119,5120,0.05929955555555556,77.15462017466746,77.15462017466746,77.18677573022302,77.187219208113,77.21395663487083,80.59205291676409,0.11863601575892346,3.496732297652187,0.0,0.0,0.0004434778899877756,0.026737426757819094
1064,77.20122409252171,64,1664,80,0,0,0,77.20122409252171,1536,0.04854755555555555,77.24977164807727,77.24977164807727,77.26201609252172,77.28493577773118,77.31080773953673,78.94589146465763,0.10958364701501466,1.7446673721359218,0.0,0.0,0.022919685209458862,0.025871961805549404
1065,77.2830580646884,64,2176,81,1,0,1,77.2830580646884,2048,0.050083555555555555,77.33314162024396,77.33314162024396,77.34823050913285,77.37439144932395,77.40105692241423,79.07146181162088,0.11799885772582286,1.7884037469324738,0.0,0.0,0.026160940191104487,0.026665473090275782
1066,77.49788374067968,160,2432,102,6,0,6,77.53998750353325,2240,0.06862933333333333,77.60861683686659,77.60861683686659,77.6251279479777,77.64674452393257,77.67333900635444,81.87425949789089,0.17545526567475633,4.376375757211207,0.042103762853571425,0.0,0.02161657595486588,0.02659448242187068
1067,77.85495521881312,160,3200,82,5,0,5,77.85495521881312,3008,0.07093333333333333,77.92588855214645,77.92588855214645,77.94666632992423,77.95061777838715,77.97671484869966,82.17783115031796,0.12175962988654021,4.322875931504839,0.0,0.0,0.003951448462927942,0.026097070312502524
1068,77.95918394085956,160,3200,82,5,0,5,77.95918394085956,3072,0.05315555555555555,78.01233949641511,78.01233949641511,78.03311727419289,78.05500898932466,78.08118525885591,82.28441493938045,0.12200131799635017,4.325230998520894,0.0,0.0,0.02189171513177257,0.02617626953124841
1069,78.0436104192021,96,4992,87,0,0,0,78.0436104192021,4736,0.09408711111111111,78.1376975303132,78.1376975303132,78.16843086364653,78.18876924669819,78.21467710105087,80.70696934939225,0.17106668184877094,2.6633589301901566,0.0,0.0,0.020338383051651476,0.02590785435268117
1070,78.10481995409938,128,2176,81,1,0,1,78.10481995409938,2048,0.050083555555555555,78.15490350965494,78.15490350965494,78.16999239854383,78.17154652841775,78.19804066904275,81.57350521168597,0.09322071494337081,3.4686852575865856,0.0,0.0,0.0015541298739236709,0.026494140625004547
1071,78.41080367660476,64,1408,145,2,0,2,78.41080367660476,1216,0.06555733333333334,78.47636100993809,78.47636100993809,78.4871832321603,78.48957636326294,78.51543891209107,80.14868630327412,0.10463523548631315,1.7378826266693608,0.0,0.0,0.002393131102635948,0.02586254882812966
1072,78.55879248586133,96,4224,99,4,0,,78.55879248586133,256,1.1228942222222222,79.68168670808356,79.68168670808356,79.70815337475022,79.70815337475022,79.73521587475022,82.20577284089605,1.1764233888888924,3.6469803550347137,0.0,0.0,0.0,0.027062499999999545
1073,78.65724314132406,64,1664,80,0,0,0,78.65724314132406,1536,0.04854755555555555,78.70579069687962,78.70579069687962,78.71803514132407,78.73700982403264,78.7631183201264,80.41678914648426,0.10587517880233577,1.7595460051602032,0.0,0.0,0.018974682708574164,0.026108496093755207
1074,78.68000564289513,160,2496,122,3,0,3,78.68000564289513,2304,0.06882133333333333,78.74882697622846,78.74882697622846,78.76569364289513,78.7844209648847,78.8106358086347,82.96961773409046,0.13063016573957498,4.2896120911953375,0.0,0.0,0.018727321989572943,0.026214843749997385
1075,78.68413013961512,128,1088,96,2,0,2,78.68413013961512,896,0.06459733333333334,78.74872747294846,78.74872747294846,78.7577719173929,78.77409125584107,78.79984695245565,82.12397096349238,0.1157168128405317,3.4398408238772618,0.0,0.0,0.01631933844817013,0.025755696614581325
1076,78.7270684046349,96,2368,94,1,1,4,78.7270684046349,256,0.6017706666666667,79.32883907130157,79.32883907130157,79.34499462685713,79.3641094353188,79.39060394215473,81.91282711110004,0.6635355375198202,3.185758706465137,0.0,0.0,0.01911480846166569,0.02649450683593102
1077,78.80919486700822,128,2432,110,7,0,7,78.80919486700822,2240,0.06862933333333333,78.87782420034155,78.87782420034155,78.89433531145266,78.89433531145266,78.92052281145267,82.27144078020268,0.11132794444445437,3.462245913194465,0.0,0.0,0.0,0.026187500000006025
1078,79.06155343041475,160,4736,91,0,0,0,79.06155343041475,4544,0.07554133333333334,79.13709476374808,79.13709476374808,79.1664058748592,79.18152513164982,79.20793479961857,83.36941604518238,0.14638136920382294,4.307862614767629,0.0,0.0,0.015119256790626423,0.026409667968749773
1079,79.17492150730297,96,512,28,4,0,1,79.68168670808356,0,0.15175822222222224,79.83344493030579,79.83344493030579,79.83928937475024,79.84347075756273,79.86962822826585,82.3356231013127,0.6947067209628841,3.160701594009737,0.5067652007805918,0.0,0.004181382812490142,0.026157470703125796
1080,79.22503622658508,96,4544,107,5,0,5,79.22503622658508,4352,0.07496533333333334,79.30000155991841,79.30000155991841,79.32824600436285,79.33815166510591,79.36461035651216,81.88473380331276,0.13957412992708385,2.6596975767276803,0.0,0.0,0.00990566074305832,0.02645869140624768
1081,79.25953040238055,96,2496,90,3,0,3,79.25953040238055,2304,0.06882133333333333,79.32835173571388,79.32835173571388,79.34521840238055,79.36126032035345,79.38748453910345,81.8777258395592,0.1279541367229058,2.618195437178656,0.0,0.0,0.016041917972899,0.026224218750002137
1082,79.34564321593797,64,3200,82,5,0,5,79.34564321593797,3072,0.05315555555555555,79.39879877149352,79.39879877149352,79.4195765492713,79.44398936041841,79.47046698086112,81.13733594709996,0.12482376492314984,1.7916927311619872,0.0,0.0,0.024412811147115576,0.026477620442705074
1083,79.36686929828788,96,2176,85,5,0,5,79.39879877149352,2048,0.050083555555555555,79.44888232704908,79.44888232704908,79.46397121593796,79.47046698086112,79.49688571691023,82.01781770630754,0.13001641862234692,2.6509484080196586,0.03192947320563633,0.0,0.006495764923158731,0.02641873604910927
1084,79.37640653690987,64,4480,95,2,0,2,79.37640653690987,4288,0.07477333333333333,79.45117987024321,79.45117987024321,79.4790687591321,79.49256261000775,79.51870893162234,81.17963182503752,0.1423023947124733,1.8032252881276492,0.0,0.0,0.013493850875647695,0.02614632161458985
1085,79.46961939558729,160,1664,80,0,0,0,79.46961939558729,1536,0.04854755555555555,79.51816695114285,79.51816695114285,79.5304113955873,79.55130491680606,79.5776207533946,83.73215308694921,0.10800135780731068,4.262533691361924,0.0,0.0,0.020893521218766864,0.026315836588537422
1086,79.48057230402412,64,2176,85,5,0,5,79.48057230402412,2048,0.050083555555555555,79.53065585957968,79.53065585957968,79.54574474846856,79.5497246538522,79.57610014213344,81.24387303322347,0.09552783810931942,1.7633007291993437,0.0,0.0,0.0039799053836304665,0.026375488281246362
1087,79.4932655335398,64,3072,86,1,0,1,79.4932655335398,2880,0.07054933333333334,79.56381486687313,79.56381486687313,79.5838815335398,79.60257757496723,79.62907669606098,81.30942481617815,0.13581116252117909,1.8161592826383526,0.0,0.0,0.01869604142743242,0.026499121093749523
1088,79.50285651191228,64,1216,88,0,0,0,79.51816695114285,1024,0.06498133333333334,79.58314828447618,79.58314828447618,79.59290384003174,79.6039370782644,79.63015059667957,81.284640962813,0.12729408476728565,1.781784450900716,0.015310439230560746,0.0,0.011033238232656117,0.02621351841517594
1089,79.54180170557106,160,1600,89,2,0,2,79.54180170557106,1408,0.06613333333333334,79.6079350389044,79.6079350389044,79.61982392779329,79.62329910089318,79.6493559856588,83.83926088300348,0.10755428008774004,4.297459177432415,0.0,0.0,0.0034751730998863195,0.026056884765623067
1090,79.5526861427042,128,4608,111,2,0,2,79.6079350389044,4416,0.07515733333333334,79.68309237223774,79.68309237223774,79.71169237223774,79.72752956964318,79.75382663995568,83.10106472414932,0.20114049725147254,3.548378581445121,0.05524889620019735,0.0,0.01583719740544609,0.026297070312494952
1091,79.55578456199514,64,256,42,4,0,1,79.83344493030579,0,0.07987911111111111,79.9133240414169,79.9133240414169,79.91774626363912,79.92194463451585,79.94775892488043,81.57504359284918,0.39197436288529275,2.0192590308540446,0.27766036831064866,0.0,0.004198370876736135,0.02581429036457905
1092,79.67577634264525,96,2432,46,2,0,2,79.68309237223774,2240,0.06862933333333333,79.75172170557107,79.75172170557107,79.76823281668219,79.78012419854943,79.80640382094526,82.3087117404021,0.13062747830001342,2.632935397756853,0.007316029592487894,0.0,0.011891381867243922,0.026279622395833258
1093,79.69709211513327,160,4096,81,7,0,1,79.69709211513327,0,1.1580657777777779,80.85515789291105,80.85515789291105,80.88091344846661,80.88597691301517,80.91258921770267,85.17082814999434,1.215497102569401,5.473736034861062,0.0,0.0,0.005063464548555885,0.02661230468750375
1094,79.70799136188475,64,5248,83,1,0,1,79.70799136188475,5120,0.05929955555555556,79.7672909174403,79.7672909174403,79.79944647299587,79.8150341667641,79.84182108082659,81.52128841481097,0.13382971894183981,1.8132970529262167,0.0,0.0,0.015587693768225108,0.026786914062498113
1095,79.74106981699613,64,1664,80,0,0,0,79.74106981699613,1536,0.04854755555555555,79.78961737255169,79.78961737255169,79.80186181699614,79.81365889746083,79.83982570654285,81.49460613789671,0.0987558895467231,1.7535363209005794,0.0,0.0,0.011797080464688747,0.026166809082027953
1096,79.79625985285178,96,4416,155,2,0,2,79.79625985285178,4224,0.07458133333333333,79.8708411861851,79.8708411861851,79.89837451951844,79.91152719334109,79.93793414088573,82.44067737760913,0.1416742880339541,2.6444175247573583,0.0,0.0,0.013152673822645511,0.026406947544643344
1097,79.817475184403,64,1344,109,6,0,6,79.817475184403,1152,0.06536533333333333,79.88284051773633,79.88284051773633,79.893307184403,79.90901869385443,79.93532810140651,81.58500241781276,0.11785291700351763,1.7675272334097656,0.0,0.0,0.01571150945143529,0.02630940755207689
1098,79.82610525091168,64,1664,89,2,0,2,79.8708411861851,1472,0.06632533333333333,79.93716651951844,79.93716651951844,79.94941096396289,79.96434157671162,79.99067507280537,81.65169947911738,0.16456982189369285,1.825594228205702,0.044735935273422456,0.0,0.014930612748727867,0.02633349609375557
1099,79.8569345452745,64,2624,34,3,1,6,79.8569345452745,2240,0.12253866666666667,79.97947321194117,79.97947321194117,79.99705098971894,80.01746593558784,80.04389279105659,81.69543616670764,0.18695824578209397,1.8385016214331387,0.0,0.0,0.020414945868893142,0.026426855468756116
1100,79.91678405080786,96,4416,139,5,1,6,79.91678405080786,256,1.1768035555555554,81.09358760636341,81.09358760636341,81.12112093969675,81.13733594709996,81.163975025876,83.69300062460178,1.2471909750681363,3.776216573793917,0.0,0.0,0.01621500740320414,0.02663907877604288
1101,80.07342479076097,64,4800,91,0,0,0,80.07342479076097,4608,0.07573333333333333,80.1491581240943,80.1491581240943,80.17882479076097,80.18003865820302,80.20634231488704,81.86105693968554,0.13291752412607138,1.7876321489245726,0.0,0.0,0.0012138674420469897,0.026303656684021348
1102,80.35807762379352,160,4672,71,4,1,5,80.35807762379352,256,1.2486826666666666,81.60676029046019,81.60676029046019,81.63571584601574,81.65361561433356,81.68017046459397,85.8395172500757,1.322092840800451,5.481439626282182,0.0,0.0,0.017899768317818143,0.02655485026041049
1103,80.36869802043982,96,4096,45,7,0,3,80.85515789291105,0,1.1580657777777779,82.01322367068883,82.01322367068883,82.0389792262444,82.05738023332768,82.08413609270268,84.63324636288496,1.715438072262856,4.2645483424451385,0.48645987247122946,0.0,0.01840100708328407,0.026755859375001023
1104,80.40147763090621,160,1664,80,0,0,0,80.40147763090621,1536,0.04854755555555555,80.45002518646177,80.45002518646177,80.46226963090622,80.46952181249989,80.4958272595485,84.63991567043503,0.09434962864229135,4.238438039528816,0.0,0.0,0.0072521815936710254,0.026305447048613928
1105,80.49892620403003,128,2560,90,3,0,3,80.49892620403003,2368,0.06901333333333334,80.56793953736336,80.56793953736336,80.58516175958557,80.59626627738471,80.62251188285346,83.9369288424889,0.12358567882343152,3.438002638458869,0.0,0.0,0.011104517799140012,0.02624560546874477
1106,80.65921360949768,64,4096,112,6,0,6,80.65921360949768,0,1.1580657777777779,81.81727938727546,81.81727938727546,81.84303494283103,81.84762692953151,81.87425949789089,83.54692014242214,1.215045888393206,2.8877065329244545,0.0,0.0,0.00459198670048977,0.026632568359374886
1107,80.76689954014954,96,4096,107,7,0,5,82.01322367068883,0,1.1580657777777779,83.17128944846661,83.17128944846661,83.19704500402217,83.21724400285892,83.24426516171309,85.78791506405685,2.47736562156355,5.021015523907309,1.2463241305392927,0.0,0.02019899883674725,0.027021158854168448
1108,80.78072184443546,64,704,108,7,0,,83.17128944846661,256,0.13455644444444445,83.30584589291105,83.30584589291105,83.31275700402216,83.32533156796309,83.35193483944747,85.03467580624434,2.5712129950120044,4.253953961808875,2.3905676040311477,0.0,0.012574563940930261,0.026603271484376023
1109,80.81370466745615,64,1472,84,2,1,7,80.81370466745615,256,0.35019377777777777,81.16389844523393,81.16389844523393,81.1750762230117,81.17963182503752,81.20586180550627,82.86272794959575,0.3921571380501234,2.0490232821396006,0.0,0.0,0.004555602025817507,0.026229980468755798
1110,80.86252056112593,160,640,52,4,0,,81.60676029046019,256,0.11658666666666667,81.72334695712685,81.72334695712685,81.7299025126824,81.73328162995855,81.75952699128668,85.91743199616946,0.8970064301607437,5.054911435043522,0.7442397293342538,0.0,0.00337911727615392,0.026245361328122385
1111,80.92429747788096,128,3200,82,5,0,5,81.09358760636341,3072,0.05315555555555555,81.14674316191896,81.14674316191896,81.16752093969674,81.19061459293329,81.21724356893775,84.59104881796117,0.29294609105679115,3.6667513400802108,0.1692901284824586,0.0,0.023093653236543332,0.026628976004460014
1112,80.9374176868819,64,3200,82,5,0,5,81.14674316191896,3072,0.05315555555555555,81.19989871747451,81.19989871747451,81.22067649525229,81.24387303322347,81.27056995007615,82.94819533488825,0.3331522631942505,2.0107776480063535,0.2093254750370619,0.0,0.023196537971173825,0.026696916852685604
1113,80.98060231060545,96,704,52,3,1,4,80.98060231060545,256,0.13455644444444445,81.11515875504989,81.11515875504989,81.122069866161,81.14752653129096,81.1736303724368,83.64790625948109,0.193028061831356,2.6673039488756416,0.0,0.0,0.025456665129965472,0.02610384114584008
1114,81.01440608483597,128,2176,81,1,0,1,81.01440608483597,2048,0.050083555555555555,81.06448964039153,81.06448964039153,81.07957852928041,81.09744317555315,81.1239391716469,84.47324876908617,0.10953308681092722,3.4588426842502003,0.0,0.0,0.017864646272741425,0.0264959960937432
1115,81.06033780459418,128,1664,80,0,0,0,81.06033780459418,1536,0.04854755555555555,81.10888536014974,81.10888536014974,81.12112980459419,81.12732732930296,81.15356275061993,84.45812796550487,0.09322494602574238,3.397790160910688,0.0,0.0,0.006197524708767332,0.026235421316968655
1116,81.17078805210495,128,1664,80,0,0,0,81.17078805210495,1536,0.04854755555555555,81.21933560766051,81.21933560766051,81.23158005210496,81.23227194425831,81.25845620939504,84.5620150134748,0.08766815729008215,3.3912269613698527,0.0,0.0,0.0006918921533554112,0.02618426513672034
1117,81.31179048616697,64,2688,26,2,0,2,81.31179048616697,2496,0.06939733333333334,81.3811878195003,81.3811878195003,81.39912115283363,81.41571922738127,81.44196336800627,83.10106472414932,0.1301728818393002,1.7892742379823545,0.0,0.0,0.016598074547644615,0.02624414062499625
1118,81.33888477737673,128,1664,80,0,0,0,81.33888477737673,1536,0.04854755555555555,81.38743233293229,81.38743233293229,81.39967677737674,81.4159722267639,81.44218304219359,84.74382094387254,0.103298264816857,3.4049361664958013,0.0,0.0,0.0162954493871581,0.026210815429692502
1119,81.37810730600228,160,2560,30,5,1,6,81.37810730600228,256,0.65568,82.03378730600228,82.03378730600228,82.0510095282245,82.07125823365129,82.09790073039608,86.30632076620334,0.7197934243937993,4.928213460201064,0.0,0.0,0.0202487054267948,0.026642496744784694
1120,81.41411876153687,128,2176,81,1,0,1,81.41411876153687,2048,0.050083555555555555,81.46420231709243,81.46420231709243,81.47929120598131,81.49487952809221,81.52128841481097,84.8691745445233,0.10716965327409866,3.4550557829864346,0.0,0.0,0.015588322110900776,0.026408886718755298
1121,81.44930124529374,64,1472,101,2,0,2,81.44930124529374,1280,0.06574933333333334,81.51505057862707,81.51505057862707,81.52622835640484,81.54694481331877,81.57313274734655,83.23280349368058,0.12383150205280913,1.7835022483868386,0.0,0.0,0.02071645691393087,0.026187934027774418
1122,81.45576645739338,160,2176,81,1,0,1,81.46420231709243,2048,0.050083555555555555,81.51428587264799,81.51428587264799,81.52937476153687,81.54740169606097,81.57350521168597,85.75856690757203,0.11773875429258851,4.302800450178651,0.008435859699048365,0.0,0.018026934524101534,0.02610351562499602
1123,81.474542615599,96,1536,77,0,0,0,81.474542615599,1344,0.06594133333333334,81.54048394893233,81.54048394893233,81.55201728226567,81.57340238510653,81.59960422836825,84.0688873492689,0.12506161276924388,2.5943447336698995,0.0,0.0,0.02138510284086692,0.026201843261716817
1124,81.51135088583189,64,1664,80,0,0,0,81.54048394893233,1536,0.04854755555555555,81.58903150448789,81.58903150448789,81.60127594893234,81.62580655991123,81.65196601086609,83.29134685948526,0.14061512503420204,1.7799959736533708,0.02913306310044561,0.0,0.024530610978885647,0.026159450954864383
1125,81.65887692112078,128,1344,105,0,0,0,81.65887692112078,1152,0.06536533333333333,81.72424225445411,81.72424225445411,81.73470892112078,81.75660869749804,81.78272002562304,85.07984585784203,0.12384310450225655,3.420968936721252,0.0,0.0,0.021899776377253488,0.026111328124997613
1126,81.89388223266033,128,5248,83,1,0,1,81.89388223266033,5120,0.05929955555555556,81.95318178821589,81.95318178821589,81.98533734377145,81.99104586110005,82.01749190602192,85.36829889348164,0.12360967336158524,3.474416660821305,0.0,0.0,0.0057085173285997826,0.02644604492186886
1127,81.89987013168603,128,1280,88,0,0,0,81.89987013168603,1088,0.06517333333333333,81.96504346501936,81.96504346501936,81.97515457613048,81.99092727388692,82.01686775240255,85.31247256682641,0.11699762071651776,3.4126024351403856,0.0,0.0,0.01577269775644652,0.02594047851562209
1128,81.9962140475112,64,4416,31,2,0,2,81.9962140475112,4224,0.07458133333333333,82.07079538084453,82.07079538084453,82.09832871417787,82.12397096349238,82.15040821935176,83.81306166425348,0.15419417184055817,1.8168476167422796,0.0,0.0,0.025642249314515198,0.02643725585937773
1129,82.02037620852676,160,768,144,3,0,3,82.02037620852676,576,0.06363733333333334,82.08401354186009,82.08401354186009,82.09128020852675,82.11146656221545,82.13729053682484,86.29639028454622,0.1169143282980798,4.2760140760194645,0.0,0.0,0.020186353688700365,0.025823974609380684
1130,82.02331645864425,160,2176,81,1,0,1,82.02331645864425,2048,0.050083555555555555,82.0734000141998,82.0734000141998,82.08848890308869,82.09683297047505,82.12320386891255,86.3063901555724,0.09988741026830894,4.283073696928156,0.0,0.0,0.00834406738636062,0.02637089843750573
1131,82.02938263504684,96,2048,84,6,0,2,82.02938263504684,0,0.5830328888888889,82.61241552393574,82.61241552393574,82.62679330171352,82.63045774007838,82.6569648201565,85.13136968669298,0.6275821851096595,3.101987051646134,0.0,0.0,0.0036644383648649637,0.02650708007811886
1132,82.0830192573802,96,1728,89,2,0,2,82.0830192573802,1536,0.06651733333333333,82.14953659071354,82.14953659071354,82.16213659071354,82.17684596349238,82.20321814231183,84.70407423749566,0.12019888493162512,2.62105498011546,0.0,0.0,0.01470937277883877,0.026372178819443093
1133,82.15815003704846,96,2176,5,1,0,1,82.15815003704846,2048,0.050083555555555555,82.20823359260402,82.20823359260402,82.2233224814929,82.22869234547505,82.25501387867818,84.7641159507733,0.09686384162972672,2.6059659137248445,0.0,0.0,0.005369863982153333,0.026321533203130798
1134,82.18542609388167,96,4864,91,0,0,0,82.18542609388167,4672,0.07592533333333334,82.261351427215,82.261351427215,82.29137364943723,82.30224524263693,82.32832145890113,84.79579929673712,0.14289536501945577,2.610373202855442,0.0,0.0,0.01087159319969544,0.02607621626420098
1135,82.19497278289967,96,1408,105,0,0,0,82.261351427215,1216,0.06555733333333334,82.32690876054833,82.32690876054833,82.33773098277055,82.35439816344659,82.38044288187106,84.84742161119024,0.18547009897139333,2.6524488282905736,0.06637864431533558,0.0,0.016667180676037674,0.026044718424472535
1136,82.2864503082713,96,2176,85,5,0,5,82.2864503082713,2048,0.050083555555555555,82.33653386382686,82.33653386382686,82.35162275271574,82.36436281535701,82.39089553020077,84.90742752889867,0.10444522192946692,2.620977220627367,0.0,0.0,0.01274006264127081,0.026532714843753524
1137,82.29047097429562,160,4480,43,3,0,3,82.29047097429562,4224,0.09255111111111111,82.38302208540672,82.38302208540672,82.41091097429562,82.42138648409046,82.44748785127796,86.61185048962435,0.15701687698233968,4.321379515328729,0.0,0.0,0.010475509794844129,0.02610136718749345
1138,82.35251614708893,96,4288,103,2,0,2,82.35251614708893,4096,0.07419733333333334,82.42671348042226,82.42671348042226,82.45353570264449,82.46695646522075,82.493337812877,84.99323646894098,0.1408216657880672,2.6407203218520436,0.0,0.0,0.013420762576259904,0.02638134765625466
1139,82.50529677124003,160,2752,98,2,1,7,82.50529677124003,256,0.7095893333333334,83.21488610457335,83.21488610457335,83.23317499346224,83.25930251711807,83.28577087649307,87.44006222577694,0.7804741052530488,4.934765454536915,0.0,0.0,0.026127523655830487,0.026468359375002137
1140,82.61555869719591,64,1152,32,0,0,0,82.61555869719591,960,0.06478933333333334,82.68034803052925,82.68034803052925,82.68974803052924,82.69301758890232,82.71903107297685,84.35426338217154,0.10347237578093882,1.7387046849756302,0.0,0.0,0.003269558373077075,0.026013484074525195
1141,82.65261011127396,96,640,148,6,0,,82.65261011127396,256,0.11658666666666667,82.76919677794062,82.76919677794062,82.77575233349617,82.78950754476588,82.81561838460964,85.28850494059922,0.16300827333567725,2.6358948293252666,0.0,0.0,0.013755211269710799,0.026110839843752842
1142,82.6987430542337,160,768,108,4,1,7,82.6987430542337,256,0.15252622222222223,82.85126927645592,82.85126927645592,82.85853594312259,82.8618926325627,82.88789670157311,87.04094871980227,0.18915364733940976,4.342205665568571,0.0,0.0,0.003356689440110472,0.026004069010411968
1143,82.83937458940137,64,2176,81,1,0,1,82.83937458940137,2048,0.050083555555555555,82.88945814495693,82.88945814495693,82.90454703384582,82.91321090016255,82.9395063103188,84.60565416459399,0.10013172091743172,1.7662795751926126,0.0,0.0,0.008663866316737767,0.026295410156251364
1144,82.85203463303127,64,5248,83,1,0,1,82.88945814495693,5120,0.05929955555555556,82.94875770051249,82.94875770051249,82.98091325606805,82.99209859547506,83.01855367360005,84.68526988725024,0.16651904056878664,1.8332352542189767,0.03742351192566673,0.0,0.011185339407006722,0.02645507812499659
1145,82.8993679265012,96,4096,93,6,0,0,82.8993679265012,0,1.1580657777777779,84.05743370427898,84.05743370427898,84.08318925983454,84.08613205648463,84.11225347575547,86.63966460856795,1.212885549254267,3.740296682066756,0.0,0.0,0.002942796650089008,0.026121419270836554
1146,82.90801444287914,96,3200,82,5,0,5,82.90801444287914,3072,0.05315555555555555,82.96116999843468,82.96116999843468,82.98194777621246,83.00125759074763,83.02779557902888,85.54194803671116,0.11978113614974006,2.633933593832026,0.0,0.0,0.019309814535162673,0.026537988281248204
1147,82.91731885599668,128,2368,138,3,0,3,82.91731885599668,2176,0.06843733333333334,82.98575618933002,82.98575618933002,83.00191174488558,83.02174883760608,83.04783311494984,86.37502041149934,0.1305142589531556,3.457701555502652,0.0,0.0,0.0198370927205076,0.026084277343755957
1148,83.0229377521977,64,1600,84,2,0,2,83.21488610457335,1344,0.0839111111111111,83.29879721568446,83.29879721568446,83.31068610457335,83.31223972414932,83.33859437909724,84.99323646894098,0.3156566268995391,1.9702987167432724,0.1919483523756469,0.0,0.0015536195759722204,0.026354654947922995
1149,83.0395479349946,128,1664,80,0,0,0,83.0395479349946,1536,0.04854755555555555,83.08809549055016,83.08809549055016,83.10033993499461,83.10929192784464,83.13529831037812,86.42684905143393,0.09575037538351694,3.387301116439332,0.0,0.0,0.008951992850029455,0.026006382533481087
1150,83.16082599708437,160,2176,126,4,0,,83.16082599708437,256,0.5478613333333333,83.7086873304177,83.7086873304177,83.72377621930659,83.7463049046981,83.77233603262779,87.9462606501408,0.611510035543418,4.785434653056427,0.0,0.0,0.022528685391520753,0.026031127929684317
1151,83.18110758055201,96,2240,126,1,1,4,83.18110758055201,256,0.5658311111111111,83.74693869166312,83.74693869166312,83.76238313610756,83.7859633415688,83.81239129295768,86.3063901555724,0.6312837124056756,3.1252825750203925,0.0,0.0,0.02358020546124351,0.02642795138888232
1152,83.20454831708913,160,4672,107,5,0,5,83.20454831708913,4416,0.0931271111111111,83.29767542820025,83.29767542820025,83.3266309837558,83.34628952434137,83.37295667928929,87.58442397258355,0.16840836220015376,4.379875655494416,0.0,0.0,0.019658540585567152,0.026667154947915606
1153,83.4101374933704,64,4288,99,3,1,4,83.4101374933704,256,1.140864,84.55100149337039,84.55100149337039,84.57782371559261,84.59372815889516,84.62021033662954,86.27044487438997,1.210072843259141,2.8603073810195667,0.0,0.0,0.0159044433025457,0.026482177734379775
1154,83.60486998443577,128,1216,32,0,0,0,83.60486998443577,1024,0.06498133333333334,83.6698513177691,83.6698513177691,83.67960687332466,83.68037014674488,83.70626137270642,87.0009788993692,0.10139138827065608,3.3961089149334356,0.0,0.0,0.0007632734202189795,0.02589122596154425
1155,83.69367660172054,96,1024,100,5,0,5,83.69367660172054,832,0.06440533333333334,83.75808193505388,83.75808193505388,83.76677082394276,83.77270482382053,83.79909569296116,86.30632076620334,0.10541909124061988,2.612644164482802,0.0,0.0,0.00593399987776877,0.02639086914062716
1156,83.82431121463377,160,1664,84,2,0,2,83.82431121463377,1472,0.06632533333333333,83.8906365479671,83.8906365479671,83.90288099241155,83.91811671796441,83.94430822187066,88.09311659938186,0.11999700723688989,4.268805384748092,0.0,0.0,0.015235725552855683,0.02619150390624725
1157,83.89841536676525,128,2688,22,0,0,0,83.89841536676525,2496,0.06939733333333334,83.96781270009858,83.96781270009858,83.98574603343191,83.9910983994492,84.01702756110785,87.31423196856564,0.11861219434260306,3.415816601800387,0.0,0.0,0.005352366017291388,0.025929161658652333
1158,84.00333388171487,128,5248,7,7,0,7,84.00333388171487,5120,0.05929955555555556,84.06263343727042,84.06263343727042,84.09478899282598,84.09702468319746,84.12383112850996,87.5009389898381,0.12049724679509666,3.4976051081232384,0.0,0.0,0.002235690371477972,0.026806445312502092
1159,84.087737067166,96,4096,80,6,0,0,84.087737067166,0,1.1580657777777779,85.24580284494378,85.24580284494378,85.27155840049934,85.28850494059922,85.31551617106797,87.8832930265367,1.227779103901966,3.7955559593707022,0.0,0.0,0.01694654009988028,0.02701123046874443
1160,84.25933815639914,64,1664,80,0,0,0,84.25933815639914,1536,0.04854755555555555,84.3078857119547,84.3078857119547,84.32013015639914,84.32832704653453,84.35426338217154,85.98535049651392,0.09492522577239981,1.726012340114778,0.0,0.0,0.008196890135380386,0.02593633563701303
1161,84.29677083379744,64,832,144,3,0,3,84.55100149337039,640,0.06382933333333334,84.61483082670372,84.61483082670372,84.62245304892595,84.64669300264516,84.67296077608266,86.32245937634309,0.3761899422852224,2.0256885425456517,0.2542306595729542,0.0,0.024239953719217056,0.02626777343749609
1162,84.41561706787208,128,1536,93,0,0,0,84.41561706787208,1280,0.0837191111111111,84.49933617898319,84.49933617898319,84.51086951231652,84.53605672083158,84.5620150134748,87.86175224095682,0.1463979456027289,3.446135173084741,0.0,0.0,0.02518720851506373,0.025958292643224468
1163,84.59255116447594,160,4736,71,4,0,4,84.59255116447594,4544,0.07554133333333334,84.66809249780927,84.66809249780927,84.69740360892038,84.70978183340904,84.73608368887778,88.91250674389079,0.1435325244018486,4.319955579414852,0.0,0.0,0.012378224488656997,0.02630185546874486
1164,84.6370827394761,64,1024,92,1,0,1,84.6370827394761,832,0.06440533333333334,84.70148807280944,84.70148807280944,84.71017696169832,84.7116337381617,84.73787460032688,86.38459565222419,0.10079186085077652,1.7475129127480926,0.0,0.0,0.0014567764633710567,0.02624086216518151
1165,84.93329459895254,96,2176,81,1,0,1,84.93329459895254,2048,0.050083555555555555,84.9833781545081,84.9833781545081,84.99846704339699,85.00064964217955,85.02690712915872,87.51072359344936,0.09361253020617255,2.577428994496813,0.0,0.0,0.0021825987825678794,0.02625748697916208
1166,84.97938913527915,96,1408,17,7,1,6,84.97938913527915,256,0.332224,85.31161313527915,85.31161313527915,85.32243535750136,85.33468850155684,85.36145884660893,87.86312404843186,0.38206971132977685,2.8837349131527077,0.0,0.0,0.01225314405547806,0.02677034505208553
1167,85.05442935814482,160,1792,89,2,0,2,85.05442935814482,1600,0.06670933333333334,85.12113869147815,85.12113869147815,85.1340942470337,85.14986928144098,85.17589906659724,89.3193714037206,0.12146970845242322,4.264942045575779,0.0,0.0,0.015775034407283783,0.026029785156254093
1168,85.2076062202708,96,704,152,3,0,3,85.2076062202708,512,0.06344533333333334,85.27105155360414,85.27105155360414,85.27796266471525,85.30353382295766,85.32965776501496,87.77929140759309,0.1220515447441528,2.571685187322288,0.0,0.0,0.02557115824241407,0.02612394205729629
1169,85.21991092011005,128,2496,110,7,0,7,85.31161313527915,2304,0.06882133333333333,85.38043446861248,85.38043446861248,85.39730113527915,85.41500100155685,85.44163454647872,88.76785435442144,0.2217236263686715,3.5479434343113923,0.09170221516909294,0.0,0.017699866277695264,0.026633544921878638
1170,85.30986533274208,160,1664,84,2,0,2,85.30986533274208,1536,0.04854755555555555,85.35841288829764,85.35841288829764,85.37065733274208,85.38415492597224,85.41013368573786,89.55437848379871,0.10026835299578352,4.244513151056637,0.0,0.0,0.013497593230155758,0.025978759765621362
1171,85.38339212759932,64,1216,97,4,0,4,85.38339212759932,1024,0.06498133333333334,85.44837346093266,85.44837346093266,85.45812901648821,85.47273388419029,85.49892952221113,87.14642235261476,0.11553739461180612,1.7630302250154415,0.0,0.0,0.014604867702075808,0.026195638020837464
1172,85.45872655250805,128,1664,80,0,0,0,85.45872655250805,1536,0.04854755555555555,85.50727410806361,85.50727410806361,85.51951855250806,85.51954483245142,85.5454187745087,88.857544711209,0.08669222200065008,3.398818158700948,0.0,0.0,2.6279943355689284e-05,0.02587394205728799
1173,85.51514287992451,128,2176,81,1,0,1,85.51514287992451,2048,0.050083555555555555,85.56522643548007,85.56522643548007,85.58031532436895,85.60224615910663,85.628253727466,88.96172460667769,0.11311084754149192,3.4465817267531804,0.0,0.0,0.021930834737673877,0.026007568359375455
1174,85.51983905066461,128,2816,18,1,0,1,85.56522643548007,2624,0.06978133333333333,85.63500776881341,85.63500776881341,85.65365221325786,85.65426178410662,85.68032267975394,89.01453999197598,0.16048362908932745,3.4947009413113648,0.04538738481545579,0.0,0.0006095708487663387,0.02606089564731917
1175,85.53584704214558,128,3136,86,1,0,1,85.63500776881341,2944,0.07074133333333334,85.70574910214674,85.70574910214674,85.72617132436896,85.73244593589234,85.75856690757203,89.09379102279195,0.2227198654264555,3.557943980646371,0.09916072666783293,0.0,0.006274611523380713,0.02612097167968841
1176,85.56457418576308,64,2304,134,2,0,2,85.56457418576308,2112,0.06824533333333334,85.63281951909642,85.63281951909642,85.64861951909641,85.66994813886286,85.69596044355036,87.33584696350016,0.13138625778728397,1.7712727777370816,0.0,0.0,0.021328619766450174,0.026012304687498045
1177,85.59310003869582,128,2304,78,2,0,2,85.63281951909642,2112,0.06824533333333334,85.70106485242975,85.70106485242975,85.71686485242975,85.72197323651912,85.74800513756078,89.05852284066255,0.1549050988649583,3.4654228019667244,0.03971948040059203,0.0,0.005108384089368201,0.02603190104166231
1178,85.68892906509666,160,1856,89,2,0,2,85.70106485242975,1664,0.06690133333333334,85.76796618576309,85.76796618576309,85.7812772968742,85.80007040448787,85.82608561096109,89.9717832085011,0.13715654586442838,4.282854143404435,0.012135787333093617,0.0,0.01879310761367492,0.0260152064732182
1179,85.73781556117524,96,1600,8,1,0,1,85.73781556117524,1408,0.06613333333333334,85.80394889450858,85.80394889450858,85.81583778339747,85.83692453871042,85.86300235853464,88.35360300139493,0.12518679735940452,2.615787440219691,0.0,0.0,0.021086755312950345,0.026077819824223525
1180,85.77906011185156,64,2176,85,5,0,5,85.77906011185156,2048,0.050083555555555555,85.82914366740712,85.82914366740712,85.844232556296,85.85865409139866,85.88496622518772,87.557776877857,0.10590611333616096,1.7787167660054308,0.0,0.0,0.01442153510265598,0.026312133789062386
1181,85.96578537364044,64,1664,80,0,0,0,85.96578537364044,1536,0.04854755555555555,86.014332929196,86.014332929196,86.02657737364045,86.03713203948267,86.06301037607122,87.7048823068748,0.09722500243077548,1.7390969332343502,0.0,0.0,0.010554665842221311,0.025878336588547768
1182,86.05774594630576,160,3200,82,5,0,5,86.05774594630576,3072,0.05315555555555555,86.1109015018613,86.1109015018613,86.13167927963909,86.1481144185471,86.17448092245334,90.38563210052872,0.11673497614758332,4.327886154222966,0.0,0.0,0.016435138908008184,0.026366503906245953
1183,86.09649479405482,128,4928,91,0,0,0,86.09649479405482,4736,0.07611733333333334,86.17261212738815,86.17261212738815,86.20298990516592,86.21829064950872,86.24439018912925,89.56448702573041,0.1478953950744284,3.467992231675595,0.0,0.0,0.01530074434279527,0.026099539620531687
1184,86.13003833966265,96,2176,81,1,0,1,86.13003833966265,2048,0.050083555555555555,86.1801218952182,86.1801218952182,86.19521078410709,86.20205844984324,86.22814064385365,88.72359374730269,0.09810230419100208,2.5935554076400393,0.0,0.0,0.006847665736145814,0.026082194010413673
1185,86.14205293643863,128,1664,80,0,0,0,86.17261212738815,1536,0.04854755555555555,86.2211596829437,86.2211596829437,86.23340412738816,86.24439018912925,86.27045427604331,89.59046391375125,0.1284013396046788,3.4484109773126193,0.030559190949517756,0.0,0.010986061741093067,0.02606408691406159
1186,86.19003667252669,96,1216,117,7,0,7,86.19003667252669,1024,0.06498133333333334,86.25501800586002,86.25501800586002,86.26477356141558,86.26507766171311,86.29136135311936,88.76785435442144,0.10132468059266841,2.577817681894757,0.0,0.0,0.0003041002975265883,0.026283691406248977
1187,86.46019276788867,96,2176,81,1,0,1,86.46019276788867,2048,0.050083555555555555,86.51027632344423,86.51027632344423,86.52536521233311,86.54155805456794,86.56770593403223,89.06735151541348,0.10751316614356199,2.6071587475248066,0.0,0.0,0.01619284223482964,0.02614787946428976
1188,86.68829431867023,160,2176,81,1,0,1,86.68829431867023,2048,0.050083555555555555,86.73837787422579,86.73837787422579,86.75346676311467,86.77690654787152,86.80304760011761,91.01885939167896,0.11475328144737773,4.330565073008728,0.0,0.0,0.02343978475684594,0.026141052246089203
1189,86.69442249535783,64,4544,131,1,0,1,86.73837787422579,4352,0.07496533333333334,86.81334320755913,86.81334320755913,86.84158765200357,86.85533116945355,86.88159326797785,88.53870051813601,0.18717077262002135,1.8442780227781839,0.04395537886796319,0.0,0.013743517449981368,0.02626209852429895
1190,86.81750782332414,64,1664,8,1,0,1,86.81750782332414,1472,0.06632533333333333,86.88383315665747,86.88383315665747,86.89607760110192,86.9078558547834,86.93407387236154,88.59146077204227,0.11656604903740231,1.773952948718133,0.0,0.0,0.01177825368148433,0.026218017578131025
1191,86.87211617277461,160,1664,80,0,0,0,86.87211617277461,1536,0.04854755555555555,86.92066372833017,86.92066372833017,86.93290817277462,86.94884193647857,86.97491017378326,91.12557646878247,0.10279400100864677,4.253460296007859,0.0,0.0,0.015933763703955606,0.02606823730468477
1192,86.9000909552653,96,3200,82,5,0,5,86.9000909552653,3072,0.05315555555555555,86.95324651082085,86.95324651082085,86.97402428859863,86.99957158000542,87.02621476848199,89.53771621569334,0.12612381321669375,2.637625260428038,0.0,0.0,0.025547291406795125,0.026643188476569435
1193,86.96256082971875,96,2432,94,1,0,1,86.96256082971875,2240,0.06862933333333333,87.03119016305209,87.03119016305209,87.0477012741632,87.0651712844709,87.09138919107602,89.59789207957209,0.1288283613572645,2.635331249853337,0.0,0.0,0.017470010307704342,0.026217906605111807
1194,86.98143583013714,128,2176,81,1,0,1,87.03119016305209,2048,0.050083555555555555,87.08127371860765,87.08127371860765,87.09636260749653,87.11760758596238,87.14381343719936,90.50779279011645,0.16237760706221138,3.52635695997931,0.04975433291494369,0.0,0.02124497846584461,0.026205851236980493
1195,87.0442114981623,160,1664,80,0,0,0,87.0442114981623,1536,0.04854755555555555,87.09275905371786,87.09275905371786,87.1050034981623,87.10549466387813,87.1315851179797,91.28172782344994,0.08737361981739866,4.237516325287643,0.0,0.0,0.0004911657158288563,0.02609045410156341
1196,87.1565518946308,64,2176,85,5,0,5,87.1565518946308,2048,0.050083555555555555,87.20663545018635,87.20663545018635,87.22172433907524,87.23937785441949,87.26590842082574,88.92932786255749,0.10935652619494363,1.772775967926691,0.0,0.0,0.01765351534425008,0.026530566406250955
1197,87.18893585686195,128,2496,46,2,0,2,87.18893585686195,2304,0.06882133333333333,87.25775719019528,87.25775719019528,87.27462385686195,87.28371647033609,87.3097814727775,90.62015122142891,0.12084561591555598,3.4312153645669667,0.0,0.0,0.009092613474138034,0.0260650024414133
1198,87.38143109077772,64,2176,81,1,0,1,87.38143109077772,2048,0.050083555555555555,87.43151464633328,87.43151464633328,87.44660353522217,87.4583217379806,87.48452242157435,89.14663306380757,0.10309133079663013,1.7652019730298463,0.0,0.0,0.011718202758430607,0.026200683593756935
1199,87.43967985992072,160,1664,80,0,0,0,87.43967985992072,1536,0.04854755555555555,87.48822741547627,87.48822741547627,87.50047185992072,87.52267979222636,87.54870725804666,91.69882395339421,0.10902739812594575,4.259144093473495,0.0,0.0,0.02220793230563345,0.026027465820305906
1200,87.45609287378895,160,5248,83,1,0,1,87.45609287378895,5120,0.05929955555555556,87.5153924293445,87.5153924293445,87.54754798490006,87.56314278290249,87.5894571233472,91.83008440214213,0.1333642495582552,4.373991528353187,0.0,0.0,0.015594798002425136,0.02631434044471348
1201,87.49489159560247,128,2176,85,5,0,5,87.49489159560247,2048,0.050083555555555555,87.54497515115803,87.54497515115803,87.56006404004691,87.58442397258355,87.61074733684136,90.96858968981444,0.11585574123888875,3.4736980942119686,0.0,0.0,0.024359932536640372,0.026323364257805792
1202,87.5138603420147,128,4480,155,2,0,2,87.5138603420147,4288,0.07477333333333333,87.58863367534804,87.58863367534804,87.61652256423693,87.62202975507383,87.64819709603364,90.95934666413723,0.13433675401894618,3.445486322122534,0.0,0.0,0.005507190836894438,0.026167340959815988
1203,87.66045851623261,64,4992,91,0,0,0,87.66045851623261,4800,0.07630933333333334,87.73676784956594,87.73676784956594,87.76750118289927,87.78305662328104,87.80928800755838,89.46003227312626,0.1488294913257704,1.7995737568936505,0.0,0.0,0.015555440381774588,0.026231384277338066
1204,87.66459993803765,128,1280,97,4,0,4,87.66459993803765,1088,0.06517333333333333,87.72977327137099,87.72977327137099,87.7398843824821,87.76161058503664,87.78798770092205,91.0671463923283,0.12338776288439135,3.4025464542906434,0.0,0.0,0.021726202554532392,0.026377115885409808
1205,87.77977261060377,64,3200,82,5,0,5,87.77977261060377,3072,0.05315555555555555,87.83292816615932,87.83292816615932,87.8537059439371,87.87400783488823,87.90038332316948,89.56421859606444,0.12061071256570699,1.784445985460664,0.0,0.0,0.02030189095113144,0.026375488281246362
1206,87.88571654072797,64,704,116,4,0,4,87.88571654072797,512,0.06344533333333334,87.9491618740613,87.9491618740613,87.95607298517241,87.97276113842204,87.99887637279704,89.62855752514079,0.11315983206907276,1.7428409844128225,0.0,0.0,0.01668815324963191,0.02611523437499841
1207,87.96204337327043,128,5056,11,1,0,1,87.96204337327043,4864,0.07650133333333334,88.03854470660377,88.03854470660377,88.06963359549266,88.08952236523422,88.11592823158466,91.5047153487102,0.15388485831422827,3.5426719754397737,0.0,0.0,0.019888769741555734,0.026405866350444285
1208,88.01162822414514,96,1152,96,2,0,2,88.01162822414514,960,0.06478933333333334,88.07641755747848,88.07641755747848,88.08581755747848,88.09311659938186,88.11924585440418,90.59418507559558,0.10761763025904258,2.582556851450434,0.0,0.0,0.0072990419033800435,0.026129255022325992
1209,88.02970569252413,160,2176,142,3,0,,88.02970569252413,256,0.5478613333333333,88.57756702585746,88.57756702585746,88.59265591474635,88.59265591474635,88.61871841474634,92.78213159717751,0.5890127222222077,4.7524259046533786,0.0,0.0,0.0,0.02606249999999477
1210,88.08817050232436,160,1664,80,0,0,0,88.08817050232436,1536,0.04854755555555555,88.13671805787992,88.13671805787992,88.14896250232437,88.15100098537646,88.17723853420458,92.32569499688522,0.08906803188021684,4.237524494560859,0.0,0.0,0.0020384830520896458,0.026237548828120794
1211,88.10261255669882,64,1152,121,6,0,,88.10261255669882,256,0.2603448888888889,88.36295744558771,88.36295744558771,88.37235744558771,88.37235744558771,88.39791994558772,90.02623244558772,0.29530738888890085,1.9236198888889078,0.0,0.0,0.0,0.025562500000006594
1212,88.1080620071699,128,1472,145,2,0,2,88.1080620071699,1280,0.06574933333333334,88.17381134050324,88.17381134050324,88.18498911828101,88.19763654915864,88.22371620003756,91.5282656420018,0.11565419286765177,3.4202036348318927,0.0,0.0,0.012647430877635202,0.02607965087891273
1213,88.11525365559883,64,1664,80,0,0,0,88.13671805787992,1536,0.04854755555555555,88.18526561343548,88.18526561343548,88.19751005787992,88.20347657131396,88.22966776055007,89.87627048779244,0.11441410495123705,1.7610168321936044,0.02146440228108304,0.0,0.005966513434032095,0.02619118923611552
1214,88.2116334339398,128,3200,82,5,0,5,88.2116334339398,3072,0.05315555555555555,88.26478898949534,88.26478898949534,88.28556676727312,88.29607424113823,88.32248740845594,91.6858961909305,0.11085397451614654,3.4742627569907114,0.0,0.0,0.010507473865104089,0.02641316731771326
1215,88.26773187703843,64,1664,80,0,0,0,88.26773187703843,1536,0.04854755555555555,88.31627943259399,88.31627943259399,88.32852387703844,88.33443740030701,88.36059291788513,90.00622254745153,0.09286104084669944,1.7384906704130998,0.0,0.0,0.00591352326857475,0.026155517578118292
1216,88.27903163000096,160,2496,94,1,0,1,88.27903163000096,2304,0.06882133333333333,88.34785296333429,88.34785296333429,88.36471963000096,88.38005856780119,88.40649767215386,92.67234226695798,0.12746604215290347,4.393310636957025,0.0,0.0,0.015338937800223107,0.026439104352675713
1217,88.28221825409376,96,4096,32,6,0,0,88.36295744558771,0,1.1580657777777779,89.52102322336549,89.52102322336549,89.54677877892105,89.54873781668147,89.57503029715022,92.13007622813981,1.2928120430564576,3.8478579740460503,0.08073919149394726,0.0,0.001959037760414617,0.02629248046875432
1218,88.28518370394578,64,2048,110,3,0,7,88.57756702585746,0,0.5830328888888889,89.16059991474636,89.16059991474636,89.17497769252414,89.19221694990259,89.21825381513696,90.85993765302757,0.933070111191185,2.5747539490817957,0.2923833219116858,0.0,0.017239257378449224,0.026036865234374318
1219,88.3380028049769,64,256,83,7,0,1,88.3380028049769,0,0.07987911111111111,88.417881916088,88.417881916088,88.42230413831022,88.43400148983811,88.45967954973395,90.05017564348395,0.12167674475705326,1.7121728385070583,0.0,0.0,0.011697351527885758,0.0256780598958386
1220,88.37843449001366,96,3200,82,5,0,5,88.37843449001366,3072,0.05315555555555555,88.43159004556921,88.43159004556921,88.45236782334699,88.45456056926322,88.48099758098198,90.99515693311801,0.10256309096831728,2.6167224431043508,0.0,0.0,0.0021927459162327523,0.026437011718755343
1221,88.39392118381083,160,2048,4,3,0,0,89.16059991474636,0,0.5830328888888889,89.74363280363525,89.74363280363525,89.75801058141303,89.76514077802759,89.79117251630883,93.96358976775042,1.3972513324980014,5.569668583939588,0.7666787309355243,0.0,0.007130196614554052,0.026031738281247385
1222,88.5307696758413,160,1280,12,5,0,5,88.5307696758413,1088,0.06517333333333333,88.59594300917463,88.59594300917463,88.60605412028575,88.61318996379447,88.63952803752494,92.84845635415596,0.10875836168364117,4.317686678314658,0.0,0.0,0.007135843508720541,0.02633807373047148
1223,88.67596103997319,64,1344,97,4,0,4,88.67596103997319,1152,0.06536533333333333,88.74132637330652,88.74132637330652,88.7517930399732,88.75643057201579,88.78244204662516,90.39902383373455,0.10648100665197546,1.7230627937613576,0.0,0.0,0.004637532042593762,0.02601147460937625
1224,88.71479915899711,96,1664,80,0,0,0,88.71479915899711,1536,0.04854755555555555,88.76334671455267,88.76334671455267,88.77559115899712,88.77914760538513,88.80527948571184,91.28172782344994,0.09048032671472583,2.5669286644528313,0.0,0.0,0.0035564463880177755,0.026131880326701662
1225,88.78715445812223,128,3200,82,5,0,5,88.78715445812223,3072,0.05315555555555555,88.84031001367778,88.84031001367778,88.86108779145556,88.87659267375541,88.90296002401583,92.2701697330622,0.11580556589359503,3.483015274939973,0.0,0.0,0.01550488229985092,0.026367350260414923
1226,88.83365781136914,128,1664,80,0,0,0,88.83365781136914,1536,0.04854755555555555,88.8822053669247,88.8822053669247,88.89444981136914,88.90986355886525,88.93599211000162,92.24736885988744,0.10233429863248489,3.4137110485183086,0.0,0.0,0.015413747496111796,0.026128551136366696
1227,88.85231695022676,128,5056,91,0,0,0,88.8822053669247,4864,0.07650133333333334,88.95870670025803,88.95870670025803,88.98979558914692,89.01438069309822,89.0406227178378,92.35182153684916,0.18830576761104112,3.4995045866223933,0.029888416697929188,0.0,0.02458510395129565,0.026242024739588032
1228,88.86986119152768,96,1088,92,1,0,1,88.86986119152768,896,0.06459733333333334,88.93445852486101,88.93445852486101,88.94350296930546,88.96172460667769,88.98813205518621,91.53164515828053,0.11827086365853745,2.66178396675285,0.0,0.0,0.018221637372235477,0.026407448508521725
1229,88.97157560293755,64,1664,80,0,0,0,88.97157560293755,1536,0.04854755555555555,89.0201231584931,89.0201231584931,89.03236760293755,89.0406227178378,89.06683215293396,90.70925621575262,0.09525654999640665,1.737680612815069,0.0,0.0,0.008255114900251215,0.026209435096149036
1230,89.1537098143312,128,4736,107,5,0,5,89.1537098143312,4544,0.07554133333333334,89.22925114766453,89.22925114766453,89.25856225877564,89.27260038453014,89.29910977038084,92.66551755207263,0.14539995604964417,3.511807737741435,0.0,0.0,0.014038125754495923,0.026509385850701506
1231,89.24583278195279,160,5248,83,1,0,1,89.24583278195279,5120,0.05929955555555556,89.30513233750834,89.30513233750834,89.3372878930639,89.35839561961114,89.38500438425959,93.67703238003772,0.1391716023068028,4.43119959808493,0.0,0.0,0.021107726547242578,0.02660876464844364
1232,89.27175547964846,160,1408,97,4,0,4,89.27175547964846,1216,0.06555733333333334,89.33731281298179,89.33731281298179,89.34813503520401,89.37258340404703,89.39817861889078,93.51588027904705,0.12642313924231985,4.244124799398591,0.0,0.0,0.024448368843025037,0.02559521484374727
1233,89.27335102057584,96,4352,119,6,0,6,89.52102322336549,4160,0.07438933333333334,89.59541255669882,89.59541255669882,89.6225903344766,89.62761672293146,89.65418768647314,92.209416926382,0.3808366658972915,2.93606590580616,0.2476722027896443,0.0,0.005026388454865582,0.026570963541672654
1234,89.35147462356082,128,4096,155,7,0,2,89.35147462356082,0,1.1580657777777779,90.5095404013386,90.5095404013386,90.53529595689416,90.53529595689416,90.56229595689416,93.97496172837856,1.2108213333333424,4.623487104817741,0.0,0.0,0.0,0.027000000000001023
1235,89.49686841276136,128,1664,80,0,0,0,89.49686841276136,1536,0.04854755555555555,89.54541596831692,89.54541596831692,89.55766041276136,89.56448702573041,89.59046391375125,92.89748009366507,0.09359550098989189,3.400611680903708,0.0,0.0,0.006826612969049961,0.02597688802083553
1236,89.54141931383974,160,1920,89,2,0,2,89.54141931383974,1728,0.06709333333333334,89.60851264717307,89.60851264717307,89.62217931383974,89.63285719473622,89.65898056713205,93.78146019417814,0.11756125329230827,4.240040880338398,0.0,0.0,0.010677880896480474,0.026123372395829847
1237,89.67895579659148,160,1664,80,0,0,0,89.67895579659148,1536,0.04854755555555555,89.72750335214704,89.72750335214704,89.73974779659149,89.74639133740182,89.77236619091744,93.90937414199955,0.09341039432595721,4.230418345408069,0.0,0.0,0.006643540810330251,0.025974853515620566
1238,89.74132021932981,96,256,138,2,0,3,89.74132021932981,0,0.07987911111111111,89.82119933044092,89.82119933044092,89.82562155266314,89.84185784577788,89.86784194176002,92.3289275560643,0.12652172243021198,2.587607336734493,0.0,0.0,0.01623629311474417,0.02598409598213891
1239,89.75213829649218,96,4096,80,7,0,0,90.5095404013386,0,1.1580657777777779,91.66760617911638,91.66760617911638,91.69336173467194,91.6967368748629,91.72374737290978,94.26541257473272,1.9716090764176073,4.513274278240544,0.7574021048464203,0.0,0.0033751401909682954,0.027010498046877274
1240,89.93707267136857,128,5248,83,1,0,1,89.93707267136857,5120,0.05929955555555556,89.99637222692412,89.99637222692412,90.02852778247969,90.05130209631317,90.07808853430144,93.51554439911943,0.14101586293287482,3.578471727750866,0.0,0.0,0.022774313833480164,0.026786437988278067
1241,89.94653100003114,128,5248,83,1,0,1,89.99637222692412,5120,0.05929955555555556,90.05567178247968,90.05567178247968,90.08782733803524,90.10487546057098,90.13174899572724,93.56954282576874,0.18521799569609243,3.623011825737592,0.04984122689297976,0.0,0.017048122535740617,0.026873535156255457
1242,89.96551665918099,128,5248,83,1,0,1,90.05567178247968,5120,0.05929955555555556,90.11497133803523,90.11497133803523,90.1471268935908,90.15862301916474,90.1855663297116,93.62338694197967,0.22004967053061364,3.657870282798683,0.09015512329868614,0.0,0.01149612557394164,0.02694331054686927
1243,90.07755730406765,64,832,40,2,0,2,90.07755730406765,640,0.06382933333333334,90.14138663740098,90.14138663740098,90.14900885962321,90.15370174691255,90.17960862470272,91.81220636465805,0.10205132063506994,1.7346490605903995,0.0,0.0,0.004692887289337477,0.02590687779017742
1244,90.13158368758421,96,3072,6,0,0,0,90.13158368758421,2880,0.07054933333333334,90.20213302091754,90.20213302091754,90.22219968758421,90.24030033065465,90.26635586154953,92.74175899928906,0.1347721739653167,2.6101753117048503,0.0,0.0,0.018100643070440015,0.026055530894879553
1245,90.18223634266428,128,1152,92,1,0,1,90.18223634266428,960,0.06478933333333334,90.24702567599762,90.24702567599762,90.25642567599762,90.26639919103974,90.29321874892327,93.73040738003772,0.1109824062589837,3.548171037373436,0.0,0.0,0.00997351504211963,0.026819557883527523
1246,90.50834768477668,64,3200,82,5,0,5,90.50834768477668,3072,0.05315555555555555,90.56150324033223,90.56150324033223,90.58228101811001,90.59750514740372,90.62400235722515,92.29664922524971,0.11565467244847127,1.7883015404730287,0.0,0.0,0.015224129293713418,0.02649720982142867
1247,90.51953171559447,160,1344,32,0,0,0,90.51953171559447,1088,0.0831431111111111,90.60267482670558,90.60267482670558,90.61314149337225,90.6311845636092,90.65721353496336,94.79183979130794,0.13768181936889334,4.272308075713468,0.0,0.0,0.01804307023694207,0.026028971354165265
1248,90.53982174249704,160,1664,80,0,0,0,90.60267482670558,1536,0.04854755555555555,90.65122238226114,90.65122238226114,90.66346682670559,90.68324299459877,90.70925621575262,94.84368621290392,0.1694344732555777,4.303864470406879,0.06285308420854108,0.0,0.019776167893184038,0.02601322115384619
1249,90.56418406518883,128,4544,95,2,0,2,90.56418406518883,4352,0.07496533333333334,90.63914939852216,90.63914939852216,90.6673938429666,90.67195913158515,90.69808282950181,93.98875267464689,0.1338987643129883,3.4245686094580634,0.0,0.0,0.004565288618550767,0.026123697916659694
1250,90.6268213592474,160,3200,82,5,0,5,90.6268213592474,3072,0.05315555555555555,90.67997691480295,90.67997691480295,90.70075469258073,90.70349691637693,90.73000399645505,94.9304334119479,0.1031826372076523,4.303612052700501,0.0,0.0,0.0027422237962042573,0.02650708007811886
1251,90.63587307520609,160,4288,135,3,0,3,90.63587307520609,4096,0.07419733333333334,90.71007040853942,90.71007040853942,90.73689263076164,90.75469009443383,90.78100125166038,94.9688243299249,0.14512817645429266,4.332951254718807,0.0,0.0,0.01779746367218138,0.026311157226558635
1252,90.75411881117905,96,1664,80,0,0,0,90.75411881117905,1536,0.04854755555555555,90.80266636673461,90.80266636673461,90.81491081117906,90.8394004621719,90.8654140213666,93.33858751554007,0.11129521018754929,2.584468704361015,0.0,0.0,0.024489650992833845,0.026013559194709046
1253,90.9483494460016,64,4096,138,4,0,3,90.9483494460016,0,1.1580657777777779,92.10641522377938,92.10641522377938,92.13217077933494,92.14779531810954,92.17416543529704,93.83415273998455,1.225815989295441,2.8858032939829457,0.0,0.0,0.01562453877460257,0.026370117187497044
1254,90.98211525336629,160,2624,90,3,0,3,90.98211525336629,2432,0.06920533333333334,91.05132058669962,91.05132058669962,91.06889836447739,91.07120783531924,91.0975863753583,95.28118801807594,0.11547112199201592,4.299072764709649,0.0,0.0,0.00230947084185118,0.026378540039061704
1255,91.10440799243847,128,512,129,2,0,5,91.10440799243847,0,0.15175822222222224,91.2561662146607,91.2561662146607,91.26201065910514,91.27023748444972,91.2960381029393,94.58026256582993,0.19163011050083867,3.4758545733914588,0.0,0.0,0.00822682534457897,0.02580061848958337
1256,91.15976888654653,160,1664,80,0,0,0,91.15976888654653,1536,0.04854755555555555,91.20831644210209,91.20831644210209,91.22056088654654,91.22969788805331,91.255712611611,95.38771756637306,0.09594372506447257,4.227948679826525,0.0,0.0,0.009137001506772435,0.026014723557693742
1257,91.30784380269107,96,2048,111,4,0,2,92.10641522377938,0,0.5830328888888889,92.68944811266827,92.68944811266827,92.70382589044605,92.7280506892033,92.7543045954533,95.2461542048283,1.4464607927622382,3.9383104021372333,0.7985714210883117,0.0,0.02422479875724548,0.026253906250005343
1258,91.32288254990732,128,1664,80,0,0,0,91.32288254990732,1536,0.04854755555555555,91.37143010546288,91.37143010546288,91.38367454990733,91.38589588097835,91.4119198881398,94.71408640124098,0.08903733823248672,3.391203851333657,0.0,0.0,0.002221331071027066,0.026024007161453255
1259,91.35560682273716,96,2688,90,3,0,3,91.35560682273716,2496,0.06939733333333334,91.42500415607049,91.42500415607049,91.44293748940382,91.46693720543642,91.49330839684268,93.98998177621397,0.1377015741055203,2.634374953476808,0.0,0.0,0.023999716032605534,0.026371191406255434
1260,91.40579929069408,160,4800,35,0,0,0,91.40579929069408,4544,0.0935111111111111,91.49931040180519,91.49931040180519,91.52897706847186,91.54204724816584,91.56817547833411,95.69861442306251,0.16237618764003514,4.292815132368432,0.0,0.0,0.013070179693983164,0.026128230168268374
1261,91.48209665487634,96,1408,109,6,0,6,91.48209665487634,1216,0.06555733333333334,91.54765398820967,91.54765398820967,91.55847621043189,91.57003347097836,91.59666156342628,94.10188225841326,0.11456490854993717,2.6197856035369114,0.0,0.0,0.011557260546467774,0.02662809244792186
1262,91.58302425815955,128,4480,115,6,0,6,91.58302425815955,4288,0.07477333333333333,91.6577975914929,91.6577975914929,91.68568648038179,91.70317881603044,91.72994859142106,95.10100904877787,0.14692433326150933,3.517984790618314,0.0,0.0,0.01749233564865449,0.02676977539061909
1263,91.63096888056441,128,4096,94,7,0,1,91.66760617911638,0,1.1580657777777779,92.82567195689415,92.82567195689415,92.85142751244972,92.85862920884729,92.88565020494104,96.20987937160771,1.2546813243766337,4.5789104910433025,0.03663729855196607,0.0,0.007201696397572732,0.027020996093753524
1264,91.7107218921578,128,5248,83,1,0,1,91.7107218921578,5120,0.05929955555555556,91.77002144771336,91.77002144771336,91.80217700326892,91.80290178495463,91.83008440214213,95.26197326312924,0.1193625099843274,3.5512513709714284,0.0,0.0,0.0007247816857045564,0.027182617187506253
1265,91.71326296090467,96,1088,24,2,0,2,91.71326296090467,896,0.06459733333333334,91.77786029423801,91.77786029423801,91.78690473868245,91.81220636465805,91.83804083731431,94.29721989004868,0.12477787640963811,2.5839569291440085,0.0,0.0,0.025301625975600928,0.025834472656256935
1266,91.81223546921836,64,1408,141,3,0,3,91.81223546921836,1152,0.08333511111111111,91.89557058032948,91.89557058032948,91.9063928025517,91.91531386559268,91.94157802574892,93.59608032764625,0.1293425565305597,1.7838448584278837,0.0,0.0,0.00892106304098661,0.026264160156244998
1267,91.8235208600714,64,1664,80,0,0,0,91.8235208600714,1536,0.04854755555555555,91.87206841562696,91.87206841562696,91.8843128600714,91.90804726068588,91.93417601669549,93.57217278232407,0.11065515662409098,1.7486519222526766,0.0,0.0,0.023734400614472406,0.026128756009612175
1268,91.84362950266018,64,1472,17,6,1,7,91.84362950266018,1216,0.08352711111111111,91.92715661377129,91.92715661377129,91.93833439154906,91.94412437267107,91.97068745860857,93.62526897716324,0.12705795594838776,1.7816394745030664,0.0,0.0,0.005789981122006793,0.026563085937496567
1269,91.86722637758152,160,1664,80,0,0,0,91.87206841562696,1536,0.04854755555555555,91.92061597118251,91.92061597118251,91.93286041562696,91.93417601669549,91.96028263639415,96.08579652552018,0.0930562588126378,4.218570147938664,0.004842038045438812,0.0,0.0013156010685264619,0.026106619698666123
1270,91.8691574404039,96,3200,82,5,0,5,91.8691574404039,3072,0.05315555555555555,91.92231299595944,91.92231299595944,91.94309077373723,91.95154999952425,91.97811713819613,94.48240748865244,0.1089596977922298,2.6132500482485455,0.0,0.0,0.008459225787021296,0.02656713867187932
1271,91.87221655891373,128,1664,84,2,0,2,91.87221655891373,1536,0.04854755555555555,91.92076411446929,91.92076411446929,91.93300855891374,91.94138361075181,91.9672164558039,95.25391484447577,0.0949998968901582,3.381698285562038,0.0,0.0,0.008375051838072523,0.02583284505207928
1272,91.89327258859687,160,5248,83,1,0,1,91.89327258859687,5120,0.05929955555555556,91.95257214415243,91.95257214415243,91.98472769970799,91.99279819957518,92.01997410289549,96.30053129884351,0.12670151429861676,4.407258710246637,0.0,0.0,0.008070499867187664,0.0271759033203125
1273,92.01548320382612,64,1664,80,0,0,0,92.01548320382612,1536,0.04854755555555555,92.06403075938168,92.06403075938168,92.07627520382613,92.0908230591062,92.11691280519995,93.7537174788385,0.10142960137382317,1.738234275012374,0.0,0.0,0.014547855280071076,0.026089746093745703
1274,92.10123050841351,128,2176,85,5,0,5,92.10123050841351,2048,0.050083555555555555,92.15131406396907,92.15131406396907,92.16640295285795,92.19067182569613,92.21717063987023,95.56167686454023,0.11594013145672477,3.460446356126724,0.0,0.0,0.024268872838177913,0.026498814174104268
1275,92.17806752847166,160,1600,129,5,0,5,92.17806752847166,1344,0.0839111111111111,92.26197863958276,92.26197863958276,92.27386752847165,92.29664922524971,92.3229937890518,96.50860977818421,0.14492626058013514,4.3305422497125505,0.0,0.0,0.022781696778054084,0.026344563802084053
1276,92.25827929758707,64,1600,93,0,0,0,92.25827929758707,1408,0.06613333333333334,92.3244126309204,92.3244126309204,92.3363015198093,92.35182153684916,92.37781394970973,94.01317297012456,0.11953465212266678,1.7548936725374915,0.0,0.0,0.0155200170398615,0.025992412860574632
1277,92.33364891813092,64,1664,84,2,0,2,92.33364891813092,1536,0.04854755555555555,92.38219647368648,92.38219647368648,92.39444091813093,92.40685050528305,92.43279866609033,94.06590934317367,0.09914974795941589,1.7322604250427531,0.0,0.0,0.012409587152120594,0.0259481608072889
1278,92.53281971116931,64,2240,142,3,0,3,92.53281971116931,2048,0.06805333333333334,92.60087304450265,92.60087304450265,92.61631748894709,92.62461757653018,92.65086869260162,94.30680345590146,0.11804898143230957,1.7739837447321491,0.0,0.0,0.00830008758309475,0.026251116071435376
1279,92.58717717797275,128,2176,85,5,0,5,92.58717717797275,2048,0.050083555555555555,92.63726073352831,92.63726073352831,92.65234962241719,92.66551755207263,92.69165020181221,96.03503379813398,0.10447302383946067,3.4478566201612324,0.0,0.0,0.013167929655438115,0.02613264973957996
1280,92.59487254162984,160,1344,133,1,1,7,92.59487254162984,256,0.3142542222222222,92.90912676385206,92.90912676385206,92.91959343051873,92.94551853648923,92.97263084117674,97.23241494025906,0.37775829954689755,4.637542398629222,0.0,0.0,0.025925105970500795,0.02711230468750614
1281,92.70136820061754,96,5248,83,1,0,1,92.90912676385206,5120,0.05929955555555556,92.96842631940761,92.96842631940761,93.00058187496317,93.02685691539548,93.05402054386771,95.60893510743726,0.3526523432501705,2.9075669068197243,0.20775856323452047,0.0,0.026275040432309993,0.027163628472223422
1282,92.76849752377868,128,1664,84,2,0,2,92.76849752377868,1536,0.04854755555555555,92.81704507933424,92.81704507933424,92.82928952377868,92.84803564525701,92.87397154090434,96.1609366950617,0.10547401712565829,3.3924391712830158,0.0,0.0,0.01874612147832977,0.025935895647322127
1283,92.7849206863282,160,1664,80,0,0,0,92.7849206863282,1536,0.04854755555555555,92.83346824188376,92.83346824188376,92.84571268632821,92.87153459336459,92.89748009366507,97.01456611945976,0.11255940733686032,4.229645433131552,0.0,0.0,0.02582190703637366,0.025945500300480262
1284,92.790357583661,160,256,89,7,0,2,92.82567195689415,0,0.07987911111111111,92.90555106800527,92.90555106800527,92.90997329022748,92.91267168931604,92.93921941880824,97.06538962551397,0.14886183514722973,4.275032041852967,0.0353143732331489,0.0,0.00269839908855829,0.02654772949219364
1285,92.8028440207018,96,2048,89,2,0,2,92.81704507933424,1792,0.0852551111111111,92.90230019044535,92.90230019044535,92.91667796822313,92.92584479704273,92.95178998747241,95.40950322338202,0.14894596677061145,2.6066592026802198,0.01420105863243748,0.0,0.009166828819601847,0.02594519042968102
1286,92.83940537885368,128,3200,82,5,0,5,92.83940537885368,3072,0.05315555555555555,92.89256093440923,92.89256093440923,92.91333871218701,92.9271257877497,92.95340630532783,96.29829978934492,0.11400092647414795,3.45889441049124,0.0,0.0,0.01378707556268921,0.026280517578129547
1287,92.93033465689194,160,1664,80,0,0,0,92.93033465689194,1536,0.04854755555555555,92.9788822124475,92.9788822124475,92.99112665689195,93.00129064054006,93.0272336243141,97.1433461138794,0.0968989674221632,4.213011456987459,0.0,0.0,0.010163983648112662,0.025942983774044137
1288,92.93791316322441,96,4096,95,6,0,2,92.93791316322441,0,1.1580657777777779,94.09597894100219,94.09597894100219,94.12173449655775,94.12911419200701,94.15623040294452,96.67885524018412,1.2183172397201076,3.740942076959712,0.0,0.0,0.007379695449259316,0.027116210937506935
1289,93.13867578273269,128,1216,96,2,0,2,93.13867578273269,1024,0.06498133333333334,93.20365711606603,93.20365711606603,93.21341267162158,93.23721930876148,93.26313065858787,96.54998942943669,0.12445487585517867,3.411313646704002,0.0,0.0,0.023806637139898612,0.02591134982638721
1290,93.29188008403437,128,512,80,3,0,0,93.29188008403437,0,0.15175822222222224,93.4436383062566,93.4436383062566,93.44948275070105,93.46538696827125,93.49152466358375,96.80927140023739,0.19964457954937131,3.5173913162030175,0.0,0.0,0.015904217570195556,0.02613769531249943
1291,93.33771982931563,64,4416,143,5,0,5,93.33771982931563,4160,0.0923591111111111,93.43007894042674,93.43007894042674,93.45761227376008,93.47911919595283,93.50553360722516,95.16758628836835,0.16781377790952945,1.8298664590527238,0.0,0.0,0.021506922192756406,0.026414411272327243
1292,93.35000164387623,64,2176,81,1,0,1,93.35000164387623,2048,0.050083555555555555,93.40008519943179,93.40008519943179,93.41517408832067,93.43436261201006,93.46142271943194,95.15508874164486,0.11142107555571101,1.8050870977686344,0.0,0.0,0.019188523689393833,0.02706010742187459
1293,93.41215975624642,160,1664,80,0,0,0,93.41215975624642,1536,0.04854755555555555,93.46070731180198,93.46070731180198,93.47295175624643,93.4943358065557,93.52028423654367,97.63274053781485,0.10812448029724919,4.2205807815684295,0.0,0.0,0.02138405030926549,0.025948429987977306
1294,93.41858847035401,96,1664,80,0,0,0,93.46070731180198,1536,0.04854755555555555,93.50925486735754,93.50925486735754,93.52149931180199,93.54623315481291,93.57217278232407,96.03417097213476,0.1535843119700644,2.61558250178075,0.042118841447972954,0.0,0.024733843010920964,0.025939627511164076
1295,93.46961316476592,128,1472,105,0,0,0,93.50925486735754,1280,0.06574933333333334,93.57500420069087,93.57500420069087,93.58618197846864,93.59812031086975,93.62405195149475,96.91150938815396,0.15443878672883216,3.441896223388042,0.039641702591623584,0.0,0.011938332401101093,0.025931640625003638
1296,93.72119969689118,96,4096,80,4,0,0,93.72119969689118,0,1.1580657777777779,94.87926547466895,94.87926547466895,94.90502103022452,94.9274344782658,94.9539549860783,97.4842557673283,1.232755289187125,3.7630560704371305,0.0,0.0,0.022413448041277206,0.026520507812506366
1297,93.73996875393078,128,4352,135,3,0,3,93.73996875393078,4160,0.07438933333333334,93.81435808726411,93.81435808726411,93.84153586504189,93.85820597868792,93.88455119353166,97.19947830941709,0.14458243960088168,3.4595095554863065,0.0,0.0,0.016670113646028994,0.026345214843743747
1298,93.87946653348517,128,1664,129,5,0,5,93.87946653348517,1472,0.06632533333333333,93.94579186681851,93.94579186681851,93.95803631126296,93.98107650622069,94.00742379625976,97.35161554455327,0.1279572627745864,3.4721490110680975,0.0,0.0,0.02304019495772991,0.02634729003906955
1299,93.994519546422,160,4480,143,5,0,5,93.994519546422,4288,0.07477333333333333,94.06929287975534,94.06929287975534,94.09718176864423,94.11281783922851,94.13926065606879,98.32711427502201,0.14474110964678744,4.332594728600014,0.0,0.0,0.015636070584278627,0.026442816840273053
1300,94.15848802347989,128,1472,97,0,1,4,94.15848802347989,256,0.35019377777777777,94.50868180125767,94.50868180125767,94.51985957903544,94.53253598503933,94.55848805209662,97.83879164458568,0.4000000286167307,3.680303621105793,0.0,0.0,0.012676406003890861,0.025952067057289696
1301,94.16673127662128,160,512,141,5,0,3,94.16673127662128,0,0.15175822222222224,94.3184894988435,94.3184894988435,94.32433394328795,94.32437404582573,94.35070109660698,98.53639825939702,0.18396981998570539,4.36966698277574,0.0,0.0,4.010253778119477e-05,0.026327050781247863
1302,94.16936065221077,160,5248,83,1,0,1,94.16936065221077,5120,0.05929955555555556,94.22866020776632,94.22866020776632,94.26081576332189,94.26851773160021,94.29553701870958,98.53471510449911,0.12617636649881092,4.365354452288344,0.0,0.0,0.007701968278325921,0.027019287109368406
1303,94.21300920607513,160,1344,88,0,0,0,94.50868180125767,1152,0.06536533333333333,94.574047134591,94.574047134591,94.58451380125767,94.61039365105496,94.63632431511746,98.74534665630573,0.4233151090423348,4.5323374502305995,0.29567259518253763,0.0,0.025879849797291854,0.025930664062499886
1304,94.2195214129743,96,3200,82,5,0,5,94.3184894988435,3072,0.05315555555555555,94.37164505439905,94.37164505439905,94.39242283217683,94.40335666301324,94.42970644994506,96.93052944429284,0.2101850369707563,2.711008031318542,0.09896808586920258,0.0,0.01093383083640731,0.02634978693181722
1305,94.23092264436967,64,1664,80,0,0,0,94.574047134591,1536,0.04854755555555555,94.62259469014656,94.62259469014656,94.634839134591,94.63632431511746,94.6622469922938,96.29227488303508,0.4313243479241322,2.061352238665407,0.34312449022132796,0.0,0.0014851805264584073,0.025922677176339448
1306,94.43922182361523,160,3200,82,5,0,5,94.43922182361523,3072,0.05315555555555555,94.49237737917078,94.49237737917078,94.51315515694856,94.53505885583995,94.56140673403597,98.74738263439701,0.1221849104207422,4.308160810781786,0.0,0.0,0.021903698891392764,0.026347878196020247
1307,94.47773921915423,96,2112,89,2,0,2,94.47773921915423,1920,0.06766933333333333,94.54540855248756,94.54540855248756,94.5601418858209,94.58026256582993,94.60614039786118,97.0717423591242,0.12840117870695167,2.5940031399699706,0.0,0.0,0.020120680009029,0.02587783203125582
1308,94.50523265711915,128,1664,80,0,0,0,94.62259469014656,1536,0.04854755555555555,94.67114224570211,94.67114224570211,94.68338669014656,94.68817015775139,94.71408640124098,97.99376565100732,0.208853744121825,3.488532993888171,0.11736203302740478,0.0,0.004783467604823954,0.025916243489589874
1309,94.54227185727413,160,2176,81,1,0,1,94.54227185727413,2048,0.050083555555555555,94.59235541282969,94.59235541282969,94.60744430171857,94.61980654995959,94.64669459404442,98.87446987880467,0.1044227367702888,4.3321980215305445,0.0,0.0,0.012362248241018392,0.02688804408482781
1310,94.552493527934,64,1664,93,0,0,0,94.67114224570211,1472,0.06632533333333333,94.73746757903545,94.73746757903545,94.7497120234799,94.76592631474544,94.79183979130794,96.4213288381132,0.23934626337393183,1.8688353101791932,0.11864871776811015,0.0,0.016214291265541192,0.025913476562493543
1311,94.59709959756815,128,2176,89,2,0,2,94.59709959756815,1984,0.06786133333333334,94.66496093090149,94.66496093090149,94.68004981979037,94.68377682364243,94.70968706127265,98.0062296638117,0.11258746370450012,3.4091300662435486,0.0,0.0,0.0037270038520631488,0.025910237630213828
1312,94.6299401327202,64,1664,80,0,0,0,94.73746757903545,1536,0.04854755555555555,94.78601513459101,94.78601513459101,94.79825957903546,94.81776658399767,94.84368621290392,96.4729489928608,0.21374608018372498,1.8430088601405998,0.10752744631525957,0.0,0.019507004962207475,0.025919628906251546
1313,94.64588658697289,96,1344,153,0,0,0,94.78601513459101,1088,0.0831431111111111,94.86915824570212,94.86915824570212,94.8796249123688,94.89553114872982,94.92143655237565,97.3751160260961,0.2755499654027602,2.729229439123202,0.14012854761811866,0.0,0.015906236361018955,0.0259054036458366
1314,94.67497826347093,96,3200,82,5,0,5,94.67497826347093,3072,0.05315555555555555,94.72813381902648,94.72813381902648,94.74891159680426,94.77220733772916,94.79857712939582,97.2990553231991,0.12359886592489033,2.6240770597281653,0.0,0.0,0.02329574092489395,0.026369791666667197
1315,94.68408823257798,128,1664,80,0,0,0,94.86915824570212,1536,0.04854755555555555,94.91770580125768,94.91770580125768,94.92995024570213,94.94734244430273,94.97324295699805,98.25273241459041,0.2891547244200723,3.5686441820124344,0.18507001312414673,0.0,0.017392198600603592,0.02590051269531557
1316,94.75481629911884,160,1024,28,1,0,1,94.75481629911884,768,0.08218311111111111,94.83699941022995,94.83699941022995,94.84568829911883,94.86181652484798,94.88853490863704,99.11069420322563,0.1337186095181977,4.355877904106791,0.0,0.0,0.016128225729147516,0.026718383789059885
1317,94.7552308557087,64,1536,17,6,0,6,94.7552308557087,1344,0.06594133333333334,94.82117218904203,94.82117218904203,94.83270552237536,94.83429436778827,94.86096363862161,96.52090406830912,0.10573278291290933,1.7656732126004187,0.0,0.0,0.001588845412911155,0.026669270833338032
1318,94.79740290532213,96,2176,81,1,0,1,94.83699941022995,2048,0.050083555555555555,94.88708296578551,94.88708296578551,94.90217185467439,94.91525378070736,94.94190015657541,97.4732043800673,0.14449725125328428,2.675801474745171,0.03959650490781996,0.0,0.013081926032967317,0.026646375868054406
1319,94.81675469045882,128,512,80,3,0,0,94.81675469045882,0,0.15175822222222224,94.96851291268105,94.96851291268105,94.9743573571255,94.99508328174781,95.02109036182594,98.29701644418272,0.20433567136711872,3.4802617537238945,0.0,0.0,0.02072592462231171,0.026007080078130684
1320,95.08140694636576,64,4480,23,4,0,4,95.08140694636576,4288,0.07477333333333333,95.1561802796991,95.1561802796991,95.184069168588,95.19266152904704,95.21940762279705,96.90293789623455,0.13800067643128955,1.8215309498687873,0.0,0.0,0.008592360459047654,0.02674609375000614
1321,95.24239882523318,96,5248,83,1,0,1,95.24239882523318,5120,0.05929955555555556,95.30169838078874,95.30169838078874,95.3338539363443,95.34175493165601,95.36847075196852,97.90022746245367,0.12607192673533518,2.65782863722049,0.0,0.0,0.007900995311715064,0.026715820312503524
1322,95.32697802418355,64,256,69,7,0,2,95.32697802418355,0,0.07987911111111111,95.40685713529466,95.40685713529466,95.41127935751688,95.41374167629522,95.43952292629521,97.04021286770147,0.11254490211166512,1.7132348435179239,0.0,0.0,0.00246231877834191,0.025781249999994316
1323,95.38880704656515,96,1664,80,0,0,0,95.38880704656515,1536,0.04854755555555555,95.4373546021207,95.4373546021207,95.44959904656515,95.4654491093418,95.49135441329689,97.94196323845405,0.10254736673174136,2.5531561918889025,0.0,0.0,0.01585006277665002,0.025905303955084946
1324,95.54169567373924,160,1216,125,4,0,4,95.54169567373924,1024,0.06498133333333334,95.60667700707258,95.60667700707258,95.61643256262813,95.62555898998455,95.65215957592206,99.87006875560957,0.11046390218281488,4.328373081870325,0.0,0.0,0.009126427356420663,0.026600585937501364
1325,95.57708172408577,160,1664,80,0,0,0,95.57708172408577,1536,0.04854755555555555,95.62562927964133,95.62562927964133,95.63787372408578,95.69861442306251,95.72442353561134,99.840637461082,0.14734181152556403,4.263555736996224,0.0,0.0,0.060740698976729846,0.025809112548827784
1326,95.60003195023182,64,256,33,7,0,1,95.60003195023182,0,0.07987911111111111,95.67991106134293,95.67991106134293,95.68433328356515,95.69736228176397,95.72298349758428,97.31692527004523,0.12295154735245717,1.7168933198134084,0.0,0.0,0.013028998198819863,0.025621215820308407
1327,95.87464335214392,160,1216,121,6,0,6,95.87464335214392,1024,0.06498133333333334,95.93962468547726,95.93962468547726,95.94938024103281,95.97201246674662,95.99814527924661,100.09972798595234,0.12350192710269425,4.225084633808422,0.0,0.0,0.02263222571380652,0.026132812499994884
1328,96.12339002302187,96,1664,80,0,0,0,96.12339002302187,1536,0.04854755555555555,96.17193757857743,96.17193757857743,96.18418202302188,96.1890314585559,96.21484158225383,98.66737088256775,0.09145155923195603,2.543980859545883,0.0,0.0,0.004849435534026725,0.025810123697922904
1329,96.29960621366295,128,2304,66,3,0,3,96.29960621366295,2112,0.06824533333333334,96.36785154699629,96.36785154699629,96.38365154699629,96.39519176156551,96.4211613660577,99.69144954965148,0.12155515239474823,3.3918433359885256,0.0,0.0,0.01154021456922294,0.025969604492189546
1330,96.31931776036282,64,5248,83,1,0,1,96.31931776036282,5120,0.05929955555555556,96.37861731591838,96.37861731591838,96.41077287147394,96.43270659181226,96.4593039690444,98.13921725293662,0.1399862086815773,1.8198994925737964,0.0,0.0,0.021933720338324747,0.026597377232135955
1331,96.35567478908528,96,896,144,3,0,3,96.36785154699629,704,0.06402133333333333,96.43187288032962,96.43187288032962,96.4398506581074,96.44713145883114,96.47299542367489,98.91532406137023,0.1173206345896034,2.5596492722849433,0.01217675791100703,0.0,0.00728080072373416,0.025863964843750864
1332,96.40971356530248,96,1408,88,0,0,0,96.40971356530248,1216,0.06555733333333334,96.47527089863581,96.47527089863581,96.48609312085803,96.49875705763944,96.52455629892549,98.97951507264688,0.11484273362300712,2.569801507344394,0.0,0.0,0.01266393678140787,0.02579924128605171
1333,96.62835108100361,64,5248,83,1,0,1,96.62835108100361,5120,0.05929955555555556,96.68765063655917,96.68765063655917,96.71980619211473,96.72530459683458,96.75202731411973,98.42958834668661,0.12367623311611453,1.8012372656829996,0.0,0.0,0.00549840471984453,0.026722717285153408
1334,96.710114775725,160,2176,81,1,0,1,96.710114775725,2048,0.050083555555555555,96.76019833128056,96.76019833128056,96.77528722016945,96.77875051968614,96.80540074755072,101.00641961886357,0.0952859718257173,4.2963048431385715,0.0,0.0,0.0034632995166958835,0.026650227864578824
1335,96.71665592932123,96,1408,153,0,0,0,96.71665592932123,1216,0.06555733333333334,96.78221326265457,96.78221326265457,96.79303548487678,96.80838017963463,96.83417688024846,99.29215188017528,0.11752095092722925,2.575495950854048,0.0,0.0,0.015344694757843058,0.025796700613838652
1336,96.75488839803967,128,704,140,0,0,0,96.78221326265457,512,0.06344533333333334,96.8456585959879,96.8456585959879,96.85256970709901,96.85997406914355,96.88574148450813,100.18191330447688,0.13085308646846272,3.427024906437211,0.027324864614897137,0.0,0.007404362044539425,0.025767415364583712
1337,96.79078188476942,128,3200,82,5,0,5,96.79078188476942,3072,0.05315555555555555,96.84393744032496,96.84393744032496,96.86471521810275,96.87773445266338,96.90413170433749,100.2474070484595,0.11334981956807155,3.4566251636900773,0.0,0.0,0.013019234560630366,0.026397251674112
1338,96.80813396065989,128,2176,85,5,0,5,96.84393744032496,2048,0.050083555555555555,96.89402099588052,96.89402099588052,96.9091098847694,96.93052944429284,96.95684954752946,100.29965558361575,0.14871558686957087,3.491521622955858,0.03580347966507702,0.0,0.021419559523437215,0.026320103236614045
1339,96.8450337529845,64,1408,32,0,0,0,96.8456585959879,1216,0.06555733333333334,96.91121592932123,96.91121592932123,96.92203815154345,96.93727686164726,96.96303945930352,98.58941141527724,0.11800570631901053,1.7443776622927345,0.0006248430033934937,0.0,0.015238710103815833,0.02576259765625366
1340,96.9186049224177,64,2496,102,6,0,6,96.9186049224177,2304,0.06882133333333333,96.98742625575103,96.98742625575103,97.0042929224177,97.01178346284036,97.03769947846536,98.66954313080912,0.1190945560476564,1.7509382083914176,0.0,0.0,0.007490540422651293,0.025916015625000455
1341,96.95504680386824,160,5248,83,1,0,1,96.95504680386824,5120,0.05929955555555556,97.0143463594238,97.0143463594238,97.04650191497936,97.07192988166531,97.09867617072781,101.29750286637777,0.14362936685957095,4.342456062509527,0.0,0.0,0.02542796668595315,0.026746289062501205
1342,97.13327889612901,64,2368,70,6,0,6,97.13327889612901,2112,0.0862151111111111,97.21949400724013,97.21949400724013,97.23564956279569,97.24504518159036,97.27104420502786,98.90048124116068,0.13776530889884953,1.767202345031663,0.0,0.0,0.009395618794670213,0.025999023437506708
1343,97.13465551966472,64,1664,80,0,0,0,97.13465551966472,1536,0.04854755555555555,97.18320307522028,97.18320307522028,97.19544751966473,97.22058924038181,97.2463424839644,98.87542376405312,0.11168696429967895,1.7407682443884056,0.0,0.0,0.025141720717087424,0.025753243582585128
1344,97.19150426635133,128,256,80,3,0,0,97.19150426635133,0,0.07987911111111111,97.27138337746244,97.27138337746244,97.27580559968466,97.27636307504208,97.30186624887021,100.57354338103168,0.11036198251888152,3.382039114680353,0.0,0.0,0.000557475357425119,0.0255031738281275
1345,97.19237516460291,128,2176,81,1,0,1,97.19237516460291,2048,0.050083555555555555,97.24245872015847,97.24245872015847,97.25754760904735,97.25927691942573,97.28605939012886,100.63711929592264,0.0936842255259478,3.4447441313197373,0.0,0.0,0.001729310378379978,0.026782470703125227
1346,97.2159851745408,160,4800,71,4,0,4,97.2159851745408,4608,0.07573333333333333,97.29171850787414,97.29171850787414,97.32138517454081,97.32422305248456,97.35089395092206,101.62405313060957,0.13490877638125198,4.408067956068763,0.0,0.0,0.0028378779437474577,0.026670898437501478
1347,97.28778960606923,128,2176,81,1,0,1,97.28778960606923,2048,0.050083555555555555,97.33787316162478,97.33787316162478,97.35296205051367,97.36640973192573,97.39312852631494,100.7422990676483,0.10533892024571401,3.454509461579079,0.0,0.0,0.01344768141206032,0.026718794389211098
1348,97.29723651932743,128,1472,113,1,0,1,97.33787316162478,1216,0.08352711111111111,97.4214002727359,97.4214002727359,97.43257805051367,97.4465675799371,97.4732043800673,100.82122777858581,0.17596786073987403,3.5239912592583806,0.04063664229735764,0.0,0.013989529423426461,0.02663680013020553
1349,97.50892873703094,128,832,72,2,0,2,97.50892873703094,640,0.06382933333333334,97.57275807036427,97.57275807036427,97.5803802925865,97.5939835700617,97.6197452888117,100.88716211823878,0.11081655178075778,3.378233381207835,0.0,0.0,0.013603277475198183,0.025761718750004547
1350,97.66613010797407,64,896,112,6,0,6,97.66613010797407,640,0.0817991111111111,97.74792921908518,97.74792921908518,97.75590699686296,97.76511842377786,97.79098439057474,99.41031685313985,0.12485428260066556,1.744186745165777,0.0,0.0,0.009211426914902177,0.025865966796871476
1351,97.72354435769633,96,2048,81,7,0,1,97.72354435769633,0,0.5830328888888889,98.30657724658522,98.30657724658522,98.320955024363,98.320955024363,98.346955024363,100.81191685704529,0.6234106666666719,3.0883724993489636,0.0,0.0,0.0,0.02599999999999625
1352,97.79182014600751,96,5056,87,0,0,0,97.79182014600751,4864,0.07650133333333334,97.86832147934085,97.86832147934085,97.89941036822974,97.91606268506864,97.94196323845405,100.41930411393868,0.150143092446541,2.6274839679311697,0.0,0.0,0.01665231683890056,0.025900553385412195
1353,97.81273214734864,160,2176,9,1,0,1,97.81273214734864,1984,0.06786133333333334,97.88059348068198,97.88059348068198,97.89568236957086,97.90022746245367,97.92677993049344,102.11231039478686,0.11404778314479813,4.29957824743822,0.0,0.0,0.004545092882807467,0.02655246803976752
1354,97.88191108238543,96,1664,80,0,0,0,97.88191108238543,1536,0.04854755555555555,97.93045863794099,97.93045863794099,97.94270308238544,97.9678680679995,97.99376565100732,100.47178029666438,0.11185456862189369,2.5898692142789486,0.0,0.0,0.02516498561406877,0.025897583007818525
1355,97.94035353089626,128,1664,84,2,0,2,97.94035353089626,1536,0.04854755555555555,97.98890108645182,97.98890108645182,98.00114553089627,98.0062296638117,98.0318429450617,101.3077779873794,0.09148941416543721,3.3674244564831355,0.0,0.0,0.005084132915428086,0.02561328125000273
1356,98.01878455330095,128,1664,4,0,0,0,98.01878455330095,1536,0.04854755555555555,98.0673321088565,98.0673321088565,98.07957655330095,98.09736925541073,98.12326390873103,101.44588679719918,0.10447935543008668,3.427102243898233,0.0,0.0,0.017792702109773018,0.02589465332030727
1357,98.05836884678469,96,1664,8,1,0,1,98.05836884678469,1536,0.04854755555555555,98.10691640234025,98.10691640234025,98.1191608467847,98.13921725293662,98.16561218368946,100.66339975716062,0.10724333690477295,2.6050309103759304,0.0,0.0,0.020056406151923056,0.026394930752843493
1358,98.06120467218847,64,2368,158,5,0,5,98.06120467218847,2176,0.06843733333333334,98.1296420055218,98.1296420055218,98.14579756107736,98.16906495861576,98.19540529064702,99.85184796642825,0.13420061845855003,1.7906432942397856,0.0,0.0,0.023267397538404566,0.02634033203125341
1359,98.07528715870173,128,1728,93,0,0,0,98.07528715870173,1536,0.06651733333333333,98.14180449203506,98.14180449203506,98.15440449203507,98.17505468021541,98.20094677005916,101.52452283235543,0.12565961135743464,3.4492356736537033,0.0,0.0,0.02065018818034048,0.02589208984375091
1360,98.12658552412702,96,2560,138,3,0,3,98.12658552412702,2240,0.10456888888888889,98.23115441301591,98.23115441301591,98.24837663523813,98.27134867074521,98.29701644418272,100.7615806531671,0.1704309200556935,2.634995129040078,0.0,0.0,0.022972035507081046,0.025667773437504593
1361,98.23648597133115,64,512,81,0,0,1,98.23648597133115,0,0.15175822222222224,98.38824419355338,98.38824419355338,98.39408863799783,98.40811034427792,98.43395852636927,100.07663537478938,0.197472555038118,1.840149403458227,0.0,0.0,0.01402170628009003,0.025848182091351646
1362,98.27093954549419,96,1280,96,2,0,2,98.27093954549419,1088,0.06517333333333333,98.33611287882752,98.33611287882752,98.34622398993864,98.36486003490545,98.39048177969711,100.83540056224919,0.11954223420292465,2.564461016755004,0.0,0.0,0.018636044966811482,0.025621744791664014
1363,98.296521534288,64,704,120,6,0,6,98.296521534288,512,0.06344533333333334,98.35996686762134,98.35996686762134,98.36687797873245,98.38603639252787,98.41180729096537,100.02271529063984,0.11528575667736618,1.726193756351833,0.0,0.0,0.019158413795423712,0.025770898437500023
1364,98.3667226068077,96,5120,91,0,0,0,98.38824419355338,4928,0.07669333333333334,98.46493752688671,98.46493752688671,98.49638197133116,98.5115060023308,98.5374739850317,101.02525128752656,0.1707513782239971,2.6585286807188595,0.021521586745677723,0.0,0.015124030999643878,0.025967982700890957
1365,98.53150562507247,64,1152,157,7,0,,98.53150562507247,256,0.2603448888888889,98.79185051396136,98.79185051396136,98.80125051396136,98.81503852045675,98.84082440912863,100.46710899571717,0.30931878405615976,1.9356033706446993,0.0,0.0,0.013788006495389027,0.025785888671876478
1366,98.55710760905966,160,1792,93,0,0,0,98.55710760905966,1600,0.06670933333333334,98.62381694239299,98.62381694239299,98.63677249794854,98.64138936750079,98.66737088256775,102.8396519071787,0.11026327350809595,4.282544298119049,0.0,0.0,0.004616869552251046,0.02598151506695956
1367,98.74161059075439,128,2624,110,2,1,7,98.74161059075439,256,0.6736497777777778,99.41526036853217,99.41526036853217,99.43283814630995,99.44139372631169,99.46719572826481,102.80047728750962,0.7255851375104214,4.058866696755231,0.0,0.0,0.008555580001740282,0.02580200195312443
1368,98.77346542938193,64,1856,93,0,0,0,98.77346542938193,1664,0.06690133333333334,98.84036676271526,98.84036676271526,98.85367787382637,98.87542376405312,98.90144585877968,100.55064052615657,0.127980429397752,1.7771750967746414,0.0,0.0,0.021745890226753772,0.02602209472655659
1369,98.78057344053565,160,4608,131,1,0,1,98.78057344053565,4416,0.07515733333333334,98.85573077386898,98.85573077386898,98.88433077386898,98.90060800136327,98.92687009988757,103.1116420450295,0.14629665935191838,4.331068604493851,0.0,0.0,0.016277227494285285,0.02626209852429895
1370,98.85742106514724,160,2176,81,1,0,1,98.85742106514724,2048,0.050083555555555555,98.9075046207028,98.9075046207028,98.92259350959168,98.92687009988757,98.95311267801256,103.13781556243006,0.09569161286532335,4.280394497282828,0.0,0.0,0.004276590295887672,0.026242578124993088
1371,98.85853801786857,64,3200,86,1,0,1,98.9075046207028,3008,0.07093333333333333,98.97843795403612,98.97843795403612,98.9992157318139,99.00559929910631,99.03187229271427,100.68971583788978,0.17333427484570052,1.8311778200212103,0.048966602834227047,0.0,0.006383567292402859,0.02627299360796087
1372,99.08053628807646,96,2176,81,1,0,1,99.08053628807646,2048,0.050083555555555555,99.13061984363202,99.13061984363202,99.1457087325209,99.16338394931938,99.18970381792734,101.69186190845873,0.10916752985087896,2.6113256203822743,0.0,0.0,0.017675216798480164,0.02631986860795621
1373,99.21155861119382,96,4096,82,7,0,5,99.21155861119382,0,1.1580657777777779,100.3696243889716,100.3696243889716,100.39537994452716,100.41468695795676,100.44089773269634,102.96066213699321,1.2293391215025196,3.7491035257993843,0.0,0.0,0.01930701342959651,0.026210774739581666
1374,99.33486851589637,160,1600,37,0,0,0,99.33486851589637,1408,0.06613333333333334,99.40100184922971,99.40100184922971,99.4128907381186,99.42259890165965,99.44866162360567,103.62446517447782,0.11379310770929862,4.289596658581445,0.0,0.0,0.009708163541048975,0.026062721946018996
1375,99.51837228121241,64,5184,91,0,0,0,99.51837228121241,4992,0.07688533333333333,99.59525761454574,99.59525761454574,99.62705761454575,99.63111434910283,99.65730302911585,101.31511694042834,0.13893074790344428,1.796744659215932,0.0,0.0,0.004056734557082109,0.026188680013021326
1376,99.69661757070052,64,5248,7,2,1,7,99.69661757070052,256,1.4104106666666667,101.10702823736719,101.10702823736719,101.13918379292275,101.14806299714503,101.1746456794367,102.85390609610337,1.4780281087361686,3.1572885254028478,0.0,0.0,0.008879204222282056,0.02658268229166083
1377,100.01343670203886,160,2560,102,6,0,6,100.01343670203886,2368,0.06901333333333334,100.08245003537219,100.08245003537219,100.0996722575944,100.09972798595234,100.12597798595235,104.29247294037944,0.11254128391348672,4.279036238340581,0.0,0.0,5.572835793543618e-05,0.026250000000004547
1378,100.09842507506869,160,4352,99,3,0,3,100.09842507506869,4160,0.07438933333333334,100.17281440840202,100.17281440840202,100.1999921861798,100.20601986215148,100.2322172905369,104.50497769906552,0.13379221546820474,4.406552623996831,0.0,0.0,0.006027675971679969,0.026197428385415833
1379,100.13681678916966,128,1664,0,1,0,1,100.13681678916966,1536,0.04854755555555555,100.18536434472522,100.18536434472522,100.19760878916966,100.21655955301256,100.24285504454902,103.58290031917723,0.10603825537936018,3.44608353000757,0.0,0.0,0.018950763842894958,0.026295491536458826
1380,100.15981671316769,160,1664,80,0,0,0,100.15981671316769,1536,0.04854755555555555,100.20836426872324,100.20836426872324,100.22060871316769,100.23475841081368,100.26112061784494,104.42720682758112,0.10130390467725192,4.2673901144134305,0.0,0.0,0.0141496976459905,0.026362207031255025
1381,100.30982077937483,128,2176,9,1,0,1,100.30982077937483,2048,0.050083555555555555,100.35990433493039,100.35990433493039,100.37499322381927,100.40063824767401,100.42691897183266,103.76713634101672,0.11709819245783137,3.4573155616418916,0.0,0.0,0.025645023854735882,0.0262807241586529
1382,100.38856700819436,128,4416,99,3,0,3,100.38856700819436,4224,0.07458133333333333,100.46314834152768,100.46314834152768,100.49068167486102,100.49421842985981,100.52065959196919,103.94799063851865,0.1320925837748348,3.5594236303242894,0.0,0.0,0.003536754998791025,0.026441162109378524
1383,100.39840329462602,160,1088,100,5,0,5,100.39840329462602,896,0.06459733333333334,100.46300062795936,100.46300062795936,100.4720450724038,100.4720450724038,100.4975763224038,104.60816911793025,0.09917302777778048,4.209765823304224,0.0,0.0,0.0,0.025531250000000227
1384,100.44850435643887,64,2176,81,1,0,1,100.44850435643887,2048,0.050083555555555555,100.49858791199443,100.49858791199443,100.51367680088332,100.53204675127978,100.55831415501862,102.21749457447436,0.1098097985797466,1.7689902180354835,0.0,0.0,0.01836995039646183,0.026267403738842177
1385,100.60460865044736,128,704,76,5,0,5,100.60460865044736,512,0.06344533333333334,100.6680539837807,100.6680539837807,100.6749650948918,100.6763087442788,100.7017481974038,103.97572899981267,0.09713954695644134,3.371120349365313,0.0,0.0,0.0013436493869960486,0.025439453125002842
1386,100.76431495014258,160,5248,83,1,0,1,100.76431495014258,5120,0.05929955555555556,100.82361450569813,100.82361450569813,100.8557700612537,100.87396698214484,100.90045653292609,105.09319285963647,0.13614158278350885,4.328877909493897,0.0,0.0,0.018196920891142554,0.026489550781249704
1387,100.81370199723457,160,4480,99,3,0,3,100.81370199723457,4288,0.07477333333333333,100.88847533056791,100.88847533056791,100.91636421945681,100.9244771375421,100.95164038624002,105.21172518441709,0.1379383890054413,4.398023187182517,0.0,0.0,0.008112918085288356,0.027163248697917197
1388,100.83310479108101,96,5248,91,0,0,0,100.83310479108101,5056,0.07707733333333333,100.91018212441435,100.91018212441435,100.94233767996991,100.9457580624289,100.97225531584687,103.46850137704477,0.13915052476585288,2.635396585963761,0.0,0.0,0.003420382458983795,0.026497253417971933
1389,100.93087838088724,96,2176,81,1,0,1,100.93087838088724,2048,0.050083555555555555,100.9809619364428,100.9809619364428,100.99605082533168,101.00641961886357,101.03290379855108,103.53050495341019,0.10202541766383888,2.5996265725229506,0.0,0.0,0.010368793531895903,0.026484179687500387
1390,100.93526019313701,96,4352,103,2,0,2,101.10702823736719,4160,0.07438933333333334,101.18141757070052,101.18141757070052,101.2085953484783,101.22781250886378,101.25453186921534,103.78379460521796,0.31927167607832985,2.8485344120809515,0.171768044230177,0.0,0.01921716038548027,0.026719360351563637
1391,100.93937122951763,96,2496,106,6,0,6,100.93937122951763,2304,0.06882133333333333,101.00819256285097,101.00819256285097,101.02505922951764,101.04503560313985,101.07127876720236,103.56279129975444,0.13190753768472518,2.6234200702368042,0.0,0.0,0.019976373622213828,0.026243164062506708
1392,101.0403292762875,160,2176,81,1,0,1,101.0403292762875,2048,0.050083555555555555,101.09041283184305,101.09041283184305,101.10550172073194,101.11235926730107,101.13880688803971,105.33084879574139,0.09847761175221592,4.290519519453895,0.0,0.0,0.00685754656913673,0.0264476207386366
1393,101.04506390691776,96,1536,101,2,0,2,101.18141757070052,1344,0.06594133333333334,101.24735890403385,101.24735890403385,101.25889223736718,101.28125171784815,101.3077779873794,103.83672476472317,0.2627140804616346,2.791660857805411,0.13635366378275648,0.0,0.022359480480972138,0.026526269531245816
1394,101.14419256318297,96,2048,97,7,0,0,101.14419256318297,0,0.5830328888888889,101.72722545207186,101.72722545207186,101.74160322984964,101.75746373204528,101.78397593907653,104.24356008621196,0.6397833758935576,3.099367523028988,0.0,0.0,0.015860502195636172,0.026512207031245794
1395,101.34890715125448,160,1216,92,1,0,1,101.34890715125448,1024,0.06498133333333334,101.41388848458782,101.41388848458782,101.42364404014337,101.42916814958089,101.45543532820305,105.64803231437119,0.1065281769485722,4.299125163116713,0.0,0.0,0.005524109437516245,0.0262671786221631
1396,101.38588187309124,160,4480,31,2,0,2,101.38588187309124,4288,0.07477333333333333,101.46065520642458,101.46065520642458,101.48854409531347,101.49461612214502,101.52140811433252,105.7368920876631,0.13552624124127988,4.351010214571858,0.0,0.0,0.0060720268315463954,0.026791992187497726
1397,101.48745120550544,160,1664,84,2,0,2,101.48745120550544,1536,0.04854755555555555,101.535998761061,101.535998761061,101.54824320550544,101.57499356355127,101.60162352774398,105.81518095485059,0.11417232223854512,4.327729749345153,0.0,0.0,0.026750358045831035,0.02662996419270769
1398,101.6215594890708,96,2304,126,1,0,1,101.6215594890708,2112,0.06824533333333334,101.68980482240414,101.68980482240414,101.70560482240414,101.71815023853686,101.74442416431812,104.24341089934414,0.12286467524731393,2.6218514102733366,0.0,0.0,0.012545416132724085,0.026273925781254093
1399,101.67155742378576,160,2048,80,4,0,0,101.67155742378576,0,0.5830328888888889,102.25459031267465,102.25459031267465,102.26896809045243,102.26896809045243,102.29496809045243,106.43308316206702,0.6234106666666719,4.761525738281264,0.0,0.0,0.0,0.02599999999999625
1400,101.7549276197991,128,512,89,7,0,2,101.7549276197991,0,0.15175822222222224,101.90668584202133,101.90668584202133,101.91253028646578,101.91654429845153,101.9426377229307,105.22238015457134,0.1877101031315931,3.467452534772235,0.0,0.0,0.004014011985745469,0.02609342447917129
1401,101.78879567446485,64,4480,147,3,0,3,101.78879567446485,4288,0.07477333333333333,101.86356900779819,101.86356900779819,101.89145789668709,101.90266170785459,101.92984420297178,103.62812794320615,0.1410485285069285,1.8393322687413018,0.0,0.0,0.011203811167504796,0.027182495117187955
1402,101.79430681715843,96,3200,82,5,0,5,101.79430681715843,3072,0.05315555555555555,101.84746237271398,101.84746237271398,101.86824015049176,101.87249087318506,101.89831997474755,104.3709860124615,0.10401315758912233,2.576679195303072,0.0,0.0,0.0042507226932997355,0.025829101562493406
1403,102.38358016382448,64,2752,22,0,0,0,102.38358016382448,2560,0.06958933333333334,102.45316949715782,102.45316949715782,102.4714583860467,102.49756592317573,102.52388086458198,104.16871151508111,0.140300700757507,1.7851313512566378,0.0,0.0,0.026107537129021807,0.026314941406255343
1404,102.52818413131466,64,2176,81,1,0,1,102.52818413131466,2048,0.050083555555555555,102.57826768687022,102.57826768687022,102.5933565757591,102.61234402108893,102.6386447535108,104.29641502754016,0.11046062219614328,1.7682308962255036,0.0,0.0,0.018987445329827324,0.026300732421873363
1405,102.53347028428082,128,2752,90,3,0,3,102.53347028428082,2560,0.06958933333333334,102.60305961761416,102.60305961761416,102.62134850650305,102.6367604627374,102.66378575570614,106.01101512582333,0.13031547142531963,3.4775448415425103,0.0,0.0,0.015411956234345325,0.027025292968744452
1406,102.57242484293357,128,2176,81,1,0,1,102.57826768687022,2048,0.050083555555555555,102.62835124242578,102.62835124242578,102.64344013131466,102.66494597421392,102.69122593692698,106.04641591876323,0.11880109399341165,3.473991075829659,0.005842843936648023,0.0,0.021505842899259164,0.026279962713061877
1407,102.65333108513391,64,2816,22,0,0,0,102.65333108513391,2624,0.06978133333333333,102.72311241846725,102.72311241846725,102.7417568629117,102.76073730989448,102.78706633007677,104.42720682758112,0.13373524494285505,1.7738757424472027,0.0,0.0,0.018980446982780563,0.026329020182288332
1408,102.66247660308998,128,512,80,3,0,0,102.66247660308998,0,0.15175822222222224,102.81423482531221,102.81423482531221,102.82007926975666,102.82594776742489,102.85268002653947,106.1899893689874,0.19020342344948915,3.527512765897413,0.0,0.0,0.005868497668231498,0.026732259114581325
1409,102.72982088942362,96,1664,80,0,0,0,102.72982088942362,1536,0.04854755555555555,102.77836844497918,102.77836844497918,102.79061288942363,102.81339583854032,102.8396519071787,105.30289002434716,0.1098310177550843,2.573069134923543,0.0,0.0,0.022782949116688656,0.02625606863838925
1410,102.73589835130721,64,1664,80,0,0,0,102.77836844497918,1536,0.04854755555555555,102.82691600053474,102.82691600053474,102.83916044497919,102.8396519071787,102.86588837481263,104.50450809711236,0.1299900235054139,1.7686097458051506,0.04247009367196597,0.0,0.0004914621995197876,0.026236467633921734
1411,102.84089430927631,128,2176,81,1,0,1,102.84089430927631,2048,0.050083555555555555,102.89097786483187,102.89097786483187,102.90606675372075,102.92776757400085,102.95403389073262,106.31310931512924,0.1131395814563092,3.472215005852931,0.0,0.0,0.021700820280102562,0.02626631673176405
1412,102.85556517823612,128,3200,82,5,0,5,102.85556517823612,3072,0.05315555555555555,102.90872073379167,102.90872073379167,102.92949851156945,102.93188442787256,102.95791189369287,106.29666787610704,0.102346715456747,3.4411026978709174,0.0,0.0,0.0023859163031119124,0.026027465820305906
1413,102.86753266923297,64,1600,17,6,0,6,102.86753266923297,1408,0.06613333333333334,102.93366600256631,102.93366600256631,102.9455548914552,102.96206978282737,102.98818273855653,104.62799100678569,0.1206500693235597,1.7604583375527199,0.0,0.0,0.016514891372167995,0.026112955729161058
1414,102.9122123104111,64,1664,80,0,0,0,102.9122123104111,1536,0.04854755555555555,102.96075986596666,102.96075986596666,102.97300431041111,102.99707803720102,103.02326407235726,104.659042111133,0.11105176194615751,1.7468298007218976,0.0,0.0,0.024073726789907823,0.026186035156243292
1415,103.05634020578633,64,4416,103,2,0,2,103.05634020578633,4224,0.07458133333333333,103.13092153911965,103.13092153911965,103.15845487245299,103.17188412344713,103.19851644766588,104.8691595611564,0.1421762418795538,1.8128193553700669,0.0,0.0,0.013429250994136055,0.0266323242187525
1416,103.18000701879413,96,2048,90,4,0,3,103.18000701879413,0,0.5830328888888889,103.76303990768302,103.76303990768302,103.7774176854608,103.77777521935869,103.80378937951494,106.27674331831702,0.62378236072081,3.096736299522888,0.0,0.0,0.00035753389788339973,0.02601416015625091
1417,103.1952498867306,96,3200,82,5,0,5,103.1952498867306,3072,0.05315555555555555,103.24840544228614,103.24840544228614,103.26918322006392,103.27027956947413,103.29641912025538,105.7971545311092,0.1011692335247858,2.6019046443786067,0.0,0.0,0.0010963494102043114,0.026139550781252296
1418,103.23918390166217,128,2048,88,4,0,0,103.76303990768302,0,0.5830328888888889,104.34607279657192,104.34607279657192,104.3604505743497,104.3762244381087,104.40224136519203,107.70906411909827,1.163057463529853,4.469880217436099,0.5238560060208499,0.0,0.015773863758994366,0.02601692708333303
1419,103.29854177859424,96,2688,110,2,0,2,103.29854177859424,2496,0.06939733333333334,103.36793911192757,103.36793911192757,103.3858724452609,103.41159261954088,103.43817530183254,105.94593046656935,0.13963352323830236,2.647388687975109,0.0,0.0,0.02572017427998219,0.02658268229166083
1420,103.40971711246804,96,2176,81,1,0,1,103.40971711246804,2048,0.050083555555555555,103.4598006680236,103.4598006680236,103.47488955691249,103.47815911711757,103.50433179112325,106.01979384845073,0.0946146786552049,2.6100767359826875,0.0,0.0,0.0032695602050836214,0.026172674005678687
1421,103.43999991174856,96,3200,86,1,0,1,103.4598006680236,3072,0.05315555555555555,103.51295622357915,103.51295622357915,103.53373400135693,103.55668503153518,103.58290031917723,106.09974445066428,0.1429004074286695,2.6597445389157173,0.019800756275046183,0.0,0.02295103017824829,0.026215287642045837
1422,103.56961662453347,128,5248,83,1,0,1,103.56961662453347,5120,0.05929955555555556,103.62891618008902,103.62891618008902,103.66107173564458,103.66165134456786,103.68802186125819,107.06135345871351,0.11840523672472614,3.4917368341800454,0.0,0.0,0.0005796089232745771,0.026370516690334966
1423,103.5793436049467,160,768,140,0,0,0,103.5793436049467,576,0.06363733333333334,103.64298093828003,103.64298093828003,103.6502476049467,103.6504835664049,103.67641046372633,107.78050345135799,0.09706685877962684,4.2011598464112865,0.0,0.0,0.0002359614582019276,0.025926897321426168
1424,103.70378987641556,64,2816,98,2,0,2,103.70378987641556,2624,0.06978133333333333,103.7735712097489,103.7735712097489,103.79221565419334,103.81026765209296,103.83672476472317,105.50029711695997,0.13293488830761646,1.7965072405444147,0.0,0.0,0.018051997899618755,0.026457112630211554
1425,103.76246354395478,160,1664,80,0,0,0,103.76246354395478,1536,0.04854755555555555,103.81101109951034,103.81101109951034,103.82325554395479,103.83198210156115,103.85789768994006,107.9619432842573,0.09543414598527988,4.199479740302522,0.0,0.0,0.008726557606365759,0.025915588378907728
1426,103.76549982473882,128,1152,100,5,0,5,103.76549982473882,960,0.06478933333333334,103.83028915807216,103.83028915807216,103.83968915807216,103.84546247963038,103.87151480710435,107.21746155112099,0.10601498236552231,3.451961726382166,0.0,0.0,0.005773321558223188,0.026052327473962578
1427,103.76922893313537,128,1664,80,0,0,0,103.81101109951034,1536,0.04854755555555555,103.8595586550659,103.8595586550659,103.87180309951034,103.88381376660021,103.90971876877035,107.18608613631626,0.1404898356349804,3.4168572031808964,0.04178216637497201,0.0,0.012010667089867866,0.02590500217013414
1428,103.83577213355038,128,1664,80,0,0,0,103.8595586550659,1536,0.04854755555555555,103.90810621062145,103.90810621062145,103.9203506550659,103.93562425922174,103.96152089008112,107.23774503698591,0.12574875653074002,3.401972903435535,0.02378652151551819,0.0,0.015273604155837006,0.025896630859378433
1429,103.85394987527256,96,5248,83,1,0,1,103.85394987527256,5120,0.05929955555555556,103.91324943082812,103.91324943082812,103.94540498638368,103.9519271125011,103.97843337137894,106.50015261235934,0.12448349610637877,2.6462027370867816,0.0,0.0,0.006522126117417315,0.026506258877844857
1430,103.90679326764403,96,4480,139,5,0,5,103.90679326764403,4288,0.07477333333333333,103.98156660097737,103.98156660097737,104.00945548986627,104.02809843340643,104.05445089108872,106.55988802991563,0.1476576234446867,2.653094762271593,0.0,0.0,0.01864294354015783,0.026352457682293107
1431,104.03655675286967,64,3200,82,5,0,5,104.03655675286967,3072,0.05315555555555555,104.08971230842522,104.08971230842522,104.110490086203,104.1335111938231,104.15989533165792,105.82347990952717,0.12333857878824972,1.786923156657494,0.0,0.0,0.023021107620095904,0.026384137834824628
1432,104.07112374973225,160,1344,96,2,0,2,104.07112374973225,1152,0.06536533333333333,104.13648908306558,104.13648908306558,104.14695574973226,104.15583394441067,104.18227299063463,108.35365670703622,0.11114924090237821,4.282532957303971,0.0,0.0,0.008878194678416662,0.026439046223956097
1433,104.09312932456706,160,2176,81,1,0,1,104.09312932456706,2048,0.050083555555555555,104.14321288012262,104.14321288012262,104.1583017690115,104.16399085539882,104.19046371509934,108.42627237612422,0.0973343905322821,4.333143051557158,0.0,0.0,0.005689086387320685,0.026472859700518825
1434,104.16730091500992,160,2752,110,2,0,2,104.16730091500992,2560,0.06958933333333334,104.23689024834326,104.23689024834326,104.25517913723215,104.26159305899401,104.28802016557883,108.45928431120288,0.12071925056891075,4.291983396192961,0.0,0.0,0.0064139217618617295,0.02642710658481917
1435,104.28366067596387,96,1536,88,0,0,0,104.28366067596387,1280,0.0837191111111111,104.36737978707498,104.36737978707498,104.37891312040831,104.40136434711236,104.42720682758112,106.87613711287875,0.14354615161724382,2.592476436914879,0.0,0.0,0.02245122670404953,0.025842480468753593
1436,104.41496388112827,96,4416,123,1,0,1,104.41496388112827,4224,0.07458133333333333,104.4895452144616,104.4895452144616,104.51707854779494,104.53532591621205,104.56192929866943,107.08799464174923,0.14696541754115344,2.6730307606209607,0.0,0.0,0.018247368417107168,0.02660338245738103
1437,104.47231931895027,160,2368,134,2,0,2,104.47231931895027,2176,0.06843733333333334,104.5407566522836,104.5407566522836,104.55691220783916,104.57875056457436,104.6051489410392,108.7757611178435,0.13282962208893423,4.303441798893232,0.0,0.0,0.02183835673520207,0.026398376464840112
1438,104.50016652890963,96,2624,94,1,0,1,104.50016652890963,2368,0.08698311111111111,104.58714964002074,104.58714964002074,104.60472741779851,104.61513752842795,104.64171540928733,107.16764039370236,0.14154888037769808,2.6674738647927256,0.0,0.0,0.010410110629436531,0.026577880859377956
1439,104.54405158711106,160,1280,25,0,0,0,104.54405158711106,1088,0.06517333333333333,104.60922492044439,104.60922492044439,104.6193360315555,104.63329925224629,104.659042111133,108.76533695617107,0.1149905240219482,4.221285369060013,0.0,0.0,0.013963220690783373,0.02574285888671568
1440,104.59029870162769,96,4352,79,7,0,7,104.59029870162769,4096,0.0921671111111111,104.6824658127388,104.6824658127388,104.70964359051658,104.72422854324321,104.75044265457134,107.31183572097757,0.16014395294365613,2.7215370193498813,0.0,0.0,0.014584952726636402,0.02621411132813023
1441,104.61799536998804,96,512,80,3,0,0,104.61799536998804,0,0.15175822222222224,104.76975359221026,104.76975359221026,104.77559803665471,104.79434537484677,104.8203896863702,107.27254039437803,0.20239431638216843,2.6545450243899893,0.0,0.0,0.018747338192056873,0.026044311523435226
1442,104.64325187703065,64,3200,86,1,0,1,104.64325187703065,3072,0.05315555555555555,104.6964074325862,104.6964074325862,104.71718521036398,104.72145198155296,104.74803048215392,106.41996735845309,0.10477860512327197,1.7767154814224426,0.0,0.0,0.004266771188980556,0.02657850060096223
1443,104.6786198617152,160,2048,130,6,0,7,104.6786198617152,0,0.5830328888888889,105.2616527506041,105.2616527506041,105.27603052838188,105.27603052838188,105.30203052838188,109.42312613385062,0.6234106666666719,4.7445062721354105,0.0,0.0,0.0,0.02599999999999625
1444,104.72349316500083,64,2176,85,5,0,5,104.72349316500083,2048,0.050083555555555555,104.77357672055639,104.77357672055639,104.78866560944527,104.7937176530865,104.8201521420188,106.48085879407579,0.09665897701796666,1.757365629074954,0.0,0.0,0.005052043641228465,0.026434488932295608
1445,104.75557002954774,128,1600,88,0,0,0,104.75557002954774,1408,0.06613333333333334,104.82170336288108,104.82170336288108,104.83359225176997,104.83915539238299,104.86489391777361,108.14339767743222,0.10932388822587313,3.387827647884478,0.0,0.0,0.005563140613020323,0.025738525390622158
1446,104.76025606232557,96,2624,138,3,0,3,104.76975359221026,2432,0.06920533333333334,104.8389589255436,104.8389589255436,104.85653670332137,104.87247977426084,104.89857264535459,107.35038707406552,0.13831658302902383,2.590131011739956,0.009497529884697542,0.0,0.015943070939471227,0.026092871093752024
1447,104.76451763248286,160,2048,95,6,0,2,105.2616527506041,0,0.5830328888888889,105.844685639493,105.844685639493,105.85906341727078,105.87415406353813,105.9001596787725,110.01886880963187,1.1356420462896324,5.254351177149005,0.49713511812123556,0.0,0.015090646267353236,0.02600561523436795
1448,104.80492034774805,128,1664,80,0,0,0,104.82170336288108,1536,0.04854755555555555,104.87025091843664,104.87025091843664,104.88249536288109,104.8906329314455,104.91638054429272,108.19527246816882,0.11146019654466954,3.390352120420772,0.016783015133029267,0.0,0.008137568564407616,0.025747612847226264
1449,104.87203847844032,64,1280,92,1,0,1,104.87203847844032,1088,0.06517333333333333,104.93721181177365,104.93721181177365,104.94732292288477,104.96067606508662,104.98719053913796,106.65994965011976,0.11515206069763906,1.7879111716794398,0.0,0.0,0.013353142201850687,0.02651447405133922
1450,104.89084555037746,160,2432,150,0,0,0,104.89084555037746,2240,0.06862933333333333,104.9594748837108,104.9594748837108,104.97598599482191,104.99362631252188,105.01941967189688,109.12966879365868,0.12857412151942071,4.238823243281217,0.0,0.0,0.01764031769997132,0.025793359375001046
1451,104.95847119411627,160,2176,81,1,0,1,104.95847119411627,2048,0.050083555555555555,105.00855474967183,105.00855474967183,105.02364363856071,105.04022095208438,105.0667066617198,109.30878263003046,0.10823546760353508,4.350311435914193,0.0,0.0,0.01657731352366909,0.026485709635423405
1452,104.99210069216667,96,832,140,0,0,0,104.99210069216667,640,0.06382933333333334,105.0559300255,105.0559300255,105.06355224772223,105.07100785549063,105.09676735478041,107.54767767010799,0.10466666261373803,2.555576977941314,0.0,0.0,0.00745560776840648,0.0257594992897765
1453,105.12400884573006,160,1536,137,5,0,5,105.12400884573006,1344,0.06594133333333334,105.18995017906339,105.18995017906339,105.20148351239672,105.21672806975317,105.24307147098085,109.4484498410903,0.11906262525079114,4.324440995360234,0.0,0.0,0.01524455735645347,0.026343401227677532
1454,105.16495771352437,160,1920,93,0,0,0,105.16495771352437,1728,0.06709333333333334,105.2320510468577,105.2320510468577,105.24571771352437,105.2513346044253,105.27711207024561,109.38977899602413,0.1121543567212342,4.224821282499761,0.0,0.0,0.005616890900924432,0.025777465820311818
1455,105.19164303139942,96,4736,39,5,0,5,105.19164303139942,4544,0.07554133333333334,105.26718436473276,105.26718436473276,105.29649547584387,105.32210460435138,105.34857085190997,107.85664791179808,0.1569278205105462,2.665004880398655,0.0,0.0,0.025609128507511514,0.026466247558587952
1456,105.39719573630326,64,832,44,5,0,5,105.39719573630326,640,0.06382933333333334,105.46102506963659,105.46102506963659,105.46864729185882,105.4809094139217,105.50726048814045,107.16449426596473,0.11006475183718578,1.767298529661474,0.0,0.0,0.012262122062878689,0.026351074218752046
1457,105.53836696018475,64,1664,80,0,0,0,105.53836696018475,1536,0.04854755555555555,105.5869145157403,105.5869145157403,105.59915896018475,105.61217526937558,105.63795517660215,107.26357177226235,0.09958821641740201,1.7252048120776067,0.0,0.0,0.013016309190831521,0.02577990722656409
1458,105.63397932428599,64,768,152,3,0,3,105.63397932428599,576,0.06363733333333334,105.69761665761932,105.69761665761932,105.70488332428599,105.72797030160459,105.75369920785458,107.37614781625302,0.11971988356859242,1.7421684919670355,0.0,0.0,0.023086977318598656,0.02572890624999502
1459,105.68038174148222,160,5248,83,1,0,1,105.68038174148222,5120,0.05929955555555556,105.73968129703778,105.73968129703778,105.77183685259334,105.78053089021755,105.80711371022957,110.05236427065547,0.12673196874735027,4.371982529173252,0.0,0.0,0.008694037624209727,0.026582820012023944
1460,105.68183904446018,96,4096,101,7,0,2,105.68183904446018,0,1.1580657777777779,106.83990482223795,106.83990482223795,106.86566037779352,106.87846462722757,106.90554665847758,109.4452402619932,1.2237076140173997,3.76340121753303,0.0,0.0,0.012804249434054782,0.027082031250003524
1461,105.72676330609264,64,1664,4,0,0,0,105.72676330609264,1536,0.04854755555555555,105.7753108616482,105.7753108616482,105.78755530609264,105.79264487386777,105.81843044327883,107.44436295064776,0.09166713718619235,1.717599644555122,0.0,0.0,0.005089567775129922,0.02578556941105603
1462,105.73173346456163,96,4096,84,7,0,2,106.83990482223795,0,1.1580657777777779,107.99797060001573,107.99797060001573,108.0237261555713,108.04121804519632,108.0682285432432,110.55920803543071,2.3364950786815655,4.827474570869086,1.1081713576763264,0.0,0.017491889625020463,0.027010498046877274
1463,105.82966399697767,96,2176,85,5,0,5,105.82966399697767,2048,0.050083555555555555,105.87974755253323,105.87974755253323,105.89483644142211,105.90234416733966,105.92860490952717,108.44001820337172,0.09894091254949444,2.6103542063940495,0.0,0.0,0.007507725917548669,0.026260742187503183
1464,105.84009813096213,160,512,95,6,0,2,105.844685639493,0,0.15175822222222224,105.99644386171522,105.99644386171522,106.00228830615967,106.0041870225225,106.02994239361625,110.1481992539678,0.1898442626541197,4.30810112300567,0.004587508530860873,0.0,0.00189871636283101,0.025755371093751478
1465,105.88456942454478,160,1664,80,0,0,0,105.88456942454478,1536,0.04854755555555555,105.93311698010034,105.93311698010034,105.94536142454479,105.94736561455287,105.97315582800152,110.09230207700132,0.08858640345674473,4.207732652456542,0.0,0.0,0.0020041900080798314,0.025790213448658506
1466,105.92337873452882,64,3200,86,1,0,1,105.92337873452882,3072,0.05315555555555555,105.97653429008437,105.97653429008437,105.99731206786215,106.01979384845073,106.04641591876323,107.72960401674922,0.12303718423440557,1.806225282220396,0.0,0.0,0.02248178058857775,0.026622070312498636
1467,105.99217046045466,64,2048,93,6,0,0,105.99644386171522,0,0.5830328888888889,106.57947675060412,106.57947675060412,106.5938545283819,106.596684092835,106.62250904400688,108.250465342835,0.6303385835522164,2.2582948823803406,0.004273401260562082,0.0,0.0028295644531084463,0.025824951171870225
1468,106.08775580383153,128,4544,139,5,0,5,106.08775580383153,4352,0.07496533333333334,106.16272113716487,106.16272113716487,106.1909655816093,106.19123918687092,106.21761114867647,109.58132086508584,0.1298553448449411,3.4935650612543157,0.0,0.0,0.0002736052616114648,0.02637196180555179
1469,106.0945411130369,160,2176,85,5,0,5,106.16272113716487,2048,0.050083555555555555,106.21280469272043,106.21280469272043,106.22789358160931,106.24398359876328,106.27032549329454,110.4791160495089,0.17578438025763887,4.384574936472006,0.06818002412796886,0.0,0.016090017153970848,0.02634189453125657
1470,106.09791209969129,160,2240,118,3,0,3,106.09791209969129,2048,0.06805333333333334,106.16596543302462,106.16596543302462,106.18140987746906,106.1899893689874,106.21575438363584,110.35638886443012,0.11784228394455454,4.25847676473883,0.0,0.0,0.008579491518332816,0.025765014648442275
1471,106.19588637322396,128,3200,86,1,0,1,106.19588637322396,3072,0.05315555555555555,106.2490419287795,106.2490419287795,106.26981970655729,106.28644508986882,106.31310931512924,109.70731710268672,0.1172229419052826,3.5114307294627594,0.0,0.0,0.016625383311534847,0.02666422526041856
1472,106.25825752118403,128,1408,96,2,0,2,106.25825752118403,1216,0.06555733333333334,106.32381485451737,106.32381485451737,106.33463707673958,106.3372122048506,106.36320109645216,109.69035766732269,0.10494357526812337,3.4321001461386516,0.0,0.0,0.0025751281110188984,0.02598889160155693
1473,106.34182945632588,64,1664,80,0,0,0,106.34182945632588,1536,0.04854755555555555,106.39037701188144,106.39037701188144,106.40262145632589,106.41166416366,106.43746406600376,108.06562417889707,0.09563460967787307,1.723794722571185,0.0,0.0,0.009042707334117495,0.02579990234374918
1474,106.6173537839343,96,2048,108,4,0,4,106.6173537839343,0,0.5830328888888889,107.2003866728232,107.2003866728232,107.21476445060098,107.24050601362951,107.26653286909827,109.77317064579098,0.6491790851639649,3.155816861856678,0.0,0.0,0.025741563028532255,0.02602685546875705
1475,106.65961934850353,160,512,103,7,0,2,107.99797060001573,0,0.15175822222222224,108.14972882223796,108.14972882223796,108.15557326668241,108.1762754182432,108.20270071121195,112.31849465652446,1.5430813627084206,5.658875308020939,1.3383512515122078,0.0,0.020702151560783477,0.026425292968752956
1476,106.73087608542701,128,4544,143,5,0,5,106.73087608542701,4352,0.07496533333333334,106.80584141876035,106.80584141876035,106.83408586320479,106.84830041830848,106.8746472200663,110.24213600800499,0.14377113463928026,3.5112599225779775,0.0,0.0,0.01421455510369185,0.026346801757810567
1477,106.80680543679722,96,2176,1,0,0,0,106.80680543679722,2048,0.050083555555555555,106.85688899235278,106.85688899235278,106.87197788124166,106.87613711287875,106.90196351261834,109.36377917912961,0.0951580758211179,2.5569737423323886,0.0,0.0,0.004159231637089533,0.02582639973958578
1478,106.89779787087527,64,4544,103,2,0,2,106.89779787087527,4288,0.09274311111111111,106.99054098198637,106.99054098198637,107.01878542643081,107.03908366481153,107.06532907496778,108.72335999479662,0.1675312040925121,1.8255621239213582,0.0,0.0,0.020298238380718203,0.026245410156249704
1479,107.04802444941207,96,2816,110,2,0,2,107.04802444941207,2624,0.06978133333333333,107.1178057827454,107.1178057827454,107.13645022718985,107.14406823512402,107.17033687119174,109.66436645638518,0.12231242177966806,2.616342006973113,0.0,0.0,0.007618007934169668,0.026268636067712237
1480,107.06472706441436,64,5248,83,1,0,1,107.06472706441436,5120,0.05929955555555556,107.12402661996991,107.12402661996991,107.15618217552547,107.16764039370236,107.19439568341589,108.88291055971796,0.12966861900153503,1.8181834953036002,0.0,0.0,0.011458218176883861,0.02675528971353458
1481,107.26230998076971,96,2880,110,2,0,2,107.26230998076971,2688,0.06997333333333333,107.33228331410305,107.33228331410305,107.35128331410306,107.35423099554069,107.38052263895587,109.87328027474456,0.11821265818615245,2.6109702939748445,0.0,0.0,0.0029476814376323546,0.026291643415177646
1482,107.73881424648827,64,1536,141,3,0,3,107.73881424648827,1280,0.0837191111111111,107.82253335759938,107.82253335759938,107.83406669093272,107.84631432015928,107.87225182015928,109.51325084359678,0.13343757367100295,1.7744365971085045,0.0,0.0,0.012247629226564527,0.025937499999997726
1483,107.74326682204737,128,3200,82,5,0,5,107.74326682204737,3072,0.05315555555555555,107.79642237760292,107.79642237760292,107.8172001553807,107.83001998211057,107.85664791179808,111.22133516571985,0.11338108975070327,3.4780683436724757,0.0,0.0,0.012819826729867145,0.026627929687506935
1484,107.9410896919198,96,1664,80,0,0,0,107.9410896919198,1536,0.04854755555555555,107.98963724747536,107.98963724747536,108.0018816919198,108.01379545710887,108.03970957386234,110.50922928240496,0.09861988194253968,2.56813959048516,0.0,0.0,0.011913765189063952,0.02591411675346933
1485,107.96494686164223,96,3200,82,5,0,5,107.96494686164223,3072,0.05315555555555555,108.01810241719778,108.01810241719778,108.03888019497556,108.04220430828245,108.06872181665298,110.58456345464283,0.10377495501074918,2.6196165930006003,0.0,0.0,0.003324113306888421,0.026517508370531573
1486,108.04448526295421,128,4288,75,4,0,4,108.04448526295421,4096,0.07419733333333334,108.11868259628754,108.11868259628754,108.14550481850976,108.15127993941077,108.17783535933265,111.58817748172848,0.13335009637843598,3.543692218774268,0.0,0.0,0.005775120901006403,0.026555419921876933
1487,108.14659380296959,128,4416,119,6,0,6,108.14659380296959,4224,0.07458133333333333,108.22117513630292,108.22117513630292,108.24870846963626,108.250465342835,108.27660279400688,111.58218305930636,0.13000899103728614,3.435589256336769,0.0,0.0,0.0017568731987438468,0.026137451171877046
1488,108.15932992979974,128,3200,86,1,0,1,108.15932992979974,3072,0.05315555555555555,108.21248548535529,108.21248548535529,108.23326326313307,108.23888565737423,108.26565372378047,111.63216840593262,0.1063237939807351,3.4728384761328783,0.0,0.0,0.0056223942411577355,0.02676806640624818
1489,108.34772985892255,64,960,128,0,0,0,108.34772985892255,768,0.06421333333333333,108.41194319225588,108.41194319225588,108.42027652558922,108.42882788809071,108.45471174690768,110.09230207700132,0.10698188798512831,1.7445722180787726,0.0,0.0,0.008551362501492576,0.025883858816968086
1490,108.35166977733503,64,4096,80,4,0,0,108.35166977733503,0,1.1580657777777779,109.50973555511281,109.50973555511281,109.53549111066837,109.55939004683265,109.58611091271807,111.28949095829098,1.2344411353830367,2.9378211809559502,0.0,0.0,0.0238989361642723,0.026720865885422995
1491,108.50046052991931,160,2880,90,3,0,3,108.50046052991931,2624,0.0877511111111111,108.58821164103043,108.58821164103043,108.60721164103043,108.62465172250303,108.65075523812803,112.84395478239887,0.15029470820871893,4.343494252479559,0.0,0.0,0.0174400814725999,0.02610351562499602
1492,108.58571212548638,64,2688,94,1,0,1,108.58571212548638,2496,0.06939733333333334,108.65510945881971,108.65510945881971,108.67304279215304,108.69527091128046,108.7220751104992,110.39393482729609,0.1363629850128234,1.8082227018097115,0.0,0.0,0.022228119127419177,0.026804199218744884
1493,108.64075501413166,160,1664,80,0,0,0,108.64075501413166,1536,0.04854755555555555,108.68930256968721,108.68930256968721,108.70154701413166,108.71357719054606,108.73945682921794,112.86402761257817,0.09870181508628662,4.223272598446513,0.0,0.0,0.012030176414398852,0.025879638671881366
1494,108.74049867531113,96,896,104,6,1,4,108.74049867531113,256,0.1884657777777778,108.92896445308891,108.92896445308891,108.93694223086669,108.95634791119437,108.98235591900686,111.45046732037406,0.24185724369573336,2.7099686450629292,0.0,0.0,0.01940568032767942,0.026008007812492906
1495,108.7433250179104,96,4736,19,0,0,0,108.7433250179104,4544,0.07554133333333334,108.81886635124373,108.81886635124373,108.84817746235484,108.86896376978714,108.89504726588089,111.3669637184401,0.15172224797049694,2.6236387005297104,0.0,0.0,0.02078630743230292,0.02608349609374727
1496,108.79669124640705,96,960,112,6,0,6,108.92896445308891,768,0.06421333333333333,108.99317778642224,108.99317778642224,109.00151111975558,109.00836441510062,109.03428336041311,111.50277021750948,0.23759211400606262,2.7060789711024285,0.13227320668185882,0.0,0.006853295345038646,0.0259189453124975
1497,108.88302697988541,64,1216,100,5,0,5,108.88302697988541,1024,0.06498133333333334,108.94800831321875,108.94800831321875,108.95776386877431,108.97199248722589,108.99845202963661,110.66353098393971,0.11542504975119527,1.7805040040542934,0.0,0.0,0.01422861845158252,0.026459542410719905
1498,108.91440286866306,64,1664,80,0,0,0,108.91440286866306,1536,0.04854755555555555,108.96295042421862,108.96295042421862,108.97519486866307,108.9993861330684,109.02544168862396,110.66528384783464,0.11103881996089626,1.7508809791715834,0.0,0.0,0.02419126440533148,0.026055555555558385
1499,109.05898259920396,128,2176,81,1,0,1,109.05898259920396,2048,0.050083555555555555,109.10906615475952,109.10906615475952,109.1241550436484,109.1494364386242,109.1759929164888,112.53313511378259,0.11701031728483713,3.474152514578634,0.0,0.0,0.025281394975806393,0.026556477864588146
1500,109.08447215617988,96,1664,80,0,0,0,109.08447215617988,1536,0.04854755555555555,109.13301971173544,109.13301971173544,109.14526415617989,109.15570083711572,109.18170892088308,111.65006821115604,0.09723676470319731,2.5655960549761545,0.0,0.0,0.010436680935825393,0.02600808376736552
1501,109.11441814769192,160,1920,13,2,0,2,109.11441814769192,1728,0.06709333333333334,109.18151148102525,109.18151148102525,109.19517814769192,109.22106206185393,109.24719536263518,113.41685401194215,0.13277721494326045,4.302435864250228,0.0,0.0,0.025883914162008637,0.026133300781253865
1502,109.12038833646604,96,3200,82,5,0,5,109.12038833646604,3072,0.05315555555555555,109.17354389202158,109.17354389202158,109.19432166979936,109.21014594704732,109.23662220437154,111.7510036227511,0.11623386790550683,2.630615286285064,0.0,0.0,0.015824277247958207,0.026476257324219432
1503,109.13495749162519,64,1664,84,2,0,2,109.18151148102525,1536,0.04854755555555555,109.23005903658081,109.23005903658081,109.24230348102526,109.24719536263518,109.27326489388518,110.92314824581972,0.13830740225999705,1.788190754194531,0.04655398940006705,0.0,0.004891881609921711,0.026069531250001887
1504,109.14089641573152,64,2944,90,3,0,3,109.14089641573152,2752,0.07016533333333333,109.21106174906485,109.21106174906485,109.2304173046204,109.25127086312803,109.27746666390928,110.93836298552387,0.13657024817776175,1.7974665697923484,0.0,0.0,0.020853558507624825,0.026195800781252387
1505,109.31641239086188,160,2176,81,1,0,1,109.31641239086188,2048,0.050083555555555555,109.36649594641744,109.36649594641744,109.38158483530633,109.38871358706172,109.41526119448359,113.6174220746245,0.09884880362170634,4.301009683762615,0.0,0.0,0.007128751755388407,0.02654760742187534
1506,109.41273564009711,128,2496,150,0,0,0,109.41273564009711,2304,0.06882133333333333,109.48155697343044,109.48155697343044,109.49842364009712,109.51977446198396,109.5458022940152,112.83804076129469,0.13306665391809247,3.4253051211975816,0.0,0.0,0.02135082188684123,0.02602783203124659
1507,109.42516450258695,64,640,68,7,0,,109.42516450258695,256,0.11658666666666667,109.54175116925362,109.54175116925362,109.54830672480917,109.5498418244932,109.57571373204529,111.19217922683696,0.15054922945833482,1.7670147242500036,0.0,0.0,0.0015350996840339803,0.025871907552087237
1508,109.44299373244215,64,3200,82,5,0,5,109.44299373244215,3072,0.05315555555555555,109.4961492879977,109.4961492879977,109.51692706577548,109.52817291586709,109.55474664633584,111.22133516571985,0.1117529138936959,1.7783414332777028,0.0,0.0,0.011245850091611942,0.026573730468754775
1509,109.6115602072115,96,2752,26,2,0,2,109.6115602072115,2560,0.06958933333333334,109.68114954054484,109.68114954054484,109.69943842943373,109.71642993294769,109.74257043587738,112.23284106805009,0.13101022866588607,2.6212808608385956,0.0,0.0,0.016991503513963835,0.02614050292969239
1510,109.67332194469152,160,512,125,5,0,4,109.67332194469152,0,0.15175822222222224,109.82508016691375,109.82508016691375,109.8309246113582,109.84608056095638,109.87240563419857,114.07494421519901,0.1990836895070487,4.401622270507488,0.0,0.0,0.01515594959818145,0.02632507324219091
1511,109.7645209636016,64,4736,111,2,0,2,109.7645209636016,4480,0.0933191111111111,109.85784007471271,109.85784007471271,109.88715118582383,109.89932047656748,109.92567911914561,111.57811557747894,0.16115815554401536,1.813594613877342,0.0,0.0,0.012169290743656802,0.026358642578131253
1512,109.80793311331541,128,1600,97,0,0,0,109.80793311331541,1344,0.0839111111111111,109.89184422442652,109.89184422442652,109.90373311331541,109.91024321198395,109.9362501564284,113.22787845338775,0.12831704311298608,3.4199453400723314,0.0,0.0,0.006510098668542241,0.026006944444446844
1513,109.81609354382694,160,4608,143,5,0,5,109.82508016691375,4416,0.07515733333333334,109.90023750024709,109.90023750024709,109.92883750024708,109.95138378361263,109.97781336260569,114.18076908499069,0.1617198187787494,4.364675541163749,0.008986623086812529,0.0,0.022546283365542763,0.026429578993059977
1514,109.96394107766831,64,1664,84,2,0,2,109.96394107766831,1536,0.04854755555555555,110.01248863322387,110.01248863322387,110.02473307766832,110.03111857227061,110.05736993945811,111.70831516243987,0.09342886178980336,1.7443740847715645,0.0,0.0,0.006385494602298536,0.02625136718749843
1515,110.01344193853463,64,1664,80,0,0,0,110.01344193853463,1536,0.04854755555555555,110.06198949409018,110.06198949409018,110.07423393853463,110.09230207700132,110.11836646909117,111.75292980561626,0.10492453055654494,1.7394878670816354,0.0,0.0,0.01806813846668831,0.02606439208985023
1516,110.31293901676887,160,2176,89,2,0,2,110.31293901676887,2048,0.050083555555555555,110.36302257232443,110.36302257232443,110.37811146121331,110.39868214648936,110.42490773242686,114.59566290952651,0.11196871565799427,4.2827238927576445,0.0,0.0,0.020570685276055656,0.02622558593749602
1517,110.38651274937595,128,704,156,0,0,0,110.38651274937595,512,0.06344533333333334,110.44995808270929,110.44995808270929,110.4568691938204,110.45724799985288,110.4832383969883,113.77479474189252,0.09672564761234526,3.3882819925165677,0.0,0.0,0.0003788060324865228,0.025990397135416288
1518,110.66882421855576,96,4672,143,5,0,5,110.66882421855576,4480,0.07534933333333334,110.74417355188909,110.74417355188909,110.77312910744465,110.79585178472097,110.82245334722097,113.33899190400109,0.15362912866521583,2.6701676854453353,0.0,0.0,0.02272267727632027,0.026601562500005116
1519,110.76872717282023,64,2048,87,7,0,0,110.76872717282023,0,0.5830328888888889,111.35176006170913,111.35176006170913,111.36613783948691,111.36933596511821,111.39499099441508,113.02147691563906,0.6262638215948471,2.2527497428188212,0.0,0.0,0.003198125631300286,0.025655029296871135
1520,110.77426887648073,64,1536,145,2,0,2,110.77426887648073,1344,0.06594133333333334,110.84021020981406,110.84021020981406,110.85174354314739,110.87081740039561,110.89698257896704,112.54866079461259,0.12271370248630831,1.7743919181318546,0.0,0.0,0.019073857248216086,0.02616517857143208
1521,110.7902209780687,96,896,140,0,0,0,110.7902209780687,704,0.06402133333333333,110.85424231140203,110.85424231140203,110.86222008917981,110.87357486345964,110.89953830340104,113.35794599896066,0.1093173253323414,2.567725020891956,0.0,0.0,0.011354774279823232,0.02596343994140682
1522,110.83389987978829,128,3200,82,5,0,5,110.83389987978829,3072,0.05315555555555555,110.88705543534384,110.88705543534384,110.90783321312162,110.92886448003347,110.95546255481025,114.31219047170943,0.12156267502196272,3.4782905919211373,0.0,0.0,0.02103126691184798,0.026598074776785552
1523,111.01722970652885,64,3200,86,1,0,1,111.01722970652885,3072,0.05315555555555555,111.0703852620844,111.0703852620844,111.09116303986218,111.10302320620234,111.12936585756952,112.79738856874235,0.11213615104067287,1.7801588622134972,0.0,0.0,0.011860166340156297,0.026342651367187386
1524,111.0295769821309,160,2176,89,2,0,2,111.0295769821309,2048,0.050083555555555555,111.07966053768646,111.07966053768646,111.09474942657535,111.10669772498638,111.1328980598078,115.3024660159253,0.10332107767689536,4.272889033794399,0.0,0.0,0.011948298411027736,0.02620033482142503
1525,111.08383696901663,160,2176,85,5,0,5,111.08383696901663,2048,0.050083555555555555,111.13392052457219,111.13392052457219,111.14900941346107,111.16826473114953,111.19479970429407,115.38629540335005,0.1109627352774396,4.302458434333417,0.0,0.0,0.01925531768846156,0.026534973144535456
1526,111.11010225033198,160,2880,18,1,0,1,111.11010225033198,2688,0.06997333333333333,111.18007558366531,111.18007558366531,111.19907558366532,111.20839674135858,111.23475367495233,115.44957740361896,0.12465142462035317,4.339475153286983,0.0,0.0,0.009321157693264581,0.026356933593746135
1527,111.15303745612663,64,1472,109,6,0,6,111.15303745612663,1280,0.06574933333333334,111.21878678945995,111.21878678945995,111.22996456723773,111.24260892193655,111.26858951275686,112.88943037375948,0.11555205663023571,1.7363929176328554,0.0,0.0,0.012644354698821303,0.025980590820310567
1528,111.20424690668948,128,4480,51,1,0,1,111.20424690668948,4288,0.07477333333333333,111.27902024002282,111.27902024002282,111.30690912891171,111.31382740542108,111.34032439435337,114.70765670708188,0.13607748766389705,3.5034098003924043,0.0,0.0,0.0069182765093671605,0.02649698893229413
1529,111.23536659435626,160,768,124,0,1,7,111.23536659435626,256,0.15252622222222223,111.38789281657849,111.38789281657849,111.39515948324515,111.41851345337314,111.44423897827548,115.56782523338727,0.20887238391921414,4.332458639031003,0.0,0.0,0.023353970127985235,0.02572552490234159
1530,111.23631865511263,128,1536,105,0,0,0,111.38789281657849,1344,0.06594133333333334,111.45383414991181,111.45383414991181,111.46536748324515,111.46996499145908,111.49569410387227,114.78926978633864,0.25937544875964136,3.55295113122601,0.15157416146585945,0.0,0.0045975082139335655,0.025729112413188204
1531,111.27939994166395,128,2432,158,5,0,5,111.27939994166395,2240,0.06862933333333333,111.34802927499729,111.34802927499729,111.3645403861084,111.38041133759485,111.40687904127789,114.75728095022505,0.1274790996139359,3.4778810085610985,0.0,0.0,0.015870951486448348,0.02646770368303919
1532,111.31926243859188,64,1664,97,0,0,0,111.45383414991181,1472,0.06632533333333333,111.52015948324515,111.52015948324515,111.5324039276896,111.5471537935424,111.57289256307365,113.20187939239015,0.2536301244817736,1.8826169537982764,0.13457171131993562,0.0,0.014749865852806465,0.025738769531244543
1533,111.32899479583959,128,2176,81,1,0,1,111.32899479583959,2048,0.050083555555555555,111.37907835139515,111.37907835139515,111.39416724028403,111.41981829083775,111.44625488402971,114.81374479301938,0.11726008819012179,3.48474999717979,0.0,0.0,0.0256510505537193,0.0264365931919599
1534,111.33252693774159,64,1600,145,2,0,2,111.33252693774159,1408,0.06613333333333334,111.39866027107493,111.39866027107493,111.41054915996382,111.42113396940601,111.4472870455779,113.10108936350464,0.11476010783630386,1.7685624257630508,0.0,0.0,0.010584809442192977,0.02615307617188023
1535,111.34161578395103,160,1024,128,0,0,0,111.52015948324515,832,0.06440533333333334,111.58456481657849,111.58456481657849,111.59325370546738,111.59863182088615,111.62434977188047,115.75046553286643,0.28273398792944704,4.408849748915401,0.17854369929412428,0.0,0.005378115418778862,0.02571795099431995
1536,111.36398326197919,96,5248,83,1,0,1,111.37907835139515,5120,0.05929955555555556,111.4383779069507,111.4383779069507,111.47053346250627,111.47269196550293,111.49927015153808,114.01624300857337,0.13528688955889834,2.652259746594183,0.015095089415964935,0.0,0.0021585029966644242,0.026578186035152385
1537,111.41221316501134,160,2880,98,2,0,2,111.41221316501134,2688,0.06997333333333333,111.48218649834467,111.48218649834467,111.50118649834468,111.52574920378102,111.55193214648935,115.72100065923338,0.13971898147801198,4.308787494222045,0.0,0.0,0.024562705436338206,0.026182942708331325
1538,111.50404729603812,128,2304,114,4,0,4,111.50404729603812,2112,0.06824533333333334,111.57229262937146,111.57229262937146,111.58809262937146,111.58817748172848,111.61430248172847,114.9112087317285,0.11025518569034887,3.4071614356903694,0.0,0.0,8.485235701982674e-05,0.026124999999993292
1539,111.51946277551039,128,1664,80,0,0,0,111.58456481657849,1536,0.04854755555555555,111.63311237213405,111.63311237213405,111.6453568165785,111.65006821115604,111.67578287734922,114.97113135860425,0.15632010183882983,3.4516685830938627,0.06510204106810136,0.0,0.004711394577540773,0.0257146661931813
1540,111.62503179265613,64,4800,95,2,0,2,111.62503179265613,4416,0.12906666666666666,111.75409845932279,111.75409845932279,111.78376512598946,111.78652547214969,111.8127556357239,113.46954854319215,0.18772384306777212,1.844516750536016,0.0,0.0,0.0027603461602296875,0.02623016357421193
1541,111.75923699083705,96,960,104,6,0,6,111.75923699083705,768,0.06421333333333333,111.82345032417038,111.82345032417038,111.83178365750372,111.8394560085251,111.86505537375947,114.29203779563447,0.10581838292242196,2.532800804797418,0.0,0.0,0.007672351021383861,0.025599365234370453
1542,111.78985389457823,128,2944,110,2,0,2,111.78985389457823,2752,0.07016533333333333,111.86001922791156,111.86001922791156,111.87937478346711,111.89144905613406,111.91770399320004,115.25013963478692,0.1278500986218063,3.4602857402086897,0.0,0.0,0.012074272666950492,0.026254937065971262
1543,111.79731844176438,160,1216,157,7,0,7,111.79731844176438,1024,0.06498133333333334,111.86229977509771,111.86229977509771,111.87205533065327,111.8825293244932,111.90817043777446,116.03635557774845,0.11085199601008355,4.239037135984077,0.0,0.0,0.010473993839937634,0.02564111328125307
1544,111.85750688636617,128,1664,84,2,0,2,111.86001922791156,1536,0.04854755555555555,111.90856678346712,111.90856678346712,111.92081122791157,111.94395941854725,111.97017099081287,115.3024660159253,0.11266410444670782,3.4449591295591375,0.0025123415453975895,0.0,0.02314819063568052,0.026211572265623317
1545,111.93191182674026,64,2176,81,1,0,1,111.93191182674026,2048,0.050083555555555555,111.98199538229582,111.98199538229582,111.9970842711847,112.00426069108887,112.03077747575684,113.6970275433745,0.0988656490165738,1.7651157166342415,0.0,0.0,0.0071764199041695065,0.0265167846679617
1546,111.94877450654161,160,2176,81,1,0,1,111.98199538229582,2048,0.050083555555555555,112.03207893785138,112.03207893785138,112.04716782674026,112.05729474870606,112.08376192535536,116.30181605689278,0.13498741881375054,4.353041550351165,0.03322087575421051,0.0,0.010126921965792235,0.026467176649305202
1547,111.98773051707002,128,4864,95,2,0,2,111.98773051707002,4672,0.07592533333333334,112.06365585040335,112.06365585040335,112.09367807262558,112.10123617635975,112.12755617813532,115.4598018202577,0.13982566106530214,3.4720713031876755,0.0,0.0,0.007558103734169208,0.026320001775573587
1548,111.99066509923883,160,5184,87,0,0,0,111.99066509923883,4928,0.0946631111111111,112.08532821034994,112.08532821034994,112.11712821034995,112.13853966889751,112.16441635568728,116.29959395548546,0.17375125644845468,4.308928856246638,0.0,0.0,0.021411458547561324,0.025876686789771952
1549,112.16458309086175,128,768,136,0,0,0,112.16458309086175,576,0.06363733333333334,112.22822042419509,112.22822042419509,112.23548709086175,112.24204934574409,112.26788601566597,115.56782523338727,0.10330292480421122,3.4032421425255137,0.0,0.0,0.006562254882339857,0.025836669921872613
1550,112.17968631511852,64,2176,81,1,0,1,112.17968631511852,2048,0.050083555555555555,112.22976987067408,112.22976987067408,112.24485875956296,112.2690458337755,112.29547605838486,113.96281301034894,0.1157897432663475,1.7831266952304219,0.0,0.0,0.0241870742125343,0.02643022460937061
1551,112.26529067125603,96,2176,81,1,0,1,112.26529067125603,2048,0.050083555555555555,112.31537422681158,112.31537422681158,112.33046311570047,112.34833797244737,112.37473609922293,114.89319228922163,0.10944542796690371,2.6279016179656054,0.0,0.0,0.017874856746900036,0.02639812677556108
1552,112.41092384095784,64,1664,80,0,0,0,112.41092384095784,1536,0.04854755555555555,112.4594713965134,112.4594713965134,112.47171584095784,112.47459695316597,112.50043582035347,114.13992713497144,0.08951197939563826,1.7290032940136086,0.0,0.0,0.002881112208129366,0.0258388671875025
1553,112.43871138382876,64,5248,91,0,0,0,112.4594713965134,5120,0.05929955555555556,112.51877095206895,112.51877095206895,112.55092650762451,112.55211501957223,112.57807836360125,114.21819312618238,0.13936697977248969,1.7794817423536244,0.02076001268463301,0.0,0.0011885119477170747,0.025963344029023006
1554,112.47494573786088,96,3136,6,0,0,0,112.51877095206895,2944,0.07074133333333334,112.58951228540228,112.58951228540228,112.6099345076245,112.63000651650303,112.65600908811761,115.12710320105218,0.1810633502567356,2.652157463191301,0.04382521420806995,0.0,0.02007200887852889,0.026002571614583303
1555,112.4927076198308,64,2176,89,2,0,2,112.4927076198308,2048,0.050083555555555555,112.54279117538636,112.54279117538636,112.55788006427524,112.57504230502926,112.60139235385738,114.25532586923525,0.10868473402658196,1.7626182494044542,0.0,0.0,0.0171622407540184,0.026350048828120975
1556,112.49805621973685,128,1664,84,2,0,2,112.54279117538636,1536,0.04854755555555555,112.59133873094191,112.59133873094191,112.60358317538636,112.62774289096676,112.6540449595037,115.98189909673339,0.15598873976684047,3.4838428769965333,0.044734955649502695,0.0,0.02415971558039587,0.026302068536935508
1557,112.56950280005586,64,4480,159,7,0,7,112.56950280005586,4288,0.07477333333333333,112.6442761333892,112.6442761333892,112.6721650222781,112.67987991043071,112.70615367345155,114.3687310660297,0.13665087339569482,1.799228265973838,0.0,0.0,0.007714888152619892,0.02627376302083917
1558,112.60478640191016,160,2944,18,1,0,1,112.60478640191016,2752,0.07016533333333333,112.6749517352435,112.6749517352435,112.69430729079905,112.7181497622201,112.74458282329964,116.97434755103339,0.13979642138947668,4.3695611491232285,0.0,0.0,0.023842471421048117,0.026433061079544018
1559,112.64040740459393,128,2176,81,1,0,1,112.6749517352435,2048,0.050083555555555555,112.72503529079906,112.72503529079906,112.74012417968794,112.74458282329964,112.77098545188036,116.14080873267403,0.13057804728643418,3.500401328080102,0.034544330649566746,0.0,0.004458643611698676,0.026402628580726173
1560,112.88926960815678,160,1664,80,0,0,0,112.88926960815678,1536,0.04854755555555555,112.93781716371234,112.93781716371234,112.95006160815679,112.96800965885221,112.99399323167587,117.1303321489611,0.10472362351909226,4.241062540804322,0.0,0.0,0.01794805069542349,0.02598357282366237
1561,112.9290561504623,96,1664,84,2,0,2,112.9290561504623,1536,0.04854755555555555,112.97760370601786,112.97760370601786,112.98984815046231,112.99601628407756,113.02228382151245,115.51200836322644,0.09322767105014407,2.582952212764141,0.0,0.0,0.006168133615247484,0.026267537434890187
1562,113.04172654968595,64,5248,83,1,0,1,113.04172654968595,5120,0.05929955555555556,113.1010261052415,113.1010261052415,113.13318166079706,113.14044880489293,113.16693895788772,114.84031228433882,0.12521240820177582,1.7985857346528746,0.0,0.0,0.007267144095862932,0.02649015299479629
1563,113.16063895776527,160,256,80,3,0,0,113.16063895776527,0,0.07987911111111111,113.24051806887638,113.24051806887638,113.2449402910986,113.2449402910986,113.2700652910986,117.36666501208073,0.10942633333333163,4.206026054315458,0.0,0.0,0.0,0.02512500000000273
1564,113.16804231764412,128,3200,86,1,0,1,113.16804231764412,3072,0.05315555555555555,113.22119787319967,113.22119787319967,113.24197565097745,113.2464123465596,113.27290986759324,116.65188783423652,0.10486754994911962,3.483845516592396,0.0,0.0,0.004436695582143102,0.02649752103364733
1565,113.23480033705331,128,1728,129,5,0,5,113.23480033705331,1536,0.06651733333333333,113.30131767038665,113.30131767038665,113.31391767038666,113.33899190400109,113.36522587210005,116.69388946026969,0.13042553504674004,3.4590891232163727,0.0,0.0,0.025074233614432728,0.026233968098964056
1566,113.28702005939876,160,3200,82,5,0,5,113.30131767038665,3072,0.05315555555555555,113.3544732259422,113.3544732259422,113.37525100371998,113.39146032848026,113.41774206676152,117.57588643525109,0.1307220073627633,4.288866375852336,0.014297610987895837,0.0,0.016209324760282584,0.026281738281255684
1567,113.48661361701697,160,2432,134,2,0,2,113.48661361701697,2240,0.06862933333333333,113.5552429503503,113.5552429503503,113.57175406146142,113.57448701975466,113.60071802561403,117.75670330757788,0.11410440859705773,4.2700896905609085,0.0,0.0,0.0027329582932367202,0.026231005859372658
1568,113.52016156749441,64,1664,84,2,0,2,113.5552429503503,1536,0.04854755555555555,113.60379050590586,113.60379050590586,113.61603495035031,113.62694951975466,113.6531433674109,115.3024660159253,0.13298179991649306,1.7823044484308923,0.035081382855892684,0.0,0.010914569404349095,0.026193847656244884
1569,113.52648976545802,64,1664,80,0,0,0,113.52648976545802,1536,0.04854755555555555,113.57503732101358,113.57503732101358,113.58728176545803,113.59253246913111,113.61857881515976,115.25671732323102,0.09208904970174103,1.7302275577729915,0.0,0.0,0.005250703673084445,0.02604634602865019
1570,113.5873051507098,64,256,92,4,0,1,113.5873051507098,0,0.07987911111111111,113.6671842618209,113.6671842618209,113.67160648404312,113.67972045047848,113.70536498172848,115.3136423254785,0.11805983101868378,1.7263371747687017,0.0,0.0,0.008113966435359998,0.025644531249994884
1571,113.6084705990101,128,1664,80,0,0,0,113.6084705990101,1536,0.04854755555555555,113.65701815456566,113.65701815456566,113.66926259901011,113.6706729720608,113.69670268209686,116.99988320147845,0.08823208308675135,3.3914126024683497,0.0,0.0,0.0014103730506889178,0.02602971003605603
1572,113.84696790811064,160,5248,83,1,0,1,113.84696790811064,5120,0.05929955555555556,113.9062674636662,113.9062674636662,113.93842301922176,113.96281301034894,113.98952776532053,118.24036879336393,0.14255985720988917,4.3934008852532855,0.0,0.0,0.024389991127179655,0.026714754971592924
1573,113.93073108802514,64,1664,84,2,0,2,113.93073108802514,1536,0.04854755555555555,113.9792786435807,113.9792786435807,113.99152308802515,113.9937078205359,114.01987615549685,115.66873866921603,0.08914506747170492,1.7380075811908853,0.0,0.0,0.0021847325107557936,0.02616833496094273
1574,113.97374224347583,128,1664,80,0,0,0,113.97374224347583,1536,0.04854755555555555,114.02228979903138,114.02228979903138,114.03453424347583,114.03565452379355,114.06172194416615,117.36539672415641,0.08797970069032601,3.391654480680586,0.0,0.0,0.0011202803177212672,0.02606742037259835
1575,114.08850669895656,160,1664,84,2,0,2,114.08850669895656,1536,0.04854755555555555,114.13705425451212,114.13705425451212,114.14929869895657,114.15072515452027,114.17686882188806,118.32834580761664,0.0883621229314997,4.239839108660078,0.0,0.0,0.0014264555637026888,0.026143667367790613
1576,114.10540308922467,64,2176,81,1,0,1,114.10540308922467,2048,0.050083555555555555,114.15548664478023,114.15548664478023,114.17057553366911,114.17600853591712,114.20258630580348,115.87379224736897,0.0971832165788129,1.768389158144302,0.0,0.0,0.005433002248011576,0.026577769886358737
1577,114.1160074347502,160,3008,110,2,0,2,114.13705425451212,2816,0.07035733333333334,114.20741158784546,114.20741158784546,114.22712269895656,114.2291576214674,114.25532586923525,118.40596000439399,0.13931843448504821,4.289952569643788,0.021046819761920688,0.0,0.0020349225108304836,0.0261682477678562
1578,114.16641811469697,128,3072,110,2,0,2,114.20741158784546,2880,0.07054933333333334,114.27796092117879,114.27796092117879,114.29802758784545,114.30767536592997,114.33387402664425,117.65251743518205,0.16745591194728604,3.4860993204850814,0.040993473148489556,0.0,0.009647778084513448,0.026198660714285893
1579,114.205125551199,96,2048,85,3,0,5,114.205125551199,0,0.5830328888888889,114.7881584400879,114.7881584400879,114.80253621786568,114.80361363094235,114.8291912676611,117.31366550036198,0.6240657164620984,3.1085399491629744,0.0,0.0,0.0010774130766719736,0.025577636718750796
1580,114.22640274492345,128,2176,89,2,0,2,114.27796092117879,2048,0.050083555555555555,114.32804447673435,114.32804447673435,114.34313336562323,114.36007317563978,114.38626367043145,117.7046214390883,0.15986092550799924,3.478218694164852,0.05155817625534098,0.0,0.016939810016552315,0.026190494791663355
1581,114.32092679953159,96,2176,85,5,0,5,114.32092679953159,2048,0.050083555555555555,114.37101035508715,114.37101035508715,114.38609924397603,114.3907947197563,114.4169691338188,116.90251550193636,0.09604233428720477,2.5815887024047726,0.0,0.0,0.004695475780266634,0.026174414062495543
1582,114.3584772576808,128,1664,84,2,0,2,114.3584772576808,1536,0.04854755555555555,114.40702481323636,114.40702481323636,114.41926925768081,114.43864612485854,114.46481436826674,117.78270018257788,0.10633711058594031,3.42422292489708,0.0,0.0,0.019376867177726353,0.02616824340820756
1583,114.70575658381674,64,2048,93,6,0,0,114.70575658381674,0,0.5830328888888889,115.28878947270563,115.28878947270563,115.30316725048341,115.30316725048341,115.32916725048341,116.96790186962404,0.6234106666666719,2.262145285807307,0.0,0.0,0.0,0.02599999999999625
1584,114.99288779429034,64,3200,82,5,0,5,114.99288779429034,3072,0.05315555555555555,115.04604334984589,115.04604334984589,115.06682112762367,115.07128192678755,115.09753036428755,116.74617770896761,0.10464256999721044,1.7532899146772678,0.0,0.0,0.004460799163879869,0.026248437500001387
1585,115.15337633934742,128,1664,80,0,0,0,115.15337633934742,1536,0.04854755555555555,115.20192389490298,115.20192389490298,115.21416833934742,115.23080364050531,115.25671732323102,118.57259515816868,0.10334098388359791,3.419218818821264,0.0,0.0,0.01663530115789058,0.025913682725700937
1586,115.23848066152974,128,960,144,3,0,3,115.23848066152974,768,0.06421333333333333,115.30269399486306,115.30269399486306,115.3110273281964,115.31525913875485,115.34080699031735,118.6967175430052,0.10232632878761194,3.4582368814754716,0.0,0.0,0.004231810558451343,0.02554785156249295
1587,115.26959951750408,64,3200,86,1,0,1,115.26959951750408,3072,0.05315555555555555,115.32275507305962,115.32275507305962,115.3435328508374,115.34355591924395,115.37006055791583,117.05504701392401,0.10046104041175852,1.785447496419934,0.0,0.0,2.306840654853204e-05,0.026504638671880798
1588,115.41336565120235,64,4544,99,3,0,3,115.41336565120235,4352,0.07496533333333334,115.4883309845357,115.4883309845357,115.51657542898013,115.51965562312985,115.54562412898923,117.20797409411198,0.13225847778687694,1.7946084429096203,0.0,0.0,0.0030801941497173857,0.025968505859381708
1589,115.44586799803919,128,1344,61,5,0,5,115.44586799803919,1152,0.06536533333333333,115.51123333137252,115.51123333137252,115.5216999980392,115.54399901663129,115.57015878225629,118.87707173798549,0.12429078421709505,3.431203739946298,0.0,0.0,0.02229901859209349,0.026159765624996112
1590,115.48941352050569,160,2048,13,4,0,2,115.48941352050569,0,0.5830328888888889,116.07244640939459,116.07244640939459,116.08682418717237,116.08682418717237,116.11282418717236,120.22580953873485,0.6234106666666719,4.736396018229158,0.0,0.0,0.0,0.02599999999999625
1591,115.54743183692842,128,1664,84,2,0,2,115.54743183692842,1536,0.04854755555555555,115.59597939248398,115.59597939248398,115.60822383692843,115.61653603249728,115.64263710671602,118.95040444108794,0.09520526978759847,3.4029726041595154,0.0,0.0,0.008312195568848324,0.026101074218743747
1592,115.60772342693895,64,4608,99,3,0,3,115.60772342693895,4416,0.07515733333333334,115.68288076027228,115.68288076027228,115.71148076027228,115.72741734187986,115.75364527156735,117.4203151585651,0.14592184462840407,1.8125917316261564,0.0,0.0,0.015936581607576272,0.026227929687493656
1593,115.81952578418498,128,5248,83,1,0,1,115.81952578418498,5120,0.05929955555555556,115.87882533974053,115.87882533974053,115.91098089529609,115.92696916794189,115.95369740454903,119.36407797440776,0.13417162036405728,3.544552190222788,0.0,0.0,0.015988272645799384,0.026728236607141298
1594,116.00217960185802,64,1600,137,5,0,5,116.00217960185802,1408,0.06613333333333334,116.06831293519136,116.06831293519136,116.08020182408025,116.09345663381879,116.11956185842817,117.75792004527715,0.11738225657015278,1.7557404434191284,0.0,0.0,0.013254809738540985,0.02610522460938114
1595,116.02531122693455,96,4544,147,3,0,3,116.02531122693455,4352,0.07496533333333334,116.10027656026789,116.10027656026789,116.12852100471233,116.14712281062985,116.17352238745276,118.6967175430052,0.14821116051821548,2.6714063160706587,0.0,0.0,0.018601805917526804,0.02639957682291083
1596,116.02595187135529,96,1664,80,0,0,0,116.02595187135529,1536,0.04854755555555555,116.07449942691085,116.07449942691085,116.0867438713553,116.09105791567893,116.11719569237164,118.59913773629368,0.09124382101634865,2.573185864938395,0.0,0.0,0.004314044323635358,0.026137776692706893
1597,116.03932894129679,160,4608,147,3,0,3,116.10027656026789,4416,0.07515733333333334,116.17543389360122,116.17543389360122,116.20403389360122,116.22632300594235,116.25284532737092,120.48631578519272,0.21351638607413292,4.446986843895928,0.060947618971098905,0.0,0.022289112341127293,0.02652232142857258
1598,116.07271514289228,160,1664,84,2,0,2,116.07271514289228,1536,0.04854755555555555,116.12126269844784,116.12126269844784,116.13350714289228,116.13864805041642,116.16473533068987,120.30067085276329,0.09202018779758703,4.227955709871011,0.0,0.0,0.005140907524136651,0.02608728027344398
1599,116.10681629161823,64,256,131,0,0,1,116.10681629161823,0,0.07987911111111111,116.18669540272934,116.18669540272934,116.19111762495156,116.19561195213726,116.22160672055243,117.86183591570217,0.11479042893419944,1.7550196240839426,0.0,0.0,0.004494327185696534,0.025994768415174008
1600,116.13258767684725,64,2304,118,7,1,3,116.13258767684725,256,0.5838008888888889,116.71638856573614,116.71638856573614,116.73218856573614,116.73218856573614,116.75831356573613,118.39253353643926,0.6257258888888799,2.2599458595920083,0.0,0.0,0.0,0.026124999999993292
1601,116.16451453876346,128,2176,85,5,0,5,116.16451453876346,2048,0.050083555555555555,116.21459809431902,116.21459809431902,116.2296869832079,116.25009530569379,116.27619693794826,119.57745468534412,0.11168239918480083,3.4129401465806666,0.0,0.0,0.020408322485891972,0.026101632254466267
1602,116.22987843356982,128,1664,80,0,0,0,116.22987843356982,1536,0.04854755555555555,116.27842598912538,116.27842598912538,116.29067043356983,116.29959395548546,116.32533398059707,119.66512159859836,0.09545554702724246,3.435243165028538,0.0,0.0,0.008923521915633614,0.02574002511160245
1603,116.24470430715772,64,512,108,0,0,4,116.27842598912538,0,0.15175822222222224,116.43018421134761,116.43018421134761,116.43602865579206,116.45404143037385,116.47972276582307,118.12445624215306,0.2350184586653512,1.8797519349953404,0.033721681967662676,0.0,0.01801277458179129,0.02568133544922091
1604,116.26260540262393,64,5248,91,0,0,0,116.43018421134761,5120,0.05929955555555556,116.48948376690316,116.48948376690316,116.52163932245873,116.53108690156526,116.55697855738123,118.20374359566868,0.2943731547572952,1.9411381930447504,0.16757880872367537,0.0,0.009447579106534931,0.025891655815968306
1605,116.45820682373706,64,1408,92,1,0,1,116.45820682373706,1152,0.08333511111111111,116.54154193484817,116.54154193484817,116.55236415707039,116.57159193579902,116.59835674699694,118.29403822695768,0.14014992325988374,1.8358314032206238,0.0,0.0,0.019227778728634348,0.02676481119792129
1606,116.4801635819037,128,5248,91,0,0,0,116.48948376690316,5120,0.05929955555555556,116.54878332245872,116.54878332245872,116.58093887801428,116.58287070147846,116.60893032061908,119.95829558948378,0.12876673871538458,3.4781320075800863,0.009320184999467074,0.0,0.0019318234641758636,0.026059619140625045
1607,116.56844627994072,96,2048,112,7,0,6,116.71638856573614,0,0.5830328888888889,117.29942145462503,117.29942145462503,117.31379923240281,117.33318710089239,117.35925521612677,119.81382552862675,0.7908089361860533,3.245379248686035,0.14794228579542335,0.0,0.019387868489573634,0.026068115234380684
1608,116.68131944097462,64,5248,83,1,0,1,116.68131944097462,5120,0.05929955555555556,116.74061899653017,116.74061899653017,116.77277455208574,116.78586537329902,116.81278993384589,118.50927886823372,0.13147049287127288,1.8279594272591027,0.0,0.0,0.013090821213282311,0.026924560546873977
1609,116.71511103510757,96,960,108,4,0,4,116.71511103510757,640,0.09976888888888888,116.81487992399646,116.81487992399646,116.8232132573298,116.84102242935987,116.86676388443799,119.31442867935986,0.1516528493304179,2.599317644252295,0.0,0.0,0.01780917203006993,0.025741455078119202
1610,116.74170117028093,160,512,132,5,0,,116.74170117028093,0,0.15175822222222224,116.89345939250316,116.89345939250316,116.89930383694761,116.90251550193636,116.92840163474887,121.05132907382998,0.18670046446793265,4.309627903549043,0.0,0.0,0.003211664988754137,0.025886132812502183
1611,116.82821202027104,128,1088,112,6,0,6,116.82821202027104,832,0.08237511111111111,116.91058713138214,116.91058713138214,116.91963157582659,116.94212086376467,116.96790186962404,120.24671241649902,0.13968984935300455,3.4185003962279836,0.0,0.0,0.022489287938086022,0.02578100585937193
1612,116.8681474392229,64,2752,94,1,0,1,116.8681474392229,2560,0.06958933333333334,116.93773677255624,116.93773677255624,116.95602566144512,116.97434755103339,117.00124688371568,118.69669737951844,0.13309944449278532,1.8285499402955452,0.0,0.0,0.01832188958826464,0.026899332682290833
1613,116.99338414752667,128,1664,137,5,0,5,116.99338414752667,1472,0.06632533333333333,117.05970948086001,117.05970948086001,117.07195392530446,117.08372868553012,117.10960539451449,120.40604612182105,0.11622124698781988,3.4126619742943802,0.0,0.0,0.011774760225662817,0.02587670898437011
1614,117.08842035286091,64,512,84,7,0,2,117.29942145462503,0,0.15175822222222224,117.45117967684726,117.45117967684726,117.45702412129171,117.46353255987677,117.48932959763718,119.11074447393926,0.40090924477627254,2.0223241210783556,0.21100110176412556,0.0,0.006508438585058229,0.025797037760412422
1615,117.10749433055491,64,5248,83,1,0,1,117.10749433055491,5120,0.05929955555555556,117.16679388611047,117.16679388611047,117.19894944166603,117.21682758033026,117.24389227759589,118.93757628576844,0.13639794704097596,1.8300819552135295,0.0,0.0,0.017878138664229937,0.027064697265629434
1616,117.19041388954889,160,2176,81,1,0,1,117.19041388954889,2048,0.050083555555555555,117.24049744510445,117.24049744510445,117.25558633399334,117.27095746314276,117.29787982642401,121.53173296641826,0.10746593687511563,4.341319076869368,0.0,0.0,0.015371129149428953,0.02692236328124409
1617,117.34941560317777,96,2048,88,6,0,0,117.34941560317777,0,0.5830328888888889,117.93244849206667,117.93244849206667,117.94682626984445,117.96400147899904,117.98977686962404,120.45482081493653,0.6403612664462628,3.1054052117587503,0.0,0.0,0.017175209154586923,0.025775390625000227
1618,117.37859474427246,128,2368,118,2,1,7,117.37859474427246,256,0.6017706666666667,117.98036541093913,117.98036541093913,117.99652096649469,118.01696934761695,118.0430264765232,121.34410254861058,0.6644317322507334,3.9655078043381167,0.0,0.0,0.020448381122264436,0.026057128906245453
1619,117.3988236098604,128,4800,107,5,0,5,117.3988236098604,4608,0.07573333333333333,117.47455694319373,117.47455694319373,117.5042236098604,117.52369914451448,117.54979254574216,120.84618200351748,0.15096893588176385,3.4473583936570833,0.0,0.0,0.019475534654077364,0.026093401227683444
1620,117.41180580191194,64,1664,80,0,0,0,117.41180580191194,1536,0.04854755555555555,117.4603533574675,117.4603533574675,117.47259780191195,117.49618076433498,117.52229581560451,119.18439493844213,0.11049001369256928,1.7725891365301862,0.0,0.0,0.023582962423034814,0.026115051269528067
1621,117.42902768191863,128,4480,123,1,0,1,117.42902768191863,4288,0.07477333333333333,117.50380101525197,117.50380101525197,117.53168990414086,117.54020306861152,117.56716284644355,120.95328533458233,0.13813516452492536,3.5242576526637066,0.0,0.0,0.00851316447065642,0.026959777832033183
1622,117.50034711999643,128,1280,49,2,0,2,117.98036541093913,1088,0.06517333333333333,118.04553874427246,118.04553874427246,118.05564985538358,118.0690840937107,118.09507001493466,121.39618433571995,0.5947228949382293,3.8958372157235175,0.4800182909426951,0.0,0.013434238327121761,0.02598592122396326
1623,117.59878710524637,128,1600,141,3,0,3,117.59878710524637,1408,0.06613333333333334,117.66492043857971,117.66492043857971,117.6768093274686,117.68707704007552,117.71353150784896,121.09538154040105,0.11474440260258234,3.4965944351546767,0.0,0.0,0.010267712606918167,0.02645446777343352
1624,117.73335039030643,160,5248,83,1,0,1,117.73335039030643,5120,0.05929955555555556,117.79264994586198,117.79264994586198,117.82480550141754,117.83678748023262,117.86381900149998,122.08193175792216,0.13046861119354958,4.348581367615736,0.0,0.0,0.011981978815072125,0.02703152126736086
1625,117.75639349109251,128,2560,106,6,0,6,117.93244849206667,2368,0.06901333333333334,118.0014618254,118.0014618254,118.01868404762222,118.04132911571779,118.06726368603029,121.36478321728029,0.31087019493777746,3.608389726187781,0.17605500097415927,0.0,0.022645068095570764,0.025934570312500682
1626,117.7741052029804,96,256,107,1,0,5,117.79264994586198,0,0.07987911111111111,117.8725290569731,117.8725290569731,117.87695127919531,117.89085101104858,117.91769275909546,120.45161667410055,0.14358755611506524,2.6775114711201553,0.018544742881587695,0.0,0.013899731853271646,0.026841748046877
1627,117.81137861342704,64,4672,99,3,0,3,117.81137861342704,4480,0.07534933333333334,117.88672794676037,117.88672794676037,117.91568350231593,117.92518482816145,117.9518081680052,119.6325306289427,0.1404295545781622,1.8211520155156649,0.0,0.0,0.00950132584551966,0.026623339843752092
1628,117.8226482055729,128,5120,11,1,0,1,117.8725290569731,4928,0.07669333333333334,117.94922239030643,117.94922239030643,117.98066683475088,117.99822093292359,118.0251242976253,121.4006694288206,0.20247609205239314,3.5780212232477027,0.049880851400189385,0.0,0.017554098172709587,0.02690336470170962
1629,117.994517907395,96,1472,96,2,0,2,118.04553874427246,1280,0.06574933333333334,118.11128807760579,118.11128807760579,118.12246585538357,118.14704332222632,118.17299233171293,120.63846376047813,0.17847442431794036,2.643945853083139,0.05102083687746983,0.0,0.02457746684275719,0.025949009486609498
1630,117.99872944148456,128,896,40,2,0,2,118.11128807760579,704,0.06402133333333333,118.17530941093912,118.17530941093912,118.1832871887169,118.19894182948079,118.22482775477376,121.52665029554137,0.22609831328919938,3.5279208540568163,0.11255863612123562,0.0,0.01565464076388423,0.02588592529296818
1631,118.05300716401769,128,1536,96,2,0,2,118.17530941093912,1344,0.06594133333333334,118.24125074427245,118.24125074427245,118.25278407760578,118.27660107020344,118.30247319476942,121.60523305921325,0.24946603075173357,3.552225895195562,0.12230224692143565,0.0,0.023816992597659237,0.025872124565978538
1632,118.23276376266647,128,2688,138,3,0,3,118.23276376266647,2496,0.06939733333333334,118.3021610959998,118.3021610959998,118.32009442933312,118.32458619534896,118.35116383206771,121.7424669896198,0.11840006940124681,3.5097032269533344,0.0,0.0,0.0044917660158318995,0.02657763671875557
1633,118.23599009138101,96,5248,91,0,0,0,118.23599009138101,5120,0.05929955555555556,118.29528964693657,118.29528964693657,118.32744520249213,118.33473529488744,118.36116221546035,120.88472576526503,0.12517212407934153,2.648735673884019,0.0,0.0,0.007290092395308534,0.0264269205729164
1634,118.30536683205565,128,2176,81,1,0,1,118.30536683205565,2048,0.050083555555555555,118.35545038761121,118.35545038761121,118.3705392765001,118.37491827253059,118.40178941510872,121.76749352550029,0.09642258305306939,3.462126693444631,0.0,0.0,0.004378996030496296,0.026871142578130502
1635,118.41721048886208,128,4928,95,2,0,2,118.41721048886208,4736,0.07611733333333334,118.49332782219541,118.49332782219541,118.52370559997318,118.53484497928238,118.56082691287614,121.86797280530699,0.1436164240140556,3.4507623164449086,0.0,0.0,0.011139379309199171,0.025981933593755002
1636,118.5470668106,96,1664,101,2,0,2,118.5470668106,1408,0.0841031111111111,118.6311699217111,118.6311699217111,118.64341436615555,118.66475953006363,118.6907248078414,121.16099193934409,0.14365799724140516,2.6139251287440857,0.0,0.0,0.021345163908080167,0.02596527777777169
1637,118.55547896946867,128,2176,81,1,0,1,118.55547896946867,2048,0.050083555555555555,118.60556252502423,118.60556252502423,118.62065141391311,118.64325157873719,118.6699742349872,122.02933593272685,0.11449526551852784,3.4738569632581857,0.0,0.0,0.02260016482408389,0.026722656250001364
1638,118.57386765737135,128,256,9,5,0,1,118.57386765737135,0,0.07987911111111111,118.65374676848246,118.65374676848246,118.65816899070468,118.66980676402716,118.69571317678758,121.97743782220236,0.12184551941622601,3.4035701648310095,0.0,0.0,0.011637773322476619,0.025906412760420494
1639,118.66980530163033,96,1664,80,0,0,0,118.66980530163033,1536,0.04854755555555555,118.71835285718589,118.71835285718589,118.73059730163034,118.73271256539525,118.7592482099265,121.28067266467909,0.08944290829616364,2.6108673630487544,0.0,0.0,0.002115263764906672,0.02653564453125057
1640,118.71971201410516,160,2048,102,4,0,6,118.71971201410516,0,0.5830328888888889,119.30274490299405,119.30274490299405,119.31712268077183,119.34048971451611,119.36652047623485,123.49574915462027,0.6468084621296981,4.776037140515115,0.0,0.0,0.023367033744278842,0.026030761718743634
1641,118.73667679779761,160,4096,81,7,0,1,118.73667679779761,0,1.1580657777777779,119.89474257557539,119.89474257557539,119.92049813113096,119.92049813113096,119.94749813113096,124.21178637982887,1.2108213333333424,5.475109582031251,0.0,0.0,0.0,0.027000000000001023
1642,118.98870764870226,128,5248,87,0,0,0,118.98870764870226,5056,0.07707733333333333,119.0657849820356,119.0657849820356,119.09794053759116,119.1042560224265,119.13096850615045,122.49441802988247,0.14226085744819272,3.505710381180208,0.0,0.0,0.006315484835340612,0.02671248372395496
1643,119.04732634049275,96,4544,43,3,0,3,119.04732634049275,4352,0.07496533333333334,119.12229167382608,119.12229167382608,119.15053611827052,119.17698707425521,119.20377984769272,121.7424669896198,0.15645350719996998,2.6951406491270546,0.0,0.0,0.02645095598468572,0.026792773437506412
1644,119.12997046674826,128,1344,69,2,0,2,119.12997046674826,1024,0.10092088888888888,119.23089135563716,119.23089135563716,119.24135802230383,119.26222792741606,119.28817947906536,122.59753105726013,0.15820901231710138,3.467560590511866,0.0,0.0,0.020869905112235188,0.02595155164929963
1645,119.16801418195844,128,2368,42,1,0,1,119.16801418195844,2112,0.0862151111111111,119.25422929306956,119.25422929306956,119.27038484862511,119.2842384561786,119.31085114064041,122.65859565945033,0.14283695868196844,3.4905814774918866,0.0,0.0,0.013853607553485858,0.026612684461809977
1646,119.19434820552299,64,1280,100,5,0,5,119.19434820552299,1088,0.06517333333333333,119.25952153885632,119.25952153885632,119.26963264996743,119.29230845673548,119.31820966116257,120.94875622226748,0.1238614556395845,1.7544080167444918,0.0,0.0,0.022675806768049256,0.0259012044270861
1647,119.20066070096203,96,2176,85,5,0,5,119.25952153885632,2048,0.050083555555555555,119.30960509441188,119.30960509441188,119.32469398330076,119.3441113538709,119.37003643757626,121.8235728807961,0.1693757366142279,2.622912179834074,0.05886083789428653,0.0,0.019417370570138814,0.025925083705359953
1648,119.29221753350478,128,960,140,0,0,0,119.29221753350478,768,0.06421333333333333,119.35643086683811,119.35643086683811,119.36476420017145,119.37262111031713,119.39927540719212,122.75735748300747,0.10705787368733866,3.465139949502685,0.0,0.0,0.007856910145676466,0.026654296874994543
1649,119.34169288693796,160,5248,83,1,0,1,119.34169288693796,5120,0.05929955555555556,119.40099244249352,119.40099244249352,119.43314799804908,119.44354281815777,119.47015132510221,123.65577127532411,0.12845843816424463,4.31407838838615,0.0,0.0,0.010394820108686531,0.0266085069444415
1650,119.40985587281688,64,2688,102,6,0,6,119.40985587281688,2432,0.0871751111111111,119.49703098392798,119.49703098392798,119.51496431726132,119.52037892040529,119.5464288471631,121.18333692821778,0.1365729743462225,1.7734810554009073,0.0,0.0,0.0054146031439756825,0.02604992675780693
1651,119.42198568919582,128,1664,80,0,0,0,119.42198568919582,1536,0.04854755555555555,119.47053324475138,119.47053324475138,119.48277768919583,119.50589747750462,119.53243361031711,122.88939222073068,0.11044792112129187,3.467406531534863,0.0,0.0,0.023119788308790135,0.02653613281249534
1652,119.44954319753265,96,2816,94,1,0,1,119.44954319753265,2624,0.06978133333333333,119.51932453086599,119.51932453086599,119.53796897531043,119.54997977562304,119.57656668968555,122.08193175792216,0.12702349215290099,2.632388560389515,0.0,0.0,0.012010800312609149,0.026586914062505684
1653,119.46255607695842,160,4480,63,2,1,6,119.46255607695842,256,1.1947733333333332,120.65732941029175,120.65732941029175,120.68521829918065,120.69050261371474,120.7166686903749,124.87344360201928,1.2541126134164813,5.410887525060858,0.0,0.0,0.005284314534094392,0.026166076660160797
1654,119.48533901394846,96,2176,81,1,0,1,119.51932453086599,2048,0.050083555555555555,119.56940808642155,119.56940808642155,119.58449697531043,119.6031540920293,119.6296942198702,122.13433584553377,0.144355205921741,2.6489968315853076,0.03398551691752516,0.0,0.01865711671887027,0.026540127840902983
1655,119.55320635472957,96,768,120,6,0,6,119.55320635472957,576,0.06363733333333334,119.6168436880629,119.6168436880629,119.62411035472957,119.62458155712403,119.65049806103028,122.11210727326986,0.09729170630070882,2.5589009185402887,0.0,0.0,0.00047120239446485357,0.025916503906245225
1656,119.58866419301206,96,1600,96,5,1,2,119.58866419301206,256,0.3861333333333334,119.9747975263454,119.9747975263454,119.98668641523429,119.99186353951079,120.01775060703311,122.46733414381694,0.4290864140210431,2.878669950804877,0.0,0.0,0.005177124276499967,0.025887067522319285
1657,119.63278999179325,128,4800,111,0,1,2,119.63278999179325,256,1.284622222222222,120.91741221401547,120.91741221401547,120.94707888068214,120.96331353381971,120.98973980335097,124.34061090969553,1.356949811557726,4.707820917902282,0.0,0.0,0.01623465313757322,0.026426269531256708
1658,119.70234292183862,96,1664,88,0,0,0,120.91741221401547,1472,0.06632533333333333,120.98373754734881,120.98373754734881,120.99598199179326,121.01616656116347,121.04249134957493,123.55020327332555,1.3401484277363096,3.847860351486929,1.2150692921768496,0.0,0.0201845693702154,0.02632478841145769
1659,119.77948355774251,96,1664,80,1,1,0,119.77948355774251,256,0.40410311111111114,120.18358666885362,120.18358666885362,120.19583111329807,120.21370056752646,120.24019035431031,122.73721303475081,0.46070679656780555,2.9577294770083,0.0,0.0,0.01786945422838926,0.026489786783855607
1660,119.88154011885615,160,1664,84,4,1,2,119.88154011885615,576,0.31521422222222223,120.19675434107837,120.19675434107837,120.20899878552282,120.22580953873485,120.2517240895161,124.37114677831819,0.37018397065995146,4.489606659462041,0.0,0.0,0.016810753212027407,0.025914550781251933
1661,119.89077945314598,128,4992,95,3,1,2,119.89077945314598,256,1.3385315555555557,121.22931100870154,121.22931100870154,121.26004434203487,121.28305195055731,121.3100724583698,124.76725239001041,1.419293005223821,4.876472936864431,0.0,0.0,0.023007608522433998,0.027020507812494543
1662,119.89218700739893,160,2112,93,6,1,0,119.89218700739893,256,0.5298915555555556,120.42207856295448,120.42207856295448,120.43681189628782,120.45482081493653,120.48083265575684,124.64404754019694,0.588645648357911,4.7518605327980055,0.0,0.0,0.018008918648703798,0.026011840820316934
1663,119.92939397262934,64,2368,126,1,0,1,120.18358666885362,2176,0.06843733333333334,120.25202400218696,120.25202400218696,120.26817955774251,120.29317139272177,120.3196368749934,121.97693542003154,0.390242902364065,2.047541447402196,0.25419269622427976,0.0,0.02499183497926083,0.026465482271632368
1664,120.00003807859386,96,1664,80,1,0,1,120.25202400218696,1536,0.04854755555555555,120.30057155774251,120.30057155774251,120.31281600218696,120.3196368749934,120.34605616907822,122.84212616763843,0.34601809048436394,2.842088089044566,0.2519859235930966,0.0,0.00682087280644339,0.02641929408481758
1665,120.1216346171438,64,1664,96,5,0,5,120.1216346171438,1472,0.06632533333333333,120.18795995047714,120.18795995047714,120.20020439492158,120.22486472533669,120.25074631713356,121.87491633782736,0.1291116999897639,1.7532817206835603,0.0,0.0,0.024660330415102294,0.02588159179687466
1666,120.2035539837762,64,1664,80,1,0,1,120.30057155774251,1536,0.04854755555555555,120.34911911329807,120.34911911329807,120.36136355774252,120.3724759514443,120.39885570404847,122.05562676524639,0.1953017202722691,1.8520727814701843,0.09701757396631194,0.0,0.01111239370177941,0.026379752604171358
1667,120.21927581767953,160,1408,133,1,0,1,120.34911911329807,1216,0.06555733333333334,120.4146764466314,120.4146764466314,120.42549866885362,120.45161667410055,120.47803226654847,124.64865969462983,0.2587564488689367,4.429383876950297,0.12984329561854224,0.0,0.026118005246928533,0.026415592447918357
1668,120.27957166062218,96,4096,88,7,0,0,120.27957166062218,0,1.1580657777777779,121.43763743839996,121.43763743839996,121.46339299395552,121.4873052600372,121.51431942019346,124.05388706342262,1.2347477595712775,3.7743154028004398,0.0,0.0,0.0239122660816804,0.027014160156255684
1669,120.42462029151446,64,2368,130,4,1,7,120.42462029151446,256,0.6017706666666667,121.02639095818112,121.02639095818112,121.04254651373668,121.05531735123485,121.08132288508901,122.71979000748485,0.6567025935745505,2.2951697159703883,0.0,0.0,0.012770837498166543,0.02600553385416049
1670,120.47653266498047,160,1728,101,2,0,2,120.65732941029175,1536,0.06651733333333333,120.72384674362509,120.72384674362509,120.7364467436251,120.74283525531631,120.76896638595866,124.92594700836229,0.2924337209781953,4.449414343381818,0.18079674531128376,0.0,0.006388511691213239,0.02613113064235506
1671,120.50962869965493,64,2176,81,1,0,1,120.50962869965493,2048,0.050083555555555555,120.55971225521048,120.55971225521048,120.57480114409937,120.58369951915263,120.61009533214092,122.26539053303378,0.10046663248598975,1.7557618333788554,0.0,0.0,0.008898375053263408,0.02639581298828375
1672,120.5608074071769,128,5248,87,0,0,0,120.98373754734881,5120,0.05929955555555556,121.04303710290436,121.04303710290436,121.07519265845993,121.0951423912416,121.12164525117463,124.47152922721784,0.5608378439977315,3.9107218200409477,0.4229301401719141,0.0,0.019949732781668672,0.02650285993303214
1673,120.76710373311136,160,1664,80,1,0,1,120.76710373311136,1536,0.04854755555555555,120.81565128866691,120.81565128866691,120.82789573311136,120.95328533458233,120.97959813975811,125.14358040996187,0.2124944066467549,4.3764766768505154,0.0,0.0,0.125389601470971,0.0263128051757775
1674,121.04576382203749,96,1664,80,1,0,1,121.04576382203749,1536,0.04854755555555555,121.09431137759304,121.09431137759304,121.10655582203749,121.4006694288206,121.42688115977764,123.91721708802176,0.3811173377401502,2.8714532659842718,0.0,0.0,0.2941136067831138,0.02621173095703
1675,121.06153152008588,128,1664,80,1,0,1,121.09431137759304,1536,0.04854755555555555,121.1428589331486,121.1428589331486,121.15510337759305,121.53173296641826,121.55792663096904,124.88309420390718,0.4963951108831566,3.8215626838212984,0.03277985750716539,0.0,0.37662958882521025,0.026193664550774542
1676,121.21401189488878,128,256,85,2,0,5,121.21401189488878,0,0.07987911111111111,121.2938910059999,121.2938910059999,121.29831322822211,121.31804259852377,121.34410254861058,124.66219053282285,0.13009065372179407,3.4481786379340633,0.0,0.0,0.01972937030166122,0.02605995008680395
1677,121.25294077184815,128,1792,129,5,0,5,121.25294077184815,1600,0.06670933333333334,121.31965010518148,121.31965010518148,121.33260566073703,121.33431454746278,121.36007265293154,124.65411454746275,0.10713188108339011,3.401173775614609,0.0,0.0,0.001708886725751313,0.025758105468753456
1678,121.3277788729915,96,2048,106,7,0,6,121.43763743839996,0,0.5830328888888889,122.02067032728885,122.02067032728885,122.03504810506664,122.05470516238096,122.08138810508929,124.6036038114695,0.7536092320977872,3.275824938477996,0.10985856540845873,0.0,0.019657057314319104,0.026682942708333712
1679,121.33699694902019,160,256,87,0,0,0,121.33699694902019,0,0.07987911111111111,121.4168760601313,121.4168760601313,121.42129828235352,121.44036455921034,121.46676843755856,125.6373278751438,0.12977148853836695,4.300330926123607,0.0,0.0,0.01906627685681883,0.026403878348219223
1680,121.41519546547676,160,832,124,0,0,0,121.4168760601313,640,0.06382933333333334,121.48070539346463,121.48070539346463,121.48832761568686,121.49317280418802,121.51945283348489,125.68920378195183,0.10425736800813468,4.274008316475076,0.0016805946545446204,0.0,0.0048451885011644436,0.026280029296870566
1681,121.47402017330327,160,1280,65,5,0,5,121.47402017330327,1088,0.06517333333333333,121.53919350663661,121.53919350663661,121.54930461774772,121.56615507480653,121.59189465813986,125.72153638991068,0.11787448483659091,4.2475162166074085,0.0,0.0,0.016850457058808388,0.02573958333333337
1682,121.6301942096928,128,1664,80,1,0,1,121.6301942096928,1536,0.04854755555555555,121.67874176524836,121.67874176524836,121.69098620969281,121.76749352550029,121.79367205333232,125.11753310771577,0.16347784363951234,3.487338898022969,0.0,0.0,0.0765073158074756,0.02617852783203034
1683,121.63931557091566,64,3008,18,1,0,1,121.67874176524836,2816,0.07035733333333334,121.7490990985817,121.7490990985817,121.7688102096928,121.97693542003154,122.00313543223857,123.65577127532411,0.36381986132290933,2.0164557044084574,0.03942619433270522,0.0,0.20812521033873566,0.026200012207027612
1684,121.84212965265553,96,5248,83,1,0,1,121.84212965265553,5120,0.05929955555555556,121.90142920821108,121.90142920821108,121.93358476376665,122.02933593272685,122.05562676524639,124.54449099345796,0.2134971125908578,2.702361340802426,0.0,0.0,0.09575116896020575,0.026290832519535456
1685,121.87278190934067,160,2176,81,1,0,1,121.90142920821108,2048,0.050083555555555555,121.95151276376664,121.95151276376664,121.96660165265553,122.05562676524639,122.08193175792216,126.2374647605478,0.20914984858148955,4.364682851207121,0.02864729887041051,0.0,0.08902511259086054,0.026304992675775907
1686,121.89939282317656,96,3072,14,6,0,6,121.89939282317656,2880,0.07054933333333334,121.96994215650989,121.96994215650989,121.99000882317655,122.00813038524903,122.03412387483236,124.53868718863444,0.13473105165580535,2.6392943654578858,0.0,0.0,0.018121562072479946,0.025993489583328255
1687,121.9699686494368,160,5248,91,0,0,0,121.9699686494368,5120,0.05929955555555556,122.02926820499235,122.02926820499235,122.06142376054791,122.07144624168802,122.0978783163408,126.2610814674987,0.12790966690400296,4.2911128180619045,0.0,0.0,0.01002248114011195,0.026432074652774418
1688,122.02860871224195,128,3136,110,2,0,2,122.02860871224195,2944,0.07074133333333334,122.09935004557528,122.09935004557528,122.1197722677975,122.12778115491638,122.15387422132262,125.47815062164354,0.1252655090806769,3.4495419094015887,0.0,0.0,0.008008887118876373,0.02609306640624709
1689,122.15184189094221,160,4416,127,7,0,7,122.15184189094221,4224,0.07458133333333333,122.22642322427554,122.22642322427554,122.25395655760887,122.26818237592262,122.29498657514137,126.48093303510231,0.14314468419915727,4.3290911441601025,0.0,0.0,0.01422581831374714,0.026804199218744884
1690,122.23038975268764,160,1664,84,4,0,4,122.23038975268764,1536,0.04854755555555555,122.2789373082432,122.2789373082432,122.29118175268765,122.30413375748485,122.33010861100047,126.4304605804015,0.09971885831282634,4.2000708277138585,0.0,0.0,0.012952004797199379,0.025974853515620566
1691,122.25701856410778,128,4096,131,3,0,1,122.25701856410778,0,1.1580657777777779,123.41508434188556,123.41508434188556,123.44083989744112,123.44502997790104,123.47226801501041,126.85484581448958,1.2152494509026326,4.597827250381798,0.0,0.0,0.004190080459920864,0.02723803710937034
1692,122.29788783995633,160,2176,81,1,0,1,122.29788783995633,2048,0.050083555555555555,122.34797139551189,122.34797139551189,122.36306028440077,122.37028262287753,122.39649442425974,126.55077323222748,0.09860658430341118,4.252885392271153,0.0,0.0,0.007222338476751133,0.02621180138221746
1693,122.31696317929158,64,3136,14,6,0,6,122.31696317929158,2944,0.07074133333333334,122.38770451262491,122.38770451262491,122.40812673484713,122.42752621858236,122.45389535920735,124.11621713655111,0.13693217991577455,1.7992539572595376,0.0,0.0,0.019399483735227818,0.026369140624993292
1694,122.44810769161921,128,3200,82,5,0,5,122.44810769161921,3072,0.05315555555555555,122.50126324717476,122.50126324717476,122.52204102495254,122.54464346998881,122.57067813795756,125.8795100227232,0.12257044633834369,3.431402331103982,0.0,0.0,0.02260244503627007,0.02603466796874443
1695,122.47739235206426,128,2176,81,1,0,1,122.47739235206426,2048,0.050083555555555555,122.52747590761982,122.52747590761982,122.5425647965087,122.55377548645926,122.57997979728515,125.8990025718271,0.10258744522089103,3.42161021976284,0.0,0.0,0.011210689950559072,0.026204310825889365
1696,122.55369754631965,128,2048,80,3,0,1,123.41508434188556,0,0.5830328888888889,123.99811723077445,123.99811723077445,124.01249500855224,124.01713129626042,124.04396349027083,127.4065931289427,1.4902659439511723,4.852895582623049,0.861386795565906,0.0,0.004636287708180475,0.02683219401041015
1697,122.55527400449145,64,1152,24,2,0,2,122.55527400449145,960,0.06478933333333334,122.62006333782479,122.62006333782479,122.62946333782479,122.64992680921326,122.67599819593201,124.32073462636357,0.12072419144055857,1.7654606218721227,0.0,0.0,0.02046347138846727,0.026071386718754752
1698,122.75010123780348,96,1664,80,1,0,1,122.75010123780348,1536,0.04854755555555555,122.79864879335904,122.79864879335904,122.81089323780348,122.81592165291487,122.84212616763843,125.32589101787202,0.09202492983494892,2.575789780068547,0.0,0.0,0.005028415111382856,0.02620451472355967
1699,122.9494821584358,96,2560,122,2,1,3,122.9494821584358,256,0.65568,123.6051621584358,123.6051621584358,123.62238438065802,123.6409827662445,123.66709938408304,126.16463353179978,0.7176172256472455,3.2151513733639803,0.0,0.0,0.018598385586486188,0.02611661783853947
1700,122.97956844335268,160,1664,80,1,0,1,122.97956844335268,1536,0.04854755555555555,123.02811599890823,123.02811599890823,123.04036044335268,123.05201028222176,123.07821528522656,127.23193307109467,0.09864684187388661,4.252364627741997,0.0,0.0,0.01164983886907578,0.02620500300480444
1701,122.98899409270201,96,1024,108,4,0,4,122.98899409270201,832,0.06440533333333334,123.05339942603536,123.05339942603536,123.06208831492424,123.08263587337026,123.10845179133902,125.55329941503693,0.11945769863700662,2.564305322334917,0.0,0.0,0.02054755844602596,0.025815917968756708
1702,123.03586418074575,64,1280,117,7,0,7,123.03586418074575,1088,0.06517333333333333,123.10103751407908,123.10103751407908,123.1111486251902,123.12615893842262,123.15273979779762,124.8112971708445,0.11687561705187477,1.77543299009875,0.0,0.0,0.0150103132324233,0.02658085937500232
1703,123.10369125860673,160,1664,88,0,0,0,123.10369125860673,1536,0.04854755555555555,123.15223881416229,123.15223881416229,123.16448325860674,123.18088953518381,123.20729362279542,127.34053110942578,0.10360236418868851,4.236839850819052,0.0,0.0,0.016406276577072276,0.02640408761160984
1704,123.16147848327218,160,5248,83,1,0,1,123.16147848327218,5120,0.05929955555555556,123.22077803882773,123.22077803882773,123.2529335943833,123.26166397813522,123.28796957244326,127.44174464568546,0.12649108917108265,4.280266162413284,0.0,0.0,0.008730383751924364,0.02630559430804169
1705,123.1886297499758,128,2624,122,2,0,2,123.6051621584358,2432,0.06920533333333334,123.67436749176913,123.67436749176913,123.6919452695469,123.69321649020284,123.71935746397517,127.06302820953415,0.5307277139993687,3.87439845955835,0.41653240846000017,0.0,0.0012712206559370998,0.02614097377232838
1706,123.18911312382588,128,1664,80,1,0,1,123.22077803882773,1536,0.04854755555555555,123.26932559438329,123.26932559438329,123.28157003882774,123.28796957244326,123.3142427495266,126.62937207866302,0.1251296257007226,3.440258954837148,0.031664915001854865,0.0,0.006399533615521591,0.02627317708333976
1707,123.20511767195701,128,3200,2,6,1,3,123.20511767195701,256,0.8353777777777779,124.04049544973479,124.04049544973479,124.06127322751257,124.06333627717612,124.089776462723,127.4375627582959,0.8846587907659824,4.232445086338885,0.0,0.0,0.0020630496635476447,0.026440185546874773
1708,123.39400681442237,128,768,156,0,0,0,123.39400681442237,576,0.06363733333333334,123.4576441477557,123.4576441477557,123.46491081442237,123.47136135438024,123.49764150574742,126.80114487895703,0.10363469132505543,3.4071380645346636,0.0,0.0,0.006450539957867818,0.026280151367188864
1709,123.45102637099815,128,2176,81,1,0,1,123.45102637099815,2048,0.050083555555555555,123.50110992655371,123.50110992655371,123.51619881544259,123.52444574431826,123.55070987395693,126.86515982890717,0.09968350295878281,3.414133457909017,0.0,0.0,0.008246928875664139,0.02626412963867608
1710,123.50234453141987,160,1280,157,7,0,7,123.50234453141987,1088,0.06517333333333333,123.5675178647532,123.5675178647532,123.57762897586431,123.57809995404763,123.6045284208445,127.74712458783671,0.10218388942463719,4.244780056416843,0.0,0.0,0.0004709781833156512,0.026428466796872385
1711,123.60348936985567,96,2432,70,0,1,6,123.60348936985567,256,0.6197404444444444,124.22322981430011,124.22322981430011,124.23974092541123,124.26160694241037,124.28794110989084,126.74988306255078,0.684451740035172,3.1463936926951135,0.0,0.0,0.021866016999140925,0.026334167480470683
1712,123.70409632319692,64,2176,81,1,0,1,123.70409632319692,2048,0.050083555555555555,123.75417987875248,123.75417987875248,123.76926876764136,123.78653491232188,123.81268299174897,125.45619065166109,0.10858666855205001,1.7520943284641675,0.0,0.0,0.017266144680519346,0.026148079427088078
1713,123.74182713114352,160,1664,0,1,0,1,123.75417987875248,1536,0.04854755555555555,123.80272743430804,123.80272743430804,123.81497187875249,123.8388315594573,123.86495958069754,128.01705788436738,0.1231324495540207,4.275230753223852,0.01235274760895777,0.0,0.02385968070481681,0.02612802124023972
1714,123.75785293665767,64,2176,154,3,0,,123.99811723077445,256,0.5478613333333333,124.54597856410778,124.54597856410778,124.56106745299667,124.58070990954167,124.60735737047916,126.27123530016665,0.8495044338214939,2.513382363508981,0.24026429411678407,0.0,0.019642456545000186,0.026647460937496703
1715,123.90092492631355,96,3200,82,5,0,5,123.90092492631355,3072,0.05315555555555555,123.9540804818691,123.9540804818691,123.97485825964688,123.9772753059263,124.00346207350442,126.48676970696799,0.1025371471908727,2.5858447806544405,0.0,0.0,0.002417046279418855,0.02618676757812466
1716,123.97625044932234,64,768,76,5,0,5,123.97625044932234,576,0.06363733333333334,124.03988778265567,124.03988778265567,124.04715444932233,124.05583707350442,124.08186265944192,125.72153638991068,0.10561221011958821,1.7452859405883459,0.0,0.0,0.008682624182085874,0.026025585937503593
1717,123.98611084696915,128,1664,80,1,0,1,123.98611084696915,1536,0.04854755555555555,124.03465840252471,124.03465840252471,124.04690284696916,124.04795943828218,124.07408828349702,127.38928133653367,0.08797743652786494,3.4031704895645163,0.0,0.0,0.0010565913130164972,0.026128845214842045
1718,124.20298524496575,64,1728,137,5,0,5,124.20298524496575,1536,0.06651733333333333,124.26950257829908,124.26950257829908,124.28210257829909,124.29008492506692,124.3160838671242,125.95835011061382,0.11309862215846067,1.755364865648076,0.0,0.0,0.007982346767832382,0.025998942057285035
1719,124.21234213273783,96,2944,98,2,0,2,124.21234213273783,2752,0.07016533333333333,124.28250746607117,124.28250746607117,124.30186302162672,124.32073462636357,124.34700785460018,126.85224500640915,0.1346657218623477,2.6399028736713177,0.0,0.0,0.01887160473685867,0.026273228236604496
1720,124.43282098357115,160,2176,81,1,0,1,124.43282098357115,2048,0.050083555555555555,124.48290453912671,124.48290453912671,124.49799342801559,124.54449099345796,124.57053243632905,128.72517871252197,0.1377114527578982,4.292357728950819,0.0,0.0,0.046497565442365385,0.026041442871090226
1721,124.44891817487446,96,2176,89,2,0,2,124.44891817487446,2048,0.050083555555555555,124.49900173043002,124.49900173043002,124.5140906193189,124.53093412413143,124.55718442930721,127.06302820953415,0.10826625443274907,2.6141100346596886,0.0,0.0,0.0168435048125275,0.026250305175778976
1722,124.49507450960134,128,704,68,7,0,7,124.49507450960134,512,0.06344533333333334,124.55851984293467,124.55851984293467,124.56543095404578,124.57762695600074,124.6036038114695,127.90469856244609,0.10852930186815968,3.409624052844748,0.0,0.0,0.012196001954961844,0.02597685546875539
1723,124.50028815550536,128,1664,88,0,0,0,124.50028815550536,1536,0.04854755555555555,124.54883571106092,124.54883571106092,124.56108015550537,124.57531275586368,124.60124062974761,127.8860386940612,0.10095247424224851,3.3857505385558397,0.0,0.0,0.014232600358312197,0.02592787388392992
1724,124.51511539617621,96,1664,8,1,0,1,124.51511539617621,1536,0.04854755555555555,124.56366295173177,124.56366295173177,124.57590739617622,124.64865969462983,124.67470602031342,127.15330582500093,0.15959062413720915,2.638190428824714,0.0,0.0,0.07275229845360798,0.026046325683594773
1725,124.53030001814453,96,1344,125,4,0,4,124.53030001814453,1088,0.0831431111111111,124.61344312925564,124.61344312925564,124.62390979592232,124.62804863378693,124.65372929784944,127.11331770930775,0.12342927970490791,2.5830176911632208,0.0,0.0,0.004138837864616107,0.025680664062505798
1726,124.69585958851286,64,1664,80,1,0,1,124.69585958851286,1536,0.04854755555555555,124.74440714406842,124.74440714406842,124.75665158851287,124.88309420390718,124.90914101787202,126.55077323222748,0.2132814293591565,1.8549136437146245,0.0,0.0,0.12644261539431056,0.026046813964839544
1727,124.75999396989377,96,2176,85,5,0,5,124.75999396989377,2048,0.050083555555555555,124.81007752544933,124.81007752544933,124.82516641433821,124.83626083652526,124.86229029616067,127.35537830071799,0.10229632626689522,2.595384330824217,0.0,0.0,0.011094422187042596,0.026029459635410035
1728,124.80911486386171,64,2176,89,2,0,2,124.80911486386171,2048,0.050083555555555555,124.85919841941727,124.85919841941727,124.87428730830615,124.89970963392032,124.92594700836229,126.58762728179977,0.11683214450057733,1.7785124179380603,0.0,0.0,0.02542232561417279,0.026237374441961947
1729,124.81390521419361,64,1536,109,6,0,6,124.81390521419361,1344,0.06594133333333334,124.87984654752694,124.87984654752694,124.89137988086027,124.9098019347282,124.9359659972282,126.58528630972819,0.12206078303458412,1.7713810955345792,0.0,0.0,0.018422053867922727,0.02616406250000125
1730,124.93370092500447,96,1664,80,1,0,1,124.93370092500447,1536,0.04854755555555555,124.98224848056003,124.98224848056003,124.99449292500448,125.11753310771577,125.14358040996187,127.62462332657489,0.20987948495739772,2.6909224015704183,0.0,0.0,0.1230401827112928,0.026047302246098525
1731,124.95933113136813,160,1664,80,1,0,1,124.98224848056003,1536,0.04854755555555555,125.03079603611559,125.03079603611559,125.04304048056004,125.14358040996187,125.16962331767671,129.32811857464415,0.21029218630857827,4.36878744327602,0.022917349191899916,0.0,0.1005399294018332,0.026042907714838748
1732,125.17759681126151,128,256,81,0,0,1,125.17759681126151,0,0.07987911111111111,125.25747592237262,125.25747592237262,125.26189814459484,125.27553673744849,125.30137578774146,128.59656353130077,0.1237789764799544,3.418966720039265,0.0,0.0,0.013638592853652654,0.025839050292972843
1733,125.22864518254873,64,1664,84,4,0,4,125.22864518254873,1536,0.04854755555555555,125.27719273810429,125.27719273810429,125.28943718254874,125.29590459081818,125.32162773534944,126.955226791339,0.09298255280070578,1.7265816087902692,0.0,0.0,0.006467408269443808,0.02572314453125557
1734,125.23798577104483,128,2368,114,7,1,4,125.23798577104483,256,0.6017706666666667,125.8397564377115,125.8397564377115,125.85591199326706,125.8804202177195,125.90652409955544,129.22702038047996,0.668538328510607,3.989034609435123,0.0,0.0,0.024508224452446825,0.026103881835936704
1735,125.25696511326072,160,1664,84,4,0,4,125.27719273810429,1536,0.04854755555555555,125.32574029365985,125.32574029365985,125.3379847381043,125.34735136816194,125.37309316503693,129.54813592219844,0.1161280517762151,4.291170808937721,0.02022762484357088,0.0,0.0093666300576416,0.025741796874996226
1736,125.2724746063374,128,2176,81,1,0,1,125.2724746063374,2048,0.050083555555555555,125.32255816189296,125.32255816189296,125.33764705078184,125.35194980693453,125.37800928569429,128.69892060705322,0.10553467935689298,3.4264460007158277,0.0,0.0,0.014302756152687834,0.026059478759762555
1737,125.39133607779998,128,1664,80,1,0,1,125.39133607779998,1536,0.04854755555555555,125.43988363335554,125.43988363335554,125.45212807779998,125.45619065166109,125.48223450542085,128.8039952815324,0.0908984276208713,3.4126592037324173,0.0,0.0,0.004062573861105534,0.026043853759759372
1738,125.41331599803816,64,4608,103,2,0,2,125.41331599803816,4416,0.07515733333333334,125.4884733313715,125.4884733313715,125.51707333137149,125.53063548492479,125.55704645497687,127.22163026031541,0.14373045693871234,1.80831426227725,0.0,0.0,0.01356215355329482,0.02641097005208337
1739,125.68756829628728,128,1664,88,0,0,0,125.68756829628728,1536,0.04854755555555555,125.73611585184284,125.73611585184284,125.74836029628729,125.7672484596862,125.79323527609245,129.10855259380077,0.10566697980516437,3.4209842975134848,0.0,0.0,0.01888816339891264,0.02598681640624534
1740,125.69061079606162,160,3200,82,5,0,5,125.69061079606162,3072,0.05315555555555555,125.74376635161717,125.74376635161717,125.76454412939495,125.77412037428569,125.8004670539732,130.01174507550408,0.10985625791157361,4.321134279442461,0.0,0.0,0.00957624489073794,0.02634667968750648
1741,125.71297705012346,160,1664,80,1,0,1,125.71297705012346,1536,0.04854755555555555,125.76152460567901,125.76152460567901,125.77376905012346,125.8990025718271,125.92503519511811,130.08858107168487,0.21205814499465703,4.375604021561415,0.0,0.0,0.12523352170363466,0.026032623291015966
1742,125.76192380774283,160,4096,81,6,0,1,125.76192380774283,0,1.1580657777777779,126.91998958552061,126.91998958552061,126.94574514107617,126.95786199332194,126.98467009879069,131.1676506489209,1.222746291047855,5.4057268411780655,0.0,0.0,0.012116852245767973,0.02680810546874568
1743,125.77727631976776,160,4544,123,1,0,1,125.77727631976776,4352,0.07496533333333334,125.8522416531011,125.8522416531011,125.88048609754554,126.2374647605478,126.26357111430757,130.4299440599661,0.48629479453980196,4.652667740198325,0.0,0.0,0.356978663002252,0.026106353759772105
1744,125.85634468397969,160,5248,83,1,0,1,125.85634468397969,5120,0.05929955555555556,125.91564423953524,125.91564423953524,125.9477997950908,126.55077323222748,126.57697235942474,130.7437419115286,0.7206276754450585,4.887397227548902,0.0,0.0,0.6029734371366828,0.02619912719725903
1745,125.85833618224085,160,3008,90,3,0,3,125.85833618224085,2816,0.07035733333333334,125.92869351557418,125.92869351557418,125.94840462668529,125.9542885228229,125.98069806872134,130.18991392972396,0.12236188648049051,4.331577747483109,0.0,0.0,0.005883896137618194,0.026409545898431475
1746,125.89583288259874,64,2688,106,6,0,6,126.91998958552061,2432,0.0871751111111111,127.00716469663172,127.00716469663172,127.02509802996505,127.03828777457194,127.06493165478028,128.72360230907717,1.1690987721815418,2.827769426478426,1.0241567029218714,0.0,0.013189744606890486,0.026643880208339965
1747,125.89823908462199,128,1664,80,1,0,1,125.91564423953524,1536,0.04854755555555555,125.9641917950908,125.9641917950908,125.97643623953525,126.55077323222748,126.57697235942474,129.90494102374453,0.6787332748027524,4.006701939122536,0.017405154913248566,0.0,0.5743369926922384,0.02619912719725903
1748,125.90335555836063,64,1664,80,1,0,1,125.9641917950908,1536,0.04854755555555555,126.01273935064636,126.01273935064636,126.0249837950908,126.62937207866302,126.65556876445405,128.30528912622935,0.7522132060934155,2.401933567868724,0.060836236730168025,0.0,0.6043882835722201,0.02619668579102097
1749,125.90369250075284,64,1408,125,4,0,4,125.90369250075284,1216,0.06555733333333334,125.96924983408617,125.96924983408617,125.98007205630839,125.99188779394318,126.01766826269318,127.67017146907337,0.11397576194033832,1.766478968320527,0.0,0.0,0.011815737634790935,0.02578046874999984
1750,126.23173298245375,96,2688,122,2,0,2,126.23173298245375,2496,0.06939733333333334,126.30113031578708,126.30113031578708,126.31906364912041,126.32332796539352,126.34975569976852,128.835398082581,0.11802271731477276,2.603665100127259,0.0,0.0,0.004264316273108193,0.02642773437500523
1751,126.24788844899628,64,4544,115,4,1,6,126.24788844899628,4160,0.12829866666666667,126.37618711566294,126.37618711566294,126.40443156010738,126.40443388769317,126.4304605804015,128.0990660003234,0.1825721314052231,1.851177551327126,0.0,0.0,2.3275857898852337e-06,0.026026692708327914
1752,126.28723098939756,96,4608,115,4,0,4,126.37618711566294,4416,0.07515733333333334,126.45134444899628,126.45134444899628,126.47994444899628,126.48257005305776,126.50882461034942,129.02783562922968,0.22159362095186452,2.740604639832128,0.08895612626538707,0.0,0.0026256040614782705,0.026254557291665037
1753,126.52983449953855,128,2176,85,5,0,5,126.52983449953855,2048,0.050083555555555555,126.57991805509411,126.57991805509411,126.595006943983,126.61844695306173,126.64469239577006,130.01174507550408,0.11485789623151277,3.4819105759655287,0.0,0.0,0.02344000907874033,0.026245442708329847
1754,126.67914743536718,96,1408,69,2,0,2,126.67914743536718,1216,0.06555733333333334,126.74470476870052,126.74470476870052,126.75552699092273,126.77314027008103,126.79950802724248,129.2761302603154,0.12036059187529702,2.5969828249482134,0.0,0.0,0.017613279158297246,0.026367757161452232
1755,126.71747275949048,160,2176,85,5,0,5,126.71747275949048,2048,0.050083555555555555,126.76755631504604,126.76755631504604,126.78264520393492,126.80217530592631,126.82837757643412,131.0440212962072,0.11090481694364485,4.326548536716729,0.0,0.0,0.019530101991392712,0.026202270507809544
1756,126.80175249452361,96,4480,119,4,1,6,126.80175249452361,256,1.1947733333333332,127.99652582785694,127.99652582785694,128.02441471674584,128.04527644954214,128.07217098079215,130.56363091731566,1.2704184862685395,3.7618784227920514,0.0,0.0,0.020861732796305432,0.026894531250007958
1757,126.87747441532979,128,3200,82,5,0,5,126.87747441532979,3072,0.05315555555555555,126.93062997088533,126.93062997088533,126.95140774866312,126.95939625319194,126.9856729133482,130.35724483136346,0.1081984980184103,3.4797704160336735,0.0,0.0,0.007988504528825047,0.02627666015625607
1758,126.92393317007225,96,1664,80,1,0,1,126.92393317007225,1536,0.04854755555555555,126.9724807256278,126.9724807256278,126.98472517007225,126.99619547343842,127.02237931132905,129.51169220745663,0.09844614125680096,2.5877590373843873,0.0,0.0,0.011470303366166945,0.026183837890627615
1759,126.9504715331066,96,4608,139,5,0,5,126.9504715331066,4416,0.07515733333333334,127.02562886643993,127.02562886643993,127.05422886643993,127.06450582350445,127.09094633457215,129.61391090802363,0.14047480146555813,2.663439374917033,0.0,0.0,0.010276957064519365,0.02644051106770462
1760,127.23090075096499,160,2496,50,7,0,7,127.23090075096499,2304,0.06882133333333333,127.29972208429832,127.29972208429832,127.316588750965,127.33067766400858,127.3565509550242,131.53824816368305,0.12565020405921246,4.307347412718059,0.0,0.0,0.01408891304357951,0.025873291015628297
1761,127.25069950823675,160,1664,80,1,0,1,127.25069950823675,1536,0.04854755555555555,127.29924706379231,127.29924706379231,127.31149150823676,127.33686750189825,127.36307417507534,131.52311872514466,0.11237466683859054,4.272419216907906,0.0,0.0,0.02537599366149834,0.026206673177085804
1762,127.29964817333104,128,1600,109,6,0,6,127.29964817333104,1408,0.06613333333333334,127.36578150666438,127.36578150666438,127.37767039555327,127.38469630321778,127.41112928661622,130.7440490864209,0.11148111328517984,3.4444009130898507,0.0,0.0,0.007025907664512943,0.02643298339843625
1763,127.32694877561482,64,5248,87,0,0,0,127.32694877561482,5120,0.05929955555555556,127.38624833117038,127.38624833117038,127.41840388672594,127.44302883077995,127.4691386940612,129.13574048442575,0.14218991844637685,1.8087917088109293,0.0,0.0,0.024624944054011166,0.02610986328124909
1764,127.39251077135225,64,4544,159,7,0,7,127.39251077135225,4352,0.07496533333333334,127.46747610468559,127.46747610468559,127.49572054913003,127.51180095502421,127.53794607221171,129.20095283490704,0.14543530085946088,1.8084420635547929,0.0,0.0,0.016080405894186356,0.02614511718749668
1765,127.41828157237327,160,1664,109,6,0,6,127.41828157237327,1472,0.06632533333333333,127.48460690570661,127.48460690570661,127.49685135015106,127.5166750629834,127.54290699657714,131.71124098095214,0.12462542420387024,4.2929594085788665,0.0,0.0,0.019823712832334195,0.02623193359374909
1766,127.43313978990908,160,1600,105,0,0,0,127.43313978990908,1408,0.06613333333333334,127.49927312324242,127.49927312324242,127.51116201213131,127.52135988546745,127.54740519796745,131.80809790630076,0.11426540805837249,4.3749581163916815,0.0,0.0,0.010197873336139196,0.026045312500002638
1767,127.43919768314078,64,4544,119,5,1,4,127.43919768314078,256,1.212743111111111,128.65194079425189,128.65194079425189,128.68018523869634,128.68163562493675,128.7082867479836,130.38381621808222,1.2690890648428308,2.9446185349414407,0.0,0.0,0.0014503862404069423,0.026651123046860903
1768,127.49972625951298,64,2240,154,3,0,3,127.49972625951298,2048,0.06805333333333334,127.56777959284632,127.56777959284632,127.58322403729076,127.59207262113021,127.61836900784897,129.27869166409897,0.11864274833598643,1.778965404585989,0.0,0.0,0.008848583839451862,0.026296386718755116
1769,127.73709792685722,64,2880,94,1,0,1,127.73709792685722,2688,0.06997333333333333,127.80707126019055,127.80707126019055,127.82607126019056,127.83383556615823,127.8600087182015,129.51169220745663,0.12291079134428173,1.7745942805994162,0.0,0.0,0.007764305967668861,0.02617315204327042
1770,127.99976308793966,128,5248,87,0,0,0,127.99976308793966,5120,0.05929955555555556,128.05906264349522,128.05906264349522,128.0912181990508,128.0948238503112,128.1212166237487,131.54072241801953,0.12145353580903873,3.540959330079872,0.0,0.0,0.0036056512604147883,0.026392773437493133
1771,128.021415843233,96,1664,84,4,0,4,128.021415843233,1536,0.04854755555555555,128.06996339878856,128.06996339878856,128.082207843233,128.0990660003234,128.1256021331359,130.6147905852844,0.10418628990291268,2.5933747420513953,0.0,0.0,0.01685815709041094,0.02653613281250955
1772,128.02197570891477,96,2176,146,2,0,,128.02197570891477,256,0.5478613333333333,128.5698370422481,128.5698370422481,128.584925931137,128.60096302398728,128.62700941070602,131.08985747385708,0.6050337017912568,3.067881764942314,0.0,0.0,0.016037092850268664,0.026046386718746817
1773,128.0449754223328,64,2432,38,6,0,6,128.0449754223328,2240,0.06862933333333333,128.11360475566613,128.11360475566613,128.13011586677723,128.1463762348584,128.1726086567334,129.82517945751465,0.1276332344005766,1.7802040351818391,0.0,0.0,0.016260368081162824,0.02623242187499386
1774,128.0559522581597,160,3200,82,5,0,5,128.65194079425189,3072,0.05315555555555555,128.70509634980743,128.70509634980743,128.7258741275852,128.73493835931174,128.76157765897693,132.9802322337072,0.7056254008172402,4.924279975547506,0.595988536092193,0.0,0.009064231726540584,0.02663929966519163
1775,128.09864579603482,160,3200,82,5,0,5,128.70509634980743,3072,0.05315555555555555,128.75825190536298,128.75825190536298,128.77902968314075,128.78821744692337,128.81484800112258,133.03321660870722,0.7162022050877681,4.934570812672405,0.6064505537726177,0.0,0.009187763782620095,0.02663055419921534
1776,128.44369047040507,64,1472,73,7,0,7,128.44369047040507,1280,0.06574933333333334,128.50943980373842,128.50943980373842,128.5206175815162,128.5420325468211,128.56838349896955,130.2150853218862,0.12469302856447939,1.7713948514811193,0.0,0.0,0.02141496530489917,0.02635095214844796
1777,128.47655171860026,160,5248,91,0,0,0,128.47655171860026,5120,0.05929955555555556,128.53585127415582,128.53585127415582,128.56800682971138,128.56996847921744,128.59656353130077,132.9133225156758,0.1200118127005112,4.436770797075525,0.0,0.0,0.0019616495060574834,0.026595052083337123
1778,128.4811187090614,160,1344,53,1,1,7,128.4811187090614,256,0.3142542222222222,128.79537293128362,128.79537293128362,128.8058395979503,128.8303182185441,128.85656751324896,133.0078979243634,0.3754488041875561,4.5267792153019855,0.0,0.0,0.02447862059381123,0.026249294704854265
1779,128.52904900384,96,3072,90,3,0,3,128.52904900384,2880,0.07054933333333334,128.59959833717332,128.59959833717332,128.61966500384,128.6443089492552,128.67068622790103,131.21211302640364,0.14163722406104284,2.6830640225636557,0.0,0.0,0.024643945415192547,0.026377278645838942
1780,128.57346850032766,96,4864,111,0,0,0,128.57346850032766,4672,0.07592533333333334,128.649393833661,128.649393833661,128.67941605588322,128.70407505473827,128.73103680604035,131.29745728130078,0.15756830571268665,2.723988780973116,0.0,0.0,0.02465899885504541,0.026961751302081893
1781,128.62667002215227,128,2176,81,1,0,1,128.79537293128362,2048,0.050083555555555555,128.84545648683917,128.84545648683917,128.86054537572807,128.88281729623506,128.9090487903757,132.2258086665509,0.282378768223424,3.5991386443986357,0.16870290913135477,0.0,0.022271920506995002,0.02623149414063164
1782,128.70366904989555,128,3136,90,3,0,3,128.70366904989555,2944,0.07074133333333334,128.77441038322888,128.77441038322888,128.7948326054511,128.80257994534895,128.82899791409895,132.2361125381224,0.1253288642033965,3.5324434882268463,0.0,0.0,0.0077473398978611385,0.026417968749996135
1783,128.83404935881455,128,1472,133,1,0,1,128.84545648683917,1280,0.06574933333333334,128.9112058201725,128.9112058201725,128.9223835979503,128.93528077279757,128.9614665416186,132.27783688920715,0.12741718280403802,3.4437875303925978,0.011407128024615076,0.0,0.012897174847267934,0.026185768821022748
1784,128.90370368522167,160,256,91,4,0,0,128.90370368522167,0,0.07987911111111111,128.98358279633277,128.98358279633277,128.988005018555,129.0015684417297,129.02783562922968,133.0957649505188,0.1241319440080133,4.192061265297127,0.0,0.0,0.013563423174701938,0.02626718749999668
1785,128.98998472148216,64,2240,146,2,0,2,128.98998472148216,2048,0.06805333333333334,129.05803805481548,129.05803805481548,129.07348249925994,129.09438489898727,129.12035039377895,130.75551201487272,0.13036567229679008,1.7655272933905621,0.0,0.0,0.02090239972733343,0.0259654947916772
1786,129.07776000403962,64,4672,147,3,0,3,129.07776000403962,4480,0.07534933333333334,129.15310933737294,129.15310933737294,129.1820648929285,129.19890074613022,129.22549723050523,130.91711107327865,0.14773722646560827,1.8393510692390294,0.0,0.0,0.016835853201712325,0.026596484375005502
1787,129.15377537533644,64,1792,101,2,0,2,129.15377537533644,1600,0.06670933333333334,129.22048470866977,129.22048470866977,129.23344026422532,129.25018519195604,129.2761302603154,130.91005351877897,0.12235488497896085,1.756278143442529,0.0,0.0,0.01674492773071279,0.025945068359362722
1788,129.36670421165945,64,3200,6,0,0,0,129.36670421165945,3008,0.07093333333333333,129.43763754499278,129.43763754499278,129.45841532277055,129.46081714458202,129.48780396098826,131.18895776958203,0.12109974932880618,1.8222535579225791,0.0,0.0,0.002401821811474747,0.026986816406235903
1789,129.47340535816053,160,2624,30,5,0,5,129.47340535816053,2432,0.06920533333333334,129.54261069149388,129.54261069149388,129.56018846927165,129.5607017608882,129.58730609031528,133.79742608136348,0.11390073215474672,4.324020723202949,0.0,0.0,0.0005132916165564438,0.026604329427073026
1790,129.49395376687946,96,4736,147,3,0,3,129.49395376687946,4544,0.07554133333333334,129.56949510021278,129.56949510021278,129.59880621132388,129.5993181289427,129.62615826566147,132.18292650296615,0.13220449878201634,2.688972736086697,0.0,0.0,0.0005119176188372876,0.026840136718760732
1791,129.5800621701867,64,1664,80,1,0,1,129.5800621701867,1536,0.04854755555555555,129.62860972574225,129.62860972574225,129.64085417018669,129.64292877972227,129.66912908354172,131.31512960684108,0.08906691335502614,1.73506743665439,0.0,0.0,0.0020746095355832495,0.02620030381945071
1792,129.60553400917172,160,2432,42,1,0,1,129.62860972574225,2240,0.06862933333333333,129.69723905907557,129.69723905907557,129.71375017018667,129.72153115602435,129.74773149782123,133.9005971431134,0.14219748864951498,4.295063133941682,0.023075716570531313,0.0,0.007780985837683829,0.02620034179687991
1793,129.683530611378,96,4096,58,7,0,2,129.683530611378,0,1.1580657777777779,130.84159638915577,130.84159638915577,130.86735194471132,130.8720433296987,130.89868566368307,133.42532433555806,1.2151550523050787,3.74179372418007,0.0,0.0,0.004691384987381753,0.02664233398436977
1794,129.75610924547425,160,2432,126,1,0,1,129.75610924547425,2240,0.06862933333333333,129.82473857880757,129.82473857880757,129.84124968991867,129.85253774782123,129.87873914164226,134.03191794389465,0.12262989616800724,4.275808698420406,0.0,0.0,0.011288057902561377,0.02620139382102593
1795,129.97532548482872,96,4096,81,7,0,1,130.84159638915577,0,1.1580657777777779,131.99966216693355,131.99966216693355,132.0254177224891,132.05156359337053,132.07857433555805,134.57363195274556,2.1032488507293294,4.598306467916842,0.8662709043270524,0.0,0.02614587088143594,0.02701074218751387
1796,129.99493243996216,96,2176,81,1,0,1,129.99493243996216,2048,0.050083555555555555,130.0450159955177,130.0450159955177,130.0601048844066,130.06235899249452,130.08858107168487,132.5646694087384,0.09364863172271498,2.5697369687762546,0.0,0.0,0.002254108087925033,0.026222079190347358
1797,130.0254239471202,64,512,30,2,0,5,130.0254239471202,0,0.15175822222222224,130.17718216934242,130.17718216934242,130.18302661378686,130.18697905588834,130.21281633616178,131.8228013215133,0.18739238904157673,1.7973773743931076,0.0,0.0,0.003952442101478937,0.02583728027343568
1798,130.09503099288364,64,1472,125,4,0,4,130.09503099288364,1280,0.06574933333333334,130.16078032621698,130.16078032621698,130.17195810399477,130.17379021907345,130.19977618098753,131.8110530364563,0.104745188103891,1.71602204357265,0.0,0.0,0.0018321150786846374,0.025985961914074096
1799,130.10027047071097,160,256,84,7,0,4,131.99966216693355,0,0.07987911111111111,132.07954127804464,132.07954127804464,132.08396350026686,132.1055855660268,132.1319683785268,136.2359586129018,2.0316979078158397,6.135688142190844,1.8993916962225796,0.0,0.02162206575994219,0.026382812500003183
