id,arrival,output,prompt,session,cluster,switched,old_cluster,p_start,hit_tokens,p_service,p_end,kv_start,kv_end,d_start,first,end,ttft,e2e,p_wait,kv_wait,d_wait,decode_first
0,0.030973382231898557,128,640,8,7,0,,0.030973382231898557,0,0.1876977777777778,0.21867116000967635,0.21867116000967635,0.2252267155652319,0.2252267155652319,0.2505392155652319,3.5042926823621072,0.21956583333333335,3.4733193001302087,0.0,0.0,0.0,0.025312499999999988
1,0.05223304473452041,160,2176,6,5,0,,0.05223304473452041,0,0.6189724444444444,0.6712054891789648,0.6712054891789648,0.6862943780678538,0.6862943780678538,0.7123568780678537,4.882876425593896,0.6601238333333334,4.830643380859375,0.0,0.0,0.0,0.02606249999999999
2,0.12900297337556182,160,640,132,6,0,,0.12900297337556182,0,0.1876977777777778,0.3167007511533396,0.3167007511533396,0.32325630670889516,0.32325630670889516,0.3485688067088952,4.446178377021395,0.21956583333333335,4.317175403645833,0.0,0.0,0.0,0.025312500000000016
3,0.22092000512830434,128,640,0,3,0,,0.22092000512830434,0,0.1876977777777778,0.40861778290608214,0.40861778290608214,0.4151733384616377,0.4151733384616377,0.4404858384616377,3.6745957749850753,0.21956583333333335,3.453675769856771,0.0,0.0,0.0,0.025312500000000016
4,0.28080076745143806,128,2176,2,4,0,,0.28080076745143806,0,0.6189724444444444,0.8997732118958826,0.8997732118958826,0.9148621007847715,0.9148621007847715,0.9409246007847715,4.245356534378521,0.6601238333333335,3.964555766927083,0.0,0.0,0.0,0.02606249999999999
5,0.3225002283980914,128,2240,2,4,0,4,0.8997732118958826,2048,0.06805333333333334,0.9678265452292159,0.9678265452292159,0.9832709896736603,0.9930510656285214,1.0191299230503965,4.322548673050396,0.6966296946523052,4.000048444652305,0.5772729834977912,0.0,0.009780075954861078,0.0260788574218751
6,0.38812399444413437,96,2176,18,0,0,,0.38812399444413437,0,0.6189724444444444,1.0070964388885788,1.0070964388885788,1.0221853277774677,1.0221853277774677,1.0482478277774678,3.5394344930490447,0.6601238333333335,3.1513104986049103,0.0,0.0,0.0,0.0260625000000001
7,0.49912735148503135,96,2048,45,1,0,,0.49912735148503135,0,0.5830328888888889,1.0821602403739203,1.0821602403739203,1.0965380181516982,1.0965380181516982,1.1225380181516982,3.582586553307948,0.6234106666666668,3.0834592018229166,0.0,0.0,0.0,0.026000000000000023
8,0.5064903572907055,128,640,20,2,0,,0.5064903572907055,0,0.1876977777777778,0.6941881350684833,0.6941881350684833,0.7007436906240389,0.7007436906240389,0.7260561906240388,3.9902414933584143,0.21956583333333335,3.483751136067709,0.0,0.0,0.0,0.02531249999999996
9,0.5137862137539407,128,2176,90,1,0,,1.0821602403739203,0,0.6189724444444444,1.7011326848183648,1.7011326848183648,1.7162215737072537,1.7206727837766982,1.7467098931516982,5.020932720300136,1.2329236793977576,4.507146506546196,0.5683740266199796,0.0,0.004451210069444489,0.026037109375000034
10,0.5314011506377816,128,1152,49,7,0,,0.5314011506377816,256,0.2603448888888889,0.7917460395266704,0.7917460395266704,0.8011460395266704,0.807537750721482,0.8329808659558571,4.097733112049608,0.3015797153180755,3.566331961411826,0.0,0.0,0.006391711194811633,0.025443115234375036
11,0.6116499241243096,96,4224,3,0,0,,1.0070964388885788,256,1.1228942222222222,2.129990661110801,2.129990661110801,2.156457327777468,2.1693972418399676,2.1959704840274674,4.705498308695746,1.5843205599031578,4.093848384571436,0.3954465147642692,0.0,0.012939914062499724,0.02657324218749979
12,0.7299410579700674,64,1152,113,3,0,,0.7299410579700674,256,0.2603448888888889,0.9902859468589562,0.9902859468589562,0.9996859468589562,1.0228081040866377,1.0482514634616378,2.656123029216846,0.3183104054915704,1.9261819712467785,0.0,0.0,0.023122157227681517,0.025443359375000085
13,0.7771941962502801,96,4224,19,6,0,,0.7771941962502801,256,1.1228942222222222,1.9000884184725022,1.9000884184725022,1.9265550851391688,1.9442406817088955,1.9704438067088956,4.446178377021395,1.1932496104586154,3.668984180771115,0.0,0.0,0.01768559656972668,0.026203125000000105
14,0.8437856239011315,160,4224,27,2,0,,0.8437856239011315,256,1.1228942222222222,1.9666798461233537,1.9666798461233537,1.9931465127900203,2.0176411515615387,2.043841346874039,6.210604896678726,1.2000557229729072,5.366819272777595,0.0,0.0,0.024494638771518362,0.026200195312500174
15,0.864633895678165,96,4096,23,5,0,,0.864633895678165,0,1.1580657777777779,2.022699673455943,2.022699673455943,2.0484552290114983,2.068279729630354,2.094823919083479,4.598099960750146,1.230190023405314,3.7334660650719806,0.0,0.0,0.019824500618855545,0.02654418945312509
16,0.8657272361705123,64,1152,1,0,0,,2.129990661110801,256,0.2603448888888889,2.39033554999969,2.39033554999969,2.39973554999969,2.4085739996524675,2.4348132574649677,4.093804583109809,1.5690860212944555,3.2280773469392967,1.2642634249402889,0.0,0.00883844965277758,0.02623925781250014
17,0.8712654036906907,160,2176,14,7,0,,0.8712654036906907,256,0.5478613333333333,1.419126737024024,1.419126737024024,1.4342156259129129,1.443762115955857,1.469419830799607,5.567754818476318,0.5981544271089162,4.696489414785627,0.0,0.0,0.009546490042944056,0.025657714843750012
18,0.9801798554782319,64,2048,9,3,0,,0.9902859468589562,0,0.5830328888888889,1.5733188357478451,1.5733188357478451,1.587696613525623,1.6081289048678877,1.6337652980970545,3.2426361314303875,0.6535854426188226,2.2624562759521556,0.01010609138072427,0.0,0.020432291342264763,0.025636393229166776
19,1.144076363622612,160,2048,24,5,0,,2.022699673455943,0,0.5830328888888889,2.6057325623448317,2.6057325623448317,2.6201103401226096,2.625810247208479,2.652179876114729,6.792139527807439,1.5081035124921172,5.648063164184827,0.8786233098333309,0.0,0.005699907085869427,0.026369628906250053
20,1.270447262940766,160,704,20,2,0,2,1.9666798461233537,512,0.06344533333333334,2.030125179456687,2.030125179456687,2.037036290567798,2.043841346874039,2.0697563859365387,6.236829994334976,0.7993091229957727,4.96638273139421,0.6962325831825877,0.0,0.006805056306240953,0.02591503906249981
21,1.633499670386686,96,1152,133,1,0,,1.7011326848183648,256,0.2603448888888889,1.9614775737072536,1.9614775737072536,1.9708775737072537,1.9810658501829483,2.0069480116412817,4.4546324273313855,0.3734483412545957,2.8211327569446993,0.0676330144316788,0.0,0.010188276475694646,0.02588216145833333
22,1.6788202200978606,128,1216,1,0,0,0,2.39033554999969,1024,0.06498133333333334,2.4553168833330234,2.4553168833330234,2.465072438888579,2.4872932379337174,2.5133722174259048,5.872672938997085,0.8345519973280442,4.193852718899224,0.7115153299018295,0.0,0.022220799045138406,0.026078979492187404
23,1.732356529845128,64,704,0,3,0,3,1.732356529845128,512,0.06344533333333334,1.7958018631784614,1.7958018631784614,1.8027129742895724,1.8132337225762212,1.8387998846855962,3.4458615220553876,0.10644335484046819,1.7135049922102596,0.0,0.0,0.010520748286648729,0.025566162109375012
24,1.7705390312426708,96,2240,6,5,0,5,2.6057325623448317,2048,0.06805333333333334,2.673785895678165,2.673785895678165,2.6892303401226094,2.704920598770979,2.731222356583479,5.218697592586084,0.9606833253408082,3.448158561343413,0.835193531102161,0.0,0.015690258648369593,0.026301757812499993
25,1.7848168920419705,160,2240,14,7,0,7,1.7848168920419705,2048,0.06805333333333334,1.8528702253753038,1.8528702253753038,1.8683146698197481,1.880009674549607,1.905782623768357,6.007709175805187,0.12096573172638658,4.222892283763216,0.0,0.0,0.01169500472985896,0.025772949218749952
26,1.8384853806612118,64,4288,19,6,0,6,1.9000884184725022,4096,0.07419733333333334,1.9742857518058354,1.9742857518058354,2.0011079740280575,2.0228515215526457,2.049352498115146,3.6979859942088957,0.21086711745393405,1.859500613547684,0.061603037811290395,0.0,0.02174354752458818,0.026500976562500167
27,1.8522368174769055,64,1280,1,0,0,0,2.4553168833330234,1088,0.06517333333333333,2.520490216666357,2.520490216666357,2.530601327777468,2.5394516851993423,2.5654406500430924,4.2267415948285585,0.7132038325661869,2.374504777351653,0.603080065856118,0.0,0.008850357421874122,0.02598896484375013
28,2.002234788841057,64,2304,2,4,0,4,2.002234788841057,2112,0.06824533333333334,2.0704801221743905,2.0704801221743905,2.0862801221743905,2.0887834875035214,2.1148913976597714,3.7548141515660216,0.11265660881871442,1.7525793627249646,0.0,0.0,0.002503365329130869,0.026107910156250025
29,2.0038393929885365,128,4288,3,0,0,0,2.520490216666357,4096,0.07419733333333334,2.59468754999969,2.59468754999969,2.6215097722219123,2.643410474261842,2.6695851975691336,6.032903896028335,0.6657458045805971,4.029064503039798,0.5166508236778204,0.0,0.021900702039929776,0.026174723307291536
30,2.0233591746041237,128,1152,101,6,0,,2.0233591746041237,256,0.2603448888888889,2.283704063493013,2.283704063493013,2.2931040634930127,2.314389119208896,2.340659504951083,5.615305086005771,0.3173003303469595,3.591945911401647,0.0,0.0,0.02128505571588324,0.02627038574218732
31,2.0922822178976106,160,640,152,6,0,,2.283704063493013,256,0.11658666666666667,2.4002907301596794,2.4002907301596794,2.406846285715235,2.4194735918651458,2.4455539629588956,6.531098949938063,0.353271745061285,4.438816732040452,0.1914218455954022,0.0,0.012627306149910922,0.026080371093749832
32,2.122256408925801,160,768,0,3,0,3,2.122256408925801,576,0.06363733333333334,2.1858937422591342,2.1858937422591342,2.193160408925801,2.196777423748096,2.222311212810596,6.276128737351483,0.10005480388479526,4.153872328425682,0.0,0.0,0.0036170148222951504,0.025533789062500034
33,2.1534390878141845,160,4352,3,0,0,0,2.59468754999969,4160,0.07438933333333334,2.6690768833330236,2.6690768833330236,2.6962546611108014,2.721936109027467,2.74824784172836,6.966144228059584,0.5948087539141755,4.8127051402454,0.44124846218550573,0.0,0.0256814479166656,0.026311732700893042
34,2.21847192083256,160,832,0,3,0,3,2.21847192083256,640,0.06382933333333334,2.2823012541658936,2.2823012541658936,2.289923476388116,2.298915509685596,2.324429669841846,6.378328151413983,0.10595774900928578,4.159856230581424,0.0,0.0,0.008992033297479995,0.025514160156249854
35,2.294064357196467,64,2176,10,2,0,,2.294064357196467,256,0.5478613333333333,2.8419256905298003,2.8419256905298003,2.857014579418689,2.873364784374039,2.899328407420914,4.540288368358414,0.6052640502244468,2.246224011161947,0.0,0.0,0.01635020495535011,0.02596362304687494
36,2.4027429891376606,64,4416,3,0,0,0,2.6690768833330236,4224,0.07458133333333333,2.743658216666357,2.743658216666357,2.77119154999969,2.7745600627105027,2.8009782145659714,4.46686898391896,0.3982352254283108,2.0641259947812998,0.266333894195363,0.0,0.00336851271081251,0.026418151855468697
37,2.5031930836367353,160,1152,5,4,0,,2.5031930836367353,256,0.2603448888888889,2.7635379725256244,2.7635379725256244,2.7729379725256242,2.793868448441021,2.819849893753521,6.922158842088714,0.3166568101167857,4.418965758451979,0.0,0.0,0.020930475915396762,0.025981445312500018
38,2.5048254552799984,160,896,0,3,0,3,2.5048254552799984,704,0.06402133333333333,2.5688467886133317,2.5688467886133317,2.5768245663911094,2.579598126873096,2.6051059393730958,6.659237968579782,0.10028048409309731,4.154412513299784,0.0,0.0,0.0027735604819865145,0.025507812499999893
39,2.775029596070347,64,640,28,1,0,,2.775029596070347,256,0.11658666666666667,2.8916162627370134,2.8916162627370134,2.898171818292569,2.913131279870448,2.938884209557948,4.5572408257688855,0.16385461348760133,1.7822112296985386,0.0,0.0,0.014959461577879196,0.025752929687500092
40,3.010625784815103,64,1344,1,0,0,0,3.010625784815103,1152,0.06536533333333333,3.075991118148436,3.075991118148436,3.086457784815103,3.091610111538628,3.117948815965711,4.78475392393012,0.10732303115060837,1.7741281391150174,0.0,0.0,0.005152326723524947,0.026338704427083304
41,3.1161652693679636,64,1152,17,1,0,,3.1161652693679636,256,0.2603448888888889,3.3765101582568526,3.3765101582568526,3.3859101582568525,3.402520440026698,3.428242705651698,5.046518169518886,0.3120774362837344,1.9303529001509223,0.0,0.0,0.01661028176984569,0.025722265624999796
42,3.2671365966899173,128,1152,41,4,0,,3.2671365966899173,256,0.2603448888888889,3.5274814855788064,3.5274814855788064,3.536881485578806,3.5475286046910215,3.5734375890660215,6.844681452223263,0.3063009923761042,3.5775448555333456,0.0,0.0,0.010647119112215275,0.025908984375
43,3.3288397577221622,96,704,8,7,0,7,3.3288397577221622,512,0.06344533333333334,3.3922850910554954,3.3922850910554954,3.3991962021666065,3.4014491276746073,3.4271592839246074,5.878020862003103,0.09831952620244522,2.5491811042809407,0.0,0.0,0.002252925508000825,0.02571015625000017
44,3.4229914336645586,128,4096,0,2,0,3,3.4229914336645586,0,1.1580657777777779,4.581057211442337,4.581057211442337,4.606812766997892,4.61904056562404,4.6455417049469565,7.998816624729324,1.222550271282398,4.575825191064766,0.0,0.0,0.012227798626147646,0.026501139322916423
45,3.6418283166720706,64,640,16,3,0,,3.6418283166720706,256,0.11658666666666667,3.7584149833387372,3.7584149833387372,3.7649705388942927,3.7763246161309088,3.801727814373096,5.406934993270044,0.15989949770102552,1.765106676597973,0.0,0.0,0.011354077236616078,0.025403198242187397
46,3.7628211730283483,160,1024,0,3,0,3,3.7628211730283483,768,0.08218311111111111,3.8450042841394594,3.8450042841394594,3.8536931730283484,3.877940338787159,3.9033644598809087,7.961681795890978,0.14054328685256046,4.198860622862629,0.0,0.0,0.024247165758810585,0.025424121093749807
47,3.7947579192599155,160,1216,5,4,0,4,3.7947579192599155,1024,0.06498133333333334,3.859739252593249,3.859739252593249,3.8694948081488043,3.8840792882847714,3.9098816320347716,8.0096960473761,0.11512371277485611,4.214938128116184,0.0,0.0,0.014584480135967137,0.025802343750000123
48,3.866540177814576,96,4480,3,0,0,0,3.866540177814576,4288,0.07477333333333333,3.9413135111479094,3.9413135111479094,3.9692024000367985,3.9879049520334195,4.014379127380642,6.542531923372085,0.1478389495660659,2.675991745557509,0.0,0.0,0.018702551996621075,0.026474175347222406
49,3.9112181224202573,128,640,32,6,0,,3.9112181224202573,256,0.11658666666666667,4.027804789086924,4.027804789086924,4.03436034464248,4.059918123115145,4.0856653887401455,7.33334512158055,0.17444726631988816,3.4221269991602923,0.0,0.0,0.02555777847266505,0.025747265625000182
50,3.953305903916091,64,1152,57,1,0,,3.953305903916091,256,0.2603448888888889,4.21365079280498,4.21365079280498,4.2230507928049805,4.2238676812376355,4.249506255456385,5.870289898034511,0.296200351540294,1.9169839941184201,0.0,0.0,0.0008168884326549275,0.02563857421874971
51,3.965359195888936,160,640,12,7,0,,3.965359195888936,256,0.11658666666666667,4.081945862555603,4.081945862555603,4.088501418111159,4.097733112049608,4.123462604237107,8.228718794945811,0.15810340834817138,4.263359599056875,0.0,0.0,0.009231693938448693,0.02572949218749976
52,4.01781883799699,128,1152,25,5,0,,4.01781883799699,256,0.2603448888888889,4.278163726885879,4.278163726885879,4.287563726885879,4.310221380020979,4.336399114395979,7.621889120906396,0.3185802763989889,3.6040702829094062,0.0,0.0,0.022657653135100375,0.026177734374999595
53,4.025543860299034,128,1088,0,3,0,3,4.025543860299034,896,0.06459733333333334,4.090141193632367,4.090141193632367,4.099185638076811,4.106775006755909,4.132220644776742,7.37353900075209,0.1066767844777079,3.3479951404530564,0.0,0.0,0.007589368679097319,0.025445638020832995
54,4.074702229284645,128,4224,131,2,0,,4.581057211442337,256,1.1228942222222222,5.703951433664559,5.703951433664559,5.730418100331226,5.732508827342789,5.7591656876943516,9.079205628906843,1.6844634584097067,5.004503399622198,0.506354982157692,0.0,0.002090727011562876,0.02665686035156245
55,4.101516941706568,160,1152,0,3,0,3,4.101516941706568,960,0.06478933333333334,4.166306275039902,4.166306275039902,4.175706275039902,4.183113385662158,4.208576973831801,8.268969881828475,0.10706003212523285,4.167452940121907,0.0,0.0,0.0074071106222559635,0.025463588169643003
56,4.2398589603162,160,1152,109,5,0,,4.278163726885879,256,0.2603448888888889,4.538508615774767,4.538508615774767,4.547908615774768,4.572020696427229,4.598099960750146,8.72250895326317,0.3582410004339458,4.482649992946969,0.03830476656967896,0.0,0.024112080652461287,0.02607926432291663
57,4.308406943362602,64,1408,1,0,0,0,4.308406943362602,1216,0.06555733333333334,4.3739642766959355,4.3739642766959355,4.3847864989181575,4.387081508333023,4.413676845247085,6.086138368684585,0.10526990188448337,1.7777314253219831,0.0,0.0,0.00229500941486549,0.02659533691406235
58,4.322724503692816,160,1152,117,7,0,,4.322724503692816,256,0.2603448888888889,4.583069392581705,4.583069392581705,4.592469392581705,4.612415729237107,4.638119635487107,8.750257808617686,0.3153951317942907,4.42753330492487,0.0,0.0,0.019946336655401353,0.025703906250000408
59,4.360536067568796,160,2368,2,4,0,4,4.360536067568796,2176,0.06843733333333334,4.428973400902129,4.428973400902129,4.445128956457685,4.450504402217063,4.476237922724875,8.582064504407352,0.11570185515607978,4.221528436838557,0.0,0.0,0.005375445759377762,0.025733520507812635
60,4.3608556533263725,160,1216,0,3,0,3,4.3608556533263725,1024,0.06498133333333334,4.425836986659705,4.425836986659705,4.435592542215261,4.437771240014836,4.4632553708742115,8.525264620598003,0.10239971754783905,4.164408967271631,0.0,0.0,0.0021786977995752466,0.025484130859375398
61,4.360909568713009,128,1152,13,4,0,,4.428973400902129,256,0.2603448888888889,4.689318289791018,4.689318289791018,4.698718289791018,4.707861579951438,4.733564802607688,8.0096960473761,0.3726552338946796,3.648786478663091,0.06806383218912071,0.0,0.009143290160420037,0.025703222656249913
62,4.454598706614554,160,2304,14,7,0,7,4.583069392581705,2112,0.06824533333333334,4.6513147259150385,4.6513147259150385,4.667114725915038,4.689528912830856,4.715304222075648,8.828773433617684,0.260705515461094,4.37417472700313,0.12847068596715072,0.0,0.022414186915818313,0.025775309244791877
63,4.492523494968781,96,2176,98,4,0,,4.689318289791018,256,0.5478613333333333,5.2371796231243515,5.2371796231243515,5.252268512013241,5.273445271357689,5.299217325394148,7.750508686885029,0.8066938304253668,3.257985191916248,0.19679479482223705,0.0,0.021176759344448293,0.02577205403645877
64,4.659596600049346,64,1216,13,4,0,4,5.2371796231243515,1024,0.06498133333333334,5.302160956457685,5.302160956457685,5.311916512013241,5.324989867711856,5.350737286796677,6.973829984666838,0.6911406867473309,2.3142333846174923,0.5775830230750056,0.0,0.013073355698614897,0.025747419084821033
65,4.695550820232768,96,1280,13,4,0,4,5.302160956457685,1088,0.06517333333333333,5.367334289791018,5.367334289791018,5.377445400902129,5.402233589810069,5.427966988247569,7.8800012231573495,0.7324161680148009,3.1844504029245817,0.6066101362249174,0.0,0.02478818890793999,0.025733398437499666
66,4.722719486542127,160,640,80,6,0,,4.722719486542127,256,0.11658666666666667,4.839306153208794,4.839306153208794,4.84586170876435,4.853026033271395,4.878428254951083,8.96662598599337,0.15570876840895576,4.243906499451242,0.0,0.0,0.007164324507045627,0.025402221679687642
67,4.751652057049968,64,2176,30,1,0,,4.751652057049968,256,0.5478613333333333,5.299513390383302,5.299513390383302,5.314602279272191,5.327904399987636,5.353727398034511,6.9899805718626355,0.602075340984543,2.2383285148126673,0.0,0.0,0.01330212071544512,0.025822998046875156
68,4.78321302875281,64,1280,0,3,0,3,4.78321302875281,1088,0.06517333333333333,4.848386362086143,4.848386362086143,4.858497473197254,4.871067870874211,4.896575032332544,6.506125460441761,0.11336200357973425,1.7229124316889513,0.0,0.0,0.012570397676957334,0.025507161458333094
69,4.848940009265313,128,2368,14,7,0,7,4.848940009265313,2176,0.06843733333333334,4.9173773425986465,4.9173773425986465,4.933532898154202,4.947303977935023,4.973137892555559,8.254819771508311,0.12419788329024595,3.405879762242998,0.0,0.0,0.01377107978082126,0.025833914620535303
70,4.9381689505635515,64,2176,54,1,0,,5.299513390383302,256,0.5478613333333333,5.847374723716635,5.847374723716635,5.8624636126055245,5.870289898034511,5.8963575249876365,7.534158794518885,0.958188574424085,2.5959898439553335,0.3613444398197503,0.0,0.007826285428986779,0.026067626953125256
71,5.112843462148313,160,1344,0,3,0,3,5.112843462148313,1152,0.06536533333333333,5.1782087954816465,5.1782087954816465,5.188675462148313,5.202699055770044,5.2282268389731685,9.294369845207378,0.11538337682485533,4.181526383059064,0.0,0.0,0.014023593621730335,0.025527783203124876
72,5.197794163913669,160,4224,7,6,0,,5.197794163913669,256,1.1228942222222222,6.320688386135892,6.320688386135892,6.347155052802559,6.350580639391188,6.376367504625563,10.505450293099022,1.1785733407118935,5.307656129185353,0.0,0.0,0.003425586588629237,0.0257868652343749
73,5.264878767280184,64,2176,26,1,0,,5.847374723716635,256,0.5478613333333333,6.395236057049969,6.395236057049969,6.410324945938858,6.417812603112636,6.443885357018886,8.079117388268887,1.1790065897387025,2.8142386209887036,0.5824959564364516,0.0,0.007487657173777862,0.026072753906250412
74,5.294326135764307,96,1472,1,0,0,0,5.294326135764307,1280,0.06574933333333334,5.360075469097641,5.360075469097641,5.371253246875419,5.39589357236762,5.42232765439887,7.943984853059584,0.1280015186345631,2.649658717295277,0.0,0.0,0.024640325492200965,0.026434082031250306
75,5.300279776053644,64,2432,14,7,0,7,5.300279776053644,2240,0.06862933333333333,5.368909109386977,5.368909109386977,5.385420220498088,5.38654693273413,5.4124323087106925,7.043347603539562,0.11215253265704828,1.743067827485918,0.0,0.0,0.0011267122360418824,0.025885375976562486
76,5.307227661358643,64,2176,22,5,0,,5.307227661358643,256,0.5478613333333333,5.855088994691976,5.855088994691976,5.870177883580865,5.887945802221502,5.913771607885565,7.543950644343896,0.606543946526922,2.2367229829852535,0.0,0.0,0.017767918640636537,0.025825805664062784
77,5.540390237481413,128,4544,3,0,0,0,5.540390237481413,4352,0.07496533333333334,5.615355570814746,5.615355570814746,5.6436000152591905,5.66025636533637,5.686806728059585,9.055591251287828,0.1464164905781722,3.515201013806415,0.0,0.0,0.016656350077179916,0.026550362723214427
78,5.644943702621641,96,1152,29,1,0,,6.395236057049969,256,0.2603448888888889,6.6555809459388575,6.6555809459388575,6.664980945938858,6.6785621148313865,6.704510967370449,9.164984346160447,1.0595672647488072,3.520040643538805,0.7502923544283275,0.0,0.013581168892528694,0.025948852539062095
79,5.763965516274126,64,1408,0,3,0,3,5.763965516274126,1216,0.06555733333333334,5.82952284960746,5.82952284960746,5.840345071829682,5.841395116967961,5.866968652124211,7.475672789814589,0.10300313585008425,1.7117072735404628,0.0,0.0,0.0010500451382791098,0.025573535156249605
80,5.892112533673403,160,4224,55,5,0,,5.892112533673403,256,1.1228942222222222,7.015006755895626,7.015006755895626,7.041473422562293,7.049806357234522,7.075899008601709,11.274465297431693,1.183786474928306,5.3823527637582895,0.0,0.0,0.00833293467222962,0.02609265136718708
81,5.942517132203639,128,768,20,2,0,2,5.942517132203639,576,0.06363733333333334,6.006154465536972,6.006154465536972,6.013421132203638,6.025761146678726,6.052165931834976,9.360147401367781,0.10964879963133711,3.4176302691641425,0.0,0.0,0.012340014475087813,0.026404785156249666
82,6.056587861188767,160,4224,15,1,0,,6.6555809459388575,256,1.1228942222222222,7.77847516816108,7.77847516816108,7.804941834827747,7.818327251550135,7.844572368737635,11.961725248821965,1.7879845075488685,5.905137387633198,0.5989930847500906,0.0,0.013385416722388577,0.0262451171875
83,6.137131110180902,128,1216,45,6,0,,6.320688386135892,256,0.27831466666666665,6.5990030528025585,6.5990030528025585,6.608758608358114,6.608870922594314,6.634713085680252,9.929230461904824,0.49758197549935,3.7920993517239223,0.18355727595498994,0.0,0.0001123142362002838,0.025842163085937564
84,6.140725164372278,160,256,122,3,0,,6.140725164372278,0,0.07987911111111111,6.22060427548339,6.22060427548339,6.225026497705612,6.22504941384296,6.2505888314565965,10.320170364878132,0.10986366708431827,4.179445200505854,0.0,0.0,2.2916137348616417e-05,0.025539417613636317
85,6.147957344103547,64,640,4,6,0,,6.5990030528025585,256,0.11658666666666667,6.715589719469225,6.715589719469225,6.722145275024781,6.738086620836502,6.763824804430252,8.395050844934339,0.6158674603267045,2.2470935008307915,0.45104570869901117,0.0,0.01594134581172124,0.025738183593749575
86,6.1769589341727364,160,640,60,1,0,,7.77847516816108,256,0.11658666666666667,7.895061834827747,7.895061834827747,7.9016173903833025,7.923310649987636,7.949324077722011,12.064246314670177,1.7723651435492744,5.88728738049744,1.6015162339883435,0.0,0.021693259604333548,0.026013427734374872
87,6.222146356758387,64,1216,109,5,0,5,7.015006755895626,1024,0.06498133333333334,7.079988089228959,7.079988089228959,7.089743644784514,7.1019921482501465,7.127985800593897,8.77570182435692,0.90583944383551,2.5535554675985335,0.7928603991372389,0.0,0.012248503465632332,0.025993652343750284
88,6.414659878445074,160,2432,2,4,0,4,6.414659878445074,2240,0.06862933333333333,6.483289211778407,6.483289211778407,6.499800322889518,6.509210640591318,6.535013157952429,10.647299871823135,0.12035327950735475,4.2326399933780605,0.0,0.0,0.009410317701799897,0.025802517361110944
89,6.442756862250341,128,1536,1,0,0,0,6.442756862250341,1344,0.06594133333333334,6.508698195583674,6.508698195583674,6.520231528917007,6.542531923372085,6.569011903840835,9.922919736685895,0.12625504159049417,3.480162874435554,0.0,0.0,0.02230039445507792,0.026479980468749886
90,6.448139758960848,128,256,49,3,0,7,6.448139758960848,0,0.07987911111111111,6.52801887007196,6.52801887007196,6.532441092294182,6.557223971183949,6.582726738111032,9.832332631200677,0.1345869791501837,3.3841928722398285,0.0,0.0,0.024782878889767268,0.025502766927083087
91,6.521499106768349,128,2176,82,2,0,,6.521499106768349,256,0.5478613333333333,7.069360440101683,7.069360440101683,7.084449328990572,7.0848638485016435,7.1112613094391435,10.382200685059189,0.5897622026707943,3.86070157829084,0.0,0.0,0.00041451951107163154,0.02639746093749995
92,6.688354340305728,128,2240,18,0,0,0,6.688354340305728,2048,0.06805333333333334,6.756407673639061,6.756407673639061,6.771852118083506,6.780869325715835,6.807275575715835,10.159258164420269,0.1189212354101068,3.470903824114541,0.0,0.0,0.00901720763232916,0.026406249999999964
93,6.698598626108175,128,640,136,2,0,,7.069360440101683,256,0.11658666666666667,7.185947106768349,7.185947106768349,7.192502662323905,7.216856036001644,7.2430384578766445,10.50939111474669,0.5444398317684698,3.8107924886385147,0.37076181399350805,0.0,0.024353373677739043,0.026182421875000195
94,6.764520035261332,160,4608,3,0,0,0,6.764520035261332,4416,0.07515733333333334,6.839677368594665,6.839677368594665,6.868277368594665,6.886497255403335,6.9130457580075015,11.10360060768664,0.14852572274616982,4.339080572425309,0.0,0.0,0.01821988680867026,0.026548502604166302
95,6.795016456539444,160,1344,13,4,0,4,6.795016456539444,1152,0.06536533333333333,6.860381789872777,6.860381789872777,6.870848456539444,6.896345636793575,6.922158842088714,11.034021045473702,0.12714238554926993,4.239004588934258,0.0,0.0,0.02549718025413128,0.02581320529513853
96,6.813659867246588,160,4288,7,6,0,6,6.813659867246588,4096,0.07419733333333334,6.887857200579921,6.887857200579921,6.914679422802143,6.918264159899001,6.944231119534418,11.07693052933414,0.1305712522878304,4.263270662087552,0.0,0.0,0.003584737096858248,0.025966959635416842
97,6.828776674327601,128,768,8,7,0,7,6.828776674327601,576,0.06363733333333334,6.892414007660935,6.892414007660935,6.899680674327601,6.914239937523938,6.9400604941645625,10.241257035505706,0.11128381983696123,3.4124803611781047,0.0,0.0,0.014559263196336936,0.02582055664062466
98,6.920360386712752,128,1152,153,2,0,,7.185947106768349,256,0.2603448888888889,7.446291995657238,7.446291995657238,7.455691995657238,7.4787022274078945,7.504785397980811,10.763911134277937,0.5844250112680589,3.8435507475651844,0.26558672005559725,0.0,0.023010231750656196,0.026083170572916536
99,6.961930581131274,64,4096,76,0,0,,6.961930581131274,0,1.1580657777777779,8.119996358909052,8.119996358909052,8.145751914464608,8.156841298372088,8.183528700715838,9.844377174836938,1.2215981195845638,2.882446593705663,0.0,0.0,0.011089383907480155,0.02668740234375022
100,6.984098052568324,160,4224,155,7,0,,6.984098052568324,256,1.1228942222222222,8.106992274790546,8.106992274790546,8.133458941457212,8.150773970727062,8.176755090518729,12.347017047402721,1.1926570379504042,5.362918994834397,0.0,0.0,0.017315029269850513,0.025981119791666174
101,7.029803328970863,64,1600,1,0,0,0,8.119996358909052,1408,0.06613333333333334,8.186129692242385,8.186129692242385,8.198018581131274,8.210216591340838,8.236753782096047,9.89673492223277,1.2069504531251836,2.8669315932619073,1.090193029938189,0.0,0.012198010209564458,0.02653719075520833
102,7.050457477789014,96,1664,1,0,0,0,8.186129692242385,1472,0.06632533333333333,8.252455025575719,8.252455025575719,8.264699470020163,8.289829628450214,8.316264547535035,10.814359233988721,1.2658070697460202,3.763901756199707,1.135672214453371,0.0,0.025130158430050287,0.026434919084820763
103,7.07932184557385,160,640,108,1,0,,7.895061834827747,256,0.11658666666666667,8.011648501494413,8.011648501494413,8.018204057049969,8.027367290612636,8.053242095300137,12.166935767795175,0.9739202497262864,5.087613922221325,0.8157399892538963,0.0,0.009163233562667017,0.025874804687500585
104,7.107443986901563,64,4224,67,5,0,,7.107443986901563,256,1.1228942222222222,8.230338209123785,8.230338209123785,8.25680487579045,8.274509563614732,8.300858562638169,9.986058198752382,1.1934145757366057,2.8786142118508184,0.0,0.0,0.01770468782428125,0.026348999023436903
105,7.115710696545927,96,704,4,6,0,6,7.115710696545927,512,0.06344533333333334,7.17915602987926,7.17915602987926,7.186067140990371,7.203927571357335,7.229810104839478,9.694774895498577,0.11409940829355136,2.5790641989526506,0.0,0.0,0.017860430366964053,0.02588253348214309
106,7.2393726483491925,64,4224,79,5,0,,8.230338209123785,256,1.1228942222222222,9.353232431346006,9.353232431346006,9.379699098012672,9.398740154435043,9.425823976049626,11.091535989706001,2.186451327700434,3.8521633413568086,0.9909655607745922,0.0,0.019041056422370417,0.02708382161458367
107,7.241911067107703,160,2304,18,0,0,0,8.252455025575719,2112,0.06824533333333334,8.320700358909052,8.320700358909052,8.336500358909053,8.342699954901105,8.369096988592512,12.544485861592891,1.1271859214848083,5.302574794485188,1.0105439584680154,0.0,0.006199595992052664,0.026397033691406335
108,7.25704809114488,160,2048,138,7,0,,8.106992274790546,0,0.5830328888888889,8.690025163679435,8.690025163679435,8.704402941457213,8.724193062523936,8.750257808617686,12.916983746621472,1.4932097174728058,5.659935655476592,0.8499441836456656,0.0,0.019790121066723287,0.026064746093750202
109,7.259801177417473,128,1472,0,3,0,3,7.259801177417473,1280,0.06574933333333334,7.325550510750807,7.325550510750807,7.336728288528585,7.347999992505562,7.37353900075209,10.629289645012058,0.1137378233346169,3.369488467594585,0.0,0.0,0.011271703976976966,0.025539008246528105
110,7.2636178897653325,128,2176,110,1,0,,8.011648501494413,256,0.5478613333333333,8.559509834827747,8.559509834827747,8.574598723716635,8.595635942956388,8.621513286706389,11.910025681299643,1.357895396941056,4.646407791534311,0.7480306117290807,0.0,0.021037219239753213,0.025877343750000392
111,7.3544126198995645,160,2496,2,4,0,4,7.3544126198995645,2304,0.06882133333333333,7.423233953232898,7.423233953232898,7.440100619899565,7.465376789912373,7.4912954300490915,11.601295846215491,0.13688281014952697,4.246883226315926,0.0,0.0,0.02527617001280813,0.02591864013671863
112,7.387813034000237,96,1536,0,3,0,3,7.387813034000237,1344,0.06594133333333334,7.45375436733357,7.45375436733357,7.465287700666903,7.475672789814589,7.501211364033339,9.9350134260528,0.11339833003310229,2.547200392052563,0.0,0.0,0.010385089147685989,0.025538574218749943
113,7.412851585847443,96,512,0,6,0,3,7.412851585847443,0,0.15175822222222224,7.564609808069665,7.564609808069665,7.57045425251411,7.59306680126805,7.618938104281442,10.08585375292045,0.20608651843399883,2.6730021670730064,0.0,0.0,0.0226125487539397,0.025871303013392577
114,7.471681144864588,160,1664,0,3,0,3,7.471681144864588,1408,0.0841031111111111,7.555784255975699,7.555784255975699,7.568028700420144,7.5778300163770895,7.603400762904867,11.685475976624783,0.13171961804027887,4.213794831760195,0.0,0.0,0.009801315956945444,0.025570746527777466
115,7.559387038521584,160,832,20,2,0,2,7.559387038521584,640,0.06382933333333334,7.623216371854918,7.623216371854918,7.63083859407714,7.635208575064145,7.661197553858788,11.72879663232481,0.10181051533720353,4.169409593803226,0.0,0.0,0.004369980987005029,0.02598897879464257
116,7.614681322872209,96,1152,105,2,0,,7.623216371854918,256,0.2603448888888889,7.883561260743806,7.883561260743806,7.892961260743807,7.895120335666824,7.921060277073074,10.356649415527938,0.3063789542008646,2.7419680926557293,0.008535048982708737,0.0,0.0021590749230169237,0.02593994140625
117,7.6202564141715925,96,2240,22,5,0,5,9.353232431346006,2048,0.06805333333333334,9.42128576467934,9.42128576467934,9.436730209123784,9.45290828594546,9.479745322078273,11.976878932685599,1.8594889079066803,4.356622518514007,1.7329760171744137,0.0,0.016178076821676157,0.02683703613281274
118,7.6254787954591094,96,1664,0,3,0,3,7.6254787954591094,1536,0.04854755555555555,7.674026351014665,7.674026351014665,7.68627079545911,7.705688631828478,7.731285750969103,10.166070825257597,0.1058069555099932,2.5405920297984874,0.0,0.0,0.019417836369368224,0.02559711914062479
119,7.693130107988815,160,2176,118,7,0,,8.690025163679435,256,0.5478613333333333,9.237886497012768,9.237886497012768,9.252975385901657,9.273606766951017,9.299750687849455,13.457741036931802,1.6066205798606399,5.764610928942987,0.9968950556906195,0.0,0.020631381049360797,0.026143920898437756
120,7.749749556589741,64,704,136,2,0,2,7.883561260743806,512,0.06344533333333334,7.9470065940771395,7.9470065940771395,7.953917705188251,7.972941624729324,7.998816624729324,9.615634278809187,0.24906706813958301,1.8658847222194463,0.1338117041540654,0.0,0.019023919541073298,0.025875000000000092
121,7.762835846385498,96,1152,65,1,0,,8.559509834827747,256,0.2603448888888889,8.819854723716636,8.819854723716636,8.829254723716636,8.854431353112638,8.880260291914722,11.339268522747746,1.117424445529224,3.5764326763622485,0.7966739884422491,0.0,0.02517662939600207,0.025828938802083812
122,7.952755492301658,128,1152,81,5,0,,9.42128576467934,256,0.2603448888888889,9.681630653568229,9.681630653568229,9.691030653568228,9.694459189265775,9.721044833797025,13.041202488768194,1.7682893414953673,5.088446996466536,1.4685302723776816,0.0,0.003428535697546309,0.026585644531250452
123,8.021257286874745,160,1216,101,6,0,6,8.021257286874745,1024,0.06498133333333334,8.086238620208078,8.086238620208078,8.095994175763634,8.110585634973406,8.136430788781999,12.255384130989647,0.11517350190725395,4.234126844114902,0.0,0.0,0.014591459209771784,0.02584515380859287
124,8.145387766683484,160,704,24,4,0,,8.145387766683484,256,0.13455644444444445,8.279944211127928,8.279944211127928,8.28685532223904,8.296673586438601,8.322615773938601,12.424932137719395,0.1772280072551169,4.279544371035911,0.0,0.0,0.009818264199561,0.025942187500000102
125,8.211838192118181,160,1664,0,3,0,3,8.211838192118181,1536,0.04854755555555555,8.260385747673737,8.260385747673737,8.272630192118182,8.294576632316756,8.320206677889674,12.40806845360581,0.10836848577149283,4.19623026148763,0.0,0.0,0.02194644019857428,0.02563004557291748
126,8.259883267620078,128,4352,7,6,0,6,8.259883267620078,4160,0.07438933333333334,8.33427260095341,8.33427260095341,8.361450378731188,8.369059145715589,8.395050844934339,11.694717080673424,0.13516757731426132,3.4348338130533467,0.0,0.0,0.007608766984400717,0.025991699218749886
127,8.374742363283495,160,768,4,6,0,6,8.374742363283495,576,0.06363733333333334,8.43837969661683,8.43837969661683,8.445646363283496,8.44719781759059,8.473194345368368,12.586191329650358,0.09845198208487282,4.211448966366863,0.0,0.0,0.0015514543070942466,0.025996527777778056
128,8.377328386786589,160,1152,53,4,0,,8.377328386786589,256,0.2603448888888889,8.637673275675478,8.637673275675478,8.647073275675478,8.659693532727665,8.685507888196415,12.784806779646477,0.30817950140982653,4.407478392859888,0.0,0.0,0.012620257052187611,0.025814355468749994
129,8.412914615256776,64,704,76,4,0,,8.637673275675478,256,0.13455644444444445,8.772229720119922,8.772229720119922,8.779140831231034,8.788770192883916,8.814508148613083,10.440635631766318,0.40159353335630676,2.027721016509542,0.2247586604187024,0.0,0.009629361652882196,0.025737955729166373
130,8.477092070179612,128,2304,6,5,0,5,9.681630653568229,2112,0.06824533333333334,9.749875986901563,9.749875986901563,9.765675986901563,9.774217587703276,9.80072767884911,13.118918309080694,1.3236356086694983,4.641826238901082,1.2045385833886169,0.0,0.0085416008017134,0.026510091145834025
131,8.554962074282608,128,896,20,2,0,2,8.554962074282608,704,0.06402133333333333,8.618983407615941,8.618983407615941,8.62696118539372,8.642140904514482,8.667846687934622,11.907264894043562,0.11288461365201385,3.352302819760954,0.0,0.0,0.015179719120762769,0.02570578342013974
132,8.585868923674594,160,2240,26,1,0,1,8.819854723716636,2048,0.06805333333333334,8.88790805704997,8.88790805704997,8.903352501494414,8.906089718998055,8.931957325024841,13.041527469339075,0.3460884013502472,4.45565854566448,0.23398580004204206,0.0,0.0027372175036415314,0.02586760602678595
133,8.632705430921163,128,832,4,6,0,6,8.632705430921163,640,0.06382933333333334,8.696534764254496,8.696534764254496,8.704156986476718,8.70718506802462,8.73312696255587,12.026027929817772,0.1004215316347068,3.393322498896609,0.0,0.0,0.003028081547901351,0.025941894531250398
134,8.661392621891434,96,4224,31,7,0,,9.237886497012768,256,1.1228942222222222,10.36078071923499,10.36078071923499,10.387247385901656,10.39968525816196,10.426255692732271,12.916983746621472,1.7648630708408373,4.255591124730039,0.5764938751213347,0.0,0.012437872260303351,0.02657043457031172
135,8.730776821100116,96,2560,2,4,0,4,8.772229720119922,2368,0.06901333333333334,8.841243053453255,8.841243053453255,8.858465275675476,8.865985524915166,8.891797885406238,11.343503582760633,0.16102106430612118,2.6127267616605163,0.041452899019805756,0.0,0.007520249239689747,0.02581236049107183
136,8.77487743930633,96,2240,54,1,0,1,8.88790805704997,2048,0.06805333333333334,8.955961390383303,8.955961390383303,8.971405834827747,8.983694001922164,9.009591157683882,11.468936491497749,0.23471371837755228,2.6940590521914185,0.11303061774363954,0.0,0.01228816709441638,0.025897155761718693
137,8.984780869450931,96,1280,5,4,0,4,8.984780869450931,1088,0.06517333333333333,9.049954202784265,9.049954202784265,9.060065313895377,9.072498080718738,9.098290439117175,11.549714520260629,0.11350956966624359,2.5649336508096976,0.0,0.0,0.012432766823360808,0.025792358398437187
138,9.044175760436167,128,2624,2,4,0,4,9.049954202784265,2432,0.06920533333333334,9.119159536117598,9.119159536117598,9.136737313895376,9.1498766207578,9.175724602528634,12.450734709333979,0.1315488420924673,3.4065589488978123,0.005778442348098878,0.0,0.01313930686242415,0.02584798177083414
139,9.116925906644237,96,704,28,1,0,1,9.116925906644237,512,0.06344533333333334,9.180371239977571,9.180371239977571,9.187282351088683,9.190926519709553,9.216794317561115,11.676225065716498,0.09986841091687815,2.5592991590722605,0.0,0.0,0.003644168620869692,0.025867797851562457
140,9.328678559113571,96,1344,5,4,0,4,9.328678559113571,1152,0.06536533333333333,9.394043892446906,9.394043892446906,9.404510559113572,9.40837841112238,9.43421161424738,11.884333016625645,0.10553305513380806,2.555654457512073,0.0,0.0,0.003867852008808015,0.025833203124999926
141,9.376803921629904,96,512,119,2,0,,9.376803921629904,0,0.15175822222222224,9.528562143852126,9.528562143852126,9.53440658829657,9.53906488183653,9.5645875258795,11.98510742334044,0.18778360424959573,2.6083035017105356,0.0,0.0,0.004658293539961278,0.02552264404296878
142,9.413605467882826,128,1280,45,6,0,6,9.413605467882826,1088,0.06517333333333333,9.47877880121616,9.47877880121616,9.488889912327272,9.512908538076701,9.538887981436076,12.815389864806606,0.12528251355325004,3.40178439692378,0.0,0.0,0.024018625749429034,0.02597944335937541
143,9.470414426108647,96,704,16,3,0,3,9.470414426108647,512,0.06344533333333334,9.533859759441981,9.533859759441981,9.540770870553093,9.550707387060054,9.57630724057568,12.020374536195098,0.10589281446703325,2.5499601100864506,0.0,0.0,0.009936516506961368,0.02559985351562588
144,9.605913059028904,96,2048,71,7,0,,10.36078071923499,0,0.5830328888888889,10.943813608123879,10.943813608123879,10.958191385901657,10.984347611677581,11.01081255308383,13.483587167302895,1.404899494054927,3.8776741082739914,0.7548676602060862,0.0,0.02615622577592447,0.026464941406249665
145,9.670876924391743,128,1152,89,7,0,,10.943813608123879,256,0.2603448888888889,11.204158497012768,11.204158497012768,11.213558497012768,11.222549662458832,11.248867859073416,14.542232954133253,1.5779909346816723,4.871356029741509,1.2729366837321354,0.0,0.008991165446063931,0.02631819661458401
146,9.679977324755441,128,2368,6,5,0,5,9.749875986901563,2176,0.06843733333333334,9.818313320234896,9.818313320234896,9.834468875790451,9.853749325984527,9.880210123975598,13.196427586424445,0.20023279922015647,3.5164502616690037,0.06989866214612128,0.0,0.019280450194075982,0.026460797991070706
147,9.700615502899716,128,768,24,4,0,4,9.700615502899716,576,0.06363733333333334,9.76425283623305,9.76425283623305,9.771519502899716,9.79592772752863,9.821725934204766,13.093436174177725,0.12111043130505017,3.3928206712780096,0.0,0.0,0.0244082246289139,0.02579820667613575
148,9.76084435844708,128,1216,53,4,0,4,9.76425283623305,1024,0.06498133333333334,9.829234169566384,9.829234169566384,9.83898972512194,9.847524629162152,9.873306692964235,13.145071102563142,0.11246233451715426,3.384226744116061,0.0034084777859693105,0.0,0.00853490404021251,0.025782063802083144
149,9.8030354635708,64,2176,114,5,0,,9.818313320234896,256,0.5478613333333333,10.36617465356823,10.36617465356823,10.381263542457118,10.381481782736754,10.40780397860729,12.054896092283816,0.6047685150364899,2.2518606287130147,0.015277856664095424,0.0,0.0002182402796364613,0.02632219587053619
150,9.81433009087787,128,1728,1,0,0,0,9.81433009087787,1536,0.06651733333333333,9.880847424211204,9.880847424211204,9.893447424211205,9.89673492223277,9.922919736685895,13.257535706970497,0.10858964580802422,3.4432056160926265,0.0,0.0,0.0032874980215655825,0.02618481445312426
151,9.844340362462535,128,1664,0,3,0,3,9.844340362462535,1536,0.04854755555555555,9.892887918018092,9.892887918018092,9.905132362462536,9.909328794705143,9.9350134260528,13.207960196614863,0.09067306359026439,3.3636198341523276,0.0,0.0,0.004196432242606463,0.02568463134765686
152,9.91218296236993,160,2240,30,1,0,1,9.91218296236993,2048,0.06805333333333334,9.980236295703262,9.980236295703262,9.995680740147707,10.018938238459555,10.044845030994276,14.145073019004256,0.13266206862434693,4.232890056634327,0.0,0.0,0.02325749831184787,0.02590679253472139
153,9.961011269936877,96,2432,6,5,0,5,10.36617465356823,2240,0.06862933333333333,10.434803986901564,10.434803986901564,10.451315098012675,10.460449835192113,10.486756475817113,12.963630955565069,0.5257452058802361,3.0026196856281917,0.4051633836313524,0.0,0.009134737179438801,0.0263066406250001
154,9.96904894871782,160,512,8,7,0,7,11.204158497012768,0,0.15175822222222224,11.35591671923499,11.35591671923499,11.361761163679434,11.380466166365082,11.406634274624011,15.52382287577574,1.4375853259061913,5.554773927057921,1.2351095482949486,0.0,0.018705002685647898,0.026168108258929124
155,9.975484396566031,96,1216,29,1,0,1,9.980236295703262,1024,0.06498133333333334,10.045217629036596,10.045217629036596,10.054973184592152,10.070752311810248,10.096628678997748,12.552718677951425,0.12114428243171638,2.577234281385394,0.004751899137231064,0.0,0.015779127218095823,0.025876367187500193
156,10.032210338594364,128,2368,18,0,0,0,10.032210338594364,2176,0.06843733333333334,10.100647671927698,10.100647671927698,10.116803227483253,10.133012314810895,10.159258164420269,13.498322118800854,0.12704782582590468,3.4661117802064894,0.0,0.0,0.016209087327641925,0.02624584960937426
157,10.065657185414702,160,1664,0,3,0,3,10.065657185414702,1536,0.04854755555555555,10.114204740970258,10.114204740970258,10.126449185414703,10.14038033453494,10.166070825257597,14.264029237477978,0.10041363984289475,4.1983720520632755,0.0,0.0,0.013931149120237407,0.02569049072265628
158,10.082662675013049,128,1664,0,3,0,3,10.114204740970258,1536,0.04854755555555555,10.162752296525815,10.162752296525815,10.17499674097026,10.191737747690633,10.217423294565632,13.49152590842042,0.13476061955258345,3.408863233407372,0.03154206595720943,0.0,0.016741006720373264,0.025685546874999687
159,10.184607654507454,96,1152,37,0,0,,10.184607654507454,256,0.2603448888888889,10.444952543396344,10.444952543396344,10.454352543396343,10.474462656607766,10.500614918977558,12.992430692593326,0.3160072644701035,2.8078230380858713,0.0,0.0,0.020110113211423197,0.0261522623697914
160,10.457267723494788,160,896,4,6,0,6,10.457267723494788,704,0.06402133333333333,10.52128905682812,10.52128905682812,10.529266834605899,10.531527278776105,10.557513327883248,14.627779708556611,0.10024560438846031,4.1705119850618235,0.0,0.0,0.0022604441702060996,0.02598604910714286
161,10.479242775322883,160,2304,22,5,0,5,10.479242775322883,2112,0.06824533333333334,10.547488108656216,10.547488108656216,10.563288108656216,10.565679327379614,10.591967521824058,14.713037791502572,0.11272474650117559,4.233795016179689,0.0,0.0,0.00239121872339787,0.026288194444443747
162,10.529336489897577,128,2496,14,7,0,7,11.35591671923499,2304,0.06882133333333333,11.424738052568324,11.424738052568324,11.441604719234991,11.45897195598562,11.485147676200464,14.77441596659605,0.9558111863028866,4.245079476698473,0.8265802293374129,0.0,0.017367236750628123,0.02617572021484449
163,10.570297159815858,128,640,156,2,0,,10.570297159815858,256,0.11658666666666667,10.686883826482525,10.686883826482525,10.69343938203808,10.713050294434188,10.738480470215437,14.025011176130615,0.1681833103995789,3.4547140163147567,0.0,0.0,0.01961091239610724,0.025430175781249176
164,10.630646925695334,96,1792,1,0,0,0,10.630646925695334,1600,0.06670933333333334,10.697356259028668,10.697356259028668,10.710311814584223,10.736007252961935,10.762124091689614,13.257535706970497,0.13147716599427994,2.626888781275163,0.0,0.0,0.02569543837771171,0.026116838727679337
165,10.645645910085241,128,4224,51,2,0,,10.686883826482525,256,1.1228942222222222,11.809778048704747,11.809778048704747,11.836244715371413,11.855669190918562,11.881466798340437,15.205090844448135,1.235820888255196,4.559444934362894,0.041237916397284025,0.0,0.0194244755471491,0.025797607421875313
166,10.740750059049553,128,4672,3,0,0,0,10.740750059049553,4480,0.07534933333333334,10.816099392382887,10.816099392382887,10.845054947938442,10.86668263893664,10.89300490456164,14.246916954645341,0.15225484551208623,3.506166895595788,0.0,0.0,0.021627690998197835,0.02632226562499973
167,10.804772625639574,128,832,24,4,0,4,10.804772625639574,640,0.06382933333333334,10.868601958972906,10.868601958972906,10.876224181195129,10.879447137448135,10.905208234749272,14.18276315985481,0.10043560910969873,3.377990534215236,0.0,0.0,0.0032229562530066147,0.02576109730113707
168,10.854909093241984,128,1280,49,7,0,7,11.424738052568324,1024,0.0829511111111111,11.507689163679435,11.507689163679435,11.517800274790547,11.537500581473902,11.563616412637096,14.851859618939802,0.7087073193951117,3.9969505256978177,0.5698289593263404,0.0,0.01970030668335454,0.02611583116319416
169,10.869503912087255,64,704,32,6,0,6,10.869503912087255,512,0.06344533333333334,10.93294924542059,10.93294924542059,10.939860356531701,10.94736265824039,10.97327525589664,12.586191329650358,0.10377134380938458,1.7166874175631026,0.0,0.0,0.007502301708688819,0.02591259765624976
170,10.9049139429638,128,2240,10,2,0,2,11.809778048704747,2048,0.06805333333333334,11.87783138203808,11.87783138203808,11.893275826482524,11.907264894043562,11.933211915527938,15.257207909877822,1.028297972564138,4.352293966914022,0.9048641057409466,0.0,0.013989067561038127,0.025947021484375554
171,10.974327559475467,128,1152,61,3,0,,10.974327559475467,256,0.2603448888888889,11.234672448364357,11.234672448364357,11.244072448364356,11.247666598137059,11.273408506619202,14.546568133518463,0.2990809471437341,3.572240574042995,0.0,0.0,0.0035941497727023375,0.02574190848214286
172,11.003337714193854,160,2176,38,2,0,,11.87783138203808,256,0.5478613333333333,12.425692715371413,12.425692715371413,12.440781604260302,12.456164552246689,12.482311036621688,16.640205338263247,1.4789733224278336,5.636867624069392,0.8744936678442254,0.0,0.015382947986386952,0.026146484374999446
173,11.008943248874829,128,1216,25,5,0,5,11.008943248874829,1024,0.06498133333333334,11.073924582208162,11.073924582208162,11.083680137763718,11.091535989706001,11.117667283108778,14.404579783690071,0.1087240342339495,3.3956365348152424,0.0,0.0,0.00785585194228311,0.02613129340277709
174,11.021488410998389,128,1856,1,0,0,0,11.021488410998389,1664,0.06690133333333334,11.088389744331723,11.088389744331723,11.101700855442834,11.10360060768664,11.12972414284289,14.484474327692213,0.10823573184450197,3.4629859166938246,0.0,0.0,0.0018997522438066738,0.0261235351562501
175,11.024127275325194,128,1216,37,0,0,0,11.088389744331723,1024,0.06498133333333334,11.153371077665057,11.153371077665057,11.163126633220612,11.181972677999141,11.20803127174914,14.563926280817213,0.18390399642394684,3.5397990054920196,0.06426246900652899,0.0,0.018846044778529247,0.026058593749999304
176,11.024789637536243,96,4736,3,0,0,0,11.153371077665057,4544,0.07554133333333334,11.22891241099839,11.22891241099839,11.258223522109502,11.26014992409289,11.286349142842889,13.79365618455606,0.2615595053066464,2.768866547019817,0.1285814401288139,0.0,0.0019264019833880042,0.02619921874999953
177,11.068027402708832,96,4096,0,2,0,3,12.425692715371413,0,1.1580657777777779,13.58375849314919,13.58375849314919,13.609514048704746,13.633239747559188,13.659574513184188,16.146228092169494,2.5915471104753554,5.078200689460662,1.357665312662581,0.0,0.023725698854441646,0.026334765625000145
178,11.109857427584215,160,2688,2,4,0,4,11.109857427584215,2496,0.06939733333333334,11.179254760917548,11.179254760917548,11.197188094250881,11.214400244692449,11.240219935743585,15.375813452823557,0.13036250815937045,4.265956025239342,0.0,0.0,0.01721215044156743,0.025819691051136573
179,11.164118859511573,160,1664,0,3,0,3,11.234672448364357,1536,0.04854755555555555,11.283220003919913,11.283220003919913,11.295464448364358,11.299150903382595,11.324902490296656,15.420292421811551,0.16078363078508318,4.256173562299978,0.07055358885278373,0.0,0.003686455018236501,0.025751586914061875
180,11.21965761117206,96,2176,78,3,0,,11.283220003919913,256,0.5478613333333333,11.831081337253247,11.831081337253247,11.846170226142135,11.865666894593534,11.891450280824003,14.341158509938914,0.6717926696519427,3.121500898766854,0.06356239274785302,0.0,0.0194966684513993,0.025783386230468608
181,11.608333158156785,128,640,52,6,0,,11.608333158156785,256,0.11658666666666667,11.724919824823452,11.724919824823452,11.731475380379008,11.745731891871342,11.771212081603485,15.017481246642546,0.16287892344669963,3.409148088485761,0.0,0.0,0.014256511492334312,0.025480189732142833
182,11.623708397432546,128,768,136,2,0,2,13.58375849314919,576,0.06363733333333334,13.647395826482525,13.647395826482525,13.654662493149191,13.659574513184188,13.68574972477273,17.005692154669497,2.062041327340184,5.38198375723695,1.9600500957166442,0.0,0.0049120200349968,0.026175211588542524
183,11.667692477604,96,960,4,6,0,6,11.724919824823452,768,0.06421333333333333,11.789133158156785,11.789133158156785,11.797466491490118,11.822173925911521,11.847653967415427,14.26898537261911,0.17996148981142746,2.60129289501511,0.05722734721945244,0.0,0.024707434421403107,0.025480041503906037
184,11.769969751633582,64,512,2,2,0,4,13.647395826482525,0,0.15175822222222224,13.799154048704747,13.799154048704747,13.80499849314919,13.816633106934185,13.842678656599364,15.491634179409076,2.0727089049657828,3.7216644277754938,1.8774260748489429,0.0,0.011634613784995196,0.026045549665179024
185,11.790000238160028,160,256,47,1,0,,11.790000238160028,0,0.07987911111111111,11.86987934927114,11.86987934927114,11.874301571493362,11.884142197412924,11.910025681299643,15.978902755332381,0.12002544313961572,4.1889025171723535,0.0,0.0,0.00984062591956203,0.02588348388671946
186,11.817981378980532,96,1216,17,1,0,1,11.86987934927114,1024,0.06498133333333334,11.934860682604473,11.934860682604473,11.944616238160028,11.961725248821965,11.987354782862143,14.425506124473005,0.16937340388161104,2.607524745492473,0.051897970290607276,0.0,0.017109010661936708,0.02562953404017776
187,12.116784139263176,128,704,132,6,0,6,12.116784139263176,512,0.06344533333333334,12.18022947259651,12.18022947259651,12.187140583707622,12.204441015755274,12.229912329231835,15.490643844298802,0.11312818996865914,3.373859705035626,0.0,0.0,0.017300432047651526,0.02547131347656162
188,12.168990465780956,96,256,3,7,0,0,12.168990465780956,0,0.07987911111111111,12.248869576892067,12.248869576892067,12.25329179911429,12.268928424355847,12.294957477090222,14.748524527793966,0.1259670113092657,2.5795340620130105,0.0,0.0,0.015636625241556956,0.026029052734374503
189,12.315701943625148,96,640,68,1,0,,12.315701943625148,256,0.11658666666666667,12.432288610291815,12.432288610291815,12.438844165847371,12.449994556857677,12.475659595920177,14.909066573691755,0.159957652295029,2.5933646300666062,0.0,0.0,0.011150391010305682,0.02566503906250084
190,12.381843747678683,64,2240,110,1,0,1,12.432288610291815,2048,0.06805333333333334,12.500341943625148,12.500341943625148,12.515786388069593,12.526991138888926,12.552718677951425,14.170661886191755,0.17087493027274192,1.7888181385130721,0.05044486261313175,0.0,0.011204750819333142,0.02572753906249936
191,12.405915642555943,160,1216,65,1,0,1,12.500341943625148,1024,0.06498133333333334,12.565323276958482,12.565323276958482,12.575078832514038,12.578461272352467,12.60418302179443,16.68029033671259,0.19826737923848725,4.2743746941566485,0.09442630106920546,0.0,0.0033824398384290078,0.025721749441963482
192,12.42896426496803,160,4864,3,0,0,0,12.42896426496803,4608,0.0937031111111111,12.522667376079141,12.522667376079141,12.552689598301363,12.570711508565548,12.59706529545791,16.799357476757496,0.16810103048987912,4.370393211789466,0.0,0.0,0.01802191026418498,0.02635378689236134
193,12.498833896948677,96,640,44,5,0,,12.498833896948677,256,0.11658666666666667,12.615420563615343,12.615420563615343,12.621976119170899,12.626837010252567,12.652741307127567,15.099022719887989,0.1539074101788902,2.6001888229393124,0.0,0.0,0.004860891081667873,0.025904296874999844
194,12.518746922990283,128,768,16,3,0,3,12.518746922990283,576,0.06363733333333334,12.582384256323618,12.582384256323618,12.589650922990284,12.614829521314146,12.64060937622486,15.908841767810596,0.12186245323457712,3.3900948448203128,0.0,0.0,0.025178598323861934,0.02577985491071466
195,12.539950579915931,64,2048,48,4,0,,12.539950579915931,0,0.5830328888888889,13.12298346880482,13.12298346880482,13.137361246582598,13.145071102563142,13.171003882511059,14.816859351261057,0.6310533025951273,2.2769087713451253,0.0,0.0,0.007709855980543523,0.025932779947916984
196,12.716799539110255,96,1344,49,7,0,7,12.716799539110255,1152,0.06536533333333333,12.78216487244359,12.78216487244359,12.792631539110255,12.81342085599647,12.839310846230847,15.29133410624449,0.12251130712059144,2.5745345671342346,0.0,0.0,0.02078931688621566,0.02588999023437566
197,12.739152821047586,64,4224,39,4,0,,13.12298346880482,256,1.1228942222222222,14.245877691027042,14.245877691027042,14.272344357693708,14.287542456729808,14.314027320011059,15.992843970401683,1.5748744989634726,3.253691149354097,0.3838306477572342,0.0,0.015198099036100032,0.02648486328125088
198,12.77210268221707,96,2816,2,4,0,4,14.245877691027042,2560,0.0875591111111111,14.333436802138152,14.333436802138152,14.352081246582596,14.366998511417307,14.393457007511058,16.917651917760313,1.6213543252939875,4.145549235543243,1.4737750088099713,0.0,0.01491726483471112,0.02645849609375084
199,12.786191490527154,160,1664,0,3,0,3,12.786191490527154,1536,0.04854755555555555,12.83473904608271,12.83473904608271,12.846983490527155,12.87265004307754,12.898438251085352,16.99101354999841,0.11224676055819849,4.204822059471256,0.0,0.0,0.02566655255038519,0.02578820800781223
200,12.862296232004342,128,2176,46,6,0,,12.862296232004342,256,0.5478613333333333,13.410157565337675,13.410157565337675,13.425246454226563,13.42546798980661,13.45102131011911,16.75465981109568,0.5887250781147682,3.89236357909134,0.0,0.0,0.00022153558004589513,0.02555332031250046
201,12.88097226605284,128,1664,0,3,0,3,12.88097226605284,1536,0.04854755555555555,12.929519821608396,12.929519821608396,12.941764266052841,12.950016131944727,12.975808341146116,16.243990677315804,0.0948360750932764,3.3630184112629635,0.0,0.0,0.008251865891885757,0.025792209201389582
202,12.90019441711711,128,4224,75,6,0,,13.410157565337675,256,1.1228942222222222,14.533051787559897,14.533051787559897,14.559518454226563,14.576012228087862,14.601895724181611,17.932111642150375,1.7017013070645017,5.031917225033265,0.5099631482205655,0.0,0.016493773861299132,0.025883496093749514
203,13.012280639473278,64,4928,3,0,0,0,13.012280639473278,4736,0.07611733333333334,13.08839797280661,13.08839797280661,13.118775750584389,13.124713712612856,13.151277134921884,14.830869640192214,0.13899649544860537,1.8185890007189354,0.0,0.0,0.00593796202846697,0.026563422309028084
204,13.140987479335521,64,2176,106,6,0,,14.533051787559897,256,0.5478613333333333,15.08091312089323,15.08091312089323,15.096002009782119,15.096043746642549,15.122200729064424,16.780910787658183,1.9812132497289028,3.639923308322661,1.3920643082243753,0.0,4.173686042996394e-05,0.026156982421875696
205,13.208343297145642,96,4416,7,6,0,6,15.08091312089323,4224,0.07458133333333333,15.155494454226563,15.155494454226563,15.183027787559896,15.200674606017548,15.227033004455048,17.724447579650374,2.018689707309406,4.516104282504731,1.8725698237475878,0.0,0.017646818457652813,0.026358398437499986
206,13.242308245700203,160,4288,31,7,0,7,13.242308245700203,4096,0.07419733333333334,13.316505579033537,13.316505579033537,13.343327801255759,13.35423051175819,13.38010741062972,17.501552408653346,0.1377991649295165,4.259244162953143,0.0,0.0,0.010902710502431745,0.025876898871528553
207,13.326364063047679,128,832,16,3,0,3,13.326364063047679,640,0.06382933333333334,13.390193396381012,13.390193396381012,13.397815618603234,13.414272696614866,13.440021177517643,16.707584132796956,0.11365711446996407,3.3812200697492774,0.0,0.0,0.016457078011631765,0.02574848090277726
208,13.362926151512143,160,1280,109,5,0,5,13.362926151512143,1088,0.06517333333333333,13.428099484845477,13.428099484845477,13.438210595956589,13.453552423664027,13.479245050617152,17.59218390385377,0.11631889910500881,4.229257752341626,0.0,0.0,0.015341827707437972,0.02569262695312524
209,13.403758545172163,96,1664,0,3,0,3,13.403758545172163,1536,0.04854755555555555,13.45230610072772,13.45230610072772,13.464550545172164,13.46577014670167,13.49152590842042,15.934627070544972,0.08776736324825762,2.5308685253728083,0.0,0.0,0.0012196015295060647,0.02575576171875049
210,13.404011496039235,128,1280,17,1,0,1,13.404011496039235,1088,0.06517333333333333,13.46918482937257,13.46918482937257,13.47929594048368,13.503427859964075,13.529087806950683,16.78459717265009,0.12507631091144766,3.380585676610856,0.0,0.0,0.024131919480394615,0.02565994698660745
211,13.440097985093622,96,2048,16,5,0,3,13.440097985093622,0,0.5830328888888889,14.023130873982511,14.023130873982511,14.03750865176029,14.044606378742154,14.070369464679654,16.524674114977277,0.6302714795860318,3.0845761298836543,0.0,0.0,0.007097726981864838,0.025763085937500207
212,13.72994663327585,128,4224,35,4,0,,14.333436802138152,256,1.1228942222222222,15.456331024360374,15.456331024360374,15.48279769102704,15.509508521182934,15.53635634019335,18.87205273850939,1.806409706917501,5.142106105233539,0.6034901688623027,0.0,0.026710830155893817,0.026847819010416885
213,13.760307366296203,128,640,36,5,0,,14.023130873982511,256,0.11658666666666667,14.139717540649178,14.139717540649178,14.146273096204734,14.147661652179655,14.173351268065073,17.461293278853766,0.4130439017688694,3.700985912557563,0.26282350768630813,0.0,0.0013885559749216014,0.025689615885417183
214,13.776637613271122,160,1664,0,3,0,3,13.776637613271122,1536,0.04854755555555555,13.825185168826678,13.825185168826678,13.837429613271123,13.851973119791952,13.877729272135701,17.970252069576166,0.10109165886457916,4.193614456305044,0.0,0.0,0.014543506520828586,0.025756152343749505
215,13.795564916120407,96,1664,0,3,0,3,13.825185168826678,1536,0.04854755555555555,13.873732724382235,13.873732724382235,13.88597716882668,13.9034859127607,13.929248075402747,16.372855728585336,0.13368315928233976,2.5772908124649287,0.029620252706271444,0.0,0.017508743934021354,0.025762162642045894
216,13.831670998505773,96,2048,48,5,0,,14.139717540649178,0,0.5830328888888889,14.722750429538067,14.722750429538067,14.737128207315845,14.738622020018196,14.764289793455696,17.226924138228764,0.9326187949499225,3.395253139722991,0.3080465421434049,0.0,0.0014938127023516046,0.025667773437499264
217,13.93357634474056,160,1920,1,0,0,0,13.93357634474056,1728,0.06709333333333334,14.000669678073894,14.000669678073894,14.014336344740562,14.034422883774809,14.061041047837309,18.23135482027498,0.12746470309674862,4.29777847553442,0.0,0.0,0.020086539034247508,0.026618164062499616
218,13.940999994493263,96,2240,38,2,0,2,13.940999994493263,2048,0.06805333333333334,14.009053327826596,14.009053327826596,14.02449777227104,14.025011176130615,14.051163310617222,16.536560611700747,0.11016331612395902,2.595560617207484,0.0,0.0,0.0005134038595748791,0.02615213448660647
219,13.95891260458096,128,4288,51,2,0,2,14.009053327826596,4096,0.07419733333333334,14.08325066115993,14.08325066115993,14.110072883382152,14.129622643764542,14.155894189174697,17.47877003552887,0.19698158459373794,3.519857430947912,0.050140723245636565,0.0,0.019549760382389536,0.02627154541015564
220,14.010868902191218,128,2176,142,4,0,,15.456331024360374,256,0.5478613333333333,16.004192357693707,16.004192357693707,16.019281246582597,16.019582007511058,16.046095191104808,19.366805505436474,2.0352262889135897,5.355936603245256,1.4454621221691557,0.0,0.00030076092846087477,0.026513183593749545
221,14.013160511614466,96,1664,0,3,0,3,14.013160511614466,1536,0.04854755555555555,14.061708067170022,14.061708067170022,14.073952511614467,14.08383130516127,14.109600795721166,16.553239657156766,0.09644028410670025,2.5400791455423004,0.0,0.0,0.009878793546803877,0.025769490559895303
222,14.029756654258751,128,1984,1,0,0,0,14.029756654258751,1792,0.06728533333333334,14.097041987592084,14.097041987592084,14.111064209814305,14.114278840806058,14.140805487011415,17.477241283258607,0.11104883275266353,3.447484628999856,0.0,0.0,0.003214630991752898,0.026526646205356386
223,14.030631298266853,64,256,4,3,0,6,14.061708067170022,0,0.07987911111111111,14.141587178281133,14.141587178281133,14.146009400503356,14.161141241684707,14.18686250821115,15.80583191340719,0.15623120994429662,1.7752006151403368,0.03107676890316924,0.0,0.01513184118135058,0.025721266526442577
224,14.265408528179353,96,512,116,7,0,,14.265408528179353,0,0.15175822222222224,14.417166750401575,14.417166750401575,14.42301119484602,14.439178754914503,14.464941572297315,16.922434366661157,0.19953304411796147,2.657025838481804,0.0,0.0,0.01616756006848341,0.025762817382812386
225,14.558998161655177,160,512,2,2,0,4,14.558998161655177,0,0.15175822222222224,14.7107563838774,14.7107563838774,14.716600828321843,14.733991723354384,14.760159746357857,18.912194678618523,0.20116158470267997,4.3531965169633455,0.0,0.0,0.01739089503254121,0.026168023003473095
226,14.664601563309407,128,768,48,1,0,,14.664601563309407,256,0.15252622222222223,14.81712778553163,14.81712778553163,14.824394452198296,14.832744405723005,14.858184640098006,18.157596454179103,0.19358307678859887,3.4929948908696957,0.0,0.0,0.008349953524708909,0.02544023437500087
227,14.68304288564956,160,2496,6,5,0,5,14.722750429538067,2304,0.06882133333333333,14.791571762871401,14.791571762871401,14.808438429538068,14.815626805174444,14.841387628742153,18.989326278528242,0.15834474309259328,4.306283392878683,0.0397075438885075,0.0,0.007188375636376421,0.025760823567708258
228,14.716101108218238,96,4096,72,1,0,,14.81712778553163,0,1.1580657777777779,15.975193563309407,15.975193563309407,16.000949118864963,16.004478764446965,16.03041113749384,18.5324382510541,1.3143100292756014,3.8163371428358612,0.1010266773133921,0.0,0.0035296455820024164,0.025932373046874346
229,14.780760798564637,160,640,144,0,0,,14.780760798564637,256,0.11658666666666667,14.897347465231304,14.897347465231304,14.90390302078686,14.910221690973462,14.936388561090649,19.08788206636873,0.15562776252601118,4.307121267804094,0.0,0.0,0.006318670186601594,0.026166870117187102
230,14.825589363293117,64,4096,2,0,0,4,14.897347465231304,0,1.1580657777777779,16.05541324300908,16.05541324300908,16.081168798564637,16.088214244684394,16.114565318903143,17.764195803347896,1.2889759556100255,2.9386064400547784,0.07175810193818677,0.0,0.00704544611975777,0.026351074218748494
231,14.894367256834508,160,2176,134,0,0,,16.05541324300908,256,0.5478613333333333,16.603274576342415,16.603274576342415,16.618363465231305,16.641689342340644,16.668000865778144,20.81883293829954,1.7736336089436353,5.924465681465032,1.1610459861745728,0.0,0.023325877109339643,0.026311523437499318
232,14.909200268846359,64,1664,0,3,0,3,14.909200268846359,1536,0.04854755555555555,14.957747824401915,14.957747824401915,14.96999226884636,14.983258123752837,15.008961115585223,16.630420375472738,0.09976084673886376,1.7212201066263795,0.0,0.0,0.013265854906476804,0.02570299183238589
233,15.038631425201116,128,1152,121,7,0,,15.038631425201116,256,0.2603448888888889,15.298976314090005,15.298976314090005,15.308376314090005,15.31724084452574,15.343061889447615,18.636375467154085,0.304430464246499,3.5977440419529696,0.0,0.0,0.008864530435735318,0.02582104492187476
234,15.106086114073893,160,1152,33,7,0,,15.298976314090005,256,0.2603448888888889,15.559321202978895,15.559321202978895,15.568721202978894,15.575804483848657,15.601688761192406,19.71886157090223,0.4956026471185133,4.612775456828338,0.19289020001611235,0.0,0.007083280869762731,0.025884277343749318
235,15.176088524972217,160,2176,34,4,0,,16.004192357693707,256,0.5478613333333333,16.55205369102704,16.55205369102704,16.56714257991593,16.57646140204231,16.60286960516731,20.748622099178018,1.4267810801950933,5.572533574205801,0.8281038327214905,0.0,0.009318822126378024,0.02640820312500125
236,15.239411288926457,160,1408,13,4,0,4,16.55205369102704,1216,0.06555733333333334,16.617611024360375,16.617611024360375,16.6284332465826,16.62927829657356,16.65554314032356,20.80068000933427,1.4161318513971022,5.561268720407812,1.3126424021005842,0.0,0.000845049990960689,0.026264843749999045
237,15.250180323151882,128,1408,5,4,0,4,16.617611024360375,1216,0.06555733333333334,16.68316835769371,16.68316835769371,16.693990579915933,16.70807429266731,16.7342441331621,20.044792892983825,1.484063810010218,4.794612569831942,1.3674307012084927,0.0,0.014083712751375543,0.02616984049479143
238,15.306544099619758,160,1664,0,3,0,3,15.306544099619758,1536,0.04854755555555555,15.355091655175315,15.355091655175315,15.36733609961976,15.368854270769884,15.394573102150092,19.491771976725232,0.08802900253033386,4.185227877105474,0.0,0.0,0.0015181711501242035,0.025718831380208584
239,15.328242606834243,96,2048,1,0,0,0,16.603274576342415,1856,0.06747733333333333,16.670751909675747,16.670751909675747,16.685129687453525,16.694312877496895,16.720580734639753,19.19219944918123,1.3923381278055107,3.8639568423469886,1.2750319695081718,0.0,0.009183190043369649,0.02626785714285873
240,15.332117052714263,128,3008,2,4,0,4,16.68316835769371,2688,0.10591288888888889,16.789081246582597,16.789081246582597,16.808792357693708,16.812756584333975,16.838970800293797,20.149442551186947,1.5068537475795338,4.817325498472684,1.3510513049794461,0.0,0.003964226640267299,0.026214215959821985
241,15.486487978009864,96,2560,6,5,0,5,15.486487978009864,2368,0.06901333333333334,15.555501311343196,15.555501311343196,15.572723533565417,15.590209829262989,15.616132192544239,18.09194281498658,0.12964421453437502,2.605454836976717,0.0,0.0,0.017486295697571208,0.02592236328124997
242,15.505700196525964,64,640,96,6,0,,15.505700196525964,256,0.11658666666666667,15.622286863192631,15.622286863192631,15.628842418748187,15.650270065001928,15.676617428283178,17.330783419494118,0.17091723175721363,1.8250832229681535,0.0,0.0,0.021427646253741273,0.02634736328124987
243,15.516899968183695,128,1216,113,3,0,3,15.516899968183695,1024,0.06498133333333334,15.58188130151703,15.58188130151703,15.591636857072585,15.600232629553027,15.625930831050422,18.898317662024088,0.10903086286672625,3.381417693840392,0.0,0.0,0.008595772480441966,0.02569820149739499
244,15.569658954053201,96,2304,26,1,0,1,15.975193563309407,2112,0.06824533333333334,16.04343889664274,16.04343889664274,16.05923889664274,16.08227734843134,16.10824941874384,18.612612665116597,0.5385904646906372,3.0429537110633955,0.40553460925620577,0.0,0.023038451788600867,0.025972070312498374
245,15.770283585284037,128,3072,2,4,0,4,16.789081246582597,2880,0.07054933333333334,16.85963057991593,16.85963057991593,16.879697246582595,16.89140069705719,16.917651917760313,20.22777737261552,1.147368332476276,4.457493787331483,1.01879766129856,0.0,0.0117034504745952,0.02625122070312358
246,15.777350650585106,128,2304,54,1,0,1,16.04343889664274,2112,0.06824533333333334,16.111684229976074,16.111684229976074,16.127484229976073,16.13422197733759,16.16022034973342,19.525919403397843,0.3828696991483156,3.748568752812737,0.2660882460576346,0.0,0.006737747361516,0.025998372395832803
247,15.831813530543824,96,4224,11,7,0,,15.831813530543824,256,1.1228942222222222,16.954707752766048,16.954707752766048,16.981174419432715,17.000777628379907,17.02712980123147,19.487879515238166,1.1953162706876466,3.656065984694342,0.0,0.0,0.01960320894719203,0.026352172851563438
248,15.864082086806675,64,2240,34,4,0,4,16.85963057991593,2048,0.06805333333333334,16.927683913249265,16.927683913249265,16.94312835769371,16.943879317313886,16.970090437919357,18.611267065808068,1.1060083511126813,2.7471849790013927,0.9955484931092542,0.0,0.0007509596201771274,0.026211120605470484
249,15.868058344629093,96,1472,13,4,0,4,16.927683913249265,1280,0.06574933333333334,16.993433246582597,16.993433246582597,17.004611024360376,17.022514143974043,17.048671858817794,19.52284878491091,1.1806135141887015,3.6547904402818165,1.0596255686201719,0.0,0.017903119613666973,0.026157714843751734
250,15.939520180993775,96,2624,6,5,0,5,15.939520180993775,2432,0.06920533333333334,16.008725514327107,16.008725514327107,16.026303292104885,16.03095641129424,16.056937159062098,18.539307886601165,0.11741697806832363,2.5997877056073904,0.0,0.0,0.004653119189356403,0.025980747767857082
251,16.090301584044152,160,4096,2,1,0,4,16.111684229976074,0,1.1580657777777779,17.269750007753853,17.269750007753853,17.29550556330941,17.30820068827509,17.33454893046259,21.583120868241586,1.2442473464184367,5.492819284197434,0.021382645931922184,0.0,0.01269512496568126,0.026348242187498983
252,16.094496321378998,96,1536,13,4,0,4,16.993433246582597,1344,0.06594133333333334,17.059374579915932,17.059374579915932,17.070907913249265,17.074830061942794,17.10094788420842,19.57491577709841,1.0064515628294224,3.4804194557194137,0.8989369252035999,0.0,0.003922148693529692,0.026117822265625534
253,16.145826859855422,160,1088,4,6,0,6,16.145826859855422,832,0.08237511111111111,16.228201970966534,16.228201970966534,16.23724641541098,16.256382955626933,16.28260365875193,20.42019543121287,0.13677679889650918,4.274368571357449,0.0,0.0,0.019136540215953346,0.02622070312499858
254,16.156245851397657,128,2112,1,0,0,0,16.670751909675747,1920,0.06766933333333333,16.738421243009082,16.738421243009082,16.753154576342414,16.773117913769216,16.799357476757496,20.106336914304002,0.6431116253598397,3.9500910629063455,0.5145060582780907,0.0,0.019963337426801786,0.02623956298828034
255,16.156379741651474,160,4288,15,1,0,1,17.269750007753853,4096,0.07419733333333334,17.343947341087187,17.343947341087187,17.37076956330941,17.38724687968134,17.413720593874046,21.661414129960338,1.2573408522225726,5.505034388308864,1.113370266102379,0.0,0.016477316371929618,0.02647371419270783
256,16.16913876118043,160,4352,15,1,0,1,17.343947341087187,4160,0.07438933333333334,17.41833667442052,17.41833667442052,17.445514452198296,17.466669487103214,17.49323749770589,21.7389069278119,1.3240987365254604,5.569768166631469,1.174808579906756,0.0,0.021155034904918324,0.026568010602677106
257,16.226874347703188,160,2176,86,7,0,,16.954707752766048,256,0.5478613333333333,17.50256908609938,17.50256908609938,17.51765797498827,17.527643717247095,17.553728189903346,21.63738580592826,1.3268538422001583,5.4105114582250735,0.7278334050628601,0.0,0.009985742258823649,0.026084472656251023
258,16.263227473528453,64,1152,137,2,0,,16.263227473528453,256,0.2603448888888889,16.52357236241734,16.52357236241734,16.53297236241734,16.536560611700747,16.562471060919496,18.206906713588765,0.29924358739104306,1.9436792400603125,0.0,0.0,0.0035882492834069524,0.025910449218748965
259,16.32973783098538,64,1664,0,3,0,3,16.32973783098538,1536,0.04854755555555555,16.378285386540934,16.378285386540934,16.39052983098538,16.398618075125516,16.424387118094266,18.047524143957677,0.09464928710888643,1.7177863129722972,0.0,0.0,0.008088244140136425,0.02576904296875071
260,16.441033798720245,64,960,16,3,0,3,16.441033798720245,704,0.0819911111111111,16.523024909831356,16.523024909831356,16.53135824316469,16.553239657156766,16.578962801688014,18.20204665914865,0.13792900296776978,1.761012860428405,0.0,0.0,0.02188141399207666,0.025723144531248465
261,16.46982843927513,64,704,12,7,0,7,17.50256908609938,512,0.06344533333333334,17.566014419432715,17.566014419432715,17.572925530543827,17.579813150840845,17.605750260215846,19.229226959899627,1.135921820940716,2.7593985206244973,1.0327406468242515,0.0,0.00688762029701806,0.02593710937500049
262,16.501572455341073,160,1664,0,3,0,3,16.523024909831356,1536,0.04854755555555555,16.57157246538691,16.57157246538691,16.583816909831356,16.604686434500515,16.630420375472738,20.726280334719227,0.12884792013166546,4.224707879378155,0.021452454490283657,0.0,0.020869524669159034,0.02573394097222348
263,16.516239958753,160,4288,131,2,0,2,16.52357236241734,4096,0.07419733333333334,16.597769695750674,16.597769695750674,16.624591917972896,16.640205338263247,16.666308365606998,20.829912419503938,0.1500684068539968,4.3136724607509365,0.007332403664339182,0.0,0.015613420290350177,0.02610302734375125
264,16.520197983203673,64,768,12,7,0,7,17.566014419432715,576,0.06363733333333334,17.629651752766048,17.629651752766048,17.636918419432714,17.657625943809595,17.683470588991888,19.306630768493374,1.1632726057882152,2.7864327852897013,1.0458164362290425,0.0,0.02070752437688128,0.02584464518229268
265,16.60361302228197,96,1280,53,4,0,4,17.059374579915932,1088,0.06517333333333333,17.124547913249266,17.124547913249266,17.134659024360378,17.15318499358342,17.179259345501034,19.653099045327576,0.5756463232190647,3.0494860230456062,0.45576155763396287,0.0,0.018525969223041727,0.026074351917614536
266,16.62232524570957,160,1152,21,6,0,,16.62232524570957,256,0.2603448888888889,16.882670134598456,16.882670134598456,16.892070134598455,16.912370138244118,16.93851730621287,21.078324211904835,0.31619206050330106,4.455998966195267,0.0,0.0,0.0203000036456622,0.026147167968751717
267,16.673870907390704,64,1664,0,3,0,3,16.673870907390704,1536,0.04854755555555555,16.72241846294626,16.72241846294626,16.734662907390703,16.759101501658563,16.784867553904657,18.40834982755143,0.11099664651395358,1.7344789201607256,0.0,0.0,0.02443859426785977,0.025766052246094517
268,16.786484256473603,128,832,12,7,0,7,17.629651752766048,640,0.06382933333333334,17.693481086099382,17.693481086099382,17.701103308321603,17.70931572245543,17.735098576808106,20.99819669460014,0.948614320334503,4.211712438126536,0.8431674962924447,0.0,0.008212414133826229,0.02578285435267702
269,16.797938074106344,128,2688,6,5,0,5,16.797938074106344,2496,0.06939733333333334,16.86733540743968,16.86733540743968,16.88526874077301,16.888446250393944,16.914480081309122,20.27135362964121,0.11654200720277785,3.473415555534867,0.0,0.0,0.0031775096209329945,0.026033830915178413
270,16.961640129534043,160,2048,104,2,0,,16.961640129534043,0,0.5830328888888889,17.544673018422934,17.544673018422934,17.55905079620071,17.582760595424705,17.608759740932516,21.780093571847686,0.6471196113984732,4.818453442313643,0.0,0.0,0.023709799223993855,0.025999145507810795
271,17.042626999397747,64,896,24,4,0,4,17.124547913249266,704,0.06402133333333333,17.1885692465826,17.1885692465826,17.196547024360378,17.205334185699897,17.231356361806668,18.87205273850939,0.18872936240892102,1.8294257391116417,0.08192091385151912,0.0,0.0087871613395194,0.026022176106771155
272,17.2163752867566,64,896,8,7,0,7,17.693481086099382,640,0.0817991111111111,17.775280197210492,17.775280197210492,17.78325797498827,17.786665750357212,17.812406717154087,19.435976878519416,0.5960314303974883,2.2196015917628173,0.47710579934278385,0.0,0.0034077753689416568,0.02574096679687443
273,17.223964084197327,96,1664,0,3,0,3,17.223964084197327,1536,0.04854755555555555,17.27251163975288,17.27251163975288,17.284756084197326,17.30008511807877,17.325850926184238,19.77511377360023,0.10188684198691078,2.5511496894029015,0.0,0.0,0.01532903388144291,0.02576580810546858
274,17.22604096444954,64,2176,1,0,0,0,17.22604096444954,1984,0.06786133333333334,17.29390229778287,17.29390229778287,17.30899118667176,17.320785350641422,17.346860118707827,18.98412288668123,0.12081915425828882,1.7580819222316926,0.0,0.0,0.011794163969661042,0.02607476806640463
275,17.3463210491072,64,2176,158,2,0,,17.544673018422934,256,0.5478613333333333,18.092534351756267,18.092534351756267,18.107623240645157,18.128845190151267,18.154865209682516,19.802233252837272,0.8085441605753161,2.4559122037300725,0.19835196931573407,0.0,0.021221949506109894,0.02602001953124855
276,17.35567164129625,96,1152,4,6,0,6,17.35567164129625,960,0.06478933333333334,17.420460974629584,17.420460974629584,17.429860974629584,17.43621750152537,17.46241779449412,19.920068575744118,0.10674615319786795,2.564396934447867,0.0,0.0,0.006356526895785919,0.02620029296874904
277,17.379009886274737,160,1664,0,3,0,3,17.379009886274737,1536,0.04854755555555555,17.42755744183029,17.42755744183029,17.439801886274736,17.45468729093033,17.48046089119075,21.573875617379816,0.10145100491601156,4.194865731105079,0.0,0.0,0.014885404655593959,0.025773600260418306
278,17.496706089173156,96,4096,0,6,0,3,17.496706089173156,0,1.1580657777777779,18.654771866950934,18.654771866950934,18.68052742250649,18.699482247619123,18.725422189025373,21.210533684561085,1.2287160998522175,3.7138275953879294,0.0,0.0,0.018954825112633245,0.02593994140625
279,17.54741997307519,128,4288,23,5,0,,17.54741997307519,256,1.140864,18.68828397307519,18.68828397307519,18.715106195297412,18.72352956628866,18.750107040246995,22.117293126168992,1.202687067171805,4.569873153093802,0.0,0.0,0.008423370991248902,0.026577473958333542
280,17.567285714612797,64,2048,3,2,0,0,18.092534351756267,0,0.5830328888888889,18.675567240645158,18.675567240645158,18.689945018422936,18.703430151088764,18.729540307338763,20.380343767160188,1.162254592725965,2.8130580525473903,0.5252486371434699,0.0,0.013485132665827848,0.026110156249998795
281,17.733369763998766,128,2176,1,0,0,0,17.733369763998766,2048,0.050083555555555555,17.783453319554322,17.783453319554322,17.798542208443212,17.816061851524978,17.84201399996248,21.162565929836,0.10864423596371253,3.429196165837233,0.0,0.0,0.01751964308176568,0.02595214843750071
282,17.759642699226397,64,4224,43,5,0,,18.68828397307519,256,1.1228942222222222,19.811178195297412,19.811178195297412,19.83764486196408,19.84477159102824,19.871619572799073,21.541971104684617,2.111976873572676,3.7823284054582196,0.9286412738487932,0.0,0.007126729064161452,0.026847981770831808
283,17.79237134700769,96,4224,59,6,0,,18.654771866950934,256,1.1228942222222222,19.777666089173156,19.777666089173156,19.804132755839824,19.81534064605662,19.84152189605662,22.337129673098108,2.049150549048928,4.544758326090417,0.8624005199432432,0.0,0.011207890216795136,0.02618125000000049
284,17.844837637445398,64,2176,62,6,0,,19.777666089173156,256,0.5478613333333333,20.32552742250649,20.32552742250649,20.34061631139538,20.34135373199412,20.36763381011912,22.022197897614472,2.522796172673722,4.177360260169074,1.932828451727758,0.0,0.000737420598738936,0.026280078125001438
285,17.899150678222092,128,1216,61,3,0,3,17.899150678222092,1024,0.06498133333333334,17.964132011555424,17.964132011555424,17.97388756711098,17.99602202807226,18.021772841874345,21.291402350778252,0.12262216365225242,3.39225167255616,0.0,0.0,0.022134460961279245,0.025750813802083883
286,17.937761518061528,128,1664,0,3,0,3,17.964132011555424,1536,0.04854755555555555,18.01267956711098,18.01267956711098,18.024924011555424,18.047524143957677,18.07327246210004,21.342797980661064,0.13551094403851138,3.4050364625995364,0.02637049349389642,0.0,0.022600132402253337,0.025748318142362336
287,18.006363616762833,96,1664,0,3,0,3,18.01267956711098,1536,0.04854755555555555,18.061227122666534,18.061227122666534,18.07347156711098,18.09902126852365,18.124776883758024,20.57207213159423,0.11841326699519072,2.565708514831396,0.006315950348145805,0.0,0.025549701412671766,0.025755615234373863
288,18.02784221801107,160,2304,38,2,0,2,18.675567240645158,2112,0.06824533333333334,18.74381257397849,18.74381257397849,18.75961257397849,18.781762084682512,18.80787593559397,22.99165104255082,0.7800337175828993,4.9638088245397505,0.6477250226340878,0.0,0.022149510704021935,0.026113850911457348
289,18.18723060151647,128,2752,6,5,0,5,19.811178195297412,2560,0.06958933333333334,19.880767528630745,19.880767528630745,19.899056417519635,19.92531700118449,19.952040023645427,23.282578354498604,1.7648094221289554,5.095347752982132,1.6239475937809402,0.0,0.026260583664853954,0.026723022460938495
290,18.370427136258584,96,2304,34,4,0,4,18.370427136258584,2112,0.06824533333333334,18.438672469591918,18.438672469591918,18.454472469591916,18.454949420074897,18.4810011403273,20.95726155230302,0.11057400406871665,2.586834416044436,0.0,0.0,0.0004769504829802429,0.02605172025240421
291,18.43141854870066,64,2816,6,5,0,5,19.880767528630745,2624,0.06978133333333333,19.95054886196408,19.95054886196408,19.969193306408524,19.978763534387614,20.005417733606365,21.672930577340868,1.5739991849057056,3.2415120286402086,1.449348979930086,0.0,0.009570227979089907,0.026654199218750563
292,18.56812638230111,96,3200,2,4,0,4,18.56812638230111,2944,0.0887111111111111,18.65683749341222,18.65683749341222,18.677615271189996,18.689414892956506,18.715504548906026,21.191947099178023,0.14737816660491632,2.6238207168769137,0.0,0.0,0.011799621766510171,0.026089655949519397
293,18.79140044242947,64,256,9,2,0,,18.79140044242947,0,0.07987911111111111,18.87127955354058,18.87127955354058,18.875701775762803,18.886220418015846,18.912194678618523,20.56451251716019,0.12079423618905238,1.7731120747307187,0.0,0.0,0.010518642253042998,0.025974260602676935
294,18.854502367935083,64,2048,3,1,0,0,18.854502367935083,0,0.5830328888888889,19.43753525682397,19.43753525682397,19.45191303460175,19.472511102616593,19.499215008866592,21.186413446366586,0.6447126409315089,2.331911078431503,0.0,0.0,0.020598068014844984,0.026703906249998965
295,18.887993995227394,64,2880,6,5,0,5,19.95054886196408,2688,0.06997333333333333,20.020522195297414,20.020522195297414,20.039522195297412,20.058727596887614,20.085341691939696,21.751432286325244,1.1973476967123027,2.86343829109785,1.0625548667366864,0.0,0.019205401590202342,0.02661409505208212
296,18.986464937925152,160,1664,0,3,0,3,18.986464937925152,1536,0.04854755555555555,19.035012493480707,19.035012493480707,19.04725693792515,19.05319789360891,19.079012651909693,23.165031997588144,0.09254771398454054,4.178567059662992,0.0,0.0,0.005940955683758631,0.025814758300782614
297,19.06503197626752,128,960,24,4,0,4,19.06503197626752,768,0.06421333333333333,19.129245309600854,19.129245309600854,19.137578642934187,19.158695804915638,19.184707808496366,22.476588871638956,0.1196758322288467,3.4115568953714366,0.0,0.0,0.02111716198145075,0.026012003580728305
298,19.074217138031003,96,960,8,7,0,7,19.074217138031003,768,0.06421333333333333,19.138430471364337,19.138430471364337,19.14676380469767,19.151987213805874,19.177733307555876,21.611798647725138,0.10351616952487319,2.537581509694135,0.0,0.0,0.00522340910820418,0.025746093750001364
299,19.16546064205824,96,4352,131,2,0,2,19.16546064205824,4160,0.07438933333333334,19.23984997539157,19.23984997539157,19.267027753169348,19.277394385649774,19.303631690337273,21.806604802316436,0.13817104827903393,2.6411441602581966,0.0,0.0,0.010366632480426574,0.02623730468749841
300,19.16787931846017,160,1280,113,3,0,3,19.16787931846017,1088,0.06517333333333333,19.233052651793503,19.233052651793503,19.243163762904615,19.259729631890163,19.285526778157525,23.370128677275645,0.11764745969735557,4.202249358815475,0.0,0.0,0.01656586898554835,0.025797146267361626
301,19.216633203215064,128,512,93,0,0,,19.216633203215064,0,0.15175822222222224,19.368391425437288,19.368391425437288,19.374235869881733,19.374852281212483,19.400736192345295,22.75181226772662,0.18410298913023126,3.5351790645115564,0.0,0.0,0.0006164113307498553,0.025883911132812187
302,19.26836278262439,64,1216,4,6,0,6,20.32552742250649,1024,0.06498133333333334,20.39050875583982,20.39050875583982,20.40026431139538,20.42019543121287,20.446473849181622,22.100616424400187,1.178111066557232,2.8322536417757966,1.0571646398820995,0.0,0.019931119817492515,0.026278417968750745
303,19.27712864438193,96,1024,16,3,0,3,19.27712864438193,832,0.06440533333333334,19.34153397771526,19.34153397771526,19.35022286660415,19.362921146647107,19.388690336100233,21.830320116077733,0.11156169171830399,2.553191471695804,0.0,0.0,0.012698280042958032,0.025769189453125563
304,19.34309304331166,128,4480,7,6,0,6,20.39050875583982,4288,0.07477333333333333,20.465282089173154,20.465282089173154,20.493170978062043,20.499032149962872,20.525463302306623,23.847589894452277,1.1823702589949612,4.504496851140615,1.04741571252816,0.0,0.005861171900829021,0.026431152343750597
305,19.43409572802785,128,2176,1,0,0,0,19.43409572802785,2048,0.050083555555555555,19.484179283583405,19.484179283583405,19.499268172472295,19.50427671968905,19.530198301720297,22.88536695522662,0.09610257369244835,3.45127122719877,0.0,0.0,0.005008547216753811,0.02592158203124839
306,19.578860025245454,128,5120,3,0,0,0,19.578860025245454,4800,0.11224888888888888,19.691108914134343,19.691108914134343,19.72255335857879,19.737588536095295,19.76377684989738,23.127117809718804,0.18491682465192483,3.54825778447335,0.0,0.0,0.015035177516505627,0.026188313802084195
307,19.6075321555347,128,5184,3,0,0,0,19.691108914134343,4992,0.07688533333333333,19.767994247467676,19.767994247467676,19.799794247467677,19.816154942345296,19.84253635975601,23.206759696112034,0.23500420422131185,3.599227540577335,0.08357675859964431,0.0,0.016360694877619153,0.026381417410714647
308,19.64442395967776,96,1280,61,3,0,3,19.64442395967776,1088,0.06517333333333333,19.709597293011093,19.709597293011093,19.719708404122205,19.72361523844398,19.749364261881478,22.18970517467148,0.10494030220371897,2.5452812149937216,0.0,0.0,0.003906834321774966,0.02574902343749841
309,19.65492614814107,160,512,5,3,0,4,19.709597293011093,0,0.15175822222222224,19.861355515233317,19.861355515233317,19.867199959677762,19.878068092176616,19.903758912489117,23.985896255400643,0.24883276434804813,4.330970107259574,0.054671144870024335,0.0,0.0108681324988531,0.025690820312501472
310,19.711321645045963,64,2240,98,4,0,4,19.711321645045963,2048,0.06805333333333334,19.7793749783793,19.7793749783793,19.794819422823743,19.809771408608828,19.835882953747717,21.475919511287394,0.12456130870175386,1.7645978662414308,0.0,0.0,0.014951985785085498,0.026111545138888914
311,19.76917662903111,96,1152,85,7,0,,19.76917662903111,256,0.2603448888888889,20.02952151792,20.02952151792,20.03892151792,20.052686928975145,20.078339272725145,22.50137262233451,0.3091626436940338,2.7321959933033995,0.0,0.0,0.013765411055146615,0.02565234375000003
312,19.99533156166832,64,2176,1,0,0,0,19.99533156166832,2048,0.050083555555555555,20.045415117223875,20.045415117223875,20.060504006112765,20.079991089108688,20.106336914304002,21.77210572475787,0.1110053526356829,1.7767741630895522,0.0,0.0,0.019487082995922833,0.02634582519531392
313,20.012492267633043,96,2944,6,5,0,5,20.020522195297414,2752,0.07016533333333333,20.090687528630745,20.090687528630745,20.1100430841863,20.11195627527303,20.138545979514102,22.636718581898155,0.12605371188105963,2.624226314265112,0.008029927664370717,0.0,0.001913191086728716,0.0265897042410721
314,20.061669546016745,96,1664,0,3,0,3,20.061669546016745,1536,0.04854755555555555,20.1102171015723,20.1102171015723,20.122461546016744,20.134998267957865,20.160704588980593,22.60055673717148,0.09903504296384824,2.5388871911547355,0.0,0.0,0.012536721941120987,0.025706321022727963
315,20.065800629691218,64,1280,4,6,0,6,20.465282089173154,1088,0.06517333333333333,20.53045542250649,20.53045542250649,20.5405665336176,20.55189494293162,20.578211767708407,22.231753305910605,0.512411138017189,2.165952676219387,0.3994814594819367,0.0,0.01132840931402157,0.026316824776785097
316,20.076454387256245,96,256,33,7,0,7,20.076454387256245,0,0.07987911111111111,20.156333498367356,20.156333498367356,20.160755720589577,20.180953530537643,20.206502358662643,22.628003481709513,0.13004797140639823,2.551549094453268,0.0,0.0,0.020197809948065526,0.025548828125000256
317,20.096989033743583,160,3008,6,5,0,5,20.096989033743583,2816,0.07035733333333334,20.167346367076917,20.167346367076917,20.187057478188027,20.191726852839995,20.218302719539214,24.36452681641267,0.12131368579563073,4.267537782669088,0.0,0.0,0.004669374651967928,0.02657586669921841
318,20.136017730993927,96,896,12,7,0,7,20.156333498367356,704,0.06402133333333333,20.22035483170069,20.22035483170069,20.228332609478468,20.23205167506889,20.257582762308473,22.678970766865763,0.12156503131454599,2.542953035871836,0.020315767373428884,0.0,0.003719065590424009,0.02553108723958175
319,20.167379475725816,128,1344,109,5,0,5,20.167379475725816,1152,0.06536533333333333,20.23274480905915,20.23274480905915,20.243211475725815,20.244879074519684,20.27135362964121,23.591130112311106,0.1039741539153951,3.4237506365852894,0.0,0.0,0.0016675987938690184,0.026474555121527743
320,20.307040160128945,64,2368,38,2,0,2,20.307040160128945,2176,0.06843733333333334,20.375477493462277,20.375477493462277,20.391633049017834,20.40667755622269,20.43298216234248,22.09579962653519,0.12594200221353447,1.788759466406244,0.0,0.0,0.015044507204855506,0.026304606119790463
321,20.736680503779976,64,768,28,1,0,1,20.736680503779976,576,0.06363733333333334,20.800317837113308,20.800317837113308,20.807584503779974,20.81451315339784,20.84107428621034,22.475322211015023,0.10439378243036401,1.7386417072350469,0.0,0.0,0.0069286496178655455,0.02656113281249972
322,20.82259550320574,96,4224,107,2,0,,20.82259550320574,256,1.1228942222222222,21.94548972542796,21.94548972542796,21.97195639209463,21.989886540597688,22.01636407966019,24.51468829841019,1.193768576454449,3.6920927952044487,0.0,0.0,0.01793014850305852,0.026477539062501165
323,21.1751460984752,128,2240,46,6,0,6,21.1751460984752,2048,0.06805333333333334,21.243199431808534,21.243199431808534,21.25864387625298,21.263179485342334,21.28946480435275,24.596521388592905,0.114318705877551,3.4213752901177052,0.0,0.0,0.0045356090893555745,0.026285319010415975
324,21.2133680759476,96,704,68,1,0,1,21.2133680759476,512,0.06344533333333334,21.276813409280933,21.276813409280933,21.283724520392045,21.293224969804086,21.319657001054086,23.750813544022837,0.10628892510648669,2.537445468075237,0.0,0.0,0.009500449412040979,0.02643203124999971
325,21.255774809402666,96,704,44,5,0,5,21.255774809402666,512,0.06344533333333334,21.319220142736,21.319220142736,21.326131253847112,21.33123644214121,21.357614263321768,23.822584799811107,0.10183945391910143,2.5668099904084407,0.0,0.0,0.005105188294098895,0.026377821180556538
326,21.309765343173513,96,2240,138,4,0,,21.309765343173513,256,0.5658311111111111,21.875596454284626,21.875596454284626,21.89104089872907,21.909693437068643,21.935500565974895,24.38391038159059,0.6257352228013815,3.0741450384170754,0.0,0.0,0.018652538339573255,0.025807128906251364
327,21.358152488432978,128,768,68,1,0,1,21.358152488432978,576,0.06363733333333334,21.42178982176631,21.42178982176631,21.429056488432977,21.451824481522834,21.478082782304085,24.735320257890024,0.1199302938711071,3.3771677694570457,0.0,0.0,0.02276799308985744,0.02625830078125091
328,21.35996582892498,96,1216,21,6,0,6,21.35996582892498,1024,0.06498133333333334,21.424947162258313,21.424947162258313,21.43470271781387,21.447186972321504,21.473376425446503,23.95073891788978,0.11341059652152197,2.5907730889647986,0.0,0.0,0.012484254507633352,0.026189453124999318
329,21.383347663437043,160,768,44,5,0,5,21.383347663437043,576,0.06363733333333334,21.446984996770375,21.446984996770375,21.45425166343704,21.46313043085649,21.489410167184616,25.59998544271475,0.10606250374757309,4.216637779277708,0.0,0.0,0.008878767419449929,0.026279736328124415
330,21.39786369171402,128,1344,4,6,0,6,21.424947162258313,1152,0.06536533333333333,21.490312495591645,21.490312495591645,21.50077916225831,21.525756796540254,21.55188088101291,24.85385781437415,0.15401718929889086,3.455994122660133,0.027083470544294386,0.0,0.02497763428194233,0.026124084472655795
331,21.548171555074394,96,2432,18,0,0,0,21.548171555074394,2240,0.06862933333333333,21.616800888407727,21.616800888407727,21.63331199951884,21.639790050929747,21.66625220913287,24.16654529181516,0.11808065405847756,2.618373736740768,0.0,0.0,0.006478051410908847,0.02646215820312392
332,21.616568077964356,128,1280,9,4,0,,21.875596454284626,256,0.29628444444444446,22.17188089872907,22.17188089872907,22.181992009840183,22.193598710506144,22.219348710506143,25.49572634838747,0.602780632541787,3.8791582704231153,0.25902837632026987,0.0,0.011606700665961256,0.025749999999998607
333,21.618305863293003,64,1344,53,4,0,4,22.17188089872907,1152,0.06536533333333333,22.237246232062404,22.237246232062404,22.24771289872907,22.270850175349892,22.296577836482705,23.919290217900112,0.6782719731897018,2.3009843546071096,0.5535750354360687,0.0,0.023137276620822433,0.02572766113281233
334,21.65066846627166,64,832,28,1,0,1,21.65066846627166,640,0.06382933333333334,21.714497799604995,21.714497799604995,21.722120021827216,21.7389069278119,21.764289618241587,23.367422308671273,0.11362115196992661,1.716753842399612,0.0,0.0,0.016786905984684353,0.025382690429687216
335,21.80208502658515,64,1536,5,4,0,4,22.237246232062404,1280,0.0837191111111111,22.320965343173516,22.320965343173516,22.332498676506848,22.34803462359208,22.373767924373333,23.99678391674684,0.5716828977881825,2.194698890161689,0.4351612054772538,0.0,0.015535947085233204,0.025733300781251245
336,21.832451483638035,128,2176,1,0,0,0,21.832451483638035,2048,0.050083555555555555,21.88253503919359,21.88253503919359,21.89762392808248,21.90480445522662,21.93126588100787,25.255115531072967,0.09881439736983566,3.4226640474349317,0.0,0.0,0.007180527144139859,0.02646142578124966
337,21.851550423883822,96,4224,91,7,0,,21.851550423883822,256,1.1228942222222222,22.974444646106043,22.974444646106043,23.00091131277271,23.00091131277271,23.02797381277271,25.53227885369533,1.1764233888888889,3.6807284298115093,0.0,0.0,0.0,0.027062499999999545
338,22.144909881403336,160,1024,24,4,0,4,22.320965343173516,832,0.06440533333333334,22.38537067650685,22.38537067650685,22.394059565395736,22.399501713435832,22.425196944555623,26.53444381490532,0.28028706315228646,4.389533933501983,0.17605546177017928,0.0,0.005442148040096129,0.025695231119790662
339,22.173129805035618,160,2304,10,2,0,2,22.173129805035618,2112,0.06824533333333334,22.24137513836895,22.24137513836895,22.25717513836895,22.282188298410194,22.308649235910195,26.474223503488314,0.1355194308745773,4.301093698452696,0.0,0.0,0.025013160041243765,0.026460937500001336
340,22.23732068146497,160,1152,97,2,0,,22.24137513836895,256,0.2603448888888889,22.50172002725784,22.50172002725784,22.51112002725784,22.520354314035195,22.54659393805863,26.70647228278519,0.3092732565936629,4.46915160132022,0.004054456903983095,0.0,0.009234286777356715,0.026239624023435937
341,22.265134088128832,96,1344,9,4,0,4,22.38537067650685,1152,0.06536533333333333,22.45073600984018,22.45073600984018,22.461202676506847,22.476588871638956,22.502306400935833,24.95166433666872,0.2371723128070009,2.6865302485398885,0.12023658837801676,0.0,0.015386195132109037,0.025717529296876762
342,22.314140893858614,128,1216,57,1,0,1,22.314140893858614,1024,0.06498133333333334,22.379122227191946,22.379122227191946,22.388877782747503,22.399015570390024,22.424450628983774,25.699670192785856,0.11030973512515985,3.385529298927242,0.0,0.0,0.01013778764252038,0.02543505859375017
343,22.384062807496385,96,1280,65,1,0,1,22.384062807496385,1088,0.06517333333333333,22.44923614082972,22.44923614082972,22.45934725194083,22.475322211015023,22.50080248445252,24.943130804765023,0.1167396769561364,2.559067997268638,0.0,0.0,0.01597495907419244,0.02548027343749837
344,22.39094981206161,96,1152,157,2,0,,22.50172002725784,256,0.2603448888888889,22.762064916146727,22.762064916146727,22.771464916146726,22.782772526925818,22.80888063239457,25.29870563239456,0.41793082033295903,2.9077558203329517,0.11077021519622932,0.0,0.011307610779091704,0.026108105468750864
345,22.440159753651834,128,1408,4,6,0,6,22.440159753651834,1216,0.06555733333333334,22.505717086985168,22.505717086985168,22.516539309207392,22.52022000512936,22.54628367700436,25.832464951418423,0.10612392335252707,3.3923051977665892,0.0,0.0,0.00368069592196818,0.026063671875000693
346,22.533785911776526,64,2560,14,7,0,7,22.974444646106043,2368,0.06901333333333334,23.043457979439378,23.043457979439378,23.0606802016616,23.082100277616462,23.108757260038338,24.781561987065867,0.574971348261812,2.247776075289341,0.4406587343295172,0.0,0.021420075954861062,0.026656982421876307
347,22.569656998200706,128,1216,81,5,0,5,22.569656998200706,1024,0.06498133333333334,22.63463833153404,22.63463833153404,22.644393887089596,22.662593386585655,22.68842175572628,25.9664935481835,0.11876475752557525,3.396836549982794,0.0,0.0,0.0181994994960597,0.02582836914062625
348,22.62754454730992,160,1472,4,6,0,6,22.62754454730992,1280,0.06574933333333334,22.693293880643253,22.693293880643253,22.70447165842103,22.72874305200436,22.75475249210853,26.86634081637378,0.12720794479860942,4.238796269063858,0.0,0.0,0.02427139358333008,0.02600944010416839
349,22.73911264675239,64,1664,0,3,0,3,22.73911264675239,1536,0.04854755555555555,22.787660202307944,22.787660202307944,22.79990464675239,22.80555738821315,22.831230972197524,24.450921157744393,0.09211832544513499,1.7118085109920038,0.0,0.0,0.0056527414607607795,0.025673583984374915
350,22.755679205074948,160,4224,115,7,0,,23.043457979439378,256,1.1228942222222222,24.1663522016616,24.1663522016616,24.192818868328267,24.202113949491466,24.22891977631438,28.360909345696815,1.4732405712394332,5.605230140621867,0.2877787743644298,0.0,0.00929508116319866,0.026805826822915435
351,22.818763945805628,128,1280,33,7,0,7,24.1663522016616,1024,0.0829511111111111,24.24930331277271,24.24930331277271,24.259414423883822,24.282532894803964,24.309044613553965,27.59452275715515,1.490280667748337,4.775758811349522,1.347588255855971,0.0,0.023118470920142187,0.026511718750001023
352,22.910285564838066,128,1024,8,7,0,7,24.24930331277271,832,0.06440533333333334,24.313708646106043,24.313708646106043,24.32239753499493,24.335556820585214,24.361866976835213,27.647094208978068,1.4515814119971466,4.736808644140002,1.3390177479346441,0.0,0.013159285590283787,0.02631015624999833
353,23.092100351696573,96,1280,37,0,0,0,23.092100351696573,1088,0.06517333333333333,23.157273685029907,23.157273685029907,23.167384796141018,23.18037969122922,23.206759696112034,25.67535155692862,0.1146593444154611,2.583251205232049,0.0,0.0,0.01299489508820173,0.02638000488281378
354,23.159726643913164,128,1280,25,5,0,5,23.159726643913164,1088,0.06517333333333333,23.224899977246498,23.224899977246498,23.23501108835761,23.256769411976283,23.282578354498604,26.576967832037667,0.12285171058544009,3.4172411881245033,0.0,0.0,0.02175832361867336,0.025808942522321132
355,23.183468799991363,128,1664,0,3,0,3,23.183468799991363,1536,0.04854755555555555,23.232016355546918,23.232016355546918,23.244260799991363,23.267476333525643,23.293138687041267,26.569200237746422,0.10966988704990399,3.3857314377550587,0.0,0.0,0.023215533534280297,0.025662353515624403
356,23.239853817763493,160,4352,51,2,0,2,23.239853817763493,4160,0.07438933333333334,23.314243151096825,23.314243151096825,23.3414209288746,23.356944743722693,23.38324659919144,27.533224235910183,0.14339278142794853,4.29337041814669,0.0,0.0,0.015523814848091178,0.026301855468748414
357,23.418821493220122,128,1152,69,0,0,,23.418821493220122,256,0.2603448888888889,23.67916638210901,23.67916638210901,23.68856638210901,23.700388602362032,23.726268241033907,27.064234195042463,0.3074467478137848,3.645412701822341,0.0,0.0,0.011822220253023374,0.02587963867187426
358,23.442604870556156,160,3200,2,4,0,4,23.442604870556156,3072,0.05315555555555555,23.495760426111712,23.495760426111712,23.51653820388949,23.53140796343583,23.557263362431364,27.68893911112928,0.1146584918752076,4.246334240573123,0.0,0.0,0.014869759546339623,0.02585539899553524
359,23.454970627958218,160,1216,117,7,0,7,24.313708646106043,256,0.27831466666666665,24.59202331277271,24.59202331277271,24.601778868328267,24.62499539480396,24.651190625923753,28.779937641595254,1.1962199979655352,5.3249670136370355,0.8587380181478252,0.0,0.023216526475692945,0.02619523111979305
360,23.544378965802036,128,4224,87,3,0,,23.544378965802036,256,1.1228942222222222,24.667273188024257,24.667273188024257,24.693739854690925,24.70929273977564,24.73574391165064,28.018979660760746,1.1913649458486049,4.47460069495871,0.0,0.0,0.015552885084716195,0.026451171874999346
361,23.593215747964443,128,4416,15,1,0,1,23.593215747964443,4224,0.07458133333333333,23.667797081297778,23.667797081297778,23.695330414631112,23.699120672929087,23.724966864335336,27.031907375403048,0.13175111637089287,3.4386916274386046,0.0,0.0,0.003790258297975413,0.025846191406248664
362,23.68203714426721,96,256,74,7,0,,24.59202331277271,0,0.07987911111111111,24.67190242388382,24.67190242388382,24.676324646106043,24.677386345324795,24.703429523338187,27.151801314632834,1.0213923790709778,3.4697641703656252,0.9099861685055011,0.0,0.00106169921875221,0.026043178013392065
363,23.743579353485345,128,1664,0,3,0,3,24.667273188024257,1536,0.04854755555555555,24.715820743579812,24.715820743579812,24.728065188024257,24.73574391165064,24.761982518421473,28.044795439220568,1.018403164936128,4.3012160857352235,0.9236938345389127,0.0,0.007678723626383999,0.026238606770832007
364,23.78097861415193,128,512,144,4,0,0,23.78097861415193,0,0.15175822222222224,23.932736836374154,23.932736836374154,23.9385812808186,23.945182144983445,23.970982786724516,27.26681997050428,0.19000417257258562,3.485841356352349,0.0,0.0,0.006600864164845177,0.025800641741071217
365,23.8106171438409,160,1088,16,3,0,3,24.715820743579812,896,0.06459733333333334,24.780418076913143,24.780418076913143,24.78946252135759,24.81446119680689,24.840524063017828,28.948341041201594,1.029906919176927,5.137723897360694,0.9052035997389112,0.0,0.024998675449300123,0.026062866210939006
366,23.91839666133454,96,2176,1,0,0,0,23.91839666133454,2048,0.050083555555555555,23.968480216890097,23.968480216890097,23.983569105778987,23.98509148322141,24.01101199103391,26.501422636727728,0.09261532969937036,2.5830259753931877,0.0,0.0,0.0015223774424235614,0.02592050781250066
367,24.05942534398034,64,256,5,3,0,4,24.780418076913143,0,0.07987911111111111,24.860297188024255,24.860297188024255,24.864719410246476,24.866587417510015,24.892463491728765,26.51749288097559,0.8330381477484252,2.458067536995248,0.7209927329328032,0.0,0.0018680072635390843,0.02587607421875049
368,24.106312897908072,96,832,68,1,0,1,24.106312897908072,640,0.06382933333333334,24.170142231241407,24.170142231241407,24.177764453463627,24.192222113358774,24.218079046952525,26.69156211986919,0.11176614904445259,2.585249221961117,0.0,0.0,0.01445765989514669,0.025856933593750853
369,24.118754613713584,96,2176,1,0,0,0,24.118754613713584,2048,0.050083555555555555,24.16883816926914,24.16883816926914,24.18392705815803,24.192391605291725,24.218281546697973,26.714860973781303,0.0995269329843893,2.5961063600677186,0.0,0.0,0.008464547133694822,0.02588994140624834
370,24.133286538124633,96,2176,94,5,0,,24.133286538124633,256,0.5478613333333333,24.681147871457966,24.681147871457966,24.696236760346856,24.696938763027255,24.722634563808505,27.214651995449124,0.5893480256838721,3.081365457324491,0.0,0.0,0.0007020026803985502,0.02569580078125
371,24.293587811367455,160,256,50,7,0,,24.67190242388382,0,0.07987911111111111,24.751781534994933,24.751781534994933,24.756203757217154,24.781561987065867,24.80744193963283,28.93759877440775,0.5138541282653755,4.644010963040294,0.3783146125163661,0.0,0.025358229848713165,0.025879952566963738
372,24.407745640879686,64,2176,1,0,0,0,24.407745640879686,2048,0.050083555555555555,24.45782919643524,24.45782919643524,24.47291808532413,24.47720781622922,24.503130993312553,26.154258574227725,0.09538535243286717,1.7465129333480398,0.0,0.0,0.004289730905089328,0.025923177083331694
373,24.486973874465043,160,1664,0,3,0,3,24.860297188024255,1536,0.04854755555555555,24.90884474357981,24.90884474357981,24.921089188024254,24.944217105010015,24.970083804228764,29.077631812685965,0.4831099297637209,4.590657938220922,0.37332331355921156,0.0,0.023127916985760777,0.02586669921874929
374,24.624438503181374,96,3200,2,4,0,4,24.624438503181374,3072,0.05315555555555555,24.67759405873693,24.67759405873693,24.698371836514706,24.718655303465592,24.744543242918716,27.21449038066053,0.12010473973734292,2.590051877479155,0.0,0.0,0.02028346695088601,0.025887939453124176
375,24.70118652217355,96,2176,70,6,0,,24.70118652217355,256,0.5478613333333333,25.249047855506884,25.249047855506884,25.264136744395774,25.265838283124154,25.29169440291582,27.76512398462155,0.590507880742269,3.063937462447999,0.0,0.0,0.0017015387283798589,0.025856119791665577
376,24.792319511194773,64,640,100,6,0,,25.249047855506884,256,0.11658666666666667,25.36563452217355,25.36563452217355,25.372190077729105,25.395123764894986,25.420845810793423,27.05116426782467,0.6285262995986507,2.258844756629898,0.4567283443121113,0.0,0.022933687165881622,0.025722045898437074
377,24.8939658280696,96,1152,16,3,0,3,24.90884474357981,960,0.06478933333333334,24.973634076913143,24.973634076913143,24.983034076913142,24.995950991728765,25.021775070969838,27.47426479444623,0.12780924290023776,2.580298966376631,0.014878915510209367,0.0,0.01291691481562296,0.02582407924107244
378,24.90972215037271,96,1664,0,3,0,3,24.973634076913143,1536,0.04854755555555555,25.022181632468698,25.022181632468698,25.034426076913142,25.04759963849216,25.073423124820284,27.526036500767255,0.16370097444757548,2.6163143503945463,0.06391192654043465,0.0,0.01317356157901628,0.025823486328125256
379,24.967351457625195,96,512,139,3,0,,25.022181632468698,0,0.15175822222222224,25.17393985469092,25.17393985469092,25.179784299135367,25.202547880679656,25.228310250471324,27.681379664829752,0.2609587928461288,2.7140282072045565,0.05483017484350228,0.0,0.02276358154428948,0.025762369791667794
380,25.055107645589988,64,1408,9,4,0,4,25.055107645589988,1216,0.06555733333333334,25.120664978923323,25.120664978923323,25.131487201145546,25.13318582104372,25.15907839916872,26.79532679016574,0.1039707535787322,1.7402191445757502,0.0,0.0,0.001698619898174769,0.025892578124999233
381,25.174493442791917,160,4352,23,5,0,5,25.174493442791917,4160,0.07438933333333334,25.24888277612525,25.24888277612525,25.276060553903026,25.28806571615225,25.31405634115225,29.514324037859833,0.13956289836033164,4.339830595067916,0.0,0.0,0.0120051622492241,0.0259906249999986
382,25.19874367293878,64,5248,3,0,0,0,25.19874367293878,5056,0.07707733333333333,25.27582100627211,25.27582100627211,25.307976561827665,25.332818167791718,25.35899679734901,27.037455223688298,0.16025312441023232,1.8387115507495189,0.0,0.0,0.024841605964052604,0.02617862955729322
383,25.223927662747535,64,5248,3,0,0,0,25.27582100627211,5120,0.05929955555555556,25.335120561827665,25.335120561827665,25.36727611738322,25.385175915187553,25.411553077575945,27.091244546604962,0.18762541482841044,1.867316883857427,0.05189334352457564,0.0,0.017899797804332707,0.026377162388392605
384,25.343950719679,128,2048,4,1,0,6,25.343950719679,0,0.5830328888888889,25.926983608567888,25.926983608567888,25.941361386345665,25.96283425528586,25.98904698315044,29.289109702877006,0.6450962634714408,3.945158983198006,0.0,0.0,0.021472868940193734,0.026212727864582064
385,25.386103106886345,160,1664,0,3,0,3,25.386103106886345,1536,0.04854755555555555,25.4346506624419,25.4346506624419,25.446895106886345,25.460193551252576,25.485965328596325,29.594570452008885,0.09986222170998005,4.208467345122539,0.0,0.0,0.013298444366231621,0.025771777343749136
386,25.436881882778607,128,4096,32,6,0,6,25.436881882778607,0,1.1580657777777779,26.594947660556386,26.594947660556386,26.62070321611194,26.63012966496009,26.65618386417884,30.021886848806794,1.219301981400232,4.585004966028187,0.0,0.0,0.00942644884814925,0.02605419921874841
387,25.465939270675346,64,1664,0,3,0,3,25.465939270675346,1536,0.04854755555555555,25.5144868262309,25.5144868262309,25.526731270675345,25.537510348127576,25.56328715920712,27.18979594087142,0.09734788853177534,1.7238566701960742,0.0,0.0,0.010779077452230723,0.025776811079545325
388,25.54767353007521,160,1664,0,3,0,3,25.54767353007521,1536,0.04854755555555555,25.596221085630763,25.596221085630763,25.608465530075208,25.614842246209964,25.64062337413965,29.74940355747763,0.09294984406444229,4.201730027402423,0.0,0.0,0.006376716134756322,0.025781127929686676
389,25.718079819298396,128,5248,3,0,0,0,25.718079819298396,5120,0.05929955555555556,25.77737937485395,25.77737937485395,25.809534930409505,25.83436474052237,25.861019874450943,29.270543725827427,0.14294005515254682,3.552463906529031,0.0,0.0,0.024829810112866113,0.026655133928571217
390,25.73488318442346,96,512,2,2,0,4,25.73488318442346,0,0.15175822222222224,25.886641406645683,25.886641406645683,25.89248585109013,25.904162663644563,25.930222722238312,28.36674279059768,0.1953395378148528,2.6318596061742205,0.0,0.0,0.01167681255443398,0.026060058593749602
391,25.781643551030992,160,4416,23,5,0,5,25.781643551030992,4224,0.07458133333333333,25.856224884364327,25.856224884364327,25.88375821769766,25.88746786458975,25.91380927083975,30.118596701279042,0.13216571980875713,4.33695315024805,0.0,0.0,0.0037096468920871928,0.026341406250001143
392,25.860324966717013,64,2368,22,5,0,5,25.860324966717013,2176,0.06843733333333334,25.928762300050344,25.928762300050344,25.9449178556059,25.9664935481835,25.99293641927725,27.667507952480374,0.1326114525602371,1.8071829857633617,0.0,0.0,0.02157569257759917,0.02644287109374943
393,25.899333986002084,160,4288,43,5,0,5,25.928762300050344,4096,0.07419733333333334,26.00295963338368,26.00295963338368,26.0297818556059,26.0458236263085,26.072376197923084,30.276885397568105,0.17304221192100044,4.377551411566021,0.029428314048260518,0.0,0.016041770702599933,0.026552571614583798
394,25.912707950465975,160,640,40,1,0,,25.926983608567888,256,0.11658666666666667,26.043570275234554,26.043570275234554,26.05012583079011,26.06768809643169,26.093677232173878,30.22263416576763,0.1809692817079025,4.309926215301655,0.014275658101912114,0.0,0.017562265641583252,0.02598913574218642
395,25.922076145138394,96,256,2,2,0,4,25.922076145138394,0,0.07987911111111111,26.001955256249506,26.001955256249506,26.006377478471727,26.008405827707065,26.034280437082064,28.46775060309768,0.11220429194366943,2.5456744579592865,0.0,0.0,0.002028349235338567,0.025874609374998414
396,26.054276921462694,96,4544,7,6,0,6,26.594947660556386,4352,0.07496533333333334,26.66991299388972,26.66991299388972,26.698157438334164,26.708293727460088,26.73458200871009,29.2509392995841,0.6803050872473939,3.196662378121406,0.5406707390936916,0.0,0.010136289125924236,0.026288281250000267
397,26.116195537057596,64,1664,0,3,0,3,26.116195537057596,1536,0.04854755555555555,26.16474309261315,26.16474309261315,26.176987537057595,26.18213985363184,26.207933310663087,27.837137314569336,0.09173777360549096,1.7209417775117402,0.0,0.0,0.005152316574243088,0.02579345703124858
398,26.12861629954938,160,4288,155,7,0,7,26.12861629954938,256,1.140864,27.26948029954938,27.26948029954938,27.2963025217716,27.30680317010158,27.332848254736998,31.518227615553577,1.2042319551876197,5.389611316004199,0.0,0.0,0.010500648329980322,0.02604508463541677
399,26.210071054198718,96,4288,59,6,0,6,26.66991299388972,4096,0.07419733333333334,26.744110327223055,26.744110327223055,26.770932549445277,26.787160036053837,26.81358378279863,29.33046646577728,0.6035127285999131,3.1203954115785635,0.4598419396910032,0.0,0.016227486608560326,0.02642374674479342
400,26.221219046631113,128,3200,2,4,0,4,26.221219046631113,3072,0.05315555555555555,26.27437460218667,26.27437460218667,26.295152379964446,26.30014910229372,26.326206963621843,29.671314004172437,0.10498791699072996,3.4500949575413244,0.0,0.0,0.0049967223292739504,0.026057861328123266
401,26.226967589563454,64,2176,1,0,0,0,26.226967589563454,2048,0.050083555555555555,26.27705114511901,26.27705114511901,26.2921400340079,26.314799101571477,26.34145814175005,28.031499014378397,0.1144905521865951,1.804531424814943,0.0,0.0,0.02265906756357694,0.026659040178572013
402,26.24746390284812,96,1600,4,6,0,6,26.744110327223055,1344,0.0839111111111111,26.828021438334165,26.828021438334165,26.839910327223055,26.840008017824672,26.86634081637378,29.38336089937103,0.6188769135256571,3.1358969965229093,0.49664642437493356,0.0,9.769060161701759e-05,0.026332798549105974
403,26.321605793161673,96,1472,9,4,0,4,26.321605793161673,1280,0.06574933333333334,26.387355126495006,26.387355126495006,26.398532904272784,26.404383477293717,26.430394568253536,28.926907210087617,0.10878877509186324,2.6053014169259434,0.0,0.0,0.0058505730209326146,0.026011090959819683
404,26.408815179476143,128,2496,18,0,0,0,26.408815179476143,2304,0.06882133333333333,26.477636512809475,26.477636512809475,26.49450317947614,26.501422636727728,26.52810071987505,29.93930893230064,0.11928554039890571,3.5304937528244977,0.0,0.0,0.006919457251587602,0.026678083147320564
405,26.527502635730936,160,1344,25,5,0,5,26.527502635730936,1152,0.06536533333333333,26.59286796906427,26.59286796906427,26.603334635730935,26.603705136725168,26.63026267253246,30.82903645957982,0.10276003680152357,4.301533823848885,0.0,0.0,0.00037050099423296956,0.026557535807292254
406,26.57799219283631,96,832,32,6,0,6,26.828021438334165,256,0.170496,26.998517438334165,26.998517438334165,27.006139660556386,27.02488427340503,27.05116426782467,29.568988883312006,0.4731720749883621,2.990996690475697,0.2500292454978563,0.0,0.018744612848642817,0.02627999441964235
407,26.628593965607333,64,5248,3,0,0,0,26.628593965607333,5120,0.05929955555555556,26.687893521162888,26.687893521162888,26.720049076718443,26.741638398911512,26.768528396121333,28.463253937881,0.13993443051399979,1.8346599722736663,0.0,0.0,0.021589322193069194,0.026889997209821104
408,26.63752668486655,96,2368,54,1,0,1,26.63752668486655,2176,0.06843733333333334,26.705964018199882,26.705964018199882,26.72211957375544,26.743929470129608,26.77010683829367,29.237159995845754,0.1325801534271207,2.599633310979204,0.0,0.0,0.021809896374168858,0.026177368164063353
409,26.934568851472314,64,3200,2,4,0,4,26.934568851472314,3072,0.05315555555555555,26.98772440702787,26.98772440702787,27.008502184805646,27.030833235478237,27.057068505660528,28.71507582987928,0.12249965418821418,1.7805069784069651,0.0,0.0,0.02233105067259089,0.02623527018229055
410,26.946074836720236,128,4288,75,6,0,6,26.998517438334165,256,1.140864,28.139381438334166,28.139381438334166,28.166203660556388,28.18946851587155,28.216088877199674,31.591796028494294,1.2700140404794382,4.645721191774058,0.05244260161392944,0.0,0.02326485531516198,0.026620361328124176
411,27.08377031201127,64,2304,30,1,0,1,27.08377031201127,2112,0.06824533333333334,27.152015645344605,27.152015645344605,27.167815645344604,27.186939113684296,27.212850612707733,28.847263316158255,0.1290803006964616,1.7634930041469836,0.0,0.0,0.019123468339692806,0.02591149902343659
412,27.12687365606892,64,4288,91,7,0,7,27.26948029954938,4096,0.07419733333333334,27.343677632882713,27.343677632882713,27.370499855104935,27.38493988885158,27.41113603840515,29.070788878574415,0.28426238233623025,1.9439152225054954,0.14260664348045893,0.0,0.014440033746645042,0.02619614955357008
413,27.12800757361442,64,1664,0,3,0,3,27.12800757361442,1536,0.04854755555555555,27.176555129169973,27.176555129169973,27.188799573614418,27.18979594087142,27.21565735777483,28.845058814639096,0.08764978416041203,1.7170512410246772,0.0,0.0,0.0009963672570023618,0.025861416903410372
414,27.184376771220798,96,1664,0,3,0,3,27.184376771220798,1536,0.04854755555555555,27.232924326776352,27.232924326776352,27.245168771220797,27.2673816564254,27.29324033969363,29.74940355747763,0.10886356847283096,2.5650267862568334,0.0,0.0,0.022212885204602628,0.025858683268229044
415,27.185409288045953,160,640,128,2,0,,27.185409288045953,256,0.11658666666666667,27.30199595471262,27.30199595471262,27.308551510268174,27.327333610910188,27.353068230050813,31.468117302316436,0.1676589420048593,4.282708014270483,0.0,0.0,0.018782100642013688,0.025734619140624915
416,27.18561040455229,128,4352,75,6,0,6,28.139381438334166,4160,0.07438933333333334,28.213770771667498,28.213770771667498,28.240948549445275,28.24270972680905,28.269403016429585,31.645112364989828,1.0837926118772963,4.459501960437539,0.9537710337818766,0.0,0.0017611773637753458,0.02669328962053541
417,27.37367923503234,96,2240,122,0,0,,27.37367923503234,256,0.5658311111111111,27.939510346143454,27.939510346143454,27.954954790587898,27.978051065159647,28.004774795628396,30.554190572925638,0.6310955605960551,3.1805113378932965,0.0,0.0,0.02309627457174912,0.026723730468749096
418,27.391283880555502,64,4224,103,2,0,,27.391283880555502,256,1.1228942222222222,28.514178102777723,28.514178102777723,28.54064476944439,28.543755485910182,28.569954704660184,30.221221794503936,1.1786708241046817,2.8299379139484344,0.0,0.0,0.0031107164657910857,0.026199218750001307
419,27.53946886699829,64,4224,135,4,0,,27.53946886699829,256,1.1228942222222222,28.662363089220513,28.662363089220513,28.68882975588718,28.71507582987928,28.741553043420947,30.403539105316415,1.2020841764226553,2.8640702383181242,0.0,0.0,0.026246073992098218,0.026477213541667766
420,27.54093400653489,160,704,36,5,0,5,27.54093400653489,512,0.06344533333333334,27.604379339868224,27.604379339868224,27.611290450979336,27.614612932949125,27.641060198574124,31.83177550812893,0.10012619203923379,4.290841501594041,0.0,0.0,0.003322481969789237,0.02644726562499855
421,27.58487536576366,160,2240,50,1,0,,27.58487536576366,256,0.5658311111111111,28.150706476874774,28.150706476874774,28.16615092131922,28.171919338293673,28.19788213126242,32.319837209387416,0.6130067654987599,4.734961843623754,0.0,0.0,0.0057684169744547376,0.02596279296874826
422,27.61282282100942,96,2048,5,4,0,4,28.662363089220513,0,0.5830328888888889,29.2453959781094,29.2453959781094,29.259773755887178,29.275850569462616,29.302414046025117,31.784938430248207,1.6895912250156968,4.172115609238787,1.0495402682110928,0.0,0.01607681357543811,0.02656347656250091
423,27.65102579845353,128,2368,34,4,0,4,29.2453959781094,2176,0.06843733333333334,29.313833311442732,29.313833311442732,29.32998886699829,29.355542463993867,29.382005232548554,32.70029004506405,1.7309794340950226,5.0492642466105195,1.5943701796558685,0.0,0.025553596995578687,0.02646276855468699
424,27.829747009368905,128,1664,4,6,0,6,28.213770771667498,1472,0.06632533333333333,28.28009610500083,28.28009610500083,28.292340549445274,28.296096794331373,28.32268083974153,31.698254454833577,0.4929338303726247,3.8685074454646724,0.38402376229859314,0.0,0.003756244886098159,0.02658404541015713
425,27.95147043106225,160,1408,25,5,0,5,27.95147043106225,1216,0.06555733333333334,28.017027764395586,28.017027764395586,28.02784998661781,28.038557854824123,28.064928460292872,32.25638464150722,0.1134580292306211,4.3049142104449665,0.0,0.0,0.010707868206313975,0.02637060546874892
426,27.951690960894982,128,2304,46,6,0,6,28.28009610500083,2112,0.06824533333333334,28.348341438334163,28.348341438334163,28.364141438334162,28.375850395405593,28.40238473785351,31.77838931811483,0.4506937769585271,3.826698357219847,0.3284051441058473,0.0,0.011708957071430603,0.02653434244791697
427,27.969631312082527,160,1664,0,3,0,3,27.969631312082527,1536,0.04854755555555555,28.01817886763808,28.01817886763808,28.030423312082526,28.044795439220568,28.07060277739021,32.182326921735445,0.10097146530768342,4.2126956096529184,0.0,0.0,0.014372127138042146,0.02580733816964198
428,27.997835768425592,96,704,152,6,0,6,28.348341438334163,256,0.13455644444444445,28.48289788277861,28.48289788277861,28.48980899388972,28.508526990457675,28.534944470926426,31.057494270681794,0.5371087025008343,3.0596585022562017,0.35050566990857135,0.0,0.01871799656795403,0.026417480468751364
429,28.102175037573588,64,5248,3,0,0,0,28.102175037573588,5120,0.05929955555555556,28.161474593129142,28.161474593129142,28.193630148684697,28.219686392308084,28.246707583714333,29.93930893230064,0.14453254614074496,1.837133894727053,0.0,0.0,0.026056243623386877,0.02702119140624859
430,28.106482398936247,128,1664,0,3,0,3,28.106482398936247,1536,0.04854755555555555,28.155029954491802,28.155029954491802,28.167274398936247,28.173837012881283,28.19964713251019,31.480862419782323,0.09316473357394273,3.3743800208460755,0.0,0.0,0.006562613945035878,0.025810119628907557
431,28.113973849371387,64,1536,9,4,0,4,29.313833311442732,1344,0.06594133333333334,29.379774644776067,29.379774644776067,29.3913079781094,29.408468489384493,29.434789485478245,31.08032127762544,1.3208156361068575,2.9663474282540534,1.1998594620713448,0.0,0.01716051127509388,0.026320996093751603
432,28.146271379483924,128,4608,7,6,0,6,28.48289788277861,4416,0.07515733333333334,28.558055216111942,28.558055216111942,28.586655216111943,28.587780896707677,28.614275392446313,31.993153966552327,0.468004012962389,3.8468825870684036,0.3366265032946849,0.0,0.0011256805957344795,0.026494495738635493
433,28.254361272167298,128,5248,3,0,0,0,28.254361272167298,5120,0.05929955555555556,28.313660827722853,28.313660827722853,28.345816383278407,28.35479723215183,28.38191067616225,31.785420797535014,0.1275494039949514,3.5310595253677164,0.0,0.0,0.008980848873424208,0.02711344401041771
434,28.27417870064703,160,2240,94,5,0,5,28.27417870064703,2048,0.06805333333333334,28.342232033980366,28.342232033980366,28.35767647842481,28.381413811855374,28.407750307391087,32.60259537555671,0.13357160674405577,4.328416674909679,0.0,0.0,0.023737333430563723,0.0263364955357126
435,28.334405226735722,160,2432,38,2,0,2,28.514178102777723,2240,0.06862933333333333,28.582807436111057,28.582807436111057,28.59931854722217,28.622354607003935,28.648550896066435,32.814404167550805,0.3141456693307134,4.479998940815083,0.17977287604200143,0.0,0.023036059781766483,0.02619628906250071
436,28.400422389808828,160,1344,33,7,0,7,28.400422389808828,1152,0.06536533333333333,28.46578772314216,28.46578772314216,28.476254389808826,28.492266157220254,28.518415668939003,32.681011795241076,0.11799327913017521,4.280589405432249,0.0,0.0,0.016011767411427513,0.026149511718749352
437,28.622306143317697,128,2368,30,1,0,1,28.622306143317697,2176,0.06843733333333334,28.69074347665103,28.69074347665103,28.706899032206586,28.71724052969992,28.74324411042909,32.034752085689504,0.12093796711139149,3.412445942371807,0.0,0.0,0.010341497493335794,0.026003580729167197
438,28.71641389875627,160,2560,18,0,0,0,28.71641389875627,2368,0.06901333333333334,28.785427232089603,28.785427232089603,28.802649454311826,28.814548469130997,28.84144519764662,33.091922680905554,0.12503129889035236,4.375508782149286,0.0,0.0,0.011899014819171327,0.026896728515623636
439,28.767235937512318,96,4288,55,5,0,5,28.767235937512318,256,1.140864,29.90809993751232,29.90809993751232,29.93492215973454,29.960071840594207,29.986420822179028,32.49623990680671,1.21918488466671,3.7290039692943893,0.0,0.0,0.02514968085966629,0.02634898158482102
440,28.787049320496305,160,4480,23,5,0,5,29.90809993751232,4288,0.07477333333333333,29.98287327084565,29.98287327084565,30.01076215973454,30.0127702920451,30.039224942924008,34.253981885043316,1.2521756224277034,5.466932564547012,1.1210506170160137,0.0,0.0020081323105607396,0.026454650878907415
441,28.859812581823597,128,4672,7,6,0,6,28.859812581823597,4480,0.07534933333333334,28.93516191515693,28.93516191515693,28.964117470712484,28.985249602318472,29.01181637477941,32.39521939623983,0.15200379295581357,3.535406814416234,0.0,0.0,0.021132131605988036,0.026566772460938637
442,28.895653602905426,128,2176,1,0,0,0,28.895653602905426,2048,0.050083555555555555,28.945737158460982,28.945737158460982,28.960826047349872,28.975936164443496,29.002716228617604,32.396024592177874,0.10706262571217806,3.5003709892724473,0.0,0.0,0.015110117093623643,0.026780064174108276
443,28.951283172816506,128,2368,26,1,0,1,28.951283172816506,2176,0.06843733333333334,29.019720506149838,29.019720506149838,29.035876061705395,29.05508480053326,29.081094077877008,32.37142510001242,0.12981090506050208,3.4201419271959104,0.0,0.0,0.01920873882786367,0.026009277343749915
444,29.16972079170361,160,3072,6,5,0,5,29.98287327084565,2880,0.07054933333333334,30.053422604178984,30.053422604178984,30.07348927084565,30.09213570952557,30.118596701279042,34.33339838894957,0.9488759095754311,5.163677597245957,0.8131524791420404,0.0,0.018646438679922994,0.02646099175347061
445,29.284956926622826,160,4096,22,7,0,5,29.284956926622826,0,1.1580657777777779,30.443022704400605,30.443022704400605,30.46877825995616,30.47048834146504,30.49710341307962,34.64323750324888,1.2121464864567955,5.358280576626058,0.0,0.0,0.001710081508878858,0.02661507161458232
446,29.31301310851501,160,5248,3,0,0,0,29.31301310851501,5120,0.05929955555555556,29.372312664070563,29.372312664070563,29.404468219626118,29.430424096921175,29.45720311477832,33.71277495955138,0.1441900062633117,4.399761851036374,0.0,0.0,0.02595587729505766,0.026779017857144538
447,29.34812700934203,64,3136,6,5,0,5,30.053422604178984,2944,0.07074133333333334,30.124163937512318,30.124163937512318,30.14458615973454,30.144961569443105,30.171345358505604,31.83177550812893,0.8232183491635752,2.483648498786902,0.7052955948369544,0.0,0.0003754097085639785,0.02638378906249983
448,29.372937316293868,160,1216,16,3,0,3,29.372937316293868,1024,0.06498133333333334,29.4379186496272,29.4379186496272,29.447674205182757,29.465484351748465,29.491300595238048,33.6126345679873,0.1183632789441802,4.239697251693432,0.0,0.0,0.017810146565707896,0.025816243489583002
449,29.44334829684717,128,4736,7,6,0,6,29.44334829684717,4544,0.07554133333333334,29.518889630180503,29.518889630180503,29.548200741291613,29.568988883312006,29.59571571707937,32.98277229337525,0.15236742023219918,3.539423996528079,0.0,0.0,0.020788142020393252,0.026726833767362734
450,29.44717201480322,160,1728,5,4,0,4,29.44717201480322,1408,0.10207288888888888,29.549244903692106,29.549244903692106,29.561844903692105,29.56640179016574,29.592645686650116,33.75362094861688,0.1454736718468972,4.306448933813659,0.0,0.0,0.004556886473636723,0.026243896484373863
451,29.460354735416793,64,1600,13,4,0,4,29.549244903692106,1408,0.06613333333333334,29.61537823702544,29.61537823702544,29.62726712591433,29.645134944462615,29.671314004172437,31.314956287391066,0.2109592687556443,1.8546015519742731,0.08889016827531293,0.0,0.017867818548285896,0.026179059709821928
452,29.48113074873112,160,3200,2,4,0,4,29.61537823702544,3072,0.05315555555555555,29.668533792580995,29.668533792580995,29.68931157035877,29.697419310162022,29.723590348108452,33.88565903455437,0.24245959937733375,4.404528285823254,0.13424748829432076,0.0,0.008107739803250524,0.02617103794642972
453,29.500294254085436,128,2240,142,4,0,4,29.668533792580995,2048,0.06805333333333334,29.73658712591433,29.73658712591433,29.752031570358774,29.77593388884506,29.802096547536465,33.12106526130289,0.30180229345102916,3.620771007217453,0.16823953849555906,0.0,0.02390231848628588,0.026162658691404772
454,29.57958683912349,160,704,52,6,0,6,29.57958683912349,256,0.13455644444444445,29.714143283567935,29.714143283567935,29.721054394679047,29.72935721013492,29.755948372244298,33.97973860196899,0.17636153312080793,4.4001517628455,0.0,0.0,0.008302815455873969,0.0265911621093764
455,29.610716748390374,160,4288,71,2,0,,29.610716748390374,256,1.140864,30.751580748390374,30.751580748390374,30.778402970612596,30.788763786691437,30.81499702236852,35.0060860767305,1.2042802739781457,5.395369328340124,0.0,0.0,0.010360816078840429,0.02623323567708269
456,29.875263823152874,96,4288,139,3,0,,29.875263823152874,256,1.140864,31.016127823152875,31.016127823152875,31.042950045375097,31.063890373883883,31.09000402134482,33.560809581938194,1.2147401981919472,3.68554575878532,0.0,0.0,0.02094032850878591,0.026113647460938694
457,29.91043326799609,64,1344,17,1,0,1,29.91043326799609,1152,0.06536533333333333,29.975798601329423,29.975798601329423,29.98626526799609,29.99003523998638,30.01594012279888,31.645319273189504,0.10550685480279043,1.7348860051934132,0.0,0.0,0.0037699719902910545,0.02590488281250103
458,29.943347758025205,64,704,40,1,0,1,29.975798601329423,512,0.06344533333333334,30.039243934662757,30.039243934662757,30.04615504577387,30.06775135326763,30.09356393464784,31.722904429439502,0.1502161766226351,1.7795566714142979,0.032450843304218324,0.0,0.021596307493762623,0.025812581380208144
459,30.06114158641268,96,1600,9,4,0,4,30.06114158641268,1408,0.06613333333333334,30.127274919746014,30.127274919746014,30.139163808634905,30.1422555441185,30.168381900455305,32.64773572377499,0.10724031404262391,2.5865941373623116,0.0,0.0,0.0030917354835935384,0.026126356336806822
460,30.101264768081993,64,2304,98,4,0,4,30.127274919746014,2112,0.06824533333333334,30.195520253079348,30.195520253079348,30.211320253079347,30.220636077972667,30.246763617035167,31.88928399386428,0.14549884895317433,1.7880192257822856,0.026010151664021208,0.0,0.009315824893320723,0.026127539062500205
461,30.33030637147309,128,512,3,7,0,0,30.443022704400605,0,0.15175822222222224,30.59478092662283,30.59478092662283,30.600625371067274,30.603568582350455,30.62984421711608,33.92524905923847,0.29953784564299113,3.5949426877653785,0.1127163329275156,0.0,0.002943211283181313,0.026275634765625
462,30.57507127980919,128,1152,129,2,0,,30.751580748390374,256,0.2603448888888889,31.011925637279262,31.011925637279262,31.02132563727926,31.024880485910188,31.05094933356644,34.40326371344925,0.4758780537572491,3.8281924336400586,0.17650946858118388,0.0,0.003554848630926699,0.026068847656251393
463,30.70022347285328,128,1216,121,7,0,7,30.70022347285328,1024,0.06498133333333334,30.765204806186613,30.765204806186613,30.77496036174217,30.787508279616077,30.813650271803578,34.10959492512388,0.11342679895029661,3.409371452270598,0.0,0.0,0.0125479178739063,0.026141992187501017
464,30.737707659029404,64,4288,67,5,0,5,30.737707659029404,256,1.140864,31.878571659029404,31.878571659029404,31.905393881251626,31.91145539094143,31.938105130524765,33.61563227566832,1.2003974714953607,2.8779246166389143,0.0,0.0,0.006061509689804012,0.026649739583334053
465,30.802345889164666,128,704,108,1,0,1,30.802345889164666,256,0.13455644444444445,30.936902333609112,30.936902333609112,30.943813444720224,30.948032407955125,30.973851499752,34.23072343985616,0.17150561058733516,3.428377550691497,0.0,0.0,0.004218963234901452,0.025819091796876137
466,30.848136737550295,128,1664,0,3,0,3,31.016127823152875,1536,0.04854755555555555,31.06467537870843,31.06467537870843,31.076919823152874,31.09000402134482,31.116057829938573,34.4171071196056,0.26792109238827777,3.5689703820553085,0.16799108560257991,0.0,0.013084198191947394,0.02605380859375117
467,30.91105339453787,160,2176,1,0,0,0,30.91105339453787,2048,0.050083555555555555,30.961136950093426,30.961136950093426,30.976225838982316,30.984483541675637,31.011214010425636,35.27099872722252,0.10016061588776637,4.359945332684649,0.0,0.0,0.008257702693320823,0.026730468749999403
468,30.96233147756173,160,768,36,5,0,5,31.878571659029404,576,0.06363733333333334,31.942208992362737,31.942208992362737,31.949475659029403,31.964755358389347,31.99122382937149,36.19911217475686,1.028892351809759,5.236780697195133,0.9162401814676748,0.0,0.015279699359943777,0.026468470982141667
469,31.054199672734168,96,1088,8,7,0,7,31.054199672734168,896,0.06459733333333334,31.1187970060675,31.1187970060675,31.127841450511944,31.153540603834827,31.179586502272326,33.638897171217636,0.12538682953815794,2.584697498483468,0.0,0.0,0.02569915332288275,0.026045898437498494
470,31.07907865594031,64,4288,119,2,0,,31.07907865594031,256,1.140864,32.21994265594031,32.21994265594031,32.24676487816253,32.25750939216018,32.284023308175804,33.957351115793,1.2049446522354934,2.878272459852692,0.0,0.0,0.010744513997650529,0.026513916015623806
471,31.094728905003056,160,4096,102,2,0,,32.21994265594031,0,1.1580657777777779,33.37800843371809,33.37800843371809,33.40376398927364,33.42656578864456,33.453281975168,37.6170432300508,2.358553070164941,6.522314325047741,1.1252137509372524,0.0,0.02280179937091731,0.026716186523437102
472,31.438548368854836,64,2176,1,0,0,0,31.438548368854836,2048,0.050083555555555555,31.48863192441039,31.48863192441039,31.50372081329928,31.519185690113137,31.54581296875897,33.22615689314514,0.10726459990413417,1.7876085242903024,0.0,0.0,0.015464876813855,0.02662727864583303
473,31.47301785008624,96,3200,6,5,0,5,31.942208992362737,3008,0.07093333333333333,32.01314232569607,32.01314232569607,32.033920103473854,32.044162236179524,32.07064374252718,34.597889355746446,0.5976258924409414,3.124871505660206,0.4691911422764967,0.0,0.010242132705670315,0.026481506347657557
474,31.474070407108062,128,4352,67,5,0,5,32.01314232569607,4160,0.07438933333333334,32.08753165902941,32.08753165902941,32.11470943680719,32.123608220066245,32.15016252779194,35.52215367866311,0.6760921206838795,4.048083271555047,0.5390719185880108,0.0,0.008898783259056131,0.026554307725696447
475,31.51261292521333,160,2176,1,0,0,0,31.51261292521333,2048,0.050083555555555555,31.562696480768885,31.562696480768885,31.577785369657775,31.599068990894388,31.62561684245689,35.88266246420169,0.11300391724356018,4.370049538988358,0.0,0.0,0.02128362123661276,0.02654785156250128
476,31.52763452290853,160,640,56,3,0,,31.52763452290853,256,0.11658666666666667,31.644221189575198,31.644221189575198,31.650776745130752,31.66362633579795,31.68957770298545,35.817475678943396,0.16194318007691777,4.289841156034864,0.0,0.0,0.01284959066719793,0.02595136718749913
477,31.568058335464105,128,5248,3,0,0,0,31.568058335464105,5120,0.05929955555555556,31.62735789101966,31.62735789101966,31.659513446575215,31.67871401042564,31.70538997478111,35.111860822646626,0.13733163931700432,3.5438024871825213,0.0,0.0,0.019200563850425567,0.02667596435546926
478,31.643170931351957,96,1664,13,4,0,4,31.643170931351957,1472,0.06632533333333333,31.70949626468529,31.70949626468529,31.721740709129733,31.732778273998207,31.758858107982583,34.254467457405944,0.115687176630626,2.6112965260539873,0.0,0.0,0.011037564868473737,0.026079833984375966
479,31.643462305797655,96,1664,0,3,0,3,31.644221189575198,1536,0.04854755555555555,31.692768745130753,31.692768745130753,31.705013189575197,31.7155295584542,31.741458594912533,34.209580508277476,0.09799628911487801,2.566118202479821,0.0007588837775429624,0.0,0.010516368879002869,0.025929036458332888
480,31.68528850361468,128,4096,10,3,0,2,31.692768745130753,0,1.1580657777777779,32.85083452290853,32.85083452290853,32.87659007846408,32.88307448032919,32.90920818801148,36.20686181446857,1.2239196843968045,4.5215733108538885,0.00748024151607396,0.0,0.00648440186510868,0.026133707682291174
481,31.800868607860473,160,1664,9,4,0,4,31.800868607860473,1472,0.06632533333333333,31.867193941193804,31.867193941193804,31.87943838563825,31.88928399386428,31.915322498328564,36.077034528648504,0.1144538904680914,4.276165920788031,0.0,0.0,0.009845608226029867,0.02603850446428524
482,31.950896118972135,64,3200,2,4,0,4,31.950896118972135,3072,0.05315555555555555,32.00405167452769,32.00405167452769,32.02482945230547,32.04552234486874,32.071628912251555,33.72729559054396,0.12073279327941933,1.7763994715718248,0.0,0.0,0.020692892563275223,0.026106567382811363
483,32.012182143989975,64,4800,7,6,0,6,32.012182143989975,4608,0.07573333333333333,32.08791547732331,32.08791547732331,32.11758214398997,32.12662320483358,32.15348062670858,33.82721760587524,0.14129848271860368,1.815035461885266,0.0,0.0,0.00904106084360734,0.026857421875000398
484,32.09065306160503,64,1664,0,3,0,3,32.85083452290853,1536,0.04854755555555555,32.899382078464086,32.899382078464086,32.91162652290853,32.935342383975026,32.96143104189913,34.59863788132435,0.8707779802941005,2.5079848197193186,0.7601814613034961,0.0,0.023715861066499144,0.026088657924105974
485,32.150989822450164,128,4288,135,4,0,4,32.150989822450164,4096,0.07419733333333334,32.225187155783495,32.225187155783495,32.25200937800572,32.254388555806244,32.280608282368746,35.611354271487045,0.12961845991858212,3.460364449036881,0.0,0.0,0.0023791778005275432,0.026219726562501933
486,32.24591734829812,160,3200,6,5,0,5,32.24591734829812,3072,0.05315555555555555,32.29907290385368,32.29907290385368,32.31985068163146,32.33635302529628,32.36299961817823,36.57202965522561,0.1170822698801075,4.326112306927492,0.0,0.0,0.016502343664825503,0.026646592881945708
487,32.28784114935669,64,5248,3,0,0,0,32.28784114935669,5120,0.05929955555555556,32.34714070491224,32.34714070491224,32.3792962604678,32.396024592177874,32.42278379976716,34.118856893145136,0.1349426504104727,1.8310157437884484,0.0,0.0,0.016728331710076816,0.026759207589286405
488,32.63443602958697,128,960,20,2,0,2,33.37800843371809,256,0.20643555555555557,33.584443989273645,33.584443989273645,33.59277732260698,33.61358934821487,33.64005878180863,36.95334352301955,1.0056227522216545,4.318907493432576,0.7435724041311147,0.0,0.020812025607895634,0.026469433593753422
489,32.691290040388296,160,1664,0,3,0,3,32.899382078464086,1536,0.04854755555555555,32.947929634019644,32.947929634019644,32.960174078464085,32.96143104189913,32.98748560732882,37.1109457445901,0.2961955669405256,4.419655704201801,0.20809203807579024,0.0,0.0012569634350469983,0.02605456542968909
490,32.82226343856158,96,4224,147,1,0,,32.82226343856158,256,1.1228942222222222,33.9451576607838,33.9451576607838,33.97162432745046,33.99612822501242,34.02236040274679,36.534349087410114,1.2000969641852137,3.712085648848536,0.0,0.0,0.024503897561956478,0.026232177734371476
491,32.838206276421246,160,896,28,1,0,1,33.9451576607838,704,0.06402133333333333,34.009178994117136,34.009178994117136,34.01715677189491,34.02236040274679,34.04832801342388,38.22915606227525,1.2101217370026305,5.390949785854005,1.106951384362553,0.0,0.005203630851880803,0.025967610677085418
492,32.92197491670262,160,3200,2,4,0,4,32.92197491670262,3072,0.05315555555555555,32.97513047225817,32.97513047225817,32.99590825003595,33.01575837653726,33.04208436530679,37.19498032942976,0.12010944860417538,4.273005412727144,0.0,0.0,0.019850126501310683,0.026325988769528408
493,33.440978994561775,96,5248,3,0,0,0,33.440978994561775,5120,0.05929955555555556,33.50027855011733,33.50027855011733,33.532434105672884,33.550179744707634,33.57727772647847,36.12290621420169,0.13629873191669617,2.681927219639917,0.0,0.0,0.017745639034750127,0.027097981770836554
494,33.628883327449145,64,2496,38,2,0,2,33.628883327449145,2304,0.06882133333333333,33.69770466078248,33.69770466078248,33.71457132744914,33.71947001227738,33.74589929287634,35.395783952707056,0.11701596542719273,1.766900625257911,0.0,0.0,0.004898684828233968,0.026429280598961213
495,33.68069275295347,96,5248,3,0,0,0,33.68069275295347,5120,0.05929955555555556,33.739992308509024,33.739992308509024,33.77214786406458,33.79375533064513,33.82084444197326,36.36080164877201,0.14015168901978825,2.6801088958185417,0.0,0.0,0.021607466580555013,0.02708911132812375
496,33.7286816310464,160,2624,14,7,0,7,33.7286816310464,2432,0.06920533333333334,33.797886964379735,33.797886964379735,33.815464742157516,33.82094046548847,33.847016881504096,38.007667239576996,0.11833525045769733,4.278985608530597,0.0,0.0,0.005475723330953031,0.026076416015627046
497,33.92391617748662,96,1216,41,4,0,4,33.92391617748662,256,0.27831466666666665,34.202230844153284,34.202230844153284,34.21198639970884,34.22826267224969,34.254467457405944,36.72582261458601,0.33055127991932665,2.8019064370993902,0.0,0.0,0.016276272540849845,0.026204785156252797
498,34.01879678796059,160,1664,0,3,0,3,34.01879678796059,1536,0.04854755555555555,34.06734434351615,34.06734434351615,34.07958878796059,34.07987138439355,34.10581223260783,38.22245914616655,0.08701544464724265,4.2036623582059605,0.0,0.0,0.00028259643296024706,0.025940848214283108
499,34.07132687193747,64,1280,41,4,0,4,34.202230844153284,1088,0.06517333333333333,34.26740417748662,34.26740417748662,34.277515288597726,34.28075920545282,34.30691799451532,35.947514509117255,0.2355911225778442,1.8761876371797825,0.13090397221581185,0.0,0.003243916855090845,0.026158789062499466
500,34.07488588587675,128,4480,15,1,0,1,34.07488588587675,4288,0.07477333333333333,34.149659219210086,34.149659219210086,34.177548108098975,34.17817339102804,34.20444817130148,37.55206365214226,0.1295622854247256,3.4771777662655055,0.0,0.0,0.0006252829290644968,0.026274780273439546
501,34.08245801076865,128,4224,95,6,0,,34.08245801076865,256,1.1228942222222222,35.20535223299087,35.20535223299087,35.23181889965753,35.23181889965753,35.25888139965753,38.642641968815205,1.1764233888888853,4.560183958046558,0.0,0.0,0.0,0.027062499999999545
502,34.13612372194684,96,256,45,2,0,6,34.13612372194684,0,0.07987911111111111,34.21600283305795,34.21600283305795,34.220425055280174,34.2466274829805,34.27273230068884,36.74297242926955,0.13660857874199905,2.606848707322712,0.0,0.0,0.026202427700326325,0.026104817708336725
503,34.15561758632685,128,1664,0,3,0,3,34.15561758632685,1536,0.04854755555555555,34.204165141882406,34.204165141882406,34.21640958632685,34.2355377836681,34.26147479538685,37.5501363922603,0.10585720906000518,3.3945188059334512,0.0,0.0,0.019128197341252928,0.025937011718752956
504,34.3542714666141,128,1664,0,3,0,3,34.3542714666141,1536,0.04854755555555555,34.40281902216966,34.40281902216966,34.4150634666141,34.4171071196056,34.44303862072167,37.7311383453853,0.08876715410757186,3.376866878771196,0.0,0.0,0.0020436529915031088,0.025931501116069455
505,34.38226314448407,160,4864,7,6,0,6,35.20535223299087,4672,0.07592533333333334,35.2812775663242,35.2812775663242,35.31129978854642,35.31300786450129,35.340227346923164,39.56936113385428,0.9579642024390935,5.1870979893702085,0.8230890885067979,0.0,0.0017080759548662172,0.027219482421877217
506,34.39839086893247,96,4928,7,6,0,6,35.2812775663242,4736,0.07611733333333334,35.357394899657535,35.357394899657535,35.387772677435315,35.39466777661066,35.42195049145441,37.958178003971454,1.0235596225219368,3.559787135038981,0.8828866973917258,0.0,0.006895099175345365,0.02728271484375
507,34.43633386434903,96,2176,1,0,0,0,34.43633386434903,2048,0.050083555555555555,34.48641741990458,34.48641741990458,34.50150630879347,34.523836385332636,34.550682251218056,37.06503077474858,0.11434838686902538,2.6286969103995474,0.0,0.0,0.022330076539162746,0.02684586588542004
508,34.5502442245247,64,2176,1,0,0,0,34.5502442245247,2048,0.050083555555555555,34.60032778008025,34.60032778008025,34.61541666896914,34.631222778561806,34.65795840914216,36.334337171232946,0.10771418461746407,1.784092946708249,0.0,0.0,0.015806109592666928,0.026735630580354552
509,34.66187368098684,64,1344,41,4,0,4,34.66187368098684,1152,0.06536533333333333,34.72723901432017,34.72723901432017,34.737705680986835,34.75169211560907,34.7777744723799,36.41389195052351,0.11590079139306653,1.75201826953667,0.0,0.0,0.01398643462223248,0.026082356770835702
510,34.7379207220984,96,1664,0,3,0,3,34.7379207220984,1536,0.04854755555555555,34.78646827765396,34.78646827765396,34.7987127220984,34.80625246465768,34.83218626767108,37.29176697261744,0.09426554557267508,2.5538462505190367,0.0,0.0,0.007539742559281137,0.025933803013394652
511,34.769628838116915,64,4992,7,6,0,6,35.357394899657535,4800,0.07630933333333334,35.43370423299087,35.43370423299087,35.4644375663242,35.47651738598566,35.503839895751284,37.19262674606595,0.7342110576343686,2.422997907949032,0.5877660615406199,0.0,0.012079819661458657,0.027322509765625114
512,34.80959392829756,64,2176,1,0,0,0,34.80959392829756,2048,0.050083555555555555,34.85967748385311,34.85967748385311,34.874766372742,34.89860105702163,34.92525681874038,36.595552747404824,0.1156628904428203,1.7859588191072646,0.0,0.0,0.023834684279627538,0.02665576171875017
513,34.93380490031878,96,1408,41,4,0,4,34.93380490031878,1216,0.06555733333333334,34.999362233652114,34.999362233652114,35.01018445587434,35.01253765597365,35.038567789902224,37.50484263411726,0.10476288958344071,2.5710377337984767,0.0,0.0,0.0023532000993142788,0.026030133928571786
514,35.14862463238046,96,1408,49,7,0,7,35.14862463238046,256,0.332224,35.48084863238046,35.48084863238046,35.49167085460268,35.51127607746763,35.53727607746763,38.007667239576996,0.3886514450871701,2.8590426071965354,0.0,0.0,0.01960522286494637,0.026000000000003354
515,35.21730374506461,160,4224,143,7,0,,35.48084863238046,256,1.1228942222222222,36.60374285460268,36.60374285460268,36.63020952126934,36.655737991530124,36.68210648111346,40.84294235467185,1.4648027360488456,5.625638609607236,0.26354488731584524,0.0,0.025528470260780978,0.0263684895833336
516,35.21768185214743,96,1664,0,3,0,3,35.21768185214743,1536,0.04854755555555555,35.26622940770299,35.26622940770299,35.27847385214743,35.299078218005896,35.325004975818395,37.782849771166546,0.10732312367096597,2.5651679190191174,0.0,0.0,0.020604365858467588,0.02592675781249909
517,35.24059101422303,160,1664,0,3,0,3,35.26622940770299,1536,0.04854755555555555,35.314776963258545,35.314776963258545,35.327021407702986,35.350932221912146,35.376847152467704,39.48747029525509,0.13625613824467564,4.246879281032065,0.025638393479958665,0.0,0.023910814209159525,0.025914930555558158
518,35.294659049640345,64,1664,4,6,0,6,35.43370423299087,1536,0.04854755555555555,35.48225178854643,35.48225178854643,35.49449623299087,35.503839895751284,35.53086079418878,37.21893338669095,0.23620174454843834,1.9242743370506048,0.1390451833505253,0.0,0.009343662760414873,0.027020898437498886
519,35.30360141848541,128,832,48,1,0,1,35.30360141848541,256,0.170496,35.47409741848541,35.47409741848541,35.48171964070763,35.50642265860617,35.53271599356711,38.851969701598165,0.2291145750817023,3.548368283112758,0.0,0.0,0.02470301789853835,0.026293334960939774
520,35.50762823516601,64,256,28,7,0,1,36.60374285460268,0,0.07987911111111111,36.68362196571379,36.68362196571379,36.688044187936015,36.70847545897804,36.734533808587415,38.37270657063168,1.226905573421405,2.865078335465668,1.096114619436669,0.0,0.020431271042028243,0.02605834960937159
521,35.572785286578,96,4544,15,1,0,1,35.572785286578,4352,0.07496533333333334,35.64775061991133,35.64775061991133,35.675995064355774,35.69048625723898,35.71696740958273,38.20328000433254,0.14418212300473243,2.6304947177545444,0.0,0.0,0.014491192883205883,0.026481152343748704
522,35.5861087680532,128,512,19,7,0,6,36.68362196571379,0,0.15175822222222224,36.83538018793601,36.83538018793601,36.84122463238045,36.86483288085304,36.89073190429054,40.211003157313215,1.304623136237339,4.624894389260014,1.0975131976605894,0.0,0.023608248472584137,0.025899023437503388
523,35.75385474766795,64,1344,61,3,0,3,35.75385474766795,1152,0.06536533333333333,35.81922008100128,35.81922008100128,35.82968674766795,35.84346603538871,35.86941970292343,37.4984195953853,0.11556495525547916,1.7445648477173492,0.0,0.0,0.01377928772075876,0.025953667534722058
524,36.02660634782361,64,2048,1,5,0,0,36.02660634782361,0,0.5830328888888889,36.609639236712496,36.609639236712496,36.62401701449027,36.62401701449027,36.650017014490274,38.29941154574026,0.6234106666666648,2.2728051979166537,0.0,0.0,0.0,0.026000000000003354
525,36.03147131731968,64,1280,21,6,0,6,36.03147131731968,1088,0.06517333333333333,36.09664465065301,36.09664465065301,36.10675576176412,36.125444094970035,36.15224170239191,37.82564341738291,0.12077038507223392,1.7941721000632356,0.0,0.0,0.018688333205915342,0.026797607421876535
526,36.036705480589404,96,2688,14,7,0,7,36.83538018793601,2496,0.06939733333333334,36.904777521269345,36.904777521269345,36.92271085460268,36.94253141600929,36.96850057291033,39.45140155993599,0.9317950923209253,3.4146960793465837,0.7986747073466063,0.0,0.019820561406611148,0.0259691569010414
527,36.1038130429136,128,768,40,1,0,1,36.1038130429136,576,0.06363733333333334,36.16745037624693,36.16745037624693,36.1747170429136,36.19371164786398,36.220016172603565,39.529141576598164,0.11620312968996416,3.4253285336845636,0.0,0.0,0.018994604950378857,0.026304524739586554
528,36.14355067523427,64,2176,1,0,0,0,36.14355067523427,2048,0.050083555555555555,36.193634230789826,36.193634230789826,36.208723119678716,36.228780725920444,36.25516910482669,37.90609075196212,0.11161842959241852,1.762540076727845,0.0,0.0,0.020057606241728365,0.026388378906247567
529,36.167442019199825,64,896,48,1,0,1,36.16745037624693,704,0.06402133333333333,36.23147170958027,36.23147170958027,36.239449487358044,36.246321185624396,36.27250268674047,37.91647761872987,0.10506066754064136,1.7490355995300462,8.357047107665494e-06,0.0,0.0068716982663517,0.02618150111607065
530,36.17126856716526,64,2432,26,1,0,1,36.23147170958027,2240,0.06862933333333333,36.3001010429136,36.3001010429136,36.31661215402472,36.32486715381636,36.35105068653121,37.99472747922094,0.179782119365953,1.8234589120556848,0.06020314241501268,0.0,0.0082549997916459,0.02618353271484608
531,36.175169871093075,64,4224,99,5,0,,36.609639236712496,256,1.1228942222222222,37.73253345893472,37.73253345893472,37.75900012560138,37.76847892855277,37.795020920740264,39.49082756136527,1.6198510496471883,3.3156576902721966,0.43446936561942096,0.0,0.009478802951385035,0.026541992187496533
532,36.406723381514766,160,2048,0,2,0,3,36.406723381514766,0,0.5830328888888889,36.98975627040365,36.98975627040365,37.00413404818143,37.0074758472383,37.034009294503925,41.19918936274704,0.6272859129891586,4.792465981232276,0.0,0.0,0.0033417990568693767,0.026533447265627785
533,36.423618606462384,128,1664,4,6,0,6,36.423618606462384,1536,0.04854755555555555,36.47216616201794,36.47216616201794,36.48441060646238,36.500655032470036,36.52731776963521,39.88222685651053,0.10369916317282701,3.458608250048144,0.0,0.0,0.016244426007652635,0.026662737165175088
534,36.42810814816965,128,2176,1,0,0,0,36.42810814816965,2048,0.050083555555555555,36.4781917037252,36.4781917037252,36.49328059261409,36.51730994955326,36.5433903938892,39.93355200723245,0.11528224571954837,3.505443859062801,0.0,0.0,0.024029356939166746,0.026080444335939035
535,36.599886341663314,128,4288,11,7,0,7,36.904777521269345,256,1.140864,38.045641521269346,38.045641521269346,38.07246374349157,38.085549685866056,38.11173786945981,41.44287212355206,1.5118515277964946,4.842985781888743,0.30489117960603096,0.0,0.013085942374488013,0.026188183593752967
536,36.651958164772296,128,1728,9,4,0,4,36.651958164772296,1536,0.06651733333333333,36.718475498105626,36.718475498105626,36.731075498105625,36.751998395836004,36.7780638255235,40.07605920545282,0.12610566075120744,3.424101040680526,0.0,0.0,0.020922897730379475,0.02606542968749892
537,36.78753538003713,128,1664,4,6,0,6,36.78753538003713,1536,0.04854755555555555,36.836082935592685,36.836082935592685,36.84832738003713,36.87397778637628,36.900540225341125,40.24826054791678,0.11300484530399757,3.4607251678796516,0.0,0.0,0.025650406339153164,0.026562438964845114
538,36.90657873148153,96,4224,127,5,0,,37.73253345893472,256,1.1228942222222222,38.85542768115694,38.85542768115694,38.881894347823604,38.89511418245902,38.92218693636527,41.48607251579236,2.0156082048837405,4.579493784310827,0.8259547274531869,0.0,0.01321983463541443,0.02707275390625341
539,37.00597846745909,96,1792,5,4,0,4,37.00597846745909,1600,0.06670933333333334,37.07268780079242,37.07268780079242,37.08564335634798,37.09088706771101,37.116909650718824,39.58172054752872,0.11093118325973705,2.575742080069631,0.0,0.0,0.0052437113630290355,0.02602258300781557
540,37.010189816416855,128,1664,0,3,0,3,37.010189816416855,1536,0.04854755555555555,37.05873737197241,37.05873737197241,37.070981816416854,37.085109373062316,37.1109457445901,40.39234664267884,0.10075592817324264,3.3821568262619834,0.0,0.0,0.014127556645462391,0.025836371527780955
541,37.090335033454245,64,768,52,6,0,6,37.090335033454245,576,0.06363733333333334,37.15397236678758,37.15397236678758,37.161239033454244,37.16619147045831,37.19262674606595,38.85213469342458,0.10229171261170222,1.761799659970336,0.0,0.0,0.004952437004064336,0.02643527560763914
542,37.23186793895234,96,4608,15,1,0,1,37.23186793895234,4416,0.07515733333333334,37.30702527228568,37.30702527228568,37.335625272285675,37.34230388651726,37.36852214823601,39.846210261494,0.13665420928366956,2.6143423225416598,0.0,0.0,0.006678614231582003,0.02621826171875341
543,37.25117499924995,128,1152,8,7,0,7,38.045641521269346,960,0.06478933333333334,38.110430854602676,38.110430854602676,38.119830854602675,38.13792654133481,38.16401125813168,41.494625541520804,0.9128362588817325,4.243450542270857,0.7944665220193983,0.0,0.018095686732131355,0.02608471679687341
544,37.30478806207071,96,2432,10,2,0,2,37.30478806207071,2176,0.0864071111111111,37.39119517318183,37.39119517318183,37.40770628429294,37.432069597238296,37.45849293708205,39.948121866583534,0.15370487501133567,2.643333804512821,0.0,0.0,0.02436331294535421,0.026423339843752558
545,37.37859405639483,64,4416,131,2,0,2,37.39119517318183,256,1.1768035555555554,38.567998728737386,38.567998728737386,38.59553206207072,38.60922731208205,38.63569248135288,40.28756199109525,1.257098424958052,2.9089679347004207,0.012601116786996158,0.0,0.013695250011330984,0.02646516927083553
546,37.46838926920002,128,5248,3,0,0,0,37.46838926920002,5120,0.05929955555555556,37.52768882475557,37.52768882475557,37.55984438031113,37.5605476204517,37.58712493164962,41.011173216271075,0.11873566244960188,3.542783947071058,0.0,0.0,0.0007032401405737687,0.02657731119791862
547,37.577423523316135,64,1792,9,4,0,4,37.577423523316135,1600,0.06670933333333334,37.64413285664947,37.64413285664947,37.65708841220503,37.66007212630476,37.68594598698184,39.3218893300808,0.10852246366570739,1.7444658067646657,0.0,0.0,0.0029837140997344136,0.02587386067708053
548,37.57810251270859,128,4416,19,6,0,6,37.57810251270859,256,1.1768035555555554,38.75490606826415,38.75490606826415,38.78243940159748,38.79945275983083,38.82579348248708,42.151912030974195,1.247690969778489,4.573809518265605,0.0,0.0,0.017013358233349152,0.026340722656250648
549,37.59782421069512,64,960,48,1,0,1,37.59782421069512,768,0.06421333333333333,37.66203754402846,37.66203754402846,37.67037087736179,37.6824452090619,37.708446857011126,39.34613669378567,0.11062264631600272,1.7483124830905439,0.0,0.0,0.01207433170011285,0.026001647949222217
550,37.68615231249762,128,4224,63,5,0,,38.85542768115694,256,1.1228942222222222,39.97832190337916,39.97832190337916,40.004788570045825,40.005302659021524,40.03237516878715,43.44132959587048,2.346222856289529,5.755177283372859,1.1692753686593207,0.0,0.0005140889756987121,0.02707250976562392
551,37.82894841770108,160,4288,103,2,0,2,38.567998728737386,4096,0.07419733333333334,38.64219606207072,38.64219606207072,38.66901828429294,38.688624284738296,38.71524769782423,42.860797786179894,0.8862992801231542,5.031849368478817,0.7390503110363085,0.0,0.019606000445357097,0.026623413085935965
552,37.96309209042184,64,2304,50,1,0,1,37.96309209042184,2112,0.06824533333333334,38.03133742375517,38.03133742375517,38.04713742375517,38.07291449093969,38.09898661705576,39.7402073318065,0.1358945266339191,1.7771152413846636,0.0,0.0,0.025777067184520774,0.026072126116069683
553,37.96490962504321,160,1216,157,2,0,2,38.64219606207072,256,0.27831466666666665,38.92051072873738,38.92051072873738,38.93026628429294,38.95488038825392,38.98130177497267,43.11874526106829,1.0163921499294588,5.153835636025079,0.6772864370275045,0.0,0.024614103960978184,0.02642138671875216
554,37.996631483215396,160,1856,5,4,0,4,37.996631483215396,1664,0.06690133333333334,38.06353281654873,38.06353281654873,38.07684392765984,38.09999416406517,38.12588234765892,42.265574660716965,0.1292508644435273,4.268943177501569,0.0,0.0,0.023150236405335534,0.025888183593750114
555,37.99676161536856,64,256,2,2,0,4,38.92051072873738,0,0.07987911111111111,39.000389839848495,39.000389839848495,39.00481206207072,39.00772364997267,39.033929786040375,40.677026276809535,1.037168170671812,2.6802646614409724,0.9237491133688209,0.0,0.0029115879019485646,0.02620613606770661
556,38.00453427071278,160,5248,3,0,0,0,38.00453427071278,5120,0.05929955555555556,38.063833826268336,38.063833826268336,38.09598938182389,38.12073333008712,38.147809176441285,42.429735960411705,0.14327490572850365,4.425201689698923,0.0,0.0,0.024743948263228788,0.027075846354165378
557,38.11503083963442,128,512,6,2,0,5,39.000389839848495,0,0.15175822222222224,39.152148062070715,39.152148062070715,39.15799250651516,39.164967790597665,39.19103984695927,42.49733953422677,1.0760090073248492,4.382308694592346,0.8853590002140734,0.0,0.006975284082507471,0.026072056361606144
558,38.139925636442335,128,3200,2,4,0,4,38.139925636442335,3072,0.05315555555555555,38.19308119199789,38.19308119199789,38.21385896977567,38.22943996484642,38.25546496484642,41.563106154857586,0.11553932840408265,3.4231805184152506,0.0,0.0,0.015580995070749282,0.026024999999997078
559,38.335406428847214,160,2496,10,2,0,2,39.152148062070715,2304,0.06882133333333333,39.22096939540405,39.22096939540405,39.23783606207071,39.24318542452624,39.26927709933093,43.40277406966204,0.9338706704837136,5.0673676408148225,0.8167416332235007,0.0,0.005349362455525863,0.026091674804689546
560,38.36295577328157,128,1408,61,3,0,3,38.36295577328157,1216,0.06555733333333334,38.4285131066149,38.4285131066149,38.439335328837124,38.455129800463425,38.480928791348845,41.77048453950423,0.11797301806727489,3.4075287662226614,0.0,0.0,0.01579447162630032,0.025798990885419926
561,38.36628746217312,64,1728,13,4,0,4,38.36628746217312,1536,0.06651733333333333,38.43280479550645,38.43280479550645,38.44540479550645,38.46368254297142,38.48968099674746,40.128165976286155,0.12339353457434044,1.761878514113036,0.0,0.0,0.018277747464971128,0.025998453776040265
562,38.46207348921326,160,2496,22,5,0,5,39.97832190337916,256,0.6377102222222223,40.616032125601386,40.616032125601386,40.63289879226805,40.655177659021525,40.68197339469861,44.926133225427776,2.2198999054853488,6.464059736214516,1.5162484141659007,0.0,0.022278866753474347,0.0267957356770836
563,38.71693708005869,128,1408,17,1,0,1,38.71693708005869,1216,0.06555733333333334,38.78249441339202,38.78249441339202,38.79331663561425,38.8001409255565,38.826055069436705,42.11155474391588,0.10911798937801365,3.39461766385719,0.0,0.0,0.0068242899422514824,0.02591414388020752
564,38.79412033693322,160,2624,18,0,0,0,38.79412033693322,2432,0.06920533333333334,38.863325670266555,38.863325670266555,38.880903448044336,38.90613111654545,38.93301893392827,43.20764916260664,0.13889859699504825,4.413528825673424,0.0,0.0,0.025227668501116796,0.026887817382814205
565,38.934832162264684,160,5248,3,0,0,0,38.934832162264684,5120,0.05929955555555556,38.99413171782024,38.99413171782024,39.02628727337579,39.040575086272014,39.067599793303266,43.341943596200394,0.13276763103858258,4.407111433935711,0.0,0.0,0.014287812896220942,0.02702470703125215
566,38.94517338880521,128,4352,11,7,0,7,38.94517338880521,4160,0.07438933333333334,39.019562722138545,39.019562722138545,39.046740499916325,39.05603303547543,39.082460851230636,42.406874418473926,0.13728746242542655,3.461701029668717,0.0,0.0,0.00929253555910492,0.026427815755205586
567,38.948847201253265,96,960,12,7,0,7,39.019562722138545,256,0.20643555555555557,39.2259982776941,39.2259982776941,39.234331611027436,39.24103799966814,39.26733173571724,41.75437324659893,0.31848453446397684,2.8055260453456654,0.07071552088527966,0.0,0.006706388640701277,0.02629373604910512
568,38.994213678117205,96,4096,152,3,0,6,38.994213678117205,0,1.1580657777777779,40.152279455894984,40.152279455894984,40.17803501145054,40.18376839095822,40.20996549382281,42.68126499895364,1.2157518157056018,3.6870513208364315,0.0,0.0,0.005733379507681491,0.026197102864585986
569,39.0595779983441,64,5248,3,0,0,0,39.0595779983441,5120,0.05929955555555556,39.11887755389966,39.11887755389966,39.15103310945521,39.175703504240765,39.20281987793868,40.90385935993427,0.14324187959457646,1.8442813615901699,0.0,0.0,0.02467039478555222,0.027116373697914753
570,39.273599872214405,96,768,76,4,0,4,39.273599872214405,256,0.15252622222222223,39.426126094436626,39.426126094436626,39.43339276110329,39.45207536523705,39.47800342513288,41.95253608649821,0.20440355291847823,2.6789362142838087,0.0,0.0,0.01868260413375822,0.02592805989583269
571,39.353393126204885,128,768,132,6,0,6,39.353393126204885,256,0.15252622222222223,39.505919348427106,39.505919348427106,39.51318601509377,39.516670215885526,39.54301543072928,42.85790173831547,0.18962230452439144,3.504508612110584,0.0,0.0,0.003484200791753267,0.026345214843750853
572,39.39694327949459,160,2560,10,2,0,2,39.39694327949459,2368,0.06901333333333334,39.465956612827924,39.465956612827924,39.48317883505015,39.50412414522936,39.5302377520002,43.66008705794329,0.13329447250560378,4.263143778448693,0.0,0.0,0.02094531017921497,0.026113606770834963
573,39.437079853330665,128,1664,0,3,0,3,40.152279455894984,1536,0.04854755555555555,40.20082701145054,40.20082701145054,40.21307145589498,40.23616308496864,40.26226476953895,43.55966179954887,0.8251849162082863,4.1225819462182045,0.7151996025643186,0.0,0.023091629073654474,0.02610168457031392
574,39.44933017087506,128,1024,12,7,0,7,39.44933017087506,832,0.06440533333333334,39.51373550420839,39.51373550420839,39.52242439309728,39.53026508532661,39.55644121534893,42.871211039567676,0.10711104447387498,3.421880868692618,0.0,0.0,0.007840692229329704,0.02617613002232133
575,39.47701294879607,64,1920,5,4,0,4,39.47701294879607,1728,0.06709333333333334,39.544106282129405,39.544106282129405,39.55777294879607,39.58172054752872,39.60765365299747,41.25042730441116,0.13064070420139728,1.7734143556150883,0.0,0.0,0.02394759873264718,0.02593310546875216
576,39.52409405609041,160,5248,3,0,0,0,39.52409405609041,5120,0.05929955555555556,39.58339361164597,39.58339361164597,39.61554916720152,39.636748263355344,39.663935484337486,43.92645416167659,0.1398414282470739,4.402360105586176,0.0,0.0,0.021199096153821984,0.027187220982142435
577,39.53671838557398,128,3200,2,4,0,4,39.544106282129405,3072,0.05315555555555555,39.59726183768496,39.59726183768496,39.61803961546274,39.63358724674747,39.65961110277425,42.97180182543051,0.12289271720027273,3.435083439856534,0.007387896555428597,0.0,0.015547631284725583,0.026023856026782255
578,39.5673119500161,96,2176,1,0,0,0,39.58339361164597,2048,0.050083555555555555,39.63347716720152,39.63347716720152,39.64856605609041,39.663935484337486,39.69098254244295,42.240758421349206,0.12367059242685485,2.673446471333108,0.016081661629868904,0.0,0.015369428247076655,0.027047058105466704
579,39.63011142979594,160,2176,1,0,0,0,39.63347716720152,2048,0.050083555555555555,39.68356072275707,39.68356072275707,39.69864961164596,39.71803008882967,39.74496861964565,44.005666889541175,0.11485718984970816,4.375555459745236,0.00336573740558066,0.0,0.019380477183709388,0.026938530815975525
580,39.6481711790691,160,1664,0,3,0,3,40.20082701145054,1536,0.04854755555555555,40.2493745670061,40.2493745670061,40.26161901145054,40.26226476953895,40.2883090078202,44.40943082507899,0.6401378287511008,4.76125964600989,0.5526558323814399,0.0,0.0006457580884102754,0.026044238281251353
581,39.66998771800896,64,4096,38,5,0,2,40.616032125601386,0,1.1580657777777779,41.774097903379165,41.774097903379165,41.79985345893472,41.806044195479856,41.83282251579236,43.52169971305798,2.162834797783397,3.8517119950490155,0.9460444075924244,0.0,0.006190736545136133,0.026778320312502046
582,39.92472840937196,64,2176,1,0,0,0,39.92472840937196,2048,0.050083555555555555,39.97481196492751,39.97481196492751,39.9899008538164,40.014687322173856,40.041624116878715,41.73169286959139,0.11689570750675671,1.806964460219433,0.0,0.0,0.024786468357454794,0.026936794704859324
583,39.943566976601744,64,704,104,1,0,,39.943566976601744,256,0.13455644444444445,40.078123421046186,40.078123421046186,40.085034532157295,40.103302546650255,40.128830378681506,41.74240410915025,0.18526340207976233,1.7988371325485062,0.0,0.0,0.01826801449296056,0.025527832031251307
584,39.99665629767354,64,1664,0,3,0,3,40.2493745670061,1536,0.04854755555555555,40.29792212256166,40.29792212256166,40.3101665670061,40.314353734382706,40.34036016341916,41.978334148879235,0.34370386574562417,1.9816778512056956,0.25271826933256136,0.0,0.0041871673766067374,0.02600642903645678
585,40.12718921876045,64,1664,0,3,0,3,40.29792212256166,1536,0.04854755555555555,40.34646967811722,40.34646967811722,40.35871412256166,40.36636708073687,40.39234664267884,42.03034133358906,0.2651574239183887,1.9031521148286075,0.1707329038012091,0.0,0.007652958175214053,0.025979561941966267
586,40.15966385985137,64,1408,45,6,0,6,40.15966385985137,256,0.332224,40.49188785985137,40.49188785985137,40.50271008207359,40.511141407291774,40.53723108828136,42.177978816998504,0.3775672284299887,2.0183149571471333,0.0,0.0,0.008431325218182906,0.026089680989585418
587,40.3158447401905,128,4096,10,1,0,2,40.3158447401905,0,1.1580657777777779,41.47391051796828,41.47391051796828,41.499666073523834,41.508058406025256,41.534094864358586,44.868288054138645,1.2182501241680868,4.552443313948146,0.0,0.0,0.008392332501422572,0.026036458333329904
588,40.512238298326835,64,1664,4,6,0,6,40.512238298326835,1536,0.04854755555555555,40.56078585388239,40.56078585388239,40.573030298326834,40.58941191510427,40.61543339947927,42.256312801373504,0.10319510115243702,1.7440745030466687,0.0,0.0,0.016381616777437102,0.026021484375000625
589,40.69376490384099,96,2048,84,6,0,,40.69376490384099,0,0.5830328888888889,41.27679779272988,41.27679779272988,41.291175570507654,41.29216337994802,41.31819111432302,43.804384160190466,0.624426210482028,3.110619256349473,0.0,0.0,0.0009878094403674709,0.026027734374999056
590,40.70853882448219,128,1152,149,6,0,,41.27679779272988,256,0.2603448888888889,41.53714268161877,41.53714268161877,41.54654268161877,41.552462696354276,41.578416960677195,44.91879227437852,0.8698781361950054,4.210253449896328,0.5682589682476902,0.0,0.005920014735508516,0.025954264322919585
591,40.71458797441457,128,1088,12,7,0,7,40.71458797441457,896,0.06459733333333334,40.7791853077479,40.7791853077479,40.78822975219234,40.790483300542384,40.81671258346649,44.12253432360786,0.10212460905191989,3.4079463491932884,0.0,0.0,0.002253548350040546,0.0262292829241062
592,40.81462085822247,128,1344,21,6,0,6,41.53714268161877,1152,0.06536533333333333,41.6025080149521,41.6025080149521,41.612974681618766,41.630326954166776,41.656239900595345,44.99889118620887,0.8416190423728764,4.184270327986404,0.7225218233962991,0.0,0.01735227254800975,0.025912946428569228
593,40.8176625231558,96,2240,158,2,0,2,40.8176625231558,256,0.5658311111111111,41.38349363426691,41.38349363426691,41.39893807871136,41.408165534622036,41.434284675247035,43.89037367903704,0.6166221520912316,3.0727111558812368,0.0,0.0,0.00922745591067553,0.026119140624999204
594,40.878910912022626,160,2176,1,0,0,0,40.878910912022626,2048,0.050083555555555555,40.92899446757818,40.92899446757818,40.94408335646707,40.95760545368427,40.98438909083705,45.22656399008061,0.10547817881442256,4.347653078057981,0.0,0.0,0.013522097217204987,0.026783637152774986
595,41.02717348162362,160,2048,0,1,0,3,41.47391051796828,0,0.5830328888888889,42.056943406857165,42.056943406857165,42.07132118463494,42.08530132594713,42.11155474391588,46.28257073100497,1.0843812622922613,5.255397249381346,0.44673703634465767,0.0,0.01398014131218872,0.026253417968753467
596,41.02875342264148,96,2240,90,1,0,1,42.056943406857165,256,0.5658311111111111,42.622774517968274,42.622774517968274,42.63821896241272,42.64176470485338,42.66813970485338,45.15660675531052,1.6393862822119019,4.127853332669041,1.028189984215686,0.0,0.003545742440657307,0.02637500000000159
597,41.07811573982002,96,704,156,2,0,2,41.38349363426691,256,0.13455644444444445,41.518050078711354,41.518050078711354,41.52496118982246,41.538766120559536,41.56477658372918,44.01740981184954,0.4866608439091564,2.9392940720295186,0.3053778944468917,0.0,0.013804930737073562,0.02601046316964073
598,41.10052878006713,160,1984,5,4,0,4,41.10052878006713,1792,0.06728533333333334,41.16781411340046,41.16781411340046,41.181836335622684,41.19825396456741,41.22434039034866,45.38780331643219,0.12381161028152832,4.287274536365061,0.0,0.0,0.01641762894472265,0.02608642578125142
599,41.15405735486604,64,1792,13,4,0,4,41.16781411340046,1600,0.06670933333333334,41.234523446733796,41.234523446733796,41.24747900228935,41.25042730441116,41.27649908175491,42.91926950121176,0.12244172688887289,1.7652121463457178,0.013756758534420044,0.0,0.0029483021218084104,0.02607177734375199
600,41.223738932500396,160,1856,9,4,0,4,41.234523446733796,1664,0.06690133333333334,41.30142478006713,41.30142478006713,41.31473589117824,41.32864410128616,41.35469348744687,45.51942330864294,0.13095455494647723,4.295684376142546,0.010784514233399989,0.0,0.013908210107921093,0.026049386160714505
601,41.39075332669016,128,704,128,2,0,2,41.518050078711354,256,0.13455644444444445,41.6526065231558,41.6526065231558,41.659517634266905,41.66882331922025,41.694752579474155,44.95819081770892,0.30399925278399564,3.567437491018758,0.12729675202119495,0.0,0.009305684953346827,0.025929260253903408
602,41.48191525587054,128,1664,0,3,0,3,41.48191525587054,1536,0.04854755555555555,41.5304628114261,41.5304628114261,41.54270725587054,41.56272017783509,41.58871013319223,44.87280087251202,0.1067948773216898,3.3908856166414836,0.0,0.0,0.0200129219645504,0.025989955357140104
603,41.491320790902336,128,1664,0,3,0,3,41.5304628114261,1536,0.04854755555555555,41.579010366981656,41.579010366981656,41.5912548114261,41.61470057683062,41.64066920476031,44.92425676443911,0.1493484138579717,3.4329359735367717,0.039142020523762255,0.0,0.023445765404524366,0.025968627929685795
604,41.532735852081615,160,4480,19,6,0,6,41.6025080149521,4288,0.07477333333333333,41.67728134828543,41.67728134828543,41.70517023717432,41.70806725829624,41.73414080565952,45.931776905144886,0.20140495357790655,4.3990410530632715,0.06977216287048549,0.0,0.0028970211219174757,0.026073547363282046
605,41.538854072939856,160,2752,14,7,0,7,41.538854072939856,2560,0.06958933333333334,41.60844340627319,41.60844340627319,41.62673229516208,41.65027617628643,41.67629971144268,45.824487806680764,0.13744563850282532,4.285633733740909,0.0,0.0,0.023543881124354016,0.026023535156248556
606,41.542594314062846,160,832,136,2,0,2,41.6526065231558,256,0.170496,41.8231025231558,41.8231025231558,41.83072474537802,41.850338394903844,41.87621258110176,45.96540810286517,0.33361826703891495,4.422813788802323,0.11001220909295029,0.0,0.019613649525823007,0.02587418619791748
607,41.62440001006987,128,1024,28,1,0,1,42.622774517968274,768,0.08218311111111111,42.70495762907939,42.70495762907939,42.71364651796828,42.72089116969713,42.74704851832995,46.07266035774107,1.1226485082600774,4.4482603476712015,0.9983745078984043,0.0,0.0072446517288540235,0.026157348632814603
608,41.63794209246506,96,1664,0,3,0,3,41.63794209246506,1536,0.04854755555555555,41.68648964802062,41.68648964802062,41.69873409246506,41.71857801823687,41.744531034729924,44.20343835856114,0.10658894226486382,2.5654962660960763,0.0,0.0,0.019843925771809268,0.02595301649305526
609,41.77910244627696,160,1408,21,6,0,6,41.77910244627696,1216,0.06555733333333334,41.84465977961029,41.84465977961029,41.85548200183251,41.86451586669468,41.890549124073154,46.08910014733239,0.1114466777961951,4.30999770105543,0.0,0.0,0.009033864862168173,0.026033257378472285
610,41.85903347323943,160,5056,7,6,0,6,41.85903347323943,4864,0.07650133333333334,41.93553480657276,41.93553480657276,41.96662369546165,41.96865182589607,41.99483039034919,46.19435737389489,0.13579691710976505,4.33532390065546,0.0,0.0,0.002028130434418074,0.02617856445312583
611,41.90835554175609,64,4224,159,5,0,,41.90835554175609,256,1.1228942222222222,43.03124976397831,43.03124976397831,43.05771643064497,43.065153082198606,43.092019659347045,44.76783708284965,1.1836641175909577,2.8594815410935652,0.0,0.0,0.0074366515536326006,0.02686657714843932
612,41.98043774646089,160,1216,8,7,0,7,41.98043774646089,1024,0.06498133333333334,42.04541907979423,42.04541907979423,42.055174635349786,42.06824092238018,42.094286723161424,46.24305165294193,0.11384897670053107,4.262613906481036,0.0,0.0,0.01306628703039081,0.026045800781247408
613,42.023171657873505,96,2432,34,4,0,4,42.023171657873505,2240,0.06862933333333333,42.09180099120684,42.09180099120684,42.10831210231795,42.108991652904464,42.13508760017009,44.62322825190931,0.11191594229658364,2.600056594035806,0.0,0.0,0.0006795505865113682,0.02609594726562392
614,42.094696065834555,160,5248,3,0,0,0,42.094696065834555,5120,0.05929955555555556,42.15399562139011,42.15399562139011,42.186151176945664,42.18699072115389,42.21387432711092,46.44743550700769,0.11917826127636744,4.352739441173135,0.0,0.0,0.0008395442082260729,0.026883605957031875
615,42.32616445861775,64,1472,49,7,0,7,42.32616445861775,1280,0.06574933333333334,42.39191379195108,42.39191379195108,42.40309156972886,42.406874418473926,42.43263281691143,44.07021401110786,0.10646835829368229,1.744049552490111,0.0,0.0,0.003782848745068179,0.02575839843750316
616,42.62227603507346,96,2816,14,7,0,7,42.62227603507346,2624,0.06978133333333333,42.69205736840679,42.69205736840679,42.71070181285124,42.716007426286424,42.74187347446351,45.225625632201606,0.11959743939004852,2.603349597128144,0.0,0.0,0.005305613435183432,0.025866048177086043
617,42.63938235047663,128,2176,1,0,0,0,42.63938235047663,2048,0.050083555555555555,42.68946590603218,42.68946590603218,42.70455479492107,42.725572223432536,42.75235012521825,46.12817476482019,0.11296777474161956,3.488792414343557,0.0,0.0,0.021017428511463265,0.02677790178571371
618,42.640593367018624,96,3200,2,4,0,4,42.640593367018624,3072,0.05315555555555555,42.69374892257418,42.69374892257418,42.71452670035196,42.73584135993571,42.762043915274255,45.25607305694558,0.12145054825563051,2.615479689926957,0.0,0.0,0.02131465958375145,0.026202555338542766
619,42.87874437265111,128,256,124,1,0,,42.87874437265111,0,0.07987911111111111,42.958623483762224,42.958623483762224,42.96304570598445,42.98248662868151,43.00844141383776,46.33509392436434,0.12969704118664538,3.456349551713224,0.0,0.0,0.019440922697057772,0.025954785156251603
620,42.881622900365834,96,1536,49,7,0,7,42.881622900365834,1344,0.06594133333333334,42.94756423369917,42.94756423369917,42.9590975670325,42.97493506300518,43.00083691847393,45.486135251342226,0.11921401810809584,2.6045123509763926,0.0,0.0,0.015837495972675697,0.0259018554687529
621,42.894550015451266,160,4416,11,7,0,7,42.94756423369917,4224,0.07458133333333333,43.0221455670325,43.0221455670325,43.049678900365834,43.05264209425518,43.07872440452304,47.252621311493826,0.18417438907177086,4.35807129604256,0.053014218247902534,0.0,0.0029631938893430743,0.02608231026786001
622,42.91018826613416,96,2176,150,5,0,,43.03124976397831,256,0.5478613333333333,43.57911109731164,43.57911109731164,43.59419998620053,43.60171387321423,43.628182948735066,46.141663010584026,0.7179946826009029,3.231474744449862,0.12106149784414555,0.0,0.007513887013701037,0.026469075520836327
623,43.014208603131,128,1664,0,3,0,3,43.014208603131,1536,0.04854755555555555,43.06275615868656,43.06275615868656,43.075000603131,43.09480484270364,43.12064891822447,46.39393404599139,0.10644031509346519,3.3797254428603836,0.0,0.0,0.019804239572636106,0.02584407552082979
624,43.056496457808066,128,4288,39,4,0,4,43.056496457808066,256,1.140864,44.19736045780807,44.19736045780807,44.22418268003029,44.228866278555515,44.25524567308676,47.59877318396024,1.1987492152786956,4.542276726152174,0.0,0.0,0.004683598525225818,0.026379394531247158
625,43.22480359702705,160,1664,0,3,0,3,43.22480359702705,1536,0.04854755555555555,43.273351152582606,43.273351152582606,43.28559559702705,43.3015711187453,43.32741403169173,47.42554602515806,0.10261043466468323,4.200742428131015,0.0,0.0,0.01597552171825356,0.025842912946430374
626,43.28124221317083,96,2176,1,0,0,0,43.28124221317083,2048,0.050083555555555555,43.33132576872638,43.33132576872638,43.34641465761527,43.3686478930754,43.39524563070561,45.91632808513269,0.11400341753478216,2.635085871961863,0.0,0.0,0.022233235460127787,0.026597737630211782
627,43.3322231404268,128,4672,15,1,0,1,43.3322231404268,4480,0.07534933333333334,43.40757247376013,43.40757247376013,43.43652802931569,43.44974746852526,43.47593065537422,46.81127848305109,0.1437075149474225,3.4790553426242923,0.0,0.0,0.013219439209571249,0.026183186848960815
628,43.34964366758766,64,256,4,3,0,6,43.34964366758766,0,0.07987911111111111,43.42952277869877,43.42952277869877,43.43394500092099,43.45663592064262,43.4823916579473,45.10416291678286,0.1327479903596469,1.754519249195205,0.0,0.0,0.022690919721625846,0.025755737304685056
629,43.3769523341553,160,3200,6,5,0,5,43.57911109731164,3072,0.05315555555555555,43.632266652867195,43.632266652867195,43.653044430644975,43.65465251253715,43.68114567659965,47.90211080518039,0.3041933424443499,4.525158471025094,0.20215876315634063,0.0,0.0016080818921722084,0.026493164062500796
630,43.55114985687522,64,2176,1,0,0,0,43.55114985687522,2048,0.050083555555555555,43.60123341243077,43.60123341243077,43.61632230131966,43.63464724203373,43.6611727024132,45.33295298747644,0.11002284553797637,1.7818031306012188,0.0,0.0,0.01832494071406643,0.026525460379467347
631,43.63891083227204,128,1088,24,4,0,4,44.19736045780807,896,0.06459733333333334,44.2619577911414,44.2619577911414,44.27100223558584,44.28162555589926,44.30786440681072,47.65130451534045,0.6689535745386834,4.01239368306841,0.5584496255360278,0.0,0.010623320313420948,0.026238850911461498
632,43.658386942254445,96,2048,5,4,0,4,44.2619577911414,1856,0.06747733333333333,44.329435124474735,44.329435124474735,44.34381290225251,44.36034357347739,44.38654955841042,46.88848220219623,0.7281626161559771,3.230095259941784,0.6035708488869531,0.0,0.016530671224877835,0.02620598493303561
633,43.78834877756714,96,4736,15,1,0,1,43.78834877756714,4544,0.07554133333333334,43.86389011090047,43.86389011090047,43.893201222011584,43.89492805120755,43.92127968346202,46.4143430175563,0.13293090589488088,2.6259942399891614,0.0,0.0,0.0017268291959666726,0.02635163225446746
634,43.7904974461732,64,1664,0,3,0,3,43.7904974461732,1536,0.04854755555555555,43.839045001728756,43.839045001728756,43.8512894461732,43.86858520914708,43.89434021402989,45.517598439243805,0.10384276785669044,1.7271009930706072,0.0,0.0,0.017295762973880358,0.025755004882810795
635,43.85828965478083,64,704,60,1,0,1,43.86389011090047,256,0.13455644444444445,43.99844655534491,43.99844655534491,44.00535766645602,44.02669109529237,44.0529188784955,45.70598582432093,0.19462922371466362,1.8476961695401002,0.0056004561196374425,0.0,0.02133342883634981,0.02622778320312591
636,43.86592238741494,64,5248,3,0,0,0,43.86592238741494,5120,0.05929955555555556,43.925221942970495,43.925221942970495,43.95737749852605,43.979146381728675,44.005666889541175,45.67870347575769,0.13974450212623424,1.8127810883427529,0.0,0.0,0.02176888320262549,0.02652050781249926
637,43.903358103657474,64,4544,19,6,0,6,43.903358103657474,4352,0.07496533333333334,43.978323436990806,43.978323436990806,44.00656788143525,44.01520486331546,44.04170364261233,45.71939362761512,0.13834553895485868,1.8160355239576447,0.0,0.0,0.008636981880208339,0.0264987792968725
638,44.03148705877973,64,4096,40,2,0,1,44.03148705877973,0,1.1580657777777779,45.18955283655751,45.18955283655751,45.215308392113066,45.238336325521416,45.264571677083914,46.91046235091205,1.2330846183041828,2.878975292132317,0.0,0.0,0.02302793340835052,0.02623535156249801
639,44.04309620581542,128,4608,19,6,0,6,44.04309620581542,4416,0.07515733333333334,44.11825353914875,44.11825353914875,44.14685353914875,44.147703642612335,44.17431183178644,47.5250983662684,0.13121562597102354,3.4820021604529856,0.0,0.0,0.000850103463584162,0.026608189174105235
640,44.27250189613228,96,2176,1,0,0,0,44.27250189613228,2048,0.050083555555555555,44.322585451687836,44.322585451687836,44.337674340576726,44.35130206206721,44.37781733829489,46.89106661052331,0.10531544216260613,2.6185647143910273,0.0,0.0,0.013627721490486522,0.02651527622767702
641,44.28499007274667,160,4800,15,1,0,1,44.28499007274667,4608,0.07573333333333333,44.360723406080005,44.360723406080005,44.39039007274667,44.39392449372987,44.42028234963265,48.615459171527654,0.135292276885977,4.330469098780981,0.0,0.0,0.003534420983200448,0.026357855902780614
642,44.30276523751411,96,4352,135,4,0,4,44.329435124474735,4160,0.07438933333333334,44.40382445780807,44.40382445780807,44.43100223558585,44.43896299312024,44.46528513667493,46.967464823822645,0.1625198991608201,2.6646995863085365,0.026669886960625888,0.0,0.007960757534391405,0.02632214355468676
643,44.39890403345789,128,1664,0,3,0,3,44.39890403345789,1536,0.04854755555555555,44.44745158901345,44.44745158901345,44.45969603345789,44.46088736804774,44.486628299967386,47.76079987037291,0.08772426650949683,3.361895836915018,0.0,0.0,0.0011913345898548755,0.025740931919642662
644,44.477232530640876,160,2368,46,6,0,6,44.477232530640876,2176,0.06843733333333334,44.54566986397421,44.54566986397421,44.56182541952977,44.573493263148045,44.60005179586289,48.76993056996694,0.12281926522201303,4.292698039326062,0.0,0.0,0.011667843618276663,0.02655853271484432
645,44.48258238710646,128,640,140,2,0,,45.18955283655751,256,0.11658666666666667,45.30613950322418,45.30613950322418,45.31269505877974,45.317043845052666,45.342972555990166,48.662133127279226,0.8603901688837041,4.179550740172765,0.7069704494510489,0.0,0.004348786272927896,0.02592871093749949
646,44.54772219065773,96,3200,6,5,0,5,44.54772219065773,3072,0.05315555555555555,44.600877746213285,44.600877746213285,44.621655523991066,44.63522477816215,44.66174626253715,47.18053560986788,0.11402407187942032,2.6328134192101516,0.0,0.0,0.013569254171081013,0.026521484375003013
647,44.56459763644144,96,4416,51,2,0,2,45.30613950322418,256,1.1768035555555554,46.48294305877974,46.48294305877974,46.51047639211307,46.51506362044329,46.54156866601621,49.03319294173235,1.97697102957477,4.468595305290911,0.7415418667827396,0.0,0.00458722833022307,0.026505045572918107
648,44.62602675419858,128,3200,2,4,0,4,44.62602675419858,3072,0.05315555555555555,44.67918230975413,44.67918230975413,44.69996008753191,44.70224548126199,44.72861334014871,48.0726038761359,0.10258658595013515,3.446577121937324,0.0,0.0,0.0022853937300766347,0.026367858886722217
649,44.6712975847692,160,2304,90,1,0,1,44.6712975847692,2112,0.06824533333333334,44.73954291810253,44.73954291810253,44.75534291810253,44.762978909962506,44.789319632618756,48.98514335121516,0.11802204784955705,4.313845766445958,0.0,0.0,0.007635991859977764,0.026340722656250648
650,44.727545688150094,64,1472,17,1,0,1,44.73954291810253,1280,0.06574933333333334,44.805292251435866,44.805292251435866,44.81647002921364,44.842002542775006,44.868288054138645,46.51938728838963,0.14074236598855094,1.791841600239536,0.011997229952434907,0.0,0.025532513561365988,0.026285511363639102
651,44.95851451100816,96,1152,12,7,0,7,44.95851451100816,960,0.06478933333333334,45.02330384434149,45.02330384434149,45.03270384434149,45.042425925170356,45.06859584704536,47.57107625010989,0.11008133603719727,2.6125617391017286,0.0,0.0,0.009722080828865387,0.026169921875002444
652,44.96797044854312,128,832,152,6,0,6,44.96797044854312,576,0.0816071111111111,45.04957755965423,45.04957755965423,45.057199781876456,45.07948542449012,45.10614265105262,48.433471847171184,0.13817220250950157,3.4655013986280636,0.0,0.0,0.022285642613667278,0.026657226562498693
653,45.01881821757381,160,2624,38,2,0,2,46.48294305877974,2368,0.08698311111111111,46.56992616989085,46.56992616989085,46.58750394766863,46.594580222005796,46.621030417318295,50.78736759993548,1.6022121997444856,5.76854938236167,1.4641248412059298,0.0,0.007076274337165955,0.026450195312499147
654,45.0649569115269,64,1408,53,4,0,4,45.0649569115269,256,0.332224,45.397180911526895,45.397180911526895,45.40800313374912,45.41420094013011,45.440497536112254,47.09884238729921,0.375540624585355,2.0338854757723084,0.0,0.0,0.0061978063809888795,0.026296595982145732
655,45.094915954904565,64,1088,28,1,0,1,45.094915954904565,896,0.06459733333333334,45.159513288237896,45.159513288237896,45.16855773268234,45.18282859775844,45.208981820414685,46.864033854144836,0.11406586551012055,1.7691178992402712,0.0,0.0,0.014270865076099426,0.026153222656247976
656,45.13655061503411,96,4224,151,5,0,,45.13655061503411,256,1.1228942222222222,46.25944483725633,46.25944483725633,46.285911503922996,46.30126652620903,46.32802222282361,48.863609853031946,1.1914716077895022,3.7270592379978353,0.0,0.0,0.015355022286030362,0.0267556966145861
657,45.171683905951845,160,2560,22,5,0,5,46.25944483725633,2368,0.06901333333333334,46.32845817058966,46.32845817058966,46.345680392811886,46.354778407719444,46.381408412602255,50.60596897807844,1.20972450665041,5.434285072126592,1.0877609313044871,0.0,0.009098014907557683,0.02663000488281142
658,45.17334090563499,160,1280,8,7,0,7,45.17334090563499,1088,0.06517333333333333,45.23851423896832,45.23851423896832,45.24862535007943,45.251749265014105,45.277790199258895,49.4943432643863,0.10444929362390809,4.321002358751315,0.0,0.0,0.0031239149346760087,0.026040934244790037
659,45.20561655915703,64,1664,0,3,0,3,45.20561655915703,1536,0.04854755555555555,45.25416411471259,45.25416411471259,45.26640855915703,45.28504951346255,45.3108863298688,46.935486834619866,0.10526977071177157,1.7298702754628366,0.0,0.0,0.018640954305524815,0.025836816406247465
660,45.2431723858962,128,2176,1,0,0,0,45.2431723858962,2048,0.050083555555555555,45.293255941451754,45.293255941451754,45.308344830340644,45.33295298747644,45.35954624919519,48.72657201416916,0.11637386329898902,3.483399628272956,0.0,0.0,0.024608157135794784,0.02659326171875165
661,45.27147352707849,160,3200,2,4,0,4,45.397180911526895,3072,0.05315555555555555,45.45033646708245,45.45033646708245,45.47111424486023,45.49309219292029,45.51942330864294,49.70446102804163,0.2479497815644507,4.4329875009631365,0.125707384448404,0.0,0.02197794806005504,0.02633111572265534
662,45.44987369072592,160,1216,12,7,0,7,45.44987369072592,1024,0.06498133333333334,45.51485502405926,45.51485502405926,45.524610579614816,45.53832577868597,45.56433806709743,49.78773220752866,0.11446437637150808,4.33785851680274,0.0,0.0,0.013715199071157258,0.026012288411457973
663,45.470948259678664,96,704,56,3,0,3,45.470948259678664,512,0.06344533333333334,45.534393593012,45.534393593012,45.54130470412311,45.54343901541568,45.56918061697818,48.01857447044731,0.09823235729951563,2.547626210768648,0.0,0.0,0.002134311292572022,0.02574160156250116
664,45.47514731103204,96,1664,0,3,0,3,45.534393593012,1536,0.04854755555555555,45.582941148567556,45.582941148567556,45.595185593012,45.62066528494693,45.64641992361881,48.096131794666064,0.17127261258676896,2.6209844836340253,0.05924628197995929,0.0,0.025479691934933157,0.025754638671877217
665,45.54436350729575,128,4544,23,5,0,5,46.32845817058966,256,1.212743111111111,47.54120128170077,47.54120128170077,47.56944572614522,47.580442836430386,47.60724581494601,50.975892634723714,2.0628823076502627,5.4315291274279645,0.7840946632939136,0.0,0.010997110285167366,0.026802978515625853
666,45.55304213541741,96,1664,0,3,0,3,45.582941148567556,1536,0.04854755555555555,45.631488704123115,45.631488704123115,45.643733148567556,45.64641992361881,45.67218324672149,48.121983723377,0.11914111130408145,2.5689415879595927,0.029899013150149756,0.0,0.002686775051252255,0.025763323102680147
667,45.731518727377534,64,768,104,1,0,1,45.731518727377534,576,0.06363733333333334,45.795156060710866,45.795156060710866,45.80242272737753,45.810990924147326,45.837155670241074,47.4988793863714,0.10563694286354064,1.7673606589938657,0.0,0.0,0.008568196769793701,0.026164746093748192
668,45.7376085635684,128,1664,0,3,0,3,45.7376085635684,1536,0.04854755555555555,45.78615611912396,45.78615611912396,45.7984005635684,45.80100718645363,45.826779220145035,49.100564289783236,0.08917065657663414,3.3629557262148353,0.0,0.0,0.002606622885231502,0.02577203369140335
669,45.76159578374298,96,1920,9,4,0,4,45.76159578374298,1728,0.06709333333333334,45.828689117076316,45.828689117076316,45.84235578374298,45.86241710049562,45.888748399323745,48.38836316286968,0.12715261558076207,2.626767379126697,0.0,0.0,0.020061316752638447,0.026331298828125682
670,45.81842426499243,160,4480,11,7,0,7,45.81842426499243,4288,0.07477333333333333,45.89319759832576,45.89319759832576,45.92108648721465,45.928238001993265,45.95438489326931,50.188989880519735,0.1359606282768766,4.370565615527305,0.0,0.0,0.007151514778612977,0.026146891276042084
671,45.819365070895905,160,256,132,6,0,6,45.819365070895905,0,0.07987911111111111,45.89924418200702,45.89924418200702,45.90366640422924,45.905408601573455,45.931776905144886,50.07047732057148,0.11241183424898082,4.251112249675572,0.0,0.0,0.0017421973442139915,0.02636830357143083
672,45.84931083915134,128,3200,2,4,0,4,45.84931083915134,3072,0.05315555555555555,45.9024663947069,45.9024663947069,45.92324417248468,45.941412461823745,45.9677707517543,49.3092538197226,0.11845991260295818,3.459942980571256,0.0,0.0,0.01816828933906578,0.02635828993055611
673,45.896105607083136,128,1472,41,4,0,4,45.9024663947069,1280,0.06574933333333334,45.968215728040235,45.968215728040235,45.97939350581801,45.99412952996611,46.02042474480986,49.361866263919026,0.12431913772672232,3.46576065683589,0.006360787623762576,0.0,0.014736024148099602,0.026295214843749193
674,45.95798228419811,160,4544,11,7,0,7,45.95798228419811,4352,0.07496533333333334,46.03294761753144,46.03294761753144,46.06119206197589,46.08512667386827,46.11142919897988,50.34922816176973,0.15344691478176742,4.39124587757162,0.0,0.0,0.02393461189237911,0.026302525111610464
675,46.030299893927285,160,4096,19,0,0,6,46.030299893927285,0,1.1580657777777779,47.188365671705064,47.188365671705064,47.21412122726062,47.230291708179564,47.256840536304566,51.497162100897214,1.2265406423772802,5.466862206969928,0.0,0.0,0.016170480918944463,0.026548828125001478
676,46.03524757159766,128,5248,3,0,0,0,47.188365671705064,5120,0.05929955555555556,47.24766522726062,47.24766522726062,47.279820782816174,47.28338985271082,47.310277222502485,50.69857870943516,1.275029650904827,4.663331137837503,1.153118100107406,0.0,0.003569069894645338,0.02688736979166606
677,46.08881557112467,128,4352,91,7,0,7,46.08881557112467,4160,0.07438933333333334,46.163204904458006,46.163204904458006,46.190382682235786,46.2166441822388,46.24305165294193,49.627859160653664,0.15423608181725967,3.539043589528994,0.0,0.0,0.026261500003016636,0.02640747070312699
678,46.12433490588588,96,1664,0,3,0,3,46.12433490588588,1536,0.04854755555555555,46.17288246144144,46.17288246144144,46.18512690588588,46.18763896135598,46.21342200172056,48.663462531970744,0.08908709583467811,2.5391276260848628,0.0,0.0,0.0025120554700990283,0.02578304036457979
679,46.15491517481696,96,704,72,2,0,,46.56992616989085,256,0.13455644444444445,46.70448261433529,46.70448261433529,46.7113937254464,46.726836081380796,46.753066940755794,49.244863840169856,0.5981517659388302,3.0899486653528925,0.41501099507388517,0.0,0.015442355934396801,0.026230859374997806
680,46.16984878604451,64,1664,0,3,0,3,46.17288246144144,1536,0.04854755555555555,46.221430016997,46.221430016997,46.23367446144144,46.23920553036639,46.264992395600764,47.889706469145224,0.09514360955625278,1.719857683100713,0.003033675396928004,0.0,0.005531068924952365,0.025786865234373124
681,46.251002021304494,64,4736,19,6,0,6,46.251002021304494,4480,0.0933191111111111,46.34432113241561,46.34432113241561,46.37363224352672,46.376421460808956,46.4026928475277,48.04550797998368,0.15169082622320929,1.7945059586791885,0.0,0.0,0.0027892172822348016,0.02627138671874718
682,46.35591353582925,96,1664,0,3,0,3,46.35591353582925,1536,0.04854755555555555,46.40446109138481,46.40446109138481,46.41670553582925,46.41971437368236,46.445498358057364,48.89499104759574,0.0895848222281117,2.539077511766486,0.0,0.0,0.0030088378531090143,0.0257839843750034
683,46.37804053058941,128,512,10,6,0,2,46.37804053058941,0,0.15175822222222224,46.52979875281163,46.52979875281163,46.53564319725607,46.560331421746454,46.5864354256527,49.886459864516794,0.208394895063293,3.5084193339273853,0.0,0.0,0.024688224490382993,0.026104003906247897
684,46.394165001253754,160,4864,15,1,0,1,46.394165001253754,4672,0.07592533333333334,46.470090334587084,46.470090334587084,46.500112556809306,46.51938728838963,46.54592041013442,50.74928513995214,0.15175540888066763,4.355120138698389,0.0,0.0,0.019274731580324556,0.026533121744790833
685,46.40977446495063,64,4288,107,2,0,2,46.70448261433529,256,1.140864,47.84534661433529,47.84534661433529,47.87216883655751,47.87408381087298,47.90034504134173,49.56356965071673,1.4905705763911001,3.1537951857661,0.29470814938466106,0.0,0.0019149743154684984,0.026261230468747954
686,46.60176615074811,96,2176,42,0,0,,47.24766522726062,256,0.5478613333333333,47.79552656059395,47.79552656059395,47.81061544948284,47.821230021981656,47.84791849854415,50.37793435257132,1.2461523477960412,3.776168201823211,0.6458990765125066,0.0,0.010614572498816699,0.026688476562497954
687,46.61738446723634,64,2688,18,0,0,0,47.79552656059395,2496,0.06939733333333334,47.86492389392728,47.86492389392728,47.882857227260615,47.901296916512905,47.927911369637904,49.6069634053057,1.3105269024015627,2.989578938069357,1.1781420933576072,0.0,0.01843968925228978,0.026614453124999216
688,46.64019203552945,64,4608,11,7,0,7,46.64019203552945,4416,0.07515733333333334,46.71534936886279,46.71534936886279,46.743949368862786,46.74688431198211,46.77349765426727,48.45417029075349,0.13330561873781477,1.8139782552240362,0.0,0.0,0.002934943119321076,0.026613342285159547
689,46.69123037280318,64,3200,2,4,0,4,46.69123037280318,3072,0.05315555555555555,46.74438592835874,46.74438592835874,46.76516370613652,46.78319837762236,46.809531207878045,48.46726449249709,0.11830083507486222,1.7760341196939038,0.0,0.0,0.018034671485843035,0.026332830255682893
690,46.70339102273305,128,4096,20,0,0,2,47.86492389392728,0,1.1580657777777779,49.02298967170506,49.02298967170506,49.04874522726062,49.0744346850676,49.10124435303635,52.47850190105068,2.397853330303299,5.775110878317626,1.1615328711942325,0.0,0.025689457806983285,0.02680966796874884
691,46.717117122726435,64,2112,5,4,0,4,46.74438592835874,1920,0.06766933333333333,46.81205526169207,46.81205526169207,46.826788595025405,46.83586452641498,46.86217312016498,48.51981909861688,0.14505599743854702,1.802701975890443,0.027268805632303383,0.0,0.00907593138957452,0.026308593750002274
692,46.72455745545312,160,2496,34,4,0,4,46.81205526169207,2304,0.06882133333333333,46.880876595025406,46.880876595025406,46.89774326169207,46.914815653900774,46.941139994721084,51.126625368713974,0.21658253926796078,4.402067913260851,0.0874978062389502,0.0,0.01707239220870349,0.026324340820309544
693,46.72709663980183,160,1280,57,1,0,1,46.72709663980183,256,0.29628444444444446,47.023381084246274,47.023381084246274,47.03349219535738,47.05012089027765,47.076514542621396,51.27319952506653,0.3494179028195674,4.546102885264702,0.0,0.0,0.01662869492026431,0.026393652343749352
694,46.74469285830531,64,2432,46,6,0,6,46.74469285830531,2240,0.06862933333333333,46.81332219163864,46.81332219163864,46.829833302749755,46.847502320183956,46.87362285589824,48.51122067878391,0.1289299975929339,1.7665278204786006,0.0,0.0,0.01766901743420135,0.026120535714284188
695,46.81408176961872,160,4288,115,7,0,7,46.81408176961872,256,1.140864,47.95494576961872,47.95494576961872,47.98176799184094,47.99827677094322,48.025036606322686,52.25092568316109,1.2109548367039693,5.436843913542376,0.0,0.0,0.016508779102281324,0.026759835379465358
696,46.814730720725855,96,704,96,6,0,6,46.814730720725855,256,0.13455644444444445,46.9492871651703,46.9492871651703,46.956198276281405,46.97810988156788,47.00413545529835,49.46658773452547,0.1894047345724985,2.6518570137996136,0.0,0.0,0.021911605286476288,0.026025573730471763
697,46.820718732157765,160,2240,102,5,0,,47.54120128170077,256,0.5658311111111111,48.10703239281188,48.10703239281188,48.12247683725633,48.14391256299289,48.17058797803195,52.36311536072817,1.3498692458741886,5.542396628570408,0.7204825495430072,0.0,0.021435725736559164,0.026675415039065342
698,46.863691498309585,160,1664,4,6,0,6,46.9492871651703,1536,0.04854755555555555,46.997834720725855,46.997834720725855,47.010079165170296,47.03016151731007,47.056164284237155,51.21219097849559,0.19247278592757056,4.348499480186007,0.08559566686071207,0.0,0.020082352139773718,0.026002766927085474
699,46.88883727870513,128,3200,2,4,0,4,46.88883727870513,3072,0.05315555555555555,46.94199283426069,46.94199283426069,46.96277061203847,46.967464823822645,46.993739359955455,50.33654014735981,0.10490208125032296,3.4477028686546802,0.0,0.0,0.004694211784176616,0.026274536132810056
700,46.96800674020271,160,2240,114,5,0,5,48.10703239281188,256,0.5658311111111111,48.67286350392299,48.67286350392299,48.68830794836744,48.7041988178757,48.73076610303195,52.91357674000645,1.762759362829236,5.9455699998037375,1.1390256526091704,0.0,0.015890869508261574,0.026567285156247067
701,47.018584352225496,96,2176,5,4,0,4,47.018584352225496,1984,0.06786133333333334,47.08644568555883,47.08644568555883,47.10153457444772,47.12517011279637,47.15147618375991,49.651714446010374,0.13289183153441542,2.633130093784878,0.0,0.0,0.02363553834864973,0.02630607096354254
702,47.02804508691898,128,4672,11,7,0,7,47.95494576961872,4480,0.07534933333333334,48.03029510295205,48.03029510295205,48.05925065850761,48.078557741925366,48.10538403587068,51.49076950291556,1.0773389489516987,4.462724415996583,0.9269006826997384,0.0,0.019307083417757553,0.02682629394531233
703,47.05988035853995,96,2432,54,1,0,1,47.05988035853995,256,0.6197404444444444,47.679620802984395,47.679620802984395,47.69613191409551,47.7121000894964,47.7386614176214,50.25137202785672,0.6787810590814516,3.1914916693167683,0.0,0.0,0.015968175400892903,0.02656132812499834
704,47.11329737518875,128,4096,2,2,0,4,47.84534661433529,0,1.1580657777777779,49.00341239211307,49.00341239211307,49.029167947668626,49.03319294173235,49.05965009505267,52.3862287129842,1.946352719863917,5.272931337795448,0.7320492391465407,0.0,0.0040249940637266945,0.026457153320315285
705,47.25612038417495,96,4800,19,6,0,6,47.25612038417495,4608,0.07573333333333333,47.33185371750828,47.33185371750828,47.361520384174945,47.36823557329966,47.394378151424654,49.86028185887443,0.13825776724970495,2.604161474699481,0.0,0.0,0.00671518912471214,0.026142578124996874
706,47.47954003329458,96,3200,2,4,0,4,47.47954003329458,3072,0.05315555555555555,47.53269558885014,47.53269558885014,47.55347336662792,47.572439725426584,47.59877318396024,50.09966270595356,0.1192331506656572,2.6201226726589795,0.0,0.0,0.018966358798664373,0.02633345853365654
707,47.64251609700766,128,4096,3,1,0,0,47.679620802984395,0,1.1580657777777779,48.837686580762174,48.837686580762174,48.86344213631773,48.87915057777766,48.90564803871516,52.24525688648766,1.263131941707499,4.602740789480002,0.03710470597673776,0.0,0.015708441459928224,0.02649746093749883
708,47.80078556830242,128,2176,1,0,0,0,49.02298967170506,2048,0.050083555555555555,49.073073227260615,49.073073227260615,49.088162116149505,49.10124435303635,49.12792989991135,52.50472846355068,1.3271443316089275,4.703942895248254,1.222204103402639,0.0,0.013082236886845067,0.02668554687500091
709,47.882610635237214,96,5248,3,0,0,0,49.073073227260615,5120,0.05929955555555556,49.13237278281617,49.13237278281617,49.164528338371724,49.1813024585051,49.20811453997832,51.7371106482605,1.3255039047411046,3.8545000130232836,1.190462592023401,0.0,0.01677412013337687,0.02681208147321712
710,48.03278181911348,64,3200,2,4,0,4,48.03278181911348,3072,0.05315555555555555,48.08593737466904,48.08593737466904,48.10671515244682,48.1252171573859,48.15154772379215,49.8098631054564,0.11876590467866777,1.77708128634292,0.0,0.0,0.018502004939080052,0.02633056640625142
711,48.05709138079764,96,1856,13,4,0,4,48.08593737466904,1664,0.06690133333333334,48.15283870800237,48.15283870800237,48.16614981911348,48.17787877847965,48.204174880367674,50.70490515387023,0.1470834995700372,2.647813773072592,0.028845993871399855,0.0,0.011728959366173797,0.026296101888021894
712,48.068464430129765,128,1664,0,3,0,3,48.068464430129765,1536,0.04854755555555555,48.11701198568532,48.11701198568532,48.129256430129765,48.14783382103325,48.17367488548638,51.44345015404106,0.10521045535661244,3.374985723911294,0.0,0.0,0.018577390903487867,0.025841064453125284
713,48.08729245247658,64,2176,146,5,0,,48.67286350392299,256,0.5478613333333333,49.22072483725632,49.22072483725632,49.23581372614521,49.26019249463351,49.286559193852256,50.949507197711995,1.1992667413756735,2.8622147452354127,0.5855710514464079,0.0,0.024378768488297453,0.026366699218748124
714,48.097342886821615,128,2240,42,0,0,0,49.13237278281617,2048,0.06805333333333334,49.2004261161495,49.2004261161495,49.21587056059395,49.23492710973278,49.26165025426403,52.635881539722554,1.1643073674424187,4.5385386529009395,1.0350298959945547,0.0,0.019056549138831258,0.02672314453125324
715,48.119204893230865,160,4096,12,5,0,7,49.22072483725632,0,1.1580657777777779,50.3787906150341,50.3787906150341,50.404546170589654,50.420789174321,50.44727932731579,54.62732377776687,2.3280744340849253,6.508118884536003,1.1015199440254548,0.0,0.016243003731347017,0.026490152994789185
716,48.16306110290057,96,3200,2,4,0,4,48.16306110290057,3072,0.05315555555555555,48.216216658456126,48.216216658456126,48.23699443623391,48.256768548987466,48.28308649520141,50.784068972229605,0.12002539230083897,2.621007869329034,0.0,0.0,0.019774112753559336,0.026317946213943344
717,48.17357024917542,96,512,71,3,0,2,48.17357024917542,0,0.15175822222222224,48.32532847139764,48.32532847139764,48.33117291584208,48.35457600853325,48.38030198509575,50.82119282982231,0.20673173592032867,2.647622580646889,0.0,0.0,0.02340309269116858,0.025725976562497976
718,48.237898082977374,64,1664,0,3,0,3,48.32532847139764,1536,0.04854755555555555,48.3738760269532,48.3738760269532,48.38612047139764,48.4060284499395,48.431769660876995,50.050659992908244,0.19387157789962117,1.8127619099308703,0.08743038842026607,0.0,0.019907978541858995,0.025741210937496817
719,48.292236046288735,160,1472,53,4,0,4,48.292236046288735,1280,0.06574933333333334,48.35798537962207,48.35798537962207,48.369163157399846,48.38836316286968,48.414663117797566,52.600669257060325,0.12242707150883092,4.3084332107715895,0.0,0.0,0.019200005469834025,0.02629995492788595
720,48.33519587032162,160,2304,102,5,0,5,50.3787906150341,2112,0.06824533333333334,50.44703594836743,50.44703594836743,50.46283594836743,50.47376996859183,50.50020879392665,54.68009184417312,2.1650129236050333,6.3448959738515,2.043594744712479,0.0,0.01093402022440415,0.02643882533482156
721,48.33648290844896,64,1344,12,7,0,7,48.33648290844896,1088,0.0831431111111111,48.41962601956007,48.41962601956007,48.430092686226736,48.45417029075349,48.4808002956363,50.16220514279652,0.14431738718734266,1.825722234347566,0.0,0.0,0.02407760452675234,0.02663000488281142
722,48.38689760329541,160,1472,25,5,0,5,50.44703594836743,256,0.35019377777777777,50.797229726145204,50.797229726145204,50.80840750392298,50.817663639536775,50.8440212009207,55.024312547298116,2.4571235976252908,6.637414944002707,2.060138345072019,0.0,0.009256135613796346,0.026357561383925088
723,48.390267204479144,64,1664,4,6,0,6,48.390267204479144,1536,0.04854755555555555,48.4388147600347,48.4388147600347,48.451059204479144,48.45939707038547,48.48530863044407,50.12336871287059,0.09504142596492215,1.7331015083914423,0.0,0.0,0.008337865906327124,0.02591156005859574
724,48.4686754412346,128,3200,2,4,0,4,48.4686754412346,3072,0.05315555555555555,48.52183099679016,48.52183099679016,48.54260877456794,48.54611672823336,48.57243687797294,51.91697136209505,0.10376143673833838,3.4482959208604456,0.0,0.0,0.00350795366541945,0.026320149739582632
725,48.52922739806659,96,4352,115,7,0,7,48.52922739806659,4160,0.07438933333333334,48.603616731399924,48.603616731399924,48.630794509177704,48.64059057883943,48.66727862137415,51.200180147446815,0.13805122330756348,2.670952749380227,0.0,0.0,0.009796069661724971,0.026688042534722456
726,48.53658149138743,128,1152,77,2,0,,49.00341239211307,256,0.2603448888888889,49.26375728100196,49.26375728100196,49.27315728100196,49.2985000706386,49.32500483138079,52.64785573586366,0.7884233399933578,4.111274244476228,0.4668309007256397,0.0,0.025342789636646046,0.026504760742184885
727,48.62278819037967,96,3200,6,5,0,5,50.797229726145204,3072,0.05315555555555555,50.85038528170076,50.85038528170076,50.87116305947854,50.896737788532306,50.92312224898153,53.4141395329752,2.3003340586018552,4.791351342595526,2.1744415357655313,0.0,0.025574729053765566,0.026384460449222047
728,48.682625447833324,96,2240,146,5,0,5,50.85038528170076,2048,0.06805333333333334,50.91843861503409,50.91843861503409,50.93388305947854,50.949507197711995,50.975892634723714,53.46671106617833,2.2932671868903896,4.784085618345003,2.1677598338674358,0.0,0.015624138233455653,0.026385437011718693
729,48.70644531353894,64,1536,53,4,0,4,48.70644531353894,1344,0.06594133333333334,48.77238664687228,48.77238664687228,48.78391998020561,48.80934019828545,48.83562099756429,50.49420919032856,0.1291756840253484,1.7877638767896187,0.0,0.0,0.025420218079837298,0.026280799278843858
730,48.77080315506367,160,3200,2,4,0,4,48.77238664687228,3072,0.05315555555555555,48.82554220242783,48.82554220242783,48.846319980205614,48.86190228512439,48.88820411269135,53.074149586724154,0.11740095762768021,4.303346431660486,0.0015834918086099492,0.0,0.015582304918773104,0.026301827566960867
731,48.88040134937754,160,256,131,0,0,2,49.2004261161495,0,0.07987911111111111,49.28030522726061,49.28030522726061,49.28472744948284,49.28837388707653,49.31492032804876,53.5280412076913,0.43451897867121403,4.6476398583137595,0.320024766771958,0.0,0.0036464375936944293,0.026546440972225582
732,48.93022703408009,96,2048,23,1,0,5,48.93022703408009,0,0.5830328888888889,49.51325992296898,49.51325992296898,49.52763770074675,49.543289103168284,49.569756095355785,52.06079473991028,0.6395290612756952,3.130567705830188,0.0,0.0,0.015651402421532623,0.026466992187501148
733,48.973422240045714,160,3200,2,4,0,4,48.973422240045714,3072,0.05315555555555555,49.02657779560127,49.02657779560127,49.04735557337905,49.0723305775351,49.098653429097595,53.28450700859916,0.12523118905188113,4.311084768553442,0.0,0.0,0.024975004156047476,0.026322851562497362
734,49.07714948602681,96,1536,17,1,0,1,49.51325992296898,1344,0.06594133333333334,49.57920125630231,49.57920125630231,49.590734589635645,49.59622357582454,49.62257188311621,52.11337781747724,0.5454223970893963,3.036228331450431,0.43611043694216534,0.0,0.0054889861888938185,0.026348307291669926
735,49.090567680047414,96,704,100,6,0,6,49.090567680047414,256,0.13455644444444445,49.225124124491856,49.225124124491856,49.232035235602964,49.234649319966934,49.2604032959714,51.773404863121705,0.16983561592398644,2.682837183074291,0.0,0.0,0.002614084363969482,0.025753976004466494
736,49.11716669260529,96,832,52,6,0,6,49.225124124491856,640,0.06382933333333334,49.28895345782519,49.28895345782519,49.29657568004741,49.311912712824075,49.33762450481626,51.85373901025712,0.2204578122109737,2.7365723176518344,0.10795743188656814,0.0,0.015337032776663762,0.02571179199218676
737,49.13793752392763,96,5120,7,6,0,6,49.28895345782519,4928,0.07669333333333334,49.36564679115852,49.36564679115852,49.397091235602964,49.414762810480326,49.44067502836227,51.961520992679,0.30273750443463854,2.823583468751366,0.15101593389755408,0.0,0.017671574877361707,0.02591221788194531
738,49.18280312385869,160,5184,7,6,0,6,49.36564679115852,4992,0.07688533333333333,49.442532124491855,49.442532124491855,49.47433212449185,49.49256625015047,49.518717725844915,53.754023003932716,0.33591460198622514,4.571219880074025,0.18284366729982793,0.0,0.018234125658615596,0.026151475694447868
739,49.219717637360084,96,5248,7,6,0,6,49.442532124491855,5056,0.07707733333333333,49.51960945782519,49.51960945782519,49.551765013380745,49.57102214207755,49.59731603856193,52.12269419301382,0.37759840120184407,2.902976555653737,0.222814487131771,0.0,0.019257128696807513,0.026293896484375523
740,49.27177848926157,128,1408,33,7,0,7,49.27177848926157,1216,0.06555733333333334,49.3373358225949,49.3373358225949,49.348158044817126,49.361339113995676,49.3879389675113,52.74559674435901,0.11616047824973208,3.4738182550974415,0.0,0.0,0.013181069178550331,0.026599853515627103
741,49.31331251380512,96,1664,0,3,0,3,49.31331251380512,1536,0.04854755555555555,49.36186006936068,49.36186006936068,49.37410451380512,49.38263264915824,49.40831990501761,51.85916760195772,0.09500739121249069,2.5458550881525994,0.0,0.0,0.00852813535311725,0.025687255859374147
742,49.33238086057085,96,896,68,1,0,1,49.57920125630231,256,0.1884657777777778,49.76766703408009,49.76766703408009,49.775644811857866,49.78067198077245,49.80689310242424,52.29773784351891,0.4745122418533896,2.965356982948059,0.24682039573146142,0.0,0.005027168914587321,0.026221121651786916
743,49.38143706242617,160,1088,20,2,0,2,49.38143706242617,256,0.2423751111111111,49.62381217353728,49.62381217353728,49.63285661798172,49.64248468977923,49.66859699446673,53.83009027362408,0.28715993204055934,4.448653211197907,0.0,0.0,0.009628071797507687,0.026112304687501364
744,49.39552429330603,96,1024,48,1,0,1,49.76766703408009,832,0.06440533333333334,49.832072367413424,49.832072367413424,49.840761256302315,49.85933681057156,49.885469073755154,52.37703056812828,0.4899447804491217,2.9815062748222516,0.3721427407740592,0.0,0.01857555426924762,0.026132263183590965
745,49.451613297430185,160,1152,20,2,0,2,49.62381217353728,960,0.06478933333333334,49.68860150687061,49.68860150687061,49.69800150687061,49.72082306868548,49.74682658431048,53.909233584170956,0.2952132868802977,4.45762028674077,0.17219887610709605,0.0,0.022821561814872382,0.026003515624999807
746,49.51372824772187,96,4544,131,2,0,2,49.68860150687061,256,1.212743111111111,50.90134461798172,50.90134461798172,50.92958906242617,50.9430123753261,50.96921012923235,53.46285964211366,1.4554818815104795,3.9491313943917916,0.17487325914873963,0.0,0.013423312899931261,0.026197753906252785
747,49.64129656144292,96,2752,10,2,0,2,50.90134461798172,2432,0.10514488888888888,51.00648950687061,51.00648950687061,51.0247783957595,51.0478063206386,51.07403003483131,53.56785345721783,1.4327334733883887,3.926556895774908,1.2600480565387997,0.0,0.023027924879102102,0.02622371419271019
748,49.740642794806995,128,4288,27,2,0,2,51.00648950687061,256,1.140864,52.14735350687061,52.14735350687061,52.17417572909283,52.175866948893805,52.20223295056791,55.56017433937928,2.4615901557609163,5.8195315445722855,1.2658467120636132,0.0,0.0016912198009748636,0.026366001674105632
749,49.74579888918406,128,1280,117,7,0,7,49.74579888918406,256,0.29628444444444446,50.042083333628504,50.042083333628504,50.05219444473961,50.055619693577775,50.08226532346059,53.426430714783116,0.3364664342765309,3.6806318255990575,0.0,0.0,0.0034252488381625312,0.026645629882814603
750,49.78899840354636,96,3200,2,4,0,4,49.78899840354636,3072,0.05315555555555555,49.842153959101914,49.842153959101914,49.862931736879695,49.888847187487656,49.91519741831152,52.416743041782546,0.12619901476516304,2.6277446382361873,0.0,0.0,0.025915450607961077,0.026350230823865672
751,49.97627317783418,64,2048,0,3,0,3,49.97627317783418,0,0.5830328888888889,50.55930606672307,50.55930606672307,50.57368384450084,50.589454914783246,50.61520161888481,52.24996960391085,0.6389284410506306,2.2736964260766683,0.0,0.0,0.015771070282404764,0.025746704101564433
752,50.077592756053505,128,2176,126,3,0,,50.55930606672307,256,0.5478613333333333,51.1071674000564,51.1071674000564,51.12225628894529,51.13205513450981,51.15800203392387,54.45805722788355,1.0804092778703662,4.380464471830045,0.48171331066956213,0.0,0.009798845564525038,0.025946899414059033
753,50.14342733024466,128,2176,5,4,0,4,50.14342733024466,2048,0.050083555555555555,50.193510885800215,50.193510885800215,50.208599774689105,50.231310655172315,50.25761729579732,53.600007035725895,0.11418996555265437,3.456579705481232,0.0,0.0,0.022710880483209905,0.026306640625001876
754,50.25238309512808,128,4352,59,6,0,6,50.25238309512808,256,1.1588337777777777,51.41121687290586,51.41121687290586,51.43839465068364,51.452527892558095,51.47930417836539,54.8664427630473,1.2269210832373076,4.614059667919221,0.0,0.0,0.014133241874453972,0.026776285807294187
755,50.344081728857326,128,4288,47,3,0,,51.1071674000564,256,1.140864,52.2480314000564,52.2480314000564,52.27485362227862,52.276053100004596,52.302641967192095,55.60064679455331,1.958560238334769,5.2565650656959875,0.7630856711990717,0.0,0.0011994777259758393,0.026588867187498977
756,50.39769612060137,160,4928,15,1,0,1,50.39769612060137,4736,0.07611733333333334,50.4738134539347,50.4738134539347,50.50419123171248,50.51265446368261,50.53894480792089,54.76593499521161,0.1412486873195249,4.368238874610242,0.0,0.0,0.008463231970125662,0.02629034423828358
757,50.42698102259007,64,1664,0,3,0,3,52.2480314000564,1536,0.04854755555555555,52.296578955611956,52.296578955611956,52.3088234000564,52.329231322660846,52.35556205182751,53.99156346900571,1.9285810292374421,3.564582446415642,1.821050377466328,0.0,0.02040792260444846,0.026330729166666345
758,50.430684796223616,64,5248,3,0,0,0,50.430684796223616,5120,0.05929955555555556,50.48998435177917,50.48998435177917,50.522139907334726,50.537910984825785,50.56468771822422,52.24123090495693,0.13400292200060449,1.8105461087333126,0.0,0.0,0.01577107749105977,0.026776733398435226
759,50.46840899489652,64,4864,19,6,0,6,51.41121687290586,4672,0.07592533333333334,51.48714220623919,51.48714220623919,51.51716442846141,51.53285821482372,51.55972128681032,53.24557034396248,1.0913122919138019,2.777161349065956,0.9428078780093401,0.0,0.015693786362305673,0.02686307198660387
760,50.58267330934272,160,2176,58,7,0,,50.58267330934272,256,0.5478613333333333,51.13053464267605,51.13053464267605,51.14562353156494,51.14715052505098,51.17366509210827,55.3636201911596,0.5909917827655562,4.780946881816881,0.0,0.0,0.0015269934860455692,0.026514567057290606
761,50.692612925050305,96,1664,0,3,0,3,52.296578955611956,1536,0.04854755555555555,52.345126511167514,52.345126511167514,52.357370955611955,52.38189326927543,52.408095173572306,54.87249950218911,1.715482248522001,4.179886577138802,1.6039660305616508,0.0,0.024522313663474904,0.026201904296875966
762,50.73041478569821,64,832,36,5,0,5,50.91843861503409,256,0.170496,51.08893461503409,51.08893461503409,51.096556837256315,51.10718762635317,51.13334131287661,52.78201993662103,0.4029265271784013,2.051605150922825,0.1880238293358829,0.0,0.010630789096857995,0.026153686523436193
763,50.7881147449292,128,4992,15,1,0,1,50.7881147449292,4800,0.07630933333333334,50.86442407826254,50.86442407826254,50.89515741159587,50.90606799430482,50.93236334342591,54.30912200693036,0.14424859849670923,3.521007262001156,0.0,0.0,0.010910582708952177,0.026295349121092215
764,50.798573634936446,128,512,26,1,0,1,50.86442407826254,0,0.15175822222222224,51.01618230048476,51.01618230048476,51.0220267449292,51.037549622722786,51.06373099208042,54.44198089364911,0.2651573571439769,3.6434072587126636,0.06585044332609158,0.0,0.015522877793586076,0.026181369357637152
765,50.85507729555,96,2176,5,4,0,4,50.85507729555,2048,0.050083555555555555,50.90516085110555,50.90516085110555,50.92024973999444,50.94222082769835,50.96854394781554,53.46843110799152,0.11346665226554364,2.613353812441524,0.0,0.0,0.02197108770391054,0.026323120117190513
766,50.891692310822975,128,3200,2,4,0,4,50.90516085110555,3072,0.05315555555555555,50.958316406661105,50.958316406661105,50.979094184438885,50.994867556213975,51.021218142151476,54.364633919096434,0.12952583132850037,3.4729416082734588,0.013468540282573827,0.0,0.015773371775090084,0.02635058593750017
767,50.894447863182066,160,2176,1,0,0,0,50.894447863182066,2048,0.050083555555555555,50.94453141873762,50.94453141873762,50.95962030762651,50.96518968878784,50.991778311834715,55.19085185222255,0.09733044865264873,4.296403989040485,0.0,0.0,0.005569381161329545,0.02658862304687659
768,50.996524814860635,64,704,80,6,0,6,51.48714220623919,256,0.13455644444444445,51.62169865068363,51.62169865068363,51.62860976179474,51.640313432457646,51.6669882981803,53.35208387632855,0.670463483319665,2.3555590614679147,0.49061739137855653,0.0,0.011703670662903676,0.026674865722654317
769,51.02721079454365,128,1664,4,6,0,6,51.62169865068363,1536,0.04854755555555555,51.67024620623919,51.67024620623919,51.68249065068363,51.693663652184206,51.72024356754879,55.10649229104209,0.6930327730051431,4.079281496498439,0.5944878561399847,0.0,0.01117300150057332,0.026579915364585815
770,51.041163624705916,128,1216,20,2,0,2,52.14735350687061,1024,0.06498133333333334,52.212334840203944,52.212334840203944,52.2220903957595,52.22859944052327,52.254869765230296,55.61318801125428,1.2137061405243799,4.572024386548364,1.106189882164692,0.0,0.0065090447637672355,0.026270324707027726
771,51.11120725718466,96,512,71,3,0,2,52.345126511167514,0,0.15175822222222224,52.496884733389734,52.496884733389734,52.502729177834176,52.51290767357231,52.538921150134804,55.00206798363442,1.4277138929501447,3.890860726449759,1.2339192539828545,0.0,0.010178495738131232,0.026013476562496862
772,51.28102464825205,96,4736,11,7,0,7,51.28102464825205,4544,0.07554133333333334,51.35656598158538,51.35656598158538,51.3858770926965,51.41126803807181,51.437810274399936,53.92984854402419,0.1567856261478866,2.6488238957721393,0.0,0.0,0.025390945375313834,0.026542236328126023
773,51.2952222462078,64,1984,9,4,0,4,51.2952222462078,1792,0.06728533333333334,51.36250757954113,51.36250757954113,51.376529801763354,51.39024780523741,51.4165687145256,53.074149586724154,0.12134646831780316,1.7789273405163541,0.0,0.0,0.01371800347405383,0.026320909288195082
774,51.378950560891525,96,5248,3,0,0,0,51.378950560891525,5120,0.05929955555555556,51.43825011644708,51.43825011644708,51.470405672002634,51.470457022772216,51.497162100897214,54.00686200847255,0.11821154000568868,2.6279114475810275,0.0,0.0,5.1350769581404165e-05,0.026705078124997783
775,51.379306171241794,96,1344,8,7,0,7,51.379306171241794,1152,0.06536533333333333,51.444671504575126,51.444671504575126,51.45513817124179,51.464352999009314,51.49076950291556,53.98256387605544,0.1114633316737681,2.603257704813643,0.0,0.0,0.009214827767522138,0.026416503906247613
776,51.39740442061393,64,4416,59,6,0,6,51.67024620623919,4224,0.07458133333333333,51.744827539572526,51.744827539572526,51.77236087290586,51.773404863121705,51.800182423885595,53.486282281276466,0.40277800327166347,2.088877860662535,0.2728417856252605,0.0,0.0010439902158481118,0.026777560763889596
777,51.44501413961602,160,1664,0,3,0,3,52.496884733389734,1536,0.04854755555555555,52.54543228894529,52.54543228894529,52.557676733389734,52.56493511497855,52.59091590924939,56.70667894787362,1.1459017696333689,5.261664808257599,1.0518705937737138,0.0,0.007258381588819418,0.025980794270836327
778,51.46316964150267,96,1664,0,3,0,3,52.54543228894529,1536,0.04854755555555555,52.59397984450085,52.59397984450085,52.60622428894529,52.61689719180147,52.64285478108719,55.10609788504811,1.179685139584521,3.642928243545441,1.0822626474426258,0.0,0.010672902856178723,0.02595758928571712
779,51.59248118526988,160,3200,2,4,0,4,51.59248118526988,3072,0.05315555555555555,51.64563674082544,51.64563674082544,51.66641451860322,51.6798046628763,51.706154565220054,55.89155198257863,0.11367337995017124,4.299070797308751,0.0,0.0,0.013390144273081717,0.02634990234375323
780,51.63212174890448,128,1408,8,7,0,7,51.63212174890448,1216,0.06555733333333334,51.69767908223781,51.69767908223781,51.708501304460036,51.72714987400931,51.75333402579502,55.09574665600335,0.12121227689053882,3.4636249070988683,0.0,0.0,0.018648569549270633,0.02618415178571354
781,51.74318844475969,64,1664,0,3,0,3,52.59397984450085,1536,0.04854755555555555,52.64252740005641,52.64252740005641,52.65477184450085,52.66881285865415,52.69475316627134,54.32845664194605,0.9515647215116516,2.585268197186359,0.850791399741162,0.0,0.014041014153299614,0.025940307617190683
782,51.87665140278636,128,2176,5,4,0,4,51.87665140278636,2048,0.050083555555555555,51.92673495834191,51.92673495834191,51.9418238472308,51.943295580845046,51.96959406717317,55.31226997130378,0.0929426643868112,3.4356185685174196,0.0,0.0,0.0014717336142453519,0.02629848632812326
783,51.9889065024209,96,4096,1,7,0,0,51.9889065024209,0,1.1580657777777779,53.14697228019868,53.14697228019868,53.17272783575424,53.18933326779651,53.215588720270475,55.7409981208471,1.2266822178495715,3.752091618426199,0.0,0.0,0.016605432042275936,0.026255452473961327
784,52.485683202628216,160,2176,1,0,0,0,52.485683202628216,2048,0.050083555555555555,52.53576675818377,52.53576675818377,52.55085564707266,52.55723407878505,52.5834494108163,56.78645105469651,0.09776620818808368,4.300767852068297,0.0,0.0,0.00637843171239183,0.02621533203124926
785,52.55418595525305,64,4928,19,6,0,6,52.55418595525305,4736,0.07611733333333334,52.63030328858638,52.63030328858638,52.66068106636416,52.68432969106069,52.711173371306224,54.39180425393272,0.1569874160531768,1.837618298679672,0.0,0.0,0.023648624696527065,0.026843680245534074
786,52.561739528004914,128,1920,13,4,0,4,52.561739528004914,1728,0.06709333333333334,52.628832861338246,52.628832861338246,52.64249952800491,52.65334406174782,52.67963768153949,56.02241794937551,0.11789815353457556,3.460678421370595,0.0,0.0,0.010844533742911722,0.02629361979166589
787,52.56444204150139,96,1664,4,6,0,6,52.63030328858638,1536,0.04854755555555555,52.67885084414194,52.67885084414194,52.69109528858638,52.711173371306224,52.737888581267164,55.26876914651084,0.17344653976577717,2.7043271050094546,0.06586124708499597,0.0,0.02007808271984146,0.026715209960940456
788,52.83484520439682,160,4416,91,7,0,7,53.14697228019868,4224,0.07458133333333333,53.221553613532016,53.221553613532016,53.24908694686535,53.26810109006214,53.294486483477314,57.54028335033928,0.45964127908049335,4.705438145942459,0.31212707580186105,0.0,0.019014143196791622,0.02638539341517543
789,52.88047303213636,96,2880,14,7,0,7,53.221553613532016,2688,0.06997333333333333,53.291526946865346,53.291526946865346,53.310526946865345,53.32087236517374,53.34726122015421,55.87565306876377,0.46678818801785127,2.99518003662741,0.34108058139565856,0.0,0.010345418308396859,0.026388854980467613
790,52.912530823896326,64,3200,2,4,0,4,52.912530823896326,3072,0.05315555555555555,52.96568637945188,52.96568637945188,52.98646415722966,52.99519920497699,53.02152542568012,54.68087150280179,0.10899460178379172,1.7683406789054672,0.0,0.0,0.00873504774732936,0.02632622070312607
791,52.93381538516042,128,2048,9,4,0,4,52.96568637945188,1856,0.06747733333333333,53.03316371278522,53.03316371278522,53.04754149056299,53.047852134664495,53.074149586724154,56.4153389617453,0.1403342015637321,3.481523576584877,0.031870994291459454,0.0,0.00031064410150349886,0.02629745205965861
792,52.9351070434195,64,5056,15,1,0,1,52.9351070434195,4864,0.07650133333333334,53.01160837675283,53.01160837675283,53.04269726564172,53.04534925302411,53.07227076181318,54.76593499521161,0.1371637183936798,1.8308279517921093,0.0,0.0,0.0026519873823929174,0.02692150878906574
793,53.03636895543143,128,1664,0,3,0,3,53.03636895543143,1536,0.04854755555555555,53.084916510986986,53.084916510986986,53.09716095543143,53.109864494396334,53.13579797963939,56.424703239865806,0.09942902420796429,3.3883342844343787,0.0,0.0,0.012703538964906613,0.025933485243058385
794,53.15412518273809,96,4352,27,2,0,2,53.15412518273809,4160,0.07438933333333334,53.22851451607143,53.22851451607143,53.25569229384921,53.278121360863665,53.30451107905563,55.827532412295945,0.15038589631753752,2.673407229557853,0.0,0.0,0.022429067014456905,0.026389718191964562
795,53.23021865635464,96,4416,67,5,0,5,53.23021865635464,256,1.1768035555555554,54.407022211910196,54.407022211910196,54.434555545243526,54.441435838313744,54.46798979339187,57.015096726985625,1.2377711370372353,3.784878070630988,0.0,0.0,0.006880293070217647,0.02655395507812841
796,53.2708295072731,64,1664,0,3,0,3,53.2708295072731,1536,0.04854755555555555,53.31937706282866,53.31937706282866,53.3316215072731,53.343283439708834,53.36920878150571,55.00206798363442,0.09837927423261306,1.7312384763613196,0.0,0.0,0.011661932435735878,0.025925341796877888
797,53.28402636025894,160,3200,2,4,0,4,53.28402636025894,3072,0.05315555555555555,53.3371819158145,53.3371819158145,53.35795969359228,53.36327019219291,53.38955968872069,57.56709602050956,0.10553332846174612,4.283069660250618,0.0,0.0,0.005310498600628932,0.026289496527780898
798,53.41417067252756,64,2048,1,1,0,0,53.41417067252756,0,0.5830328888888889,53.99720356141645,53.99720356141645,54.01158133919422,54.01483118661786,54.041582456149115,55.715453875419946,0.6274117836215538,2.3012832028923853,0.0,0.0,0.003249847423639096,0.026751269531253286
799,53.473801395802276,96,2048,0,0,0,3,53.473801395802276,0,0.5830328888888889,54.05683428469116,54.05683428469116,54.07121206246894,54.08517548503505,54.111245797535055,56.62585291016526,0.6374444017327789,3.152051514362981,0.0,0.0,0.013963422566114048,0.026070312500003467
800,53.572091842982,96,4096,86,5,0,7,54.407022211910196,0,1.1580657777777779,55.565087989687974,55.565087989687974,55.59084354524353,55.59492192229812,55.62201054534499,58.164886603287705,2.0499187023629943,4.592794760305708,0.8349303689281982,0.0,0.004078377054590021,0.027088623046871874
801,53.712207894509696,96,3200,6,5,0,5,55.565087989687974,3072,0.05315555555555555,55.61824354524353,55.61824354524353,55.63902132302131,55.649099656673116,55.6760135564127,58.217496954850205,1.9638056619030024,4.505289060340509,1.8528800951782785,0.0,0.010078333651804883,0.026913899739582803
802,53.84180811026781,96,3200,2,4,0,4,53.84180811026781,3072,0.05315555555555555,53.89496366582337,53.89496366582337,53.91574144360115,53.91616761050268,53.94254407534643,56.44154051339461,0.10073596507861993,2.5997324031267937,0.0,0.0,0.0004261669015335201,0.026376464843750114
803,53.85046903260138,96,4352,31,7,0,7,53.85046903260138,256,1.1588337777777777,55.00930281037916,55.00930281037916,55.03648058815694,55.04252286043044,55.06913451407627,57.62019008862053,1.2186654814748863,3.7697210560191508,0.0,0.0,0.0060422722734969625,0.026611653645829847
804,53.8911257244179,128,1280,16,3,0,3,53.8911257244179,1088,0.06517333333333333,53.95629905775123,53.95629905775123,53.96641016886234,53.99156346900571,54.017479142833835,57.29470836681894,0.12635341841593828,3.403582642401041,0.0,0.0,0.025153300143372803,0.02591567382812343
805,53.91575571293642,128,2752,18,0,0,0,54.05683428469116,2560,0.06958933333333334,54.126423618024496,54.126423618024496,54.144712506913386,54.1633878873788,54.189527657886615,57.56830087798521,0.27377194495019097,3.6525451650487852,0.1410785717547398,0.0,0.01867538046541739,0.026139770507811022
806,54.13011712094329,64,1664,0,3,0,3,54.13011712094329,1536,0.04854755555555555,54.17866467649885,54.17866467649885,54.19090912094329,54.19890253150571,54.22481237703128,55.85876154064706,0.0946952560879879,1.7286444197037696,0.0,0.0,0.007993410562420422,0.025909845525568187
807,54.36840125029415,96,4352,155,7,0,7,55.00930281037916,256,1.1588337777777777,56.16813658815694,56.16813658815694,56.19531436593472,56.20175072501377,56.22891104402419,58.76620752723661,1.8605097937300386,4.397806276942461,0.6409015600850125,0.0,0.006436359079046383,0.027160319010420153
808,54.38136316601773,128,5248,3,0,0,0,54.38136316601773,5120,0.05929955555555556,54.44066272157328,54.44066272157328,54.47281827712884,54.47709736003505,54.503526363941305,57.891672669279856,0.12216319792357666,3.5103095032621283,0.0,0.0,0.004279082906215592,0.02642900390625158
809,54.43810408221064,128,2048,27,2,0,2,54.43810408221064,0,0.5830328888888889,55.02113697109953,55.02113697109953,55.035514748877304,55.05473146828553,55.08121913918397,58.41341032803255,0.643115056973329,3.975306245821905,0.0,0.0,0.019216719408227334,0.026487670898440285
810,54.66431864061958,160,5248,7,6,0,6,54.66431864061958,5120,0.05929955555555556,54.72361819617513,54.72361819617513,54.755773751730686,54.7599730364848,54.78658973570355,59.0595744067725,0.12227109508397405,4.395255766152921,0.0,0.0,0.00419928475411524,0.026616699218749318
811,54.73164895237101,128,2112,9,4,0,4,54.73164895237101,1920,0.06766933333333333,54.799318285704345,54.799318285704345,54.81405161903768,54.838779217645545,54.86505767746697,58.19345916225063,0.13340872509596124,3.461810209879623,0.0,0.0,0.024727598607867662,0.026278459821426736
812,54.80198945396076,128,5248,7,6,0,6,54.80198945396076,5120,0.05929955555555556,54.86128900951631,54.86128900951631,54.89344456507187,54.91930132424522,54.94601445901084,58.36371112009716,0.1440250050500822,3.5617216661363997,0.0,0.0,0.02585675917335095,0.02671313476562176
813,54.902358370092315,128,4480,27,2,0,2,55.02113697109953,4224,0.09255111111111111,55.11368808221064,55.11368808221064,55.14157697109953,55.16068508156678,55.187314280785536,58.51742367438671,0.28495591069322046,3.615065304294397,0.11877860100721449,0.0,0.019108110467250583,0.026629199218753286
814,54.902576969773534,160,5120,15,1,0,1,54.902576969773534,4928,0.07669333333333334,54.979270303106865,54.979270303106865,55.01071474755131,55.02609368661786,55.05285296396161,59.304787698972156,0.15027599418807824,4.402210729198622,0.0,0.0,0.015378939066550856,0.026759277343749943
815,54.930637911063975,96,4480,59,6,0,6,54.930637911063975,4288,0.07477333333333333,55.00541124439731,55.00541124439731,55.0333001332862,55.05287188088584,55.07968184182334,57.63987124379507,0.14904393075936184,2.7092333327310953,0.0,0.0,0.019571747599641753,0.026809960937498545
816,54.95217825342855,96,1664,0,3,0,3,54.95217825342855,1536,0.04854755555555555,55.00072580898411,55.00072580898411,55.01297025342855,55.0280980943115,55.05409753627579,57.4993222991106,0.10191928284724128,2.547144045682053,0.0,0.0,0.015127840882954047,0.02599944196428794
817,54.97127506880207,96,3200,2,4,0,4,54.97127506880207,3072,0.05315555555555555,55.02443062435763,55.02443062435763,55.04520840213541,55.04902056809197,55.07533795090447,57.56709602050956,0.10406288210239723,2.5958209517074877,0.0,0.0,0.0038121659565604205,0.02631738281250051
818,55.095217009724244,64,1600,17,1,0,1,55.095217009724244,1408,0.06613333333333334,55.16135034305758,55.16135034305758,55.17323923194647,55.18665667489911,55.21309189625328,56.89786590341474,0.11787488652903733,1.8026488936904954,0.0,0.0,0.01341744295264391,0.02643522135416987
819,55.1321794548517,64,512,22,7,0,5,56.16813658815694,0,0.15175822222222224,56.31989481037916,56.31989481037916,56.3257392548236,56.33755720287835,56.36424177319085,58.04536294018303,1.2320623183391461,2.9131834853313308,1.0359571333052386,0.0,0.011817948054748229,0.026684570312497158
820,55.18505643446893,96,3200,2,4,0,4,55.18505643446893,3072,0.05315555555555555,55.23821199002449,55.23821199002449,55.25898976780227,55.25957330246697,55.28592139274475,57.77617721470599,0.10086495827581388,2.5911207802370555,0.0,0.0,0.0005835346646989592,0.026348090277778624
821,55.23276572007255,160,5248,7,6,0,6,55.23276572007255,5120,0.05929955555555556,55.292065275628104,55.292065275628104,55.32422083118366,55.351102642604594,55.378577374049904,59.64403131595219,0.14581165397735418,4.411265595879641,0.0,0.0,0.026881811420935264,0.02747473144530943
822,55.23332167266268,96,4416,31,7,0,7,56.31989481037916,4224,0.07458133333333333,56.394476143712495,56.394476143712495,56.422009477045826,56.44429841381585,56.47107888256585,59.005343855361616,1.2377572099031653,3.772022182698933,1.0865731377164778,0.0,0.022288936770024748,0.02678046874999751
823,55.41036933875073,64,2688,22,5,0,5,55.61824354524353,2432,0.0871751111111111,55.70541865635464,55.70541865635464,55.72335198968797,55.72984282073562,55.75660746917312,57.44155115406896,0.3462381304223854,2.0311818153182273,0.20787420649279653,0.0,0.006490831047649692,0.02676464843749926
824,55.45040311105111,64,1600,53,4,0,4,55.45040311105111,1408,0.06613333333333334,55.51653644438444,55.51653644438444,55.52842533327333,55.54968122618659,55.575996004832426,57.22628660714461,0.12559289378131666,1.775883496093499,0.0,0.0,0.0212558929132598,0.026314778645833314
825,55.51181038838406,128,5248,7,6,0,6,55.51181038838406,5120,0.05929955555555556,55.57110994393962,55.57110994393962,55.60326549949517,55.625871929713966,55.65336812112022,59.0595744067725,0.14155773273615324,3.5477640183884347,0.0,0.0,0.022606430218793605,0.027496191406250148
826,55.52716923365796,96,4800,11,7,0,7,56.394476143712495,4608,0.07573333333333333,56.47020947704583,56.47020947704583,56.49987614371249,56.5246412849096,56.551516854571055,59.08459226844756,1.0243476209130975,3.5574230347896005,0.8673069100545376,0.0,0.02476514119710771,0.02687556966145621
827,55.60765225035218,160,2176,9,4,0,4,55.60765225035218,1984,0.06786133333333334,55.675513583685515,55.675513583685515,55.690602472574405,55.70757722228034,55.73386940978034,59.910293790691846,0.12621715942815825,4.302641540339664,0.0,0.0,0.016974749705937597,0.02629218749999751
828,55.69104731533382,160,256,0,6,0,3,55.69104731533382,0,0.07987911111111111,55.77092642644493,55.77092642644493,55.775348648667155,55.79085640237022,55.81795983661501,60.05962871178552,0.12691252128119146,4.368581396451702,0.0,0.0,0.015507753703062122,0.027103434244793334
829,55.769311754907484,96,832,76,4,0,4,55.769311754907484,640,0.06382933333333334,55.833141088240815,55.833141088240815,55.84076331046304,55.86533767149909,55.89155198257863,58.37648398321417,0.12224022767114917,2.6071722283066876,0.0,0.0,0.02457436103605204,0.026214311079542085
830,55.822076255670225,64,4864,11,7,0,7,56.47020947704583,4672,0.07592533333333334,56.54613481037916,56.54613481037916,56.57615703260138,56.57839291251376,56.60534066642001,58.286244148330354,0.783264410749787,2.4641678926601287,0.6481332213756019,0.0,0.0022358799123836093,0.02694775390624926
831,55.84520660487901,128,5184,15,1,0,1,55.84520660487901,4992,0.07688533333333333,55.92209193821235,55.92209193821235,55.953891938212344,55.9553381527637,55.982286069430366,59.38434392591443,0.13707946455135556,3.539137321035419,0.0,0.0,0.0014462145513576274,0.026947916666664185
832,55.96703042948224,96,256,1,3,0,0,55.96703042948224,0,0.07987911111111111,56.046909540593354,56.046909540593354,56.05133176281558,56.065229314084554,56.090902849240805,58.517251986610596,0.12387241975856256,2.550221557128353,0.0,0.0,0.013897551268975405,0.025673535156251148
833,56.027266993968695,96,1216,149,6,0,6,56.027266993968695,1024,0.06498133333333334,56.09224832730203,56.09224832730203,56.10200388285759,56.11612983987022,56.14302262725861,58.68428110707632,0.11575563328991478,2.6570141131076284,0.0,0.0,0.014125957012630863,0.02689278738839107
834,56.10065427962665,64,2560,26,1,0,1,56.10065427962665,256,0.65568,56.75633427962665,56.75633427962665,56.77355650184887,56.79095062021162,56.81773541025068,58.50311139843892,0.7170811306240239,2.402457118812265,0.0,0.0,0.017394118362744848,0.026784790039059203
835,56.14201023365777,128,640,64,2,0,,56.14201023365777,256,0.11658666666666667,56.25859690032444,56.25859690032444,56.26515245588,56.27991668963969,56.30609767922302,59.600221257394516,0.1640874455652508,3.4582110237367445,0.0,0.0,0.014764233759692047,0.026180989583330927
836,56.14565869432254,96,5248,3,0,0,0,56.14565869432254,5120,0.05929955555555556,56.204958249878096,56.204958249878096,56.23711380543365,56.25193583659755,56.27867802409755,58.83017111417805,0.13301932977500996,2.6845124198555084,0.0,0.0,0.014822031163902238,0.026742187499998238
837,56.22758551300527,64,256,15,6,0,1,56.22758551300527,0,0.07987911111111111,56.307464624116385,56.307464624116385,56.31188684633861,56.33128581085236,56.35796104278595,58.04029477895132,0.1303755297806788,1.8127092659460473,0.0,0.0,0.019398964513747785,0.026675231933595
838,56.24783975998811,128,2176,5,4,0,4,56.24783975998811,2048,0.050083555555555555,56.29792331554366,56.29792331554366,56.31301220443255,56.336778951979674,56.3629651336203,59.698001951964166,0.11512537363218911,3.4501621919760552,0.0,0.0,0.02376674754712127,0.02618618164062525
839,56.29997984894569,96,640,112,2,0,,56.29997984894569,256,0.11658666666666667,56.41656651561236,56.41656651561236,56.42312207116792,56.43700995135844,56.46297601581156,58.92956976813671,0.1629961668658737,2.6295899191910195,0.0,0.0,0.01388788019052356,0.02596606445312233
840,56.32472879633221,96,2048,29,2,0,1,56.41656651561236,0,0.5830328888888889,56.99959940450125,56.99959940450125,57.01397718227902,57.03435296893657,57.06033480487407,59.52309174079296,0.7356060085418576,3.1983629444607473,0.09183771928015005,0.0,0.020375786657545802,0.025981835937500364
841,56.39523407035236,96,2304,122,0,0,0,56.39523407035236,2112,0.06824533333333334,56.46347940368569,56.46347940368569,56.47927940368569,56.49263310222255,56.51927608724859,59.069110567303056,0.12404201689623306,2.6738764969506974,0.0,0.0,0.013353698536860747,0.026642985026043675
842,56.39843011886362,128,2816,10,2,0,2,56.99959940450125,2624,0.06978133333333333,57.06938073783458,57.06938073783458,57.088025182279026,57.112299941592816,57.13834852557719,60.42647882575389,0.7399184067135707,4.028048706890267,0.6011692856376243,0.0,0.02427475931379064,0.026048583984376705
843,56.4103370862662,128,2496,54,1,0,1,56.75633427962665,2304,0.06882133333333333,56.82515561295998,56.82515561295998,56.84202227962665,56.84452068857099,56.87119305185224,60.255923916846356,0.4608559655860347,3.845586830580153,0.34599719336044643,0.0,0.0024984089443407242,0.02667236328125
844,56.459670256169844,160,512,19,7,0,6,56.54613481037916,0,0.15175822222222224,56.69789303260138,56.69789303260138,56.70373747704582,56.713136564857514,56.73987423575595,60.916355289280894,0.2802039795861049,4.45668503311105,0.08646455420931431,0.0,0.009399087811694073,0.026737670898434374
845,56.76153648640281,96,1472,8,7,0,7,56.76153648640281,1280,0.06574933333333334,56.82728581973615,56.82728581973615,56.83846359751392,56.8468298021622,56.873456429766364,59.39773582313506,0.11191994336355293,2.636199336732247,0.0,0.0,0.008366204648275755,0.02662662760416623
846,56.93926370549662,96,5056,19,6,0,6,56.93926370549662,4800,0.0942791111111111,57.033542816607735,57.033542816607735,57.06463170549662,57.07837687530549,57.10515242869091,59.64403131595219,0.1658887231942856,2.704767610455569,0.0,0.0,0.013745169808863977,0.026775553385419926
847,56.947960925496,128,4480,91,7,0,7,56.947960925496,4288,0.07477333333333333,57.02273425882933,57.02273425882933,57.05062314771822,57.05985649487053,57.08654272533928,60.43275519162464,0.1385817998432799,3.4847942661286453,0.0,0.0,0.0092333471523105,0.02668623046874785
848,56.967614408137734,96,5248,15,1,0,1,56.967614408137734,5056,0.07707733333333333,57.04469174147107,57.04469174147107,57.076847297026625,57.086096005953806,57.11312208017256,59.648690239390994,0.1455076720348245,2.68107583125326,0.0,0.0,0.009248708927181326,0.027026074218753138
849,57.03017210212679,128,1216,133,1,0,1,57.04469174147107,256,0.27831466666666665,57.323006408137736,57.323006408137736,57.332761963693294,57.35637872079756,57.383170143323596,60.75900199534338,0.35299804119680545,3.7288298932165915,0.0145196393442788,0.0,0.023616757104264252,0.02679142252603839
850,57.07461631239019,96,1472,61,3,0,3,57.07461631239019,1280,0.06574933333333334,57.14036564572353,57.14036564572353,57.1515434235013,57.16669994396737,57.19230065197519,59.63045911551684,0.11768433958499713,2.5558428031266516,0.0,0.0,0.0151565204660713,0.025600708007814887
851,57.10968830944156,96,5248,3,0,0,0,57.10968830944156,5120,0.05929955555555556,57.16898786499711,57.16898786499711,57.20114342055267,57.21730847657152,57.24436716797777,59.787190596599935,0.13467885853621198,2.677502287158376,0.0,0.0,0.0161650560188491,0.027058691406253388
852,57.11006817415337,128,2496,46,6,0,6,57.11006817415337,2304,0.06882133333333333,57.1788895074867,57.1788895074867,57.19575617415337,57.21225952504507,57.23898159535757,60.60838291100426,0.1289134212042029,3.498314736850894,0.0,0.0,0.016503350891703406,0.026722070312501955
853,57.278449437155444,128,5248,3,0,0,0,57.278449437155444,5120,0.05929955555555556,57.337748992711,57.337748992711,57.369904548266554,57.379667949227766,57.40681305013923,60.801954851312225,0.12836361298378307,3.52350541415678,0.0,0.0,0.009763400961212199,0.027145100911461384
854,57.28742654175787,160,1664,17,1,0,1,57.323006408137736,1472,0.06632533333333333,57.38933174147107,57.38933174147107,57.40157618591551,57.40996205413089,57.43661446763535,61.68051703440588,0.14918792587748442,4.393090492648014,0.03557986637986943,0.0,0.008385868215377457,0.02665241350446479
855,57.294210855843446,96,2176,1,0,0,0,57.337748992711,2048,0.050083555555555555,57.38783254826655,57.38783254826655,57.40292143715544,57.40681305013923,57.433803912304406,59.97263439000271,0.13959305646095999,2.678423534159265,0.04353813686755359,0.0,0.0038916129837858193,0.026990862165177987
856,57.29978361591518,96,2176,1,0,0,0,57.38783254826655,2048,0.050083555555555555,57.437916103822104,57.437916103822104,57.453004992710994,57.460795262750835,57.487670934137554,60.025718862658955,0.1878873182223728,2.7259352467437736,0.08804893235137001,0.0,0.007790270039841118,0.02687567138671909
857,57.4416005661372,160,2176,9,4,0,4,57.4416005661372,2048,0.050083555555555555,57.49168412169275,57.49168412169275,57.50677301058164,57.5146920898455,57.5408938110369,61.72734629642721,0.09929324489970526,4.28574573029001,0.0,0.0,0.007919079263857043,0.026201721191405625
858,57.44425711423995,96,3200,2,4,0,4,57.49168412169275,3072,0.05315555555555555,57.544839677248305,57.544839677248305,57.565617455026086,57.56709602050956,57.59322946079974,60.095611374048424,0.14897234655978764,2.651354259808471,0.04742700745279649,0.0,0.0014785654834739148,0.026133440290180943
859,57.46760876869197,96,2048,64,5,0,2,57.46760876869197,0,0.5830328888888889,58.050641657580854,58.050641657580854,58.06501943535863,58.08523279469396,58.11178357594396,60.611411342871044,0.6441748072519928,3.1438025741790767,0.0,0.0,0.020213359335329528,0.026550781250001876
860,57.52418605324666,128,1280,20,2,0,2,57.52418605324666,1088,0.06517333333333333,57.58935938657999,57.58935938657999,57.5994704976911,57.60730653338969,57.63330255738523,60.9131137134492,0.10911650413856933,3.3889276602025404,0.0,0.0,0.007836035698588262,0.02599602399553902
861,57.83786964798228,160,4224,83,3,0,,57.83786964798228,256,1.1228942222222222,58.9607638702045,58.9607638702045,58.98723053687117,59.006483431923094,59.032891635048095,63.152760533293936,1.1950219870658145,5.314890885311655,0.0,0.0,0.01925289505192751,0.02640820312500125
862,57.85463514104536,64,5248,7,6,0,6,57.85463514104536,5120,0.05929955555555556,57.91393469660091,57.91393469660091,57.946090252156466,57.95998940785757,57.98675737660757,59.6702677254574,0.13212223556221403,1.8156325844120431,0.0,0.0,0.013899155701103894,0.026767968750000648
863,57.9957619881433,96,3200,2,4,0,4,57.9957619881433,3072,0.05315555555555555,58.048917543698856,58.048917543698856,58.06969532147664,58.08891354283099,58.11504921526402,60.624399547179,0.11928722712072215,2.6286375590357025,0.0,0.0,0.019218221354350362,0.026135672433035495
864,58.09962969732655,96,4096,2,5,0,4,58.09962969732655,0,1.1580657777777779,59.25769547510433,59.25769547510433,59.28345103065988,59.283997443131454,59.310508673600204,61.83455671233719,1.210878976273655,3.7349270150106406,0.0,0.0,0.0005464124715715002,0.026511230468749147
865,58.23541693867042,160,5248,3,0,0,0,58.23541693867042,5120,0.05929955555555556,58.29471649422597,58.29471649422597,58.32687204978153,58.347992900399646,58.37494190988625,62.63347405704139,0.13952497121583463,4.398057118370971,0.0,0.0,0.02112085061811797,0.026949009486607167
866,58.287126822504234,64,896,52,6,0,6,58.287126822504234,704,0.06402133333333333,58.35114815583757,58.35114815583757,58.359125933615346,58.36371112009716,58.39042260013188,60.05962871178552,0.1032957776276433,1.772501889281287,0.0,0.0,0.0045851864818118315,0.026711480034720125
867,58.34592311868592,96,4352,39,4,0,4,58.34592311868592,4160,0.07438933333333334,58.42031245201925,58.42031245201925,58.44749022979703,58.45534765508917,58.48177587774542,60.99277578144551,0.13585275905950311,2.646852662759592,0.0,0.0,0.007857425292137066,0.02642822265625
868,58.38289942294484,96,3200,6,5,0,5,59.25769547510433,3072,0.05315555555555555,59.31085103065988,59.31085103065988,59.331628808437664,59.337020392350205,59.36354936370437,61.887096914160104,0.9806499407595339,3.5041974912152654,0.8747960521594891,0.0,0.005391583912540909,0.026528971354167652
869,58.40746991236689,160,1664,0,3,0,3,58.9607638702045,1536,0.04854755555555555,59.00931142576006,59.00931142576006,59.0215558702045,59.032891635048095,59.059101595985595,63.17854813095018,0.651631683618703,4.771078218583291,0.5532939578376102,0.0,0.011335764843593665,0.026209960937499943
870,58.44510511872301,96,2176,1,0,0,0,58.44510511872301,2048,0.050083555555555555,58.495188674278566,58.495188674278566,58.510277563167456,58.53664622071214,58.56348740723558,61.09466334740598,0.1183822885125636,2.649558228682963,0.0,0.0,0.02636865754468687,0.026841186523434146
871,58.47510723109866,160,4096,8,5,0,7,59.31085103065988,0,1.1580657777777779,60.46891680843766,60.46891680843766,60.49467236399322,60.504757045996044,60.53141988779292,64.72016165986635,2.05631265669426,6.245054428767688,0.8357437995612216,0.0,0.01008468200282664,0.0266628417968775
872,58.519393824620366,64,2176,1,0,0,0,58.519393824620366,2048,0.050083555555555555,58.56947738017592,58.56947738017592,58.58456626906481,58.59032908204026,58.61708461589443,60.29178994245806,0.09769079127406144,1.772396117837694,0.0,0.0,0.0057628129754547786,0.02675553385416407
873,58.572803789313625,64,1344,16,3,0,3,59.00931142576006,1152,0.06536533333333333,59.07467675909339,59.07467675909339,59.08514342576006,59.08531204520435,59.111384310829344,60.74469209891529,0.5385805215157191,2.1718883096016626,0.43650763644643575,0.0,0.00016861944428825382,0.02607226562499676
874,58.57831843641419,64,1216,69,0,0,0,58.57831843641419,1024,0.06498133333333334,58.64329976974753,58.64329976974753,58.653055325303086,58.67059714844651,58.69723782227464,60.37187880964556,0.11891938586044404,1.7935603732313652,0.0,0.0,0.017541823143425006,0.026640673828126182
875,58.62101174793554,160,4288,35,4,0,4,58.62101174793554,256,1.140864,59.76187574793554,59.76187574793554,59.78869797015776,59.80407050665167,59.830684764464166,64.01140084441828,1.209673016528626,5.3903890964827355,0.0,0.0,0.015372536493906352,0.026614257812497044
876,58.660166277938266,128,5120,19,6,0,6,58.660166277938266,4928,0.07669333333333334,58.7368596112716,58.7368596112716,58.768304055716044,58.79169175160757,58.81861742435063,62.172027927047786,0.1584511464123608,3.5118616491095196,0.0,0.0,0.023387695891528892,0.026925672743054463
877,58.66331986510626,96,1280,69,0,0,0,58.66331986510626,1088,0.06517333333333333,58.728493198439594,58.728493198439594,58.7386043095507,58.75052063477464,58.777070306294526,61.30858619896848,0.11375044118826594,2.6452663338622173,0.0,0.0,0.011916325223936042,0.026549671519887852
878,58.66459096307634,128,768,96,6,0,6,58.7368596112716,576,0.06363733333333334,58.80049694460493,58.80049694460493,58.8077636112716,58.81861742435063,58.8453884692725,62.19847219323082,0.1807975061961571,3.5338812301544777,0.07226864819525503,0.0,0.010853813079030772,0.026771044921872544
879,58.687394076637766,64,2176,5,4,0,4,59.76187574793554,2048,0.050083555555555555,59.81195930349109,59.81195930349109,59.82704819237998,59.830684764464166,59.85722061825881,61.51720991773023,1.1698265416210418,2.8298158410924614,1.0744816712977752,0.0,0.0036365720841828875,0.026535853794641184
880,58.735226928099976,128,5248,3,0,0,0,58.735226928099976,5120,0.05929955555555556,58.79452648365553,58.79452648365553,58.826682039211086,58.83017111417805,58.85671798917805,62.25735735782264,0.12149106107807484,3.522130429722665,0.0,0.0,0.0034890749669642673,0.02654687500000108
881,58.898302478038424,96,5248,15,1,0,1,58.898302478038424,5120,0.05929955555555556,58.95760203359398,58.95760203359398,58.989757589149534,59.011209868491,59.03807328924993,61.57186273753088,0.13977081121150547,2.6735602594924543,0.0,0.0,0.021452279341467317,0.02686342075892867
882,58.94149671010051,64,1984,13,4,0,4,59.81195930349109,1792,0.06728533333333334,59.879244636824424,59.879244636824424,59.89326685904665,59.910293790691846,59.93680655575881,61.59594179028882,0.9953098456582978,2.65444508018831,0.8704625933905845,0.0,0.017026931645197863,0.026512765066961208
883,58.94182298414488,64,1088,48,1,0,1,58.95760203359398,896,0.06459733333333334,59.02219936692731,59.02219936692731,59.03124381137175,59.03807328924993,59.064770615910085,60.73237585602047,0.12294763176520718,1.7905528718755903,0.015779049449101024,0.0,0.00682947787817767,0.02669732666015534
884,59.03376719459153,64,896,40,1,0,1,59.03376719459153,256,0.1884657777777778,59.22223297236931,59.22223297236931,59.23021075014709,59.25166557440618,59.27822639254855,60.94675717112463,0.24445919795701343,1.9129899765330975,0.0,0.0,0.021454824259095062,0.02656081814236444
885,59.05116601893575,64,768,72,2,0,2,59.05116601893575,576,0.06363733333333334,59.114803352269085,59.114803352269085,59.12207001893575,59.13649750251171,59.16226703376171,60.784707951730454,0.11110101482595525,1.7335419327947008,0.0,0.0,0.014427483575957467,0.025769531249999034
886,59.15999734935079,160,5248,15,1,0,1,59.22223297236931,5120,0.05929955555555556,59.28153252792487,59.28153252792487,59.31368808348042,59.33122245239012,59.35778294501165,63.61832595367671,0.19778559566086074,4.458328604325921,0.062235623018523256,0.0,0.017534368909700504,0.026560492621527487
887,59.19768302185898,128,256,44,3,0,5,59.19768302185898,0,0.07987911111111111,59.27756213297009,59.27756213297009,59.281984355192314,59.293903842079345,59.319789779579345,62.608750723279734,0.12210675772036694,3.4110677014207553,0.0,0.0,0.011919486887030928,0.02588593750000001
888,59.20552972441718,128,2048,82,5,0,2,60.46891680843766,0,0.5830328888888889,61.05194969732655,61.05194969732655,61.06632747510432,61.068280809016876,61.09494011077469,64.43384543672181,1.889410386357504,5.228315712304628,1.2633870840204793,0.0,0.0019533339125530347,0.026659301757810283
889,59.24626688460625,160,2752,22,5,0,5,61.05194969732655,2560,0.06958933333333334,61.12153903065988,61.12153903065988,61.13982791954877,61.14826017913406,61.17485754241531,65.33977607578896,1.9285906578090604,6.0935091911827115,1.805682812720299,0.0,0.008432259585291035,0.02659736328124751
890,59.29109159237259,160,896,36,5,0,5,61.12153903065988,704,0.06402133333333333,61.18556036399322,61.18556036399322,61.19353814177099,61.20145539397781,61.22786026051427,65.39072936354938,1.9367686681416814,6.099637771176795,1.830447438287294,0.0,0.007917252206816272,0.026404866536459792
891,59.310845144761636,128,640,120,7,0,,59.310845144761636,256,0.11658666666666667,59.427431811428306,59.427431811428306,59.433987366983864,59.45026609657256,59.476214175999644,62.74558059038767,0.16536903123800784,3.434735445626032,0.0,0.0,0.01627872958869858,0.02594807942708144
892,59.35275765911937,96,2176,5,4,0,4,59.879244636824424,2048,0.050083555555555555,59.92932819237998,59.92932819237998,59.94441708126887,59.96331980910702,59.9897771455328,62.48940949397185,0.6370194864134291,3.1366518348524792,0.5264869777050549,0.0,0.018902727838153055,0.02645733642577852
893,59.49482637495629,128,2368,98,4,0,4,59.92932819237998,256,0.6017706666666667,60.531098859046644,60.531098859046644,60.5472544146022,60.57157740362432,60.597988231261034,63.932736223882564,1.1031618563047445,4.4379098489262745,0.434501817423687,0.0,0.02432298902211727,0.02641082763671676
894,59.65187202451071,160,1280,101,6,0,6,59.65187202451071,256,0.29628444444444446,59.948156468955155,59.948156468955155,59.95826758006626,59.9818862801449,60.007799935743854,64.22621503874792,0.35592791123314527,4.574343014237215,0.0,0.0,0.023618700078635868,0.025913655598955643
895,59.65462751934715,128,1536,41,4,0,4,60.531098859046644,1344,0.06594133333333334,60.59704019237998,60.59704019237998,60.60857352571331,60.624399547179,60.65070392950322,63.98513570769953,0.9960764101560713,4.3305081883523755,0.8764713396994921,0.0,0.01582602146569201,0.026304382324219944
896,59.672280919195465,128,5248,15,1,0,1,59.672280919195465,5120,0.05929955555555556,59.73158047475102,59.73158047475102,59.763736030306575,59.7800445223151,59.8064781160651,63.22370193023921,0.1341971968696356,3.551421011043743,0.0,0.0,0.016308492008526798,0.026433593749999318
897,59.70245030694215,128,704,120,7,0,7,59.70245030694215,512,0.06344533333333334,59.76589564027548,59.76589564027548,59.77280675138659,59.78762921506214,59.81343097287464,63.08505578570017,0.11098066593249456,3.3826054787580233,0.0,0.0,0.014822463675550068,0.025801757812502046
898,59.84789762243992,160,1664,0,3,0,3,59.84789762243992,1536,0.04854755555555555,59.89644517799548,59.89644517799548,59.90868962243992,59.915649423134035,59.94155538016528,64.0549173936455,0.09365775772536011,4.207019771205573,0.0,0.0,0.006959800694112062,0.02590595703124876
899,59.97630357379784,160,1664,4,6,0,6,59.97630357379784,1536,0.04854755555555555,60.0248511293534,60.0248511293534,60.03709557379784,60.05962871178552,60.08575498131677,64.30584809538855,0.10945140751892524,4.329544521590712,0.0,0.0,0.022533137987679197,0.02612626953124675
900,60.01308644731109,64,1600,8,7,0,7,60.01308644731109,1344,0.0839111111111111,60.0969975584222,60.0969975584222,60.10888644731109,60.12309015256214,60.14889288693714,61.76036765907256,0.13580643962605166,1.747281211761468,0.0,0.0,0.01420370525104886,0.025802734374998693
901,60.04679521564667,128,3200,2,4,0,4,60.59704019237998,3072,0.05315555555555555,60.650195747935534,60.650195747935534,60.670973525713315,60.677008800108695,60.703342730230226,64.03748521941827,0.6565475145835578,3.990690003771604,0.5502449767333104,0.0,0.006035274395379986,0.02633393012153107
902,60.15895859125333,96,1344,20,2,0,2,60.15895859125333,1152,0.06536533333333333,60.22432392458666,60.22432392458666,60.23479059125333,60.24593658942577,60.27172687262889,62.71491302985544,0.11276828137555839,2.5559544386021074,0.0,0.0,0.011145998172437999,0.025790283203122044
903,60.27564213261782,160,2176,5,4,0,4,60.650195747935534,2048,0.050083555555555555,60.70027930349109,60.70027930349109,60.71536819237998,60.729677148633,60.75598481464863,64.92391573699639,0.480342682030809,4.6482736043785735,0.3745536153177156,0.0,0.014308956253024974,0.02630766601562584
904,60.38077682058372,64,1664,0,3,0,3,60.38077682058372,1536,0.04854755555555555,60.42932437613928,60.42932437613928,60.44156882058372,60.45977705985278,60.48567598563403,62.117859965112125,0.1048991650503126,1.7370831445284054,0.0,0.0,0.018208239269064563,0.02589892578124875
905,60.46661721818246,64,2368,102,5,0,5,61.18556036399322,2176,0.06843733333333334,61.253997697326554,61.253997697326554,61.27015325288211,61.28067145843094,61.30704206389969,62.96322065761093,0.840424845717223,2.496603439428469,0.7189431458107549,0.0,0.010518205548827098,0.02637060546874892
906,60.51420419399904,160,5248,7,6,0,6,60.51420419399904,5120,0.05929955555555556,60.5735037495546,60.5735037495546,60.60565930511015,60.60838291100426,60.63477568444176,64.8661522946073,0.12057149044272109,4.351948100608261,0.0,0.0,0.0027236058941113583,0.02639277343750024
907,60.615270117267414,96,5248,7,6,0,6,60.615270117267414,5120,0.05929955555555556,60.67456967282297,60.67456967282297,60.706725228378524,60.71395693444176,60.74054628991051,63.268306454298525,0.12527617264309754,2.6530363370311107,0.0,0.0,0.007231706063237198,0.026589355468750853
908,60.623972279457846,96,2176,1,0,0,0,60.623972279457846,2048,0.050083555555555555,60.6740558350134,60.6740558350134,60.68914472390229,60.694851661208055,60.72162672631222,63.277580746494515,0.09765444685437785,2.653608467036669,0.0,0.0,0.005706937305767212,0.02677506510416805
909,60.62418972790743,96,1408,20,2,0,2,60.62418972790743,1216,0.06555733333333334,60.68974706124076,60.68974706124076,60.70056928346298,60.70787579841014,60.73348602790233,63.18917694587107,0.10929629999490231,2.5649872179636404,0.0,0.0,0.007306514947160281,0.025610229492187386
910,60.736831814278844,64,832,96,6,0,6,60.736831814278844,640,0.06382933333333334,60.800661147612175,60.800661147612175,60.8082833698344,60.82031728600426,60.84673930051319,62.51785598229332,0.10990748623434854,1.7810241680144756,0.0,0.0,0.01203391616986238,0.026422014508931113
911,60.811526043885856,128,1664,0,3,0,3,60.811526043885856,1536,0.04854755555555555,60.860073599441414,60.860073599441414,60.872318043885855,60.874435262977784,60.90036242769133,64.18337564559863,0.08883638380547154,3.371849601712775,0.0,0.0,0.002117219091928746,0.025927164713543505
912,61.01334459525213,96,1216,85,7,0,7,61.01334459525213,256,0.27831466666666665,61.291659261918795,61.291659261918795,61.30141481747435,61.32442429969756,61.34995408485381,63.814473022028295,0.3366094896016847,2.8011284267761667,0.0,0.0,0.023009482223208977,0.025529785156251705
913,61.057614214017555,160,1344,113,3,0,3,61.057614214017555,256,0.3142542222222222,61.37186843623978,61.37186843623978,61.382335102906445,61.39307133068612,61.41896816383344,65.51592864504057,0.36135394981588576,4.45831443102302,0.0,0.0,0.010736227779673868,0.025896833147321274
914,61.1576692854966,64,4288,63,5,0,5,61.253997697326554,256,1.140864,62.394861697326554,62.394861697326554,62.42168391954878,62.4374650782226,62.463825185644474,64.12035835292343,1.3061559001478713,2.9626890674268296,0.09632841182995122,0.0,0.01578115867382479,0.02636010742187267
915,61.182357823184695,96,3200,6,5,0,5,62.394861697326554,3072,0.05315555555555555,62.44801725288211,62.44801725288211,62.46879503065989,62.4901857813476,62.51657563904849,65.00489254714313,1.334217815863795,3.8225347239584337,1.2125038741418592,0.0,0.021390750687707794,0.02638985770089164
916,61.3371881174134,64,4096,23,2,0,5,61.3371881174134,0,1.1580657777777779,62.495253895191176,62.495253895191176,62.52100945074673,62.531918400949195,62.55805902594919,64.20227232347523,1.2208709085357938,2.8650842060618302,0.0,0.0,0.010908950202463075,0.026140624999996476
917,61.36903408236762,160,5184,19,6,0,6,61.36903408236762,4992,0.07688533333333333,61.445919415700956,61.445919415700956,61.47771941570095,61.48101413310248,61.50758548320013,65.74049775359167,0.13855140083251172,4.371463671224049,0.0,0.0,0.003294717401523428,0.026571350097654545
918,61.38210867437727,64,5248,15,1,0,1,61.38210867437727,5120,0.05929955555555556,61.441408229932826,61.441408229932826,61.47356378548838,61.490109221905875,61.517359905499625,63.22370193023921,0.1352512311223535,1.8415932558619375,0.0,0.0,0.01654543641749484,0.02725068359374916
919,61.50182709453534,64,4928,11,7,0,7,61.50182709453534,4736,0.07611733333333334,61.57794442786867,61.57794442786867,61.60832220564645,61.63081394813506,61.65672371376006,63.29542590288767,0.1548966192247221,1.7935988083523355,0.0,0.0,0.022491742488604416,0.025909765625002024
920,61.50618404474497,160,4224,111,0,0,,61.50618404474497,256,1.1228942222222222,62.62907826696719,62.62907826696719,62.655544933633855,62.65957171329139,62.686152035557015,66.94851952888453,1.1799679908120453,5.442335484139562,0.0,0.0,0.0040267796575363946,0.026580322265623124
921,61.64093553228774,64,2176,5,4,0,4,61.64093553228774,2048,0.050083555555555555,61.691019087843294,61.691019087843294,61.706107976732184,61.72734629642721,61.75361750178435,63.40849030451873,0.11268196949660592,1.7675547722309872,0.0,0.0,0.021238319695022767,0.02627120535714056
922,61.68419811914726,64,5248,3,0,0,0,62.62907826696719,5120,0.05929955555555556,62.688377822522746,62.688377822522746,62.7205333780783,62.73931414493202,62.766222836338265,64.47327000920392,1.082024717191004,2.789071890056654,0.94488014781993,0.0,0.018780766853716102,0.02690869140624841
923,61.79369101802656,96,1664,0,3,0,3,61.79369101802656,1536,0.04854755555555555,61.842238573582115,61.842238573582115,61.854483018026556,61.859289034369155,61.88518301630275,64.33738575999594,0.09149199827619015,2.5436947419693823,0.0,0.0,0.004806016342598696,0.02589398193359216
924,61.800515281473054,96,1664,0,3,0,3,61.842238573582115,1536,0.04854755555555555,61.89078612913767,61.89078612913767,61.903030573582114,61.91107748651759,61.936963282958565,64.38868805259267,0.13644800148551184,2.5881727711196163,0.04172329210906156,0.0,0.008046912935476769,0.025885796440974218
925,61.82444978456698,128,768,56,3,0,3,61.89078612913767,576,0.06363733333333334,61.954423462471006,61.954423462471006,61.96169012913767,61.962849567680784,61.98868516338391,65.25917053957183,0.16423537881693306,3.4347207550048466,0.06633634457069348,0.0,0.001159438543112401,0.025835595703128433
926,61.82454256418463,96,1664,0,3,0,3,61.954423462471006,1536,0.04854755555555555,62.002971018026564,62.002971018026564,62.015215462471005,62.04035781963391,62.066192647403795,64.51685170819162,0.24165008321916304,2.692309144006991,0.12988089828637328,0.0,0.025142357162906137,0.025834827769884328
927,61.87873278326553,160,2048,1,2,0,0,62.495253895191176,0,0.5830328888888889,63.07828678408006,63.07828678408006,63.09266456185784,63.110431828683566,63.13667971279815,67.23560728441272,1.257946929532622,5.356874501147196,0.6165211119256497,0.0,0.01776726682572871,0.02624788411458212
928,61.93907347072978,64,1664,0,3,0,3,62.002971018026564,1536,0.04854755555555555,62.05151857358212,62.05151857358212,62.06376301802656,62.066192647403795,62.092026062117334,63.71996121688768,0.15295259138755313,1.7808877461579016,0.06389754729678288,0.0,0.002429629377232345,0.025833414713538616
929,61.956108748731786,96,256,56,1,0,3,61.956108748731786,0,0.07987911111111111,62.0359878598429,62.0359878598429,62.04041008206512,62.06681472320796,62.09379323883296,64.59056557770016,0.13768449010117223,2.634456828968375,0.0,0.0,0.02640464114283958,0.026978515624996646
930,61.99485375926626,64,2304,110,1,0,1,62.0359878598429,256,0.5838008888888889,62.619788748731786,62.619788748731786,62.635588748731784,62.66045485992671,62.68727126617671,64.33587400868974,0.692417506910445,2.3410202494234795,0.04113410057663458,0.0,0.024866111194924656,0.026816406249999147
931,62.11441958265801,128,1664,0,3,0,3,62.11441958265801,1536,0.04854755555555555,62.16296713821357,62.16296713821357,62.17521158265801,62.195362051404736,62.22119518128755,65.49029387941557,0.10677559862953956,3.3758742967575657,0.0,0.0,0.020150468746727768,0.0258331298828125
932,62.17359600171034,160,1344,117,7,0,7,62.17359600171034,1152,0.06536533333333333,62.23896133504367,62.23896133504367,62.249428001710335,62.2532566971585,62.27914507606475,66.46101721322528,0.10554907435441407,4.287421211514939,0.0,0.0,0.003828695448163444,0.025888378906252285
933,62.34345952263624,96,256,43,5,0,5,62.44801725288211,0,0.07987911111111111,62.52789636399322,62.52789636399322,62.532318586215446,62.542965985030634,62.569198590011105,65.05642754063271,0.22573906737486737,2.7129680179964737,0.10455773024587245,0.0,0.010647398815187614,0.026232604980471308
934,62.43386372618399,128,704,84,2,0,,63.07828678408006,256,0.13455644444444445,63.212843228524505,63.212843228524505,63.219754339635614,63.24219110602731,63.26831089769398,66.53948287035023,0.8344471715099857,4.1056191441662335,0.6444230578960699,0.0,0.022436766391699337,0.026119791666666003
935,62.47100585009792,96,3200,6,5,0,5,62.52789636399322,3072,0.05315555555555555,62.58105191954878,62.58105191954878,62.60182969732656,62.62166526481579,62.64793582688176,65.13409150547646,0.17692997678384614,2.663085655378545,0.056890513895304196,0.0,0.01983556748923121,0.026270562065974445
936,62.54716943683963,128,2944,14,7,0,7,62.54716943683963,2752,0.07016533333333333,62.61733477017297,62.61733477017297,62.63669032572852,62.6416336502835,62.667619652887666,66.00532190072529,0.12045021604803452,3.4581524638856607,0.0,0.0,0.004943324554979256,0.025986002604163616
937,62.625817276169364,96,2432,98,4,0,4,62.625817276169364,2240,0.06862933333333333,62.6944466095027,62.6944466095027,62.71095772061381,62.72625934748748,62.75255964045623,65.23684679168389,0.12674236428686214,2.611029515514524,0.0,0.0,0.015301626873664986,0.026300292968748806
938,62.63092379304773,160,4096,20,0,0,2,62.688377822522746,0,1.1580657777777779,63.846443600300525,63.846443600300525,63.87219915585608,63.87879949649451,63.90602198998409,68.14448388435326,1.2750981969363622,5.513560091305536,0.057454029475017876,0.0,0.0066003406384282926,0.027222493489581723
939,62.652989916163584,64,5248,3,0,0,0,63.846443600300525,5120,0.05929955555555556,63.90574315585608,63.90574315585608,63.937898711411634,63.96046844180701,63.98777703555701,65.67157933093686,1.3347871193934253,3.018589414773281,1.1934536841369408,0.0,0.02256973039537513,0.027308593749999943
940,62.90988448504405,128,896,76,4,0,4,62.90988448504405,704,0.06402133333333333,62.97390581837739,62.97390581837739,62.981883596155164,62.98928424983123,63.015480966139826,66.33278845835055,0.10559648109577324,3.4229039733064965,0.0,0.0,0.0074006536760649055,0.02619671630859699
941,62.935136542616284,96,1408,12,7,0,7,62.935136542616284,256,0.332224,63.26736054261628,63.26736054261628,63.278182764838505,63.29542590288767,63.321286864801735,65.81823889291279,0.38615032218545053,2.883102350296504,0.0,0.0,0.017243138049167328,0.02586096191406284
942,62.955425545059775,64,5248,3,0,0,0,63.90574315585608,5120,0.05929955555555556,63.965042711411634,63.965042711411634,63.99719826696719,64.01508611758825,64.04244627383825,65.72465081531186,1.0870207287784766,2.769225270252086,0.9503176107963043,0.0,0.017887850621065127,0.027360156249997658
943,62.990945425398344,96,896,152,6,0,6,62.990945425398344,704,0.06402133333333333,63.05496675873168,63.05496675873168,63.062944536509455,63.08190695885582,63.10853399336103,65.63334248015417,0.11758856796268446,2.6423970547558255,0.0,0.0,0.018962422346362473,0.026627034505210645
944,63.20640600626702,160,640,148,2,0,,63.212843228524505,256,0.11658666666666667,63.329429895191176,63.329429895191176,63.33598545074673,63.34667320238148,63.37259263597523,67.46657505785022,0.16618662970821418,4.260169051583205,0.006437222257488884,0.0,0.01068775163474811,0.025919433593749375
945,63.22050395004866,160,5248,7,6,0,6,63.22050395004866,5120,0.05929955555555556,63.279803505604214,63.279803505604214,63.31195906115977,63.32117627851728,63.34779973229332,67.56989031544065,0.12729578224465854,4.349386365391986,0.0,0.0,0.009217217357509355,0.026623453776039696
946,63.2529708941049,64,2176,1,0,0,0,63.965042711411634,2048,0.050083555555555555,64.01512626696719,64.01512626696719,64.03021515585607,64.04244627383825,64.06959056094763,65.75106981487784,0.8166196668427332,2.4980989207729394,0.712071817306736,0.0,0.012231117982182127,0.02714428710937966
947,63.42846056474608,128,4992,11,7,0,7,63.42846056474608,4800,0.07630933333333334,63.50476989807942,63.50476989807942,63.53550323141275,63.55405749468455,63.5802376704658,66.95016110970967,0.1517771057197166,3.5217005449635863,0.0,0.0,0.01855426327180254,0.026180175781249204
948,63.503302806335576,96,256,22,7,0,5,63.50476989807942,0,0.07987911111111111,63.58464900919053,63.58464900919053,63.58907123141275,63.6064183345283,63.63242346148142,66.13847619760028,0.12912065514584725,2.6351733912647077,0.0014670917438408537,0.0,0.017347103115547213,0.02600512695312318
949,63.54369741352396,64,1152,28,1,0,1,63.54369741352396,960,0.06478933333333334,63.60848674685729,63.60848674685729,63.61788674685729,63.61832595367671,63.64394541982254,65.25649437001786,0.10024800629858532,1.7127969564939036,0.0,0.0,0.00043920681942211104,0.02561946614583377
950,63.57777046380738,160,2176,1,0,0,0,64.01512626696719,2048,0.050083555555555555,64.06520982252275,64.06520982252275,64.08029871141163,64.09673533633826,64.12372591948558,68.35671337654077,0.5459554556781967,4.778942912733385,0.4373558031598037,0.0,0.016436624926626564,0.026990583147323832
951,63.611066233678166,128,2048,13,4,0,4,63.611066233678166,1856,0.06747733333333333,63.6785435670115,63.6785435670115,63.692921344789276,63.696941057866944,63.72313856763257,67.03920379038179,0.11207233395440142,3.428137556703625,0.0,0.0,0.004019713077667575,0.026197509765623295
952,63.88421588753131,96,256,49,3,0,7,63.88421588753131,0,0.07987911111111111,63.96409499864242,63.96409499864242,63.96851722086465,63.977781651457995,64.00349307723924,66.44102600677174,0.11927718970792967,2.5568101192404242,0.0,0.0,0.009264430593347583,0.025711425781246078
953,63.89291909584631,64,1280,81,5,0,5,63.89291909584631,256,0.29628444444444446,64.18920354029075,64.18920354029075,64.19931465140186,64.22513360403951,64.2512573833364,65.8745196467525,0.3583382874900849,1.9816005509061938,0.0,0.0,0.025818952637649772,0.026123779296881366
954,63.921637397132585,160,1344,29,1,0,1,63.921637397132585,256,0.3142542222222222,64.2358916193548,64.2358916193548,64.24635828602148,64.25895909169755,64.28459690908036,68.38298566233557,0.3629595119477784,4.461348265202986,0.0,0.0,0.012600805676072468,0.025637817382815342
955,63.92347903464354,160,5248,3,0,0,0,64.06520982252275,5120,0.05929955555555556,64.1245093780783,64.1245093780783,64.15666493363386,64.17770855062398,64.20477190511616,68.43647474651844,0.28129287047261897,4.5129957118749005,0.14173078787920446,0.0,0.021043616990112923,0.027063354492185
956,63.94643114159366,128,2688,38,2,0,2,63.94643114159366,256,0.6916195555555555,64.63805069714923,64.63805069714923,64.65598403048256,64.66261265550648,64.68837510667835,67.95604462165231,0.7419439650846869,4.009613480058647,0.0,0.0,0.006628625023921586,0.025762451171871703
957,63.94695730941155,160,832,72,2,0,2,64.63805069714923,640,0.06382933333333334,64.70188003048256,64.70188003048256,64.70950225270478,64.71413804613148,64.73983003831898,68.8240426278372,0.7928727289074331,4.8770853184256495,0.6910933877376735,0.0,0.0046357934267007295,0.025691992187503843
958,63.99990897812724,96,3200,2,4,0,4,63.99990897812724,3072,0.05315555555555555,64.05306453368279,64.05306453368279,64.07384231146057,64.08938536590264,64.1154585104339,66.5948751608245,0.11554953230665888,2.594966182697263,0.0,0.0,0.01554305444207671,0.02607314453125298
959,64.03434958805659,128,5056,11,7,0,7,64.03434958805659,4864,0.07650133333333334,64.11085092138993,64.11085092138993,64.14193981027881,64.15358640093454,64.17990541135121,67.57588913705342,0.1455558232946288,3.5415395489968375,0.0,0.0,0.011646590655729483,0.026319010416671063
960,64.06907840789746,96,256,0,6,0,3,64.06907840789746,0,0.07987911111111111,64.14895751900858,64.14895751900858,64.1533797412308,64.1733689868506,64.19979176865864,66.71485200163856,0.13071336076117746,2.6457735937410973,0.0,0.0,0.019989245619811413,0.026422781808037143
961,64.09737397115926,160,2176,1,0,0,0,64.1245093780783,2048,0.050083555555555555,64.17459293363386,64.17459293363386,64.18968182252274,64.20477190511616,64.23172448758145,68.4628874255549,0.1343505164221881,4.365513454395639,0.027135406919043703,0.0,0.015090082593417264,0.026952582465284536
962,64.10293114432683,64,512,41,0,0,4,64.17459293363386,0,0.15175822222222224,64.32635115585609,64.32635115585609,64.33219560030054,64.33953970025506,64.36632422173943,66.04215892620596,0.26339307741260143,1.9392277818791257,0.07166178930702927,0.0,0.007344099954522676,0.02678452148437316
963,64.14971931347944,160,512,13,5,0,4,64.18920354029075,0,0.15175822222222224,64.34096176251298,64.34096176251298,64.34680620695742,64.3557573833364,64.38178624618362,68.47465537266397,0.23206693270418555,4.324936059184537,0.03948422681131092,0.0,0.008951176378971581,0.02602886284722672
964,64.17231265999995,64,2176,1,0,0,0,64.32635115585609,2048,0.050083555555555555,64.37643471141165,64.37643471141165,64.39152360030053,64.39310923150505,64.41982900245675,66.09528587933096,0.2475163424568052,1.9229732193310127,0.15403849585614182,0.0,0.0015856312045201548,0.02671977095170064
965,64.29287249814274,128,1664,0,3,0,3,64.29287249814274,1536,0.04854755555555555,64.3414200536983,64.3414200536983,64.35366449814275,64.36302426911053,64.38868805259267,67.65469335037376,0.09581555444992773,3.36182085223102,0.0,0.0,0.009359770967776626,0.02566378348214471
966,64.3868882118686,64,2176,5,4,0,4,64.3868882118686,2048,0.050083555555555555,64.43697176742415,64.43697176742415,64.45206065631304,64.4544538229339,64.48053088999119,66.12432634897556,0.09364267812259186,1.7374381371069632,0.0,0.0,0.00239316662086253,0.02607706705728674
967,64.49539021732392,64,1152,141,1,0,,64.49539021732392,256,0.2603448888888889,64.75573510621281,64.75573510621281,64.76513510621281,64.76992861480953,64.79553294423661,66.4102105158512,0.3001427269126964,1.9148202985272889,0.0,0.0,0.0047935085967196756,0.02560432942708246
968,64.80905266480781,160,2816,18,0,0,0,64.80905266480781,2624,0.06978133333333333,64.87883399814115,64.87883399814115,64.8974784425856,64.89947235295391,64.92608989556754,69.14883007692211,0.11703723075973471,4.339777412114302,0.0,0.0,0.001993910368312868,0.026617542613635692
969,65.06562428355087,96,5120,11,7,0,7,65.06562428355087,4928,0.07669333333333334,65.14231761688421,65.14231761688421,65.17376206132866,65.1803896235908,65.20689366934972,67.76525241830342,0.14126938579885007,2.699628134752544,0.0,0.0,0.0066275622621390085,0.02650404575892651
970,65.16501139468244,160,1664,0,3,0,3,65.16501139468244,1536,0.04854755555555555,65.213558950238,65.213558950238,65.22580339468244,65.23353276287912,65.25917053957183,69.37150181884755,0.09415914488938881,4.206490424165111,0.0,0.0,0.00772936819667791,0.025637776692704506
971,65.20588773896947,96,4480,31,7,0,7,65.20588773896947,4288,0.07477333333333333,65.2806610723028,65.2806610723028,65.3085499611917,65.31291473519795,65.33950634896748,67.89993650033466,0.13361860999800967,2.6940487613651953,0.0,0.0,0.00436477400624824,0.02659161376952568
972,65.45522322763935,64,3200,2,4,0,4,65.45522322763935,3072,0.05315555555555555,65.5083787831949,65.5083787831949,65.52915656097268,65.54938731902764,65.57553839324639,67.22223464975679,0.12031516560703892,1.7670114221174344,0.0,0.0,0.020230758054964326,0.026151074218745407
973,65.47950341849436,160,1664,0,3,0,3,65.47950341849436,1536,0.04854755555555555,65.52805097404992,65.52805097404992,65.54029541849437,65.54153085858223,65.56718600994942,69.68523959825293,0.08768259145506363,4.205736179758574,0.0,0.0,0.0012354400878678007,0.025655151367189433
974,65.57754124811039,160,896,132,6,0,6,65.57754124811039,256,0.1884657777777778,65.76600702588817,65.76600702588817,65.77398480366595,65.79325898406042,65.81932571583125,69.97509483669246,0.24178446772086204,4.3975535885820705,0.0,0.0,0.019274180394461382,0.026066731770839624
975,65.71197254486276,160,1152,24,4,0,4,65.71197254486276,256,0.2603448888888889,65.97231743375166,65.97231743375166,65.98171743375165,65.99402198699639,66.02008188282971,70.15009493737767,0.30810933796695394,4.438122392514913,0.0,0.0,0.01230455324473212,0.026059895833327573
976,65.74805921117232,128,1664,0,3,0,3,65.74805921117232,1536,0.04854755555555555,65.79660676672788,65.79660676672788,65.80885121117232,65.82376437909005,65.8494552970588,69.13552006971561,0.10139608588647775,3.3874608585432924,0.0,0.0,0.0149131679177259,0.025690917968745453
977,65.75015937170139,128,2240,150,5,0,5,65.75015937170139,256,0.5658311111111111,66.3159904828125,66.3159904828125,66.33143492725694,66.3549005061275,66.38059142409625,69.68129475254679,0.6304320523948661,3.9311353808454044,0.0,0.0,0.02346557887057088,0.025690917968745453
978,65.77351110735877,64,1664,0,3,0,3,65.79660676672788,1536,0.04854755555555555,65.84515432228343,65.84515432228343,65.85739876672788,65.8751467033088,65.9008586987515,67.52575957906694,0.12734759139273422,1.752248471708171,0.023095659369104737,0.0,0.017747936580917667,0.025711995442705415
979,65.89480362457154,160,896,44,5,0,5,66.3159904828125,256,0.1884657777777778,66.50445626059027,66.50445626059027,66.51243403836806,66.53474718581501,66.56035590977334,70.70915599929157,0.6655522852017981,4.8143523747200305,0.4211868582409579,0.0,0.02231314744695112,0.025608723958328028
980,65.91096077273964,128,1664,8,7,0,7,65.91096077273964,1472,0.06632533333333333,65.97728610607298,65.97728610607298,65.98953055051743,66.00532190072529,66.03195178353779,69.44174773080341,0.12099101079815,3.5307869580637714,0.0,0.0,0.01579135020786282,0.026629882812500227
981,65.94120043900162,96,5248,19,6,0,6,65.94120043900162,5056,0.07707733333333333,66.01827777233495,66.01827777233495,66.05043332789052,66.05394827442501,66.08039261036251,68.58939653753885,0.13919217136088946,2.648196098537227,0.0,0.0,0.0035149465344943565,0.026444335937497954
982,65.9511102796437,96,2176,1,0,0,0,65.9511102796437,2048,0.050083555555555555,66.00119383519926,66.00119383519926,66.01628272408814,66.04215892620596,66.06872215862784,68.59523068727366,0.11761187898413539,2.6441204076299556,0.0,0.0,0.025876202117814273,0.026563232421878524
983,65.96814347015739,96,1664,4,6,0,6,66.01827777233495,1536,0.04854755555555555,66.06682532789051,66.06682532789051,66.07906977233496,66.08039261036251,66.1067109697375,68.61518315863259,0.1385674995801196,2.6470396884752034,0.0501343021775682,0.0,0.0013228380275478457,0.026318359374997158
984,66.0330077916111,64,1408,29,1,0,1,66.0330077916111,1216,0.06555733333333334,66.09856512494443,66.09856512494443,66.10938734716665,66.12796849111162,66.15362441559078,67.7808814142887,0.12061662397968576,1.7478736226776022,0.0,0.0,0.01858114394497079,0.025655924479167425
985,66.07936780993924,160,4096,32,1,0,6,66.09856512494443,0,1.1580657777777779,67.25663090272221,67.25663090272221,67.28238645827777,67.2841167658512,67.31025787913245,71.49340748850742,1.230890069193208,5.414039678568173,0.01919731500518651,0.0,0.0017303075734247386,0.026141113281255457
986,66.23833823200306,96,1664,0,3,0,3,66.23833823200306,1536,0.04854755555555555,66.28688578755862,66.28688578755862,66.29913023200307,66.31231703208485,66.33805050027681,68.79685281119288,0.09971226827374835,2.5585145791898185,0.0,0.0,0.01318680008178319,0.025733468191958764
987,66.26978743979939,96,5248,7,6,0,6,66.26978743979939,5120,0.05929955555555556,66.32908699535494,66.32908699535494,66.3612425509105,66.36992141895627,66.39645161101356,68.89870923285133,0.1266641712141734,2.628921793051944,0.0,0.0,0.00867886804576301,0.02653019205729379
988,66.29044424826269,128,2496,98,4,0,4,66.29044424826269,2304,0.06882133333333333,66.35926558159602,66.35926558159602,66.37613224826269,66.38518884897555,66.41139334116305,69.71160177331518,0.12094909290036071,3.421157525052493,0.0,0.0,0.009056600712852969,0.026204492187503092
989,66.29553419796049,160,1664,0,3,0,3,66.29553419796049,1536,0.04854755555555555,66.34408175351605,66.34408175351605,66.3563261979605,66.36378445675003,66.38952865841019,70.52348128003308,0.09399446044969295,4.227947082072589,0.0,0.0,0.00745825878952644,0.025744201660160115
990,66.30462406327152,96,5248,3,0,0,0,66.30462406327152,5120,0.05929955555555556,66.36392361882707,66.36392361882707,66.39607917438263,66.41489511482203,66.44164804450953,68.96686852907054,0.1370239812380163,2.66224446579902,0.0,0.0,0.018815940439395717,0.02675292968750398
991,66.32169554399405,64,1664,0,3,0,3,66.34408175351605,1536,0.04854755555555555,66.39262930907161,66.39262930907161,66.40487375351606,66.41527334835159,66.44102600677174,68.06882860428,0.11933046277768256,1.7471330602859467,0.022386209521997102,0.0,0.010399594835533321,0.025752658420145735
992,66.3366038877326,96,2560,34,4,0,4,66.35926558159602,2368,0.06901333333333334,66.42827891492935,66.42827891492935,66.44550113715157,66.4638037903818,66.49001708790784,68.96154059865,0.15341320017525106,2.62493671091741,0.022661693863426535,0.0,0.018302653230236388,0.0262132975260414
993,66.47252132431396,160,2176,1,0,0,0,66.47252132431396,2048,0.050083555555555555,66.52260487986952,66.52260487986952,66.5376937687584,66.54866464607203,66.5753430314887,70.76047097047677,0.1028217071747406,4.287949646162815,0.0,0.0,0.010970877313624783,0.026678385416673223
994,66.55701472295706,160,5184,11,7,0,7,66.55701472295706,4992,0.07688533333333333,66.6339000562904,66.6339000562904,66.6657000562904,66.67791916635028,66.70510349252216,70.95605836603407,0.1480887695650921,4.3990436430770075,0.0,0.0,0.012219110059874083,0.02718432617187716
995,66.56652771079014,96,5248,11,7,0,7,66.6339000562904,5056,0.07707733333333333,66.71097738962374,66.71097738962374,66.7431329451793,66.75947360970966,66.78671321629449,69.33664616830342,0.22018550550434668,2.770118457513277,0.06737234550026017,0.0,0.016340664530360982,0.02723960658482838
996,66.56786708156262,96,2368,50,1,0,1,67.25663090272221,256,0.6017706666666667,67.85840156938887,67.85840156938887,67.87455712494443,67.8863491877262,67.91264671376786,70.40401633453608,1.3447796322052312,3.836149252973456,0.6887638211595828,0.0,0.011792062781765367,0.02629752604165958
997,66.69969070035928,128,2176,1,0,0,0,66.69969070035928,2048,0.050083555555555555,66.74977425591484,66.74977425591484,66.76486314480373,66.78878769294703,66.81540844490016,70.15993312867991,0.11571774454087347,3.460242428320626,0.0,0.0,0.023924548143298807,0.02662075195313207
998,66.70513047538145,96,3200,6,5,0,5,66.70513047538145,3072,0.05315555555555555,66.758286030937,66.758286030937,66.77906380871478,66.79085639805459,66.81670722813271,69.28825703282023,0.11157675275126167,2.5831265574387743,0.0,0.0,0.011792589339805204,0.025850830078127274
999,66.80864896100267,64,1664,0,3,0,3,66.80864896100267,1536,0.04854755555555555,66.85719651655823,66.85719651655823,66.86944096100268,66.8801311093108,66.90596281503996,68.53660253006126,0.09731385403728154,1.7279535690585845,0.0,0.0,0.010690148308114544,0.025831705729160603
1000,66.83220763355502,64,2176,9,4,0,4,66.83220763355502,2048,0.050083555555555555,66.88229118911057,66.88229118911057,66.89738007799946,66.908551528012,66.93468100392346,68.57287829745023,0.10247337036844328,1.7406706638952159,0.0,0.0,0.011171450012540163,0.02612947591146053
1001,66.87334140723164,64,896,72,2,0,2,66.87334140723164,704,0.06402133333333333,66.93736274056496,66.93736274056496,66.94534051834275,66.95244966722522,66.97818882738147,68.59261870205596,0.10484742014983794,1.7192772948243231,0.0,0.0,0.007109148882477712,0.025739160156248886
1002,67.04492303658974,160,1664,0,3,0,3,67.04492303658974,1536,0.04854755555555555,67.0934705921453,67.0934705921453,67.10571503658974,67.1126340389983,67.13846777923267,71.28883206128307,0.09354474264293344,4.2439090246933375,0.0,0.0,0.006919002408551478,0.02583374023437557
1003,67.10124017580848,128,1664,0,3,0,3,67.10124017580848,1536,0.04854755555555555,67.14978773136404,67.14978773136404,67.16203217580849,67.16430200774829,67.19013470483635,70.49717952222058,0.08889452902786843,3.395939346412092,0.0,0.0,0.0022698319397989053,0.025832697088063128
1004,67.18079473436269,64,256,0,6,0,3,67.18079473436269,0,0.07987911111111111,67.2606738454738,67.2606738454738,67.26509606769602,67.27795346648232,67.30449073861773,68.94935010199195,0.1236960042550379,1.7685553676292614,0.0,0.0,0.012857398786294993,0.026537272135414014
1005,67.2182264710325,64,512,16,3,0,3,67.2182264710325,0,0.15175822222222224,67.36998469325472,67.36998469325472,67.37582913769917,67.3968138596659,67.42260202698361,69.05718462049686,0.2043755559511169,1.8389581494643608,0.0,0.0,0.020984721966726738,0.025788167317713828
1006,67.27153065216066,64,768,60,1,0,1,67.85840156938887,256,0.15252622222222223,68.0109277916111,68.0109277916111,68.01819445827776,68.04414166819494,68.07021075999181,69.71486261546056,0.7986801078311458,2.4433319632998973,0.5868709172282109,0.0,0.02594720991717736,0.026069091796870225
1007,67.31641583516398,64,1664,41,4,0,4,67.31641583516398,1408,0.0841031111111111,67.40051894627508,67.40051894627508,67.41276339071953,67.43055300913178,67.45654910288178,69.09082247644018,0.14013326771780044,1.774406641276201,0.0,0.0,0.017789618412251684,0.025996093749995453
1008,67.38224470142062,96,1216,24,4,0,4,67.40051894627508,1024,0.06498133333333334,67.46550027960842,67.46550027960842,67.47525583516398,67.48254568491303,67.50847553517345,69.96952413659642,0.12623083375282818,2.5872794351758017,0.01827424485446727,0.0,0.007289849749056998,0.025929850260411058
1009,67.49297215620021,128,3008,14,7,0,7,67.49297215620021,2816,0.07035733333333334,67.56332948953354,67.56332948953354,67.58304060064465,67.60303659799092,67.63007134733988,71.00892701837782,0.13709919113966862,3.515954862177608,0.0,0.0,0.01999599734627111,0.027034749348956666
1010,67.50487003972911,96,2176,5,4,0,4,67.50487003972911,2048,0.050083555555555555,67.55495359528467,67.55495359528467,67.57004248417356,67.58626801564219,67.61221848997255,70.07286105065893,0.10734845024343542,2.5679910109298163,0.0,0.0,0.016225531468634813,0.02595047433035802
1011,67.59461568872493,64,4288,83,3,0,3,67.59461568872493,4096,0.07419733333333334,67.66881302205826,67.66881302205826,67.69563524428048,67.70625292068625,67.73215282303,69.37150181884755,0.1375371343050773,1.7768861301226195,0.0,0.0,0.010617676405772158,0.0258999023437525
1012,67.64679312600016,64,960,52,6,0,6,67.64679312600016,768,0.06421333333333333,67.71100645933349,67.71100645933349,67.71933979266683,67.7278359209094,67.75401902637815,69.38087520778622,0.10722590037798341,1.734082081786056,0.0,0.0,0.008496128242569512,0.02618310546874625
1013,67.77218945936747,160,1664,0,3,0,3,67.77218945936747,1536,0.04854755555555555,67.82073701492303,67.82073701492303,67.83298145936747,67.8357573152175,67.86165217198834,72.02757461499401,0.0894627126208718,4.255385155626541,0.0,0.0,0.0027758558500323716,0.02589485677083303
1014,67.91793024502383,128,3200,6,5,0,5,67.91793024502383,3072,0.05315555555555555,67.97108580057937,67.97108580057937,67.99186357835715,68.00637324375772,68.03238476719523,71.36688121320526,0.11445452217139973,3.4489509681814354,0.0,0.0,0.014509665400566973,0.02601152343750357
1015,67.94609890719161,160,704,116,2,0,,67.94609890719161,256,0.13455644444444445,68.08065535163605,68.08065535163605,68.08756646274716,68.10882489508981,68.1342495370169,72.20806211025906,0.1881506298252873,4.261963203067452,0.0,0.0,0.021258432342648348,0.025424641927088487
1016,68.01344437727703,128,1152,145,2,0,,68.08065535163605,256,0.2603448888888889,68.34100024052495,68.34100024052495,68.35040024052495,68.3630932870169,68.38855605557158,71.6503739592174,0.3751116782945587,3.636929581940379,0.06721097435902834,0.0,0.012693046491946802,0.02546276855468932
1017,68.03267061987033,160,256,12,6,0,7,68.03267061987033,0,0.07987911111111111,68.11254973098144,68.11254973098144,68.11697195320366,68.12063377247189,68.14667199791832,72.25177749457009,0.1140013780479876,4.2191068746997615,0.0,0.0,0.00366181926823117,0.026038225446427532
1018,68.04588372768882,128,4352,47,3,0,3,68.04588372768882,4160,0.07438933333333334,68.12027306102215,68.12027306102215,68.14745083879993,68.1724487214675,68.1984565339675,71.5275814509315,0.15257280627868397,3.4816977232426893,0.0,0.0,0.024997882667577187,0.02600781249999784
1019,68.12563624333995,160,256,50,7,0,1,68.12563624333995,0,0.07987911111111111,68.20551535445107,68.20551535445107,68.20993757667328,68.22233982064716,68.24886091439717,72.46047057306532,0.12322467105721557,4.334834329725368,0.0,0.0,0.0124022439738809,0.026521093750005775
1020,68.1797284343764,128,2176,5,4,0,4,68.1797284343764,2048,0.050083555555555555,68.22981198993196,68.22981198993196,68.24490087882084,68.26113903963773,68.28711462557523,71.57667062097144,0.10738619119882742,3.396942186595041,0.0,0.0,0.016238160816882896,0.025975585937501933
1021,68.23125748603711,96,1728,17,1,0,1,68.23125748603711,1536,0.06651733333333333,68.29777481937045,68.29777481937045,68.31037481937045,68.33092853342932,68.35695685374182,70.85385849762201,0.12569936770471202,2.622601011584905,0.0,0.0,0.020553714058863193,0.02602832031250557
1022,68.30293126710386,64,1536,20,2,0,2,68.34100024052495,1280,0.0837191111111111,68.42471935163606,68.42471935163606,68.43625268496939,68.43948305752471,68.46500444424346,70.0873846200247,0.16207317713960379,1.7844533529208348,0.03806897342109039,0.0,0.003230372555321992,0.025521386718750705
1023,68.49742150128591,96,2880,10,2,0,2,68.49742150128591,2688,0.06997333333333333,68.56739483461925,68.56739483461925,68.58639483461926,68.59261870205596,68.6183305184622,71.06344158617053,0.1209090171762881,2.566020084884613,0.0,0.0,0.006223867436702335,0.025711816406243315
1024,68.52408602625945,160,960,76,4,0,4,68.52408602625945,768,0.06421333333333333,68.58829935959278,68.58829935959278,68.59663269292612,68.59884369923594,68.62474744679453,72.7498713045652,0.10066142053507576,4.22578527830575,0.0,0.0,0.002211006309821073,0.025903747558587042
1025,68.5335217970207,64,4096,41,1,0,4,68.5335217970207,0,1.1580657777777779,69.69158757479848,69.69158757479848,69.71734313035404,69.7412311050439,69.76775783844234,71.44043385569492,1.2342360414216387,2.906912058674223,0.0,0.0,0.02388797468985615,0.026526733398441138
1026,68.61192962888381,64,1664,0,3,0,3,68.61192962888381,1536,0.04854755555555555,68.66047718443937,68.66047718443937,68.67272162888382,68.69279096223455,68.71880569205226,70.36598288438576,0.10687606316844267,1.754053255501944,0.0,0.0,0.020069333350733132,0.02601472981770314
1027,68.69386059293855,96,3200,6,5,0,5,68.69386059293855,3072,0.05315555555555555,68.7470161484941,68.7470161484941,68.76779392627188,68.78900791172647,68.81527978672648,71.31435403221568,0.1214191937879292,2.6204934392771264,0.0,0.0,0.021213985454593853,0.026271875000006162
1028,68.70538083246129,96,4736,23,5,0,5,68.7470161484941,256,1.2666524444444445,70.01366859293854,70.01366859293854,70.04297970404966,70.04846320957803,70.0749638199296,72.57768707258026,1.3695829874683056,3.8723062401189736,0.04163531603281001,0.0,0.0054835055283746215,0.026500610351561704
1029,68.81037117304739,160,640,88,0,0,,68.81037117304739,256,0.11658666666666667,68.92695783971405,68.92695783971405,68.9335133952696,68.94055270875803,68.96686852907054,73.12156061426397,0.15649735602315218,4.311189441216584,0.0,0.0,0.007039313488434118,0.026315820312504457
1030,68.87964081267562,128,2240,58,7,0,7,68.87964081267562,256,0.5658311111111111,69.44547192378673,69.44547192378673,69.46091636823117,69.46815821257425,69.49448987761332,72.85915851251845,0.614849064937701,3.9795176998428303,0.0,0.0,0.007241844343084836,0.026331665039066365
1031,68.89330589141933,96,1600,20,2,0,2,68.89330589141933,1408,0.06613333333333334,68.95943922475267,68.95943922475267,68.97132811364156,68.9786949715872,69.0044729012747,71.44664764085803,0.11116700985536454,2.553341749438701,0.0,0.0,0.007366857945640959,0.02577792968749293
1032,69.07438561860906,160,960,32,6,0,6,69.07438561860906,256,0.20643555555555557,69.28082117416461,69.28082117416461,69.28915450749795,69.30466048610653,69.33006490505184,73.46152627386695,0.2556792864427848,4.387140655257895,0.0,0.0,0.015505978608572946,0.025404418945313978
1033,69.07640074437063,160,2176,1,0,0,0,69.07640074437063,2048,0.050083555555555555,69.12648429992619,69.12648429992619,69.14157318881507,69.14883007692211,69.17472888063304,73.33088901828182,0.09832813626240977,4.254488273911193,0.0,0.0,0.00725688810703673,0.02589880371093045
1034,69.07651411972265,128,4416,47,3,0,3,69.07651411972265,4224,0.07458133333333333,69.15109545305597,69.15109545305597,69.17862878638931,69.1877989868163,69.2140407836913,72.55837051343151,0.1375266639686572,3.481856393708867,0.0,0.0,0.009170200426993347,0.026241796874998613
1035,69.31017433198313,64,5248,19,6,0,6,69.31017433198313,5120,0.05929955555555556,69.36947388753869,69.36947388753869,69.40162944309425,69.40624971950497,69.43217159450496,71.06080775173155,0.12199726252183041,1.7506334197484108,0.0,0.0,0.004620276410719271,0.025921874999994543
1036,69.31717619854005,160,1664,0,3,0,3,69.31717619854005,1536,0.04854755555555555,69.36572375409561,69.36572375409561,69.37796819854006,69.39768138427723,69.42382059868696,73.5908131729367,0.10664440014690513,4.273636974396652,0.0,0.0,0.0197131857371744,0.026139214409724332
1037,69.4501126466255,64,960,152,6,0,6,69.4501126466255,768,0.06421333333333333,69.51432597995883,69.51432597995883,69.52265931329217,69.53586397731746,69.56169718044247,71.18865477321592,0.11158453381696631,1.738542126590417,0.0,0.0,0.013204664025295187,0.02583320312500348
1038,69.58091668665901,128,5248,11,7,0,7,69.58091668665901,5120,0.05929955555555556,69.64021624221456,69.64021624221456,69.67237179777013,69.67882520476175,69.70540616179301,73.07336359064345,0.12448947513399844,3.492446903984444,0.0,0.0,0.006453406991624888,0.026580957031256958
1039,69.64349281093007,64,1216,153,2,0,2,69.64349281093007,256,0.27831466666666665,69.92180747759673,69.92180747759673,69.93156303315229,69.9328035653372,69.95856585374865,71.57406097093616,0.3150730428185824,1.9305681600060893,0.0,0.0,0.0012405321849087159,0.02576228841145678
1040,69.66035677656495,160,2304,42,0,0,0,69.66035677656495,2112,0.06824533333333334,69.72860210989829,69.72860210989829,69.74440210989829,69.74462609742992,69.77057912477366,73.93298813937558,0.11022234820870835,4.272631362810628,0.0,0.0,0.0002239875316263351,0.02595302734374627
1041,69.71427999914772,160,512,18,2,0,0,69.92180747759673,0,0.15175822222222224,70.07356569981896,70.07356569981896,70.0794101442634,70.0873846200247,70.11306129645699,74.17181124762887,0.39878129730927014,4.457531248481146,0.2075274784490091,0.0,0.00797447576128718,0.02567667643229754
1042,69.8061297460776,160,1536,25,5,0,5,70.01366859293854,256,0.3681635555555556,70.3818321484941,70.3818321484941,70.39336548182743,70.41951618809365,70.44587214512491,74.63733925356985,0.6397423990473072,4.831209507492247,0.20753884686094182,0.0,0.026150706266221846,0.026355957031256594
1043,69.81289768973639,64,3200,6,5,0,5,70.3818321484941,3072,0.05315555555555555,70.43498770404965,70.43498770404965,70.45576548182743,70.47222859043741,70.49861978509887,72.153999084299,0.685722095362479,2.341101394562614,0.5689344587577096,0.0,0.016463108609983124,0.026391194661457007
1044,69.91680609684663,64,1024,32,6,0,6,69.91680609684663,832,0.06440533333333334,69.98121143017997,69.98121143017997,69.98990031906885,70.00101781032528,70.02685657985653,71.65416307399717,0.11005048300989984,1.7373569771505402,0.0,0.0,0.011117491256428025,0.025838769531247863
1045,70.13164726207462,160,2944,18,0,0,0,70.13164726207462,2688,0.08794311111111111,70.21959037318574,70.21959037318574,70.23894592874129,70.26361525758615,70.2896401599299,74.45768739067766,0.15799289785528003,4.32604012860304,0.0,0.0,0.02466932884486539,0.026024902343749545
1046,70.19771441766089,128,1792,17,1,0,1,70.19771441766089,1600,0.06670933333333334,70.26442375099423,70.26442375099423,70.27737930654978,70.29839504547358,70.32479963531733,73.67279534658033,0.1270852176564432,3.4750809289194393,0.0,0.0,0.021015738923807703,0.02640458984375016
1047,70.27849983460732,96,2176,13,4,0,4,70.27849983460732,1920,0.08563911111111111,70.36413894571842,70.36413894571842,70.3792278346073,70.3822953768308,70.40818453698705,72.88124256107561,0.12968470237973406,2.6027427264682927,0.0,0.0,0.0030675422234907046,0.025889160156253865
1048,70.37366394411292,64,1600,25,5,0,5,70.43498770404965,1408,0.06613333333333334,70.50112103738299,70.50112103738299,70.51300992627188,70.52501146804157,70.55131636480496,72.20671441633026,0.17765242069204135,1.8330504722173373,0.061323759936726674,0.0,0.012001541769691926,0.026304896763392094
1049,70.42235956595484,64,5248,3,0,0,0,70.42235956595484,5120,0.05929955555555556,70.48165912151039,70.48165912151039,70.51381467706595,70.5238862536799,70.55017149131011,72.20864462189046,0.12781192535527452,1.7862850559356218,0.0,0.0,0.01007157661395297,0.02628523763020496
1050,70.64082598880277,128,960,44,5,0,5,70.64082598880277,768,0.06421333333333333,70.7050393221361,70.7050393221361,70.71337265546944,70.73559642897906,70.76189846580942,74.10604314586895,0.12107247700664914,3.465217157066178,0.0,0.0,0.0222237735096229,0.02630203683035859
1051,70.65959580511647,128,5248,11,7,0,7,70.65959580511647,5120,0.05929955555555556,70.71889536067202,70.71889536067202,70.75105091622758,70.769044833668,70.79580606413676,74.17108063165907,0.13621025902028805,3.511484826542599,0.0,0.0,0.017993917440421114,0.02676123046875034
1052,70.82123800649359,96,1280,85,7,0,7,70.82123800649359,1088,0.06517333333333333,70.88641133982692,70.88641133982692,70.89652245093804,70.90285586882425,70.92945687328853,73.44533258478407,0.10821886679494241,2.6240945782904816,0.0,0.0,0.006333417886210668,0.026601004464282596
1053,71.01500956809362,160,4544,59,6,0,6,71.01500956809362,4352,0.07496533333333334,71.08997490142696,71.08997490142696,71.1182193458714,71.13708436305967,71.16286932399717,75.34478590928362,0.1478597559035535,4.329776341189998,0.0,0.0,0.0188650171882756,0.025784960937500045
1054,71.02399052325401,96,3200,2,4,0,4,71.02399052325401,3072,0.05315555555555555,71.07714607880956,71.07714607880956,71.09792385658734,71.1073764315183,71.13344418054174,73.61486479414852,0.10945365728773027,2.5908742708945027,0.0,0.0,0.009452574930961077,0.02606774902344
1055,71.09375765745911,128,3008,18,0,0,0,71.09375765745911,2816,0.07035733333333334,71.16411499079244,71.16411499079244,71.18382610190355,71.20796774782052,71.23431898479969,74.56254676567767,0.1405613273405777,3.4687891082185587,0.0,0.0,0.02414164591696988,0.02635123697916697
1056,71.10461470735729,96,4096,69,1,0,0,71.10461470735729,0,1.1580657777777779,72.26268048513506,72.26268048513506,72.28843604069063,72.29644069163243,72.32289674631993,74.83929214020011,1.2182820389626414,3.7346774328428296,0.0,0.0,0.008004650941799696,0.02645605468750034
1057,71.49330224147893,96,2176,1,0,0,0,71.49330224147893,2048,0.050083555555555555,71.54338579703449,71.54338579703449,71.55847468592337,71.5769294991226,71.60324534733688,74.09006043755267,0.1099431058579512,2.5967581960737363,0.0,0.0,0.01845481319922726,0.026315848214281345
1058,71.65990142282513,128,4096,105,1,0,2,72.26268048513506,0,1.1580657777777779,73.42074626291284,73.42074626291284,73.4465018184684,73.46096901194491,73.48762070465324,76.83593659006989,1.8277192818281094,5.176035167244763,0.6027790623099349,0.0,0.014467193476505713,0.026651692708327346
1059,71.68779380362675,128,2240,70,6,0,6,71.68779380362675,256,0.5658311111111111,72.25362491473786,72.25362491473786,72.2690693591823,72.27815957464821,72.30444587022113,75.65613112412737,0.6166520665943835,3.9683373205006234,0.0,0.0,0.009090215465917595,0.026286295572916174
1060,71.70737307995456,96,704,148,2,0,2,71.70737307995456,512,0.06344533333333334,71.7708184132879,71.7708184132879,71.777729524399,71.8024540373424,71.82780087979032,74.2489004810273,0.12042779983575258,2.5415274010727416,0.0,0.0,0.024724512943393506,0.02534684244791663
1061,71.7279652151388,128,1472,29,1,0,1,73.42074626291284,1280,0.06574933333333334,73.48649559624617,73.48649559624617,73.49767337402395,73.51427288564282,73.54069207509595,76.88749762522615,1.8127268599571522,5.159532410087351,1.692781047774048,0.0,0.016599511618878182,0.02641918945312227
1062,71.88287280341922,96,1536,12,7,0,7,71.88287280341922,1280,0.0837191111111111,71.96659191453033,71.96659191453033,71.97812524786366,71.98663756525282,72.01295747085177,74.5394932293153,0.13008466743255553,2.6566204258960795,0.0,0.0,0.008512317389161694,0.02631990559895314
1063,71.88814030526504,96,4800,23,5,0,5,71.88814030526504,4608,0.07573333333333333,71.96387363859837,71.96387363859837,71.99354030526504,71.99562847883026,72.02202235903859,74.53156156104752,0.13388205377354723,2.643421255782485,0.0,0.0,0.0020881735652125144,0.026393880208331666
1064,71.96627879514578,96,4416,75,6,0,6,72.25362491473786,256,1.1768035555555554,73.4304284702934,73.4304284702934,73.45796180362674,73.46152627386695,73.48837100042945,75.99586427842424,1.5220922052836698,4.029585483278453,0.28734611959207257,0.0,0.003564470240206674,0.026844726562501364
1065,71.99512621291007,96,4416,43,5,0,5,71.99512621291007,256,1.1768035555555554,73.17192976846562,73.17192976846562,73.19946310179895,73.20700152570525,73.23346124250213,75.75090248599172,1.238335029592065,3.7557762730816506,0.0,0.0,0.007538423906296998,0.02645971679687875
1066,72.16591306763726,64,2880,22,5,0,5,73.17192976846562,2624,0.0877511111111111,73.25968087957673,73.25968087957673,73.27868087957674,73.28638214093962,73.31283233625213,74.98144252505422,1.146919268614866,2.8155294574169574,1.0060167008283543,0.0,0.007701261362882406,0.026450195312506253
1067,72.21884164346824,64,1344,37,0,0,0,72.21884164346824,256,0.3142542222222222,72.53309586569046,72.53309586569046,72.54356253235713,72.54819768178629,72.57425390388451,74.22103016411516,0.35541226041627283,2.002188520646925,0.0,0.0,0.004635149429162766,0.02605622209821945
1068,72.25666622680207,96,2176,1,0,0,0,72.53309586569046,2048,0.050083555555555555,72.58317942124602,72.58317942124602,72.5982683101349,72.60031061426398,72.6263684755921,75.11459567518287,0.3697022487900341,2.8579294483808013,0.2764296388883878,0.0,0.0020423041290769106,0.02605786132812682
1069,72.3180330665636,64,2304,158,2,0,2,72.3180330665636,256,0.5838008888888889,72.90183395545249,72.90183395545249,72.91763395545249,72.94257065518094,72.96816912523303,74.58347974535022,0.6501360586694318,2.265446678786617,0.0,0.0,0.0249366997284568,0.025598470052088373
1070,72.41470012729198,64,5248,7,6,0,6,73.4304284702934,5120,0.05929955555555556,73.48972802584896,73.48972802584896,73.52188358140452,73.5420619183982,73.56908718695288,75.23993649522112,1.1543870596609054,2.8252363679291363,1.0157283430014274,0.0,0.020178336993680546,0.027025268554680792
1071,72.64591857195923,128,1664,0,3,0,3,72.64591857195923,1536,0.04854755555555555,72.69446612751479,72.69446612751479,72.70671057195923,72.71360440015026,72.73944766186901,76.00645721125514,0.09352908990977937,3.3605386392959105,0.0,0.0,0.006893828191024909,0.025843261718748067
1072,72.67041155258704,160,4544,31,7,0,7,72.67041155258704,4352,0.07496533333333334,72.74537688592038,72.74537688592038,72.77362133036482,72.77914850275282,72.80581801772678,77.02829538821597,0.13540646513973797,4.357883835628925,0.0,0.0,0.0055271723879997126,0.026669514973960418
1073,72.68562087902981,96,2176,13,4,0,4,72.68562087902981,2048,0.050083555555555555,72.73570443458537,72.73570443458537,72.75079332347426,72.77622140222145,72.80247595951312,75.29285616784645,0.11685508048330462,2.6072352888166392,0.0,0.0,0.02542807874719699,0.026254557291665037
1074,72.78472263760578,64,2624,26,1,0,1,73.48649559624617,256,0.6736497777777778,74.16014537402395,74.16014537402395,74.17772315180173,74.17796836090325,74.20448337555169,75.86162343902824,1.4197607379459072,3.076900801422454,0.7017729586403902,0.0,0.0002452091015214819,0.02651501464843875
1075,72.82979922782773,64,1664,0,3,0,3,72.82979922782773,1536,0.04854755555555555,72.8783467833833,72.8783467833833,72.89059122782774,72.89451748608776,72.9203527725461,74.54110969451408,0.09055354471836097,1.7113104666863421,0.0,0.0,0.003926258260023019,0.025835286458331552
1076,72.83036443332122,64,2432,102,5,0,5,73.25968087957673,2240,0.06862933333333333,73.32831021291007,73.32831021291007,73.34482132402118,73.36573419172088,73.39214182518441,75.06088393130422,0.5617773918631883,2.2305194979829963,0.4293164462555126,0.0,0.020912867699692583,0.026407633463534808
1077,72.83649997156306,64,1792,41,4,0,4,72.83649997156306,1536,0.08448711111111111,72.92098708267417,72.92098708267417,72.93394263822972,72.96023426029436,72.98641362227352,74.62888351159644,0.14991365071045948,1.7923835400333843,0.0,0.0,0.026291622064633202,0.026179361979160376
1078,72.9310848384269,160,1216,129,2,0,2,72.9310848384269,256,0.27831466666666665,73.20939950509356,73.20939950509356,73.21915506064911,73.2241806812226,73.24978199958198,77.35598486416531,0.31869716115508595,4.42490002573841,0.0,0.0,0.005025620573491096,0.025601318359377956
1079,72.96294217971638,160,1472,16,3,0,3,72.96294217971638,1216,0.08352711111111111,73.04646929082749,73.04646929082749,73.05764706860526,73.07537474520234,73.10118346102266,77.19132257118818,0.13824128130627855,4.228380391471802,0.0,0.0,0.01772767659707597,0.025808715820318184
1080,73.2155224461783,128,512,11,6,0,7,73.48972802584896,0,0.15175822222222224,73.64148624807119,73.64148624807119,73.64733069251564,73.65016592230445,73.6768376996482,76.98291530381488,0.46131525346990543,3.7673928576365796,0.2742055796706637,0.0,0.002835229788814786,0.02667177734375059
1081,73.32222491637205,64,3200,6,5,0,5,73.32831021291007,3072,0.05315555555555555,73.38146576846562,73.38146576846562,73.4022435462434,73.4185499469292,73.44498054123724,75.11397865786672,0.1227556248651922,1.7917537414946736,0.006085296538017815,0.0,0.016306400685806466,0.026430594308038735
1082,73.32733432416471,128,256,66,3,0,,73.32733432416471,0,0.07987911111111111,73.40721343527582,73.40721343527582,73.41163565749804,73.43674120028047,73.46241864168671,76.72636534462568,0.13508431752200067,3.399031020460967,0.0,0.0,0.025105542782426937,0.02567744140624484
1083,73.41206704713035,160,4096,15,4,0,1,73.41206704713035,0,1.1580657777777779,74.57013282490813,74.57013282490813,74.59588838046369,74.60254936446103,74.62888351159644,78.84506845393274,1.216816464466092,5.43300140680239,0.0,0.0,0.006660983997335279,0.026334147135415265
1084,73.59277594886433,128,1280,129,2,0,2,73.59277594886433,1088,0.06517333333333333,73.65794928219766,73.65794928219766,73.66806039330878,73.68507911872261,73.7106922046601,76.98725371182157,0.11791625579577669,3.394477762957237,0.0,0.0,0.01701872541383409,0.02561308593749345
1085,73.61093912516823,96,1664,0,3,0,3,73.61093912516823,1536,0.04854755555555555,73.65948668072379,73.65948668072379,73.67173112516824,73.69332733309295,73.71899364168671,76.16074978472984,0.10805451651847875,2.549810659561615,0.0,0.0,0.021596207924716282,0.02566630859375607
1086,73.77480763018605,160,3200,6,5,0,5,73.77480763018605,3072,0.05315555555555555,73.8279631857416,73.8279631857416,73.84874096351938,73.86793645641582,73.89439080211895,78.10466211475001,0.11958317193290213,4.329854484563967,0.0,0.0,0.01919549289644351,0.026454345703129434
1087,73.88622775146997,64,2368,42,0,0,0,73.88622775146997,2176,0.06843733333333334,73.95466508480331,73.95466508480331,73.97082064035887,73.98534917453183,74.01152625786517,75.67726185356828,0.1252985063951968,1.7910341020983083,0.0,0.0,0.014528534172967511,0.026177083333337237
1088,73.95244694801711,160,1664,0,3,0,3,73.95244694801711,1536,0.04854755555555555,74.00099450357267,74.00099450357267,74.01323894801712,74.02702743074921,74.05272339429088,78.1480766727507,0.1002764462737673,4.1956297247335925,0.0,0.0,0.013788482732095986,0.025695963541664923
1089,73.97350650547469,64,256,0,6,0,3,73.97350650547469,0,0.07987911111111111,74.0533856165858,74.0533856165858,74.05780783880802,74.07697295355445,74.1033934450909,75.75965163193986,0.12988693961621323,1.786145126465172,0.0,0.0,0.019165114746428458,0.02642049153645587
1090,74.02894220480843,64,1152,73,7,0,,74.02894220480843,256,0.2603448888888889,74.28928709369733,74.28928709369733,74.29868709369732,74.30367096369031,74.32987148452364,75.99303355320853,0.30092927971520567,1.9640913484001032,0.0,0.0,0.004983869992983614,0.0262005208333278
1091,74.1814813937881,96,1536,16,3,0,3,74.1814813937881,1344,0.06594133333333334,74.24742272712143,74.24742272712143,74.25895606045476,74.28400903882212,74.30971690712569,76.75218634071943,0.12823551333758587,2.570704946931329,0.0,0.0,0.02505297836735565,0.02570786830357008
1092,74.24079350180814,160,2176,1,0,0,0,74.24079350180814,2048,0.050083555555555555,74.2908770573637,74.2908770573637,74.30596594625258,74.32632264458391,74.35259461724016,78.64259454981085,0.11180111543201576,4.40180104800271,0.0,0.0,0.020356698331326584,0.02627197265624659
1093,74.27377502207217,64,768,64,2,0,2,74.27377502207217,512,0.0814151111111111,74.35519013318329,74.35519013318329,74.36245679984995,74.37790357347522,74.40359888597523,76.02233570238145,0.12982386390305578,1.7485606803092821,0.0,0.0,0.015446773625271248,0.02569531250000523
1094,74.44830454735072,64,1536,29,1,0,1,74.44830454735072,1344,0.06594133333333334,74.51424588068404,74.51424588068404,74.52577921401738,74.54922299957512,74.57559048004387,76.22837946116366,0.12728593269315525,1.780074913812939,0.0,0.0,0.0234437855577454,0.026367480468749704
1095,74.5227241819791,160,1664,25,5,0,5,74.5227241819791,1472,0.06632533333333333,74.58904951531244,74.58904951531244,74.60129395975689,74.61096439307877,74.63733925356985,78.83313365880385,0.11461507159074813,4.310409476824745,0.0,0.0,0.009670433321886662,0.026374860491074514
1096,74.56266299734264,160,3200,2,4,0,4,74.57013282490813,3072,0.05315555555555555,74.62328838046368,74.62328838046368,74.64406615824146,74.65543233972144,74.68198605065895,78.89746230158899,0.11932305331630744,4.334799304246346,0.007469827565486753,0.0,0.011366181479985471,0.026553710937506025
1097,74.63951314128083,160,4288,151,5,0,5,74.63951314128083,256,1.140864,75.78037714128082,75.78037714128082,75.80719936350305,75.82954994692922,75.85605906151255,80.03051336723017,1.2165459202317237,5.391000225949341,0.0,0.0,0.022350583426174353,0.026509114583333826
1098,74.71767928738142,128,4096,4,7,0,6,74.71767928738142,0,1.1580657777777779,75.8757450651592,75.8757450651592,75.90150062071476,75.9134053386903,75.94002822280488,79.33700842997565,1.2223489354234687,4.619329142594239,0.0,0.0,0.011904717975539825,0.026622884114587464
1099,74.73915263866657,64,5248,3,0,0,0,74.73915263866657,5120,0.05929955555555556,74.79845219422212,74.79845219422212,74.83060774977768,74.84979464979224,74.87627255506568,76.57398646294328,0.13711991639911503,1.8348338242767142,0.0,0.0,0.019186900014560138,0.026477905273438296
1100,74.91157984435965,64,1344,85,7,0,7,75.8757450651592,1152,0.06536533333333333,75.94111039849253,75.94111039849253,75.9515770651592,75.96665159520072,75.99303355320853,77.66477669401954,1.0814537088488834,2.7531968496598864,0.9641652207995435,0.0,0.01507453004151671,0.02638195800781773
1101,74.93594223029156,96,1408,85,7,0,7,75.94111039849253,1216,0.06555733333333334,76.00666773182586,76.00666773182586,76.01748995404807,76.01967889826062,76.04608514826062,78.57773482971523,1.110142917969057,3.641792599423667,1.0051681682009672,0.0,0.0021889442125484493,0.026406249999993747
1102,75.03223619969688,96,2944,10,2,0,2,75.03223619969688,2752,0.07016533333333333,75.10240153303022,75.10240153303022,75.12175708858577,75.14562378831896,75.17140137620959,77.64761108486843,0.1391651765127051,2.6153748851715477,0.0,0.0,0.023866699733190444,0.025777587890630116
1103,75.1326618687561,128,5248,3,0,0,0,75.1326618687561,5120,0.05929955555555556,75.19196142431166,75.19196142431166,75.22411697986722,75.24763685356828,75.2744847539589,78.7230950380921,0.1418228852027994,3.590433169335995,0.0,0.0,0.02351987370106201,0.026847900390620794
1104,75.20963446509391,64,3200,6,5,0,5,75.78037714128082,3072,0.05315555555555555,75.83353269683637,75.83353269683637,75.85431047461415,75.85605906151255,75.882581888661,77.55398363710245,0.6729474235670807,2.3443491720085348,0.5707426761869101,0.0,0.0017485868984010722,0.026522827148440342
1105,75.57556929286291,64,2048,13,4,0,4,75.57556929286291,0,0.5830328888888889,76.1586021817518,76.1586021817518,76.17297995952958,76.1772980623777,76.20383777591937,77.86994395383974,0.6282684830564591,2.2943746609768283,0.0,0.0,0.004318102848117178,0.026539713541666288
1106,75.59176436857597,160,1664,0,3,0,3,75.59176436857597,1536,0.04854755555555555,75.64031192413152,75.64031192413152,75.65255636857597,75.67197199920157,75.6976987012105,79.80580924111008,0.10593433263453278,4.214044872534117,0.0,0.0,0.01941563062560192,0.025726702008924462
1107,75.82558202642124,96,5248,3,0,0,0,75.82558202642124,5120,0.05929955555555556,75.8848815819768,75.8848815819768,75.91703713753236,75.92098548638079,75.94818824516985,78.53582130762335,0.12260621874860078,2.7102392812021066,0.0,0.0,0.003948348848425098,0.02720275878905909
1108,75.90913622814816,160,1664,8,7,0,7,76.00666773182586,1536,0.04854755555555555,76.05521528738142,76.05521528738142,76.06745973182586,76.07249188654187,76.09878016779187,80.34544495341318,0.18964393964371595,4.436308725265022,0.09753150367770047,0.0,0.005032154716005266,0.02628828125000382
1109,75.94659733719791,160,1664,20,2,0,2,75.94659733719791,1472,0.06632533333333333,76.01292267053125,76.01292267053125,76.0251671149757,76.04825920498563,76.07415532314968,80.271294523996,0.1275579859517677,4.32469718679809,0.0,0.0,0.02309209000992496,0.025896118164055792
1110,75.9583364789844,64,3200,6,5,0,5,75.9583364789844,3072,0.05315555555555555,76.01149203453996,76.01149203453996,76.03226981231774,76.04172910545788,76.06826260155162,77.73835023866495,0.10992612256721657,1.7800137596805428,0.0,0.0,0.00945929314013938,0.026533496093748
1111,76.02751270100941,96,3200,6,5,0,5,76.02751270100941,3072,0.05315555555555555,76.08066825656496,76.08066825656496,76.10144603434274,76.12133105858288,76.14787060936413,78.65140624181166,0.12035790835471971,2.623893540802243,0.0,0.0,0.01988502424013916,0.026539550781251364
1112,76.0451454662935,64,4864,23,5,0,5,76.08066825656496,4672,0.07592533333333334,76.15659358989829,76.15659358989829,76.18661581212052,76.20095117577038,76.22761133202039,77.8958224880139,0.18246586572688273,1.8506770217204007,0.03552279027145744,0.0,0.014335363649863098,0.026660156250002842
1113,76.0479005473703,128,1664,0,3,0,3,76.0479005473703,1536,0.04854755555555555,76.09644810292586,76.09644810292586,76.10869254737031,76.1092977060468,76.1350235012477,79.41732095986008,0.08712295387739744,3.3694204124897738,0.0,0.0,0.0006051586764925787,0.02572579520089846
1114,76.09095952586735,128,5248,11,7,0,7,76.09095952586735,5120,0.05929955555555556,76.1502590814229,76.1502590814229,76.18241463697846,76.20393817560436,76.23044086115124,79.633248013309,0.1394813352838895,3.5422884874416525,0.0,0.0,0.02152353862589962,0.026502685546873295
1115,76.13263887413677,160,1408,109,5,0,5,76.15659358989829,256,0.332224,76.48881758989829,76.48881758989829,76.4996398121205,76.52090527733289,76.54744897850476,80.70438104301141,0.41481010436798726,4.571742168874636,0.023954715761519196,0.0,0.021265465212380263,0.026543701171874545
1116,76.23131704944363,64,1856,41,4,0,4,76.23131704944363,1664,0.06690133333333334,76.29821838277697,76.29821838277697,76.31152949388807,76.33654366784644,76.36292721276831,78.02803529731072,0.13161016332468023,1.7967182478670907,0.0,0.0,0.025014173958368247,0.02638354492187034
1117,76.25038905570042,64,4544,91,7,0,7,76.25038905570042,4352,0.07496533333333334,76.32535438903376,76.32535438903376,76.3535988334782,76.36296161310436,76.38956910473382,78.06799272359544,0.1391800490333992,1.817603667895014,0.0,0.0,0.009362779626158613,0.026607491629462743
1118,76.31885118114772,160,4544,27,2,0,2,76.31885118114772,4352,0.07496533333333334,76.39381651448106,76.39381651448106,76.4220609589255,76.43675224697782,76.46291875088407,80.66741317633975,0.14406756973635026,4.3485619951920285,0.0,0.0,0.014691288052318896,0.026166503906253524
1119,76.3864568178259,64,4416,155,7,0,7,76.3864568178259,256,1.1768035555555554,77.56326037338145,77.56326037338145,77.59079370671479,77.61155857180972,77.63816738877401,79.33700842997565,1.2517105709481058,2.950551612149752,0.0,0.0,0.02076486509493236,0.026608816964284188
1120,76.40715373015843,64,3008,10,2,0,2,76.40715373015843,2816,0.07035733333333334,76.47751106349176,76.47751106349176,76.49722217460287,76.51525322354031,76.54147132249865,78.20472631924342,0.13431759234022422,1.797572589084993,0.0,0.0,0.018031048937444893,0.026218098958338487
1121,76.45725947501904,64,5248,3,0,0,0,76.45725947501904,5120,0.05929955555555556,76.5165590305746,76.5165590305746,76.54871458613016,76.57398646294328,76.60119312798234,78.32071340909283,0.1439336529632982,1.8634539340737888,0.0,0.0,0.025271876813121708,0.027206665039059885
1122,76.49255795130408,64,704,124,6,0,,76.49255795130408,256,0.13455644444444445,76.62711439574852,76.62711439574852,76.63402550685963,76.65365285264299,76.67897780381487,78.28305299912738,0.18641985251079518,1.790495047823299,0.0,0.0,0.01962734578336267,0.02532495117188205
1123,76.52860296055924,64,5248,3,0,0,0,76.52860296055924,5120,0.05929955555555556,76.5879025161148,76.5879025161148,76.62005807167036,76.62840028130266,76.65567889458391,78.3747592959046,0.1270759340246741,1.8461563353453556,0.0,0.0,0.008342209632303366,0.027278613281254138
1124,76.6172977900622,160,3200,2,4,0,4,76.6172977900622,3072,0.05315555555555555,76.67045334561774,76.67045334561774,76.69123112339553,76.70595773034644,76.73238253503393,80.92030959046546,0.11508474497173893,4.303011800403269,0.0,0.0,0.014726606950915766,0.026424804687493975
1125,76.69943966961985,64,3200,2,4,0,4,76.69943966961985,3072,0.05315555555555555,76.7525952251754,76.7525952251754,76.77337300295318,76.78523360925269,76.81168258386207,78.47630950210983,0.11224291424221633,1.7768698324899788,0.0,0.0,0.011860606299507026,0.026448974609380116
1126,76.84240724978565,96,2304,150,5,0,5,76.84240724978565,2112,0.06824533333333334,76.91065258311899,76.91065258311899,76.92645258311899,76.94566308983289,76.97216721309678,79.45703094535519,0.12975996331113038,2.6146236955695343,0.0,0.0,0.019210506713903897,0.026504123263890733
1127,77.05954721277836,64,1344,101,6,0,6,77.05954721277836,1152,0.06536533333333333,77.12491254611169,77.12491254611169,77.13537921277836,77.16037624131488,77.18588112412738,78.79670046006487,0.12633391134902183,1.737153247286514,0.0,0.0,0.024997028536517973,0.02550488281249841
1128,77.07338125105048,64,2048,16,1,0,3,77.07338125105048,0,0.5830328888888889,77.65641413993937,77.65641413993937,77.67079191771715,77.67079191771715,77.69679191771715,79.33212979206613,0.6234106666666719,2.258748541015649,0.0,0.0,0.0,0.02599999999999625
1129,77.10541721481135,128,1728,25,5,0,5,77.10541721481135,1536,0.06651733333333333,77.17193454814469,77.17193454814469,77.1845345481447,77.21072629512803,77.23716877559677,80.54895428519892,0.1317515607854176,3.4435370703875634,0.0,0.0,0.026191746983329267,0.02644248046874509
1130,77.13898564984657,96,960,36,5,0,5,77.17193454814469,256,0.20643555555555557,77.37837010370025,77.37837010370025,77.38670343703359,77.39583391231552,77.42219097907689,79.89986720837601,0.28320532923031294,2.7608815585294337,0.03294889829811609,0.0,0.009130475281935446,0.026357066761363512
1131,77.19862580198668,160,2304,138,4,0,4,77.19862580198668,256,0.5838008888888889,77.78242669087557,77.78242669087557,77.79822669087557,77.81710543542457,77.84352445049153,82.03053957093422,0.6448986485048493,4.831913768947544,0.0,0.0,0.018878744548999293,0.026419015066963425
1132,77.3218115931749,64,1664,0,3,0,3,77.3218115931749,1536,0.04854755555555555,77.37035914873046,77.37035914873046,77.3826035931749,77.39812790972985,77.42397068316735,79.05455274696946,0.10215908999245471,1.7327411537945636,0.0,0.0,0.015524316554945017,0.025842773437503297
1133,77.3260575794092,128,2176,13,4,0,4,77.78242669087557,2048,0.050083555555555555,77.83251024643113,77.83251024643113,77.84759913532001,77.86994395383974,77.89636840975491,81.23704103577796,0.5703108303457185,3.9109834563687684,0.4563691114663726,0.0,0.022344818519727028,0.02642445591517628
1134,77.51271963177825,64,2240,66,1,0,,77.65641413993937,256,0.5658311111111111,78.22224525105048,78.22224525105048,78.23768969549492,78.2429047106859,78.26895695677966,79.901167633863,0.7562373250014076,2.3884480020847434,0.1436945081611185,0.0,0.005215015190984218,0.026052246093755116
1135,77.55981889260806,64,5248,11,7,0,7,77.56326037338145,5120,0.05929955555555556,77.62255992893701,77.62255992893701,77.65471548449257,77.66477669401954,77.69165434468918,79.39133704325691,0.1318354520811198,1.8315181506488472,0.0034414807733895714,0.0,0.010061209526966763,0.02687765066964687
1136,77.68150211465029,64,1024,44,5,0,5,77.68150211465029,832,0.06440533333333334,77.74590744798363,77.74590744798363,77.75459633687251,77.76466208762328,77.7908931911389,79.43096035383734,0.10939107648862034,1.7494582391870495,0.0,0.0,0.010065750750769098,0.026231103515627296
1137,77.71667057521545,96,1664,0,3,0,3,77.71667057521545,1536,0.04854755555555555,77.765218130771,77.765218130771,77.77746257521545,77.78582078082361,77.8116633589486,80.27219644814133,0.09499278373316145,2.555525872925884,0.0,0.0,0.008358205608161029,0.02584257812499402
1138,77.76793123993237,64,1024,76,4,0,4,77.83251024643113,832,0.06440533333333334,77.89691557976447,77.89691557976447,77.90560446865335,77.92279335395135,77.94910310736931,79.60198036799524,0.18117186743694447,1.8340491280628726,0.0645790064987608,0.0,0.017188885297997558,0.026309753417962156
1139,77.79849510658286,96,2240,126,3,0,3,77.79849510658286,2048,0.06805333333333334,77.8665484399162,77.8665484399162,77.88199288436064,77.88919402301111,77.91508009071944,80.37593375282883,0.1165849841365798,2.577438646245966,0.0,0.0,0.0072011386504726715,0.025886067708327687
1140,78.03383736563545,96,5248,3,0,0,0,78.03383736563545,5120,0.05929955555555556,78.093136921191,78.093136921191,78.12529247674657,78.12944910942765,78.15679741671931,80.6731886735785,0.1229600510838651,2.639351307943045,0.0,0.0,0.004156632681088013,0.02734830729166049
1141,78.19929453676191,160,1856,17,1,0,1,78.22224525105048,1664,0.06690133333333334,78.28914658438381,78.28914658438381,78.30245769549492,78.3210629138109,78.34706747110258,82.45920523151925,0.14777293434066507,4.2599106947573375,0.02295071428856943,0.0,0.018605218315983052,0.02600455729167095
1142,78.22359498342303,160,2176,1,0,0,0,78.22359498342303,2048,0.050083555555555555,78.27367853897859,78.27367853897859,78.28876742786747,78.2935462773964,78.32071340909283,82.52172931717968,0.09711842566980522,4.29813433375665,0.0,0.0,0.004778849528932483,0.027167131696430147
1143,78.24716841085548,128,2176,1,0,0,0,78.27367853897859,2048,0.050083555555555555,78.32376209453415,78.32376209453415,78.33885098342303,78.34781000740013,78.3747592959046,81.72471808671092,0.1275908850491163,3.4775496758554425,0.026510128123106824,0.0,0.008959023977098468,0.026949288504468427
1144,78.26241808834058,160,1792,25,5,0,5,78.26241808834058,1600,0.06670933333333334,78.32912742167392,78.32912742167392,78.34208297722947,78.3650887504922,78.39111517193318,82.53504029942881,0.12869708359259846,4.272622211088233,0.0,0.0,0.02300577326273867,0.026026421440974445
1145,78.34479832790008,128,4096,147,2,0,1,78.34479832790008,0,1.1580657777777779,79.50286410567786,79.50286410567786,79.52861966123342,79.5329245614309,79.55964217210798,82.89858032314962,1.2148438442079055,4.553781995249537,0.0,0.0,0.004304900197482198,0.026717610677081893
1146,78.37060959056917,128,2304,94,5,0,5,78.37060959056917,256,0.5838008888888889,78.95441047945806,78.95441047945806,78.97021047945806,78.98898110579046,79.01497597883733,82.32396133737524,0.6443663882681534,3.9533517468060637,0.0,0.0,0.018770626332397455,0.025994873046869316
1147,78.51141012918363,128,1600,29,1,0,1,78.51141012918363,1408,0.06613333333333334,78.57754346251697,78.57754346251697,78.58943235140586,78.60713989948799,78.63309265827705,81.91396499714425,0.12168252909341959,3.4025548679606175,0.0,0.0,0.01770754808212871,0.025952758789060226
1148,78.56355311850768,128,1216,28,1,0,1,78.57754346251697,1024,0.06498133333333334,78.6425247958503,78.6425247958503,78.65228035140586,78.65904590534737,78.68492764362863,81.96559487995675,0.12137452512094171,3.4020417614490697,0.01399034400928656,0.0,0.0067655539415056865,0.025881738281256617
1149,78.70687022328417,96,2176,1,0,0,0,78.70687022328417,2048,0.050083555555555555,78.75695377883973,78.75695377883973,78.77204266772861,78.77623745345669,78.80268203353481,81.30228091223177,0.09581181025063756,2.595410688947595,0.0,0.0,0.004194785728074635,0.02644458007812034
1150,78.70702876256763,96,5248,11,7,0,7,78.70702876256763,5120,0.05929955555555556,78.76632831812319,78.76632831812319,78.79848387367875,78.82123141174648,78.8483731760694,81.37869739481943,0.14134441350176985,2.6716686322517944,0.0,0.0,0.02274753806773333,0.027141764322919926
1151,78.75839410150763,128,4416,39,4,0,4,78.75839410150763,256,1.1768035555555554,79.93519765706318,79.93519765706318,79.96273099039652,79.97008079117232,79.9965922657817,83.35689730205401,1.238198164274067,4.598503200546375,0.0,0.0,0.0073498007757990536,0.026511474609378638
1152,78.77948775456804,160,1088,76,4,0,4,79.93519765706318,896,0.06459733333333334,79.99979499039652,79.99979499039652,80.00883943484097,80.02310422867232,80.04942043960982,84.25332938213212,1.2699326850417805,5.473841627564084,1.155709902495147,0.0,0.014264793831358702,0.02631621093749459
1153,79.1352048496271,160,1664,0,3,0,3,79.1352048496271,1536,0.04854755555555555,79.18375240518266,79.18375240518266,79.19599684962711,79.21010523720383,79.23600943642258,83.33363528242448,0.10080458679547633,4.19843043279738,0.0,0.0,0.0141083875767265,0.02590419921874343
1154,79.1615980271186,160,1472,33,7,0,7,79.1615980271186,256,0.35019377777777777,79.51179180489638,79.51179180489638,79.52296958267415,79.52645260315275,79.55315072326994,83.74596856684943,0.3915526961513365,4.584370539730827,0.0,0.0,0.0034830204785976093,0.02669812011718875
1155,79.17144467575618,160,1664,20,2,0,2,79.50286410567786,1536,0.04854755555555555,79.55141166123342,79.55141166123342,79.56365610567786,79.58636027106631,79.612852336496,83.78611279385275,0.4414076607398272,4.614668118096574,0.33141942992168083,0.0,0.022704165388446995,0.026492065429692957
1156,79.23083550070469,160,768,144,0,0,0,79.23083550070469,256,0.15252622222222223,79.3833617229269,79.3833617229269,79.39062838959357,79.41104214095668,79.43728218001918,83.63055752355989,0.2064466793144959,4.399722022855201,0.0,0.0,0.02041375136310819,0.026240039062500387
1157,79.23527667043024,128,3200,2,4,0,4,79.99979499039652,3072,0.05315555555555555,80.05295054595207,80.05295054595207,80.07372832372985,80.07573713882857,80.10209521174524,83.4625224973665,0.8668185413149985,4.227245826936269,0.7645183199662853,0.0,0.0020088150987191966,0.02635807291666481
1158,79.26729310651639,160,2304,86,7,0,7,79.51179180489638,256,0.5838008888888889,80.09559269378526,80.09559269378526,80.11139269378526,80.13477503153817,80.16110706278818,84.35002884923875,0.8938139562717851,5.082735742722363,0.24449869837998506,0.0,0.023382337752906324,0.02633203125000705
1159,79.28618611497917,64,768,156,2,0,2,79.55141166123342,256,0.15252622222222223,79.70393788345564,79.70393788345564,79.7112045501223,79.71882548102725,79.745096086496,81.40096722093608,0.45890997151683166,2.114781105956908,0.26522554625424277,0.0,0.007620930904948864,0.026270605468752706
1160,79.30250128268345,64,1664,0,3,0,3,79.30250128268345,1536,0.04854755555555555,79.35104883823901,79.35104883823901,79.36329328268346,79.36553775673508,79.39142911415695,81.01652091103196,0.08892783147349803,1.7140196283485096,0.0,0.0,0.002244474051622092,0.025891357421869543
1161,79.34259528770633,160,3200,2,4,0,4,80.05295054595207,3072,0.05315555555555555,80.10610610150762,80.10610610150762,80.1268838792854,80.12845377294315,80.15484188678244,84.35844412822587,0.8122465990761043,5.0158488405195385,0.7103552582457411,0.0,0.0015698936577450695,0.026388113839288962
1162,79.34709539658829,160,1664,4,6,0,6,79.34709539658829,1536,0.04854755555555555,79.39564295214385,79.39564295214385,79.4078873965883,79.4078873965883,79.4336998965883,83.52844074945287,0.08660450000000708,4.181345352864582,0.0,0.0,0.0,0.025812500000000682
1163,79.4857641258053,160,1664,4,6,0,6,79.4857641258053,1536,0.04854755555555555,79.53431168136086,79.53431168136086,79.54655612580531,79.56276972080704,79.58858368565079,83.68308283929663,0.10281955984548574,4.1973187134913275,0.0,0.0,0.01621359500173014,0.025813964843749204
1164,79.51175253686168,64,2176,1,0,0,0,79.51175253686168,2048,0.050083555555555555,79.56183609241724,79.56183609241724,79.57692498130612,79.59473266830042,79.62094596582646,81.27604344478385,0.10919342896478668,1.7642909079221738,0.0,0.0,0.017807686994302685,0.0262132975260414
1165,79.61765671656174,160,1856,25,5,0,5,79.61765671656174,1664,0.06690133333333334,79.68455804989507,79.68455804989507,79.69786916100618,79.71759572400101,79.7436330426394,83.91034899083509,0.1259763260776623,4.2926922742733495,0.0,0.0,0.01972656299483333,0.02603731863838732
1166,79.64781361905833,128,2304,146,5,0,5,79.68455804989507,256,0.5838008888888889,80.26835893878396,80.26835893878396,80.28415893878396,80.28975994926142,80.31572023571975,83.64697415359551,0.6679066166614263,3.9991605345371823,0.036744430836748165,0.0,0.005601010477462864,0.025960286458328596
1167,79.65791605527696,96,3072,10,2,0,2,79.70393788345564,2880,0.07054933333333334,79.77448721678897,79.77448721678897,79.79455388345563,79.79763876227726,79.82394882087101,82.32136069424337,0.16603276559405344,2.6634446389664106,0.046021828178680835,0.0,0.0030848788216246703,0.026310058593750796
1168,79.77988597911056,96,1664,4,6,0,6,79.77988597911056,1536,0.04854755555555555,79.82843353466612,79.82843353466612,79.84067797911057,79.84675018955704,79.8725672468487,82.31958059320287,0.09268126773814345,2.539694614092312,0.0,0.0,0.006072210446475879,0.025817057291661172
1169,79.80746500726458,96,1088,44,5,0,5,80.26835893878396,896,0.06459733333333334,80.3329562721173,80.3329562721173,80.34200071656174,80.36764227348017,80.39354252459624,82.87920916336111,0.5860775173316597,3.0717441560965284,0.4608939315193794,0.0,0.025641556918429842,0.025900251116070194
1170,79.88981346441966,160,2176,1,0,0,0,79.88981346441966,2048,0.050083555555555555,79.93989701997522,79.93989701997522,79.9549859088641,79.96176326725875,79.98796088165606,84.19075360103385,0.09814741723640452,4.300940136614187,0.0,0.0,0.006777358394643329,0.026197614397318603
1171,79.95495416623316,96,5248,3,0,0,0,79.95495416623316,5120,0.05929955555555556,80.01425372178872,80.01425372178872,80.04640927734428,80.06655665453553,80.09292658861756,82.60178009842967,0.13797242238439367,2.6468259321965064,0.0,0.0,0.02014737719125037,0.026369934082026703
1172,80.11467790230961,64,4352,63,5,0,5,80.3329562721173,256,1.1588337777777777,81.49179004989507,81.49179004989507,81.51896782767285,81.5345201055114,81.56066585746453,83.22580008132987,1.4459879551549193,3.1111221790202563,0.21827836980769177,0.0,0.015552277838551731,0.02614575195312341
1173,80.3247473962056,128,256,17,3,0,1,80.3247473962056,0,0.07987911111111111,80.4046265073167,80.4046265073167,80.40904872953892,80.42760025673508,80.45319791298508,83.72135685113898,0.1284505167794805,3.396609454933383,0.0,0.0,0.01855152719615205,0.025597656249999545
1174,80.66940751748517,128,512,0,6,0,3,80.66940751748517,0,0.15175822222222224,80.8211657397074,80.8211657397074,80.82701018415185,80.82814162835912,80.8538308373435,84.1208690046612,0.18442331985832539,3.451461487176033,0.0,0.0,0.0011314442072745123,0.025689208984374545
1175,80.81798459319225,128,1216,77,2,0,2,80.81798459319225,256,0.27831466666666665,81.09629925985891,81.09629925985891,81.10605481541447,81.11271896247256,81.1387967945038,84.4729267586965,0.3208122013115542,3.654942165504252,0.0,0.0,0.006664147058089043,0.02607783203124825
1176,80.84121863237233,160,3200,2,4,0,4,80.84121863237233,3072,0.05315555555555555,80.89437418792788,80.89437418792788,80.91515196570566,80.92030959046546,80.94670119202796,85.14878646221024,0.10548255965562703,4.307567829837907,0.0,0.0,0.005157624759803525,0.026391601562494316
1177,80.877962274387,96,3072,14,7,0,7,80.877962274387,256,0.7994382222222223,81.67740049660922,81.67740049660922,81.69746716327589,81.71609119364754,81.74222905172046,84.24507431364847,0.8642667773334551,3.367112039261471,0.0,0.0,0.0186240303716545,0.026137858072914355
1178,80.92534887713535,128,1664,0,3,0,3,80.92534887713535,1536,0.04854755555555555,80.9738964326909,80.9738964326909,80.98614087713536,80.99086148720383,81.01652091103196,84.29242352865634,0.09117203389661199,3.367074651520994,0.0,0.0,0.004720610068474684,0.02565942382813091
1179,80.95433287543419,64,4608,27,2,0,2,81.09629925985891,4416,0.07515733333333334,81.17145659319225,81.17145659319225,81.20005659319224,81.21703322028505,81.24330804124858,82.89858032314962,0.2889751658143922,1.9442474477154263,0.14196638442471965,0.0,0.016976627092802232,0.026274820963536172
1180,80.96140999085505,64,4928,23,5,0,5,81.49179004989507,4736,0.07611733333333334,81.5679073832284,81.5679073832284,81.59828516100617,81.61295882621452,81.63928590489756,83.3054253254705,0.6778759140425166,2.344015334615449,0.5303800590400272,0.0,0.014673665208349007,0.026327078683038962
1181,81.06087723453449,160,5248,11,7,0,7,81.67740049660922,5120,0.05929955555555556,81.73670005216478,81.73670005216478,81.76885560772034,81.79450623271005,81.82100134989754,86.00445117822407,0.7601241153630554,4.943573943689586,0.6165232620747361,0.0,0.025650624989708604,0.02649511718749409
1182,81.06097248701042,64,1536,61,3,0,3,81.06097248701042,1344,0.06594133333333334,81.12691382034374,81.12691382034374,81.13844715367708,81.14451895790697,81.17015726357103,82.79190798010438,0.10918477656061043,1.7309354930939662,0.0,0.0,0.006071804229890176,0.025638305664060113
1183,81.09852643205484,160,1664,8,7,0,7,81.73670005216478,1536,0.04854755555555555,81.78524760772034,81.78524760772034,81.79749205216478,81.82100134989754,81.84736033427254,86.03044492822407,0.7488339022176973,4.9319184961692315,0.6381736201099386,0.0,0.023509297732758228,0.026358984374994066
1184,81.26766165751349,64,1664,0,3,0,3,81.26766165751349,1536,0.04854755555555555,81.31620921306904,81.31620921306904,81.32845365751349,81.34963907509447,81.37531534462572,82.99832669755232,0.10765368711223289,1.7306650400388293,0.0,0.0,0.02118541758098047,0.02567626953124602
1185,81.35009249360263,96,704,112,2,0,2,81.35009249360263,256,0.13455644444444445,81.48464893804707,81.48464893804707,81.49156004915818,81.50678069749858,81.53305014736837,84.0220947274465,0.18295765376574025,2.6720022338438696,0.0,0.0,0.015220648340402931,0.026269449869786854
1186,81.36410363651352,64,5248,3,0,0,0,81.36410363651352,5120,0.05929955555555556,81.42340319206907,81.42340319206907,81.45555874762464,81.45987026770051,81.48635285233593,83.15574248449738,0.12224921582240711,1.7916388479838616,0.0,0.0,0.004311520075873432,0.026482584635417084
1187,81.37262590412733,96,1664,0,3,0,3,81.37262590412733,1536,0.04854755555555555,81.42117345968289,81.42117345968289,81.43341790412734,81.45234708290697,81.47804768512052,83.92893888238898,0.10542178099318278,2.5563129782616443,0.0,0.0,0.018929178779629297,0.025700602213547086
1188,81.39397785253229,128,5248,15,1,0,1,81.39397785253229,256,1.4104106666666667,82.80438851919895,82.80438851919895,82.83654407475451,82.83654407475451,82.86410657475452,86.23381721928574,1.4701287222222277,4.839839366753452,0.0,0.0,0.0,0.027562500000001933
1189,81.44413410713481,128,768,108,1,0,1,82.80438851919895,256,0.15252622222222223,82.95691474142117,82.95691474142117,82.96418140808784,82.97436145756701,83.00083142827013,86.36538867110866,1.5566973211353172,4.9212545639738465,1.3602544120641369,0.0,0.010180049479174613,0.026469970703118406
1190,81.47605558362046,160,1664,4,6,0,6,81.47605558362046,1536,0.04854755555555555,81.52460313917602,81.52460313917602,81.53684758362047,81.54762405023412,81.57334885492162,85.6635980114739,0.0972932713011545,4.18754242785343,0.0,0.0,0.01077646661364895,0.02572480468749916
1191,81.52729946175648,128,1664,0,3,0,3,81.52729946175648,1536,0.04854755555555555,81.57584701731204,81.57584701731204,81.58809146175649,81.60655802040696,81.63227711917929,84.9162382695185,0.10497765742280762,3.388938807762017,0.0,0.0,0.01846655865047353,0.025719098772327698
1192,81.75317530251579,96,1664,0,3,0,3,81.75317530251579,1536,0.04854755555555555,81.80172285807134,81.80172285807134,81.81396730251579,81.83804748748287,81.86378210662349,84.31840186117587,0.11060680410770374,2.565226558660086,0.0,0.0,0.02408018496707598,0.025734619140621362
1193,81.91673950329339,160,2304,126,3,0,3,81.91673950329339,2112,0.06824533333333334,81.98498483662672,81.98498483662672,82.00078483662672,82.01820007537349,82.0439811083596,86.16482059373725,0.1272416050662173,4.248081090443861,0.0,0.0,0.017415238746764317,0.025781032986117225
1194,82.03987639268773,96,2560,54,1,0,1,82.95691474142117,256,0.65568,83.61259474142118,83.61259474142118,83.62981696364339,83.63625720952014,83.66266199467638,86.1808172890402,1.622785601988653,4.140940896352475,0.9170383487334419,0.0,0.006440245876746076,0.026404785156245225
1195,82.08779660827862,128,4096,5,1,0,4,83.61259474142118,0,1.1580657777777779,84.77066051919896,84.77066051919896,84.79641607475452,84.79852967045763,84.82509937260606,88.18317842322665,2.7373027643274384,6.095381814948027,1.5247981331425535,0.0,0.0021135957031077623,0.02656970214843568
1196,82.12071868973875,160,4096,95,1,0,6,84.77066051919896,0,1.1580657777777779,85.92872629697673,85.92872629697673,85.9544818525323,85.96805847905136,85.99473142827011,90.16299517011093,3.8740127385313627,8.04227648037218,2.6499418294602037,0.0,0.013576626519068213,0.02667294921874941
1197,82.12588615847935,96,1664,0,3,0,3,82.12588615847935,1536,0.04854755555555555,82.1744337140349,82.1744337140349,82.18667815847935,82.19867756018252,82.22446481604189,84.68206775473057,0.09857865756254114,2.5561815962512213,0.0,0.0,0.01199940170316438,0.02578725585937036
1198,82.17002595192263,96,3200,2,4,0,4,82.17002595192263,3072,0.05315555555555555,82.22318150747817,82.22318150747817,82.24395928525595,82.26913273499672,82.29565381247068,84.80700325908525,0.1256278605480503,2.636977307162624,0.0,0.0,0.02517344974076252,0.0265210774739586
1199,82.31803413679826,64,3200,6,5,0,5,82.31803413679826,3072,0.05315555555555555,82.37118969235381,82.37118969235381,82.39196747013159,82.40305997018774,82.42945505947345,84.09397480463717,0.11142092267519388,1.7759406678389098,0.0,0.0,0.011092500056150811,0.02639508928571388
1200,82.36222769957925,96,2688,26,1,0,1,85.92872629697673,2496,0.06939733333333334,85.99812363031006,85.99812363031006,86.0160569636434,86.02140486577011,86.04801855392115,88.54873877478914,3.685790854341903,6.186511075209893,3.5664985973974836,0.0,0.005347902126715098,0.026613688151044812
1201,82.42194238151615,128,4608,31,7,0,7,82.42194238151615,4416,0.07515733333333334,82.49709971484948,82.49709971484948,82.52569971484948,82.5328653147413,82.55938378804859,85.89950124332823,0.13744140653244585,3.477558861812085,0.0,0.0,0.007165599891820307,0.0265184733072914
1202,82.43525644601,96,1600,12,7,0,7,82.49709971484948,256,0.3861333333333334,82.88323304818282,82.88323304818282,82.8951219370717,82.90416837463712,82.93058738970409,85.42537078852912,0.4953309436940856,2.990114342519121,0.06184326883948188,0.0,0.009046437565416454,0.026419015066963425
1203,82.58560635835507,96,1472,45,6,0,6,82.58560635835507,256,0.35019377777777777,82.93580013613284,82.93580013613284,82.94697791391062,82.96246389398412,82.98818498773412,85.43214686285039,0.4025786293790503,2.846540504495323,0.0,0.0,0.015485980073506767,0.02572109374999343
1204,82.68538963562095,96,1984,17,1,0,1,85.99812363031006,1728,0.0850631111111111,86.08318674142117,86.08318674142117,86.0972089636434,86.10124739506699,86.12777020477681,88.62697721879955,3.4423805691558584,5.9415875831786025,3.3127339946891112,0.0,0.004038431423595057,0.026522809709817352
1205,82.74668058400627,96,2240,74,6,0,,82.93580013613284,256,0.5658311111111111,83.50163124724395,83.50163124724395,83.51707569168839,83.52844074945287,83.55421321039037,85.99809436099027,0.8075326263841021,3.251413776983995,0.18911955212657006,0.0,0.011365057764479047,0.025772460937503183
1206,82.76406976273431,128,1472,21,6,0,6,83.50163124724395,256,0.35019377777777777,83.85182502502172,83.85182502502172,83.8630028027995,83.86331916742162,83.88906291742163,87.15678186099026,1.124993154687317,4.392712098255956,0.7375614845096408,0.0,0.00031636462212247807,0.02574375000000373
1207,82.77362268388104,128,2432,42,0,0,0,82.77362268388104,2240,0.06862933333333333,82.84225201721438,82.84225201721438,82.85876312832549,82.86556509191925,82.89189785559113,86.27478512772656,0.1182751717100814,3.501162443845516,0.0,0.0,0.006801963593758842,0.026332763671874204
1208,82.80960175844808,128,3136,10,2,0,2,82.80960175844808,2944,0.07074133333333334,82.88034309178141,82.88034309178141,82.90076531400364,82.92420385830587,82.950054688384,86.32008825771993,0.1404529299359183,3.510486499271849,0.0,0.0,0.023438544302237574,0.025850830078127274
1209,82.83696055415713,128,4672,27,2,0,2,82.88034309178141,4480,0.07534933333333334,82.95569242511475,82.95569242511475,82.9846479806703,83.001757813384,83.0278958993215,86.39975056240743,0.1909353451643767,3.5627900082503032,0.043382537624282236,0.0,0.017109832713700257,0.026138085937503774
1210,82.88577042172506,128,1664,0,3,0,3,82.88577042172506,1536,0.04854755555555555,82.93431797728061,82.93431797728061,82.94656242172506,82.9467177131773,82.97252196122419,86.267663855456,0.08675153949913295,3.381893433730937,0.0,0.0,0.00015529145224491003,0.02580424804688164
1211,82.99504571516105,128,5248,3,0,0,0,82.99504571516105,5120,0.05929955555555556,83.05434527071661,83.05434527071661,83.08650082627217,83.10257754309113,83.12915976965363,86.51600475663281,0.13411405449257074,3.5209590414717553,0.0,0.0,0.016076716818957948,0.026582226562496203
1212,83.00219397531745,64,1664,0,3,0,3,83.00219397531745,1536,0.04854755555555555,83.05074153087301,83.05074153087301,83.06298597531746,83.07573099442732,83.10153441239606,84.73406224412788,0.09934043707860951,1.7318682688104303,0.0,0.0,0.01274501910985748,0.025803417968745634
1213,83.01701151731649,128,512,63,7,0,5,83.01701151731649,0,0.15175822222222224,83.16876973953872,83.16876973953872,83.17461418398317,83.19480439584248,83.2210819837331,86.55112554345845,0.20407046641660997,3.534114026141964,0.0,0.0,0.020190211859315355,0.026277587890618292
1214,83.08074936675577,128,512,1,3,0,0,83.08074936675577,0,0.15175822222222224,83.232507588978,83.232507588978,83.23835203342244,83.25636517411482,83.28212138860346,86.57670926561224,0.2013720218476891,3.4959598988564693,0.0,0.0,0.018013140692374918,0.025756214488637852
1215,83.19966346047491,128,2304,66,1,0,1,86.08318674142117,2112,0.06824533333333334,86.15143207475451,86.15143207475451,86.16723207475451,86.1808172890402,86.20731701002235,89.53728618573594,3.0076535495474417,6.337622725261028,2.883523280946264,0.0,0.013585214285697589,0.02649972098214448
1216,83.25274427652795,64,2432,30,1,0,1,86.15143207475451,256,0.6197404444444444,86.77117251919896,86.77117251919896,86.78768363031007,86.78930976485866,86.81575703048365,88.47042061072665,3.5630127539557037,5.2176763341987,2.898687798226561,0.0,0.001626134548587288,0.026447265624994998
1217,83.29166022786626,96,4352,83,3,0,3,83.29166022786626,4160,0.07438933333333334,83.36604956119959,83.36604956119959,83.39322733897737,83.4108699015651,83.43674112848272,85.90676727342475,0.14508090061646328,2.6151070455584886,0.0,0.0,0.017642562587738553,0.025871226917615786
1218,83.30390762766649,64,1536,33,7,0,7,83.30390762766649,1344,0.06594133333333334,83.36984896099982,83.36984896099982,83.38138229433315,83.40503877084248,83.43126121007859,85.08422155757209,0.12735358241209838,1.7803139299056028,0.0,0.0,0.02365647650933056,0.026222439236107675
1219,83.32012866669663,160,2176,1,0,0,0,83.32012866669663,2048,0.050083555555555555,83.37021222225219,83.37021222225219,83.38530111114108,83.39273516027863,83.41901562902864,87.64915439855989,0.09888696233200278,4.329025731863254,0.0,0.0,0.007434049137557963,0.026280468750002228
1220,83.32579856920758,128,5248,3,0,0,0,83.37021222225219,5120,0.05929955555555556,83.42951177780775,83.42951177780775,83.46166733336331,83.47157803137239,83.49807339270052,86.88816515702344,0.1722748234929412,3.562366587815859,0.04441365304461442,0.0,0.00991069800907951,0.026495361328130684
1221,83.36484034939409,128,2944,22,5,0,5,83.36484034939409,2752,0.07016533333333333,83.43500568272742,83.43500568272742,83.45436123828297,83.46289944656425,83.48919436843926,86.83447443842623,0.12435401904517107,3.469634089032141,0.0,0.0,0.008538208281279935,0.026294921875006594
1222,83.45739031519771,64,1664,4,6,0,6,83.85182502502172,1536,0.04854755555555555,83.90037258057728,83.90037258057728,83.91261702502173,83.91480715570287,83.94056317783829,85.56076956095306,0.483172862640572,2.103379245755349,0.3944347098240115,0.0,0.002190130681142932,0.025756022135411172
1223,83.57483226497375,160,1344,81,5,0,5,83.57483226497375,256,0.3142542222222222,83.88908648719597,83.88908648719597,83.89955315386264,83.91034899083509,83.93657978510592,88.12937790057279,0.3617475201321696,4.554545635599041,0.0,0.0,0.01079583697244857,0.026230794270830415
1224,83.63009777489908,64,960,132,6,0,6,83.90037258057728,256,0.20643555555555557,84.10680813613284,84.10680813613284,84.11514146946618,84.1208690046612,84.14665497471329,85.76628576724028,0.5165571998142013,2.136187992341192,0.2702748056781985,0.0,0.005727535195021005,0.02578597005208394
1225,83.74808931454395,64,1344,57,1,0,1,86.77117251919896,256,0.3142542222222222,87.08542674142117,87.08542674142117,87.09589340808785,87.10670917892115,87.13304846463544,88.78351591508861,3.3849591500914897,5.0354266005446675,3.023083204655009,0.0,0.010815770833303873,0.02633928571428612
1226,83.8353517459799,96,256,10,6,0,2,84.10680813613284,0,0.07987911111111111,84.18668724724395,84.18668724724395,84.19110946946617,84.1982283796612,84.22392118100049,86.66600109927151,0.3885694350205853,2.830649353291605,0.27145639015293455,0.0,0.007118910195032413,0.025692801339289417
1227,83.90403398379276,64,1664,8,7,0,7,83.90403398379276,1536,0.04854755555555555,83.95258153934832,83.95258153934832,83.96482598379276,83.98253112788458,84.00876555713806,85.66213620426572,0.1047315733453047,1.7581022204729635,0.0,0.0,0.017705144091820557,0.026234429253477742
1228,83.9154404362184,64,2176,1,0,0,0,83.9154404362184,2048,0.050083555555555555,83.96552399177396,83.96552399177396,83.98061288066285,84.00450449621614,84.03111004634636,85.7134719441328,0.11566961012795218,1.798031507914402,0.0,0.0,0.02389161555329622,0.026605550130213373
1229,83.91598303615442,128,3200,10,2,0,2,83.91598303615442,3008,0.07093333333333333,83.98691636948774,83.98691636948774,84.00769414726552,84.0220947274465,84.0486103524465,87.42807087490743,0.13262731629208702,3.5120878387530183,0.0,0.0,0.014400580180975453,0.02651562500000182
1230,83.9715250907497,96,4352,103,2,0,2,83.98691636948774,256,1.1588337777777777,85.14575014726552,85.14575014726552,85.1729279250433,85.19705322354025,85.22395422451682,87.74267992438661,1.252429133767123,3.7711548336369134,0.015391278738050573,0.0,0.024125298496954883,0.026901000976565115
1231,83.9756839966878,64,3136,14,7,0,7,83.9756839966878,2944,0.07074133333333334,84.04642533002114,84.04642533002114,84.06684755224336,84.08747177458598,84.11373764372661,85.76768861311989,0.1380536470388023,1.7920046164320809,0.0,0.0,0.020624222342618737,0.026265869140630116
1232,84.02701858423073,64,5248,15,1,0,1,87.08542674142117,5120,0.05929955555555556,87.14472629697673,87.14472629697673,87.17688185253229,87.18572850090776,87.21222197014603,88.86196499432968,3.185203385915301,4.834946410098951,3.058408157190442,0.0,0.008846648375467225,0.026493469238275225
1233,84.09301624693622,128,512,36,4,0,5,84.09301624693622,0,0.15175822222222224,84.24477446915844,84.24477446915844,84.25061891360289,84.25332938213212,84.27960733623368,87.60645487738883,0.18659108929746537,3.5134386304526117,0.0,0.0,0.00271046852923007,0.026277954101558976
1234,84.11990208838775,160,3200,6,5,0,5,84.11990208838775,3072,0.05315555555555555,84.1730576439433,84.1730576439433,84.19383542172108,84.19819550776216,84.22442060541842,88.42088535499988,0.1045185170306695,4.3009832666121355,0.0,0.0,0.004360086041089062,0.02622509765625125
1235,84.23895706273623,128,1664,0,3,0,3,84.23895706273623,1536,0.04854755555555555,84.28750461829179,84.28750461829179,84.29974906273624,84.31840186117587,84.34437482260165,87.6545341354039,0.10541775986541779,3.4155770726676735,0.0,0.0,0.01865279843963208,0.025972961425779317
1236,84.29731412157979,128,4480,39,4,0,4,84.29731412157979,4288,0.07477333333333333,84.37208745491313,84.37208745491313,84.39997634380202,84.41076395244463,84.43718131084306,87.76430693688938,0.13986718926327057,3.4669928153095952,0.0,0.0,0.010787608642601754,0.026417358398433066
1237,84.3333751246006,128,4288,99,5,0,5,84.3333751246006,256,1.140864,85.47423912460059,85.47423912460059,85.50106134682281,85.51004853510591,85.53650910639497,88.90128205910143,1.2031339817943802,4.56790693450084,0.0,0.0,0.008987188283100522,0.026460571289064205
1238,84.44655296716486,64,1280,121,7,0,7,84.44655296716486,256,0.29628444444444446,84.7428374116093,84.7428374116093,84.75294852272042,84.76999857580125,84.79618113873528,86.44665498681782,0.3496281715704157,2.0001020196529566,0.0,0.0,0.017050053080836847,0.0261825629340251
1239,84.50175446711509,96,2048,4,2,0,6,85.14575014726552,0,0.5830328888888889,85.72878303615441,85.72878303615441,85.74316081393219,85.76207678311056,85.78880578701681,88.28230199469911,1.287051319901721,3.7805475275840195,0.6439956801504252,0.0,0.0189159691783658,0.026729003906254434
1240,84.70151227928551,128,2176,13,4,0,4,84.70151227928551,2048,0.050083555555555555,84.75159583484107,84.75159583484107,84.76668472372995,84.7806514036165,84.80700325908525,88.13091484704563,0.10549097979973965,3.429402567760121,0.0,0.0,0.013966679886550537,0.02635185546874652
1241,84.96941392623832,96,3008,22,5,0,5,85.47423912460059,2816,0.07035733333333334,85.54459645793392,85.54459645793392,85.56430756904503,85.58943171381685,85.6158950927231,88.12937790057279,0.6464811664847758,3.159963974334474,0.5048251983622691,0.0,0.0251241447718229,0.02646337890624295
1242,85.1152976778373,96,1664,4,6,0,6,85.1152976778373,1536,0.04854755555555555,85.16384523339286,85.16384523339286,85.17608967783731,85.2006094482996,85.22633387456914,87.68062061424548,0.11103619673183118,2.5653229364081795,0.0,0.0,0.024519770462291035,0.02572442626953375
1243,85.23613313456414,128,1344,129,2,0,2,85.72878303615441,1152,0.06536533333333333,85.79414836948774,85.79414836948774,85.80461503615442,85.81553527920431,85.84208630459494,89.15602855719911,0.6059531700308014,3.9198954226349656,0.4926499015902692,0.0,0.010920243049895362,0.026551025390631366
1244,85.26002114486928,160,2176,13,4,0,4,85.26002114486928,2048,0.050083555555555555,85.31010470042484,85.31010470042484,85.32519358931373,85.33204997132482,85.35820243714514,89.51735010560219,0.0981812922758536,4.257328960732906,0.0,0.0,0.006856382011093842,0.02615246582031716
1245,85.32901354355981,96,3200,6,5,0,5,85.54459645793392,3072,0.05315555555555555,85.59775201348947,85.59775201348947,85.61852979126725,85.6423589599106,85.66883967280123,88.18239238624987,0.3398261292414162,2.853378842690063,0.21558291437411015,0.0,0.02382916864334561,0.026480712890631253
1246,85.40202553372228,128,2048,0,4,0,3,85.40202553372228,0,0.5830328888888889,85.98505842261117,85.98505842261117,85.99943620038896,86.01217277405921,86.03830490296546,89.36008125794594,0.6362793692431836,3.958055724223655,0.0,0.0,0.012736573670252938,0.026132128906255048
1247,85.55251920221983,64,2176,13,4,0,4,85.98505842261117,2048,0.050083555555555555,86.03514197816673,86.03514197816673,86.05023086705562,86.06443752015296,86.0905588580436,87.73797190619742,0.5380396558237663,2.185452703977589,0.43253922039134807,0.0,0.014206653097346589,0.026121337890629093
1248,85.5902029463951,96,1088,32,6,0,6,85.5902029463951,896,0.06459733333333334,85.65480027972843,85.65480027972843,85.66384472417288,85.6892698864739,85.71491873087494,88.18488135643298,0.12471578447984655,2.5946784100378864,0.0,0.0,0.0254251623010191,0.0256488444010472
1249,85.60836681668137,64,2176,1,0,0,0,85.60836681668137,2048,0.050083555555555555,85.65845037223693,85.65845037223693,85.67353926112581,85.68685321040884,85.7134719441328,87.38650156652864,0.10510512745143785,1.7781347498472684,0.0,0.0,0.013313949283030979,0.026618733723964283
1250,85.61458824878778,96,2304,70,6,0,6,85.65480027972843,2112,0.06824533333333334,85.72304561306177,85.72304561306177,85.73884561306177,85.74056806355723,85.76628576724028,88.23845508690172,0.1516975184524938,2.6238668381139405,0.04021203094065129,0.0,0.0017224504954640452,0.025717703683042714
1251,85.65194719327893,64,4352,55,5,0,5,85.65194719327893,256,1.1588337777777777,86.8107809710567,86.8107809710567,86.83795874883448,86.86097766108247,86.88758492019706,88.55359560890612,1.235637726918128,2.901648415627193,0.0,0.0,0.023018912247991352,0.02660725911458428
1252,85.72190222426322,128,1408,57,1,0,1,87.14472629697673,1216,0.06555733333333334,87.21028363031006,87.21028363031006,87.22110585253228,87.23871592766557,87.26512071282181,90.57753745526718,1.543218488558594,4.8556352310039586,1.4228240727135102,0.0,0.017610075133291048,0.026404785156245225
1253,85.75778013163345,96,3200,14,7,0,7,85.75778013163345,3008,0.07093333333333333,85.82871346496678,85.82871346496678,85.84949124274456,85.8731102928074,85.89950124332823,88.3981079897475,0.1417211116947783,2.6403278581140484,0.0,0.0,0.023619050062833935,0.026390950520834622
1254,85.87718814994274,64,3200,14,7,0,7,85.87718814994274,3072,0.05315555555555555,85.93034370549829,85.93034370549829,85.95112148327607,85.95191618473449,85.97818343733866,87.63319622216939,0.1009952873959179,1.7560080722266491,0.0,0.0,0.0007947014584175349,0.026267252604171176
1255,85.93048371882517,128,1664,0,3,0,3,85.93048371882517,1536,0.04854755555555555,85.97903127438073,85.97903127438073,85.99127571882518,86.009978699206,86.03578446092475,89.37873213345078,0.10530074209957263,3.44824841462561,0.0,0.0,0.018702980380822964,0.02580576171874327
1256,85.94026043794915,64,1088,36,5,0,5,86.8107809710567,832,0.08237511111111111,86.8931560821678,86.8931560821678,86.90220052661225,86.91419266759289,86.94064704817325,88.60666816749988,1.0003866102240977,2.666407729550727,0.8705205331075518,0.0,0.011992140980638055,0.026454380580361203
1257,85.95756201952025,128,2368,138,4,0,4,86.03514197816673,2176,0.06843733333333334,86.10357931150007,86.10357931150007,86.11973486705563,86.14280299866859,86.16893057958376,89.49113838685219,0.21136856006350513,3.533576367331932,0.07757995864648137,0.0,0.023068131612959064,0.026127580915172643
1258,86.16299308265503,64,1280,28,1,0,1,87.21028363031006,1088,0.06517333333333333,87.27545696364339,87.27545696364339,87.28556807475451,87.29152598625932,87.31785367180619,88.96560854901719,1.1548605891511556,2.8026154663621554,1.0472905476550238,0.0,0.005957911504808067,0.02632768554687459
1259,86.22614124808554,64,3072,18,0,0,0,86.22614124808554,2880,0.07054933333333334,86.29669058141887,86.29669058141887,86.31675724808554,86.32849704178906,86.35528239335156,88.01739609777864,0.1291411452660185,1.7912548496931038,0.0,0.0,0.011739793703526402,0.026785351562494952
1260,86.27728644683229,128,1664,8,7,0,7,86.27728644683229,1536,0.04854755555555555,86.32583400238785,86.32583400238785,86.3380784468323,86.34271885400533,86.36870215478658,89.71408250146624,0.09141570795428322,3.4367960546339447,0.0,0.0,0.004640407173027938,0.025983300781248886
1261,86.38082395555432,96,512,24,1,0,4,87.27545696364339,0,0.15175822222222224,87.42721518586562,87.42721518586562,87.43305963031007,87.44949942375932,87.47573180124512,89.95343852948594,1.0949078456907984,3.5726145739316166,0.8946330080890732,0.0,0.016439793449251283,0.026232377485797542
1262,86.38817656093117,160,4416,83,3,0,3,86.38817656093117,4224,0.07458133333333333,86.4627578942645,86.4627578942645,86.49029122759784,86.49860086717474,86.52463651170599,90.74079003546902,0.13645995077482098,4.352613474537847,0.0,0.0,0.008309639576907557,0.02603564453124818
1263,86.3917267468998,96,2176,13,4,0,4,86.3917267468998,2048,0.050083555555555555,86.44181030245537,86.44181030245537,86.45689919134425,86.4824996365034,86.5086246365034,88.99348213685218,0.11689788960359238,2.6017553899523733,0.0,0.0,0.025600445159156493,0.026124999999993292
1264,86.40915014689477,160,3200,14,7,0,7,86.40915014689477,3072,0.05315555555555555,86.46230570245032,86.46230570245032,86.4830834802281,86.4987904848647,86.52495777002095,90.72224697086729,0.1158076231261731,4.313096823972515,0.0,0.0,0.01570700463659591,0.026167285156248
1265,86.84364381061685,128,1152,48,1,0,1,87.42721518586562,256,0.2603448888888889,87.68756007475451,87.68756007475451,87.69696007475451,87.71184517127352,87.73802620154696,91.04340525311873,0.8943823909301045,4.199761442501881,0.5835713752487663,0.0,0.014885096519009267,0.026181030273434658
1266,87.0697691406938,64,4288,143,7,0,7,87.0697691406938,256,1.140864,88.21063314069379,88.21063314069379,88.23745536291601,88.23910247216938,88.26563811670063,89.92561244938291,1.1958689760068353,2.855843308689117,0.0,0.0,0.0016471092533691944,0.02653564453125057
1267,87.134684694564,128,1920,25,5,0,5,87.134684694564,1728,0.06709333333333334,87.20177802789733,87.20177802789733,87.215444694564,87.23167746111967,87.2580723585806,90.61365754738269,0.1233876640166045,3.4789728528186856,0.0,0.0,0.016232766555674516,0.026394897460932043
1268,87.16853722273721,128,5248,7,6,0,6,87.16853722273721,5120,0.05929955555555556,87.22783677829277,87.22783677829277,87.25999233384833,87.26019885317777,87.28648107974027,90.69289416567779,0.11794385700305554,3.524356942940571,0.0,0.0,0.0002065193294384926,0.026282226562500455
1269,87.18257326888015,64,2176,1,0,0,0,87.18257326888015,2048,0.050083555555555555,87.23265682443571,87.23265682443571,87.24774571332459,87.25557515051301,87.2817762003177,88.93579860428906,0.09920293143754577,1.7532253354089136,0.0,0.0,0.007829437188419774,0.026201049804683407
1270,87.21325234674516,160,2176,1,0,0,0,87.23265682443571,2048,0.050083555555555555,87.28274037999127,87.28274037999127,87.29782926888015,87.30797773840364,87.33415185949738,91.52648928741776,0.12089951275221722,4.313236940672596,0.019404477690542876,0.0,0.010148469523485915,0.02617412109374584
1271,87.27378072229644,128,3136,18,0,0,0,87.28274037999127,2944,0.07074133333333334,87.3534817133246,87.3534817133246,87.37390393554682,87.38650156652864,87.41276465246614,90.7575051472578,0.1389839301697009,3.483724424961366,0.00895965769483098,0.0,0.012597630981815655,0.02626308593750082
1272,87.28487057781209,96,3200,14,7,0,7,88.21063314069379,3072,0.05315555555555555,88.26378869624934,88.26378869624934,88.28456647402712,88.29217424951312,88.31871604638812,90.82864964013812,1.0338454685760325,3.5437790623260383,0.925762562881701,0.0,0.007607775486007995,0.02654179687499436
1273,87.33503575659651,64,256,48,7,0,1,88.26378869624934,0,0.07987911111111111,88.34366780736045,88.34366780736045,88.34809002958266,88.37180110498187,88.3981079897475,90.05715297672666,1.06307223315099,2.7221172201301442,0.9287529396528242,0.0,0.023711075399205583,0.026306884765631366
1274,87.44718411625077,160,3200,2,4,0,4,87.44718411625077,3072,0.05315555555555555,87.50033967180632,87.50033967180632,87.5211174495841,87.5278804958784,87.55407146810063,91.75239186708912,0.10688735184986342,4.305207750838349,0.0,0.0,0.006763046294310016,0.026190972222224218
1275,87.49095841596477,128,704,140,2,0,2,87.49095841596477,256,0.13455644444444445,87.62551486040921,87.62551486040921,87.63242597152032,87.6384387134491,87.6644982837616,90.94319352301942,0.1735398677968334,3.4522351070546478,0.0,0.0,0.0060127419287852035,0.026059570312497726
1276,87.49404794805692,128,1664,4,6,0,6,87.49404794805692,1536,0.04854755555555555,87.54259550361247,87.54259550361247,87.55483994805692,87.57561779849027,87.60181076724027,91.01723752505279,0.10776281918334973,3.5231895769958754,0.0,0.0,0.020777850433347567,0.02619296874999577
1277,87.55622258046388,160,5248,7,6,0,6,87.55622258046388,5120,0.05929955555555556,87.61552213601944,87.61552213601944,87.647677691575,87.65419816958402,87.68062061424548,91.98011965395904,0.12439803378160263,4.423897073495155,0.0,0.0,0.006520478009022668,0.026422444661463373
1278,87.61471984597118,160,5248,19,6,0,6,87.61552213601944,256,1.4104106666666667,89.0259328026861,89.0259328026861,89.05808835824166,89.07546013247465,89.10260673891996,93.4002954421845,1.4878868929487794,5.78557559621332,0.0008022900482558271,0.0,0.017371774232984194,0.027146606445313637
1279,87.96925449548024,96,3200,14,7,0,7,88.34366780736045,3072,0.05315555555555555,88.396823362916,88.396823362916,88.41760114069378,88.42435496240375,88.45065492985167,90.96164524560687,0.4814004343714231,2.9923907501266314,0.374413311880204,0.0,0.0067538217099780695,0.026299967447911854
1280,88.02877040662094,64,256,58,4,0,7,88.02877040662094,0,0.07987911111111111,88.10864951773205,88.10864951773205,88.11307173995426,88.13091484704563,88.15693812178522,89.80590808900062,0.12816771516428105,1.7771376823796885,0.0,0.0,0.01784310709136605,0.0260232747395861
1281,88.15174683757185,128,3200,2,4,0,4,88.15174683757185,3072,0.05315555555555555,88.2049023931274,88.2049023931274,88.22568017090518,88.23501087569147,88.26111285671826,91.61897159749869,0.10936601914640676,3.467224759926836,0.0,0.0,0.009330704786293609,0.02610198102678396
1282,88.15383583078686,64,3200,6,5,0,5,88.15383583078686,3072,0.05315555555555555,88.20699138634241,88.20699138634241,88.22776916412019,88.23536826515613,88.26186924171863,89.93094807472643,0.10803341093176755,1.7771122439395697,0.0,0.0,0.007599101035935973,0.026500976562502387
1283,88.22405966733801,160,4096,106,3,0,6,88.22405966733801,0,1.1580657777777779,89.38212544511579,89.38212544511579,89.40788100067135,89.43315156704453,89.4602567916539,93.63996542095862,1.2361971243158933,5.415905753620606,0.0,0.0,0.02527056637318026,0.027105224609371703
1284,88.30552411594131,64,1536,21,6,0,6,89.0259328026861,1344,0.06594133333333334,89.09187413601943,89.09187413601943,89.10340746935276,89.12975383364652,89.15662190005277,90.85422531802153,0.8510977841114595,2.548701202080224,0.7204086867447899,0.0,0.02634636429375803,0.0268680664062515
1285,88.30657388800186,160,3200,2,4,0,4,88.30657388800186,3072,0.05315555555555555,88.35972944355741,88.35972944355741,88.3805072213352,88.39163008607093,88.41779219544593,92.63174896344329,0.11121830744406225,4.325175075441422,0.0,0.0,0.011122864735739313,0.026162109374993747
1286,88.38788853261397,160,4992,23,5,0,5,88.38788853261397,4800,0.07630933333333334,88.4641978659473,88.4641978659473,88.49493119928063,88.50031826515612,88.5269566928905,92.7221235304556,0.1390681602765227,4.334234997841634,0.0,0.0,0.005387065875495978,0.026638427734368975
1287,88.47240376221967,160,4096,19,0,0,6,88.47240376221967,0,1.1580657777777779,89.63046953999745,89.63046953999745,89.65622509555301,89.67312282303905,89.6996828816328,93.93044732661978,1.2272791194131258,5.458043564400114,0.0,0.0,0.01689772748603957,0.026560058593744884
1288,88.50373768240762,128,2176,1,0,0,0,89.63046953999745,2048,0.050083555555555555,89.68055309555301,89.68055309555301,89.69564198444189,89.6996828816328,89.72611891678905,93.09575376379426,1.2223812343814302,4.592016081386646,1.1267318575898315,0.0,0.004040897190904502,0.02643603515625159
1289,88.66512313401185,160,3200,10,2,0,2,88.66512313401185,3072,0.05315555555555555,88.7182786895674,88.7182786895674,88.73905646734518,88.74189965094911,88.76777904548035,92.92949769782409,0.10265591146850284,4.26437456381224,0.0,0.0,0.0028431836039288783,0.02587939453124477
1290,88.7652878577723,96,1664,0,3,0,3,89.38212544511579,1536,0.04854755555555555,89.43067300067135,89.43067300067135,89.4429174451158,89.4602567916539,89.48693143358099,91.99619364680177,0.7216435758086988,3.230905789029478,0.6168375873434968,0.0,0.017339346538108202,0.02667464192708735
1291,88.85027236676538,96,2048,0,2,0,3,88.85027236676538,0,0.5830328888888889,89.43330525565428,89.43330525565428,89.44768303343206,89.4677180103241,89.49370287360536,91.97262650641785,0.6434305068399766,3.1223541396524723,0.0,0.0,0.020034976892048917,0.025984863281252046
1292,88.96713212648456,128,4096,12,3,0,7,89.43067300067135,0,1.1580657777777779,90.58873877844913,90.58873877844913,90.61449433400469,90.63440295050808,90.66117504523464,93.97735557543305,1.6940429187500854,5.010223448948494,0.4635408741867906,0.0,0.019908616503386156,0.026772094726567275
1293,88.99279808016861,128,1152,36,5,0,5,88.99279808016861,960,0.06478933333333334,89.05758741350195,89.05758741350195,89.06698741350195,89.08793049660143,89.11432063332018,92.45634936053374,0.12152255315156424,3.463551280365124,0.0,0.0,0.020943083099481896,0.026390136718745794
1294,89.07023420428808,128,1664,0,3,0,3,90.58873877844913,1536,0.04854755555555555,90.63728633400468,90.63728633400468,90.64953077844913,90.66117504523464,90.6877556116409,94.00320201097993,1.617521407352811,4.932967806691849,1.5185045741610423,0.0,0.011644266785509672,0.026580566406252615
1295,89.17246170998425,160,4352,35,4,0,4,89.17246170998425,256,1.1588337777777777,90.33129548776202,90.33129548776202,90.3584732655398,90.36451013978187,90.39124549134436,94.62271551321841,1.2187837813601163,5.450253803234162,0.0,0.0,0.006036874242070667,0.026735351562493292
1296,89.27410652183437,160,2752,26,1,0,1,89.27410652183437,2560,0.06958933333333334,89.34369585516771,89.34369585516771,89.3619847440566,89.38107964276719,89.40711284589219,93.54338099600378,0.13300632405781698,4.269274474169407,0.0,0.0,0.019094898710591224,0.026033203124995907
1297,89.28376096162162,64,3200,14,7,0,7,89.28376096162162,3072,0.05315555555555555,89.33691651717717,89.33691651717717,89.35769429495495,89.37146140771624,89.39781394677874,91.06801536279437,0.11405298515711593,1.7842544011727455,0.0,0.0,0.013767112761286171,0.02635253906250057
1298,89.30297599544735,96,1984,25,5,0,5,89.30297599544735,1792,0.06728533333333334,89.37026132878069,89.37026132878069,89.38428355100291,89.40464436378893,89.43095491066393,91.92894132016916,0.12797891521657334,2.625965324721804,0.0,0.0,0.02036081278602353,0.026310546874995566
1299,89.44126044124114,64,768,84,2,0,2,89.44126044124114,256,0.15252622222222223,89.59378666346336,89.59378666346336,89.60105333013003,89.62363451423036,89.64946910895692,91.28459427985536,0.2082086677157804,1.843333838614214,0.0,0.0,0.022581184100332052,0.025834594726561022
1300,89.45609884518298,96,4096,30,2,0,1,89.59378666346336,0,1.1580657777777779,90.75185244124114,90.75185244124114,90.7776079967967,90.78667467536317,90.81275992926942,93.32381649665223,1.35666108408644,3.867717651469249,0.13768781828038357,0.0,0.009066678566469477,0.026085253906245498
1301,89.5346498041604,64,4096,36,0,0,5,89.68055309555301,0,1.1580657777777779,90.83861887333079,90.83861887333079,90.86437442888635,90.88955755611197,90.9161165160729,92.5893310145383,1.381466711912509,3.0546812103779075,0.1459032913926137,0.0,0.025183127225616886,0.026558959960937045
1302,89.64323411637525,128,5248,7,6,0,6,89.64323411637525,5120,0.05929955555555556,89.70253367193081,89.70253367193081,89.73468922748637,89.74784289614652,89.77483606020903,93.21648212838241,0.13160194383377188,3.5732480120071557,0.0,0.0,0.013153668660152107,0.026993164062503183
1303,89.66784970318791,96,1664,0,3,0,3,90.63728633400468,1536,0.04854755555555555,90.68583388956024,90.68583388956024,90.69807833400469,90.71433666632839,90.74079003546902,93.2217757059373,1.0729403322811066,3.5539260027493924,0.969436630816773,0.0,0.016258332323701552,0.026453369140625682
1304,89.84087530690562,128,3200,2,4,0,4,90.33129548776202,3072,0.05315555555555555,90.38445104331757,90.38445104331757,90.40522882109535,90.41798133118812,90.44468289368811,93.82770610566632,0.6038075867824944,3.986830798760707,0.49042018085640393,0.0,0.012752510092767011,0.026701562499994225
1305,89.85123770817977,160,1664,0,3,0,3,90.68583388956024,1536,0.04854755555555555,90.7343814451158,90.7343814451158,90.74662588956025,90.76708778937527,90.79330507453152,94.93300319657006,0.9420673663517505,5.081765488390289,0.8345961813804763,0.0,0.020461899815018114,0.02621728515624966
1306,89.87463777503756,160,2048,4,1,0,6,89.87463777503756,0,0.5830328888888889,90.45767066392645,90.45767066392645,90.47204844170423,90.47386333417343,90.49979497479843,94.63478052399856,0.6251571997608778,4.760142748961002,0.0,0.0,0.0018148924691985258,0.025931640625003638
1307,89.95584667593141,160,1664,16,3,0,3,90.7343814451158,1408,0.0841031111111111,90.8184845562269,90.8184845562269,90.83072900067135,90.84574110968776,90.87190182397347,95.01038368973411,0.9160551480420622,5.054537013802701,0.7785347691843896,0.0,0.01501210901641059,0.026160714285708764
1308,90.03214717691078,128,1344,28,1,0,1,90.45767066392645,1152,0.06536533333333333,90.52303599725978,90.52303599725978,90.53350266392646,90.55165972089218,90.57753745526718,93.88126738923295,0.5453902783563933,3.8491202123221626,0.425523487015667,0.0,0.018157056965719676,0.025877734375001182
1309,90.14165111185298,128,1664,0,3,0,3,90.8184845562269,1536,0.04854755555555555,90.86703211178246,90.86703211178246,90.87927655622691,90.89806302654044,90.92418106853263,94.23581382738618,0.7825299566796531,4.094162715533201,0.6768334443739263,0.0,0.01878647031352898,0.026118041992191365
1310,90.15144531754562,64,2048,23,5,0,5,90.15144531754562,0,0.5830328888888889,90.73447820643452,90.73447820643452,90.7488559842123,90.77178205910144,90.79804890480456,92.45634936053374,0.6466035872589373,2.304904042988113,0.0,0.0,0.022926074889142,0.026266845703119657
1311,90.16422088851428,96,2304,82,2,0,2,90.75185244124114,256,0.5838008888888889,91.33565333013003,91.33565333013003,91.35145333013003,91.36424955329285,91.3906953540741,93.89733114508972,1.2264744655598179,3.7331102565754435,0.5876315527268616,0.0,0.01279622316282314,0.026445800781246476
1312,90.2658175322419,96,2176,5,4,0,4,90.38445104331757,2048,0.050083555555555555,90.43453459887313,90.43453459887313,90.44962348776201,90.47138494446936,90.49798081035478,93.03088816798875,0.2321632781128784,2.765070635746852,0.11863351107567155,0.0,0.021761456707352522,0.02659586588541174
1313,90.32698251853401,96,1408,28,1,0,1,90.52303599725978,1216,0.06555733333333334,90.58859333059311,90.58859333059311,90.59941555281533,90.60344773358749,90.62931384686874,93.10036948651717,0.30233132833473064,2.773386967983157,0.19605347872577283,0.0,0.004032180772156835,0.025866113281253433
1314,90.40075599804129,128,5248,3,0,0,0,90.83861887333079,5120,0.05929955555555556,90.89791842888634,90.89791842888634,90.9300739844419,90.94267596431509,90.96943641353384,94.36429107661978,0.5686804154925511,3.963535078578488,0.43786287528949686,0.0,0.01260197987318179,0.026760449218755866
1315,90.51955759663474,96,4544,39,4,0,4,90.51955759663474,4352,0.07496533333333334,90.59452292996808,90.59452292996808,90.62276737441252,90.6309674640006,90.65765482449167,93.19057241278041,0.13809722785693168,2.6710148161456715,0.0,0.0,0.008200089588086712,0.026687360491067125
1316,90.54011893330554,96,4480,83,3,0,3,90.86703211178246,4288,0.07477333333333333,90.9418054451158,90.9418054451158,90.9696943340047,90.97641861736075,91.0026567901038,93.48363691865038,0.46253785679826365,2.9435179853448403,0.3269131784769286,0.0,0.006724283356049909,0.026238172743049404
1317,90.55862796447197,96,4480,71,2,0,2,91.33565333013003,256,1.1947733333333332,92.53042666346336,92.53042666346336,92.55831555235225,92.5844062915741,92.61115690192565,95.09977777594908,2.052528937453687,4.541149811477112,0.7770253656580621,0.0,0.026090739221842796,0.026750610351555792
1318,90.57321249453037,64,2176,1,0,0,0,90.89791842888634,2048,0.050083555555555555,90.9480019844419,90.9480019844419,90.96309087333078,90.96943641353384,90.99608094478384,92.66888270259633,0.42286845025347475,2.095670208065968,0.3247059343559755,0.0,0.0063455402030569985,0.02664453124999966
1319,90.59701420762595,64,1664,0,3,0,3,90.9418054451158,1536,0.04854755555555555,90.99035300067136,90.99035300067136,91.00259744511581,91.0026567901038,91.02885283502567,92.67374315100851,0.43183862739972767,2.0767289433825624,0.34479123748985785,0.0,5.9344987988652065e-05,0.026196044921874773
1320,90.68300467048115,96,1280,36,5,0,5,90.73447820643452,1024,0.0829511111111111,90.81742931754563,90.81742931754563,90.82754042865675,90.85058406105456,90.87672370949207,93.38400837746082,0.19371903901091514,2.7010037069796624,0.051473535953363125,0.0,0.023043632397815372,0.026139648437506935
1321,90.69154012120886,64,4352,99,5,0,5,90.81742931754563,4160,0.07438933333333334,90.89181865087896,90.89181865087896,90.91899642865674,90.92900447121082,90.95530956561186,92.61607665545561,0.2637694444029961,1.924536534246755,0.12588919633677165,0.0,0.010008042554076724,0.026305094401038787
1322,90.72445776148727,160,3200,2,4,0,4,90.72445776148727,3072,0.05315555555555555,90.77761331704282,90.77761331704282,90.7983910948206,90.81778924134436,90.84446398499671,95.07030495006737,0.12000622350943502,4.345847188580095,0.0,0.0,0.0193981465237556,0.02667474365235023
1323,90.72497528872347,160,4416,35,4,0,4,90.77761331704282,4224,0.07458133333333333,90.85219465037615,90.85219465037615,90.87972798370949,90.89781493714514,90.92454448358612,95.1491338685244,0.19956919486264724,4.424158579800931,0.05263802831935038,0.0,0.018086953435656028,0.026729546440975582
1324,90.81491685748716,96,3200,2,4,0,4,90.85219465037615,3072,0.05315555555555555,90.9053502059317,90.9053502059317,90.92612798370948,90.95127451830834,90.97798823901147,93.50898703014548,0.16307138152430412,2.6940701726583143,0.03727779288898603,0.0,0.025146534598860626,0.026713720703128274
1325,90.8989595735296,128,2816,26,1,0,1,90.8989595735296,2624,0.06978133333333333,90.96874090686293,90.96874090686293,90.98738535130738,90.99149070233749,91.01744773358749,94.32352056306107,0.11848816005789331,3.4245609895314715,0.0,0.0,0.004105351030105453,0.025957031250001705
1326,90.91332422462482,64,2176,1,0,0,0,90.9480019844419,2048,0.050083555555555555,90.99808553999746,90.99808553999746,91.01317442888634,91.02272596431509,91.04928818529723,92.722061088013,0.135963960672413,1.8087368633881908,0.034677759817085985,0.0,0.009551535428741431,0.026562220982143003
1327,90.98334827433142,64,3200,2,4,0,4,90.98334827433142,3072,0.05315555555555555,91.03650382988697,91.03650382988697,91.05728160766475,91.05813233080835,91.084834079743,92.76485487608534,0.1014858054115848,1.781506601753918,0.0,0.0,0.0008507231435999074,0.02670174893465571
1328,91.03309776745323,96,2176,1,0,0,0,91.03309776745323,2048,0.050083555555555555,91.08318132300879,91.08318132300879,91.09827021189767,91.10241409210526,91.12891512970292,93.6594699503177,0.09581736224969006,2.626372182864472,0.0,0.0,0.0041438802075930425,0.02650103759765443
1329,91.08377510770622,64,2176,9,4,0,4,91.08377510770622,256,0.5478613333333333,91.63163644103955,91.63163644103955,91.64672532992843,91.67241349202993,91.6990752462913,93.37618209850484,0.6153001385850843,2.292406990798625,0.0,0.0,0.0256881621015026,0.026661754261368742
1330,91.23177218587433,128,512,2,2,0,4,92.53042666346336,0,0.15175822222222224,92.68218488568559,92.68218488568559,92.68802933013004,92.69141166266785,92.71786371344909,96.0331823402162,1.4860915275747573,4.801410154341866,1.2986544775890252,0.0,0.0033823325378108393,0.026452050781244907
1331,91.25133894505979,160,1280,153,2,0,2,92.68218488568559,256,0.29628444444444446,92.97846933013003,92.97846933013003,92.98858044124114,93.00873036383972,93.03498485602722,97.17873758458934,1.7836459109674365,5.927398639529557,1.430845940625801,0.0,0.020149922598577064,0.026254492187504752
1332,91.25330401460006,96,5248,7,6,0,6,91.25330401460006,5120,0.05929955555555556,91.31260357015562,91.31260357015562,91.34475912571118,91.3484963141153,91.3760929938028,93.92053632760117,0.12278897920273835,2.667232313001108,0.0,0.0,0.0037371884041164094,0.027596679687505343
1333,91.31518630692392,64,896,56,3,0,3,91.31518630692392,640,0.0817991111111111,91.39698541803503,91.39698541803503,91.40496319581281,91.4218521026038,91.44798629116913,93.09101628802775,0.1327999842452101,1.7758299811038256,0.0,0.0,0.01688890679098165,0.026134188565336558
1334,91.32549083850297,64,1664,0,3,0,3,91.39698541803503,1536,0.04854755555555555,91.44553297359059,91.44553297359059,91.45777741803504,91.47412096801573,91.50022924438291,93.14328671446003,0.1747384058799355,1.81779587595706,0.0714945795320574,0.0,0.01634354998068943,0.02610827636718227
1335,91.43568159987562,128,3200,18,0,0,0,91.43568159987562,3008,0.07093333333333333,91.50661493320895,91.50661493320895,91.52739271098673,91.55305074110079,91.57961275281954,94.97574192297397,0.1439311529439209,3.540060323098345,0.0,0.0,0.02565803011405876,0.026562011718752387
1336,91.4585119206865,96,3200,2,4,0,4,91.63163644103955,3072,0.05315555555555555,91.6847919965951,91.6847919965951,91.70556977437288,91.72573748883391,91.75239186708912,94.27904704804914,0.29387994640261184,2.820535127362632,0.17312452035304204,0.0,0.0201677144610386,0.026654378255202005
1337,91.54113269568802,128,4352,143,7,0,7,91.54113269568802,4160,0.07438933333333334,91.61552202902135,91.61552202902135,91.64269980679913,91.64269980679913,91.66982480679913,95.08594401020314,0.128692111111107,3.5448113145151154,0.0,0.0,0.0,0.027124999999998067
1338,91.55850700020468,96,2368,94,5,0,5,91.55850700020468,256,0.6017706666666667,92.16027766687135,92.16027766687135,92.17643322242691,92.19281583188791,92.21916698748687,94.74944314308583,0.6606599872821874,3.1909361428811422,0.0,0.0,0.01638260946100445,0.026351155598959508
1339,91.57597472338155,160,1664,8,7,0,7,91.61552202902135,1536,0.04854755555555555,91.66406958457691,91.66406958457691,91.67631402902136,91.69695029508038,91.72341953336164,95.9890071937969,0.1474448099800867,4.413032470415345,0.039547305639800356,0.0,0.020636266059028685,0.02646923828125125
1340,91.65810005661805,96,1664,4,6,0,6,91.65810005661805,1536,0.04854755555555555,91.70664761217361,91.70664761217361,91.71889205661806,91.73489426333404,91.76213957583404,94.28036298775743,0.10403951921598775,2.6222629311393746,0.0,0.0,0.016002206715981515,0.02724531249999984
1341,91.70777437595987,128,1664,0,3,0,3,91.70777437595987,1536,0.04854755555555555,91.75632193151543,91.75632193151543,91.76856637595988,91.78745251098447,91.81354344397725,95.11351814463468,0.10576906801738062,3.40574376867481,0.0,0.0,0.018886135024587247,0.026090932992786975
1342,91.92477608847864,128,1664,0,3,0,3,91.92477608847864,1536,0.04854755555555555,91.9733236440342,91.9733236440342,91.98556808847864,91.99619364680177,92.02228488027532,95.31970499359302,0.09750879179668459,3.3949289051143836,0.0,0.0,0.010625558323127393,0.0260912334735508
1343,91.93649555521145,96,5248,11,7,0,7,91.93649555521145,5120,0.05929955555555556,91.995795110767,91.995795110767,92.02795066632257,92.04108847867413,92.06792636929913,94.63080927945538,0.13143081408767898,2.6943137242439263,0.0,0.0,0.013137812351558864,0.026837890625003524
1344,91.93977599141954,128,4672,31,7,0,7,91.995795110767,4480,0.07534933333333334,92.07114444410034,92.07114444410034,92.1000999996559,92.12160361539287,92.14855344449444,95.56418033832814,0.2087774530749016,3.624404346908605,0.05601911934746795,0.0,0.021503615736975235,0.026949829101567957
1345,91.97916579194494,160,5248,11,7,0,7,92.07114444410034,5120,0.05929955555555556,92.1304439996559,92.1304439996559,92.16259955521146,92.17550376187725,92.2025769064085,96.46750332009897,0.2234111144635591,4.488337528154034,0.09197865215540446,0.0,0.012904206665794504,0.027073144531243543
1346,91.98591129497052,160,2048,17,1,0,1,91.98591129497052,1856,0.06747733333333333,92.05338862830385,92.05338862830385,92.06776640608163,92.08477048749373,92.1108072713479,96.23989373433152,0.12489597637737404,4.253982439360996,0.0,0.0,0.01700408141209664,0.026036783854166856
1347,92.01150067664918,64,960,56,3,0,3,92.01150067664918,768,0.06421333333333333,92.0757140099825,92.0757140099825,92.08404734331585,92.1005615103835,92.12661009436788,93.76961645966601,0.11510941771869909,1.7581157830168337,0.0,0.0,0.01651416706765474,0.026048583984376705
1348,92.23482497965153,128,2368,90,1,0,1,92.23482497965153,256,0.6017706666666667,92.8365956463182,92.8365956463182,92.85275120187376,92.86608640546248,92.89215281171248,96.18822999735235,0.6573278320609433,3.953405017700817,0.0,0.0,0.013335203588724198,0.026066406249995566
1349,92.26265984286096,160,1280,48,1,0,1,92.8365956463182,1024,0.0829511111111111,92.91954675742932,92.91954675742932,92.92965786854043,92.94428708905623,92.97029960126326,97.09013189351121,0.7076397584023084,4.8274720506502575,0.5739358034572462,0.0,0.014629220515800512,0.026012512207032046
1350,92.26546272502067,96,2176,5,4,0,4,92.26546272502067,2048,0.050083555555555555,92.31554628057623,92.31554628057623,92.33063516946511,92.33894020693286,92.3655567433912,94.8860100553191,0.10009401837052678,2.620547330298436,0.0,0.0,0.008305037467749798,0.026616536458334394
1351,92.27566229605534,96,1216,93,6,0,,92.27566229605534,256,0.27831466666666665,92.553976962722,92.553976962722,92.56373251827756,92.57757595278716,92.60442487856841,95.07419761503608,0.32876258251306467,2.79853531898074,0.0,0.0,0.013843434509595909,0.026848925781251864
1352,92.48428860137268,160,1600,21,6,0,6,92.553976962722,1408,0.06613333333333334,92.62011029605534,92.62011029605534,92.63199918494423,92.65812419497466,92.6847963954955,96.81471758573923,0.20050779412281372,4.330428984366549,0.06968836134932133,0.0,0.026125010030426665,0.026672200520835077
1353,92.54388924553359,96,5120,23,5,0,5,92.54388924553359,4864,0.0944711111111111,92.6383603566447,92.6383603566447,92.66980480108914,92.69541356951811,92.7221235304556,95.26135212746082,0.17823428492201288,2.717462881927233,0.0,0.0,0.025608768428966755,0.026709960937495225
1354,92.68785406714365,96,3200,6,5,0,5,92.68785406714365,3072,0.05315555555555555,92.7410096226992,92.7410096226992,92.76178740047698,92.77500813332018,92.80148103371081,95.3417464145702,0.11362696656716764,2.653892347426549,0.0,0.0,0.013220732843208793,0.02647290039062966
1355,92.68928095655507,128,3200,2,4,0,4,92.68928095655507,3072,0.05315555555555555,92.74243651211061,92.74243651211061,92.7632142898884,92.76485487608534,92.79147468254841,96.1420384792945,0.1021937259933452,3.4527575227394323,0.0,0.0,0.0016405861969417401,0.02661980646307427
1356,92.74020320967993,96,1408,117,7,0,7,92.74020320967993,256,0.332224,93.07242720967993,93.07242720967993,93.08324943190215,93.096264601721,93.12312064013246,95.66986022114064,0.38291743045252247,2.929657011460705,0.0,0.0,0.013015169818856975,0.026856038411452232
1357,92.78494800688422,128,768,100,6,0,6,92.78494800688422,256,0.15252622222222223,92.93747422910644,92.93747422910644,92.94474089577311,92.95154525617258,92.97803674612794,96.26542746529653,0.19308873924371994,3.4804794584123044,0.0,0.0,0.006804360399470966,0.026491489955361658
1358,92.8355591300468,128,2176,9,4,0,4,92.8355591300468,2048,0.050083555555555555,92.88564268560236,92.88564268560236,92.90073157449125,92.9245810390825,92.95115708888719,96.29833701968232,0.11559795884038238,3.462777889635518,0.0,0.0,0.023849464591251035,0.02657604980468875
1359,93.05456118429565,64,4096,14,5,0,7,93.05456118429565,0,1.1580657777777779,94.21262696207343,94.21262696207343,94.23838251762899,94.24040681496082,94.26723469582019,95.95970295753895,1.2126735115245424,2.905141773243301,0.0,0.0,0.0020242973318289614,0.026827880859372044
1360,93.08575619013922,96,2176,9,4,0,4,93.08575619013922,2048,0.050083555555555555,93.13583974569478,93.13583974569478,93.15092863458366,93.16399607814499,93.19057241278041,95.69818806774316,0.10481622264119039,2.612431877603939,0.0,0.0,0.013067443561325831,0.026576334635421972
1361,93.13913975968894,96,4480,51,2,0,2,93.13913975968894,256,1.1947733333333332,94.33391309302228,94.33391309302228,94.36180198191117,94.36616171149596,94.39249667243347,96.86765106115183,1.2533569127445219,3.7285113014628877,0.0,0.0,0.004359729584791694,0.026334960937504093
1362,93.15746133752641,64,2048,25,5,0,5,94.21262696207343,1856,0.06747733333333333,94.28010429540676,94.28010429540676,94.29448207318454,94.3208919223827,94.3475553989452,96.04008845558583,1.1900940614187903,2.8826271180594176,1.0551656245470156,0.0,0.026409849198159918,0.02666347656250423
1363,93.19441242592835,128,1664,4,6,0,6,93.19441242592835,1536,0.04854755555555555,93.2429599814839,93.2429599814839,93.25520442592835,93.269099153122,93.295337434372,96.57809836373401,0.10092500844365304,3.383685937805666,0.0,0.0,0.013894727193644485,0.02623828125000216
1364,93.32834331596642,64,1664,0,3,0,3,93.32834331596642,1536,0.04854755555555555,93.37689087152198,93.37689087152198,93.38913531596643,93.40514699499981,93.43130981460209,95.06195564463468,0.10296649863566643,1.7336123286682579,0.0,0.0,0.016011679033383075,0.026162819602276954
1365,93.53874191197791,160,1664,0,3,0,3,93.53874191197791,1536,0.04854755555555555,93.58728946753347,93.58728946753347,93.59953391197791,93.613928178416,93.63996542095862,97.74364654662683,0.1012235089807092,4.204904634648926,0.0,0.0,0.01439426643808872,0.02603724254261408
1366,93.54366758986616,160,4096,0,0,0,3,93.54366758986616,0,1.1580657777777779,94.70173336764394,94.70173336764394,94.7274889231995,94.73692828365104,94.76373858638541,98.94534539790887,1.2200709965192544,5.401677808042706,0.0,0.0,0.009439360451537482,0.02681030273437557
1367,93.65506647727901,160,1664,16,3,0,3,93.65506647727901,1536,0.04854755555555555,93.70361403283457,93.70361403283457,93.71585847727901,93.71776796002112,93.74369196570294,97.84663853881433,0.08862548842392926,4.191572061535325,0.0,0.0,0.0019094827421071159,0.025924005681815743
1368,93.66288547872853,160,1472,28,1,0,1,93.66288547872853,1280,0.06574933333333334,93.72863481206186,93.72863481206186,93.73981258983963,93.75142852204544,93.77739531892044,97.88836171121956,0.11450984019191424,4.225476232491033,0.0,0.0,0.011615932205813806,0.02596679687499659
1369,93.72894606709151,160,5248,11,7,0,7,93.72894606709151,5120,0.05929955555555556,93.78824562264707,93.78824562264707,93.82040117820263,93.82154902554913,93.84851728726788,98.0793045489401,0.11957122017636834,4.350358481848588,0.0,0.0,0.0011478473465018624,0.026968261718749886
1370,93.87289719535441,128,1664,0,3,0,3,93.87289719535441,1536,0.04854755555555555,93.92144475090997,93.92144475090997,93.93368919535442,93.9513990768535,93.97735557543305,97.25359806727415,0.10445838007863983,3.3807008719197427,0.0,0.0,0.017709881499087032,0.025956498579546405
1371,94.0167636442518,64,2176,1,0,0,0,94.70173336764394,2048,0.050083555555555555,94.7518169231995,94.7518169231995,94.76690581208838,94.79054937740104,94.81711106359896,96.47467038977082,0.8003474193471618,2.4579067455190255,0.6849697233921432,0.0,0.023643565312653436,0.02656168619792254
1372,94.12547834945437,128,2176,9,4,0,4,94.12547834945437,2048,0.050083555555555555,94.17556190500993,94.17556190500993,94.19065079389881,94.19952556367414,94.22603223685122,97.55132251075376,0.10055388739685611,3.425844161299395,0.0,0.0,0.00887476977533197,0.026506673177081552
1373,94.19915961509554,128,1664,16,3,0,3,94.19915961509554,1536,0.04854755555555555,94.2477071706511,94.2477071706511,94.25995161509555,94.261658676019,94.28750036438706,97.56315373133666,0.08834074929151825,3.363994116241116,0.0,0.0,0.0017070609234508538,0.025841688368061
1374,94.21630016159625,160,2176,13,4,0,4,94.21630016159625,2048,0.050083555555555555,94.26638371715181,94.26638371715181,94.2814726060407,94.30554253144757,94.33199033960729,98.5015814393252,0.11569017801103598,4.2852812777289415,0.0,0.0,0.024069925406877246,0.026447808159716146
1375,94.22596669272649,128,5184,23,5,0,5,94.28010429540676,4992,0.07688533333333333,94.3569896287401,94.3569896287401,94.3887896287401,94.40088381691395,94.42769314308582,97.83607673683584,0.201726450359331,3.610110044109348,0.0541376026802709,0.0,0.012094188173847442,0.026809326171871817
1376,94.27187879084046,128,1664,0,3,0,3,94.27187879084046,1536,0.04854755555555555,94.32042634639602,94.32042634639602,94.33267079084047,94.33918520596691,94.36502529385754,97.6405253133679,0.09314650301708127,3.368646522527442,0.0,0.0,0.006514415126446238,0.025840087890628638
1377,94.27941643928632,96,2176,1,0,0,0,94.7518169231995,2048,0.050083555555555555,94.80190047875506,94.80190047875506,94.81698936764394,94.81711106359896,94.84354831945834,97.34096999914581,0.5641318801720132,3.0615535598594903,0.47240048391317657,0.0,0.00012169595501632102,0.02643725585937773
1378,94.29701368851673,64,1216,137,2,0,2,94.33391309302228,256,0.27831466666666665,94.61222775968893,94.61222775968893,94.62198331524449,94.62953329352722,94.65572391852722,96.29345028455214,0.3587102300104874,1.9964365960354087,0.036899404505547295,0.0,0.007549978282725078,0.026190624999998136
1379,94.38117527796715,96,2176,5,4,0,4,94.38117527796715,2048,0.050083555555555555,94.4312588335227,94.4312588335227,94.44634772241159,94.46423670462465,94.49064861868716,96.97657592872251,0.10947334072001524,2.5954006507553657,0.0,0.0,0.017888982213065674,0.02641191406250698
1380,94.40725356171868,64,256,97,6,0,2,94.40725356171868,0,0.07987911111111111,94.48713267282979,94.48713267282979,94.491554895052,94.51138459420274,94.536946801234,96.16162993925485,0.1296932395153192,1.7543763775361754,0.0,0.0,0.019829699150733404,0.02556220703125689
1381,94.41599527492596,64,1664,0,3,0,3,94.41599527492596,1536,0.04854755555555555,94.46454283048152,94.46454283048152,94.47678727492597,94.49423305752941,94.52007330078226,96.1445911445311,0.10407802585629611,1.7285958696051438,0.0,0.0,0.017445782603445537,0.025840243252844175
1382,94.43770408333596,160,512,53,3,0,4,94.46454283048152,0,0.15175822222222224,94.61630105270375,94.61630105270375,94.6221454971482,94.62343915660612,94.64923245087695,98.75221063586605,0.2115283675409927,4.314506552530091,0.026838747145561115,0.0,0.0012936594579286975,0.02579329427082655
1383,94.4377842752218,64,1664,0,3,0,3,94.61630105270375,1536,0.04854755555555555,94.6648486082593,94.6648486082593,94.67709305270375,94.70082050426237,94.72661662806044,96.3508833320311,0.2888323528386394,1.9130990568093011,0.1785167774819456,0.0,0.023727451558613666,0.025796123798073722
1384,94.48824420506774,128,1408,129,2,0,2,94.61222775968893,1216,0.06555733333333334,94.67778509302227,94.67778509302227,94.68860731524448,94.70810663337096,94.73421462490742,98.03355582189401,0.24597041983967927,3.545311616826268,0.1239835546211907,0.0,0.01949931812647776,0.02610799153646326
1385,94.5198938222507,64,2048,1,0,0,0,94.80190047875506,0,0.5830328888888889,95.38493336764395,95.38493336764395,95.39931114542173,95.4242442016198,95.4505343627526,97.10458464758331,0.930640540501912,2.584690825332615,0.28200665650436463,0.0,0.02493305619806563,0.026290161132806134
1386,94.6258797537409,64,1664,20,2,0,2,94.67778509302227,256,0.40410311111111114,95.08188820413338,95.08188820413338,95.09413264857783,95.09977777594908,95.12565611253763,96.76309572261017,0.4997763587967228,2.1372159688692705,0.05190533928136176,0.0,0.005645127371252556,0.025878336588547768
1387,94.69622562838077,160,1344,65,1,0,1,94.69622562838077,256,0.3142542222222222,95.01047985060299,95.01047985060299,95.02094651726966,95.023442023022,95.04930501130325,99.15129204976122,0.35307938292247343,4.455066421380451,0.0,0.0,0.0024955057523357027,0.025862988281247112
1388,94.70711794802867,64,512,21,7,0,6,94.70711794802867,0,0.15175822222222224,94.8588761702509,94.8588761702509,94.86472061469534,94.872733351721,94.89938297504689,96.57237490213022,0.19226502701822312,1.8652569541015538,0.0,0.0,0.008012737025651973,0.026649623325894822
1389,94.76543066304069,96,3200,10,2,0,2,95.08188820413338,3072,0.05315555555555555,95.13504375968893,95.13504375968893,95.15582153746671,95.17741425055846,95.20339158035756,97.67249869298777,0.4379609173168717,2.9070680299470837,0.31645754109268864,0.0,0.02159271309174926,0.02597732979910461
1390,94.80989862160892,64,2112,17,1,0,1,95.01047985060299,1920,0.06766933333333333,95.07814918393632,95.07814918393632,95.09288251726966,95.1010324527095,95.12692470531367,96.75565642964402,0.3170260837047465,1.945757808035097,0.20058122899406783,0.0,0.00814993543984599,0.025892252604165833
1391,94.83670124779084,96,1920,41,4,0,4,94.83670124779084,1728,0.06709333333333334,94.90379458112417,94.90379458112417,94.91746124779084,94.93873051430347,94.96504442489375,97.44626928809751,0.12834317710290577,2.6095680403066694,0.0,0.0,0.021269266512632612,0.026313910590275214
1392,94.94867432986044,128,5248,7,6,0,6,94.94867432986044,5120,0.05929955555555556,95.00797388541599,95.00797388541599,95.04012944097155,95.0482934809215,95.07419761503608,98.40436496297136,0.12552328517564604,3.455690633110919,0.0,0.0,0.0081640399499463,0.025904134114583144
1393,95.12276416938981,96,2048,0,0,0,3,95.38493336764395,0,0.5830328888888889,95.96796625653285,95.96796625653285,95.98234403431063,96.00274053951041,96.02898126216667,98.5243697143151,0.9062170927768562,3.401605544925289,0.2621691982541421,0.0,0.020396505199784087,0.026240722656254434
1394,95.15928202549252,128,768,140,2,0,2,95.15928202549252,576,0.06363733333333334,95.22291935882585,95.22291935882585,95.23018602549251,95.25534770479953,95.28125102511203,98.56763052892526,0.12196899961951146,3.408348503432748,0.0,0.0,0.025161679307018403,0.025903320312494316
1395,95.39248036823317,160,1472,57,1,0,1,95.39248036823317,1280,0.06574933333333334,95.4582297015665,95.4582297015665,95.46940747934427,95.48946751130325,95.51534125572289,99.61598736226124,0.1228608874897219,4.223506994028071,0.0,0.0,0.020060031958976765,0.025873744419641298
1396,95.43903666280056,128,1664,0,3,0,3,95.43903666280056,1536,0.04854755555555555,95.48758421835612,95.48758421835612,95.49982866280057,95.50005710540943,95.52582875254484,98.80417080606694,0.08679208974427866,3.365134143266374,0.0,0.0,0.0002284426088579039,0.025771647135414355
1397,95.44129569673755,160,1664,0,3,0,3,95.48758421835612,1536,0.04854755555555555,95.53613177391168,95.53613177391168,95.54837621835613,95.55160088796151,95.57737749928964,99.68695696213092,0.13608180255208424,4.245661265393366,0.046288521618564005,0.0,0.0032246696053874757,0.025776611328126364
1398,95.45358426216389,64,768,124,6,0,6,95.45358426216389,576,0.06363733333333334,95.51722159549722,95.51722159549722,95.52448826216389,95.54150591581734,95.5673735915986,97.20895537870798,0.11378932943470943,1.7553711165440973,0.0,0.0,0.01701765365345409,0.025867675781256594
1399,95.45391777266751,96,2368,82,2,0,2,95.45391777266751,2176,0.06843733333333334,95.52235510600084,95.52235510600084,95.5385106615564,95.54031108370579,95.56624728162245,98.03355582189401,0.11232950895494298,2.579638049226503,0.0,0.0,0.0018004221493868044,0.025936197916664128
1400,95.48351016211096,128,1344,24,4,0,4,95.48351016211096,256,0.3142542222222222,95.79776438433318,95.79776438433318,95.80823105099985,95.8289815247744,95.85506969441727,99.188146522178,0.371559532306307,3.704636360067042,0.0,0.0,0.02075047377455519,0.026088169642861203
1401,95.57589027785819,64,1152,32,6,0,6,95.57589027785819,960,0.06478933333333334,95.64067961119153,95.64067961119153,95.65007961119153,95.6708491775361,95.6966753494111,97.34135342558298,0.12078507155290197,1.7654631477247875,0.0,0.0,0.020769566344569057,0.025826171874996362
1402,95.62046451910234,160,2176,13,4,0,4,95.79776438433318,2048,0.050083555555555555,95.84784793988874,95.84784793988874,95.86293682877762,95.88115835234137,95.90724416777105,100.08833516421359,0.28677964866871264,4.4678706451112475,0.17729986523083596,0.0,0.01822152356375284,0.026085815429681247
1403,95.67917353635312,128,2048,16,5,0,3,95.67917353635312,0,0.5830328888888889,96.26220642524201,96.26220642524201,96.2765842030198,96.28815535011708,96.31493806496083,99.6424375766796,0.6357645286077087,3.9632640403264787,0.0,0.0,0.011571147097285461,0.026782714843747613
1404,95.93121120467602,160,2176,1,0,0,0,95.96796625653285,2048,0.050083555555555555,96.0180498120884,96.0180498120884,96.03313870097729,96.05522247310417,96.08143430578646,100.2499659219974,0.15022310111044135,4.318754717321383,0.03675505185682937,0.0,0.02208377212687651,0.02621183268229288
1405,95.93752195874104,64,1664,8,7,0,7,95.93752195874104,1536,0.04854755555555555,95.9860695142966,95.9860695142966,95.99831395874105,96.01584199197397,96.04242158181772,97.70682460916146,0.10489962307667611,1.7693026504204141,0.0,0.0,0.017528033232920848,0.026579589843748863
1406,96.02980209115944,64,1664,0,3,0,3,96.02980209115944,1536,0.04854755555555555,96.078349646715,96.078349646715,96.09059409115945,96.09301226491463,96.11880146058225,97.74364654662683,0.08899936942280817,1.7138444554673953,0.0,0.0,0.0024181737551884908,0.025789195667613285
1407,96.1239557191993,128,3200,2,4,0,4,96.1239557191993,3072,0.05315555555555555,96.17711127475485,96.17711127475485,96.19788905253263,96.22008305239717,96.24616721987763,99.58526707610595,0.12221150067833264,3.4613113569066485,0.0,0.0,0.02219399986454107,0.026084167480462384
1408,96.17256283704553,64,3200,6,5,0,5,96.26220642524201,3072,0.05315555555555555,96.31536198079756,96.31536198079756,96.33613975857534,96.34172126808583,96.36843122902333,98.04483259621084,0.19586839197779682,1.872269759165306,0.08964358819648055,0.0,0.0055815095104918555,0.026709960937495225
1409,96.27861308556672,64,2368,86,7,0,7,96.27861308556672,2176,0.06843733333333334,96.34705041890005,96.34705041890005,96.36320597445561,96.38800068338021,96.41450107400522,98.0793045489401,0.1358879884384976,1.8006914633733828,0.0,0.0,0.02479470892460256,0.02650039062500298
1410,96.52775619031499,160,5248,7,6,0,6,96.52775619031499,5120,0.05929955555555556,96.58705574587054,96.58705574587054,96.6192113014261,96.63030905709338,96.65670642037463,100.88104706165065,0.1289502300596439,4.353290871335659,0.0,0.0,0.01109775566727933,0.026397363281247976
1411,96.57407045690456,96,512,11,6,0,7,96.58705574587054,0,0.15175822222222224,96.73881396809277,96.73881396809277,96.74465841253722,96.76230075631214,96.78850892688506,99.30744412033741,0.2144384699804931,2.733373663432843,0.012985288965978725,0.0,0.017642343774923575,0.02620817057291447
1412,96.64138308761878,128,1664,8,7,0,7,96.64138308761878,1536,0.04854755555555555,96.68993064317434,96.68993064317434,96.70217508761878,96.70503847634896,96.73139223611459,100.10840668110156,0.09000914849580965,3.4670235934827787,0.0,0.0,0.0028633887301765526,0.026353759765626705
1413,96.77131937670913,96,1664,0,3,0,3,96.77131937670913,1536,0.04854755555555555,96.81986693226469,96.81986693226469,96.83211137670914,96.84083634852416,96.86663029383666,99.32350823166216,0.09531091712753437,2.5521888549530303,0.0,0.0,0.008724971815027516,0.025793945312500455
1414,96.77822087228033,96,4288,87,3,0,3,96.81986693226469,256,1.140864,97.96073093226468,97.96073093226468,97.9875531544869,98.00092906615808,98.02692125365807,100.49154380643895,1.2487003813777449,3.713322934158626,0.041646059984358885,0.0,0.0133759116711758,0.025992187499994657
1415,96.94737540653833,64,2176,1,0,0,0,96.94737540653833,2048,0.050083555555555555,96.99745896209389,96.99745896209389,97.01254785098277,97.02591423742706,97.05213721919789,98.70834393306511,0.10476181265956086,1.7609685265267814,0.0,0.0,0.013366386444289446,0.026222981770828824
1416,97.24911839426849,64,1664,4,6,0,6,97.24911839426849,1536,0.04854755555555555,97.29766594982405,97.29766594982405,97.3099103942685,97.31498418730173,97.34135342558298,99.01348616135304,0.09223503131448751,1.7643677670845506,0.0,0.0,0.005073793033233187,0.02636923828124793
1417,97.29936813063199,64,1024,132,6,0,6,97.29936813063199,832,0.06440533333333334,97.36377346396533,97.36377346396533,97.37246235285421,97.39448135527047,97.42083311308298,99.09319685471242,0.12146498245098769,1.7938287240804272,0.0,0.0,0.02201900241625765,0.026351757812506094
1418,97.35448027140242,128,4608,39,4,0,4,97.35448027140242,4416,0.07515733333333334,97.42963760473576,97.42963760473576,97.45823760473576,97.47239087012876,97.49870092872251,100.8553790151638,0.1442206573200906,3.5008987437613825,0.0,0.0,0.014153265393005654,0.026310058593750796
1419,97.45549782680865,96,1664,29,1,0,1,97.45549782680865,256,0.40410311111111114,97.85960093791977,97.85960093791977,97.87184538236421,97.88836171121956,97.91412408101122,100.38301744852424,0.45862625420257075,2.9275196217155894,0.0,0.0,0.01651632885534582,0.02576236979166424
1420,97.48872053712299,64,5248,7,6,0,6,97.48872053712299,5120,0.05929955555555556,97.54802009267854,97.54802009267854,97.5801756482341,97.60530908964547,97.63186589303089,99.30744412033741,0.14314535590790456,1.818723583214421,0.0,0.0,0.025133441411369972,0.026556803385417993
1421,97.52314616567982,96,1344,36,5,0,5,97.52314616567982,1152,0.06536533333333333,97.58851149901315,97.58851149901315,97.59897816567982,97.62435017433583,97.65081428566396,100.1056328891796,0.1276681199841363,2.582486723499784,0.0,0.0,0.02537200865600653,0.026464111328124318
1422,97.61218777520129,160,1024,56,3,0,3,97.96073093226468,832,0.06440533333333334,98.02513626559802,98.02513626559802,98.0338251544869,98.05291392943933,98.07882489949141,102.19434186726484,0.4666371242901164,4.582154092063547,0.34854315706338923,0.0,0.019088774952422227,0.025910970052080984
1423,97.71590979291565,96,3200,2,4,0,4,97.71590979291565,3072,0.05315555555555555,97.7690653484712,97.7690653484712,97.78984312624898,97.81483276466001,97.8412212737746,100.35360554995579,0.12531148085894017,2.6376957570401345,0.0,0.0,0.024989638411028636,0.026388509114582348
1424,97.75195387883372,128,1152,44,5,0,5,97.75195387883372,256,0.2603448888888889,98.01229876772261,98.01229876772261,98.02169876772261,98.04483259621084,98.07058552589834,101.36580285174472,0.31863164706462044,3.6138489729110006,0.0,0.0,0.023133828488226982,0.025752929687499204
1425,97.89335553277314,160,5248,11,7,0,7,97.89335553277314,5120,0.05929955555555556,97.9526550883287,97.9526550883287,97.98481064388426,97.99888499327604,98.02569102354947,102.27074771300259,0.13233549077632745,4.3773921802294495,0.0,0.0,0.014074349391776764,0.02680603027343409
1426,97.89787576986332,96,3200,2,4,0,4,97.89787576986332,3072,0.05315555555555555,97.95103132541887,97.95103132541887,97.97180910319665,97.97317114356626,97.99958701968234,100.51272294671918,0.10171124981901869,2.6148471768558608,0.0,0.0,0.0013620403696137373,0.026415876116075765
1427,97.90117141264699,128,5248,7,6,0,6,97.90117141264699,5120,0.05929955555555556,97.96047096820254,97.96047096820254,97.9926265237581,98.00371240995797,98.03041916219011,101.40554273687385,0.12924774954312568,3.5043713242268666,0.0,0.0,0.011085886199865058,0.026706752232144026
1428,98.01059232624527,128,1664,0,3,0,3,98.02513626559802,1536,0.04854755555555555,98.07368382115358,98.07368382115358,98.08592826559803,98.10473635782475,98.1306340977801,101.41963516153568,0.12004177153482942,3.409042835290407,0.014543939352748225,0.0,0.01880809222672042,0.025897739955354382
1429,98.03841587697741,160,2176,1,0,0,0,98.03841587697741,2048,0.050083555555555555,98.08849943253297,98.08849943253297,98.10358832142185,98.1040714395755,98.13034087316926,102.30021960038282,0.09192499619184957,4.261803723405407,0.0,0.0,0.00048311815365309485,0.026269433593753888
1430,98.07508399799151,128,1728,53,4,0,4,98.07508399799151,256,0.42207288888888894,98.4971568868804,98.4971568868804,98.50975688688041,98.52805458385644,98.55443823341001,101.90227651000973,0.47935423541849786,3.8271925120182146,0.0,0.0,0.018297696976034672,0.026383649553565647
1431,98.07909031672072,96,3200,2,4,0,4,98.4971568868804,3072,0.05315555555555555,98.55031244243595,98.55031244243595,98.57109022021373,98.58082237124484,98.60722923159639,101.11745231160478,0.5281389148756688,3.038361994884056,0.41806657015968085,0.0,0.009732151031101921,0.026406860351556816
1432,98.38174198261001,160,2176,1,0,0,0,98.38174198261001,2048,0.050083555555555555,98.43182553816557,98.43182553816557,98.44691442705445,98.47188794348176,98.49812858475781,102.66751214595573,0.11638660214779861,4.285770163345717,0.0,0.0,0.02497351642730905,0.026240641276046972
1433,98.41098791540458,64,4352,147,1,0,1,98.41098791540458,256,1.1588337777777777,99.56982169318235,99.56982169318235,99.59699947096013,99.61598736226124,99.64247246968311,101.31515475321174,1.2314845542785378,2.9041668378071677,0.0,0.0,0.01898789130110856,0.02648510742187682
1434,98.42653856141797,128,4352,119,2,0,2,98.42653856141797,256,1.1588337777777777,99.58537233919574,99.58537233919574,99.61255011697352,99.61255011697352,99.63967511697352,102.97426719054125,1.2131365555555504,4.547728629123284,0.0,0.0,0.0,0.027124999999998067
1435,98.4287552440694,160,1664,16,3,0,3,98.4287552440694,1536,0.04854755555555555,98.47730279962495,98.47730279962495,98.4895472440694,98.49325372668636,98.51914722033871,102.63439393025311,0.09039197626931639,4.205638686183718,0.0,0.0,0.003706482616962603,0.025893493652347388
1436,98.45953138751148,160,1664,4,6,0,6,98.45953138751148,1536,0.04854755555555555,98.50807894306703,98.50807894306703,98.52032338751148,98.53718112508072,98.56363836559412,102.75556461652415,0.10410697808264047,4.296033229012679,0.0,0.0,0.01685773756923936,0.02645724051339471
1437,98.48670706652281,160,832,104,1,0,1,99.56982169318235,256,0.170496,99.74031769318235,99.74031769318235,99.74793991540457,99.74841778218311,99.77454489806853,103.93604444233937,1.2878378315457155,5.449337375816555,1.0831146266595368,0.0,0.00047786677853878246,0.02612711588541572
1438,98.60276656996652,96,4352,95,6,0,6,98.60276656996652,256,1.1588337777777777,99.76160034774429,99.76160034774429,99.78877812552207,99.79366824143115,99.82071230881397,102.31718929100332,1.2179457388474475,3.7144227210367973,0.0,0.0,0.004890115909077508,0.027044067382817616
1439,98.68276283378131,64,1664,4,6,0,6,99.76160034774429,1536,0.04854755555555555,99.81014790329985,99.81014790329985,99.8223923477443,99.84775686447803,99.87455539963427,101.53557063865956,1.191792565852964,2.8528078048782533,1.0788375139629807,0.0,0.02536451673373108,0.026798535156245862
1440,98.75590120032784,64,1664,0,3,0,3,98.75590120032784,1536,0.04854755555555555,98.8044487558834,98.8044487558834,98.81669320032785,98.83016925984298,98.85614156732065,100.49154380643895,0.10024036699280714,1.7356426061111137,0.0,0.0,0.013476059515127758,0.025972307477672985
1441,98.77094619429761,128,1408,113,3,0,3,98.8044487558834,256,0.332224,99.1366727558834,99.1366727558834,99.14749497810561,99.16784734299029,99.19378960373247,102.47899305134686,0.42284340943486143,3.708046857049254,0.03350256158579157,0.0,0.020352364884672625,0.025942260742183976
1442,98.77981221416866,160,4480,63,5,0,5,98.77981221416866,256,1.1947733333333332,99.97458554750199,99.97458554750199,100.00247443639088,100.02714216652335,100.05330525246085,104.24065469093743,1.2734930382921874,5.460842476768775,0.0,0.0,0.024667730132463817,0.0261630859374975
1443,98.78993883981467,96,5248,15,1,0,1,99.74031769318235,5120,0.05929955555555556,99.7996172487379,99.7996172487379,99.83177280429346,99.85292917541227,99.87941660217008,102.39724484110236,1.0894777623554148,3.6073060012876965,0.9503788533676811,0.0,0.021156371118806305,0.026487426757810795
1444,98.99947157083838,96,2176,13,4,0,4,98.99947157083838,2048,0.050083555555555555,99.04955512639394,99.04955512639394,99.06464401528282,99.08263621401828,99.10901305863634,101.61457761678056,0.10954148779795503,2.615106045942184,0.0,0.0,0.0179921987354561,0.02637684461805634
1445,99.10355033315437,64,3200,10,2,0,2,99.58537233919574,3072,0.05315555555555555,99.63852789475129,99.63852789475129,99.65930567252907,99.66680060525478,99.69364484353603,101.35117272439541,0.590094510381661,2.2476223912410376,0.4818220060413694,0.0,0.007494932725705894,0.026844238281256594
1446,99.18401350787165,64,640,92,2,0,,99.63852789475129,256,0.11658666666666667,99.75511456141795,99.75511456141795,99.7616701169735,99.77418048806729,99.80051544900479,101.45552111306729,0.6165019411331372,2.2715076051956373,0.4545143868796373,0.0,0.012510371093782169,0.026334960937504093
1447,99.18496049591619,96,3200,2,4,0,4,99.18496049591619,3072,0.05315555555555555,99.23811605147174,99.23811605147174,99.25889382924952,99.26753189815456,99.29400574798095,101.79783347615556,0.10904525206476023,2.6128729802393735,0.0,0.0,0.008638068905042928,0.02647384982638812
1448,99.21633770165616,96,2176,1,0,0,0,99.21633770165616,2048,0.050083555555555555,99.26642125721172,99.26642125721172,99.2815101461006,99.28453452551302,99.31062131750521,101.80120612382032,0.09428361584905076,2.5848684221641633,0.0,0.0,0.0030243794124231727,0.026086791992185
1449,99.24638670512466,96,3200,14,7,0,7,99.24638670512466,3072,0.05315555555555555,99.29954226068021,99.29954226068021,99.320320038458,99.33477598448698,99.3614460691224,101.89853843565885,0.1150593639977302,2.652151730534186,0.0,0.0,0.014455946028988365,0.02667008463541265
1450,99.38753503864085,128,256,0,6,0,3,99.81014790329985,0,0.07987911111111111,99.89002701441096,99.89002701441096,99.89444923663318,99.90135442307178,99.92787484950406,103.24441227277416,0.540339810863216,3.8568772341333073,0.4226128646590013,0.0,0.006905186438601163,0.026520426432284694
1451,99.45096642673778,160,3200,2,4,0,4,99.45096642673778,3072,0.05315555555555555,99.50412198229333,99.50412198229333,99.52489976007111,99.5322923690747,99.5587794784497,103.7410554726446,0.10781305171191491,4.290089045906825,0.0,0.0,0.007392609003588291,0.02648710937499743
1452,99.49702867809651,96,2304,106,6,0,6,99.89002701441096,256,0.5838008888888889,100.47382790329985,100.47382790329985,100.48962790329985,100.51144776617073,100.53792132922877,103.01329947980541,1.0408926511322534,3.516270801708899,0.3929983363144487,0.0,0.021819862870884776,0.026473563058033278
1453,99.49923410089357,64,1408,65,1,0,1,99.7996172487379,1216,0.06555733333333334,99.86517458207123,99.86517458207123,99.87599680429345,99.87941660217008,99.90574443420134,101.578649382118,0.4065103333077644,2.0794152812244278,0.30038314784432885,0.0,0.003419797876631492,0.02632783203125655
1454,99.51098797381131,160,4416,119,2,0,2,99.75511456141795,4224,0.07458133333333333,99.82969589475128,99.82969589475128,99.85722922808462,99.87952326150479,99.90606500955167,104.07059177550221,0.395077035740357,4.559603801690898,0.24412658760664385,0.0,0.02229403342016667,0.026541748046881253
1455,99.54512530425899,96,5248,15,1,0,1,99.86517458207123,5120,0.05929955555555556,99.92447413762679,99.92447413762679,99.95662969318235,99.95840156310759,99.98493639383675,102.50118624735236,0.43981108957775916,2.9560609430933766,0.32004927781224524,0.0,0.0017718699252355918,0.02653483072916174
1456,99.73379544249384,160,1664,0,3,0,3,99.73379544249384,1536,0.04854755555555555,99.7823429980494,99.7823429980494,99.79458744249385,99.81684465744343,99.84279987507736,103.95629557413332,0.109004432583518,4.222500131639478,0.0,0.0,0.02225721494957611,0.02595521763393549
1457,99.74020592171334,160,2048,0,7,0,3,99.74020592171334,0,0.5830328888888889,100.32323881060223,100.32323881060223,100.33761658838002,100.35222406391405,100.37895290505989,104.59074551573698,0.6387469833465502,4.850539594023644,0.0,0.0,0.014607475534035075,0.02672884114583951
1458,99.76746511703875,128,2176,1,0,0,0,99.76746511703875,2048,0.050083555555555555,99.81754867259431,99.81754867259431,99.8326375614832,99.8585567423099,99.88464726965366,103.21357947994011,0.11718215261490172,3.446114362901355,0.0,0.0,0.025919180826704746,0.02609052734375439
1459,99.89336825246532,96,1664,20,2,0,2,99.89336825246532,1536,0.04854755555555555,99.94191580802088,99.94191580802088,99.95416025246533,99.95914997048916,99.98554704080166,102.47693105772875,0.09217878833634074,2.5835628052634263,0.0,0.0,0.004989718023836076,0.026397070312498272
1460,99.90841047491774,96,2304,142,4,0,4,99.90841047491774,256,0.5838008888888889,100.49221136380663,100.49221136380663,100.50801136380663,100.51272294671918,100.53917502540222,103.03410035092307,0.6307645504844714,3.1256898760053247,0.0,0.0,0.004711582912548806,0.026452078683036007
1461,99.96049568280661,64,2176,5,4,0,4,100.49221136380663,2048,0.050083555555555555,100.54229491936219,100.54229491936219,100.55738380825107,100.5656275923665,100.59203182820634,102.24426937761577,0.6315361453997355,2.283773694809156,0.5317156810000228,0.0,0.008243784115421704,0.02640423583984841
1462,99.96320686754859,160,5248,11,7,0,7,100.32323881060223,5120,0.05929955555555556,100.38253836615779,100.38253836615779,100.41469392171335,100.4324120521953,100.45935040668749,104.67089077940886,0.49614353913889886,4.707683911860272,0.3600319430536416,0.0,0.0177181304819527,0.026938354492187955
1463,100.0060012016558,128,768,148,2,0,2,100.0060012016558,256,0.15252622222222223,100.15852742387803,100.15852742387803,100.1657940905447,100.17034020486416,100.19657018533292,103.52302534483813,0.19056898367711028,3.5170241431823257,0.0,0.0,0.004546114319467165,0.026229980468755798
1464,100.01299840514969,160,1664,0,3,0,3,100.01299840514969,1536,0.04854755555555555,100.06154596070525,100.06154596070525,100.0737904051497,100.07641880643897,100.10236045682959,104.21532350382081,0.08936205167989897,4.202325098671125,0.0,0.0,0.0026284012892716646,0.025941650390620907
1465,100.06897909343567,96,2112,25,5,0,5,100.06897909343567,1920,0.06766933333333333,100.136648426769,100.136648426769,100.15138176010234,100.15842390480461,100.18469848162752,102.68277145526032,0.1157193881918488,2.6137923618246504,0.0,0.0,0.0070421447022681605,0.026274576822913787
1466,100.07420519007252,128,1408,24,4,0,4,100.54229491936219,1216,0.06555733333333334,100.60785225269552,100.60785225269552,100.61867447491774,100.64484176472978,100.67116766533742,104.00025153384253,0.5969624752649025,3.926046343770011,0.4680897292896731,0.0,0.026167289812036643,0.02632590060764528
1467,100.09704170612419,64,2432,138,4,0,4,100.60785225269552,2240,0.06862933333333333,100.67648158602886,100.67648158602886,100.69299269713997,100.69749405422631,100.72380699367943,102.37597531023296,0.6267652875552443,2.278933604108772,0.5108105465713351,0.0,0.004501357086340363,0.02631293945312052
1468,100.13579200884088,96,2048,67,5,0,5,100.136648426769,0,0.5830328888888889,100.7196813156579,100.7196813156579,100.73405909343568,100.73657738787753,100.76279137713534,103.26264424171868,0.626999368294463,3.126852232877795,0.0008564179281194129,0.0,0.0025182944418560282,0.02621398925781193
1469,100.15193012641858,160,1664,4,6,0,6,100.47382790329985,1536,0.04854755555555555,100.52237545885541,100.52237545885541,100.53461990329986,100.53792132922877,100.56431268665064,104.69875908964545,0.41238256023206077,4.546828963226872,0.3218977768812721,0.0,0.003301425928910362,0.02639135742187193
1470,100.2401720891284,128,1664,12,7,0,7,100.38253836615779,1472,0.06632533333333333,100.44886369949113,100.44886369949113,100.46110814393558,100.48628924946092,100.51300321430467,103.87761221495572,0.27283112517628183,3.6374401258273252,0.14236627702939586,0.0,0.025181105525348357,0.02671396484375066
1471,100.24556638977805,64,2048,0,5,0,3,100.7196813156579,0,0.5830328888888889,101.30271420454679,101.30271420454679,101.31709198232457,101.33962267596347,101.36580285174472,103.02529839210929,1.1202364619666696,2.7797320023312437,0.4741149258798458,0.0,0.022530693638898924,0.026180175781249204
1472,100.32521005582888,64,4416,135,4,0,4,100.67648158602886,256,1.1768035555555554,101.85328514158441,101.85328514158441,101.88081847491775,101.90227651000973,101.92859682250973,103.58456977230979,1.6033867666808561,3.2593597164809154,0.3512715301999805,0.0,0.021458035091981742,0.02632031250000466
1473,100.33379174791548,96,5248,3,0,0,0,100.33379174791548,5120,0.05929955555555556,100.39309130347104,100.39309130347104,100.4252468590266,100.43258628332552,100.45897124426303,102.95539954829948,0.12517949634754189,2.621607800383998,0.0,0.0,0.007339424298919539,0.026384960937505753
1474,100.71879227386431,128,1664,49,7,0,7,100.71879227386431,256,0.40410311111111114,101.12289538497542,101.12289538497542,101.13513982941987,101.15428485492967,101.18085874815884,104.53774209776823,0.46206647429453085,3.818949823903921,0.0,0.0,0.019145025509800462,0.0265738932291697
1475,100.83444060940518,128,3072,22,5,0,5,101.30271420454679,256,0.7994382222222223,102.10215242676901,102.10215242676901,102.12221909343567,102.12926891619783,102.15563590838534,105.50416361020827,1.3211952989801574,4.6697230008030886,0.4682735951416106,0.0,0.0070498227621556,0.026366992187504934
1476,100.87564925611805,96,832,60,1,0,1,100.87564925611805,256,0.170496,101.04614525611805,101.04614525611805,101.05376747834028,101.0768378586805,101.10331556050342,103.57224382384977,0.22766630438536595,2.6965945677317222,0.0,0.0,0.023070380340229235,0.026477701822912536
1477,100.96401980251098,160,3200,2,4,0,4,101.85328514158441,3072,0.05315555555555555,101.90644069713996,101.90644069713996,101.92721847491774,101.92859682250973,101.9549521517508,106.11228340581981,0.9909323492398272,5.148263603308834,0.8892653390734324,0.0,0.001378347591995066,0.026355329241070535
1478,100.96562237497177,160,1664,0,3,0,3,100.96562237497177,1536,0.04854755555555555,101.01416993052733,101.01416993052733,101.02641437497178,101.03278599393896,101.05856961559074,105.17250455850831,0.09294724061896886,4.2068821835365355,0.0,0.0,0.0063716189671794154,0.02578362165178305
1479,100.97798529390256,96,3200,6,5,0,5,102.10215242676901,3072,0.05315555555555555,102.15530798232456,102.15530798232456,102.17608576010234,102.18200338885408,102.20840377947908,104.7135585483593,1.2304184855765214,3.735573254456739,1.1241671328664467,0.0,0.005917628751745951,0.02640039062499966
1480,101.04423008008331,96,704,88,0,0,0,101.04423008008331,256,0.13455644444444445,101.17878652452775,101.17878652452775,101.18569763563886,101.19794839270052,101.22417161861199,103.70877137447135,0.17994153852868067,2.6645412943880444,0.0,0.0,0.012250757061664785,0.02622322591146542
1481,101.05187897339367,160,1664,0,3,0,3,101.05187897339367,1536,0.04854755555555555,101.10042652894923,101.10042652894923,101.11267097339368,101.1359234102336,101.1617123506633,105.27606974405518,0.10983337726962361,4.224190770661508,0.0,0.0,0.023252436839925394,0.02578894042969182
1482,101.26918556780001,64,1664,0,3,0,3,101.26918556780001,1536,0.04854755555555555,101.31773312335557,101.31773312335557,101.32997756780001,101.3422486055461,101.36804363592805,102.99709054483644,0.09885806812803821,1.727904977036431,0.0,0.0,0.012271037746089064,0.025795030381942752
1483,101.2876302751545,64,832,84,2,0,2,101.2876302751545,640,0.06382933333333334,101.35145960848783,101.35145960848783,101.35908183071005,101.37735631814542,101.40341076150479,103.05243506163501,0.11578048635028892,1.7648047864805108,0.0,0.0,0.018274487435363085,0.026054443359370794
1484,101.39655783013174,96,2304,74,6,0,6,101.39655783013174,2112,0.06824533333333334,101.46480316346508,101.46480316346508,101.48060316346508,101.4835363892176,101.50955326979796,103.96807392641999,0.11299543966622139,2.5715160962882493,0.0,0.0,0.002933225752528301,0.026016880580357338
1485,101.51863427419957,96,2368,126,3,0,3,101.51863427419957,2176,0.06843733333333334,101.5870716075329,101.5870716075329,101.60322716308846,101.62594229044193,101.65177350788984,104.11186989053957,0.13313923369027236,2.593235616339996,0.0,0.0,0.02271512735346448,0.025831217447915833
1486,101.57089014530484,160,1472,24,4,0,4,101.90644069713996,1280,0.06574933333333334,101.97219003047329,101.97219003047329,101.98336780825106,102.00766427507669,102.03394131365091,106.19111334443588,0.46305116834606963,4.620223199131033,0.3355505518351123,0.0,0.024296466825632024,0.02627703857422148
1487,101.90246123686278,96,896,104,1,0,1,101.90246123686278,704,0.06402133333333333,101.9664825701961,101.9664825701961,101.97446034797389,101.97635812235237,102.00265988016487,104.46132881733935,0.10019864330209316,2.558867580476573,0.0,0.0,0.0018977743784773793,0.026301757812504434
1488,101.97669644339169,96,1280,157,2,0,2,101.97669644339169,256,0.29628444444444446,102.27298088783613,102.27298088783613,102.28309199894724,102.29411017556728,102.32022597960375,104.79218847960377,0.34352953621205984,2.8154920362120777,0.0,0.0,0.011018176620041231,0.02611580403646485
1489,102.067241329359,64,3200,2,4,0,4,102.067241329359,3072,0.05315555555555555,102.12039688491456,102.12039688491456,102.14117466269234,102.16533383074076,102.19164519141785,103.84501706118627,0.12440386205884124,1.777775731827262,0.0,0.0,0.02415916804842766,0.026311360677084394
1490,102.07940734560803,160,1024,52,6,0,6,102.07940734560803,256,0.22440533333333335,102.30381267894137,102.30381267894137,102.31250156783025,102.31718929100332,102.34297216860749,106.49378973510677,0.26356482299945583,4.414382389498741,0.0,0.0,0.004687723173063318,0.025782877604171972
1491,102.1343196046808,160,1408,69,0,0,0,102.1343196046808,256,0.332224,102.4665436046808,102.4665436046808,102.47736582690301,102.48433532303906,102.51051618241407,106.69259796952342,0.37619657773326765,4.5582783648426215,0.0,0.0,0.006969496136051134,0.02618085937500325
1492,102.25460605129108,64,4096,79,1,0,5,102.25460605129108,0,1.1580657777777779,103.41267182906886,103.41267182906886,103.43842738462442,103.44300004943571,103.46884782775602,105.12105440327686,1.2142417764649451,2.866448351985781,0.0,0.0,0.004572664811291816,0.02584777832031193
1493,102.35718925355546,160,2176,1,0,0,0,102.4665436046808,2048,0.050083555555555555,102.51662716023635,102.51662716023635,102.53171604912524,102.53669753007031,102.56285947668489,106.74509232987498,0.20567022312943095,4.3879030763195175,0.10935435112533298,0.0,0.004981480945076555,0.026161946614578824
1494,102.36297951038149,96,1408,36,5,0,5,102.36297951038149,1216,0.06555733333333334,102.42853684371482,102.42853684371482,102.43935906593704,102.44602926776032,102.47233200213532,104.97592305031243,0.10935249175382467,2.6129435399309386,0.0,0.0,0.006670201823283151,0.026302734374993975
1495,102.36517183084193,160,2560,30,1,0,1,103.41267182906886,256,0.65568,104.06835182906886,104.06835182906886,104.08557405129108,104.09350342671436,104.11975000874561,108.25769700581591,1.7545781779036815,5.892525174973983,1.0474999982269253,0.0,0.007929375423287865,0.026246582031248522
1496,102.53150012854901,160,1984,41,4,0,4,102.53150012854901,1792,0.06728533333333334,102.59878546188234,102.59878546188234,102.61280768410457,102.61323605242046,102.63955129900249,106.7985093143717,0.10805117045347856,4.267009185822687,0.0,0.0,0.00042836831589454505,0.026315246582029772
1497,102.55698795109313,96,2624,30,1,0,1,104.06835182906886,2432,0.06920533333333334,104.13755716240219,104.13755716240219,104.15513494017996,104.17224463765186,104.1985009853081,106.68063890034716,1.6415130342149666,4.123650949254028,1.5113638779757252,0.0,0.017109697471894947,0.026256347656243406
1498,102.80850589029565,96,512,14,4,0,7,102.80850589029565,0,0.15175822222222224,102.96026411251788,102.96026411251788,102.96610855696233,102.98169393816265,103.00789690040223,105.4824265245419,0.19939101010658078,2.673920634246258,0.0,0.0,0.015585381200324377,0.026202962239580074
1499,102.8829106116666,96,3200,10,2,0,2,102.8829106116666,3072,0.05315555555555555,102.93606616722215,102.93606616722215,102.95684394499993,102.97426719054125,103.00032265929126,105.46593253884856,0.11741204762465429,2.58302192718196,0.0,0.0,0.01742324554132324,0.026055468750001864
1500,102.97025939771831,160,2176,25,5,0,5,102.97025939771831,1984,0.06786133333333334,103.03812073105165,103.03812073105165,103.05320961994053,103.07813032570304,103.10448799171867,107.30523196958328,0.13422859400036202,4.3349725718649665,0.0,0.0,0.024920705762511375,0.0263576660156275
1501,102.99764268460797,64,2880,26,1,0,1,104.13755716240219,2688,0.06997333333333333,104.20753049573553,104.20753049573553,104.22653049573553,104.25101514546435,104.27730264546435,105.92917376362843,1.2796599608563781,2.931531079020459,1.1399144777942212,0.0,0.024484649728819363,0.026287499999995134
1502,103.23620724563635,96,832,148,2,0,2,103.23620724563635,640,0.06382933333333334,103.30003657896968,103.30003657896968,103.3076588011919,103.31457495421313,103.34062954405688,105.80350470681731,0.10442229842053052,2.5672974611809565,0.0,0.0,0.006916153021222726,0.02605458984375275
1503,103.24219203813362,128,5248,3,0,0,0,103.24219203813362,5120,0.05929955555555556,103.30149159368918,103.30149159368918,103.33364714924474,103.34218055415886,103.36836243892448,106.71899796952341,0.12617040079085484,3.4768059313897908,0.0,0.0,0.008533404914118137,0.02618188476562011
1504,103.42958021849267,160,768,128,2,0,2,103.42958021849267,256,0.15252622222222223,103.5821064407149,103.5821064407149,103.58937310738156,103.60166804503345,103.6277152130022,107.74667877908294,0.19813499450953032,4.317098560590267,0.0,0.0,0.012294937651887494,0.026047167968755502
1505,103.48861466098742,64,1664,0,3,0,3,103.48861466098742,1536,0.04854755555555555,103.53716221654298,103.53716221654298,103.54940666098743,103.5675297049927,103.59344401163332,105.22427555460206,0.10482935064590038,1.7356608936146358,0.0,0.0,0.018123044005264433,0.025914306640629547
1506,103.69296864756106,160,1664,4,6,0,6,103.69296864756106,1536,0.04854755555555555,103.74151620311662,103.74151620311662,103.75376064756107,103.76143212954499,103.78727734438874,107.96522745483335,0.09430869682768162,4.272258807272294,0.0,0.0,0.007671481983919648,0.02584521484375557
1507,103.79632271575433,64,1280,93,6,0,6,103.79632271575433,1088,0.06517333333333333,103.86149604908766,103.86149604908766,103.87160716019878,103.89066308657624,103.91646621157624,105.5697517654267,0.12014349582190675,1.773429049672373,0.0,0.0,0.019055926377461674,0.02580312499999593
1508,103.92400094704534,128,5248,19,6,0,6,103.92400094704534,5120,0.05929955555555556,103.9833005026009,103.9833005026009,104.01545605815646,104.01949995181062,104.04558344790436,107.3888741101068,0.12158250085902012,3.464873163061455,0.0,0.0,0.00404389365415625,0.02608349609374727
1509,104.02589149783172,64,1600,33,7,0,7,104.02589149783172,1408,0.06613333333333334,104.09202483116506,104.09202483116506,104.10391372005395,104.11629092589322,104.14262796202604,105.78080215636197,0.11673646419431805,1.7549106585302496,0.0,0.0,0.01237720583927171,0.026337036132815683
1510,104.36452297790026,64,2368,70,6,0,6,104.36452297790026,2176,0.06843733333333334,104.4329603112336,104.4329603112336,104.44911586678916,104.46298579165438,104.48908833071688,106.1528179903151,0.12456535281661729,1.7882950124148351,0.0,0.0,0.013869924865218763,0.02610253906250648
1511,104.39554128798062,96,3200,6,5,0,5,104.39554128798062,3072,0.05315555555555555,104.44869684353617,104.44869684353617,104.46947462131395,104.47679702492181,104.5031019077343,107.0117097527864,0.10756061975368425,2.6161684648057815,0.0,0.0,0.007322403607858519,0.026304882812496544
1512,104.4145169420755,96,2176,154,3,0,,104.4145169420755,256,0.5478613333333333,104.96237827540882,104.96237827540882,104.9774671642977,104.99121461710206,105.01713319620362,107.48057525814558,0.6026162541281224,3.066058316070084,0.0,0.0,0.013747452804352633,0.025918579101556816
1513,104.4313541301228,96,3200,2,4,0,4,104.4313541301228,3072,0.05315555555555555,104.48450968567835,104.48450968567835,104.50528746345613,104.51844733462377,104.54449176821753,107.03772452433263,0.11313763809472732,2.606370394209833,0.0,0.0,0.01315987116764461,0.026044433593753524
1514,104.43415596153186,128,1664,20,2,0,2,104.43415596153186,1536,0.04854755555555555,104.48270351708742,104.48270351708742,104.49494796153186,104.50860117491627,104.53437939757252,107.82360309548919,0.10022343604066464,3.389447133957333,0.0,0.0,0.013653213384401397,0.025778222656256844
1515,104.47825574202592,160,1664,0,3,0,3,104.96237827540882,1536,0.04854755555555555,105.01092583096438,105.01092583096438,105.02317027540883,105.04305226358643,105.06895040811769,109.1927294358567,0.590694666091764,4.714473693830783,0.48412253338290157,0.0,0.019881988177601784,0.025898144531254275
1516,104.49051819179456,64,5248,7,6,0,6,104.49051819179456,5120,0.05929955555555556,104.54981774735012,104.54981774735012,104.58197330290568,104.59350336977938,104.61981656732402,106.28469950073178,0.12929837552945855,1.7941813089372118,0.0,0.0,0.011530066873703504,0.026313197544638456
1517,104.53281768424377,160,1664,0,3,0,3,105.01092583096438,1536,0.04854755555555555,105.05947338651994,105.05947338651994,105.07171783096439,105.09484904093019,105.12073372517497,109.24446485717367,0.587916040931205,4.711647172929901,0.47810814672061497,0.0,0.023131209965796984,0.025884684244786627
1518,104.65819299234339,128,512,146,1,0,5,104.65819299234339,0,0.15175822222222224,104.80995121456561,104.80995121456561,104.81579565901006,104.8322775478081,104.85852754780811,108.15345140034717,0.20033455546472112,3.495258408003778,0.0,0.0,0.016481888798040245,0.026250000000004547
1519,104.97623459255112,64,3200,10,2,0,2,104.97623459255112,3072,0.05315555555555555,105.02939014810667,105.02939014810667,105.05016792588445,105.05032568663502,105.07629131163502,106.71729010720794,0.10005671908389502,1.7410555146568214,0.0,0.0,0.00015776075056805894,0.025965624999997772
1520,105.05610624650733,160,2176,1,0,0,0,105.05610624650733,2048,0.050083555555555555,105.10618980206289,105.10618980206289,105.12127869095177,105.1380267455651,105.16440321040885,109.34630206721069,0.10829696390152321,4.29019582070336,0.0,0.0,0.01674805461333051,0.026376464843750114
1521,105.13602764057387,64,1728,49,7,0,7,105.13602764057387,1536,0.06651733333333333,105.20254497390721,105.20254497390721,105.21514497390721,105.2384166583151,105.26423965636198,106.89296524229947,0.12821201578810815,1.7569376017255962,0.0,0.0,0.02327168440788796,0.025822998046876933
1522,105.1437811445037,128,2176,5,4,0,4,105.1437811445037,2048,0.050083555555555555,105.19386470005927,105.19386470005927,105.20895358894815,105.22181842837377,105.24787685936334,108.60770893420987,0.10409571485963909,3.4639277897061618,0.0,0.0,0.012864839425617447,0.02605843098957905
1523,105.20466260035386,128,2176,17,1,0,1,105.20466260035386,1984,0.06786133333333334,105.2725239336872,105.2725239336872,105.28761282257608,105.30349446675342,105.32955882222217,108.62206542215706,0.12489622186831184,3.4174028218032078,0.0,0.0,0.01588164417734106,0.026064355468747635
1524,105.24548825818052,96,2176,5,4,0,4,105.24548825818052,2048,0.050083555555555555,105.29557181373607,105.29557181373607,105.31066070262496,105.3260550820196,105.35211576840352,107.8624782096935,0.10662751022300654,2.6169899515129913,0.0,0.0,0.015394379394635394,0.026060686383928555
1525,105.28593452519875,96,1664,0,3,0,3,105.28593452519875,1536,0.04854755555555555,105.33448208075431,105.33448208075431,105.34672652519876,105.35377189249267,105.37965128702392,107.84400055111433,0.09371676182516353,2.558066025915579,0.0,0.0,0.0070453672939123635,0.02587939453124477
1526,105.29245424020135,160,4480,47,3,0,3,105.33448208075431,256,1.1947733333333332,106.52925541408764,106.52925541408764,106.55714430297654,106.57063126749267,106.59679064249268,110.72606786010337,1.3043364022913266,5.433613619902019,0.04202784055296149,0.0,0.013486964516133071,0.02615937500000598
1527,105.34141071999206,64,3200,10,2,0,2,105.34141071999206,3072,0.05315555555555555,105.3945662755476,105.3945662755476,105.41534405332538,105.43986133116627,105.46593253884856,107.1067114939267,0.1245218188565076,1.7653007739346407,0.0,0.0,0.024517277840885754,0.026071207682292652
1528,105.68075917401657,64,2176,5,4,0,4,105.68075917401657,2048,0.050083555555555555,105.73084272957213,105.73084272957213,105.74593161846101,105.77055884876066,105.79673644362673,107.46303088593977,0.11597726961015553,1.782271711923201,0.0,0.0,0.024627230299643088,0.026177594866069853
1529,105.70370815174667,128,4672,39,4,0,4,105.73084272957213,4480,0.07534933333333334,105.80619206290547,105.80619206290547,105.83514761846102,105.84909309820262,105.87540993169871,109.24475580920986,0.17170177995204483,3.5410476574631957,0.027134577825464135,0.0,0.013945479741593658,0.026316833496096592
1530,105.75409719896817,64,2176,1,0,0,0,105.75409719896817,2048,0.050083555555555555,105.80418075452373,105.80418075452373,105.81926964341261,105.82397352290884,105.85029735103384,107.50151774491404,0.096200152065677,1.7474205459458716,0.0,0.0,0.004703879496233299,0.026323828125001114
1531,105.86486844306316,64,1664,4,6,0,6,105.86486844306316,1536,0.04854755555555555,105.91341599861872,105.91341599861872,105.92566044306317,105.94151260527045,105.96794636178086,107.6242170788568,0.10307791871770178,1.7593486357936428,0.0,0.0,0.01585216220728114,0.02643375651041424
1532,105.88772042385853,96,1664,0,3,0,3,106.52925541408764,1536,0.04854755555555555,106.5778029696432,106.5778029696432,106.59004741408765,106.59679064249268,106.62289261189372,109.08925287335671,0.7351721880351931,3.2015324494981883,0.6415349902291183,0.0,0.00674322840502839,0.026101969401040037
1533,106.03353507711692,128,1664,4,6,0,6,106.03353507711692,1536,0.04854755555555555,106.08208263267248,106.08208263267248,106.09432707711693,106.1001224685517,106.12646998529277,109.4772274711094,0.09293490817584882,3.443692393992478,0.0,0.0,0.005795391434773478,0.026347516741068944
1534,106.04636067466271,96,896,60,1,0,1,106.04636067466271,704,0.06402133333333333,106.11038200799604,106.11038200799604,106.11835978577382,106.13707317769092,106.16295237690967,108.62206542215706,0.11659170224696425,2.575704747494356,0.0,0.0,0.018713391917103195,0.025879199218749704
1535,106.25274350483863,160,3200,2,4,0,4,106.25274350483863,3072,0.05315555555555555,106.30589906039418,106.30589906039418,106.32667683817196,106.34926715302963,106.3756566619582,110.59248549670988,0.1229131571195694,4.33974199187125,0.0,0.0,0.02259031485766627,0.026389508928573946
1536,106.40163862727752,64,3200,2,4,0,4,106.40163862727752,3072,0.05315555555555555,106.45479418283307,106.45479418283307,106.47557196061085,106.48121958048499,106.50763284952795,108.18234776884529,0.10599422225043043,1.780709141567769,0.0,0.0,0.005647619874139309,0.02641326904296193
1537,106.41389687435272,96,4544,63,5,0,5,106.41389687435272,4352,0.07496533333333334,106.48886220768605,106.48886220768605,106.5171066521305,106.53196024106765,106.55860884132807,109.1071501824739,0.1447119669753505,2.693253308121186,0.0,0.0,0.01485358893715727,0.026648600260415378
1538,106.43838226704459,64,2176,1,0,0,0,106.43838226704459,2048,0.050083555555555555,106.48846582260015,106.48846582260015,106.50355471148903,106.50855174556509,106.53484259842966,108.1833268269453,0.09646033138507448,1.7449445599007163,0.0,0.0,0.004997034076055229,0.026290852864576664
1539,106.52710724734727,96,512,16,3,0,3,106.5778029696432,0,0.15175822222222224,106.72956119186543,106.72956119186543,106.73540563630988,106.75340978311768,106.77939255376499,109.24446485717367,0.2522853064177184,2.7173576098263936,0.050695722295927226,0.0,0.018004146807797383,0.025982770647317466
1540,106.56395363364751,128,1216,32,6,0,6,106.56395363364751,1024,0.06498133333333334,106.62893496698085,106.62893496698085,106.63869052253641,106.65146844604428,106.67761239135677,110.03315455444275,0.11365875770925982,3.469200920795231,0.0,0.0,0.012777923507869104,0.026143945312497863
1541,106.5982766474632,64,4736,39,4,0,4,106.5982766474632,4544,0.07554133333333334,106.67381798079653,106.67381798079653,106.70312909190764,106.7189565799967,106.74547366984045,108.42230064970465,0.14719702237725585,1.8240240022414582,0.0,0.0,0.01582748808905876,0.02651708984375034
1542,106.69399402080857,128,5248,7,6,0,6,106.69399402080857,5120,0.05929955555555556,106.75329357636413,106.75329357636413,106.78544913191969,106.80833944213803,106.83472225463804,110.1928380505365,0.14072823382946353,3.4988440297279197,0.0,0.0,0.022890310218343757,0.026382812500003183
1543,106.75563805198323,128,1664,0,3,0,3,106.75563805198323,1536,0.04854755555555555,106.80418560753878,106.80418560753878,106.81643005198323,106.83135955990339,106.85732232845808,110.1541092419393,0.101684276474856,3.3984711899560693,0.0,0.0,0.014929507920157903,0.025962768554691706
1544,106.9271329951912,96,4736,31,7,0,7,106.9271329951912,4544,0.07554133333333334,107.00267432852453,107.00267432852453,107.03198543963565,107.03198543963565,107.05929793963564,109.66414990903668,0.13216494444444038,2.73701691384548,0.0,0.0,0.0,0.027312499999993634
1545,107.0695642939757,128,768,112,2,0,2,107.0695642939757,256,0.15252622222222223,107.22209051619792,107.22209051619792,107.22935718286459,107.23497199197357,107.26053270160898,110.52727212218188,0.19096840763327805,3.457707828206182,0.0,0.0,0.005614809108976715,0.025560709635414014
1546,107.08608938917091,160,2176,1,0,0,0,107.08608938917091,2048,0.050083555555555555,107.13617294472647,107.13617294472647,107.15126183361535,107.16242436112498,107.18850553788279,111.37800411276035,0.10241614871188176,4.291914723589443,0.0,0.0,0.011162527509625875,0.026081176757813296
1547,107.23281236376447,96,1344,153,2,0,2,107.23281236376447,1152,0.06536533333333333,107.2981776970978,107.2981776970978,107.30864436376447,107.31165558572357,107.33724127908295,109.76924477843188,0.1044289153184792,2.5364324146674164,0.0,0.0,0.0030112219590989753,0.025585693359374773
1548,107.39462357575297,64,2688,30,1,0,1,107.39462357575297,2496,0.06939733333333334,107.4640209090863,107.4640209090863,107.48195424241963,107.50583421284716,107.53173304097216,109.17210802469613,0.13710946521918288,1.7774844489431558,0.0,0.0,0.02387997042752943,0.02589882812499411
1549,107.57041340272447,128,2048,106,5,0,6,107.57041340272447,0,0.5830328888888889,108.15344629161336,108.15344629161336,108.16782406939114,108.17692728208328,108.20355154966141,111.54827994321612,0.6331381469369433,3.9778665404916467,0.0,0.0,0.009103212692139095,0.026624267578128524
1550,107.5871022760383,160,2176,5,4,0,4,107.5871022760383,2048,0.050083555555555555,107.63718583159385,107.63718583159385,107.65227472048274,107.67638700573144,107.70297168765109,111.91176323108488,0.11586941161279185,4.324660955046582,0.0,0.0,0.024112285248705234,0.026584681919644026
1551,107.66395268314204,128,2176,1,0,0,0,107.66395268314204,2048,0.050083555555555555,107.7140362386976,107.7140362386976,107.72912512758649,107.7363043660078,107.7623873738203,111.1146700307291,0.0984346906782605,3.4507173475870587,0.0,0.0,0.007179238421315404,0.0260830078125025
1552,107.67975593519571,160,3200,2,4,0,4,107.67975593519571,3072,0.05315555555555555,107.73291149075126,107.73291149075126,107.75368926852904,107.75614251633412,107.7827257072521,111.99094360217863,0.10296977205638314,4.311187666982917,0.0,0.0,0.0024532478050787176,0.02658319091797523
1553,107.73633479612242,128,2368,66,1,0,1,107.73633479612242,256,0.6017706666666667,108.33810546278909,108.33810546278909,108.35426101834464,108.36159641987841,108.38761753804248,111.71085883849823,0.6512827419200562,3.974524042375805,0.0,0.0,0.007335401533765662,0.026021118164067047
1554,107.76981222311827,160,5248,3,0,0,0,107.76981222311827,5120,0.05929955555555556,107.82911177867382,107.82911177867382,107.86126733422938,107.8667242878828,107.8931051472578,112.09073226217441,0.12329292413953397,4.320920039056148,0.0,0.0,0.005456953653421692,0.02638085937499568
1555,107.79666215395207,96,5248,11,7,0,7,107.79666215395207,5120,0.05929955555555556,107.85596170950762,107.85596170950762,107.88811726506319,107.90622762713564,107.93367293963564,110.54061670591166,0.1370107856835716,2.7439545519595896,0.0,0.0,0.018110362072448538,0.02744531250000648
1556,107.93745878908332,128,2368,150,5,0,5,108.15344629161336,256,0.6017706666666667,108.75521695828003,108.75521695828003,108.77137251383559,108.7894089715364,108.81588472023432,112.15637613462236,0.8784259311509999,4.21891734553904,0.21598750253004084,0.0,0.0180364577008163,0.026475748697919244
1557,107.96451971831128,128,1664,0,3,0,3,107.96451971831128,1536,0.04854755555555555,108.01306727386684,108.01306727386684,108.02531171831129,108.02586952897892,108.05182837384498,111.34199429239504,0.08730865553370393,3.377474574083763,0.0,0.0,0.0005578106676296102,0.02595884486606792
1558,108.00550698562081,128,2432,66,1,0,1,108.33810546278909,2240,0.06862933333333333,108.40673479612242,108.40673479612242,108.42324590723354,108.43966123921435,108.4657168056206,111.78923139709197,0.4602098199997897,3.7837244114711552,0.3325984771682755,0.0,0.016415331980809356,0.026055566406256503
1559,108.0169895590927,96,2496,42,0,0,0,108.0169895590927,256,0.6377102222222223,108.65469978131493,108.65469978131493,108.6715664479816,108.68614958085155,108.71256872147654,111.2199688588541,0.6955791623838365,3.2029792997613953,0.0,0.0,0.014583132869944393,0.026419140624994952
1560,108.04217976239983,128,2176,17,1,0,1,108.40673479612242,2048,0.050083555555555555,108.45681835167798,108.45681835167798,108.47190724056686,108.4917728603081,108.5178303961154,111.84135737365447,0.47565063371557414,3.799177611254649,0.36455503372259557,0.0,0.019865619741239016,0.026057535807296972
1561,108.16353351209555,160,3200,2,4,0,4,108.16353351209555,3072,0.05315555555555555,108.2166890676511,108.2166890676511,108.23746684542888,108.26235875517341,108.28901451689215,112.49001826154434,0.12548100479659752,4.326484749448781,0.0,0.0,0.024891909744525265,0.026655761718743065
1562,108.2343128738351,160,2176,1,0,0,0,108.65469978131493,2048,0.050083555555555555,108.70478333687049,108.70478333687049,108.71987222575937,108.7389883503828,108.76534886470571,112.95534595032547,0.5310359908706204,4.721033076490372,0.42038690747983765,0.0,0.019116124623423048,0.026360514322917084
1563,108.25693233090588,128,5248,7,6,0,6,108.25693233090588,5120,0.05929955555555556,108.31623188646144,108.31623188646144,108.348387442017,108.36052530639586,108.38718375366149,111.75688829467714,0.13025142275560597,3.4999559637712565,0.0,0.0,0.012137864378857444,0.026658447265631935
1564,108.33764919197006,64,1664,0,3,0,3,108.33764919197006,1536,0.04854755555555555,108.38619674752562,108.38619674752562,108.39844119197006,108.41530347150123,108.44125043195045,110.07601329467367,0.10360123998039228,1.7383641027036134,0.0,0.0,0.0168622795311677,0.02594696044921818
1565,108.35870625175653,96,2176,9,4,0,4,108.35870625175653,2048,0.050083555555555555,108.40878980731209,108.40878980731209,108.42387869620097,108.44884516467862,108.47532123889737,110.98848517118904,0.11661498714083507,2.6297789194325105,0.0,0.0,0.02496646847764339,0.02647607421874909
1566,108.50025773716894,96,1664,20,2,0,2,108.50025773716894,1536,0.04854755555555555,108.5488052927245,108.5488052927245,108.56104973716894,108.56405890603605,108.58968992817147,111.05849282530689,0.08943219100252975,2.5582350881379483,0.0,0.0,0.0030091688671092243,0.025631022135414128
1567,108.52438527721695,64,4608,131,2,0,2,108.5488052927245,256,1.230712888888889,109.77951818161338,109.77951818161338,109.80811818161338,109.82050405577563,109.84667430317147,111.51772695616627,1.3222890259545181,2.993341678949321,0.02442001550754469,0.0,0.012385874162248456,0.026170247395839397
1568,108.58912165892798,64,2176,1,0,0,0,108.70478333687049,2048,0.050083555555555555,108.75486689242605,108.75486689242605,108.76995578131493,108.79170986730988,108.81802864521167,110.4830693401599,0.22890698628368966,1.8939476812319214,0.11566167794251214,0.0,0.02175408599494233,0.0263187779017926
1569,108.61301443921157,128,2176,1,0,0,0,108.75486689242605,2048,0.050083555555555555,108.80495044798161,108.80495044798161,108.8200393368705,108.8443479113947,108.87063550905096,112.22069726868483,0.25762106983938793,3.607682829473262,0.14185245321448292,0.0,0.024308574524212645,0.026287597656249773
1570,108.69159318260463,64,5248,3,0,0,0,108.80495044798161,5120,0.05929955555555556,108.86425000353717,108.86425000353717,108.89640555909273,108.89692359498845,108.92335371651623,110.58886157648803,0.23176053391159712,1.8972683938833939,0.1133572653769761,0.0,0.0005180358957233011,0.026430121527781125
1571,108.75173484528241,64,256,4,3,0,6,108.75173484528241,0,0.07987911111111111,108.83161395639353,108.83161395639353,108.83603617861574,108.85646820538796,108.8823312153706,110.51705028197837,0.1305963700881847,1.765315436695957,0.0,0.0,0.020432026772212453,0.025863009982643348
1572,108.90125115595423,64,1664,4,6,0,6,108.90125115595423,1536,0.04854755555555555,108.94979871150979,108.94979871150979,108.96204315595423,108.9737931286615,109.000291370849,110.66722921264588,0.09904021489477088,1.765978056691651,0.0,0.0,0.011749972707264078,0.02649824218750041
1573,108.93138958584568,160,4544,67,5,0,5,108.93138958584568,256,1.212743111111111,110.14413269695679,110.14413269695679,110.17237714140123,110.17722415708329,110.20370348651038,114.3967447055859,1.2723139006646988,5.465355119740224,0.0,0.0,0.004847015682059919,0.026479329427090192
1574,109.04666890220794,128,1408,81,5,0,5,110.14413269695679,256,0.332224,110.47635669695678,110.47635669695678,110.487178919179,110.4950083367708,110.52129410337236,113.86616039569006,1.4746252011644145,4.8194914934821185,1.0974637947488475,0.0,0.00782941759179323,0.026285766601560567
1575,109.24745193622138,160,5248,11,7,0,7,109.24745193622138,5120,0.05929955555555556,109.30675149177694,109.30675149177694,109.3389070473325,109.36150204119814,109.3890036688023,113.66222258156269,0.1415517325809219,4.4147706453413065,0.0,0.0,0.022594993865638457,0.027501627604166856
1576,109.36037510362588,96,5248,11,7,0,7,109.36037510362588,5120,0.05929955555555556,109.41967465918144,109.41967465918144,109.451830214737,109.4715114813023,109.49902979184918,112.08009912778667,0.13865468822329774,2.719724024160783,0.0,0.0,0.019681266565299893,0.027518310546881253
1577,109.3761246571485,128,1664,4,6,0,6,109.3761246571485,1536,0.04854755555555555,109.42467221270405,109.42467221270405,109.4369166571485,109.45083619506774,109.4772274711094,112.82462706420839,0.1011028139609067,3.448502407059891,0.0,0.0,0.013919537919235836,0.02639127604166447
1578,109.38247017862925,160,3200,2,4,0,4,109.38247017862925,3072,0.05315555555555555,109.4356257341848,109.4356257341848,109.45640351196258,109.48229164905362,109.50871482613695,113.69341217662989,0.12624464750770414,4.310941998000644,0.0,0.0,0.025888137091044428,0.02642317708333053
1579,109.49344322825058,96,1408,37,0,0,0,109.49344322825058,256,0.332224,109.82566722825058,109.82566722825058,109.8364894504728,109.84942285578491,109.87581917739949,112.37627978821608,0.3823759491489085,2.8828365599654973,0.0,0.0,0.01293340531211129,0.02639632161458394
1580,109.63432776079382,96,2432,106,6,0,6,109.63432776079382,2176,0.0864071111111111,109.72073487190494,109.72073487190494,109.73724598301605,109.74220061564066,109.76864853230732,112.28353868530213,0.13432077151350086,2.64921092450831,0.0,0.0,0.00495463262460305,0.026447916666668903
1581,110.07409860608793,64,512,49,3,0,7,110.07409860608793,0,0.15175822222222224,110.22585682831016,110.22585682831016,110.2317012727546,110.23236754272055,110.25824535033775,111.88105929890546,0.1841467442498157,1.8069606928175261,0.0,0.0,0.0006662699659472082,0.02587780761719216
1582,110.08862978026559,128,1664,8,7,0,7,110.08862978026559,1536,0.04854755555555555,110.13717733582115,110.13717733582115,110.1494217802656,110.16058985044292,110.18773145200542,113.58215239113301,0.09910167173983098,3.493522610867416,0.0,0.0,0.011168070177319578,0.027141601562505002
1583,110.41704722423859,96,1280,32,6,0,6,110.41704722423859,1088,0.06517333333333333,110.48222055757192,110.48222055757192,110.49233166868304,110.509229652099,110.535449964599,113.02998448608338,0.1184027403604091,2.6129372618447917,0.0,0.0,0.016897983415958606,0.02622031250000134
1584,110.43487730003802,64,5248,19,6,0,6,110.48222055757192,5120,0.05929955555555556,110.54152011312748,110.54152011312748,110.57367566868304,110.58789205444275,110.61433728556254,112.28353868530213,0.1794599855245167,1.8486613852641085,0.04734325753389612,0.0,0.014216385759709738,0.026445231119794244
1585,110.70134456262765,128,1664,0,3,0,3,110.70134456262765,1536,0.04854755555555555,110.74989211818321,110.74989211818321,110.76213656262766,110.77719090697838,110.80283657755129,114.07211647896497,0.10149201492363602,3.3707719163373184,0.0,0.0,0.015054344350716065,0.02564567057291356
1586,110.72951845372201,64,2048,48,2,0,1,110.72951845372201,0,0.5830328888888889,111.3125513426109,111.3125513426109,111.32692912038868,111.33124429015064,111.35788320616626,113.00070107726003,0.6283647524442557,2.2711826235380244,0.0,0.0,0.00431516976195212,0.026638916015627956
1587,110.74615826997525,64,3200,6,5,0,5,110.74615826997525,3072,0.05315555555555555,110.7993138255308,110.7993138255308,110.82009160330858,110.83676138852861,110.86310757993486,112.52629463234372,0.11694930995960817,1.7801363623684665,0.0,0.0,0.016669785220031486,0.0263461914062475
1588,110.86842314110977,128,2176,13,4,0,4,110.86842314110977,2048,0.050083555555555555,110.91850669666533,110.91850669666533,110.93359558555422,110.93577944202238,110.96213206246509,114.2935010438174,0.09370892135531506,3.4250779027076277,0.0,0.0,0.0021838564681644357,0.02635262044270803
1589,110.970988888216,160,1664,0,3,0,3,110.970988888216,1536,0.04854755555555555,111.01953644377156,111.01953644377156,111.031780888216,111.0336695853638,111.05936062540286,115.16200934773356,0.08837173718686131,4.19102045951756,0.0,0.0,0.001888697147791163,0.02569104003906375
1590,111.10464689716545,128,2048,8,1,0,7,111.10464689716545,0,0.5830328888888889,111.68767978605435,111.68767978605435,111.70205756383213,111.71085883849823,111.73698253641489,115.04297476460499,0.6323356392494333,3.93832786743954,0.0,0.0,0.008801274666097925,0.026123697916659694
1591,111.39170610731377,64,2432,90,1,0,1,111.68767978605435,256,0.6197404444444444,112.30742023049879,112.30742023049879,112.3239313416099,112.33548725646698,112.36158686584197,114.00153868875864,0.9698807585282054,2.609832581444877,0.2959736787405802,0.0,0.011555914857069638,0.026099609374995225
1592,111.40605091358215,64,2048,41,4,0,4,111.40605091358215,1856,0.06747733333333333,111.47352824691548,111.47352824691548,111.48790602469326,111.49021505400154,111.51655815295987,113.17006036998927,0.11050723937772489,1.7640094564071234,0.0,0.0,0.0023090293082788094,0.02634309895833553
1593,111.56139092364937,64,1664,0,3,0,3,111.56139092364937,1536,0.04854755555555555,111.60993847920493,111.60993847920493,111.62218292364938,111.6240340059367,111.64971930867108,113.27381269827302,0.08832838502171114,1.7124217746236496,0.0,0.0,0.0018510822873309962,0.02568530273437375
1594,111.58148277327989,160,1728,29,1,0,1,112.30742023049879,1536,0.06651733333333333,112.37393756383213,112.37393756383213,112.38653756383214,112.38768696349823,112.41370193745657,116.54596560933156,0.8322191641766779,4.964482836051673,0.7259374572189046,0.0,0.0011493996660902894,0.026014973958339738
1595,111.66425665926236,128,1664,0,3,0,3,111.66425665926236,1536,0.04854755555555555,111.71280421481792,111.71280421481792,111.72504865926237,111.7267781465617,111.7524904512492,115.03169399942627,0.08823379198683767,3.367437340163903,0.0,0.0,0.00172948729932898,0.025712304687502296
1596,111.89969146524146,128,1664,0,3,0,3,111.89969146524146,1536,0.04854755555555555,111.94823902079702,111.94823902079702,111.96048346524147,111.98435715046796,112.01018019734296,115.29270321980387,0.11048873210150134,3.3930117545624086,0.0,0.0,0.023873685226490693,0.025823046875004252
1597,111.93123214440972,128,2176,13,4,0,4,111.93123214440972,2048,0.050083555555555555,111.98131569996528,111.98131569996528,111.99640458885416,112.01727648792082,112.04355568713957,115.36451141165594,0.1123235427298539,3.4332792672462205,0.0,0.0,0.020871899066662536,0.026279199218748772
1598,111.94501884883086,64,4096,0,2,0,3,111.94501884883086,0,1.1580657777777779,113.10308462660863,113.10308462660863,113.1288401821642,113.1288401821642,113.1558401821642,114.81594084948192,1.2108213333333424,2.8709220006510634,0.0,0.0,0.0,0.027000000000001023
1599,112.11764603172155,160,768,120,7,0,7,112.11764603172155,256,0.15252622222222223,112.27017225394377,112.27017225394377,112.27743892061044,112.29394678403666,112.32022722023459,116.48504400199612,0.20258118851303664,4.367397970274567,0.0,0.0,0.01650786342622723,0.026280436197922086
1600,112.17458853752447,160,1280,97,2,0,2,113.10308462660863,256,0.29628444444444446,113.39936907105307,113.39936907105307,113.40948018216419,113.42586703763295,113.45218222317983,117.58306584948191,1.2775936856553614,5.408477311957441,0.9284960890841631,0.0,0.016386855468766726,0.02631518554687773
1601,112.18711420359725,64,2176,9,4,0,4,112.18711420359725,2048,0.050083555555555555,112.2371977591528,112.2371977591528,112.25228664804169,112.25380685901457,112.28005360380624,113.92822223522364,0.09293940020899072,1.7411080316263963,0.0,0.0,0.0015202109728846835,0.026246744791663446
1602,112.25178848343283,128,1472,36,5,0,5,112.25178848343283,1280,0.06574933333333334,112.31753781676616,112.31753781676616,112.32871559454394,112.34202766457028,112.3683500522656,115.70499665871091,0.1165615688327648,3.4532081752780783,0.0,0.0,0.013312070026344713,0.02632238769531625
1603,112.35277865109627,64,1664,0,3,0,3,112.35277865109627,1536,0.04854755555555555,112.40132620665183,112.40132620665183,112.41357065109628,112.42341535359296,112.44924355997317,114.07211647896497,0.09646490887689652,1.7193378278686993,0.0,0.0,0.009844702496678792,0.025828206380211327
1604,112.36609179341521,128,3200,18,0,0,0,112.36609179341521,3072,0.05315555555555555,112.41924734897076,112.41924734897076,112.44002512674854,112.45467090149734,112.48101782532547,115.85922618307286,0.11492603191025808,3.493134389657655,0.0,0.0,0.014645774748800022,0.026346923828128865
1605,112.39025921470814,64,2176,9,4,0,4,112.39025921470814,2048,0.050083555555555555,112.4403427702637,112.4403427702637,112.45543165915258,112.4637944892229,112.49001826154434,114.13695231334864,0.09975904683619774,1.746693098640506,0.0,0.0,0.008362830070325344,0.026223772321429806
1606,112.42661597433934,96,2432,82,2,0,2,113.39936907105307,2240,0.06862933333333333,113.4679984043864,113.4679984043864,113.48450951549752,113.50481405911734,113.53108765937775,116.0050012742866,1.1044716850384049,3.578385299947257,0.9727530967137312,0.0,0.020304543619815263,0.026273600260410035
1607,112.61763563571886,64,256,54,3,0,1,112.61763563571886,0,0.07987911111111111,112.69751474682997,112.69751474682997,112.70193696905218,112.707552479244,112.73328483136454,114.35517670031913,0.11564919564568754,1.7375410646002791,0.0,0.0,0.005615510191816497,0.025732352120542146
1608,112.83637816089167,128,2176,13,4,0,4,112.83637816089167,2048,0.050083555555555555,112.88646171644723,112.88646171644723,112.90155060533611,112.90855471987767,112.9347030876232,116.25621469127833,0.09832492673153581,3.419836530386661,0.0,0.0,0.0070041145415586925,0.02614836774553453
1609,112.8794636101593,128,2368,58,7,0,7,112.8794636101593,256,0.6017706666666667,113.48123427682597,113.48123427682597,113.49738983238153,113.50335222023458,113.52961845558613,116.85293706840235,0.650154845426826,3.973473458243049,0.0,0.0,0.005962387853045925,0.02626623535155659
1610,112.99876369113466,128,5248,11,7,0,7,113.48123427682597,5120,0.05929955555555556,113.54053383238153,113.54053383238153,113.57268938793709,113.58215239113301,113.60884196632831,116.93183098930079,0.6100782751936578,3.9330672981661365,0.48247058569131696,0.0,0.009463003195918418,0.026689575195305792
1611,113.06728200356184,64,1216,73,7,0,7,113.54053383238153,256,0.27831466666666665,113.81884849904819,113.81884849904819,113.82860405460374,113.8468544175002,113.87303630226582,115.51852904838283,0.8057542987039739,2.451247044820988,0.4732518288196843,0.0,0.018250362896452543,0.02618188476562011
1612,113.0869870449691,64,1664,0,3,0,3,113.0869870449691,1536,0.04854755555555555,113.13553460052466,113.13553460052466,113.14777904496911,113.17080952444489,113.19655958548005,114.82342865344413,0.10957254051093912,1.736441608475019,0.0,0.0,0.02303047947577852,0.025750061035154204
1613,113.14792140791921,128,1664,8,7,0,7,113.81884849904819,1536,0.04854755555555555,113.86739605460374,113.86739605460374,113.8796404990482,113.8992186753127,113.9253274643752,117.24214641898828,0.7774060564559875,4.094225011069071,0.6709270911289735,0.0,0.019578176264502645,0.02610878906250491
1614,113.27802250849423,96,2176,5,4,0,4,113.27802250849423,2048,0.050083555555555555,113.32810606404979,113.32810606404979,113.34319495293867,113.35328571178614,113.37944635631739,115.86231556204656,0.10142384782315617,2.5842930535523294,0.0,0.0,0.01009075884746835,0.026160644531245225
1615,113.30631798687186,96,3136,22,5,0,5,113.30631798687186,2944,0.07074133333333334,113.37705932020519,113.37705932020519,113.39748154242741,113.41860924822913,113.44493188006507,115.94417781105467,0.1386138931932095,2.6378598241828115,0.0,0.0,0.02112770580171741,0.026322631835938637
1616,113.38600943507402,96,1856,49,7,0,7,113.86739605460374,1600,0.08467911111111111,113.95207516571486,113.95207516571486,113.96538627682597,113.97754650734394,114.00362276059916,116.48504400199612,0.6176133255251415,3.0990345669221,0.4813866195297294,0.0,0.012160230517977766,0.026076253255212123
1617,113.47128849164346,64,1664,0,3,0,3,113.47128849164346,1536,0.04854755555555555,113.51983604719902,113.51983604719902,113.53208049164347,113.55696755318372,113.5827203608009,115.21420846882731,0.11143186915744252,1.7429199771838455,0.0,0.0,0.024887061540255218,0.025752807617180906
1618,113.5199641022193,64,3200,14,7,0,7,113.95207516571486,3072,0.05315555555555555,114.00523072127041,114.00523072127041,114.02600849904819,114.02969950213561,114.05584605626508,115.70192493112559,0.5358819540457773,2.181960828906284,0.4321110634955545,0.0,0.0036910030874253152,0.026146554129468313
1619,113.92048405003148,160,1664,12,7,0,7,114.00523072127041,1536,0.04854755555555555,114.05377827682597,114.05377827682597,114.06602272127041,114.0819930986758,114.10809875053127,118.25087762016017,0.18761470049979323,4.330393570128692,0.08474667123893198,0.0,0.015970377405380987,0.026105651855473866
1620,113.95032904852876,64,2176,9,4,0,4,113.95032904852876,2048,0.050083555555555555,114.00041260408432,114.00041260408432,114.0155014929732,114.03259391491115,114.05868278209864,115.70499207571844,0.10835373356988498,1.7546630271896788,0.0,0.0,0.0170924219379458,0.02608886718749659
1621,114.09394944599151,160,2944,26,1,0,1,114.09394944599151,2752,0.07016533333333333,114.16411477932485,114.16411477932485,114.1834703348804,114.20922032938364,114.2353410976128,118.36336502339407,0.14139165162129075,4.269415577402555,0.0,0.0,0.025749994503243556,0.02612076822916265
1622,114.18189332049569,96,1408,153,2,0,2,114.18189332049569,1216,0.06555733333333334,114.24745065382902,114.24745065382902,114.25827287605124,114.26694670885692,114.29308440416942,116.75267945625275,0.11119108367373087,2.5707861357570607,0.0,0.0,0.008673832805683901,0.02613769531249943
1623,114.31672289644142,96,4352,87,3,0,3,114.31672289644142,4160,0.07438933333333334,114.39111222977475,114.39111222977475,114.41829000755253,114.43273285266288,114.45879787544933,116.93333807959739,0.14207497900791566,2.6166151831559716,0.0,0.0,0.01444284511035221,0.026065022786454506
1624,114.51555391867983,64,832,108,1,0,1,114.51555391867983,256,0.170496,114.68604991867983,114.68604991867983,114.69367214090205,114.70559842183155,114.73154751851123,116.36356228901906,0.21599359983140687,1.8480083703392296,0.0,0.0,0.011926280929500876,0.025949096679681816
1625,114.60567157558592,160,1664,0,3,0,3,114.60567157558592,1536,0.04854755555555555,114.65421913114147,114.65421913114147,114.66646357558592,114.667335635866,114.69336835070975,118.81846232392401,0.08769677512383112,4.212790748338094,0.0,0.0,0.0008720602800735833,0.026032714843751137
1626,114.61466532747875,128,5248,3,0,0,0,114.61466532747875,5120,0.05929955555555556,114.6739648830343,114.6739648830343,114.70612043858986,114.71013061829422,114.73721387024734,118.11320732088444,0.12254854276859817,3.498541993405695,0.0,0.0,0.004010179704351913,0.02708325195312966
1627,114.61889874572016,160,1664,0,3,0,3,114.65421913114147,1536,0.04854755555555555,114.70276668669703,114.70276668669703,114.71501113114148,114.71940155383474,114.74540759631522,118.8701597988124,0.12650885059505868,4.251261053092236,0.03532038542131488,0.0,0.004390422693262508,0.02600604248047489
1628,114.65340173147936,64,5248,7,6,0,6,114.65340173147936,5120,0.05929955555555556,114.71270128703492,114.71270128703492,114.74485684259048,114.74485684259048,114.77241934259048,116.45576406915299,0.11901761111111853,1.8023623376736282,0.0,0.0,0.0,0.027562500000001933
1629,114.70455872552144,160,2176,9,4,0,4,114.70455872552144,2048,0.050083555555555555,114.754642281077,114.754642281077,114.76973116996588,114.78920343639552,114.81529152233303,118.99333497122626,0.11073279681158965,4.288776245704824,0.0,0.0,0.019472266429644947,0.026088085937502115
1630,114.79385494431723,160,1536,57,1,0,1,114.79385494431723,256,0.3681635555555556,115.16201849987279,115.16201849987279,115.17355183320612,115.19850064351125,115.22438016011282,119.34968304911021,0.43052521579558345,4.55582810479298,0.0,0.0,0.024948810305133406,0.02587951660156307
1631,114.85428641916087,128,3200,2,4,0,4,114.85428641916087,3072,0.05315555555555555,114.90744197471642,114.90744197471642,114.9282197524942,114.94573927623928,114.97190887259345,118.31054818737209,0.11762245343257405,3.4562617682112204,0.0,0.0,0.01751952374507937,0.026169596354165492
1632,114.87799699363504,64,2560,42,0,0,0,114.87799699363504,2368,0.06901333333333334,114.94701032696837,114.94701032696837,114.96423254919058,114.98098511048173,115.00779386699215,116.67974778951819,0.1297968733571082,1.8017507958831516,0.0,0.0,0.016752561291141888,0.026808756510419585
1633,114.92124135081686,160,2176,1,0,0,0,114.94701032696837,2048,0.050083555555555555,114.99709388252393,114.99709388252393,115.01218277141281,115.03460311178381,115.0612260365885,119.27878385199492,0.13998468577163692,4.3575425011780595,0.02576897615151097,0.0,0.02242034037099927,0.02662292480468409
1634,115.05427630358265,160,832,124,6,0,6,115.05427630358265,640,0.06382933333333334,115.11810563691598,115.11810563691598,115.12572785913821,115.13077627618424,115.15726406915299,119.3462434427579,0.10298776557033307,4.291967139175242,0.0,0.0,0.005048417046026543,0.026487792968751478
1635,115.34404682450233,64,4608,59,6,0,6,115.34404682450233,256,1.230712888888889,116.57475971339122,116.57475971339122,116.60335971339121,116.60835537774675,116.63469717462175,118.29849192908601,1.2906503501194209,2.9544451045836837,0.0,0.0,0.004995664355533336,0.026341796875001933
1636,115.37067012874739,96,1664,0,3,0,3,115.37067012874739,1536,0.04854755555555555,115.41921768430295,115.41921768430295,115.4314621287474,115.45028769246011,115.47644015828043,117.93977259178116,0.1057700295330335,2.569102463033772,0.0,0.0,0.018825563712709936,0.02615246582031716
1637,115.5780414508792,128,2176,1,0,0,0,115.5780414508792,2048,0.050083555555555555,115.62812500643476,115.62812500643476,115.64321389532364,115.64705391744786,115.67357374166662,119.04052225531522,0.09553229078741765,3.4624808044360265,0.0,0.0,0.0038400221242227417,0.02651982421875232
1638,115.603120411067,160,1664,12,7,0,7,115.603120411067,1536,0.04854755555555555,115.65166796662255,115.65166796662255,115.663912411067,115.67576642282481,115.70192493112559,119.84308305170781,0.09880452005859297,4.239962640640812,0.0,0.0,0.011854011757804983,0.02615850830078159
1639,115.60828628579415,64,960,72,2,0,2,115.60828628579415,256,0.20643555555555557,115.81472184134971,115.81472184134971,115.82305517468305,115.82458977526316,115.85036138170848,117.47848967760692,0.24207509591433052,1.8702033918127654,0.0,0.0,0.0015346005801148976,0.02577160644531773
1640,115.61072341808418,96,1664,0,3,0,3,115.61072341808418,1536,0.04854755555555555,115.65927097363974,115.65927097363974,115.67151541808418,115.68567746296793,115.71176545124918,118.17219056053116,0.10104203316500104,2.561467142446986,0.0,0.0,0.014162044883747171,0.026087988281247476
1641,115.71350155496104,128,1088,56,3,0,3,115.71350155496104,896,0.06459733333333334,115.77809888829438,115.77809888829438,115.78714333273882,115.79003234578043,115.81602917195231,119.10276087303114,0.10252761699126722,3.3892593180701027,0.0,0.0,0.0028890130416101556,0.02599682617187682
1642,115.72476856302042,96,2048,73,5,0,7,115.72476856302042,0,0.5830328888888889,116.30780145190931,116.30780145190931,116.3221792296871,116.3221792296871,116.34817922968709,118.82417434687461,0.6234106666666719,3.099405783854195,0.0,0.0,0.0,0.02599999999999625
1643,115.85980205870767,160,1664,0,3,0,3,115.85980205870767,1536,0.04854755555555555,115.90834961426323,115.90834961426323,115.92059405870768,115.94602062703044,115.97199363205276,120.08741387596082,0.11219157334508623,4.227611817253148,0.0,0.0,0.025426568322757248,0.02597300502232258
1644,115.99360495131151,96,1664,4,6,0,6,116.57475971339122,1536,0.04854755555555555,116.62330726894677,116.62330726894677,116.63555171339122,116.661039459778,116.68720547540299,119.1892912943204,0.6936005240914795,3.1956863430088873,0.5811547620797057,0.0,0.02548774638677287,0.026166015624994543
1645,116.08155909339247,128,2368,110,1,0,1,116.08155909339247,256,0.6017706666666667,116.68332976005914,116.68332976005914,116.6994853156147,116.70274344136281,116.72888308980032,120.02845072489147,0.6473239964078488,3.9468916314989997,0.0,0.0,0.0032581257481183457,0.026139648437506935
1646,116.14111302514118,160,2176,13,4,0,4,116.14111302514118,2048,0.050083555555555555,116.19119658069674,116.19119658069674,116.20628546958562,116.22999899303615,116.25621469127833,120.433929795445,0.11510166613715,4.292816770303816,0.0,0.0,0.023713523450524576,0.02621569824218284
1647,116.17945954727868,64,2176,1,0,0,0,116.17945954727868,2048,0.050083555555555555,116.22954310283424,116.22954310283424,116.24463199172312,116.25675364889318,116.28317073873693,117.95378244353603,0.10371119145824537,1.7743228962573454,0.0,0.0,0.012121657170055755,0.02641708984374702
1648,116.18404709032716,64,3200,10,2,0,2,116.18404709032716,3072,0.05315555555555555,116.2372026458827,116.2372026458827,116.25798042366048,116.26124232246369,116.28710304023713,117.9289340135444,0.10305594990997236,1.7448869232172513,0.0,0.0,0.003261898803202712,0.025860717773440456
1649,116.28950805540393,96,3200,18,0,0,0,116.28950805540393,3072,0.05315555555555555,116.34266361095948,116.34266361095948,116.36344138873726,116.38884398092443,116.41528734029943,118.93491815375273,0.1257792848955006,2.6454100983488047,0.0,0.0,0.02540259218717722,0.026443359374994202
1650,116.3373421086488,160,3200,2,4,0,4,116.3373421086488,3072,0.05315555555555555,116.39049766420435,116.39049766420435,116.41127544198213,116.41370150768458,116.44002926647364,120.6177303813825,0.10268715782484605,4.280388272733703,0.0,0.0,0.0024260657024512966,0.02632775878906557
1651,116.58849895751844,160,4352,107,2,0,2,116.58849895751844,256,1.1588337777777777,117.74733273529621,117.74733273529621,117.77451051307399,117.79577874010691,117.82263689440379,121.99477445950794,1.2341379368853467,5.406275501989498,0.0,0.0,0.02126822703291964,0.02685815429687466
1652,116.61938747667024,64,896,108,1,0,1,116.68332976005914,704,0.06402133333333333,116.74735109339247,116.74735109339247,116.75532887117025,116.78116385151907,116.80712906148001,118.44057547261282,0.1877415848097712,1.82118799594258,0.06394228338889718,0.0,0.025834980348818704,0.02596520996094398
1653,116.75625155427721,96,1472,153,2,0,2,117.74733273529621,1280,0.06574933333333334,117.81308206862954,117.81308206862954,117.82425984640732,117.8494955369819,117.87597454088815,120.38265138008086,1.1197229866109382,3.626399825803645,0.9910811810189983,0.0,0.025235690574589853,0.026479003906246135
1654,116.82934260752252,64,2176,1,0,0,0,116.82934260752252,2048,0.050083555555555555,116.87942616307808,116.87942616307808,116.89451505196696,116.91810540670569,116.94452134095049,118.61723612947819,0.11517873342796747,1.7878935219556666,0.0,0.0,0.023590354738729502,0.02641593424479538
1655,116.85738106265487,128,2048,20,5,0,2,116.85738106265487,0,0.5830328888888889,117.44041395154376,117.44041395154376,117.45479172932154,117.4666411437496,117.4926518859371,120.82192996210898,0.6352708232822266,3.9645488994541154,0.0,0.0,0.011849414428056093,0.026010742187494884
1656,116.89272201221695,64,5248,19,6,0,6,116.89272201221695,5120,0.05929955555555556,116.9520215677725,116.9520215677725,116.98417712332807,117.00123574884049,117.02775564630143,118.6935248880704,0.1350336340844791,1.8008028758534493,0.0,0.0,0.017058625512419212,0.026519897460943298
1657,116.89938059144025,64,5248,3,0,0,0,116.89938059144025,5120,0.05929955555555556,116.9586801469958,116.9586801469958,116.99083570255137,116.99735467428381,117.02393565921685,118.69702386664336,0.12455506777659764,1.7976432752031144,0.0,0.0,0.0065189717324471985,0.026580984933033847
1658,116.96242005847594,64,4544,51,2,0,2,117.81308206862954,256,1.212743111111111,119.02582517974065,119.02582517974065,119.05406962418509,119.06559954088816,119.09230234036733,120.74974692044545,2.1298822818913834,3.787326861969504,0.8506620101535987,0.0,0.011529916703068466,0.02670279947916754
1659,116.99252812154052,96,1664,0,3,0,3,116.99252812154052,1536,0.04854755555555555,117.04107567709607,117.04107567709607,117.05332012154052,117.06231716488385,117.08811662079903,119.54308743553113,0.0955884992585112,2.550559313990618,0.0,0.0,0.00899704334332796,0.02579945591517685
1660,117.12847330320709,128,1024,72,2,0,2,119.02582517974065,832,0.06440533333333334,119.09023051307399,119.09023051307399,119.09891940196287,119.11900562812774,119.14540846015899,122.45687610338814,2.0169351569519023,5.328402800181053,1.8973518765335626,0.0,0.020086226164863774,0.026402832031251933
1661,117.22645335842152,128,1408,101,6,0,6,117.22645335842152,256,0.332224,117.55867735842152,117.55867735842152,117.56949958064374,117.58478628594986,117.6111482976686,120.96468230296993,0.3846949392470833,3.7382289445484105,0.0,0.0,0.015286705306124304,0.026362011718745748
1662,117.35926863495737,160,1664,4,6,0,6,117.55867735842152,1536,0.04854755555555555,117.60722491397708,117.60722491397708,117.61946935842153,117.63751079766861,117.66378203790299,121.8736399852616,0.30451340294561646,4.514371350304231,0.1994087234641455,0.0,0.018041439247085123,0.026271240234379434
1663,117.50075256386673,96,960,68,1,0,1,117.50075256386673,256,0.20643555555555557,117.70718811942228,117.70718811942228,117.71552145275562,117.71621902730031,117.74209900776906,120.21137015848522,0.24134644390233007,2.7106175946184976,0.0,0.0,0.0006975745446879955,0.02587998046874418
1664,117.56221216080743,160,5248,7,6,0,6,117.60722491397708,5120,0.05929955555555556,117.66652446953263,117.66652446953263,117.6986800250882,117.71632598321548,117.74278294471102,121.9543804149491,0.18057078390359038,4.392168254141666,0.045012753169643815,0.0,0.01764595812728942,0.026456961495540554
1665,117.56432945911382,64,2176,1,0,0,0,117.56432945911382,2048,0.050083555555555555,117.61441301466938,117.61441301466938,117.62950190355826,117.63543307830166,117.66195950652431,119.33220336696887,0.0976300474104903,1.7678739078550478,0.0,0.0,0.005931174743395218,0.0265264282226525
1666,117.5747411898869,64,4416,147,1,0,1,117.70718811942228,256,1.1768035555555554,118.88399167497784,118.88399167497784,118.91152500831117,118.9313809739149,118.95754759989146,120.60679423075085,1.3828064100045623,3.032053040863957,0.13244692953539072,0.0,0.019855965603724712,0.02616662597655761
1667,117.60103663472083,128,2752,38,2,0,2,119.09023051307399,256,0.7095893333333334,119.79981984640732,119.79981984640732,119.8181087352962,119.83205347969023,119.85845504219023,123.16766785143503,2.2574184074694017,5.5666312167142,1.4891938783531629,0.0,0.013944744394024156,0.026401562499998477
1668,117.64810943667698,160,2176,25,5,0,5,117.64810943667698,2048,0.050083555555555555,117.69819299223253,117.69819299223253,117.71328188112142,117.72677053828085,117.75280178828085,121.93601697382773,0.10469235160387313,4.287907537150758,0.0,0.0,0.01348865715942793,0.026031250000002615
1669,117.92746646389145,96,2176,1,0,0,0,117.92746646389145,2048,0.050083555555555555,117.97755001944701,117.97755001944701,117.99263890833589,118.00697280346907,118.03350203930891,120.56963207790638,0.10603557541746511,2.642165614014928,0.0,0.0,0.014333895133177066,0.026529235839845455
1670,117.95213736476617,128,5248,3,0,0,0,117.97755001944701,5120,0.05929955555555556,118.03684957500256,118.03684957500256,118.06900513055812,118.08656197583235,118.11320732088444,121.51171274196889,0.16106995611826846,3.5595753772027194,0.02541265468083509,0.0,0.017556845274228294,0.026645345052088487
1671,117.99725247649032,128,2240,154,3,0,3,117.99725247649032,2048,0.06805333333333334,118.06530580982366,118.06530580982366,118.0807502542681,118.09463294334367,118.12048499412492,121.4134153524303,0.12323251763460519,3.416162875939989,0.0,0.0,0.01388268907557233,0.02585205078125341
1672,118.01335154871371,64,3200,6,5,0,5,118.01335154871371,3072,0.05315555555555555,118.06650710426926,118.06650710426926,118.08728488204704,118.0912524718746,118.11742166132773,119.76848193151002,0.10407011261401067,1.7551303827963096,0.0,0.0,0.003967589827553297,0.026169189453128183
1673,118.12157881107211,128,1664,12,7,0,7,118.12157881107211,1536,0.04854755555555555,118.17012636662767,118.17012636662767,118.18237081107212,118.19916912406642,118.22502312797266,121.55851298334842,0.10344431690054989,3.4369341722763096,0.0,0.0,0.016798312994296793,0.025854003906246703
1674,118.25353770388126,128,2304,114,5,0,5,118.25353770388126,256,0.5838008888888889,118.83733859277015,118.83733859277015,118.85313859277015,118.8766312153642,118.9028343403642,122.25453390091107,0.64929663648293,4.0009961970298065,0.0,0.0,0.023492622594048385,0.026203124999994998
1675,118.27045510649559,160,1664,0,3,0,3,118.27045510649559,1536,0.04854755555555555,118.31900266205115,118.31900266205115,118.3312471064956,118.3531685878749,118.37901833675883,122.50660643315948,0.10856323026324333,4.236151326663887,0.0,0.0,0.021921481379308716,0.025849748883928214
1676,118.33652184730461,128,1664,0,3,0,3,118.33652184730461,1536,0.04854755555555555,118.38506940286017,118.38506940286017,118.39731384730462,118.404868573924,118.43071452118963,121.72617330443923,0.09419267388501851,3.389651457134619,0.0,0.0,0.007554726619389385,0.025845947265622726
1677,118.40367131385653,160,4416,95,6,0,6,118.40367131385653,256,1.1768035555555554,119.58047486941209,119.58047486941209,119.60800820274542,119.61012283728914,119.63670486853914,123.85313880931758,1.2330335546826063,5.44946749546105,0.0,0.0,0.0021146345437159653,0.026582031250001137
1678,118.59467760519357,128,2560,46,6,0,6,119.58047486941209,256,0.65568,120.23615486941209,120.23615486941209,120.2533770916343,120.27482010291413,120.30134549353913,123.66845114655716,1.7066678883455637,5.073773541363593,0.9857972642185189,0.0,0.021443011279828283,0.026525390624996703
1679,118.61146499734636,160,4800,31,7,0,7,118.61146499734636,4608,0.07573333333333333,118.68719833067969,118.68719833067969,118.71686499734636,118.74186712211329,118.76821266247788,122.98340279454634,0.15674766513151894,4.371937797199976,0.0,0.0,0.02500212476692809,0.026345540364587805
1680,118.64355970477325,96,1664,12,7,0,7,118.68719833067969,1536,0.04854755555555555,118.73574588623525,118.73574588623525,118.7479903306797,118.76821266247788,118.79442530896226,121.29357800613488,0.15086560418900774,2.6500183013616265,0.04363862590643919,0.0,0.02022233179818045,0.026212646484381708
1681,118.64640473476298,128,1920,49,7,0,7,118.73574588623525,1728,0.06709333333333334,118.80283921956858,118.80283921956858,118.81650588623525,118.82063844372789,118.84679684216539,122.19958720209843,0.20039210740240776,3.5531824673354464,0.08934115147226862,0.0,0.004132557492638966,0.026158398437502228
1682,118.78558399629486,160,1536,24,4,0,4,118.78558399629486,1344,0.06594133333333334,118.85152532962819,118.85152532962819,118.86305866296152,118.88872315482001,118.9148753764997,123.07408320488823,0.12929138020483322,4.288499208593365,0.0,0.0,0.02566449185849251,0.026152221679680565
1683,118.80898537744991,96,1984,49,7,0,7,118.80898537744991,1792,0.06728533333333334,118.87627071078325,118.87627071078325,118.89029293300547,118.89911510388414,118.92524311495185,121.42582206537968,0.11625773750193957,2.616836687929762,0.0,0.0,0.008822170878673319,0.02612801106771201
1684,118.85065574873644,128,4096,6,4,0,5,118.85152532962819,0,1.1580657777777779,120.00959110740597,120.00959110740597,120.03534666296153,120.04006348685125,120.06644715384344,123.38826178503611,1.215791405106998,4.537606036299664,0.0008695808917451586,0.0,0.004716823889722832,0.026383666992188637
1685,119.03660167531125,128,960,40,1,0,1,119.03660167531125,256,0.20643555555555557,119.2430372308668,119.2430372308668,119.25137056420014,119.27158519754771,119.29761732645396,122.618464608355,0.2610156511427135,3.5818629330437517,0.0,0.0,0.020214633347563904,0.026032128906251728
1686,119.20280827255522,64,5248,3,0,0,0,119.20280827255522,5120,0.05929955555555556,119.26210782811077,119.26210782811077,119.29426338366633,119.3053715798595,119.33220336696887,121.02891635525013,0.1293950944136526,1.8261080826949154,0.0,0.0,0.011108196193163167,0.02683178710937284
1687,119.26211276180041,64,1600,24,4,0,4,120.00959110740597,1408,0.06613333333333334,120.07572444073931,120.07572444073931,120.0876133296282,120.09283130911687,120.11909527396062,121.76796143781388,0.856982512160215,2.5058486760134713,0.7474783456055576,0.0,0.0052179794886768605,0.026263964843749932
1688,119.3144083974239,128,1728,21,6,0,6,120.23615486941209,256,0.42207288888888894,120.65822775830098,120.65822775830098,120.67082775830099,120.67275223182038,120.69917011919017,124.06339125072384,1.3847617217662673,4.748982853299935,0.921746471988186,0.0,0.0019244735193950646,0.026417887369788673
1689,119.34673862274238,128,5248,11,7,0,7,119.34673862274238,5120,0.05929955555555556,119.40603817829793,119.40603817829793,119.4381937338535,119.44790587536852,119.47424760248906,122.84825370600468,0.12750897974667907,3.501515083262305,0.0,0.0,0.009712141515024086,0.026341727120538394
1690,119.36896812769336,96,512,2,2,0,4,119.79981984640732,0,0.15175822222222224,119.95157806862954,119.95157806862954,119.957422513074,119.96406617500273,119.9902778449246,122.45687610338814,0.6213097172312416,3.087907975694776,0.4308517187139529,0.0,0.006643661928734446,0.026211669921877956
1691,119.43339018415637,96,3200,6,5,0,5,119.43339018415637,3072,0.05315555555555555,119.48654573971191,119.48654573971191,119.5073235174897,119.5318558247392,119.55814059036419,122.06885339960898,0.12475040620782352,2.635463215452617,0.0,0.0,0.024532307249501173,0.026284765624993156
1692,119.46283176651895,64,1536,153,2,0,2,119.95157806862954,1344,0.06594133333333334,120.01751940196287,120.01751940196287,120.0290527352962,120.04270264961211,120.06884962226836,121.70911820950793,0.606017855749414,2.246286442988989,0.48874630211059866,0.0,0.013649914315905676,0.026146972656249545
1693,119.50469160764501,64,2176,5,4,0,4,120.07572444073931,2048,0.050083555555555555,120.12580799629487,120.12580799629487,120.14089688518375,120.14535972708562,120.1715909282575,121.82031083792549,0.6668993206124867,2.3156192302804754,0.5710328330942929,0.0,0.004462841901869297,0.026231201171881935
1694,119.570776915978,96,2176,1,0,0,0,119.570776915978,2048,0.050083555555555555,119.62086047153356,119.62086047153356,119.63594936042244,119.65717699978137,119.68400585720325,122.2277625466564,0.11322894122524474,2.656985630678392,0.0,0.0,0.021227639358926353,0.026828857421875796
1695,119.66016954082384,96,3200,6,5,0,5,119.66016954082384,3072,0.05315555555555555,119.71332509637939,119.71332509637939,119.73410287415717,119.7421476216142,119.76848193151002,122.28092330520795,0.10831239068618004,2.620753764384105,0.0,0.0,0.008044747457020662,0.026334309895830188
1696,119.70965218748535,160,2752,30,1,0,1,119.70965218748535,2560,0.06958933333333334,119.77924152081869,119.77924152081869,119.79753040970758,119.81928705301647,119.84543080301647,124.01006675679248,0.13577861553112314,4.3004145693071365,0.0,0.0,0.02175664330889049,0.026143750000002797
1697,119.73501508460438,64,5248,7,6,0,6,120.65822775830098,5120,0.05929955555555556,120.71752731385654,120.71752731385654,120.7496828694121,120.75200735877351,120.77859001781368,122.4593005321366,1.0435749332092996,2.7242854475322105,0.9232126736965967,0.0,0.0023244893614133844,0.026582659040172985
1698,119.82570299014849,160,4480,75,6,0,6,120.71752731385654,256,1.1947733333333332,121.91230064718987,121.91230064718987,121.94018953607876,121.9543804149491,121.9812042430741,126.19351117608656,2.1555012529256175,6.367808185938074,0.8918243237080503,0.0,0.014190878870337542,0.0268238281250035
1699,119.95642410294559,96,1664,16,3,0,3,119.95642410294559,1536,0.04854755555555555,120.00497165850115,120.00497165850115,120.0172161029456,120.03560537986708,120.06150938377333,122.53232567144073,0.10508528082773694,2.5759015684951407,0.0,0.0,0.01838927692148218,0.025904003906248363
1700,120.10423091088632,128,256,0,6,0,3,121.91230064718987,0,0.07987911111111111,121.99217975830098,121.99217975830098,121.9966019805232,122.00802855948035,122.0345700633866,125.38604326314014,1.9303391525002809,5.281812352253823,1.8080697363035512,0.0,0.011426578957156153,0.026541503906244657
1701,120.13501692659956,96,1664,8,7,0,7,120.13501692659956,1536,0.04854755555555555,120.18356448215512,120.18356448215512,120.19580892659957,120.21308386550989,120.23942761550988,122.76578056147343,0.10441068891032046,2.6307636348738725,0.0,0.0,0.017274938910318838,0.026343749999995225
1702,120.14669860231017,96,1600,61,3,0,3,120.14669860231017,256,0.3861333333333334,120.5328319356435,120.5328319356435,120.54472082453239,120.55384283103895,120.57973296775769,123.04652733159698,0.4330343654475257,2.89982872928681,0.0,0.0,0.009122006506558478,0.025890136718743406
1703,120.22597910731214,160,2048,2,0,0,4,120.22597910731214,0,0.5830328888888889,120.80901199620104,120.80901199620104,120.82338977397882,120.84056225368762,120.86738403103138,125.09719950140898,0.6414049237192359,4.871220394096838,0.0,0.0,0.017172479708804644,0.02682177734375557
1704,120.27473316357296,96,3008,26,1,0,1,120.27473316357296,2816,0.07035733333333334,120.3450904969063,120.3450904969063,120.3648016080174,120.36941263895397,120.39578641825085,122.88180494038625,0.1210532546778893,2.607071776813285,0.0,0.0,0.004611030936573002,0.026373779296875455
1705,120.424120144072,64,4608,67,5,0,5,120.424120144072,4416,0.07515733333333334,120.49927747740534,120.49927747740534,120.52787747740534,120.53088740026003,120.55734337356732,122.22821228632773,0.1332232294953144,1.8040921422557261,0.0,0.0,0.0030099228546873746,0.02645597330729288
1706,120.42415281090587,128,5248,3,0,0,0,120.80901199620104,5120,0.05929955555555556,120.86831155175659,120.86831155175659,120.90046710731215,120.92102905056262,120.94800014431263,124.32710460394804,0.5238473334067635,3.9029517930421775,0.38485918529516994,0.0,0.02056194325047045,0.026971093750006503
1707,120.56939909237437,160,2176,9,4,0,4,120.56939909237437,2048,0.050083555555555555,120.61948264792993,120.61948264792993,120.63457153681881,120.64389419974188,120.67003814505438,124.82943599564808,0.10063905268000894,4.260036903273715,0.0,0.0,0.009322662923068492,0.026143945312497863
1708,120.59132369056458,64,832,156,2,0,2,120.59132369056458,256,0.170496,120.76181969056458,120.76181969056458,120.7694419127868,120.77576664700794,120.80168453437773,122.43112577786731,0.2103608438131488,1.8398020873027292,0.0,0.0,0.006324734221138328,0.025917887369786285
1709,120.68629955605623,64,4544,47,3,0,3,120.68629955605623,4352,0.07496533333333334,120.76126488938957,120.76126488938957,120.789509333834,120.8127661708827,120.83888181215873,122.48085911870635,0.1525822561025052,1.7945595626501216,0.0,0.0,0.023256837048691636,0.026115641276035717
1710,120.95962658197189,160,2048,16,1,0,3,120.95962658197189,0,0.5830328888888889,121.54265947086078,121.54265947086078,121.55703724863857,121.57313016825084,121.59922501688365,125.74755258036018,0.6395984349117612,4.787925998388289,0.0,0.0,0.016092919612276546,0.026094848632808976
1711,121.16977528624143,96,2176,9,4,0,4,121.16977528624143,2048,0.050083555555555555,121.21985884179699,121.21985884179699,121.23494773068587,121.24532847708564,121.27146820690335,123.75377734493193,0.10169292066191815,2.5840020586905013,0.0,0.0,0.010380746399761165,0.026139729817714397
1712,121.19872295070661,96,2496,50,1,0,1,121.54265947086078,256,0.6377102222222223,122.18036969308301,122.18036969308301,122.19723635974968,122.19954130106335,122.2256703049696,124.71136011616748,1.0269473542629868,3.5126371654608732,0.3439365201541733,0.0,0.002304941313667541,0.026129003906248727
1713,121.25628934598063,96,2176,5,4,0,4,121.25628934598063,2048,0.050083555555555555,121.3063729015362,121.3063729015362,121.32146179042508,121.32374913138251,121.34987908394947,123.83223840450225,0.09358973796884129,2.5759490585216156,0.0,0.0,0.0022873409574373227,0.02612995256696138
1714,121.26952308889393,128,1664,0,3,0,3,121.26952308889393,1536,0.04854755555555555,121.31807064444949,121.31807064444949,121.33031508889394,121.33517176984103,121.3612524757562,124.64089130457874,0.09172938686226928,3.371368215684811,0.0,0.0,0.004856680947085579,0.026080705915177305
1715,121.40158188645096,96,2368,114,5,0,5,121.40158188645096,2176,0.06843733333333334,121.47001921978429,121.47001921978429,121.48617477533985,121.51215759882774,121.53864514765587,124.04104635208294,0.13706326120491497,2.6394644656319883,0.0,0.0,0.025982823487893825,0.026487548828129093
1716,121.49540258136585,64,2176,13,4,0,4,121.49540258136585,2048,0.050083555555555555,121.54548613692141,121.54548613692141,121.5605750258103,121.58507062970841,121.61119642316544,123.25731068291557,0.11579384179958652,1.7619081015497216,0.0,0.0,0.024495603898117224,0.026125793457026703
1717,121.54629927133031,160,4608,91,7,0,7,121.54629927133031,256,1.230712888888889,122.7770121602192,122.7770121602192,122.8056121602192,122.82082255366093,122.84825370600468,127.11129708165574,1.3019544346743714,5.564997810325423,0.0,0.0,0.015210393441734027,0.02743115234375182
1718,121.57082191136821,160,1664,0,3,0,3,121.57082191136821,1536,0.04854755555555555,121.61936946692377,121.61936946692377,121.63161391136822,121.64806134852405,121.6740981788812,125.77404029546418,0.10327626751298169,4.203218384095962,0.0,0.0,0.016447437155832745,0.02603683035714255
1719,121.57263696730747,64,1152,76,4,0,4,121.57263696730747,256,0.2603448888888889,121.83298185619637,121.83298185619637,121.84238185619637,121.84649988414945,121.87259984229678,123.51849941524443,0.29996287498930485,1.9458624479369604,0.0,0.0,0.00411802795308347,0.02609995814732713
1720,121.70736710022221,128,2176,1,0,0,0,121.70736710022221,2048,0.050083555555555555,121.75745065577777,121.75745065577777,121.77253954466666,121.77734018337514,121.80377988064077,125.17736991156524,0.09641278041856083,3.470002811343022,0.0,0.0,0.004800638708488236,0.026439697265630002
1721,121.72935895516181,96,2240,62,6,0,6,121.99217975830098,256,0.5658311111111111,122.55801086941209,122.55801086941209,122.57345531385653,122.5910104930741,122.6173123322668,125.12089154718032,0.8879533771049921,3.391532592018507,0.2628208031391637,0.0,0.017555179217566774,0.026301839192711896
1722,121.76917819394512,64,2624,34,4,0,4,121.83298185619637,256,0.6736497777777778,122.50663163397415,122.50663163397415,122.52420941175193,122.52525748738606,122.5513912154134,124.19904732377309,0.7822130214682801,2.4298691298279635,0.0638036622512459,0.0,0.001048075634130896,0.026133728027346592
1723,121.83975876450052,64,2176,1,0,0,0,121.83975876450052,2048,0.050083555555555555,121.88984232005608,121.88984232005608,121.90493120894496,121.90954355251577,121.93590976345327,123.60920004665638,0.09615099895275137,1.7694412821558672,0.0,0.0,0.004612343570812527,0.02636621093749625
1724,121.89500134312831,160,5248,3,0,0,0,121.89500134312831,5120,0.05929955555555556,121.95430089868387,121.95430089868387,121.98645645423943,121.98864365017202,122.01521046332306,126.2555772032319,0.12020912019474395,4.36057586010358,0.0,0.0,0.0021871959325920898,0.026566813151035262
1725,121.98995934811816,96,512,5,3,0,4,121.98995934811816,0,0.15175822222222224,122.14171757034039,122.14171757034039,122.14756201478484,122.16935339884027,122.19530952328223,124.64089130457874,0.20535017516407095,2.6509319564605818,0.0,0.0,0.021791384055433127,0.025956124441961492
1726,122.05657463390028,128,3072,26,1,0,1,122.18036969308301,2880,0.07054933333333334,122.25091902641634,122.25091902641634,122.270985693083,122.27792977762584,122.30412183491751,125.61848047749561,0.24754720101722683,3.5619058435953264,0.12379505918272571,0.0,0.006944084542837459,0.026192057291666515
1727,122.08524925815303,128,1792,21,6,0,6,122.55801086941209,1600,0.06670933333333334,122.62472020274542,122.62472020274542,122.63767575830097,122.64361465974076,122.6698563589595,126.03069442106424,0.5846071008064797,3.945445162911213,0.4727616112590596,0.0,0.005938901439790811,0.026241699218743975
1728,122.10998509974924,64,2432,58,7,0,7,122.7770121602192,2240,0.06862933333333333,122.84564149355253,122.84564149355253,122.86215260466365,122.87558866694218,122.90254146642134,124.58753853673385,0.7925563666721018,2.477553436984607,0.6670270604699624,0.0,0.013436062278529448,0.026952799479161627
1729,122.23915468927464,128,1280,137,2,0,2,122.23915468927464,256,0.29628444444444446,122.53543913371908,122.53543913371908,122.5455502448302,122.56245129870065,122.58846130846628,125.89718168607044,0.34930661919163697,3.6580269967957975,0.0,0.0,0.016901053870455485,0.02601000976562773
1730,122.46105245689309,160,4096,49,5,0,7,122.46105245689309,0,1.1580657777777779,123.61911823467086,123.61911823467086,123.64487379022643,123.6686278950517,123.69522603958295,127.9546728169267,1.2341735826898628,5.493620360033617,0.0,0.0,0.023754104825272293,0.02659814453124909
1731,122.55477129390444,64,1472,37,0,0,0,122.55477129390444,1280,0.06574933333333334,122.62052062723777,122.62052062723777,122.63169840501554,122.65443832790639,122.68095094183869,124.35342374457305,0.12617964793425074,1.7986524506686123,0.0,0.0,0.022739922890849584,0.026512613932297313
1732,122.56757190153887,64,4416,107,2,0,2,122.56757190153887,4224,0.07458133333333333,122.6421532348722,122.6421532348722,122.66968656820553,122.69250623034128,122.7188999477892,124.36930489570585,0.15132804625032747,1.8017329941669828,0.0,0.0,0.02281966213574549,0.026393717447916742
1733,122.60943848018105,64,1664,0,3,0,3,122.60943848018105,1536,0.04854755555555555,122.65798603573661,122.65798603573661,122.67023048018106,122.68644188237823,122.71215457769074,124.33245819911,0.1027160975096848,1.7230197189289385,0.0,0.0,0.016211402197171765,0.02571269531250664
1734,122.74262214323673,96,2176,9,4,0,4,122.74262214323673,2048,0.050083555555555555,122.79270569879229,122.79270569879229,122.80779458768117,122.81275535115559,122.83888593926322,125.33005285762725,0.09626379602649138,2.5874307143905213,0.0,0.0,0.004960763474414875,0.026130588107633912
1735,122.8588181404721,128,1664,0,3,0,3,122.8588181404721,1536,0.04854755555555555,122.90736569602765,122.90736569602765,122.9196101404721,122.94359080815948,122.96932420659698,126.23767860112824,0.11050606612488423,3.378860460656142,0.0,0.0,0.023980667687382606,0.025733398437495225
1736,122.9108632477954,64,5248,19,6,0,6,122.9108632477954,5120,0.05929955555555556,122.97016280335096,122.97016280335096,123.00231835890652,123.011042882397,123.03745566315872,124.69884167273835,0.12659241536331933,1.7879784249429491,0.0,0.0,0.00872452349048558,0.02641278076171716
1737,122.9870796036888,96,256,0,6,0,3,122.9870796036888,0,0.07987911111111111,123.06695871479991,123.06695871479991,123.07138093702213,123.0902826895259,123.11655368561966,125.62704845984773,0.12947408193086574,2.63996885615893,0.0,0.0,0.01890175250377979,0.02627099609375705
1738,123.03632490811066,160,1664,0,3,0,3,123.03632490811066,1536,0.04854755555555555,123.08487246366622,123.08487246366622,123.09711690811066,123.09796141362823,123.12369497482614,127.21954502365428,0.08737006671547931,4.1832201155436195,0.0,0.0,0.0008445055175627658,0.02573356119791015
1739,123.09839701582425,96,4608,63,5,0,5,123.61911823467086,256,1.230712888888889,124.84983112355975,124.84983112355975,124.87843112355975,124.87848531692669,124.9056213032548,127.44413155716109,1.8072242874305573,4.345734541336839,0.5207212188466173,0.0,5.419336693535115e-05,0.02713598632811909
1740,123.13825853595647,64,832,64,2,0,2,123.13825853595647,256,0.170496,123.30875453595647,123.30875453595647,123.31637675817869,123.32607898424753,123.35215011054962,124.98245333320585,0.21389157459314845,1.8441947972493864,0.0,0.0,0.009702226068839082,0.02607112630208519
1741,123.45382157241919,64,1664,0,3,0,3,123.45382157241919,1536,0.04854755555555555,123.50236912797475,123.50236912797475,123.5146135724192,123.53549836024281,123.56125031336781,125.1816583944225,0.10742874094862032,1.7278368220033116,0.0,0.0,0.020884787823618467,0.025751953124995453
1742,123.50904254964276,96,512,66,3,0,1,123.50904254964276,0,0.15175822222222224,123.66080077186498,123.66080077186498,123.66664521630943,123.69001740321156,123.71570917567249,126.16013306890167,0.20666662602972963,2.651090519258915,0.0,0.0,0.023372186902122394,0.025691772460930906
1743,123.52172436547055,96,4544,75,6,0,6,123.52172436547055,4352,0.07496533333333334,123.59668969880389,123.59668969880389,123.62493414324832,123.64207614655716,123.66845114655716,126.19351117608656,0.1467267810866133,2.6717868106160125,0.0,0.0,0.017142003308833864,0.02637500000000159
1744,123.62395275481,160,256,158,1,0,2,123.62395275481,0,0.07987911111111111,123.70383186592112,123.70383186592112,123.70825408814333,123.72339087788625,123.74946197163625,127.86023885965707,0.12550921682624505,4.236286104847068,0.0,0.0,0.015136789742911105,0.026071093750005048
1745,123.81647657537371,160,1792,29,1,0,1,123.81647657537371,1600,0.06670933333333334,123.88318590870705,123.88318590870705,123.8961414642626,123.90589878804249,123.93194004780811,128.04294491434456,0.11546347243439925,4.226468338970847,0.0,0.0,0.009757323779894023,0.026041259765619884
1746,123.99042103037775,128,2176,1,0,0,0,123.99042103037775,2048,0.050083555555555555,124.0405045859333,124.0405045859333,124.05559347482219,124.06176362087513,124.08829552191679,127.48379165635689,0.09787449153904504,3.4933706259791393,0.0,0.0,0.006170146052937753,0.026531901041664696
1747,124.00935053169141,160,3200,2,4,0,4,124.00935053169141,3072,0.05315555555555555,124.06250608724696,124.06250608724696,124.08328386502474,124.09395796830434,124.12022957474964,128.31633851843452,0.11087904305823315,4.30698798674311,0.0,0.0,0.010674103279598057,0.026271606445305906
1748,124.02741829886352,128,5248,7,6,0,6,124.02741829886352,5120,0.05929955555555556,124.08671785441908,124.08671785441908,124.11887340997464,124.1424057596524,124.1688978250821,127.56361502188268,0.14147952621857485,3.5361967230191595,0.0,0.0,0.023532349677765296,0.026492065429692957
1749,124.03764335239208,96,4096,73,7,0,7,124.03764335239208,0,1.1580657777777779,125.19570913016986,125.19570913016986,125.22146468572542,125.24244673985885,125.2695937125151,127.7954949576323,1.2319503601230224,3.7578516052402193,0.0,0.0,0.020982054133426686,0.02714697265625432
1750,124.26951871606661,64,1664,16,3,0,3,124.26951871606661,1536,0.04854755555555555,124.31806627162217,124.31806627162217,124.33031071606662,124.33245819911,124.35815827235218,125.97998218999543,0.08863955628557108,1.7104634739288116,0.0,0.0,0.0021474830433731995,0.02570007324219148
1751,124.5491051831884,64,5248,3,0,0,0,124.5491051831884,5120,0.05929955555555556,124.60840473874396,124.60840473874396,124.64056029429952,124.64453299750274,124.67121942328399,126.36298638291939,0.12211424009558414,1.8138811997309858,0.0,0.0,0.00397270320321752,0.026686425781250023
1752,124.59874923397585,64,2176,25,5,0,5,124.84983112355975,2048,0.050083555555555555,124.89991467911531,124.89991467911531,124.9150035680042,124.93275777786418,124.95953658645793,126.63945260208295,0.3607873524820775,2.0407033681071027,0.2510818895839009,0.0,0.017754209859987213,0.026778808593746817
1753,124.78173650780003,128,3200,2,4,0,4,124.78173650780003,3072,0.05315555555555555,124.83489206335558,124.83489206335558,124.85566984113336,124.8557741304137,124.88218737911163,128.23712826452828,0.10045087131159391,3.455391756728247,0.0,0.0,0.00010428928034400542,0.02641324869792072
1754,124.82711082857827,128,768,88,0,0,0,124.82711082857827,576,0.06363733333333334,124.8907481619116,124.8907481619116,124.89801482857827,124.91141922797148,124.9378911517996,128.33062171820583,0.11078032322133424,3.503510889627563,0.0,0.0,0.013404399393209587,0.02647192382812591
1755,124.86426010429327,96,1216,44,5,0,5,124.89991467911531,256,0.27831466666666665,125.17822934578197,125.17822934578197,125.18798490133753,125.20056783645794,125.22705404251262,127.76425948684859,0.3627939382193546,2.899999382555322,0.035654574822046925,0.0,0.012582935120406091,0.026486206054684658
1756,124.88407505191797,96,2176,5,4,0,4,124.88407505191797,2048,0.050083555555555555,124.93415860747353,124.93415860747353,124.94924749636242,124.96143005489287,124.98775708126006,127.49627084265332,0.1036820293420817,2.612195790735342,0.0,0.0,0.012182558530454912,0.026327026367184203
1757,124.89702425839954,128,4608,75,6,0,6,124.89702425839954,4416,0.07515733333333334,124.97218159173288,124.97218159173288,125.00078159173287,125.01503070733656,125.04149518487563,128.43544820408135,0.14447092647608883,3.5384239456818136,0.0,0.0,0.014249115603689688,0.026464477539065
1758,124.91024519084758,128,1664,8,7,0,7,125.19570913016986,1536,0.04854755555555555,125.24425668572542,125.24425668572542,125.25650113016987,125.2695937125151,125.29629618647344,128.65282357091357,0.3860509956258653,3.742578380065993,0.285463939322284,0.0,0.013092582345237247,0.02670247395833769
1759,124.91410320764031,96,5248,3,0,0,0,124.91410320764031,5120,0.05929955555555556,124.97340276319586,124.97340276319586,125.00555831875143,125.01730985297148,125.04393924750273,127.59095163357043,0.12983603986242542,2.6768484259301175,0.0,0.0,0.011751534220053372,0.026629394531255457
1760,124.97479235215911,128,4672,63,5,0,5,125.17822934578197,4480,0.07534933333333334,125.25357867911531,125.25357867911531,125.28253423467086,125.30651559036419,125.33316236770794,128.74687545364546,0.35837001554882875,3.772083101486345,0.2034369936228586,0.0,0.023981355693322826,0.026646777343756867
1761,125.11018744489999,96,3200,10,2,0,2,125.11018744489999,3072,0.05315555555555555,125.16334300045554,125.16334300045554,125.18412077823332,125.18783028633085,125.21394869453398,127.7193860806017,0.10376124963399036,2.609198635701702,0.0,0.0,0.003709508097529124,0.02611840820313205
1762,125.13913492681164,160,1664,0,3,0,3,125.13913492681164,1536,0.04854755555555555,125.1876824823672,125.1876824823672,125.19992692681164,125.2073970662975,125.23314844976105,129.33939005946158,0.09401352294941034,4.200255132649943,0.0,0.0,0.007470139485860727,0.02575138346354322
1763,125.23651321448948,160,5248,3,0,0,0,125.23651321448948,5120,0.05929955555555556,125.29581277004503,125.29581277004503,125.3279683256006,125.33844325140899,125.36540972276316,129.6110239398855,0.1288965082736837,4.374510725396036,0.0,0.0,0.010474925808395597,0.026966471354171517
1764,125.28121793899517,64,5248,7,6,0,6,125.28121793899517,5120,0.05929955555555556,125.34051749455072,125.34051749455072,125.37267305010629,125.38604326314014,125.41290040599728,127.111328761187,0.13168246700210773,1.830110822191827,0.0,0.0,0.013370213033851996,0.026857142857139138
1765,125.29060638668379,128,832,100,6,0,6,125.34051749455072,256,0.170496,125.51101349455072,125.51101349455072,125.51863571677295,125.52033386023835,125.54701177771882,128.9316844973291,0.256405391035031,3.641078110645296,0.04991110786693298,0.0,0.0016981434654042005,0.02667791748046966
1766,125.45286768090477,96,4480,107,2,0,2,125.45286768090477,4288,0.07477333333333333,125.52764101423811,125.52764101423811,125.55552990312701,125.57965767890899,125.6061373338569,128.11343454251576,0.15326965295213313,2.660566861610988,0.0,0.0,0.024127775781977334,0.02647965494792004
1767,125.47439002688841,96,2816,38,2,0,2,125.52764101423811,2624,0.06978133333333333,125.59742234757145,125.59742234757145,125.6160667920159,125.63261747708607,125.65907170071888,128.1653422573595,0.18468167383046818,2.6909522304710833,0.05325098734969913,0.0,0.016550685070171767,0.026454223632811136
1768,125.55937584618916,64,2816,30,1,0,1,125.55937584618916,2624,0.06978133333333333,125.6291571795225,125.6291571795225,125.64780162396694,125.66991000223518,125.69579037332893,127.32324691629769,0.13641452713977742,1.7638710701085358,0.0,0.0,0.022108378268242745,0.025880371093748522
1769,125.83066746714813,160,3200,2,4,0,4,125.83066746714813,3072,0.05315555555555555,125.88382302270368,125.88382302270368,125.90460080048146,125.9111568615335,125.93761206172881,130.1374038260517,0.10694459458068195,4.306736358903564,0.0,0.0,0.006556061052037876,0.026455200195314887
1770,125.83728074070997,128,1664,0,3,0,3,125.83728074070997,1536,0.04854755555555555,125.88582829626553,125.88582829626553,125.89807274070998,125.90272730718293,125.92847844650585,129.2100378459199,0.09119770579587794,3.372757105209942,0.0,0.0,0.004654566472950705,0.025751139322920835
1771,125.86979228873123,96,5248,7,6,0,6,125.86979228873123,5120,0.05929955555555556,125.92909184428679,125.92909184428679,125.96124739984235,125.97672542692361,126.0037096798533,128.540599292251,0.13391739112206835,2.670807003519755,0.0,0.0,0.015478027081258006,0.026984252929693753
1772,126.00148220563902,128,2176,9,4,0,4,126.00148220563902,2048,0.050083555555555555,126.05156576119458,126.05156576119458,126.06665465008346,126.06989538692413,126.09627439083039,129.44962892370796,0.09479218519136623,3.4481467180689407,0.0,0.0,0.0032407368406666137,0.026379003906257026
1773,126.03762712304018,128,1344,97,2,0,2,126.03762712304018,1152,0.06536533333333333,126.10299245637351,126.10299245637351,126.11345912304019,126.13764604153918,126.16410063138294,129.51199460110948,0.12647350834275528,3.474367478069297,0.0,0.0,0.02418691849899801,0.02645458984375182
1774,126.21571521517801,64,1472,129,2,0,2,126.21571521517801,256,0.35019377777777777,126.56590899295578,126.56590899295578,126.57708677073356,126.58744047513294,126.61375453763294,128.2682289761095,0.39803932245493456,2.0525137609314896,0.0,0.0,0.010353704399378216,0.02631406250000623
1775,126.30298567825609,128,1664,4,6,0,6,126.30298567825609,1536,0.04854755555555555,126.35153323381165,126.35153323381165,126.3637776782561,126.3831284612428,126.41000565850842,129.7609471926416,0.10701998025233195,3.4579615143855023,0.0,0.0,0.019350782986705894,0.026877197265619657
1776,126.31320124595271,160,3200,2,4,0,4,126.31320124595271,3072,0.05315555555555555,126.36635680150826,126.36635680150826,126.38713457928604,126.41286052364289,126.43927539994498,130.63849635534856,0.1260741539922634,4.325295109395853,0.0,0.0,0.02572594435685005,0.026414876302084167
1777,126.31536192674675,96,5248,7,6,0,6,126.35153323381165,5120,0.05929955555555556,126.4108327893672,126.4108327893672,126.44298834492277,126.46376151788343,126.49073787112003,129.0102792238916,0.17537594437328607,2.6949172971448405,0.03617130706490457,0.0,0.02077317296065928,0.026976353236605632
1778,126.42895097385603,96,1664,0,3,0,3,126.42895097385603,1536,0.04854755555555555,126.47749852941159,126.47749852941159,126.48974297385604,126.49611040451366,126.52194792892772,128.97722217209179,0.09299695507168337,2.548271198235753,0.0,0.0,0.006367430657618911,0.025837524414058066
1779,126.4320051273745,128,1664,0,3,0,3,126.47749852941159,1536,0.04854755555555555,126.52604608496715,126.52604608496715,126.5382905294116,126.54778594162303,126.57361924240428,129.8567338094616,0.14161411502978183,3.4247286820870926,0.04549340203709562,0.0,0.009495412211435905,0.025833300781243906
1780,126.62289209576502,128,2496,58,7,0,7,126.62289209576502,2304,0.06882133333333333,126.69171342909836,126.69171342909836,126.70858009576503,126.71222603673385,126.73882735509322,130.0603426138823,0.1159352593281966,3.437450518117288,0.0,0.0,0.0036459409688234246,0.02660131835936852
1781,126.63775034444897,96,2176,1,0,0,0,126.63775034444897,2048,0.050083555555555555,126.68783390000453,126.68783390000453,126.70292278889342,126.70971441026313,126.73626675401313,129.26286927679956,0.09851640956415508,2.6251189323505884,0.0,0.0,0.006791621369714562,0.02655234374999793
1782,126.75038924638314,128,1664,0,3,0,3,126.75038924638314,1536,0.04854755555555555,126.7989368019387,126.7989368019387,126.81118124638314,126.83197910568553,126.85781341558136,130.1413265828991,0.10742416919822517,3.390937336515961,0.0,0.0,0.020797859302390975,0.0258343098958278
1783,126.75937507292659,160,5248,3,0,0,0,126.75937507292659,5120,0.05929955555555556,126.81867462848214,126.81867462848214,126.8508301840377,126.86903579698189,126.89575894151314,131.12068914170843,0.13638386858654883,4.361314068781837,0.0,0.0,0.0182056129441861,0.026723144531246135
1784,126.79737823964489,96,4096,35,1,0,4,126.79737823964489,0,1.1580657777777779,127.95544401742266,127.95544401742266,127.98119957297823,127.98999227762582,128.01646835184457,130.50047176981326,1.2190901121996802,3.703093530168374,0.0,0.0,0.008792704647589744,0.02647607421874909
1785,127.0250711473519,128,4736,27,2,0,2,127.0250711473519,256,1.2666524444444445,128.29172359179634,128.29172359179634,128.32103470290744,128.34531784329698,128.37182272610949,131.80975143704697,1.3467515787575906,4.784680289695075,0.0,0.0,0.024283140389542268,0.026504882812503183
1786,127.03181823111797,96,256,0,6,0,3,127.03181823111797,0,0.07987911111111111,127.11169734222908,127.11169734222908,127.1161195644513,127.13821588683804,127.16485169878,129.6565927004541,0.13303346766203106,2.6247744693361312,0.0,0.0,0.022096322386744305,0.026635811941957854
1787,127.03386613045092,96,1024,68,1,0,1,127.95544401742266,832,0.06440533333333334,128.019849350756,128.019849350756,128.0285382396449,128.04294491434456,128.0691954026258,130.551186125282,1.0353292721748915,3.5173199948310696,0.9215778869717468,0.0,0.014406674699671385,0.026250488281249318
1788,127.08981559054992,96,1664,33,7,0,7,127.08981559054992,256,0.40410311111111114,127.49391870166103,127.49391870166103,127.50616314610548,127.50688057774948,127.53311580724167,130.00778157872608,0.44330021669175323,2.9179659881761637,0.0,0.0,0.0007174316440057282,0.026235229492186818
1789,127.11357487166285,128,2304,62,6,0,6,127.11357487166285,2112,0.06824533333333334,127.18182020499619,127.18182020499619,127.19762020499618,127.21812478750768,127.24469802969517,130.57314006373534,0.13112315803232377,3.459565192072489,0.0,0.0,0.02050458251149223,0.026573242187495794
1790,127.26713181357006,96,2432,70,6,0,6,127.26713181357006,256,0.6197404444444444,127.8868722580145,127.8868722580145,127.90338336912562,127.90724629978448,127.93365175632745,130.41602531764158,0.6665199427573896,3.1488935040715234,0.0,0.0,0.0038629306588546797,0.026405456542974548
1791,127.33047603378827,64,4480,147,1,0,1,128.019849350756,4288,0.07477333333333333,128.09462268408933,128.09462268408933,128.12251157297823,128.14794979715705,128.17451392476121,129.82671672424036,0.8440378909729418,2.4962406904520833,0.6893733169677319,0.0,0.025438224178827795,0.026564127604160603
1792,127.36346326184436,128,4416,55,5,0,5,127.36346326184436,256,1.1768035555555554,128.54026681739992,128.54026681739992,128.56780015073326,128.58337691848922,128.61062545364547,132.0385914367184,1.2471621918011095,4.675128174874047,0.0,0.0,0.015576767755959509,0.02724853515624659
1793,127.40366972531213,160,512,109,0,0,5,127.40366972531213,0,0.15175822222222224,127.55542794753435,127.55542794753435,127.5612723919788,127.56436187120063,127.59095163357043,131.7790490049897,0.18728190825829927,4.375379279677574,0.0,0.0,0.0030894792218276734,0.026589762369795267
1794,127.41535194730686,128,5248,23,5,0,5,128.54026681739992,256,1.4104106666666667,129.9506774840666,129.9506774840666,129.98283303962216,129.9967030903642,130.02407516067672,133.47441858515592,2.6087232133698564,6.059066637849057,1.1249148700930647,0.0,0.013870050742042395,0.027372070312509322
1795,127.53773992065537,160,256,86,1,0,7,128.09462268408933,0,0.07987911111111111,128.17450179520043,128.17450179520043,128.17892401742264,128.20107854064662,128.22728361877162,132.31419149637574,0.6895436981162533,4.7764515757203725,0.5568827634339613,0.0,0.02215452322397482,0.0262050781250025
1796,127.57243436258896,64,256,13,5,0,4,129.9506774840666,0,0.07987911111111111,130.0305565951777,130.0305565951777,130.03497881739992,130.05144771927047,130.07807141718715,131.76477649531216,2.505637054598182,4.192342132723198,2.378243121477638,0.0,0.016468901870553054,0.026623697916676292
1797,127.61865607212351,64,4480,55,5,0,5,130.0305565951777,4288,0.07477333333333333,130.10532992851103,130.10532992851103,130.13321881739992,130.15794544062464,130.18471155390588,131.87414661249966,2.566055481782371,4.255490540376144,2.411900523054186,0.0,0.024726623224722744,0.026766113281240678
1798,127.64527713785674,96,3200,18,0,0,0,127.64527713785674,3072,0.05315555555555555,127.69843269341229,127.69843269341229,127.71921047119007,127.72288864528917,127.74930645127876,130.27365007920844,0.10402931342201782,2.6283729413516994,0.0,0.0,0.003678174099107423,0.02641780598958121
1799,127.67775440635826,160,2176,5,4,0,4,127.67775440635826,2048,0.050083555555555555,127.72783796191382,127.72783796191382,127.7429268508027,127.76129281530956,127.7877239676533,131.97102076941104,0.10996956129504554,4.29326636305278,0.0,0.0,0.018365964506855903,0.026431152343747044
