id,arrival,output,prompt,session,cluster,switched,old_cluster,p_start,hit_tokens,p_service,p_end,kv_start,kv_end,d_start,first,end,ttft,e2e,p_wait,kv_wait,d_wait,decode_first
0,0.030973382231898557,128,640,8,7,0,,0.030973382231898557,0,0.1876977777777778,0.21867116000967635,0.21867116000967635,0.2252267155652319,0.2252267155652319,0.2505392155652319,3.4998971745496075,0.21956583333333335,3.468923792317709,0.0,0.0,0.0,0.025312499999999988
1,0.05223304473452041,160,2176,6,5,0,,0.05223304473452041,0,0.6189724444444444,0.6712054891789648,0.6712054891789648,0.6862943780678538,0.6862943780678538,0.7123568780678537,4.8743124281980625,0.6601238333333334,4.822079383463542,0.0,0.0,0.0,0.02606249999999999
2,0.12900297337556182,160,640,132,6,0,,0.12900297337556182,0,0.1876977777777778,0.3167007511533396,0.3167007511533396,0.32325630670889516,0.32325630670889516,0.3485688067088952,4.468420971422438,0.21956583333333335,4.3394179980468754,0.0,0.0,0.0,0.025312500000000016
3,0.22092000512830434,128,640,0,3,0,,0.22092000512830434,0,0.1876977777777778,0.40861778290608214,0.40861778290608214,0.4151733384616377,0.4151733384616377,0.4404858384616377,3.6745957749850753,0.21956583333333335,3.453675769856771,0.0,0.0,0.0,0.025312500000000016
4,0.28080076745143806,128,2176,2,4,0,,0.28080076745143806,0,0.6189724444444444,0.8997732118958826,0.8997732118958826,0.9148621007847715,0.9148621007847715,0.9409246007847715,4.249636824092063,0.6601238333333335,3.9688360566406247,0.0,0.0,0.0,0.02606249999999999
5,0.3225002283980914,128,2240,2,4,0,4,0.8997732118958826,2048,0.06805333333333334,0.9678265452292159,0.9678265452292159,0.9832709896736603,0.9930510656285214,1.0191299230503965,4.326599348506125,0.6966296946523052,4.004099120108034,0.5772729834977912,0.0,0.009780075954861078,0.0260788574218751
6,0.38812399444413437,96,2176,18,0,0,,0.38812399444413437,0,0.6189724444444444,1.0070964388885788,1.0070964388885788,1.0221853277774677,1.0221853277774677,1.0482478277774678,3.5394344930490447,0.6601238333333335,3.1513104986049103,0.0,0.0,0.0,0.0260625000000001
7,0.49912735148503135,96,2048,45,1,0,,0.49912735148503135,0,0.5830328888888889,1.0821602403739203,1.0821602403739203,1.0965380181516982,1.0965380181516982,1.1225380181516982,3.582689588789719,0.6234106666666668,3.0835622373046876,0.0,0.0,0.0,0.026000000000000023
8,0.5064903572907055,128,640,20,2,0,,0.5064903572907055,0,0.1876977777777778,0.6941881350684833,0.6941881350684833,0.7007436906240389,0.7007436906240389,0.7260561906240388,3.9875618546865392,0.21956583333333335,3.481071497395834,0.0,0.0,0.0,0.02531249999999996
9,0.5137862137539407,128,2176,90,1,0,,1.0821602403739203,0,0.6189724444444444,1.7011326848183648,1.7011326848183648,1.7162215737072537,1.7206727837766982,1.7467098931516982,5.027770806237636,1.2329236793977576,4.513984592483696,0.5683740266199796,0.0,0.004451210069444489,0.026037109375000034
10,0.5314011506377816,128,1152,49,7,0,,0.5314011506377816,256,0.2603448888888889,0.7917460395266704,0.7917460395266704,0.8011460395266704,0.807537750721482,0.8329808659558571,4.091219537830857,0.3015797153180755,3.5598183871930753,0.0,0.0,0.006391711194811633,0.025443115234375036
11,0.6116499241243096,96,4224,3,0,0,,1.0070964388885788,256,1.1228942222222222,2.129990661110801,2.129990661110801,2.156457327777468,2.1693972418399676,2.1959704840274674,4.705498308695746,1.5843205599031578,4.093848384571436,0.3954465147642692,0.0,0.012939914062499724,0.02657324218749979
12,0.7299410579700674,64,1152,113,3,0,,0.7299410579700674,256,0.2603448888888889,0.9902859468589562,0.9902859468589562,0.9996859468589562,1.0228081040866377,1.0482514634616378,2.656123029216846,0.3183104054915704,1.9261819712467785,0.0,0.0,0.023122157227681517,0.025443359375000085
13,0.7771941962502801,96,4224,19,6,0,,0.7771941962502801,256,1.1228942222222222,1.9000884184725022,1.9000884184725022,1.9265550851391688,1.9442406817088955,1.9704438067088956,4.468420971422438,1.1932496104586154,3.6912267751721575,0.0,0.0,0.01768559656972668,0.026203125000000105
14,0.8437856239011315,160,4224,27,2,0,,0.8437856239011315,256,1.1228942222222222,1.9666798461233537,1.9666798461233537,1.9931465127900203,2.0176411515615387,2.043841346874039,6.176637625473368,1.2000557229729072,5.3328520015722365,0.0,0.0,0.024494638771518362,0.026200195312500174
15,0.864633895678165,96,4096,23,5,0,,0.864633895678165,0,1.1580657777777779,2.022699673455943,2.022699673455943,2.0484552290114983,2.068279729630354,2.094823919083479,4.5871827081459795,1.230190023405314,3.7225488124678145,0.0,0.0,0.019824500618855545,0.02654418945312509
16,0.8657272361705123,64,1152,1,0,0,,2.129990661110801,256,0.2603448888888889,2.39033554999969,2.39033554999969,2.39973554999969,2.4085739996524675,2.4348132574649677,4.093804583109809,1.5690860212944555,3.2280773469392967,1.2642634249402889,0.0,0.00883844965277758,0.02623925781250014
17,0.8712654036906907,160,2176,14,7,0,,0.8712654036906907,256,0.5478613333333333,1.419126737024024,1.419126737024024,1.4342156259129129,1.443762115955857,1.469419830799607,5.563580552060769,0.5981544271089162,4.692315148370078,0.0,0.0,0.009546490042944056,0.025657714843750012
18,0.9801798554782319,64,2048,9,3,0,,0.9902859468589562,0,0.5830328888888889,1.5733188357478451,1.5733188357478451,1.587696613525623,1.6081289048678877,1.6337652980970545,3.2426361314303875,0.6535854426188226,2.2624562759521556,0.01010609138072427,0.0,0.020432291342264763,0.025636393229166776
19,1.144076363622612,160,2048,24,5,0,,2.022699673455943,0,0.5830328888888889,2.6057325623448317,2.6057325623448317,2.6201103401226096,2.625810247208479,2.652179876114729,6.803338551244939,1.5081035124921172,5.659262187622327,0.8786233098333309,0.0,0.005699907085869427,0.026369628906250053
20,1.270447262940766,160,704,20,2,0,2,1.9666798461233537,512,0.06344533333333334,2.030125179456687,2.030125179456687,2.037036290567798,2.043841346874039,2.0697563859365387,6.202413667140035,0.7993091229957727,4.931966404199269,0.6962325831825877,0.0,0.006805056306240953,0.02591503906249981
21,1.633499670386686,96,1152,133,1,0,,1.7011326848183648,256,0.2603448888888889,1.9614775737072536,1.9614775737072536,1.9708775737072537,1.9810658501829483,2.0069480116412817,4.4587678765501355,0.3734483412545957,2.8252682061634493,0.0676330144316788,0.0,0.010188276475694646,0.02588216145833333
22,1.6788202200978606,128,1216,1,0,0,0,2.39033554999969,1024,0.06498133333333334,2.4553168833330234,2.4553168833330234,2.465072438888579,2.4872932379337174,2.5133722174259048,5.872672938997085,0.8345519973280442,4.193852718899224,0.7115153299018295,0.0,0.022220799045138406,0.026078979492187404
23,1.732356529845128,64,704,0,3,0,3,1.732356529845128,512,0.06344533333333334,1.7958018631784614,1.7958018631784614,1.8027129742895724,1.8132337225762212,1.8387998846855962,3.4458615220553876,0.10644335484046819,1.7135049922102596,0.0,0.0,0.010520748286648729,0.025566162109375012
24,1.7705390312426708,96,2240,6,5,0,5,2.6057325623448317,2048,0.06805333333333334,2.673785895678165,2.673785895678165,2.6892303401226094,2.704920598770979,2.731222356583479,5.213496266088688,0.9606833253408082,3.442957234846017,0.835193531102161,0.0,0.015690258648369593,0.026301757812499993
25,1.7848168920419705,160,2240,14,7,0,7,1.7848168920419705,2048,0.06805333333333334,1.8528702253753038,1.8528702253753038,1.8683146698197481,1.880009674549607,1.905782623768357,6.00443602081077,0.12096573172638658,4.2196191287688,0.0,0.0,0.01169500472985896,0.025772949218749952
26,1.8384853806612118,64,4288,19,6,0,6,1.9000884184725022,4096,0.07419733333333334,1.9742857518058354,1.9742857518058354,2.0011079740280575,2.0228515215526457,2.049352498115146,3.7170067949901457,0.21086711745393405,1.878521414328934,0.061603037811290395,0.0,0.02174354752458818,0.026500976562500167
27,1.8522368174769055,64,1280,1,0,0,0,2.4553168833330234,1088,0.06517333333333333,2.520490216666357,2.520490216666357,2.530601327777468,2.5394516851993423,2.5654406500430924,4.2267415948285585,0.7132038325661869,2.374504777351653,0.603080065856118,0.0,0.008850357421874122,0.02598896484375013
28,2.002234788841057,64,2304,2,4,0,4,2.002234788841057,2112,0.06824533333333334,2.0704801221743905,2.0704801221743905,2.0862801221743905,2.0887834875035214,2.1148913976597714,3.7595286046910217,0.11265660881871442,1.7572938158499647,0.0,0.0,0.002503365329130869,0.026107910156250025
29,2.0038393929885365,128,4288,3,0,0,0,2.520490216666357,4096,0.07419733333333334,2.59468754999969,2.59468754999969,2.6215097722219123,2.643410474261842,2.6695851975691336,6.032903896028335,0.6657458045805971,4.029064503039798,0.5166508236778204,0.0,0.021900702039929776,0.026174723307291536
30,2.0233591746041237,128,1152,101,1,0,,2.0233591746041237,256,0.2603448888888889,2.283704063493013,2.283704063493013,2.2931040634930127,2.3175720350787814,2.343379041914719,5.617011040612636,0.3200198673105952,3.593651866008512,0.0,0.0,0.024467971585768744,0.025807006835937507
31,2.0922822178976106,160,640,152,7,0,,2.0922822178976106,256,0.11658666666666667,2.208868884564277,2.208868884564277,2.2154244401198326,2.240875397205857,2.266561725330857,6.36816941924827,0.17427950743324638,4.27588720135066,0.0,0.0,0.025450957086024406,0.025686328124999935
32,2.122256408925801,160,768,0,3,0,3,2.122256408925801,576,0.06363733333333334,2.1858937422591342,2.1858937422591342,2.193160408925801,2.196777423748096,2.222311212810596,6.277646538109486,0.10005480388479526,4.155390129183685,0.0,0.0,0.0036170148222951504,0.025533789062500034
33,2.1534390878141845,160,4352,3,0,0,0,2.59468754999969,4160,0.07438933333333334,2.6690768833330236,2.6690768833330236,2.6962546611108014,2.721936109027467,2.74824784172836,6.966144228059584,0.5948087539141755,4.8127051402454,0.44124846218550573,0.0,0.0256814479166656,0.026311732700893042
34,2.21847192083256,160,832,0,3,0,3,2.21847192083256,640,0.06382933333333334,2.2823012541658936,2.2823012541658936,2.289923476388116,2.298915509685596,2.324429669841846,6.379845952171986,0.10595774900928578,4.161374031339426,0.0,0.0,0.008992033297479995,0.025514160156249854
35,2.294064357196467,64,2176,10,2,0,,2.294064357196467,256,0.5478613333333333,2.8419256905298003,2.8419256905298003,2.857014579418689,2.873364784374039,2.899328407420914,4.534410365428726,0.6052640502244468,2.2403460082322586,0.0,0.0,0.01635020495535011,0.02596362304687494
36,2.4027429891376606,64,4416,3,0,0,0,2.6690768833330236,4224,0.07458133333333333,2.743658216666357,2.743658216666357,2.77119154999969,2.7745600627105027,2.8009782145659714,4.46686898391896,0.3982352254283108,2.0641259947812998,0.266333894195363,0.0,0.00336851271081251,0.026418151855468697
37,2.5031930836367353,160,1152,5,2,0,,2.8419256905298003,256,0.2603448888888889,3.1022705794186893,3.1022705794186893,3.111670579418689,3.133022987499039,3.158910292186539,7.288427436671284,0.6557172085498038,4.785234353034548,0.33873260689306495,0.0,0.021352408080349772,0.025887304687500112
38,2.5048254552799984,160,896,0,3,0,3,2.5048254552799984,704,0.06402133333333333,2.5688467886133317,2.5688467886133317,2.5768245663911094,2.579598126873096,2.6051059393730958,6.66070881973926,0.10028048409309731,4.155883364459262,0.0,0.0,0.0027735604819865145,0.025507812499999893
39,2.775029596070347,64,640,28,5,0,,2.775029596070347,256,0.11658666666666667,2.8916162627370134,2.8916162627370134,2.898171818292569,2.915348333145979,2.941455364395979,4.5871827081459795,0.16642576832563227,1.8121531120756327,0.0,0.0,0.017176514853410207,0.026107031250000023
40,3.010625784815103,64,1344,1,0,0,0,3.010625784815103,1152,0.06536533333333333,3.075991118148436,3.075991118148436,3.086457784815103,3.091610111538628,3.117948815965711,4.78475392393012,0.10732303115060837,1.7741281391150174,0.0,0.0,0.005152326723524947,0.026338704427083304
41,3.1161652693679636,64,1152,17,6,0,,3.1161652693679636,256,0.2603448888888889,3.3765101582568526,3.3765101582568526,3.3859101582568525,3.4015497637401455,3.4278351641307707,5.055344760019909,0.31166989476280715,1.9391794906519455,0.0,0.0,0.015639605483293018,0.026285400390625213
42,3.2671365966899173,128,1152,41,4,0,,3.2671365966899173,256,0.2603448888888889,3.5274814855788064,3.5274814855788064,3.536881485578806,3.5515784093785214,3.577570474808209,6.847993648403819,0.3104338781182916,3.580857051713902,0.0,0.0,0.014696923799715211,0.02599206542968746
43,3.3288397577221622,96,704,8,7,0,7,3.3288397577221622,512,0.06344533333333334,3.3922850910554954,3.3922850910554954,3.3991962021666065,3.422951862049607,3.448599811268357,5.900374497373269,0.1197600535461949,2.571534739651107,0.0,0.0,0.023755659883000657,0.02564794921875002
44,3.4229914336645586,128,4096,0,2,0,3,3.4229914336645586,0,1.1580657777777779,4.581057211442337,4.581057211442337,4.606812766997892,4.612501185741225,4.6387746232412255,7.935538178858782,1.2157831895766669,4.512546745194223,0.0,0.0,0.0056884187433325906,0.02627343750000044
45,3.6418283166720706,64,640,16,4,0,,3.6418283166720706,256,0.11658666666666667,3.7584149833387372,3.7584149833387372,3.7649705388942927,3.7854711502639384,3.8112565506545635,5.421180240433208,0.16942823398249285,1.7793519237611375,0.0,0.0,0.02050061136964576,0.025785400390625046
46,3.7628211730283483,160,1024,0,3,0,3,3.7628211730283483,768,0.08218311111111111,3.8450042841394594,3.8450042841394594,3.8536931730283484,3.878061269776742,3.9035128078626795,7.963155597083011,0.14069163483433123,4.200334424054663,0.0,0.0,0.024368096748393686,0.025451538085937475
47,3.7947579192599155,160,1216,5,2,0,2,4.581057211442337,1024,0.06498133333333334,4.646038544775671,4.646038544775671,4.655794100331226,4.665048549022475,4.691186830272475,8.803517475733782,0.8964289110125594,5.008759556473867,0.7862992921824214,0.0,0.009254448691248918,0.02613828124999973
48,3.866540177814576,96,4480,3,0,0,0,3.866540177814576,4288,0.07477333333333333,3.9413135111479094,3.9413135111479094,3.9692024000367985,3.9879049520334195,4.014379127380642,6.542531923372085,0.1478389495660659,2.675991745557509,0.0,0.0,0.018702551996621075,0.026474175347222406
49,3.9112181224202573,128,640,32,6,0,,3.9112181224202573,256,0.11658666666666667,4.027804789086924,4.027804789086924,4.03436034464248,4.0552183835318125,4.081061279039625,7.332645029737174,0.16984315661936789,3.4214269073169166,0.0,0.0,0.020858038889332242,0.025842895507812713
50,3.953305903916091,64,1152,57,4,0,,3.953305903916091,256,0.2603448888888889,4.21365079280498,4.21365079280498,4.2230507928049805,4.223889363154563,4.249636824092063,5.860907535355084,0.2963309201759716,1.9076016314389928,0.0,0.0,0.000838570349582568,0.02574746093749969
51,3.965359195888936,160,640,12,4,0,,4.21365079280498,256,0.11658666666666667,4.330237459471647,4.330237459471647,4.336793015027203,4.352087466995709,4.377532047073834,8.491298266149357,0.4121728511848981,4.525939070260421,0.2482915969160442,0.0,0.015294451968506095,0.025444580078125334
52,4.01781883799699,128,1152,25,6,0,,4.027804789086924,256,0.2603448888888889,4.288149677975813,4.288149677975813,4.297549677975813,4.313669311266188,4.339460033922438,7.587880747510611,0.32164119592544793,3.570061909513621,0.009985951089934275,0.0,0.01611963329037458,0.025790722656250153
53,4.025543860299034,128,1088,0,3,0,3,4.025543860299034,896,0.06459733333333334,4.090141193632367,4.090141193632367,4.099185638076811,4.107142690675181,4.132613686768931,7.37501155411426,0.10706982646989704,3.3494676938152264,0.0,0.0,0.00795705259836943,0.02547099609375003
54,4.074702229284645,128,4224,131,4,0,,4.330237459471647,256,1.1228942222222222,5.453131681693869,5.453131681693869,5.479598348360536,5.4976983068394585,5.523594180862896,8.833904092972276,1.4488919515782515,4.759201863687631,0.25553523018700197,0.0,0.018099958478922318,0.025895874023437848
55,4.101516941706568,160,1152,0,3,0,3,4.101516941706568,960,0.06478933333333334,4.166306275039902,4.166306275039902,4.175706275039902,4.183557143800181,4.209044611248098,8.27044433406218,0.10752766954152992,4.168927392355612,0.0,0.0,0.007850868760279184,0.025487467447916856
56,4.2398589603162,160,1152,109,6,0,,4.288149677975813,256,0.2603448888888889,4.548494566864702,4.548494566864702,4.557894566864702,4.570381583401604,4.595890738675041,8.657601833122595,0.35603177835884114,4.417742872806395,0.048290717659613236,0.0,0.012487016536901763,0.025509155273437223
57,4.308406943362602,64,1408,1,0,0,0,4.308406943362602,1216,0.06555733333333334,4.3739642766959355,4.3739642766959355,4.3847864989181575,4.387081508333023,4.413676845247085,6.086138368684585,0.10526990188448337,1.7777314253219831,0.0,0.0,0.00229500941486549,0.02659533691406235
58,4.322724503692816,160,1152,117,2,0,,4.646038544775671,256,0.2603448888888889,4.906383433664559,4.906383433664559,4.91578343366456,4.926453334178725,4.9524997208974755,9.05836977065566,0.6297752172046591,4.735645266962843,0.32331404108285433,0.0,0.010669900514165498,0.02604638671875037
59,4.360536067568796,160,2368,2,4,0,4,5.453131681693869,2176,0.06843733333333334,5.521569015027203,5.521569015027203,5.537724570582759,5.549490543167583,5.575439273636333,9.723912211017971,1.2149032060675378,5.363376143449176,1.0925956141250737,0.0,0.011765972584824702,0.025948730468750014
60,4.3608556533263725,160,1216,0,3,0,3,4.3608556533263725,1024,0.06498133333333334,4.425836986659705,4.425836986659705,4.435592542215261,4.438453790935598,4.463960626873098,8.526739622148117,0.1031049735467251,4.165883968821745,0.0,0.0,0.002861248720336995,0.025506835937499694
61,4.360909568713009,128,1152,13,6,0,,4.548494566864702,256,0.2603448888888889,4.80883945575359,4.80883945575359,4.818239455753591,4.825495108792229,4.851018839260979,8.097595225049673,0.49010927054797016,3.7366856563366646,0.18758499815169305,0.0,0.007255653038638066,0.025523730468750117
62,4.454598706614554,160,2304,14,7,0,7,4.454598706614554,2112,0.06824533333333334,4.522844039947888,4.522844039947888,4.538644039947887,4.554581110096482,4.580403668690232,8.705290024717018,0.12580496207567737,4.250691318102463,0.0,0.0,0.01593707014859458,0.02582255859374971
63,4.492523494968781,96,2176,98,4,0,,5.521569015027203,256,0.5478613333333333,6.0694303483605365,6.0694303483605365,6.084519237249426,6.095328311722271,6.121380167191021,8.596587979691027,1.6288566722222404,4.104064484722246,1.029045520058422,0.0,0.010809074472845737,0.026051855468749885
64,4.659596600049346,64,1216,13,6,0,6,4.80883945575359,1024,0.06498133333333334,4.873820789086924,4.873820789086924,4.88357634464248,4.902067765042229,4.92760438613598,6.54010798546634,0.2680077860866339,1.8805113854169946,0.14924285570424445,0.0,0.018491420399749714,0.025536621093750433
65,4.695550820232768,96,1280,13,6,0,6,4.873820789086924,1088,0.06517333333333333,4.938994122420257,4.938994122420257,4.949105233531368,4.953141495510979,4.978691579216337,7.4092465922371735,0.28314075898356883,2.7136957720044057,0.17826996885415625,0.0,0.0040362619796114885,0.025550083705357274
66,4.722719486542127,160,640,80,4,0,,6.0694303483605365,256,0.11658666666666667,6.186017015027203,6.186017015027203,6.192572570582759,6.1995386632847715,6.22546892044623,10.379082058398781,1.5027494339041025,5.656362571856654,1.3467108618184094,0.0,0.0069660927020125385,0.025930257161458137
67,4.751652057049968,64,2176,30,4,0,,6.186017015027203,256,0.5478613333333333,6.733878348360537,6.733878348360537,6.748967237249426,6.770117113805605,6.796075470390426,8.438922359341321,2.044423413340458,3.6872703022913527,1.4343649579772348,0.0,0.02114987655617906,0.025958356584821374
68,4.78321302875281,64,1280,0,3,0,3,4.78321302875281,1088,0.06517333333333333,4.848386362086143,4.848386362086143,4.858497473197254,4.872136408123098,4.897665277752004,6.507643261199764,0.1144522489991946,1.724430232446954,0.0,0.0,0.013638934925844559,0.025528869628906214
69,4.848940009265313,128,2368,14,7,0,7,4.848940009265313,2176,0.06843733333333334,4.9173773425986465,4.9173773425986465,4.933532898154202,4.941970758533982,4.967855035877732,8.266664292295143,0.11891502661241926,3.4177242830298304,0.0,0.0,0.008437860379779671,0.025884277343750206
70,4.9381689505635515,64,2176,54,6,0,,4.938994122420257,256,0.5478613333333333,5.486855455753591,5.486855455753591,5.50194434464248,5.515230990488659,5.5408575250868735,7.1539979214472424,0.6026885745233219,2.215828970883691,0.0008251718567056088,0.0,0.013286645846179113,0.025626534598214512
71,5.112843462148313,160,1344,0,3,0,3,5.112843462148313,1152,0.06536533333333333,5.1782087954816465,5.1782087954816465,5.188675462148313,5.20404979923638,5.229598464600963,9.295846677812182,0.11675500245265003,4.183003215663869,0.0,0.0,0.015374337088066348,0.025548665364583556
72,5.197794163913669,160,4224,7,4,0,,6.733878348360537,256,1.1228942222222222,7.856772570582759,7.856772570582759,7.883239237249426,7.88899950777882,7.915181427421677,12.086293880886195,2.717387263508008,6.888499716972526,1.5360841844468673,0.0,0.005760270529393985,0.02618191964285721
73,5.264878767280184,64,2176,26,4,0,,7.856772570582759,256,0.5478613333333333,8.404633903916093,8.404633903916093,8.419722792804981,8.438922359341321,8.465110068604714,10.117314643034199,3.2002313013245303,4.852435875754015,2.5918938033025753,0.0,0.01919956653634003,0.02618770926339309
74,5.294326135764307,96,1472,1,0,0,0,5.294326135764307,1280,0.06574933333333334,5.360075469097641,5.360075469097641,5.371253246875419,5.39589357236762,5.42232765439887,7.938233573065163,0.1280015186345631,2.6439074373008555,0.0,0.0,0.024640325492200965,0.026434082031250306
75,5.300279776053644,64,2432,14,7,0,7,5.300279776053644,2240,0.06862933333333333,5.368909109386977,5.368909109386977,5.385420220498088,5.407962457752732,5.433897586100946,7.074044663388894,0.13361781004730222,1.7737648873352496,0.0,0.0,0.022542237254643993,0.02593512834821432
76,5.307227661358643,64,2176,22,4,0,,8.404633903916093,256,0.5478613333333333,8.952495237249426,8.952495237249426,8.967584126138314,8.991005655472277,9.017166397659777,10.667679449581817,3.709938736301134,5.360451788223174,3.09740624255745,0.0,0.023421529333962354,0.026160742187499864
77,5.540390237481413,128,4544,3,0,0,0,5.540390237481413,4352,0.07496533333333334,5.615355570814746,5.615355570814746,5.6436000152591905,5.66025636533637,5.686806728059585,9.04451067267454,0.1464164905781722,3.504120435193128,0.0,0.0,0.016656350077179916,0.026550362723214427
78,5.644943702621641,96,1152,29,4,0,,8.952495237249426,256,0.2603448888888889,9.212840126138316,9.212840126138316,9.222240126138315,9.22646991328478,9.252534610550404,11.744140793982861,3.6075909079287625,6.09919709136122,3.307551534627785,0.0,0.004229787146464048,0.02606469726562466
79,5.763965516274126,64,1408,0,3,0,3,5.763965516274126,1216,0.06555733333333334,5.82952284960746,5.82952284960746,5.840345071829682,5.842912917725964,5.868486452882213,7.477145587317385,0.10452093660808703,1.7131800710432588,0.0,0.0,0.002567845896281895,0.025573535156249605
80,5.892112533673403,160,4224,55,1,0,,5.892112533673403,256,1.1228942222222222,7.015006755895626,7.015006755895626,7.041473422562293,7.041473422562293,7.068535922562293,11.284582456540466,1.1764233888888898,5.392469922867063,0.0,0.0,0.0,0.027062500000000433
81,5.942517132203639,128,768,20,2,0,2,5.942517132203639,576,0.06363733333333334,6.006154465536972,6.006154465536972,6.013421132203638,6.020821986522474,6.046790038977831,9.31318373549941,0.10427290677419254,3.3706666032957706,0.0,0.0,0.007400854318835748,0.02596805245535716
82,6.056587861188767,160,4224,15,1,0,,7.015006755895626,256,1.1228942222222222,8.137900978117848,8.137900978117848,8.164367644784514,8.178518832718542,8.205591586624791,12.37601054356304,2.1490037254360246,6.319422682374274,0.9584188947068588,0.0,0.014151187934027476,0.027072753906249858
83,6.137131110180902,128,1216,45,1,0,,8.137900978117848,256,0.27831466666666665,8.416215644784515,8.416215644784515,8.42597120034007,8.449268344437295,8.475851352249794,11.80525026253005,2.3387202420688924,5.668119152349148,2.0007698679369463,0.0,0.023297144097224276,0.02658300781249956
84,6.140725164372278,160,256,122,3,0,,6.140725164372278,0,0.07987911111111111,6.22060427548339,6.22060427548339,6.225026497705612,6.226567214600963,6.252106632214599,10.323091736870966,0.11138146784232106,4.182366572498688,0.0,0.0,0.0015407168953514017,0.025539417613636317
85,6.147957344103547,64,640,4,6,0,,6.147957344103547,256,0.11658666666666667,6.264544010770214,6.264544010770214,6.27109956632577,6.28423943077884,6.30983952843509,7.919083994580923,0.16188218433154233,1.7711266504773757,0.0,0.0,0.013139864453069805,0.025600097656250043
86,6.1769589341727364,160,640,60,6,0,,6.264544010770214,256,0.11658666666666667,6.381130677436881,6.381130677436881,6.387686232992436,6.412244801872591,6.437815114372591,10.496411222073489,0.26085618019985457,4.319452287900752,0.0875850765974775,0.0,0.024558568880154397,0.025570312500000192
87,6.222146356758387,64,1216,109,6,0,6,6.381130677436881,1024,0.06498133333333334,6.446112010770214,6.446112010770214,6.45586756632577,6.463385915153841,6.488959450310091,8.097595225049673,0.26681309355170413,1.8754488682912864,0.15898432067849377,0.0,0.007518348828071453,0.025573535156249605
88,6.414659878445074,160,2432,2,4,0,4,9.212840126138316,2240,0.06862933333333333,9.28146945947165,9.28146945947165,9.29798057058276,9.304665469925403,9.330748966019154,13.506831061283917,2.91608908757408,7.092171182838842,2.7981802476932414,0.0,0.006684899342642936,0.026083496093750824
89,6.442756862250341,128,1536,1,0,0,0,6.442756862250341,1344,0.06594133333333334,6.508698195583674,6.508698195583674,6.520231528917007,6.542531923372085,6.569011903840835,9.911656668768288,0.12625504159049417,3.468899806517947,0.0,0.0,0.02230039445507792,0.026479980468749886
90,6.448139758960848,128,256,49,3,0,7,6.448139758960848,0,0.07987911111111111,6.52801887007196,6.52801887007196,6.532441092294182,6.533192272430233,6.5586946053295385,9.808571984731826,0.11055484636869028,3.3604322257709773,0.0,0.0,0.0007511801360511328,0.025502332899305813
91,6.521499106768349,128,2176,82,1,0,,8.416215644784515,256,0.5478613333333333,8.964076978117848,8.964076978117848,8.979165867006737,8.981021274124794,9.00748147920292,12.324428892087345,2.48598237243457,5.802929785318996,1.8947165380161657,0.0,0.0018554071180574283,0.0264602050781253
92,6.688354340305728,128,2240,18,0,0,0,6.688354340305728,2048,0.06805333333333334,6.756407673639061,6.756407673639061,6.771852118083506,6.780869325715835,6.807275575715835,10.148948856268289,0.1189212354101068,3.460594515962561,0.0,0.0,0.00901720763232916,0.026406249999999964
93,6.698598626108175,128,640,136,1,0,,8.964076978117848,256,0.11658666666666667,9.080663644784515,9.080663644784515,9.087219200340071,9.113327182327922,9.139559799515421,12.452871057885956,2.4409611734072465,5.754272431777781,2.2654783520096737,0.0,0.026107981987850692,0.026232617187499585
94,6.764520035261332,160,4608,3,0,0,0,6.764520035261332,4416,0.07515733333333334,6.839677368594665,6.839677368594665,6.868277368594665,6.886497255403335,6.9130457580075015,11.09876062384641,0.14852572274616982,4.334240588585078,0.0,0.0,0.01821988680867026,0.026548502604166302
95,6.795016456539444,160,1344,13,6,0,6,6.795016456539444,1152,0.06536533333333333,6.860381789872777,6.860381789872777,6.870848456539444,6.8725488491816185,6.898132687072243,10.957891593167238,0.10311623053279906,4.162875136627794,0.0,0.0,0.0017003926421743643,0.025583837890624572
96,6.813659867246588,160,4288,7,4,0,4,9.28146945947165,4096,0.07419733333333334,9.355666792804984,9.355666792804984,9.382489015027206,9.382917423050403,9.409128482620716,13.585632916752665,2.595468615374128,6.7719730495060775,2.467809592225062,0.0,0.0004284080231968801,0.02621105957031311
97,6.828776674327601,128,768,8,7,0,7,6.828776674327601,576,0.06363733333333334,6.892414007660935,6.892414007660935,6.899680674327601,6.918106919248269,6.9440953225685815,10.20523826690452,0.11531864824098026,3.376461592576918,0.0,0.0,0.018426244920668466,0.02598840332031216
98,6.920360386712752,128,1152,153,1,0,,9.080663644784515,256,0.2603448888888889,9.341008533673405,9.341008533673405,9.350408533673404,9.375675326859172,9.401800326859172,12.70902123100385,2.48143994014642,5.7886608442910985,2.160303258071763,0.0,0.025266793185767966,0.026125000000000398
99,6.961930581131274,64,4096,76,1,0,,9.341008533673405,0,1.1580657777777779,10.499074311451182,10.499074311451182,10.524829867006737,10.525637240921672,10.551905656100242,12.195170808319983,3.589975074968968,5.233240227188708,2.37907795254213,0.0,0.0008073739149345727,0.026268415178570592
100,6.984098052568324,160,4224,155,5,0,,6.984098052568324,256,1.1228942222222222,8.106992274790546,8.106992274790546,8.133458941457212,8.133458941457212,8.160521441457211,12.417283200897318,1.176423388888887,5.4331851483289935,0.0,0.0,0.0,0.027062499999999545
101,7.029803328970863,64,1600,1,0,0,0,7.029803328970863,1408,0.06613333333333334,7.095936662304196,7.095936662304196,7.107825551193085,7.124667567903335,7.150982997590835,8.806771659002665,0.12117966861997154,1.776968330031802,0.0,0.0,0.016842016710249652,0.026315429687500114
102,7.050457477789014,96,1664,1,0,0,0,7.095936662304196,1472,0.06632533333333333,7.16226199563753,7.16226199563753,7.1745064400819745,7.177298915559585,7.2035433352024425,9.700787528143287,0.15308585741342817,2.650330050354273,0.04547918451518207,0.0,0.002792475477610523,0.02624441964285751
103,7.07932184557385,160,640,108,1,0,,10.499074311451182,256,0.11658666666666667,10.615660978117848,10.615660978117848,10.622216533673404,10.630713831323455,10.656864466089079,14.760020506966601,3.5775426205152288,7.680698661392751,3.4197524658773313,0.0,0.008497297650050584,0.026150634765624403
104,7.107443986901563,64,4224,67,5,0,,8.106992274790546,256,1.1228942222222222,9.229886497012767,9.229886497012767,9.256353163679433,9.27050435161346,9.29757710551971,11.003639524139505,2.1901331186181476,3.8961955372379418,0.9995482878889828,0.0,0.014151187934027476,0.027072753906249858
105,7.115710696545927,96,704,4,6,0,6,7.115710696545927,512,0.06344533333333334,7.17915602987926,7.17915602987926,7.186067140990371,7.205064707471548,7.230579795362173,9.65203719863599,0.1148690988162464,2.5363265020900627,0.0,0.0,0.01899756648117723,0.025515087890624955
106,7.2393726483491925,64,4224,79,5,0,,9.229886497012767,256,1.1228942222222222,10.352780719234989,10.352780719234989,10.379247385901655,10.380887652394712,10.407970334686379,12.080838376678566,3.1685976863371863,4.841465728329373,1.990513848663575,0.0,0.001640266493057041,0.02708268229166677
107,7.241911067107703,160,2304,18,0,0,0,7.241911067107703,2112,0.06824533333333334,7.310156400441037,7.310156400441037,7.3259564004410365,7.334772757635477,7.361004813299539,11.546624763076318,0.11909374619183577,4.304713695968615,0.0,0.0,0.008816357194440627,0.02623205566406206
108,7.25704809114488,160,2048,138,5,0,,10.352780719234989,0,0.5830328888888889,10.935813608123878,10.935813608123878,10.950191385901656,10.976819455780129,11.003639524139505,15.13521552367979,3.7465914329946246,7.87816743253491,3.0957326280901087,0.0,0.026628069878473326,0.02682006835937578
109,7.259801177417473,128,1472,0,3,0,3,7.259801177417473,1280,0.06574933333333334,7.325550510750807,7.325550510750807,7.336728288528585,7.34947249161426,7.37501155411426,10.633008729058465,0.11521037669678691,3.3732075516409923,0.0,0.0,0.012744203085675032,0.025539062500000043
110,7.2636178897653325,128,2176,110,1,0,,10.615660978117848,256,0.5478613333333333,11.163522311451182,11.163522311451182,11.17861120034007,11.179979700464077,11.2061296570613,14.478659124588129,3.9425117672959678,7.215041234822796,3.3520430883525156,0.0,0.0013685001240073547,0.026149956597222968
111,7.3544126198995645,160,2496,2,4,0,4,9.355666792804984,2304,0.06882133333333333,9.424488126138318,9.424488126138318,9.441354792804985,9.461552066605092,9.487765282750926,13.664137962325581,2.1333526628513617,6.309725342426017,2.001254172905419,0.0,0.020197273800107496,0.02621321614583394
112,7.387813034000237,96,1536,0,3,0,3,7.387813034000237,1344,0.06594133333333334,7.45375436733357,7.45375436733357,7.465287700666903,7.477145587317385,7.5026842225712915,9.93717543060236,0.11487118857105472,2.549362396602124,0.0,0.0,0.01185788665048193,0.025538635253906428
113,7.412851585847443,96,512,0,6,0,3,7.412851585847443,0,0.15175822222222224,7.564609808069665,7.564609808069665,7.57045425251411,7.587880747510611,7.613354990674673,10.035350186917238,0.20050340482722984,2.622498601069795,0.0,0.0,0.017426494996501063,0.025474243164062216
114,7.471681144864588,160,1664,0,3,0,3,7.471681144864588,1408,0.0841031111111111,7.555784255975699,7.555784255975699,7.568028700420144,7.5793030580205105,7.604873858801761,11.692704725152215,0.1331927139371727,4.221023580287627,0.0,0.0,0.011274357600366436,0.02557080078125029
115,7.559387038521584,160,832,20,2,0,2,7.559387038521584,640,0.06382933333333334,7.623216371854918,7.623216371854918,7.63083859407714,7.651419135890032,7.677245698390032,11.739448872218162,0.1178586598684479,4.180061833696578,0.0,0.0,0.02058054181289215,0.025826562499999817
116,7.614681322872209,96,1152,105,5,0,,10.935813608123878,256,0.2603448888888889,11.196158497012767,11.196158497012767,11.205558497012767,11.217489133514501,11.243929807342626,13.706516621060597,3.629248484470417,6.091835298188388,3.321132285251669,0.0,0.011930636501734426,0.026440673828124872
117,7.6202564141715925,96,2240,22,4,0,4,9.424488126138318,2048,0.06805333333333334,9.492541459471651,9.492541459471651,9.507985903916095,9.51397898717801,9.54018113561551,12.03362625017706,1.919924721443918,4.413369836005467,1.8042317119667253,0.0,0.005993083261914833,0.026202148437500128
118,7.6254787954591094,96,1664,0,3,0,3,7.6254787954591094,1536,0.04854755555555555,7.674026351014665,7.674026351014665,7.68627079545911,7.70716194473926,7.732759112708011,10.168704866986293,0.10728031724890119,2.543226071527183,0.0,0.0,0.020891149280150678,0.025597167968750334
119,7.693130107988815,160,2176,118,1,0,,11.163522311451182,256,0.5478613333333333,11.711383644784515,11.711383644784515,11.726472533673403,11.727130308102966,11.753169804630744,15.836002045285053,4.060039696641929,8.142871937296238,3.4703922034623664,0.0,0.0006577744295626076,0.026039496527777928
120,7.749749556589741,64,704,136,1,0,1,11.711383644784515,512,0.06344533333333334,11.77482897811785,11.77482897811785,11.781740089228961,11.80525026253005,11.831256501679356,13.45223490583813,4.081506945089615,5.70248534924839,3.9616340881947743,0.0,0.023510173301088955,0.026006239149305443
121,7.762835846385498,96,1152,65,1,0,,11.77482897811785,256,0.2603448888888889,12.035173867006739,12.035173867006739,12.044573867006738,12.065334626679359,12.091300886444984,14.529817381966602,4.328465040059486,6.766981535581104,4.011993131732352,0.0,0.02076075967262092,0.0259662597656245
122,7.952755492301658,128,1152,81,1,0,,12.035173867006739,256,0.2603448888888889,12.295518755895628,12.295518755895628,12.304918755895628,12.324428892087345,12.350219473684568,15.605332448930886,4.39746398138291,7.652576956629228,4.082418374705081,0.0,0.01951013619171782,0.025790581597222584
123,8.021257286874745,160,1216,101,1,0,1,12.295518755895628,1024,0.06498133333333334,12.360500089228962,12.360500089228962,12.370255644784518,12.37601054356304,12.401630226722762,16.47803467874859,4.380372939848018,8.456777391873844,4.2742614690208836,0.0,0.005754898778523199,0.025619683159721518
124,8.145387766683484,160,704,24,5,0,,11.196158497012767,256,0.13455644444444445,11.330714941457211,11.330714941457211,11.337626052568323,11.349697385467627,11.375920627655127,15.498760019418421,3.2305328609716426,7.353372252734937,3.0507707303292833,0.0,0.0120713328993034,0.026223242187500162
125,8.211838192118181,160,1664,0,3,0,3,8.211838192118181,1536,0.04854755555555555,8.260385747673737,8.260385747673737,8.272630192118182,8.296051145585617,8.321681245412005,12.416560779839713,0.10984305329382416,4.204722587721532,0.0,0.0,0.023420953467434558,0.02563009982638853
126,8.259883267620078,128,4352,7,4,0,4,9.492541459471651,4160,0.07438933333333334,9.566930792804984,9.566930792804984,9.594108570582762,9.618790510615511,9.645078330217784,12.981330999139033,1.385195062597706,4.721447731518955,1.2326581918515735,0.0,0.024681940032749594,0.026287819602272222
127,8.374742363283495,160,768,4,6,0,6,8.374742363283495,576,0.06363733333333334,8.43837969661683,8.43837969661683,8.445646363283496,8.454009385205925,8.479456732211133,12.5385631472967,0.10471436892763819,4.163820784013204,0.0,0.0,0.008363021922429326,0.025447347005208343
128,8.377328386786589,160,1152,53,5,0,,11.330714941457211,256,0.2603448888888889,11.5910598303461,11.5910598303461,11.6004598303461,11.61195177999888,11.63806896749888,15.758901559945764,3.260740580712291,7.381573173159175,2.9533865546706224,0.0,0.011491949652778999,0.026117187500000583
129,8.412914615256776,64,704,76,5,0,,11.5910598303461,256,0.13455644444444445,11.725616274790545,11.725616274790545,11.732527385901657,11.742542600311381,11.768551389373881,13.39547276338832,3.355636774117105,4.9825581481315435,3.178145215089325,0.0,0.010015214409724749,0.026008789062499815
130,8.477092070179612,128,2304,6,5,0,5,11.725616274790545,2112,0.06824533333333334,11.793861608123878,11.793861608123878,11.809661608123879,11.820570432342631,11.846595029510599,15.13521552367979,3.369502959330987,6.658123453500178,3.2485242046109324,0.0,0.0109088242187525,0.02602459716796801
131,8.554962074282608,128,896,20,2,0,2,8.554962074282608,704,0.06402133333333333,8.618983407615941,8.618983407615941,8.62696118539372,8.650402924952534,8.675920796046285,11.918968973129623,0.12095872176367628,3.3640068988470144,0.0,0.0,0.023441739558814234,0.0255178710937507
132,8.585868923674594,160,2240,26,4,0,4,9.566930792804984,2048,0.06805333333333334,9.634984126138317,9.634984126138317,9.650428570582761,9.671366638101306,9.697639180419014,13.873378684981835,1.1117702567444194,5.287509761307241,0.9810618691303894,0.0,0.020938067518544656,0.026272542317707703
133,8.632705430921163,128,832,4,6,0,6,8.632705430921163,640,0.06382933333333334,8.696534764254496,8.696534764254496,8.704156986476718,8.708429079216346,8.733842083773638,11.977917534852498,0.10113665285247464,3.3452121039313347,0.0,0.0,0.0042720927396278086,0.025413004557291785
134,8.661392621891434,96,4224,31,5,0,,11.793861608123878,256,1.1228942222222222,12.9167558303461,12.9167558303461,12.943222497012766,12.956546384491066,12.98242780190178,15.447011777230923,4.321035180010346,6.785619155339489,3.1324689862324444,0.0,0.013323887478300378,0.025881417410714036
135,8.730776821100116,96,2560,2,4,0,4,9.634984126138317,2368,0.06901333333333334,9.70399745947165,9.70399745947165,9.72121968169387,9.723912211017971,9.750187031981513,12.24390545315182,1.0194102108813965,3.5131286320517034,0.9042073050382005,0.0,0.00269252932410069,0.0262748209635415
136,8.77487743930633,96,2240,54,6,0,6,8.77487743930633,2048,0.06805333333333334,8.842930772639663,8.842930772639663,8.858375217084108,8.860914430778848,8.886427195845812,11.31581029433911,0.11154975653948185,2.5409328550327803,0.0,0.0,0.0025392136947406385,0.02551276506696354
137,8.984780869450931,96,1280,5,2,0,2,8.984780869450931,1088,0.06517333333333333,9.049954202784265,9.049954202784265,9.060065313895377,9.08380678237441,9.10929115737441,11.534536762843164,0.12451028792347785,2.5497558933922324,0.0,0.0,0.02374146847903269,0.02548437499999956
138,9.044175760436167,128,2624,2,4,0,4,9.70399745947165,2432,0.06920533333333334,9.773202792804982,9.773202792804982,9.79078057058276,9.802738138752346,9.829014806420615,13.165173967889029,0.7848390459844481,4.120998207452862,0.6598216990354828,0.0,0.011957568169586708,0.026276667668268416
139,9.116925906644237,96,704,28,5,0,5,12.9167558303461,512,0.06344533333333334,12.980201163679434,12.980201163679434,12.987112274790546,13.008309707593744,13.034124771070307,15.498760019418421,3.9171988644260693,6.381834112774184,3.7998299237018625,0.0,0.021197432803198524,0.025815063476562372
140,9.328678559113571,96,1344,5,2,0,2,9.328678559113571,1152,0.06536533333333333,9.394043892446906,9.394043892446906,9.404510559113572,9.415210102686911,9.440755024561911,11.86769960464004,0.11207646544833949,2.539021045526468,0.0,0.0,0.010699543573339909,0.02554492187499946
141,9.376803921629904,96,512,119,2,0,,9.394043892446906,0,0.15175822222222224,9.545802114669128,9.545802114669128,9.551646559113571,9.56848695815566,9.59397523940566,12.02133078953587,0.21717131777575638,2.6445268679059666,0.017239970817001904,0.0,0.01684039904208845,0.025488281250000355
142,9.413605467882826,128,1280,45,1,0,1,12.360500089228962,1088,0.06517333333333333,12.425673422562296,12.425673422562296,12.435784533673408,12.452871057885956,12.478519983667205,15.73345541442568,3.0649145157843787,6.319849946542854,2.946894621346136,0.0,0.01708652421254797,0.025648925781249332
143,9.470414426108647,96,704,16,4,0,4,9.773202792804982,512,0.06344533333333334,9.836648126138316,9.836648126138316,9.843559237249428,9.855291962370133,9.881502899870133,12.375249780211481,0.4110884737614864,2.9048353541028344,0.30278836669633513,0.0,0.011732725120705112,0.026210937500000142
144,9.605913059028904,96,2048,71,7,0,,9.605913059028904,0,0.5830328888888889,10.188945947917793,10.188945947917793,10.20332372569557,10.20523826690452,10.23123826690452,12.680306716960324,0.6253252078756155,3.07439365793142,0.0,0.0,0.001914541208948961,0.0259999999999998
145,9.670876924391743,128,1152,89,7,0,,10.188945947917793,256,0.2603448888888889,10.449290836806682,10.449290836806682,10.458690836806682,10.465260239560772,10.491043930967022,13.763772579125504,0.8201670065752786,4.092895654733761,0.5180690235260492,0.0,0.006569402754090348,0.025783691406250142
146,9.679977324755441,128,2368,6,5,0,5,12.980201163679434,2176,0.06843733333333334,13.048638497012767,13.048638497012767,13.064794052568322,13.085756362867182,13.111610638040792,16.41070500930402,3.431633313285351,6.7307276845485795,3.3002238389239924,0.0,0.02096231029885942,0.02585427517361083
147,9.700615502899716,128,768,24,5,0,5,13.048638497012767,576,0.06363733333333334,13.112275830346102,13.112275830346102,13.119542497012768,13.137465401495653,13.163272628058154,16.462850726379912,3.4626571251584384,6.762235223480197,3.3480229941130517,0.0,0.01792290448288547,0.025807226562500674
148,9.76084435844708,128,1216,53,5,0,5,13.112275830346102,1024,0.06498133333333334,13.177257163679435,13.177257163679435,13.18701271923499,13.189080342901905,13.214869050288268,16.515210426900747,3.4540246918411874,6.754366068453667,3.351431471899021,0.0,0.0020676236669139314,0.025788707386363185
149,9.8030354635708,64,2176,114,7,0,,10.449290836806682,256,0.5478613333333333,10.997152170140016,10.997152170140016,11.012241059028904,11.032614243467023,11.058498032529522,12.680306716960324,1.2554625689587215,2.877271253389523,0.6462553732358813,0.0,0.020373184438119196,0.02588378906249922
150,9.81433009087787,128,1728,1,0,0,0,9.81433009087787,1536,0.06651733333333333,9.880847424211204,9.880847424211204,9.893447424211205,9.911656668768288,9.938025321112038,13.286580683098945,0.1236952302341674,3.4722505922210747,0.0,0.0,0.018209244557082727,0.0263686523437503
151,9.844340362462535,128,1664,0,3,0,3,9.844340362462535,1536,0.04854755555555555,9.892887918018092,9.892887918018092,9.905132362462536,9.911443078481826,9.93717543060236,13.217977405816272,0.09283506813982534,3.373637043353737,0.0,0.0,0.006310716019289231,0.02573235212053504
152,9.91218296236993,160,2240,30,4,0,4,9.91218296236993,2048,0.06805333333333334,9.980236295703262,9.980236295703262,9.995680740147707,10.012564911588886,10.038770770963886,14.2134344187988,0.1265878085939569,4.30125145642887,0.0,0.0,0.016884171441178708,0.02620585937500053
153,9.961011269936877,96,2432,6,5,0,5,13.177257163679435,2240,0.06862933333333333,13.24588649701277,13.24588649701277,13.26239760812388,13.266447929904745,13.29227121278235,15.758901559945764,3.331259942845472,5.797890290008887,3.216245893742558,0.0,0.0040503217808645076,0.025823282877604825
154,9.96904894871782,160,512,8,7,0,7,10.997152170140016,0,0.15175822222222224,11.148910392362238,11.148910392362238,11.154754836806681,11.16203807159202,11.187765244443582,15.292613915814803,1.2187162957257627,5.323564967096983,1.028103221422196,0.0,0.007283234785338877,0.02572717285156223
155,9.975484396566031,96,1216,29,4,0,4,9.980236295703262,1024,0.06498133333333334,10.045217629036596,10.045217629036596,10.054973184592152,10.064977118620137,10.091145636686543,12.58612985833648,0.11566124012051127,2.6106454617704493,0.004751899137231064,0.0,0.01000393402798494,0.026168518066405966
156,10.032210338594364,128,2368,18,0,0,0,10.032210338594364,2176,0.06843733333333334,10.100647671927698,10.100647671927698,10.116803227483253,10.12261955939329,10.148948856268289,13.497473749505195,0.11673851767392485,3.465263410910831,0.0,0.0,0.0058163319100366095,0.02632929687499974
157,10.065657185414702,160,1664,0,3,0,3,10.065657185414702,1536,0.04854755555555555,10.114204740970258,10.114204740970258,10.126449185414703,10.142966446227364,10.168704866986293,14.277090020523607,0.10304768157159039,4.211432835108905,0.0,0.0,0.016517260812660695,0.025738420758928626
158,10.082662675013049,128,1664,0,3,0,3,10.114204740970258,1536,0.04854755555555555,10.162752296525815,10.162752296525815,10.17499674097026,10.194423698366501,10.220156329504894,13.502297474175647,0.1374936544918448,3.4196347991625977,0.03154206595720943,0.0,0.019426957396241562,0.025732631138392748
159,10.184607654507454,96,1152,37,7,0,,11.148910392362238,256,0.2603448888888889,11.409255281251127,11.409255281251127,11.418655281251127,11.419331772763897,11.445029917295146,13.89293327791023,1.2604222627876922,3.708325623402775,0.9643027378547835,0.0,0.000676491512770383,0.02569814453124941
160,10.457267723494788,160,896,4,6,0,6,10.457267723494788,704,0.06402133333333333,10.52128905682812,10.52128905682812,10.529266834605899,10.547764249417238,10.573393546292237,14.637749925919284,0.11612582279744998,4.180482202424496,0.0,0.0,0.01849741481133904,0.025629296874999596
161,10.479242775322883,160,2304,22,4,0,4,10.479242775322883,2112,0.06824533333333334,10.547488108656216,10.547488108656216,10.563288108656216,10.588981890988066,10.615213922238066,14.78906348780922,0.13597114691518364,4.309820712486337,0.0,0.0,0.02569378233184949,0.026232031250000176
162,10.529336489897577,128,2496,14,7,0,7,11.409255281251127,2304,0.06882133333333333,11.478076614584461,11.478076614584461,11.494943281251128,11.496427671201396,11.522213804013896,14.798380970781324,0.9928773141163187,4.269044480883746,0.8799187913535498,0.0,0.0014843899502672286,0.02578613281250064
163,10.570297159815858,128,640,156,7,0,,11.478076614584461,256,0.11658666666666667,11.594663281251128,11.594663281251128,11.601218836806684,11.625363218076396,11.651083781692467,14.927786279096054,1.0807866218766087,4.357489119280196,0.9077794547686029,0.0,0.02414438126971241,0.02572056361607089
164,10.630646925695334,96,1792,1,0,0,0,10.630646925695334,1600,0.06670933333333334,10.697356259028668,10.697356259028668,10.710311814584223,10.729271366033915,10.755553494940164,13.260271655321167,0.12490656924483012,2.6296247296258333,0.0,0.0,0.018959551449691858,0.02628212890624937
165,10.645645910085241,128,4224,51,7,0,,11.594663281251128,256,1.1228942222222222,12.71755750347335,12.71755750347335,12.744024170140015,12.757134256022823,12.78298646956449,16.07412983984981,2.1373405594792487,5.428483929764569,0.9490173711658869,0.0,0.01311008588280771,0.025852213541666558
166,10.740750059049553,128,4672,3,0,0,0,10.740750059049553,4480,0.07534933333333334,10.816099392382887,10.816099392382887,10.845054947938442,10.860686893377663,10.887137576971412,14.233352888270076,0.146387517921859,3.492602829220523,0.0,0.0,0.015631945439221084,0.026450683593749247
167,10.804772625639574,128,832,24,5,0,5,13.24588649701277,640,0.06382933333333334,13.309715830346102,13.309715830346102,13.317338052568324,13.318094983941204,13.343887088808993,16.646642555807,2.539114463169419,5.841869930167425,2.4411138713731955,0.0,0.0007569313728801319,0.025792104867788268
168,10.854909093241984,128,1280,49,7,0,7,12.71755750347335,1024,0.0829511111111111,12.80050861458446,12.80050861458446,12.810619725695572,12.834692361491573,12.860513371536216,16.151811602545123,2.005604278294232,5.296902509303139,1.8626484102313654,0.0,0.024072635796001052,0.02582101004464299
169,10.869503912087255,64,704,32,6,0,6,10.869503912087255,512,0.06344533333333334,10.93294924542059,10.93294924542059,10.939860356531701,10.957891593167238,10.983450577542238,12.589534013182115,0.11394666545498211,1.72003010109486,0.0,0.0,0.01803123663553663,0.025558984374999483
170,10.9049139429638,128,2240,10,2,0,2,10.9049139429638,2048,0.06805333333333334,10.972967276297133,10.972967276297133,10.988411720741578,10.996582661280662,11.02219464044733,14.298981180160876,0.11728069748352965,3.394067237197076,0.0,0.0,0.008170940539084626,0.025611979166667354
171,10.974327559475467,128,1152,61,7,0,,12.80050861458446,256,0.2603448888888889,13.06085350347335,13.06085350347335,13.07025350347335,13.092924434594254,13.118717403344254,16.41097109295706,2.1443898438687867,5.4366435334815915,1.826181055108993,0.0,0.02267093112090457,0.025792968750000256
172,11.003337714193854,160,2176,38,7,0,,13.06085350347335,256,0.5478613333333333,13.608714836806683,13.608714836806683,13.623803725695572,13.634679317406755,13.660511348656755,17.784926143955325,2.6571736344629002,6.78158842976147,2.0575157892794955,0.0,0.010875591711183574,0.025832031249999332
173,11.008943248874829,128,1216,25,6,0,6,11.008943248874829,1024,0.06498133333333334,11.073924582208162,11.073924582208162,11.083680137763718,11.085691397854736,11.111258211005778,14.354831143367203,0.10231496213094893,3.3458878944923747,0.0,0.0,0.0020112600910184852,0.025566813151041146
174,11.021488410998389,128,1856,1,0,0,0,11.021488410998389,1664,0.06690133333333334,11.088389744331723,11.088389744331723,11.101700855442834,11.12504109259641,11.151259598455786,14.494394852555791,0.12977118745739702,3.4729064415574022,0.0,0.0,0.023340237153576027,0.026218505859375796
175,11.024127275325194,128,1216,37,7,0,7,13.608714836806683,1024,0.06498133333333334,13.673696170140017,13.673696170140017,13.683451725695573,13.686343868188004,13.712152950219254,17.007898583191434,2.6880256748940603,5.98377130786624,2.5845875614814897,0.0,0.0028921424924313044,0.025809082031249986
176,11.024789637536243,96,4736,3,0,0,0,11.088389744331723,4544,0.07554133333333334,11.163931077665056,11.163931077665056,11.193242188776168,11.203698075018284,11.230074121335248,13.73495233488466,0.2052844837990051,2.7101626973484176,0.06360010679548012,0.0,0.010455886242116463,0.026376046316963553
177,11.068027402708832,96,4096,0,7,0,3,13.673696170140017,0,1.1580657777777779,14.831761947917794,14.831761947917794,14.85751750347335,14.87584609354918,14.901815942181992,17.371731265483103,3.8337885394731597,6.30370386277427,2.605668767431185,0.0,0.01832859007583032,0.02596984863281193
178,11.109857427584215,160,2688,2,4,0,4,11.109857427584215,2496,0.06939733333333334,11.179254760917548,11.179254760917548,11.197188094250881,11.218895025753692,11.245152675493276,15.417135753434218,0.13529524790906144,4.307278325850003,0.0,0.0,0.02170693150281089,0.02625764973958411
179,11.164118859511573,160,1664,0,3,0,3,11.164118859511573,1536,0.04854755555555555,11.21266641506713,11.21266641506713,11.224910859511574,11.227435193902215,11.253279350803256,15.358883375829594,0.08916049129168258,4.1947645163180205,0.0,0.0,0.0025243343906407034,0.025844156901040805
180,11.21965761117206,96,2176,78,7,0,,14.831761947917794,256,0.5478613333333333,15.379623281251128,15.379623281251128,15.394712170140016,15.397357730918971,15.423527094758256,17.88808849747095,4.203869483586196,6.668430886298889,3.612104336745734,0.0,0.0026455607789550584,0.026169363839285253
181,11.608333158156785,128,640,52,7,0,,15.379623281251128,256,0.11658666666666667,15.496209947917794,15.496209947917794,15.50276550347335,15.528209432927898,15.554273825017741,18.845027004260388,3.945940666860956,7.236693846103602,3.7712901230943423,0.0,0.025443929454548098,0.026064392089843125
182,11.623708397432546,128,768,136,1,0,1,12.425673422562296,576,0.06363733333333334,12.48931075589563,12.48931075589563,12.496577422562297,12.504169397729704,12.529791809839079,15.78468344176943,0.9060834124065327,4.160975044336883,0.8019650251297499,0.0,0.007591975167407838,0.025622412109374437
183,11.667692477604,96,960,4,6,0,6,11.667692477604,768,0.06421333333333333,11.731905810937333,11.731905810937333,11.740239144270666,11.748651212307859,11.774117358141192,14.20064022539845,0.10642488053719212,2.5329477477944504,0.0,0.0,0.00841206803719352,0.025466145833332732
184,11.769969751633582,64,512,2,2,0,4,11.769969751633582,0,0.15175822222222224,11.921727973855804,11.921727973855804,11.927572418300247,11.944672098129622,11.970224506983788,13.588849100082747,0.20025475535020654,1.8188793484491654,0.0,0.0,0.017099679829374992,0.025552408854165876
185,11.790000238160028,160,256,47,1,0,,12.48931075589563,0,0.07987911111111111,12.569189867006742,12.569189867006742,12.573612089228964,12.581038098901578,12.606616623404419,16.688227061561086,0.8166163852443908,4.898226823401059,0.6993105177356025,0.0,0.007426009672613532,0.025578524502840594
186,11.817981378980532,96,1216,17,6,0,6,11.817981378980532,1024,0.06498133333333334,11.882962712313866,11.882962712313866,11.892718267869421,11.901455411526607,11.92694229768732,14.354831143367203,0.10896091870678859,2.5368497643866714,0.0,0.0,0.008737143657185698,0.025486886160713595
187,12.116784139263176,128,704,132,6,0,6,12.116784139263176,512,0.06344533333333334,12.18022947259651,12.18022947259651,12.187140583707622,12.207359673524376,12.232833934127054,15.489897149691604,0.11604979486387812,3.373113010428428,0.0,0.0,0.02021908981675402,0.0254742606026781
188,12.168990465780956,96,256,3,7,0,0,15.496209947917794,0,0.07987911111111111,15.576089059028906,15.576089059028906,15.580511281251129,15.606404074041178,15.632365391315483,18.093996386700862,3.463374925534527,5.925005920919906,3.3272194821368384,0.0,0.025892792790049413,0.025961317274305173
189,12.315701943625148,96,640,68,0,0,,12.315701943625148,256,0.11658666666666667,12.432288610291815,12.432288610291815,12.438844165847371,12.444915941461733,12.471185333202804,14.968369560749615,0.15548338957765573,2.6526676171244663,0.0,0.0,0.006071775614362451,0.02626939174107079
190,12.381843747678683,64,2240,110,1,0,1,12.569189867006742,2048,0.06805333333333334,12.637243200340075,12.637243200340075,12.65268764478452,12.65777513725385,12.683397939988225,14.29923832380688,0.30155419230954195,1.9173945761281974,0.18734611932805834,0.0,0.005087492469330712,0.025622802734375227
191,12.405915642555943,160,1216,65,1,0,1,12.637243200340075,1024,0.06498133333333334,12.702224533673409,12.702224533673409,12.711980089228964,12.734644899327714,12.760266522049069,16.84803809671734,0.3543508794931256,4.442122454161396,0.23132755778413205,0.0,0.022664810098749655,0.025621622721354598
192,12.42896426496803,160,4864,3,0,0,0,12.432288610291815,4608,0.0937031111111111,12.525991721402926,12.525991721402926,12.556013943625148,12.576267782979588,12.602677511983494,16.7988609995517,0.17371324701546342,4.369896734583669,0.003324345323784783,0.0,0.020253839354440473,0.02640972900390537
193,12.498833896948677,96,640,44,0,0,,12.525991721402926,256,0.11658666666666667,12.642578388069593,12.642578388069593,12.649133943625149,12.655498434835055,12.681787551588528,15.180630628457948,0.18295365463985114,2.6817967315092712,0.027157824454249635,0.0,0.00636449120990612,0.026289116753472896
194,12.518746922990283,128,768,16,4,0,4,12.518746922990283,576,0.06363733333333334,12.582384256323618,12.582384256323618,12.589650922990284,12.61257224114898,12.638908325133356,15.964961371923803,0.12016140214307214,3.446214448933519,0.0,0.0,0.022921318158696025,0.02633608398437559
195,12.539950579915931,64,2048,48,0,0,,12.642578388069593,0,0.5830328888888889,13.225611276958482,13.225611276958482,13.23998905473626,13.260271655321167,13.286580683098945,14.942006488763008,0.7466301031830138,2.4020559088470765,0.10262780815366135,0.0,0.02028260058490794,0.02630902777777777
196,12.716799539110255,96,1344,49,7,0,7,15.576089059028906,1152,0.06536533333333333,15.64145439236224,15.64145439236224,15.651921059028906,15.658327196871038,15.684258886324164,18.145657868285685,2.967459347213909,5.42885832917543,2.8592895199186508,0.0,0.006406137842132509,0.025931689453125628
197,12.739152821047586,64,4224,39,0,0,,13.225611276958482,256,1.1228942222222222,14.348505499180703,14.348505499180703,14.37497216584737,14.389450446863828,14.415642504155494,16.08785557962982,1.6764896831079081,3.3487027585822347,0.48645845591089554,0.0,0.014478281016458538,0.026192057291666515
198,12.77210268221707,96,2816,2,4,0,4,12.77210268221707,2560,0.0875591111111111,12.859661793328181,12.859661793328181,12.878306237772625,12.902296020445853,12.92864052506233,15.417135753434218,0.15653784284525862,2.6450330712171475,0.0,0.0,0.023989782673227822,0.026344504616476527
199,12.786191490527154,160,1664,0,3,0,3,12.786191490527154,1536,0.04854755555555555,12.83473904608271,12.83473904608271,12.846983490527155,12.856097523003776,12.881947620660025,16.984282472509282,0.09575613013287132,4.198090981982128,0.0,0.0,0.009114032476620793,0.02585009765624946
200,12.862296232004342,128,2176,46,6,0,,12.862296232004342,256,0.5478613333333333,13.410157565337675,13.410157565337675,13.425246454226563,13.431568974119616,13.457183150551908,16.73750315555098,0.5948869185475658,3.875206923546637,0.0,0.0,0.006322519893052103,0.025614176432291913
201,12.88097226605284,128,1664,0,3,0,3,12.88097226605284,1536,0.04854755555555555,12.929519821608396,12.929519821608396,12.941764266052841,12.959500843316274,12.985346302300648,16.261565594254076,0.10437403624780828,3.380593328201236,0.0,0.0,0.017736577263432807,0.025845458984374403
202,12.90019441711711,128,4224,75,2,0,,12.90019441711711,256,1.1228942222222222,14.023088639339331,14.023088639339331,14.049555306005997,14.059499002426497,14.086106180160872,17.40884863737813,1.1859117630437623,4.508654220261022,0.0,0.0,0.009943696420499748,0.026607177734375043
203,13.012280639473278,64,4928,3,0,0,0,14.348505499180703,4736,0.07611733333333334,14.424622832514036,14.424622832514036,14.455000610291814,14.468028083582578,14.494394852555791,16.167567689004823,1.4821142130825127,3.1552870495315446,1.3362248597074249,0.0,0.013027473290764036,0.02636676897321344
204,13.140987479335521,64,2176,106,6,0,,13.410157565337675,256,0.5478613333333333,13.958018898671009,13.958018898671009,13.973107787559897,13.995193648598784,14.02088107884432,15.646157403597853,0.8798935995087991,2.505169924262331,0.26917008600215375,0.0,0.02208586103888699,0.025687430245536547
205,13.208343297145642,96,4416,7,4,0,4,13.208343297145642,4224,0.07458133333333333,13.282924630478975,13.282924630478975,13.310457963812308,13.32272035460778,13.34906947570153,15.83509213364255,0.14072617855588732,2.6267488364969083,0.0,0.0,0.0122623907954722,0.026349121093749872
206,13.242308245700203,160,4288,31,5,0,5,13.309715830346102,4096,0.07419733333333334,13.383913163679436,13.383913163679436,13.410735385901658,13.421301213909153,13.447227445880307,17.592446257443903,0.2049192001801039,4.3501380117437005,0.06740758464589902,0.0,0.01056582800749517,0.025926231971153513
207,13.326364063047679,128,832,16,4,0,4,13.326364063047679,640,0.06382933333333334,13.390193396381012,13.390193396381012,13.397815618603234,13.40176918273278,13.428033919948689,16.747820893408175,0.10166985690100994,3.421456830360496,0.0,0.0,0.003953564129545839,0.02626473721590905
208,13.362926151512143,160,1280,109,6,0,6,13.958018898671009,1088,0.06517333333333333,14.023192232004343,14.023192232004343,14.033303343115454,14.046568997371105,14.072249478328137,18.189661955464175,0.7093233268159942,4.826735803952031,0.5950927471588656,0.0,0.013265654255651071,0.025680480957031904
209,13.403758545172163,96,1664,0,3,0,3,13.403758545172163,1536,0.04854755555555555,13.45230610072772,13.45230610072772,13.464550545172164,13.47645348003502,13.502297474175647,15.95171378761345,0.09853892900348349,2.5479552424412866,0.0,0.0,0.01190293486285654,0.02584399414062588
210,13.404011496039235,128,1280,17,6,0,6,14.023192232004343,1088,0.06517333333333333,14.088365565337677,14.088365565337677,14.098476676448788,14.123611905085951,14.149287523575534,17.43741026004317,0.7452760275362991,4.033398764003934,0.6191807359651076,0.0,0.02513522863716311,0.025675618489582774
211,13.440097985093622,96,2048,16,2,0,4,14.023088639339331,0,0.5830328888888889,14.60612152822822,14.60612152822822,14.620499306005998,14.623816141098375,14.6503525180515,17.123858298371438,1.2102545329578778,3.6837603132778156,0.5829906542457088,0.0,0.003316835092377346,0.02653637695312483
212,13.72994663327585,128,4224,35,6,0,,14.088365565337677,256,1.1228942222222222,15.211259787559898,15.211259787559898,15.237726454226564,15.25622687904428,15.282217276179697,18.579399361876934,1.5522706429038475,4.849452728601085,0.3584189320618272,0.0,0.01850042481771652,0.025990397135416288
213,13.760307366296203,128,640,36,2,0,,14.60612152822822,256,0.11658666666666667,14.722708194894887,14.722708194894887,14.729263750450443,14.729964578598375,14.756094298650458,18.053339278654178,0.995786932354255,4.293031912357975,0.845814161932017,0.0,0.0007008281479325973,0.026129720052082916
214,13.776637613271122,160,1664,0,3,0,3,13.776637613271122,1536,0.04854755555555555,13.825185168826678,13.825185168826678,13.837429613271123,13.838234485894395,13.864073841363146,17.965032716649915,0.08743622809202378,4.188395103378793,0.0,0.0,0.0008048726232718906,0.025839355468750824
215,13.795564916120407,96,1664,0,3,0,3,13.825185168826678,1536,0.04854755555555555,13.873732724382235,13.873732724382235,13.88597716882668,13.889913685113145,13.91575004113993,16.364836102066576,0.12018512501952294,2.569271185946169,0.029620252706271444,0.0,0.003936516286465519,0.025836356026784912
216,13.831670998505773,96,2048,48,2,0,,14.722708194894887,0,0.5830328888888889,15.305741083783776,15.305741083783776,15.320118861561554,15.331071674952542,15.357177387843166,17.82159001107605,1.5255063893373926,3.9899190125702777,0.8910371963891137,0.0,0.01095281339098797,0.026105712890624133
217,13.93357634474056,160,1920,1,0,0,0,14.424622832514036,1728,0.06709333333333334,14.49171616584737,14.49171616584737,14.505382832514037,14.520828527686,14.547191739181535,18.725955514525655,0.6136153944409752,4.792379169785095,0.4910464877734757,0.0,0.01544569517196237,0.026363211495535666
218,13.940999994493263,96,2240,38,7,0,7,15.64145439236224,2048,0.06805333333333334,15.709507725695573,15.709507725695573,15.724952170140018,15.736123730074166,15.762071483980415,18.22327596259372,1.821071489487153,4.282275968100459,1.7004543978689775,0.0,0.011171559934147979,0.025947753906249815
219,13.95891260458096,128,4288,51,7,0,7,15.709507725695573,4096,0.07419733333333334,15.783705059028907,15.783705059028907,15.81052728125113,15.813968456636665,15.840013052990832,19.133309841174455,1.8811004484098728,5.174397236593496,1.750595121114614,0.0,0.0034411753855358995,0.02604459635416667
220,14.010868902191218,128,2176,142,2,0,,15.305741083783776,256,0.5478613333333333,15.85360241711711,15.85360241711711,15.868691306005998,15.879394184718164,15.905499458155663,19.194487234848374,1.8946305559644454,5.183618332657156,1.2948721815925577,0.0,0.010702878712166353,0.026105273437499577
221,14.013160511614466,96,1664,0,3,0,3,14.013160511614466,1536,0.04854755555555555,14.061708067170022,14.061708067170022,14.073952511614467,14.096618205202427,14.122454997194614,16.571346437353032,0.10929448558014876,2.5581859257385666,0.0,0.0,0.022665693587960334,0.025836791992187358
222,14.029756654258751,128,1984,1,0,0,0,14.49171616584737,1792,0.06728533333333334,14.559001499180702,14.559001499180702,14.573023721402924,14.573555438958321,14.599870197259103,17.944126331582947,0.5701135430003514,3.9143696773241956,0.4619595115886188,0.0,0.0005317175553969378,0.02631475830078145
223,14.030631298266853,64,256,4,3,0,6,14.061708067170022,0,0.07987911111111111,14.141587178281133,14.141587178281133,14.146009400503356,14.148292277468052,14.174050849516663,15.796786867040533,0.14341955124980998,1.76615556877368,0.03107676890316924,0.0,0.002282876964695646,0.025758572048610873
224,14.265408528179353,96,512,116,7,0,,15.783705059028907,0,0.15175822222222224,15.93546328125113,15.93546328125113,15.941307725695573,15.94419632122,15.970182048383462,18.429923098010388,1.7047735202041086,4.164514569831034,1.518296530849554,0.0,0.0028885955244266626,0.025985727163462258
225,14.558998161655177,160,512,2,2,0,4,15.85360241711711,0,0.15175822222222224,16.005360639339333,16.005360639339333,16.01120508378378,16.036033149561913,16.061998318832746,20.180860165465937,1.5030001571775689,5.62186200381076,1.2946042554619321,0.0,0.024828065778134345,0.025965169270833144
226,14.664601563309407,128,768,48,2,0,,16.005360639339333,256,0.15252622222222223,16.157886861561554,16.157886861561554,16.16515352822822,16.16586387872858,16.191746830737507,19.480736607058198,1.5271452674281,4.81613504374879,1.3407590760299257,0.0,0.0007103505003591692,0.025882952008927873
227,14.68304288564956,160,2496,6,5,0,5,14.68304288564956,2304,0.06882133333333333,14.751864218982893,14.751864218982893,14.76873088564956,14.771213683235077,14.797210640867288,18.948234513117267,0.11416775521772848,4.265191627467708,0.0,0.0,0.002482797585516394,0.025996957632210993
228,14.716101108218238,96,4096,72,2,0,,16.157886861561554,0,1.1580657777777779,17.315952639339333,17.315952639339333,17.34170819489489,17.35676625735581,17.382807203226346,19.845177059997187,2.6667060950081076,5.129075951778949,1.441785753343316,0.0,0.015058062460923338,0.02604094587053396
229,14.780760798564637,160,640,144,2,0,,17.315952639339333,256,0.11658666666666667,17.432539306006,17.432539306006,17.439094861561554,17.4605719446698,17.486355775584975,21.594839894818616,2.705594977020338,6.814079096253979,2.5351918407746954,0.0,0.0214770831082447,0.02578383091517722
230,14.825589363293117,64,4096,2,2,0,4,17.432539306006,0,1.1580657777777779,18.590605083783778,18.590605083783778,18.616360639339334,18.621664376310427,18.64769652149272,20.28460717067427,3.822107158199602,5.459017807381153,2.606949942712882,0.0,0.005303736971093542,0.0260321451822918
231,14.894367256834508,160,2176,134,2,0,,18.590605083783778,256,0.5478613333333333,19.13846641711711,19.13846641711711,19.153555306006,19.16844196420105,19.194487234848374,23.31703139116813,4.300119978013866,8.42266413433362,3.69623782694927,0.0,0.014886658195049307,0.026045270647323093
232,14.909200268846359,64,1664,0,3,0,3,14.909200268846359,1536,0.04854755555555555,14.957747824401915,14.957747824401915,14.96999226884636,14.97237133155876,14.998135383208066,16.62296550822357,0.08893511436170698,1.71376523937721,0.0,0.0,0.0023790627124000707,0.02576405164930584
233,15.038631425201116,128,1152,121,2,0,,19.13846641711711,256,0.2603448888888889,19.398811306006,19.398811306006,19.408211306006,19.428797781723375,19.45476695025016,22.73938388372765,4.416135525049045,7.7007524585265354,4.099834991915996,0.0,0.020586475717376373,0.025969168526785325
234,15.106086114073893,160,1152,33,2,0,,19.398811306006,256,0.2603448888888889,19.659156194894887,19.659156194894887,19.668556194894887,19.68922163309987,19.715212983546298,23.8413379571946,4.609126869472405,8.735251843120707,4.2927251919321066,0.0,0.020665438204982678,0.02599135044642864
235,15.176088524972217,160,2176,34,2,0,,19.659156194894887,256,0.5478613333333333,20.20701752822822,20.20701752822822,20.22210641711711,20.232709872497185,20.258658277445104,24.386428999823035,5.082569752472887,9.210340474850819,4.48306766992267,0.0,0.010603455380074678,0.02594840494791839
236,15.239411288926457,160,1408,13,6,0,6,15.239411288926457,1216,0.06555733333333334,15.30496862225979,15.30496862225979,15.315790844482011,15.33419953529428,15.360147916990709,19.48390065465967,0.12073662806425212,4.244489365733214,0.0,0.0,0.018408690812268702,0.02594838169642877
237,15.250180323151882,128,1408,5,2,0,2,20.20701752822822,1216,0.06555733333333334,20.272574861561555,20.272574861561555,20.28339708378378,20.28460717067427,20.310332593851353,23.60600709336307,5.06015227069947,8.355826770211186,4.956837205076338,0.0,0.001210086890491624,0.025725423177082263
238,15.306544099619758,160,1664,0,3,0,3,15.306544099619758,1536,0.04854755555555555,15.355091655175315,15.355091655175315,15.36733609961976,15.384639845556157,15.410402974896435,19.514301413752783,0.1038588752766767,4.2077573141330245,0.0,0.0,0.017303745936397164,0.025763129340278468
239,15.328242606834243,96,2048,1,0,0,0,15.328242606834243,1856,0.06747733333333333,15.395719940167576,15.395719940167576,15.410097717945353,15.421577503457945,15.44822276712982,17.944126331582947,0.11998016029557768,2.615883724748704,0.0,0.0,0.011479785512591434,0.026645263671875696
240,15.332117052714263,128,3008,2,4,0,4,15.332117052714263,2688,0.10591288888888889,15.438029941603153,15.438029941603153,15.457741052714264,15.469180512548803,15.495315034033178,18.80472053339764,0.1631979813189144,3.472603480683375,0.0,0.0,0.011439459834539534,0.026134521484374673
241,15.486487978009864,96,2560,6,5,0,5,15.486487978009864,2368,0.06901333333333334,15.555501311343196,15.555501311343196,15.572723533565417,15.576737497445766,15.602759470102017,18.08742347098557,0.11627149209215304,2.6009354929757063,0.0,0.0,0.00401396388034847,0.026021972656250725
242,15.505700196525964,64,640,96,2,0,,20.272574861561555,256,0.11658666666666667,20.38916152822822,20.38916152822822,20.395717083783776,20.413239169372186,20.4389076961579,22.06200100147319,4.933207499631937,6.556300804947227,4.766874665035591,0.0,0.01752208558841062,0.025668526785715073
243,15.516899968183695,128,1216,113,3,0,3,15.516899968183695,1024,0.06498133333333334,15.58188130151703,15.58188130151703,15.591636857072585,15.616525587743654,15.64227573422803,18.920083210162755,0.12537576604433376,3.4031832419790593,0.0,0.0,0.024888730671069226,0.025750146484375236
244,15.569658954053201,96,2304,26,4,0,4,15.569658954053201,2112,0.06824533333333334,15.637904287386535,15.637904287386535,15.653704287386535,15.678270356298803,15.704406098486304,18.175526474346608,0.13474714443310276,2.6058675202934065,0.0,0.0,0.02456606891226798,0.02613574218750081
245,15.770283585284037,128,3072,2,4,0,4,15.770283585284037,2880,0.07054933333333334,15.840832918617371,15.840832918617371,15.860899585284038,15.860964692236301,15.886963129736301,19.200088697460135,0.11667954445226414,3.4298051121760977,0.0,0.0,6.51069522632497e-05,0.025998437500000193
246,15.777350650585106,128,2304,54,6,0,6,15.777350650585106,2112,0.06824533333333334,15.84559598391844,15.84559598391844,15.86139598391844,15.880493145785355,15.90654710086348,19.200152803097172,0.12919645027837312,3.422802152512066,0.0,0.0,0.019097161866914902,0.026053955078124247
247,15.831813530543824,96,4224,11,2,0,,20.38916152822822,256,1.1228942222222222,21.512055750450443,21.512055750450443,21.53852241711711,21.543116262006116,21.56897783427174,24.04981794247218,5.737164303727917,8.218004411928357,4.557347997684397,0.0,0.004593844889004828,0.02586157226562591
248,15.864082086806675,64,2240,34,2,0,2,21.512055750450443,2048,0.06805333333333334,21.58010908378378,21.58010908378378,21.595553528228223,21.620769861336473,21.646720728035692,23.290741433485838,5.782638641229017,7.426659346679163,5.647973663643768,0.0,0.025216333108250666,0.025950866699218977
249,15.868058344629093,96,1472,13,6,0,6,15.868058344629093,1280,0.06574933333333334,15.933807677962426,15.933807677962426,15.944985455740204,15.958656475863478,15.984663800082227,18.44935419586131,0.11660545545313461,2.581295851232218,0.0,0.0,0.013671020123274147,0.026007324218749517
250,15.939520180993775,96,2624,6,5,0,5,15.939520180993775,2432,0.06920533333333334,16.008725514327107,16.008725514327107,16.026303292104885,16.045483939968083,16.071567985378238,18.55624188616414,0.13204780438446306,2.6167217051703666,0.0,0.0,0.019180647863198175,0.026084045410154744
251,16.090301584044152,160,4096,2,2,0,4,21.58010908378378,0,1.1580657777777779,22.738174861561557,22.738174861561557,22.763930417117113,22.765516126566194,22.791772753240302,26.923496428750987,6.70147116919615,10.833194844706835,5.4898074997396265,0.0,0.0015857094490812074,0.02625662667410822
252,16.094496321378998,96,1536,13,6,0,6,16.094496321378998,1344,0.06594133333333334,16.160437654712332,16.160437654712332,16.171970988045665,16.192739971957227,16.218718975863478,18.682807425493007,0.12422265448448044,2.588311104114009,0.0,0.0,0.020768983911562344,0.025979003906250853
253,16.145826859855422,160,1088,4,6,0,6,16.160437654712332,832,0.08237511111111111,16.242812765823444,16.242812765823444,16.25185721026789,16.270678448519728,16.296609004075282,20.41136628779769,0.15078214421986047,4.265539427942269,0.014610794856910303,0.0,0.01882123825183868,0.025930555555554236
254,16.156245851397657,128,2112,1,0,0,0,16.156245851397657,1920,0.06766933333333333,16.22391518473099,16.22391518473099,16.238648518064323,16.246634827676697,16.2729264292392,19.593718966674093,0.11668057784154229,3.437473115276436,0.0,0.0,0.007986309612373788,0.026291601562501654
255,16.156379741651474,160,4288,15,1,0,1,16.156379741651474,4096,0.07419733333333334,16.230577074984808,16.230577074984808,16.25739929720703,16.269565684607965,16.29547022562359,20.576351084998592,0.1390904839721152,4.419971343347118,0.0,0.0,0.012166387400935008,0.025904541015624005
256,16.16913876118043,160,4352,15,1,0,1,16.230577074984808,4160,0.07438933333333334,16.30496640831814,16.30496640831814,16.332144186095917,16.34728077249859,16.373430577186088,20.65556055765484,0.20429181600565727,4.48642179647441,0.06143831380437703,0.0,0.015136586402672236,0.026149804687499056
257,16.226874347703188,160,2176,86,2,0,,22.738174861561557,256,0.5478613333333333,23.28603619489489,23.28603619489489,23.30112508378378,23.31703139116813,23.343308816298336,27.46651172532372,7.116434468595148,11.239637377620532,6.5113005138583695,0.0,0.015906307384348395,0.02627742513020692
258,16.263227473528453,64,1152,137,4,0,,16.263227473528453,256,0.2603448888888889,16.52357236241734,16.52357236241734,16.53297236241734,16.540178657080048,16.56621264145505,18.201475801603554,0.3029851679265967,1.938248328075101,0.0,0.0,0.007206294662708501,0.02603398437500104
259,16.32973783098538,64,1664,0,3,0,3,16.32973783098538,1536,0.04854755555555555,16.378285386540934,16.378285386540934,16.39052983098538,16.390648195165536,16.41646076492,18.042461732763197,0.08672293393462027,1.7127239017778173,0.0,0.0,0.00011836418015676031,0.02581256975446422
260,16.441033798720245,64,960,16,4,0,4,16.52357236241734,704,0.0819911111111111,16.605563473528452,16.605563473528452,16.613896806861785,16.6182820750488,16.644223074397758,18.27946023763871,0.20318927567751288,1.8384264389184644,0.08253856369709567,0.0,0.004385268187014901,0.02594099934895766
261,16.46982843927513,64,704,12,4,0,4,16.605563473528452,512,0.06344533333333334,16.669008806861786,16.669008806861786,16.675919917972898,16.696106537939425,16.721963471533176,18.357661549022637,0.252135032258046,1.8878331097475076,0.13573503425332234,0.0,0.02018661996652682,0.025856933593750853
262,16.501572455341073,160,1664,0,3,0,3,16.501572455341073,1536,0.04854755555555555,16.550120010896627,16.550120010896627,16.562364455341072,16.571346437353032,16.597155728647675,20.699438202257245,0.09558327330660177,4.197865746916172,0.0,0.0,0.008981982011960099,0.025809291294642378
263,16.516239958753,160,4288,131,4,0,4,16.669008806861786,4096,0.07419733333333334,16.74320614019512,16.74320614019512,16.770028362417342,16.773743663590466,16.799834135130645,20.980952637889825,0.28359417637764395,4.464712679136824,0.152768848108785,0.0,0.003715301173123464,0.026090471540179294
264,16.520197983203673,64,768,12,4,0,4,16.74320614019512,576,0.06363733333333334,16.806843473528453,16.806843473528453,16.81411014019512,16.825925094952073,16.851926987041917,18.488584400585136,0.33172900383824455,1.9683864173814634,0.2230081569914475,0.0,0.01181495475695371,0.026001892089844603
265,16.60361302228197,96,1280,53,5,0,5,16.60361302228197,1088,0.06517333333333333,16.668786355615303,16.668786355615303,16.678897466726415,16.69962839565075,16.72594831752575,19.210237426528725,0.12233529524377929,2.6066244042467552,0.0,0.0,0.02073092892433337,0.02631992187500032
266,16.62232524570957,160,1152,21,2,0,,23.28603619489489,256,0.2603448888888889,23.54638108378378,23.54638108378378,23.555781083783778,23.57982761512646,23.60600709336307,27.72640224569202,6.9836818476535,11.104076999982453,6.663710949185322,0.0,0.024046531342683863,0.026179478236606712
267,16.673870907390704,64,1664,0,3,0,3,16.673870907390704,1536,0.04854755555555555,16.72241846294626,16.72241846294626,16.734662907390703,16.75199382853607,16.777801724741426,18.403801820653825,0.1039308173507223,1.7299309132631215,0.0,0.0,0.017330921145365608,0.025807896205357395
268,16.786484256473603,128,832,12,4,0,4,16.806843473528453,640,0.06382933333333334,16.870672806861787,16.870672806861787,16.878295029084008,16.903932236065355,16.929869247784104,20.257872388866385,0.14338499131050142,3.471388132392782,0.020359217054849665,0.0,0.025637206981347305,0.025937011718749403
269,16.797938074106344,128,2688,6,5,0,5,16.797938074106344,2496,0.06939733333333334,16.86733540743968,16.86733540743968,16.88526874077301,16.910201442525747,16.936523382629915,20.25869657366414,0.1385853085235702,3.4607584995577945,0.0,0.0,0.024932701752735653,0.026321940104168107
270,16.961640129534043,160,2048,104,6,0,,16.961640129534043,0,0.5830328888888889,17.544673018422934,17.544673018422934,17.55905079620071,17.56723447879317,17.593204998812702,21.700959565792484,0.6315648692786588,4.739319436258441,0.0,0.0,0.008183682592459718,0.025970520019530596
271,17.042626999397747,64,896,24,5,0,5,17.042626999397747,704,0.06402133333333333,17.10664833273108,17.10664833273108,17.11462611050886,17.12079063523408,17.146989574966224,18.79098089983602,0.1043625755684765,1.7483539004382713,0.0,0.0,0.006164524725221554,0.0261989397321436
272,17.2163752867566,64,896,8,7,0,7,17.2163752867566,640,0.0817991111111111,17.298174397867708,17.298174397867708,17.306152175645487,17.3198455232956,17.345788150248726,18.975489040393203,0.12941286349212788,1.7591137536366048,0.0,0.0,0.013693347650114873,0.02594262695312466
273,17.223964084197327,96,1664,0,3,0,3,17.223964084197327,1536,0.04854755555555555,17.27251163975288,17.27251163975288,17.284756084197326,17.293905519384285,17.319711671728037,19.772474893105464,0.09574758753070967,2.548510808908137,0.0,0.0,0.00914943518695921,0.025806152343751165
274,17.22604096444954,64,2176,1,0,0,0,17.22604096444954,1984,0.06786133333333334,17.29390229778287,17.29390229778287,17.30899118667176,17.31923453470795,17.345266077676698,18.98905121765066,0.11922511322715934,1.76301025320112,0.0,0.0,0.010243348036187427,0.026031542968748766
275,17.3463210491072,64,2176,158,4,0,,17.3463210491072,256,0.5478613333333333,17.894182382440533,17.894182382440533,17.909271271329423,17.915837509502854,17.941804208721603,19.59678120234295,0.5954831596144032,2.2504601532357498,0.0,0.0,0.006566238173430605,0.025966699218749056
276,17.35567164129625,96,1152,4,6,0,6,17.544673018422934,960,0.06478933333333334,17.609462351756267,17.609462351756267,17.618862351756267,17.619176007113484,17.645102059630844,20.102700630245607,0.28943041833459304,2.7470289889493564,0.18900137712668297,0.0,0.0003136553572176126,0.025926052517359466
277,17.379009886274737,160,1664,0,3,0,3,17.379009886274737,1536,0.04854755555555555,17.42755744183029,17.42755744183029,17.439801886274736,17.44874975766554,17.474559266942883,21.573925018663495,0.095549380668146,4.194915132388758,0.0,0.0,0.00894787139080222,0.02580950927734449
278,17.496706089173156,96,4096,0,0,0,3,17.496706089173156,0,1.1580657777777779,18.654771866950934,18.654771866950934,18.68052742250649,18.69966034851003,18.725955514525655,21.235982854787935,1.2292494253524993,3.739276765614779,0.0,0.0,0.019132926003539552,0.026295166015625426
279,17.54741997307519,128,4288,23,4,0,,17.894182382440533,256,1.140864,19.035046382440534,19.035046382440534,19.061868604662756,19.067762525585135,19.094226783397634,22.4664950718556,1.546806810322444,4.919075098780411,0.3467624093653434,0.0,0.005893920922378726,0.02646425781249917
280,17.567285714612797,64,2048,3,4,0,0,19.035046382440534,0,0.5830328888888889,19.61807927132942,19.61807927132942,19.6324570491072,19.6499193859367,19.67634675410076,21.352500117428516,2.109061039487962,3.7852144028157184,1.4677606678277364,0.0,0.017462336829499492,0.026427368164060994
281,17.733369763998766,128,2176,1,0,0,0,18.654771866950934,2048,0.050083555555555555,18.70485542250649,18.70485542250649,18.71994431139538,18.725955514525655,18.75226288757253,22.097040018465727,1.0188931235737648,4.36367025446696,0.9214021029521682,0.0,0.006011203130274367,0.026307373046876137
282,17.759642699226397,64,4224,43,1,0,,17.759642699226397,256,1.1228942222222222,18.88253692144862,18.88253692144862,18.909003588115286,18.910502940467342,18.93762810322776,20.62929493265484,1.1779854040013618,2.869652233428443,0.0,0.0,0.0014993523520558938,0.027125162760416544
283,17.79237134700769,96,4224,59,4,0,,19.61807927132942,256,1.1228942222222222,20.740973493551643,20.740973493551643,20.76744016021831,20.79320279251222,20.820047152863783,23.33671765835113,3.0276758058560915,5.544346311343439,1.8257079243217298,0.0,0.025762632293908183,0.026844360351564234
284,17.844837637445398,64,2176,62,6,0,,17.844837637445398,256,0.5478613333333333,18.39269897077873,18.39269897077873,18.40778785966762,18.423373564350893,18.44935419586131,20.07698395544092,0.6045165584159129,2.2321463179955217,0.0,0.0,0.015585704683271473,0.02598063151041785
285,17.899150678222092,128,1216,61,7,0,7,17.899150678222092,1024,0.06498133333333334,17.964132011555424,17.964132011555424,17.97388756711098,17.991077197247737,18.016806262189142,21.293401434598927,0.11765558396704989,3.3942507563768345,0.0,0.0,0.01718963013675534,0.025729064941405255
286,17.937761518061528,128,1664,0,3,0,3,17.937761518061528,1536,0.04854755555555555,17.986309073617083,17.986309073617083,17.998553518061527,18.016651368993667,18.042461732763197,21.316865936632244,0.10470021470166913,3.3791044185707158,0.0,0.0,0.01809785093213989,0.025810363769529943
287,18.006363616762833,96,1664,0,3,0,3,18.006363616762833,1536,0.04854755555555555,18.054911172318388,18.054911172318388,18.067155616762832,18.06826788510695,18.094075258153822,20.54497942714564,0.08771164139098886,2.538615810382808,0.0,0.0,0.0011122683441158188,0.02580737304687375
288,18.02784221801107,160,2304,38,7,0,7,18.02784221801107,2112,0.06824533333333334,18.096087551344404,18.096087551344404,18.111887551344402,18.119807282348184,18.145657868285685,22.24730995510674,0.11781565027461482,4.21946773709567,0.0,0.0,0.007919731003781294,0.025850585937501336
289,18.18723060151647,128,2752,6,5,0,5,18.18723060151647,2560,0.06958933333333334,18.256819934849805,18.256819934849805,18.275108823738694,18.29550276786057,18.321570150673068,21.64313417132039,0.1343395491565964,3.455903569803919,0.0,0.0,0.02039394412187434,0.026067382812499318
290,18.370427136258584,96,2304,34,2,0,2,23.54638108378378,2112,0.06824533333333334,23.614626417117112,23.614626417117112,23.63042641711711,23.632258720967236,23.65849267744045,26.122696685098642,5.288065541181865,7.752269548840058,5.175953947525194,0.0,0.0018323038501257827,0.026233956473213027
291,18.43141854870066,64,2816,6,5,0,5,18.43141854870066,2624,0.06978133333333333,18.501199882033994,18.501199882033994,18.519844326478438,18.53012679129807,18.55624188616414,20.206170043716224,0.12482333746348218,1.7747514950155647,0.0,0.0,0.010282464819631798,0.02611509486607133
292,18.56812638230111,96,3200,2,4,0,4,20.740973493551643,2944,0.0887111111111111,20.829684604662752,20.829684604662752,20.85046238244053,20.873737338410656,20.900526498566908,23.415537726710507,2.3324001162657986,4.847411344409398,2.172847111250533,0.0,0.023274955970126854,0.026789160156251768
293,18.79140044242947,64,256,9,2,0,,23.614626417117112,0,0.07987911111111111,23.694505528228223,23.694505528228223,23.698927750450444,23.710962055230627,23.73705867388297,25.369820015448035,4.9456582314535,6.578419573018564,4.823225974687642,0.0,0.012034304780183191,0.026096618652342585
294,18.854502367935083,64,2048,3,1,0,0,18.88253692144862,0,0.5830328888888889,19.465569810337506,19.465569810337506,19.479947588115284,19.480233897498593,19.507085459998592,21.17160547952984,0.6525830920635087,2.317103111594758,0.028034553513535343,0.0,0.0002863093833092023,0.026851562499999204
295,18.887993995227394,64,2880,6,5,0,5,18.887993995227394,2688,0.06997333333333333,18.957967328560727,18.957967328560727,18.976967328560725,19.000613175226643,19.026846476007893,20.67862391741414,0.13885248078049983,1.7906299221867457,0.0,0.0,0.023645846665917958,0.02623330078125008
296,18.986464937925152,160,1664,0,3,0,3,18.986464937925152,1536,0.04854755555555555,19.035012493480707,19.035012493480707,19.04725693792515,19.049319863808588,19.07516347429966,23.16531059809058,0.08869853637450831,4.178845660165429,0.0,0.0,0.002062925883436151,0.025843610491072866
297,19.06503197626752,128,960,24,5,0,5,19.06503197626752,768,0.06421333333333333,19.129245309600854,19.129245309600854,19.137578642934187,19.15802030413289,19.184128621190183,22.495617458150747,0.11909664492266359,3.4305854818832273,0.0,0.0,0.020441661198702832,0.026108317057293107
298,19.074217138031003,96,960,8,7,0,7,19.074217138031003,768,0.06421333333333333,19.138430471364337,19.138430471364337,19.14676380469767,19.15918947984633,19.18493248114841,21.627978778348925,0.11071534311740905,2.553761640317923,0.0,0.0,0.01242567514865911,0.02574300130208229
299,19.16546064205824,96,4352,131,4,0,4,20.829684604662752,4160,0.07438933333333334,20.904073937996085,20.904073937996085,20.93125171577386,20.954106283723156,20.980952637889825,23.494161164210507,1.8154919958315858,4.328700522152268,1.6642239626045132,0.0,0.0228545679492953,0.026846354166668362
300,19.16787931846017,160,1280,113,3,0,3,19.16787931846017,1088,0.06517333333333333,19.233052651793503,19.233052651793503,19.243163762904615,19.25608241961216,19.2819021217606,23.370409556423912,0.11402280330042913,4.202530237963742,0.0,0.0,0.01291865670754433,0.025819702148439205
301,19.216633203215064,128,512,93,0,0,,19.216633203215064,0,0.15175822222222224,19.368391425437288,19.368391425437288,19.374235869881733,19.384878854369408,19.410985665892845,22.747885965731346,0.19435246267778084,3.5312527625162815,0.0,0.0,0.010642984487674312,0.0261068115234373
302,19.26836278262439,64,1216,4,6,0,6,19.26836278262439,1024,0.06498133333333334,19.333344115957722,19.333344115957722,19.34309967151328,19.355016377315923,19.380792256222172,21.003489945024256,0.11242947359778199,1.7351271623998663,0.0,0.0,0.011916705802644145,0.02577587890624855
303,19.27712864438193,96,1024,16,4,0,4,20.904073937996085,832,0.06440533333333334,20.968479271329418,20.968479271329418,20.977168160218305,20.980952637889825,21.007520834504408,23.520129181788633,1.7303921901224797,4.243000537406704,1.6269452936141562,0.0,0.0037844776715196815,0.026568196614583428
304,19.34309304331166,128,4480,7,4,0,4,20.968479271329418,4288,0.07477333333333333,21.04325260466275,21.04325260466275,21.07114149355164,21.087228354035656,21.113886696669585,24.463051789210503,1.7707936533579236,5.119958745898842,1.6253862280177565,0.0,0.016086860484016086,0.02665834263392952
305,19.43409572802785,128,2176,1,0,0,0,19.43409572802785,2048,0.050083555555555555,19.484179283583405,19.484179283583405,19.499268172472295,19.515417794799095,19.541517697142844,22.878496046026484,0.10742196911499491,3.4444003179986353,0.0,0.0,0.016149622326800284,0.026099902343748482
306,19.578860025245454,128,5120,3,0,0,0,19.578860025245454,4800,0.11224888888888888,19.691108914134343,19.691108914134343,19.72255335857879,19.724240206908465,19.750624777220967,23.087496046026487,0.17176475197551255,3.508636020781033,0.0,0.0,0.0016868483296761383,0.02638457031250141
307,19.6075321555347,128,5184,3,0,0,0,19.691108914134343,4992,0.07688533333333333,19.767994247467676,19.767994247467676,19.799794247467677,19.803395382689718,19.829972286986592,23.165263972923807,0.22244013145189356,3.557731817389108,0.08357675859964431,0.0,0.0036011352220413073,0.026576904296874204
308,19.64442395967776,96,1280,61,7,0,7,19.64442395967776,1088,0.06517333333333333,19.709597293011093,19.709597293011093,19.719708404122205,19.72564830146091,19.7513698590781,22.19576454495049,0.1069458994003405,2.5513405852727296,0.0,0.0,0.005939897338706146,0.02572155761718875
309,19.65492614814107,160,512,5,3,0,2,19.65492614814107,0,0.15175822222222224,19.806684370363293,19.806684370363293,19.812528814807738,19.824102334511714,19.849836151476,23.935050222114015,0.19491000333493247,4.280124073972946,0.0,0.0,0.011573519703976132,0.025733816964287115
310,19.711321645045963,64,2240,98,4,0,4,21.04325260466275,2048,0.06805333333333334,21.111305937996086,21.111305937996086,21.12675038244053,21.140545527584763,21.16713415063164,22.835355423418097,1.4558125055856763,3.1240337783721337,1.3319309596167876,0.0,0.013795145144232634,0.02658862304687659
311,19.76917662903111,96,1152,85,1,0,,19.76917662903111,256,0.2603448888888889,20.02952151792,20.02952151792,20.03892151792,20.044219249061094,20.070821202186092,22.543569102576715,0.30164457315498083,2.7743924735456034,0.0,0.0,0.005297731141094886,0.0266019531249988
312,19.99533156166832,64,2176,1,0,0,0,19.99533156166832,2048,0.050083555555555555,20.045415117223875,20.045415117223875,20.060504006112765,20.06918639831472,20.095694001551326,21.758623541193003,0.10036243988300697,1.7632919795246842,0.0,0.0,0.00868239220195477,0.02650760323660606
313,20.012492267633043,96,2944,6,5,0,5,20.012492267633043,2752,0.07016533333333333,20.082657600966375,20.082657600966375,20.10201315652193,20.127415160903723,20.15366630022664,22.62521218471325,0.14117403259359662,2.612719917080206,0.0,0.0,0.02540200438179241,0.026251139322916117
314,20.061669546016745,96,1664,0,3,0,3,20.061669546016745,1536,0.04854755555555555,20.1102171015723,20.1102171015723,20.122461546016744,20.13294036464564,20.158689143942517,22.600829315538494,0.09701959792577242,2.539159769521749,0.0,0.0,0.010478818628897102,0.025748779296876023
315,20.065800629691218,64,1280,4,6,0,6,20.065800629691218,1088,0.06517333333333333,20.13097396302455,20.13097396302455,20.141085074135663,20.15420730342269,20.179929105180502,21.804062593136234,0.1141284754892844,1.7382619634450158,0.0,0.0,0.013122229287027665,0.025721801757811136
316,20.076454387256245,96,256,33,7,0,2,20.076454387256245,0,0.07987911111111111,20.156333498367356,20.156333498367356,20.160755720589577,20.162981187203098,20.188590073921848,22.631756455757785,0.11213568666560292,2.5553020685015397,0.0,0.0,0.0022254666135204104,0.025608886718750057
317,20.096989033743583,160,3008,6,5,0,5,20.096989033743583,2816,0.07035733333333334,20.167346367076917,20.167346367076917,20.187057478188027,20.206170043716224,20.232433064549557,24.361946071431994,0.13544403080597434,4.264957037688411,0.0,0.0,0.019112565528196512,0.026263020833333428
318,20.136017730993927,96,896,12,4,0,4,21.111305937996086,704,0.06402133333333333,21.17532727132942,21.17532727132942,21.183305049107197,21.193723261959764,21.220184850501433,23.72992215053863,1.084167119507505,3.593904419544703,0.9752882070021585,0.0,0.010418212852567166,0.026461588541668135
319,20.167379475725816,128,1344,109,6,0,6,20.167379475725816,1152,0.06536533333333333,20.23274480905915,20.23274480905915,20.243211475725815,20.25709744014144,20.28280769404769,23.55754450580364,0.115428218321874,3.3901650300778243,0.0,0.0,0.01388596441562484,0.025710253906250813
320,20.307040160128945,64,2368,38,7,0,7,20.307040160128945,2176,0.06843733333333334,20.375477493462277,20.375477493462277,20.391633049017834,20.393478745796845,20.41918252183851,22.041069720731738,0.11214236170956582,1.7340295606027922,0.0,0.0,0.001845696779010808,0.025703776041666515
321,20.736680503779976,64,768,28,5,0,5,20.736680503779976,576,0.06363733333333334,20.800317837113308,20.800317837113308,20.807584503779974,20.809641983820388,20.83568104632039,22.469764430806997,0.0990005425404128,1.733083927027021,0.0,0.0,0.0020574800404133953,0.026039062500000654
322,20.82259550320574,96,4224,107,1,0,,20.82259550320574,256,1.1228942222222222,21.94548972542796,21.94548972542796,21.97195639209463,21.99051954202984,22.016850352576714,24.538218907264216,1.1942548493709744,3.7156234040584764,0.0,0.0,0.018563149935211243,0.026330810546873806
323,21.1751460984752,128,2240,46,6,0,6,21.1751460984752,2048,0.06805333333333334,21.243199431808534,21.243199431808534,21.25864387625298,21.26143346715967,21.287304682979983,24.562016673772394,0.11215858450478322,3.386870575297195,0.0,0.0,0.00278959090669062,0.025871215820313154
324,21.2133680759476,96,704,68,0,0,0,21.2133680759476,512,0.06344533333333334,21.276813409280933,21.276813409280933,21.283724520392045,21.288868922496267,21.315155543590016,23.78088506667381,0.10178746764241708,2.5675169907262116,0.0,0.0,0.005144402104221513,0.026286621093749574
325,21.255774809402666,96,704,44,0,0,0,21.276813409280933,512,0.06344533333333334,21.340258742614267,21.340258742614267,21.34716985372538,21.367730250621268,21.39390029456658,23.858017293236312,0.13812548516391487,2.6022424838336455,0.02103859987826695,0.0,0.02056039689588829,0.026170043945313637
326,21.309765343173513,96,2240,138,7,0,,21.309765343173513,256,0.5658311111111111,21.875596454284626,21.875596454284626,21.89104089872907,21.91176454495049,21.93762460354424,24.390169549833306,0.6278592603707267,3.080404206659793,0.0,0.0,0.020723646221419756,0.025860058593750068
327,21.358152488432978,128,768,68,0,0,0,21.358152488432978,576,0.06363733333333334,21.42178982176631,21.42178982176631,21.429056488432977,21.446241847300957,21.472324855113456,24.760532178838982,0.11417236668047792,3.402379690406004,0.0,0.0,0.017185358867980227,0.02608300781249895
328,21.35996582892498,96,1216,21,2,0,2,23.694505528228223,1024,0.06498133333333334,23.759486861561555,23.759486861561555,23.769242417117113,23.789253376031407,23.815295422472378,26.277550689004894,2.455329593547397,4.917584860079913,2.3345396993032423,0.0,0.02001095891429472,0.026042046440970523
329,21.383347663437043,160,768,44,0,0,0,21.42178982176631,576,0.06363733333333334,21.485427155099643,21.485427155099643,21.49269382176631,21.498408351207207,21.524421437144706,25.644936071138094,0.14107377370766372,4.261588407701051,0.038442158329267784,0.0,0.005714529440897564,0.026013085937499625
330,21.39786369171402,128,1344,4,6,0,6,21.39786369171402,1152,0.06536533333333333,21.46322902504735,21.46322902504735,21.473695691714017,21.494291987667484,21.520123725948736,24.793219994084893,0.1222600342347171,3.3953563023708746,0.0,0.0,0.020596295953467347,0.025831738281251404
331,21.548171555074394,96,2432,18,0,0,0,21.548171555074394,2240,0.06862933333333333,21.616800888407727,21.616800888407727,21.63331199951884,21.654494191050958,21.680525796164595,24.14207774245506,0.13235424109020144,2.593906187380668,0.0,0.0,0.021182191532119532,0.026031605113637113
332,21.616568077964356,128,1280,9,7,0,,21.875596454284626,256,0.29628444444444446,22.17188089872907,22.17188089872907,22.181992009840183,22.19576454495049,22.22153700588799,25.495332653209424,0.6049689279236325,3.878764575245068,0.25902837632026987,0.0,0.01377253511030574,0.02577246093749963
333,21.618305863293003,64,1344,53,5,0,5,21.618305863293003,1152,0.06536533333333333,21.683671196626335,21.683671196626335,21.694137863293,21.69506825335164,21.72097372210164,23.347220485494496,0.10266785880863694,1.7289146222014935,0.0,0.0,0.000930390058638153,0.025905468750000438
334,21.65066846627166,64,832,28,5,0,5,21.683671196626335,640,0.06382933333333334,21.74750052995967,21.74750052995967,21.75512275218189,21.77278612444539,21.798609610773514,23.424706813619494,0.14794114450185347,1.7740383473478332,0.03300273035467427,0.0,0.0176633722634989,0.025823486328125256
335,21.80208502658515,64,1536,5,2,0,2,23.759486861561555,1280,0.0837191111111111,23.843205972672667,23.843205972672667,23.854739306006,23.867431279948505,23.893486889757533,25.525644722479285,2.0914018631723827,3.723559695894135,1.9574018349764053,0.0,0.012691973942505541,0.026055609809027658
336,21.832451483638035,128,2176,1,0,0,0,21.832451483638035,2048,0.050083555555555555,21.88253503919359,21.88253503919359,21.89762392808248,21.914796099786752,21.94082948046857,25.226167921026484,0.10837799683053362,3.3937164373884485,0.0,0.0,0.017172171704270767,0.02603338068181671
337,21.851550423883822,96,4224,91,1,0,,21.94548972542796,256,1.1228942222222222,23.068383947650183,23.068383947650183,23.09485061431685,23.112199473670465,23.139272227576715,25.639384947303277,1.287721803692893,3.7878345234194555,0.09393930154413965,0.0,0.017348859353614188,0.027072753906249858
338,22.144909881403336,160,1024,24,5,0,5,22.144909881403336,832,0.06440533333333334,22.20931521473667,22.20931521473667,22.218004103625557,22.23768358538289,22.263468392860567,26.355535426900744,0.11855851145723051,4.2106255454974075,0.0,0.0,0.019679481757332695,0.02578480747767742
339,22.173129805035618,160,2304,10,2,0,2,23.843205972672667,2112,0.06824533333333334,23.911451306006,23.911451306006,23.927251306006,23.94559957421934,23.97166344140684,28.09049693737729,1.7985336363712214,5.9173671323416706,1.670076167637049,0.0,0.0183482682133409,0.026063867187499312
340,22.23732068146497,160,1152,97,7,0,,22.23732068146497,256,0.2603448888888889,22.497665570353856,22.497665570353856,22.507065570353856,22.52926910224216,22.554886411812472,26.655682891537182,0.31756573034750346,4.418362210072214,0.0,0.0,0.02220353188830515,0.025617309570311164
341,22.265134088128832,96,1344,9,7,0,7,22.497665570353856,1152,0.06536533333333333,22.56303090368719,22.56303090368719,22.573497570353855,22.580504209664035,22.606130088570286,25.05831749905206,0.3409960004414536,2.793183410923227,0.23253148222502418,0.0,0.007006639310180418,0.025625878906250676
342,22.314140893858614,128,1216,57,4,0,4,22.314140893858614,1024,0.06498133333333334,22.379122227191946,22.379122227191946,22.388877782747503,22.413628047116017,22.440061315345183,25.759152758797562,0.125920421486569,3.445011864938948,0.0,0.0,0.024750264368513797,0.026433268229165918
343,22.384062807496385,96,1280,65,1,0,1,23.068383947650183,1088,0.06517333333333333,23.133557280983517,23.133557280983517,23.14366839209463,23.166345469764217,23.192936290076716,25.69137420511578,0.8088734825803314,3.3073113976193937,0.6843211401537985,0.0,0.02267707766958793,0.026590820312499375
344,22.39094981206161,96,1152,157,6,0,,22.39094981206161,256,0.2603448888888889,22.651294700950498,22.651294700950498,22.660694700950497,22.682122000688317,22.707887991899256,25.152853539006767,0.3169381798376456,2.7619037269451567,0.0,0.0,0.02142729973781954,0.02576599121093892
345,22.440159753651834,128,1408,4,6,0,6,22.651294700950498,1216,0.06555733333333334,22.716852034283832,22.716852034283832,22.727674256506056,22.733654471391443,22.759405545610193,26.027581566350516,0.3192457919583589,3.5874218126986825,0.2111349472986639,0.0,0.005980214885386914,0.025751074218749892
346,22.533785911776526,64,2560,14,7,0,7,22.56303090368719,2368,0.06901333333333334,22.632044237020523,22.632044237020523,22.649266459242746,22.657497056343722,22.683339927437473,24.312715936552056,0.1495540156609465,1.77893002477553,0.02924499191066232,0.0,0.008230597100975956,0.02584287109375083
347,22.569656998200706,128,1216,81,1,0,1,23.133557280983517,1024,0.06498133333333334,23.19853861431685,23.19853861431685,23.208294169872406,23.219527598670467,23.245869883826717,26.590845233761616,0.6762128856260112,4.02118823556091,0.5639002827828108,0.0,0.011233428798060885,0.026342285156250256
348,22.62754454730992,160,1472,4,6,0,6,22.716852034283832,1280,0.06574933333333334,22.782601367617165,22.782601367617165,22.793779145394943,22.810909158891445,22.836656066443528,26.92851406146771,0.20911151913360726,4.300969514157789,0.08930748697391167,0.0,0.01713001349650156,0.025746907552083087
349,22.73911264675239,64,1664,0,3,0,3,22.73911264675239,1536,0.04854755555555555,22.787660202307944,22.787660202307944,22.79990464675239,22.80583257074683,22.83150639887183,24.44970085687964,0.09239375211944179,1.710588210127252,0.0,0.0,0.005927923994441642,0.025673828125000853
350,22.755679205074948,160,4224,115,1,0,,23.19853861431685,256,1.1228942222222222,24.32143283653907,24.32143283653907,24.34789950320574,24.352686778357967,24.379189903357968,28.592335867480926,1.6235106982830203,5.836656662405979,0.44285940924190115,0.0,0.004787275152228432,0.026503125000001404
351,22.818763945805628,128,1280,33,2,0,2,23.911451306006,1024,0.0829511111111111,23.99440241711711,23.99440241711711,24.004513528228223,24.02379264062559,24.04981794247218,27.336339911358873,1.231053996666553,4.517575965553245,1.0926873602003724,0.0,0.019279112397367015,0.02602530184659102
352,22.910285564838066,128,1024,8,7,0,7,22.910285564838066,832,0.06440533333333334,22.9746908981714,22.9746908981714,22.983379787060287,22.993492466499973,23.019283482124973,26.293109673763745,0.10899791728690644,3.3828241089256785,0.0,0.0,0.01011267943968619,0.025791015624999858
353,23.092100351696573,96,1280,37,7,0,7,23.092100351696573,1088,0.06517333333333333,23.157273685029907,23.157273685029907,23.167384796141018,23.174039829781222,23.199810058575864,25.649624436133532,0.10770970687929093,2.5575240844369596,0.0,0.0,0.006655033640203811,0.025770228794641525
354,23.159726643913164,128,1280,25,6,0,6,23.159726643913164,1088,0.06517333333333333,23.224899977246498,23.224899977246498,23.23501108835761,23.24867299352686,23.274409600669717,26.542357201116143,0.11468295675655327,3.3826305572029796,0.0,0.0,0.013661905169250588,0.025736607142857082
355,23.183468799991363,128,1664,0,3,0,3,23.183468799991363,1536,0.04854755555555555,23.232016355546918,23.232016355546918,23.244260799991363,23.267756236111413,23.293418833767664,26.553177941692613,0.10995003377630042,3.36970914170125,0.0,0.0,0.023495436120050783,0.02566259765625034
356,23.239853817763493,160,4352,51,7,0,7,23.239853817763493,4160,0.07438933333333334,23.314243151096825,23.314243151096825,23.3414209288746,23.35444168524997,23.38038425116794,27.488376250912175,0.1405304334044466,4.248522433148683,0.0,0.0,0.013020756375368592,0.025942565917969063
357,23.418821493220122,128,1152,69,1,0,,24.32143283653907,256,0.2603448888888889,24.58177772542796,24.58177772542796,24.591177725427958,24.61728787699078,24.64348621683453,28.002659109668425,1.2246647236144064,4.583837616448303,0.9026113433189487,0.0,0.026110151562821926,0.02619833984374864
358,23.442604870556156,160,3200,2,4,0,4,23.442604870556156,3072,0.05315555555555555,23.495760426111712,23.495760426111712,23.51653820388949,23.520129181788633,23.54635159389801,27.715189934322776,0.1037467233418532,4.27258506376662,0.0,0.0,0.0035909778991438657,0.02622241210937659
359,23.454970627958218,160,1216,117,2,0,2,23.99440241711711,1024,0.06498133333333334,24.059383750450444,24.059383750450444,24.069139306006,24.075735374112806,24.101623824041784,28.220425090279075,0.646653196083566,4.765454462320857,0.5394317891588933,0.0,0.006596068106805575,0.025888449928977764
360,23.544378965802036,128,4224,87,1,0,,24.58177772542796,256,1.1228942222222222,25.70467194765018,25.70467194765018,25.731138614316848,25.743581073605363,25.76992482360536,29.153949061537848,2.2255458578033256,5.609570095735812,1.0373987596259227,0.0,0.01244245928851484,0.026343749999998778
361,23.593215747964443,128,4416,15,1,0,1,25.70467194765018,4224,0.07458133333333333,25.779253280983514,25.779253280983514,25.80678661431685,25.82261378844911,25.84912121032411,29.234146913100346,2.2559054623596673,5.640931165135903,2.111456199685737,0.0,0.0158271741322622,0.026507421874999437
362,23.68203714426721,96,256,74,7,0,,23.68203714426721,0,0.07987911111111111,23.76191625537832,23.76191625537832,23.76633847760054,23.769581333687473,23.795440003392333,26.241412115169993,0.11340285912512371,2.559374970902784,0.0,0.0,0.0032428560869313117,0.02585866970485995
363,23.743579353485345,128,1664,0,3,0,3,23.743579353485345,1536,0.04854755555555555,23.7921269090409,23.7921269090409,23.804371353485344,23.80655473871558,23.832252858832767,27.094875380928723,0.08867350534742258,3.3512960274433787,0.0,0.0,0.002183385230235757,0.02569812011718753
364,23.78097861415193,128,512,144,4,0,2,23.78097861415193,0,0.15175822222222224,23.932736836374154,23.932736836374154,23.9385812808186,23.94172488491363,23.967895539210506,27.2895811462467,0.1869169250585756,3.50860253209477,0.0,0.0,0.003143604095029673,0.026170654296876705
365,23.8106171438409,160,1088,16,4,0,4,23.932736836374154,896,0.06459733333333334,23.997334169707486,23.997334169707486,24.00637861415193,24.020238312648004,24.046282257960506,28.22262932641262,0.23566511411960533,4.4120121825717185,0.1221196925332535,0.0,0.013859698496073491,0.02604394531250165
366,23.91839666133454,96,2176,1,0,0,0,23.91839666133454,2048,0.050083555555555555,23.968480216890097,23.968480216890097,23.983569105778987,23.98698213698631,24.01283018386131,26.496694941580806,0.09443352252677073,2.5782982802462655,0.0,0.0,0.0034130312073230584,0.02584804687500153
367,24.05942534398034,64,256,5,3,0,2,24.05942534398034,0,0.07987911111111111,24.13930445509145,24.13930445509145,24.143726677313673,24.167490163520263,24.193143239692137,25.807025152359557,0.13371789571179704,1.747599808379217,0.0,0.0,0.0237634862065903,0.02565307617187429
368,24.106312897908072,96,832,68,0,0,0,24.106312897908072,640,0.06382933333333334,24.170142231241407,24.170142231241407,24.177764453463627,24.19358848464256,24.21927461745506,26.709942988455804,0.11296171954698764,2.603630090547732,0.0,0.0,0.015824031178933495,0.025686132812499096
369,24.118754613713584,96,2176,1,0,0,0,24.170142231241407,2048,0.050083555555555555,24.220225786796963,24.220225786796963,24.235314675685853,24.24496123854881,24.270710913027976,26.76376199887247,0.15195629931439214,2.6450073851588876,0.051387617527822727,0.0,0.009646562862958064,0.025749674479165208
370,24.133286538124633,96,2176,94,1,0,,25.779253280983514,256,0.5478613333333333,26.327114614316848,26.327114614316848,26.342203503205738,26.35285499938661,26.379296405636612,28.912745238993203,2.2460098675119795,4.77945870086857,1.6459667428588816,0.0,0.010651496180873465,0.02644140625000091
371,24.293587811367455,160,256,50,7,0,,24.293587811367455,0,0.07987911111111111,24.373466922478567,24.373466922478567,24.377889144700788,24.390169549833306,24.415861444364555,28.507832370703845,0.12227363299709992,4.2142445593363895,0.0,0.0,0.012280405132518268,0.025691894531249204
372,24.407745640879686,64,2176,1,0,0,0,24.407745640879686,2048,0.050083555555555555,24.45782919643524,24.45782919643524,24.47291808532413,24.47672588698631,24.502524017566664,26.149863886893307,0.0947783766869783,1.7421182460136215,0.0,0.0,0.0038078016621767574,0.025798130580355405
373,24.486973874465043,160,1664,0,3,0,3,24.486973874465043,1536,0.04854755555555555,24.535521430020598,24.535521430020598,24.547765874465043,24.552090505317143,24.577742604926517,28.671541013872986,0.09076873046147327,4.1845671394079424,0.0,0.0,0.004324630852099887,0.02565209960937409
374,24.624438503181374,96,3200,2,4,0,4,24.624438503181374,3072,0.05315555555555555,24.67759405873693,24.67759405873693,24.698371836514706,24.72060183803863,24.74652049038238,27.236700531012325,0.12208198720100683,2.612262027830951,0.0,0.0,0.022230001523922738,0.025918652343751347
375,24.70118652217355,96,2176,70,1,0,,26.327114614316848,256,0.5478613333333333,26.87497594765018,26.87497594765018,26.89006483653907,26.91012199157412,26.936640383501203,29.473675233412845,2.2354538613276524,4.772488711239294,1.6259280921432975,0.0,0.020057155035047458,0.02651839192708394
376,24.792319511194773,64,640,100,3,0,,24.792319511194773,256,0.11658666666666667,24.90890617786144,24.90890617786144,24.915461733416993,24.93692326898902,24.96251330805152,26.578925402630112,0.17019379685674707,1.7866058914353395,0.0,0.0,0.021461535572026236,0.025590039062500125
377,24.8939658280696,96,1152,16,4,0,4,24.8939658280696,960,0.06478933333333334,24.958755161402934,24.958755161402934,24.968155161402933,24.97981033413238,25.00567369676259,27.501943894826248,0.11170786869298865,2.6079780667566475,0.0,0.0,0.011655172729447827,0.02586336263020783
378,24.90972215037271,96,1664,0,3,0,3,24.90972215037271,1536,0.04854755555555555,24.958269705928263,24.958269705928263,24.970514150372708,24.98810383539527,25.013731765082767,27.456060059748165,0.10400961471005843,2.546337909375456,0.0,0.0,0.01758968502256053,0.025627929687498607
379,24.967351457625195,96,512,139,3,0,,24.967351457625195,0,0.15175822222222224,25.11910967984742,25.11910967984742,25.124954124291865,25.141878737739017,25.167455188631873,27.610852540216918,0.20010373100667778,2.6435010825917225,0.0,0.0,0.016924613447152126,0.025576450892856428
380,25.055107645589988,64,1408,9,7,0,7,25.055107645589988,1216,0.06555733333333334,25.120664978923323,25.120664978923323,25.131487201145546,25.13543336121724,25.161137279674268,26.785431426693428,0.10602963408427968,1.73032378110344,0.0,0.0,0.0039461600716919065,0.025703918457029573
381,25.174493442791917,160,4352,23,4,0,4,25.174493442791917,4160,0.07438933333333334,25.24888277612525,25.24888277612525,25.276060553903026,25.29020291225738,25.31625153111899,29.540198512184258,0.14175808832707304,4.365705069392341,0.0,0.0,0.014142358354355622,0.026048618861608475
382,25.19874367293878,64,5248,3,0,0,0,25.19874367293878,5056,0.07707733333333333,25.27582100627211,25.27582100627211,25.307976561827665,25.329462647588986,25.35557714954211,27.03480692074747,0.1568334766033317,1.836063247808692,0.0,0.0,0.02148608576132105,0.026114501953124147
383,25.223927662747535,64,5248,3,0,0,0,25.27582100627211,5120,0.05929955555555556,25.335120561827665,25.335120561827665,25.36727611738322,25.381692139776487,25.40801433564702,27.08882713559122,0.1840866728994861,1.8648994728436854,0.05189334352457564,0.0,0.014416022393266559,0.026322195870534415
384,25.343950719679,128,2048,4,3,0,6,25.343950719679,0,0.5830328888888889,25.926983608567888,25.926983608567888,25.941361386345665,25.961000250015804,25.98671244309616,29.26679426908132,0.6427617234171592,3.9228435494023195,0.0,0.0,0.019638863670138562,0.02571219308035566
385,25.386103106886345,160,1664,0,3,0,3,25.926983608567888,1536,0.04854755555555555,25.975531164123442,25.975531164123442,25.987775608567887,26.012425124457767,26.038150710395268,30.146084601112573,0.6520476035089224,4.759981494226228,0.5408805016815421,0.0,0.02464951588988029,0.02572558593750074
386,25.436881882778607,128,4096,32,5,0,6,25.436881882778607,0,1.1580657777777779,26.594947660556386,26.594947660556386,26.62070321611194,26.62070321611194,26.647703216111942,29.986804046190063,1.2108213333333353,4.5499221634114555,0.0,0.0,0.0,0.027000000000001023
387,25.465939270675346,64,1664,0,3,0,3,25.975531164123442,1536,0.04854755555555555,26.024078719678997,26.024078719678997,26.03632316412344,26.038150710395268,26.0638863874786,27.688444215021605,0.5979471168032546,2.222504944346259,0.5095918934480963,0.0,0.0018275462718264635,0.025735677083332575
388,25.54767353007521,160,1664,0,3,0,3,26.024078719678997,1536,0.04854755555555555,26.07262627523455,26.07262627523455,26.084870719678996,26.089622552843185,26.115366791124433,30.223676886268823,0.5676932610492251,4.676003356193615,0.4764051896037884,0.0,0.004751833164188923,0.0257442382812485
389,25.718079819298396,128,5248,3,0,0,0,25.718079819298396,5120,0.05929955555555556,25.77737937485395,25.77737937485395,25.809534930409505,25.830255488455805,25.856886836112054,29.277394803234444,0.13880701681365792,3.559314983936048,0.0,0.0,0.020720558046299686,0.02663134765624875
390,25.73488318442346,96,512,2,2,0,4,25.73488318442346,0,0.15175822222222224,25.886641406645683,25.886641406645683,25.89248585109013,25.915641975897255,25.941561952025726,28.40271276931553,0.20667876760226633,2.667829584892072,0.0,0.0,0.023156124807126588,0.025919976128470523
391,25.781643551030992,160,4416,23,4,0,4,25.781643551030992,4224,0.07458133333333333,25.856224884364327,25.856224884364327,25.88375821769766,25.88977897950069,25.91605276577301,30.155529800161688,0.13440921474201772,4.373886249130695,0.0,0.0,0.006020761803029018,0.02627378627231991
392,25.860324966717013,64,2368,22,4,0,4,25.860324966717013,2176,0.06843733333333334,25.928762300050344,25.928762300050344,25.9449178556059,25.968601803161402,25.994862179137964,27.661799363576247,0.13453721242095185,1.8014743968592342,0.0,0.0,0.02368394755550085,0.0262603759765625
393,25.899333986002084,160,4288,43,1,0,1,26.87497594765018,4096,0.07419733333333334,26.949173280983516,26.949173280983516,26.975995503205738,26.98967863219912,27.016280473716975,31.264266135105554,1.1169464877148911,5.3649321491034705,0.9756419616480976,0.0,0.013683128993381644,0.026601841517855718
394,25.912707950465975,160,640,40,5,0,,26.594947660556386,256,0.11658666666666667,26.711534327223053,26.711534327223053,26.718089882778607,26.728706145799443,26.754863372361942,30.934366741502572,0.842155421895967,5.021658791036597,0.6822397100904105,0.0,0.010616263020835959,0.026157226562499858
395,25.922076145138394,96,256,2,2,0,4,25.922076145138394,0,0.07987911111111111,26.001955256249506,26.001955256249506,26.006377478471727,26.01932481009864,26.045167046426766,28.507395256294696,0.12309090128837141,2.585319111156302,0.0,0.0,0.01294733162691486,0.025842236328124102
396,26.054276921462694,96,4544,7,4,0,4,26.054276921462694,4352,0.07496533333333334,26.12924225479603,26.12924225479603,26.157486699240472,26.178698482848898,26.205068817050286,28.73395881549992,0.15079189558759154,2.679681894037227,0.0,0.0,0.02121178360842535,0.026370334201388346
397,26.116195537057596,64,1664,0,3,0,3,26.116195537057596,1536,0.04854755555555555,26.16474309261315,26.16474309261315,26.176987537057595,26.192602435655683,26.21835465511591,27.843658849508213,0.10215911805831368,1.7274633124506167,0.0,0.0,0.015614898598087734,0.025752219460226655
398,26.12861629954938,160,4288,155,5,0,5,26.711534327223053,4096,0.07419733333333334,26.785731660556387,26.785731660556387,26.81255388277861,26.833337981736943,26.859808684861942,31.04009183915882,0.7311923853125641,4.911475539609441,0.5829180276736743,0.0,0.020784098958333885,0.026470703124999773
399,26.210071054198718,96,4288,59,4,0,4,26.210071054198718,4096,0.07419733333333334,26.28426838753205,26.28426838753205,26.311090609754274,26.336927812275984,26.363373124775986,28.894859554897245,0.15330207057726852,2.6847885006985273,0.0,0.0,0.025837202521710623,0.026445312500001705
400,26.221219046631113,128,3200,2,4,0,4,26.28426838753205,3072,0.05315555555555555,26.337423943087607,26.337423943087607,26.358201720865384,26.363373124775986,26.38982953457712,29.78085852194988,0.1686104879460082,3.559639475318768,0.06304934090093894,0.0,0.0051714039106016685,0.02645640980113484
401,26.226967589563454,64,2176,1,0,0,0,26.226967589563454,2048,0.050083555555555555,26.27705114511901,26.27705114511901,26.2921400340079,26.310237910330805,26.336873164237055,28.02939659359903,0.10990557467360063,1.8024290040355773,0.0,0.0,0.018097876322904938,0.026635253906249545
402,26.24746390284812,96,1600,4,6,0,6,26.24746390284812,1344,0.0839111111111111,26.33137501395923,26.33137501395923,26.343263902848122,26.362093529241143,26.387844017522394,28.83695773822552,0.14038011467427225,2.5894938353774,0.0,0.0,0.018829626393021215,0.025750488281250483
403,26.321605793161673,96,1472,9,7,0,7,26.321605793161673,1280,0.06574933333333334,26.387355126495006,26.387355126495006,26.398532904272784,26.422720879818435,26.448603594662185,28.894340549414782,0.12699780150051154,2.5727347562531087,0.0,0.0,0.024187975545650886,0.02588271484374971
404,26.408815179476143,128,2496,18,0,0,0,26.408815179476143,2304,0.06882133333333333,26.477636512809475,26.477636512809475,26.49450317947614,26.496694941580806,26.523349238455808,29.949016873546938,0.11453405897966462,3.540201694070795,0.0,0.0,0.002191762104665429,0.02665429687500165
405,26.527502635730936,160,1344,25,6,0,6,26.527502635730936,1152,0.06536533333333333,26.59286796906427,26.59286796906427,26.603334635730935,26.619719994084893,26.645464460230727,30.74910500385053,0.11796182449979042,4.221602368119594,0.0,0.0,0.016385358353957713,0.025744466145834366
406,26.57799219283631,96,832,32,6,0,6,26.59286796906427,576,0.0816071111111111,26.67447508017538,26.67447508017538,26.6820973023976,26.696954857366144,26.72261586810833,29.17285349017865,0.14462367527202247,2.594861297342341,0.014875776227960102,0.0,0.01485755496854324,0.025661010742187074
407,26.628593965607333,64,5248,3,0,0,0,26.628593965607333,5120,0.05929955555555556,26.687893521162888,26.687893521162888,26.720049076718443,26.73680203793497,26.76376199887247,28.46495362484903,0.13516803326513838,1.8363596592416975,0.0,0.0,0.016752961216528917,0.02695996093749997
408,26.63752668486655,96,2368,54,6,0,6,26.67447508017538,2176,0.06843733333333334,26.742912413508712,26.742912413508712,26.75906796906427,26.773939354436457,26.799700584905207,29.25061266986615,0.16217390003865617,2.6130859849996,0.03694839530882987,0.0,0.014871385372188684,0.02576123046874912
409,26.934568851472314,64,3200,2,4,0,4,26.934568851472314,3072,0.05315555555555555,26.98772440702787,26.98772440702787,27.008502184805646,27.024929854179394,27.05140629460908,28.73395881549992,0.1168374431367667,1.7993899640276076,0.0,0.0,0.016427669373747733,0.02647644042968622
410,26.946074836720236,128,4288,75,2,0,2,26.946074836720236,4096,0.07419733333333334,27.02027217005357,27.02027217005357,27.047094392275792,27.051840806541165,27.07768907314273,30.398612922775357,0.13161423642249304,3.452538086055121,0.0,0.0,0.0047464142653730335,0.025848266601563807
411,27.08377031201127,64,2304,30,4,0,4,27.08377031201127,2112,0.06824533333333334,27.152015645344605,27.152015645344605,27.167815645344604,27.18379582097627,27.210247931853672,28.894859554897245,0.1264776198424009,1.8110892428859735,0.0,0.0,0.01598017563166465,0.026452110877404067
412,27.12687365606892,64,4288,91,1,0,1,27.12687365606892,4096,0.07419733333333334,27.201070989402254,27.201070989402254,27.227893211624476,27.22911278398483,27.2557799592778,28.939585780287846,0.12890630320887908,1.8127121242189261,0.0,0.0,0.0012195723603554143,0.02666717529296747
413,27.12800757361442,64,1664,0,3,0,3,27.12800757361442,1536,0.04854755555555555,27.176555129169973,27.176555129169973,27.188799573614418,27.198052627022474,27.223850044557196,28.852652341997985,0.09584247094277742,1.7246447683835662,0.0,0.0,0.009253053408055933,0.0257974175347222
414,27.184376771220798,96,1664,0,3,0,3,27.184376771220798,1536,0.04854755555555555,27.232924326776352,27.232924326776352,27.245168771220797,27.249647950373166,27.275447755060668,29.732225226112572,0.09107098383987022,2.547848454891774,0.0,0.0,0.004479179152369284,0.02579980468750165
415,27.185409288045953,160,640,128,5,0,,27.185409288045953,256,0.11658666666666667,27.30199595471262,27.30199595471262,27.308551510268174,27.30988534501819,27.336073089158816,31.511440105760382,0.15066380111286293,4.326030817714429,0.0,0.0,0.0013338347500173597,0.026187744140624858
416,27.18561040455229,128,4352,75,2,0,2,27.18561040455229,4160,0.07438933333333334,27.25999973788562,27.25999973788562,27.287177515663398,27.31034544521304,27.336339911358873,30.65937220011911,0.15072950680658437,3.473761795566819,0.0,0.0,0.023167929549643418,0.025994466145832007
417,27.37367923503234,96,2240,122,5,0,,27.37367923503234,256,0.5658311111111111,27.939510346143454,27.939510346143454,27.954954790587898,27.964725432908814,27.990904143846315,30.48645795244007,0.6172249088139736,3.1127787174077284,0.0,0.0,0.009770642320916068,0.026178710937500682
418,27.391283880555502,64,4224,103,5,0,,27.939510346143454,256,1.1228942222222222,29.062404568365675,29.062404568365675,29.088871235032343,29.090850921190064,29.11719442704944,30.77704164384632,1.7259105464939388,3.385757763290819,0.5482264655879519,0.0,0.001979686157721261,0.026343505859376393
419,27.53946886699829,64,4224,135,5,0,,29.062404568365675,256,1.1228942222222222,30.185298790587897,30.185298790587897,30.211765457254565,30.222798284471317,30.249162054002568,31.907448837275453,2.7096931870042766,4.367979970277162,1.522935701367384,0.0,0.011032827216752139,0.02636376953125108
420,27.54093400653489,160,704,36,2,0,2,27.54093400653489,512,0.06344533333333334,27.604379339868224,27.604379339868224,27.611290450979336,27.622644189051396,27.64858297078968,31.791889371343068,0.10764896425478909,4.250955364808178,0.0,0.0,0.011353738072060082,0.025938781738283012
421,27.58487536576366,160,2240,50,5,0,,30.185298790587897,256,0.5658311111111111,30.75112990169901,30.75112990169901,30.766574346143454,30.77704164384632,30.80326127275257,35.00584243943474,3.2183859069889102,7.4209670736710756,2.6004234248242355,0.0,0.010467297702867029,0.026219628906250847
422,27.61282282100942,96,2048,5,5,0,2,30.75112990169901,0,0.5830328888888889,31.334162790587897,31.334162790587897,31.348540568365674,31.35435648759632,31.380500408494758,33.89201187302849,3.7676775874853377,6.279189052019067,3.1383070806895894,0.0,0.005815919230645505,0.026143920898437756
423,27.65102579845353,128,2368,34,2,0,2,27.65102579845353,2176,0.06843733333333334,27.719463131786863,27.719463131786863,27.73561868734242,27.752385853392916,27.77839146862729,31.09834664673369,0.12736567017375933,3.4473208482801603,0.0,0.0,0.016767166050495774,0.026005615234375057
424,27.829747009368905,128,1664,4,6,0,6,27.829747009368905,1472,0.06632533333333333,27.896072342702237,27.896072342702237,27.90831678714668,27.933359154241145,27.959141673772397,31.240363231389594,0.1293946644034918,3.410616222020689,0.0,0.0,0.02504236709446417,0.025782519531251324
425,27.95147043106225,160,1408,25,6,0,6,27.95147043106225,1216,0.06555733333333334,28.017027764395586,28.017027764395586,28.02784998661781,28.036492162053648,28.062260472600524,32.16861982318647,0.11079004153827299,4.217149392124217,0.0,0.0,0.00864217543583834,0.02576831054687645
426,27.951690960894982,128,2304,46,6,0,6,28.017027764395586,2112,0.06824533333333334,28.08527309772892,28.08527309772892,28.101073097728918,28.113798558538026,28.13961908030142,31.42146772357709,0.18792811940643617,3.469776762682109,0.06533680350060322,0.0,0.012725460809107858,0.02582052176339289
427,27.969631312082527,160,1664,0,3,0,3,27.969631312082527,1536,0.04854755555555555,28.01817886763808,28.01817886763808,28.030423312082526,28.050675125549883,28.076544824210597,32.188493129758406,0.10691351212807021,4.218861817675879,0.0,0.0,0.020251813467357493,0.025869698660713425
428,27.997835768425592,96,704,152,7,0,7,27.997835768425592,512,0.06344533333333334,28.061281101758926,28.061281101758926,28.068192212870038,28.0741069638028,28.099536488542384,30.54550457122468,0.1017007201167921,2.5476688027990875,0.0,0.0,0.005914750932763724,0.025429524739582376
429,28.102175037573588,64,5248,3,0,0,0,28.102175037573588,5120,0.05929955555555556,28.161474593129142,28.161474593129142,28.193630148684697,28.21942198422403,28.24667393734903,29.949016873546938,0.14449889977544217,1.8468418359733505,0.0,0.0,0.02579183553933362,0.027251953124999062
430,28.106482398936247,128,1664,0,3,0,3,28.106482398936247,1536,0.04854755555555555,28.155029954491802,28.155029954491802,28.167274398936247,28.180028501665955,28.20589318672455,31.490625047076115,0.09941078778830104,3.3841426481398678,0.0,0.0,0.01275410272970845,0.025864685058593295
431,28.113973849371387,64,1536,9,7,0,7,28.113973849371387,1344,0.06594133333333334,28.179915182704722,28.179915182704722,28.191448516038054,28.201259470313218,28.226770944922592,29.848264865821033,0.11279709555120476,1.734291016449646,0.0,0.0,0.009810954275163652,0.025511474609373863
432,28.146271379483924,128,4608,7,4,0,4,28.146271379483924,4416,0.07515733333333334,28.221428712817257,28.221428712817257,28.250028712817258,28.276369351524227,28.303287503379696,31.701732938725055,0.15701612389577235,3.555461559241131,0.0,0.0,0.026340638706969344,0.026918151855468864
433,28.254361272167298,128,5248,3,0,0,0,28.254361272167298,5120,0.05929955555555556,28.313660827722853,28.313660827722853,28.345816383278407,28.35568663266153,28.38300264828653,31.792008351876547,0.12864137611923354,3.5376470797092487,0.0,0.0,0.009870249383123308,0.027316015625000745
434,28.27417870064703,160,2240,94,1,0,1,28.27417870064703,2048,0.06805333333333334,28.342232033980366,28.342232033980366,28.35767647842481,28.378354910449673,28.405100821094205,32.601609559584716,0.130922120447174,4.327430858937685,0.0,0.0,0.020678432024862303,0.026745910644532245
435,28.334405226735722,160,2432,38,7,0,7,28.334405226735722,2240,0.06862933333333333,28.403034560069056,28.403034560069056,28.419545671180167,28.430880319922593,28.456530515235094,32.59735393645905,0.12212528849937243,4.262948709723329,0.0,0.0,0.011334648742426623,0.025650195312501012
436,28.400422389808828,160,1344,33,2,0,2,28.400422389808828,1152,0.06536533333333333,28.46578772314216,28.46578772314216,28.476254389808826,28.48129108962803,28.507395256294696,32.64182950806182,0.10697286648586868,4.24140711825299,0.0,0.0,0.00503669981920396,0.026104166666666373
437,28.622306143317697,128,2368,30,4,0,4,28.622306143317697,2176,0.06843733333333334,28.69074347665103,28.69074347665103,28.706899032206586,28.707118374961727,28.73395881549992,32.127706222765234,0.11165267218222397,3.5054000794475364,0.0,0.0,0.00021934275514112755,0.026840440538194343
438,28.71641389875627,160,2560,18,0,0,0,28.71641389875627,2368,0.06901333333333334,28.785427232089603,28.785427232089603,28.802649454311826,28.81922901547403,28.84628331234903,33.0919502464078,0.12986941359276116,4.375536347651529,0.0,0.0,0.01657956116220305,0.027054296875000716
439,28.767235937512318,96,4288,55,1,0,1,28.767235937512318,4096,0.07419733333333334,28.841433270845652,28.841433270845652,28.868255493067874,28.88599658176664,28.912745238993203,31.44775636948055,0.14550930148088526,2.680520431968233,0.0,0.0,0.01774108869876656,0.0267486572265625
440,28.787049320496305,160,4480,23,4,0,4,28.787049320496305,4288,0.07477333333333333,28.861822653829638,28.861822653829638,28.889711542718526,28.894859554897245,28.921796241095162,33.1718196784014,0.1347469205988574,4.384770357905094,0.0,0.0,0.005148012178718631,0.026936686197917226
441,28.859812581823597,128,4672,7,4,0,4,28.861822653829638,4480,0.07534933333333334,28.93717198716297,28.93717198716297,28.966127542718525,28.975671078334745,29.002658243513316,32.39562370323399,0.14284566168971935,3.53581112141039,0.002010072006040531,0.0,0.009543535616220566,0.02698716517857136
442,28.895653602905426,128,2176,1,0,0,0,28.895653602905426,2048,0.050083555555555555,28.945737158460982,28.945737158460982,28.960826047349872,28.98156212094278,29.00845355974486,32.399846242501546,0.11279995683943511,3.50419263959612,0.0,0.0,0.02073607359290719,0.02689143880208178
443,28.951283172816506,128,2368,26,4,0,4,28.951283172816506,2176,0.06843733333333334,29.019720506149838,29.019720506149838,29.035876061705395,29.056634038714208,29.08351862123374,32.47577304754202,0.13223544841723367,3.5244898747255142,0.0,0.0,0.0207579770088131,0.026884582519532074
444,29.16972079170361,160,3072,6,5,0,5,31.334162790587897,2880,0.07054933333333334,31.40471212392123,31.40471212392123,31.424778790587894,31.43278971513538,31.45900602372913,35.66825396287224,2.28928523202552,6.498533171168631,2.1644419988842856,0.0,0.008010924547487974,0.02621630859374946
445,29.284956926622826,160,4096,22,7,0,4,29.284956926622826,0,1.1580657777777779,30.443022704400605,30.443022704400605,30.46877825995616,30.493308811133534,30.519514214779367,34.70004402609354,1.234557288156541,5.415087099470718,0.0,0.0,0.02453055117737435,0.026205403645832348
446,29.31301310851501,160,5248,3,0,0,0,29.31301310851501,5120,0.05929955555555556,29.372312664070563,29.372312664070563,29.404468219626118,29.41115554542194,29.438043973156315,33.68096998692119,0.12503086464130675,4.367956878406183,0.0,0.0,0.00668732579582354,0.02688842773437372
447,29.34812700934203,64,3136,6,5,0,5,31.40471212392123,2944,0.07074133333333334,31.475453457254563,31.475453457254563,31.495875679476786,31.511440105760382,31.537886004197883,33.204077225404795,2.189758994855854,3.855950216062766,2.0565851145791996,0.0,0.015564426283596333,0.026445898437501114
448,29.372937316293868,160,1216,16,4,0,4,29.372937316293868,1024,0.06498133333333334,29.4379186496272,29.4379186496272,29.447674205182757,29.459954046038426,29.48670171313912,33.7296854987139,0.11376439684525153,4.356748182420031,0.0,0.0,0.012279840855669022,0.026747667100693207
449,29.44334829684717,128,4736,7,4,0,4,29.44334829684717,4544,0.07554133333333334,29.518889630180503,29.518889630180503,29.548200741291613,29.566890894996757,29.593652613746755,32.9850667487139,0.1503043168995859,3.5417184518667284,0.0,0.0,0.01869015370514404,0.026761718749998664
450,29.44717201480322,160,1728,5,2,0,2,29.44717201480322,1408,0.10207288888888888,29.549244903692106,29.549244903692106,29.561844903692105,29.5857352953572,29.61196861241449,33.71898141235869,0.16479659761127152,4.271809397555469,0.0,0.0,0.023890391665094768,0.02623331705729015
451,29.460354735416793,64,1600,13,6,0,6,29.460354735416793,1408,0.06613333333333334,29.526488068750126,29.526488068750126,29.538376957639016,29.56084606830365,29.586687083928652,31.21449201556928,0.12633234851185904,1.754137280152488,0.0,0.0,0.022469110664633973,0.025841015625001518
452,29.48113074873112,160,3200,2,4,0,4,29.518889630180503,3072,0.05315555555555555,29.57204518573606,29.57204518573606,29.592822963513836,29.593652613746755,29.62039485007488,33.863679273127964,0.13926410134376255,4.382548524396846,0.037758881449384774,0.0,0.0008296502329194766,0.026742236328125557
453,29.500294254085436,128,2240,142,2,0,2,29.549244903692106,2048,0.06805333333333334,29.61729823702544,29.61729823702544,29.632742681469885,29.638202417753032,29.664416633712854,32.95057198853057,0.16412237962741827,3.450277734445134,0.04895064960667028,0.0,0.005459736283146555,0.026214215959821985
454,29.57958683912349,160,704,52,7,0,7,30.443022704400605,512,0.06344533333333334,30.50646803773394,30.50646803773394,30.51337914884505,30.519514214779367,30.54550457122468,34.72625238267837,0.9659177321011896,5.146665543554878,0.8634358652771148,0.0,0.006135065934316231,0.025990356445312557
455,29.610716748390374,160,4288,71,7,0,,30.50646803773394,256,1.140864,31.64733203773394,31.64733203773394,31.67415425995616,31.69836687591218,31.724799615169992,35.9104588128774,2.1140828667796185,6.2997420644870274,0.8957512893435648,0.0,0.024212615956017203,0.026432739257813864
456,29.875263823152874,96,4288,139,7,0,,31.64733203773394,256,1.140864,32.78819603773394,32.78819603773394,32.81501825995616,32.8359667294278,32.862626397396554,35.35854730455337,2.9873625742436793,5.483283481400495,1.772068214581065,0.0,0.020948469471640863,0.026659667968750966
457,29.91043326799609,64,1344,17,6,0,6,29.91043326799609,1152,0.06536533333333333,29.975798601329423,29.975798601329423,29.98626526799609,30.00020974017865,30.026026878850526,31.652940868108345,0.11559361085443598,1.7425076001122548,0.0,0.0,0.013944472182561896,0.02581713867187574
458,29.943347758025205,64,704,40,5,0,5,31.475453457254563,512,0.06344533333333334,31.538898790587897,31.538898790587897,31.54580990169901,31.564332390916633,31.590595411749966,33.25689275274854,1.6472476537247616,3.313544994723337,1.5321056992293585,0.0,0.018522489217623672,0.026263020833333428
459,30.06114158641268,96,1600,9,7,0,7,32.78819603773394,1408,0.06613333333333334,32.85432937106727,32.85432937106727,32.86621825995616,32.889286553646556,32.915771319271556,35.41093568345962,2.854629732858875,5.349794097046939,2.7270544513212585,0.0,0.023068293690393205,0.026484765624999795
460,30.101264768081993,64,2304,98,4,0,4,30.101264768081993,2112,0.06824533333333334,30.169510101415327,30.169510101415327,30.185310101415325,30.2089449612945,30.235588461728526,31.914471708256308,0.1343236936465324,1.8132069401743145,0.0,0.0,0.023634859879173575,0.026643500434026635
461,30.33030637147309,128,512,3,7,0,0,32.85432937106727,0,0.15175822222222224,33.00608759328949,33.00608759328949,33.011932037733935,33.02171526458406,33.047996270443434,36.37590241232402,2.7176898989703453,6.045596040850928,2.524022999594184,0.0,0.009783226850125004,0.026281005859374318
462,30.57507127980919,128,1152,129,0,0,,30.57507127980919,256,0.2603448888888889,30.835416168698078,30.835416168698078,30.844816168698078,30.86316116065631,30.88978977393756,34.271207733386966,0.31471849412837116,3.6961364535777754,0.0,0.0,0.018344991958233692,0.026628613281250324
463,30.70022347285328,128,1216,121,2,0,2,30.70022347285328,1024,0.06498133333333334,30.765204806186613,30.765204806186613,30.77496036174217,30.788661262619108,30.814476285405565,34.076319791264936,0.1142528125522837,3.376096318411655,0.0,0.0,0.013700900876937538,0.025815022786456865
464,30.737707659029404,64,4288,67,5,0,5,31.538898790587897,4096,0.07419733333333334,31.61309612392123,31.61309612392123,31.639918346143453,31.64312291826038,31.66950587026931,33.336464204571456,0.9317982112399079,2.5987565455420523,0.8011911315584932,0.0,0.0032045721169282615,0.02638295200893026
465,30.802345889164666,128,704,108,1,0,1,30.802345889164666,512,0.06344533333333334,30.865791222498,30.865791222498,30.872702333609112,30.893995871433678,30.920440573582116,34.20233880763159,0.11809468441744997,3.399992918466925,0.0,0.0,0.021293537824565334,0.026444702148438637
466,30.848136737550295,128,1664,0,3,0,3,30.848136737550295,1536,0.04854755555555555,30.89668429310585,30.89668429310585,30.908928737550294,30.9218602358782,30.947708054888615,34.23220734688081,0.09957131733832014,3.384070609330518,0.0,0.0,0.012931498327905189,0.025847819010415662
467,30.91105339453787,160,2176,1,0,0,0,30.91105339453787,2048,0.050083555555555555,30.961136950093426,30.961136950093426,30.976225838982316,30.99630910987506,31.022845405447978,35.26137376296286,0.11179201091010782,4.350320368424992,0.0,0.0,0.02008327089274431,0.026536295572917368
468,30.96233147756173,160,768,36,2,0,2,30.96233147756173,576,0.06363733333333334,31.025968810895062,31.025968810895062,31.03323547756173,31.04683346313994,31.07258981079619,35.14211373657745,0.11025833323446221,4.17978225901572,0.0,0.0,0.013597985578211791,0.025756347656251677
469,31.054199672734168,96,1088,8,7,0,7,33.00608759328949,896,0.06459733333333334,33.070684926622825,33.070684926622825,33.079729371067266,33.10055974700594,33.12673490046576,35.62171470480449,2.0725352277315956,4.567515032070322,1.9518879205553255,0.0,0.02083037593867232,0.026175153459824685
470,31.07907865594031,64,4288,119,7,0,,33.070684926622825,256,1.140864,34.211548926622825,34.211548926622825,34.23837114884505,34.25272841330058,34.279037190156046,35.9364412347524,3.1999585342157353,4.85736257881209,1.9916062706825137,0.0,0.014357264455533425,0.02630877685546551
471,31.094728905003056,160,4096,102,7,0,,34.211548926622825,0,1.1580657777777779,35.369614704400604,35.369614704400604,35.39537025995616,35.41093568345962,35.43736498033462,39.567361316798426,4.342636075331566,8.47263241179537,3.1168200216197697,0.0,0.015565423503460352,0.026429296875001285
472,31.438548368854836,64,2176,1,0,0,0,31.438548368854836,2048,0.050083555555555555,31.48863192441039,31.48863192441039,31.50372081329928,31.527127794770895,31.55360477579768,33.225297763148866,0.1150564069428448,1.7867493942940307,0.0,0.0,0.02340698147161291,0.02647698102678575
473,31.47301785008624,96,3200,6,5,0,5,31.61309612392123,3008,0.07093333333333333,31.684029457254564,31.684029457254564,31.70480723503234,31.722273239130917,31.74867991637701,34.26332290818474,0.2756620662907707,2.7903050580985003,0.14007827383499105,0.0,0.01746600409857635,0.02640667724609358
474,31.474070407108062,128,4352,67,5,0,5,31.684029457254564,4160,0.07438933333333334,31.758418790587896,31.758418790587896,31.785596568365673,31.80149473571295,31.8279825286817,35.19202740037224,0.3539121215736394,3.7179569932641776,0.20995905014650162,0.0,0.015898167347277337,0.026487792968751478
475,31.51261292521333,160,2176,1,0,0,0,31.51261292521333,2048,0.050083555555555555,31.562696480768885,31.562696480768885,31.577785369657775,31.580082245105714,31.606508270496338,35.846439843692025,0.09389534528300914,4.333826918478696,0.0,0.0,0.0022968754479393283,0.026426025390623664
476,31.52763452290853,160,640,56,1,0,,31.52763452290853,256,0.11658666666666667,31.644221189575198,31.644221189575198,31.650776745130752,31.653785666355553,31.67939373927222,35.822055360365965,0.15175921636368983,4.294420837457434,0.0,0.0,0.003008921224800787,0.025608072916668334
477,31.568058335464105,128,5248,3,0,0,0,31.568058335464105,5120,0.05929955555555556,31.62735789101966,31.62735789101966,31.659513446575215,31.685789276355713,31.712343312814046,35.10223543986018,0.1442849773499404,3.5341771043960755,0.0,0.0,0.026275829780498583,0.02655403645833232
478,31.643170931351957,96,1664,13,6,0,6,31.643170931351957,1472,0.06632533333333333,31.70949626468529,31.70949626468529,31.721740709129733,31.730209911077097,31.755994823186473,34.209967479436465,0.11282389183451613,2.5667965480845076,0.0,0.0,0.008469201947363558,0.02578491210937628
479,31.643462305797655,96,1664,0,3,0,3,31.643462305797655,1536,0.04854755555555555,31.69200986135321,31.69200986135321,31.704254305797654,31.72329570137299,31.749136358925075,34.206058543169874,0.1056740531274194,2.562596237372219,0.0,0.0,0.019041395575335684,0.025840657552084423
480,31.68528850361468,128,4096,10,1,0,2,31.68528850361468,0,1.1580657777777779,32.84335428139246,32.84335428139246,32.86910983694801,32.88052240138159,32.90642816310034,36.2567441624493,1.221139659485658,4.571455658834623,0.0,0.0,0.011412564433577188,0.02590576171874659
481,31.800868607860473,160,1664,9,7,0,7,35.369614704400604,1472,0.06632533333333333,35.435940037733936,35.435940037733936,35.44818448217838,35.463794765490874,35.49012207668879,39.61914403164217,3.689253468828319,7.818275423781699,3.5687460965401314,0.0,0.015610283312497586,0.026327311197917425
482,31.950896118972135,64,3200,2,4,0,4,31.950896118972135,3072,0.05315555555555555,32.00405167452769,32.00405167452769,32.02482945230547,32.04776237510899,32.074409836046485,33.75648054265921,0.12351371707434922,1.8055844236870762,0.0,0.0,0.022932922803519773,0.026647460937496703
483,32.012182143989975,64,4800,7,4,0,4,32.012182143989975,4608,0.07573333333333333,32.08791547732331,32.08791547732331,32.11758214398997,32.127706222765234,32.154495773546486,33.837070386409216,0.1423136295565115,1.8248882424192416,0.0,0.0,0.010124078775263001,0.026789550781252558
484,32.09065306160503,64,1664,0,3,0,3,32.09065306160503,1536,0.04854755555555555,32.13920061716059,32.13920061716059,32.15144506160503,32.16265328600841,32.188493129758406,33.81610795723237,0.0978400681533742,1.7254548956273368,0.0,0.0,0.011208224403375766,0.025839843749999147
485,32.150989822450164,128,4288,135,5,0,5,32.150989822450164,4096,0.07419733333333334,32.225187155783495,32.225187155783495,32.25200937800572,32.277292709345765,32.3037885318284,35.66825396287224,0.15279870937823858,3.5172641404220784,0.0,0.0,0.025283331340048676,0.026495822482637266
486,32.24591734829812,160,3200,6,5,0,5,32.24591734829812,3072,0.05315555555555555,32.29907290385368,32.29907290385368,32.31985068163146,32.33028484259229,32.35678821173292,36.55121278448682,0.11087086343479768,4.3052954361887,0.0,0.0,0.010434160960834049,0.026503369140627342
487,32.28784114935669,64,5248,3,0,0,0,32.28784114935669,5120,0.05929955555555556,32.34714070491224,32.34714070491224,32.3792962604678,32.399846242501546,32.42645952375155,34.110601776355715,0.13861837439485925,1.8227606269990275,0.0,0.0,0.02054998203374936,0.026613281250000398
488,32.63443602958697,128,960,20,2,0,2,32.63443602958697,768,0.06421333333333333,32.69864936292031,32.69864936292031,32.70698269625364,32.71914542603057,32.74485753540557,35.978779752202456,0.1104215058186,3.344343722615484,0.0,0.0,0.012162729776932224,0.025712109375000125
489,32.691290040388296,160,1664,0,3,0,3,32.691290040388296,1536,0.04854755555555555,32.739837595943854,32.739837595943854,32.752082040388295,32.75672441231049,32.78255326973237,36.91061645972029,0.09126322934407227,4.219326419331992,0.0,0.0,0.0046423719221948545,0.025828857421878126
490,32.82226343856158,96,4224,147,3,0,,32.82226343856158,256,1.1228942222222222,33.9451576607838,33.9451576607838,33.97162432745046,33.99707231270112,34.02322844063081,36.49693398204171,1.200965002069232,3.674670543480133,0.0,0.0,0.025447985250657723,0.026156127929688466
491,32.838206276421246,160,896,28,5,0,5,32.838206276421246,704,0.06402133333333333,32.90222760975458,32.90222760975458,32.91020538753236,32.91347175665479,32.93988799422581,37.111079483705566,0.10168171780456703,4.27287320728432,0.0,0.0,0.0032663691224357194,0.026416237571019963
492,32.92197491670262,160,3200,2,4,0,4,32.92197491670262,3072,0.05315555555555555,32.97513047225817,32.97513047225817,32.99590825003595,33.01176352605765,33.03843833074515,37.249666997504825,0.11646341404253491,4.327692080802208,0.0,0.0,0.01585527602169634,0.026674804687502274
493,33.440978994561775,96,5248,3,0,0,0,33.440978994561775,5120,0.05929955555555556,33.50027855011733,33.50027855011733,33.532434105672884,33.54653604439887,33.573421856340836,36.11337490228578,0.13244286177906162,2.6723959077240025,0.0,0.0,0.014101938725985974,0.026885811941966153
494,33.628883327449145,64,2496,38,7,0,7,35.435940037733936,2304,0.06882133333333333,35.50476137106727,35.50476137106727,35.52162803773393,35.542778163928375,35.56909122196409,37.2059740397309,1.9402078945149412,3.577090712281752,1.8070567102847903,0.0,0.02115012619444201,0.02631305803571138
495,33.68069275295347,96,5248,3,0,0,0,33.68069275295347,5120,0.05929955555555556,33.739992308509024,33.739992308509024,33.77214786406458,33.78802434890036,33.81490311564143,36.351270336856096,0.13421036268795916,2.6705775839026273,0.0,0.0,0.01587648483577908,0.026878766741070592
496,33.7286816310464,160,2624,14,7,0,7,35.50476137106727,2432,0.06920533333333334,35.573966704400604,35.573966704400604,35.591544482178385,35.59540476828105,35.62171470480449,39.748611194728106,1.8930330737580903,6.019929563681707,1.7760797400208688,0.0,0.003860286102664645,0.026309936523439603
497,33.92391617748662,96,1216,41,4,0,4,33.92391617748662,1024,0.06498133333333334,33.98889751081995,33.98889751081995,33.99865306637551,34.023155347346716,34.049242749690464,36.55669071983555,0.12532657220384635,2.6327745423489333,0.0,0.0,0.024502280971205437,0.026087402343748067
498,34.01879678796059,160,1664,0,3,0,3,34.01879678796059,1536,0.04854755555555555,34.06734434351615,34.06734434351615,34.07958878796059,34.10169975410737,34.12778871895112,38.25517855281925,0.10899193099053406,4.236381764858663,0.0,0.0,0.02211096614678354,0.026088964843751228
499,34.07132687193747,64,1280,41,4,0,4,34.07132687193747,1088,0.06517333333333333,34.136500205270806,34.136500205270806,34.146611316381914,34.15359724187796,34.17953213771129,35.83949757844324,0.10820526577381884,1.7681707065057708,0.0,0.0,0.0069859254960462636,0.02593489583333053
500,34.07488588587675,128,4480,15,1,0,1,34.07488588587675,4288,0.07477333333333333,34.149659219210086,34.149659219210086,34.177548108098975,34.20233880763159,34.22886322169409,37.64595884343888,0.15397733581733775,3.57107295756213,0.0,0.0,0.024790699532616145,0.026524414062500057
501,34.08245801076865,128,4224,95,6,0,,34.08245801076865,256,1.1228942222222222,35.20535223299087,35.20535223299087,35.23181889965753,35.23181889965753,35.25888139965753,38.65939214184503,1.1764233888888853,4.576934131076385,0.0,0.0,0.0,0.027062499999999545
502,34.13612372194684,96,256,45,2,0,1,34.13612372194684,0,0.07987911111111111,34.21600283305795,34.21600283305795,34.220425055280174,34.22910885376494,34.25446155558786,36.66419820923371,0.11833783364102146,2.5280744872868723,0.0,0.0,0.008683798484767635,0.025352701822917822
503,34.15561758632685,128,1664,0,3,0,3,34.15561758632685,1536,0.04854755555555555,34.204165141882406,34.204165141882406,34.21640958632685,34.23220734688081,34.258341013873,37.55699202938175,0.10272342754615238,3.4013744430549053,0.0,0.0,0.015797760553965645,0.026133666992187443
504,34.3542714666141,128,1664,0,3,0,3,34.3542714666141,1536,0.04854755555555555,34.40281902216966,34.40281902216966,34.4150634666141,34.41515326973237,34.44122543770112,37.73799398250675,0.08695397108701997,3.38372251589265,0.0,0.0,8.98031182714476e-05,0.026072167968749227
505,34.38226314448407,160,4864,7,4,0,4,34.38226314448407,4672,0.07592533333333334,34.4581884778174,34.4581884778174,34.48821070003962,34.49078897364879,34.517088656265976,38.757234217556906,0.13482551178190505,4.374971073072835,0.0,0.0,0.00257827360916707,0.026299682617185738
506,34.39839086893247,96,4928,7,4,0,4,34.4581884778174,4736,0.07611733333333334,34.53430581115074,34.53430581115074,34.56468358892852,34.5696894863441,34.59621165431285,37.11717371137201,0.1978207853803795,2.7187828424395377,0.05979760888492791,0.0,0.0050058974155859914,0.026522167968749955
507,34.43633386434903,96,2176,1,0,0,0,34.43633386434903,2048,0.050083555555555555,34.48641741990458,34.48641741990458,34.50150630879347,34.514209491199466,34.541055438465094,37.055499462832664,0.10472157411606275,2.619165598483633,0.0,0.0,0.012703182405992663,0.0268459472656275
508,34.5502442245247,64,2176,1,0,0,0,34.5502442245247,2048,0.050083555555555555,34.60032778008025,34.60032778008025,34.61541666896914,34.621596209949466,34.648331910284284,36.32480585931703,0.09808768575958737,1.7745616347923345,0.0,0.0,0.006179540980326692,0.02673570033481809
509,34.66187368098684,64,1344,41,4,0,4,34.66187368098684,1152,0.06536533333333333,34.72723901432017,34.72723901432017,34.737705680986835,34.7553549160316,34.78173561264618,36.45012333702305,0.11986193165934367,1.7882496560362142,0.0,0.0,0.017649235044764566,0.026380696614580756
510,34.7379207220984,96,1664,0,3,0,3,34.7379207220984,1536,0.04854755555555555,34.78646827765396,34.78646827765396,34.7987127220984,34.80628705879487,34.832322052284454,37.29842757625675,0.09440133018605223,2.560506854158348,0.0,0.0,0.007574336696471562,0.02603499348958138
511,34.769628838116915,64,4992,7,4,0,4,34.769628838116915,4800,0.07630933333333334,34.84593817145025,34.84593817145025,34.87667150478358,34.887263281917015,34.91379704307773,36.58350085980951,0.14416820496081328,1.813872021692596,0.0,0.0,0.010591777133434732,0.02653376116071371
512,34.80959392829756,64,2176,1,0,0,0,34.80959392829756,2048,0.050083555555555555,34.85967748385311,34.85967748385311,34.874766372742,34.888975185953925,34.915631008707834,36.58602143548891,0.1060370804102746,1.7764275071913502,0.0,0.0,0.014208813211922688,0.02665582275390932
513,34.93380490031878,96,1408,41,4,0,4,34.93380490031878,1216,0.06555733333333334,34.999362233652114,34.999362233652114,35.01018445587434,35.01993697053309,35.04636708527918,37.56766260297358,0.11256218496039594,2.633857702654794,0.0,0.0,0.009752514658750044,0.02643011474609125
514,35.14862463238046,96,1408,49,7,0,7,35.573966704400604,1216,0.06555733333333334,35.639524037733935,35.639524037733935,35.65034625995616,35.67454527121074,35.70087022238261,38.16459620720642,0.5522455900021512,3.0159715748259615,0.4253420720201433,0.0,0.024199011254580682,0.026324951171872613
515,35.21730374506461,160,4224,143,6,0,,35.21730374506461,256,1.1228942222222222,36.340197967286834,36.340197967286834,36.3666646339535,36.36886430981379,36.39593706372004,40.60864020115604,1.1786333186554288,5.39133645609143,0.0,0.0,0.002199675860289574,0.02707275390625341
516,35.21768185214743,96,1664,0,3,0,3,35.21768185214743,1536,0.04854755555555555,35.26622940770299,35.26622940770299,35.27847385214743,35.301035431190705,35.32704659190499,37.789705408288,0.10936473975755945,2.5720235561405715,0.0,0.0,0.022561579043276936,0.02601116071428322
517,35.24059101422303,160,1664,0,3,0,3,35.26622940770299,1536,0.04854755555555555,35.314776963258545,35.314776963258545,35.327021407702986,35.32704659190499,35.35303334727608,39.47070687313175,0.11244233305305329,4.230115858908725,0.025638393479958665,0.0,2.5184202002037637e-05,0.025986755371093295
518,35.294659049640345,64,1664,4,6,0,6,36.340197967286834,1536,0.04854755555555555,36.38874552284239,36.38874552284239,36.40098996728683,36.42301030590754,36.44966362622004,38.122834524657534,1.1550045765796924,2.82817547501719,1.045538917646489,0.0,0.02202033862070607,0.026653320312497897
519,35.30360141848541,128,832,48,2,0,2,35.30360141848541,640,0.06382933333333334,35.36743075181874,35.36743075181874,35.37505297404096,35.395424283452456,35.42078219360871,38.68477179515571,0.11718077512330183,3.3811703766703047,0.0,0.0,0.020371309411494565,0.025357910156252217
520,35.50762823516601,64,256,28,7,0,5,35.639524037733935,0,0.07987911111111111,35.719403148845046,35.719403148845046,35.72382537106727,35.72719566183574,35.75338815315518,37.386932513630036,0.24575991798916874,1.8793042784640264,0.1318958025679251,0.0,0.0033702907684656225,0.026192491319442013
521,35.572785286578,96,4544,15,1,0,1,35.572785286578,4352,0.07496533333333334,35.64775061991133,35.64775061991133,35.675995064355774,35.68845794825659,35.71517645411597,38.30020493718889,0.14239116753797276,2.7274196506108908,0.0,0.0,0.012462883900816735,0.026718505859378183
522,35.5861087680532,128,512,19,7,0,6,35.719403148845046,0,0.15175822222222224,35.87116137106727,35.87116137106727,35.87700581551171,35.88435793397115,35.9104588128774,39.2022946664078,0.32435004482420027,3.616185898354601,0.1332943807918454,0.0,0.007352118459444057,0.02610087890624868
523,35.75385474766795,64,1344,61,7,0,7,35.87116137106727,1152,0.06536533333333333,35.9365267044006,35.9365267044006,35.946993371067265,35.96228138367818,35.98810153341776,37.62006459370816,0.23424678574981073,1.8662098460402063,0.11730662339931541,0.0,0.015288012610916724,0.025820149739580245
524,36.02660634782361,64,2048,1,6,0,0,36.38874552284239,0,0.5830328888888889,36.97177841173128,36.97177841173128,36.98615618950905,37.00949614575129,37.03599419262629,38.712863984292945,1.0093878448026814,2.6862576364693354,0.36213917501878257,0.0,0.023339956242239168,0.026498046874998238
525,36.03147131731968,64,1280,21,2,0,2,36.03147131731968,1088,0.06517333333333333,36.09664465065301,36.09664465065301,36.10675576176412,36.1305155920462,36.155917935796204,37.77778019746846,0.12444661847652583,1.7463088801487814,0.0,0.0,0.023759830282081396,0.025402343750002387
526,36.036705480589404,96,2688,14,7,0,7,36.036705480589404,2496,0.06939733333333334,36.10610281392274,36.10610281392274,36.12403614725607,36.14303268576151,36.16890514669901,38.63170786085225,0.13219966610960654,2.595002380262848,0.0,0.0,0.018996538505440697,0.025872460937499397
527,36.1038130429136,128,768,40,5,0,5,36.1038130429136,576,0.06363733333333334,36.16745037624693,36.16745037624693,36.1747170429136,36.18946978318474,36.21530539516391,39.49659999151807,0.11149235225030907,3.392786948604467,0.0,0.0,0.014752740271141818,0.025835611979168505
528,36.14355067523427,64,2176,1,0,0,0,36.14355067523427,2048,0.050083555555555555,36.193634230789826,36.193634230789826,36.208723119678716,36.21924941400453,36.24563779291078,37.89606489252016,0.10208711767650414,1.752514217285885,0.0,0.0,0.010526294325813979,0.026388378906247567
529,36.167442019199825,64,896,48,2,0,2,36.167442019199825,704,0.06402133333333333,36.23146335253316,36.23146335253316,36.23944113031094,36.257532193608704,36.28294515747589,37.9074388074945,0.11550313827606828,1.7399967882946754,0.0,0.0,0.018091063297767107,0.02541296386718983
530,36.17126856716526,64,2432,26,4,0,4,36.17126856716526,2240,0.06862933333333333,36.23989790049859,36.23989790049859,36.256409011609705,36.26448362755039,36.29100212120274,37.97171777875482,0.11973355403748087,1.8004492115895658,0.0,0.0,0.008074615940685703,0.02651849365234682
531,36.175169871093075,64,4224,99,6,0,,36.97177841173128,256,1.1228942222222222,38.0946726339535,38.0946726339535,38.121139300620165,38.122834524657534,38.14965776684503,39.82105970369398,1.974487895751956,3.6458898326009077,0.7966085406382035,0.0,0.0016952240373697691,0.026823242187496987
532,36.406723381514766,160,2048,0,6,0,3,38.0946726339535,0,0.5830328888888889,38.67770552284239,38.67770552284239,38.69208330062016,38.712863984292945,38.73959022127211,42.90692605419326,2.3328668397573438,6.5002026726784905,1.6879492524387345,0.0,0.02078068367278263,0.026726236979165208
533,36.423618606462384,128,1664,4,6,0,6,38.67770552284239,1536,0.04854755555555555,38.726253078397946,38.726253078397946,38.73849752284239,38.73959022127211,38.76608839021742,42.094620470154624,2.3424697837550355,5.67100186369224,2.254086916380004,0.0,0.001092698429722816,0.02649816894530943
534,36.42810814816965,128,2176,1,0,0,0,36.42810814816965,2048,0.050083555555555555,36.4781917037252,36.4781917037252,36.49328059261409,36.507778637637344,36.53385908197328,39.92351636666452,0.10575093380363398,3.495408218494873,0.0,0.0,0.01449804502325236,0.026080444335939035
535,36.599886341663314,128,4288,11,2,0,2,36.599886341663314,4096,0.07419733333333334,36.674083674996645,36.674083674996645,36.70090589721887,36.71520618449413,36.74110816203319,40.04095732091061,0.14122182036987851,3.441070979247293,0.0,0.0,0.01430028727526178,0.02590197753906409
536,36.651958164772296,128,1728,9,7,0,7,36.651958164772296,1536,0.06651733333333333,36.718475498105626,36.718475498105626,36.731075498105625,36.739100708764994,36.76503684157749,40.057524280665604,0.11307867680519479,3.4055661158933077,0.0,0.0,0.008025210659369009,0.025936132812496737
537,36.78753538003713,128,1664,4,6,0,6,38.726253078397946,1536,0.04854755555555555,38.774800633953504,38.774800633953504,38.787045078397945,38.79258704744398,38.81894886385023,42.147006017029625,2.031413483813104,5.359470636992498,1.9387176983608185,0.0,0.005541969046035433,0.026361816406250682
538,36.90657873148153,96,4224,127,6,0,,38.774800633953504,256,1.1228942222222222,39.897694856175725,39.897694856175725,39.92416152284239,39.92587318025648,39.95224935213148,42.435889433099504,3.0456706206499504,5.529310701617973,1.8682219024719728,0.0,0.0017116574140914054,0.02637617187500041
539,37.00597846745909,96,1792,5,2,0,2,37.00597846745909,1600,0.06670933333333334,37.07268780079242,37.07268780079242,37.08564335634798,37.10378711711132,37.12968955851757,39.5954084840663,0.12371109105848177,2.58943001660721,0.0,0.0,0.018143760763337013,0.025902441406252308
540,37.010189816416855,128,1664,0,3,0,3,37.010189816416855,1536,0.04854755555555555,37.05873737197241,37.05873737197241,37.070981816416854,37.09160531063175,37.1174563848505,40.40075683244166,0.10726656843364424,3.3905670160248036,0.0,0.0,0.020623494214895288,0.02585107421874966
541,37.090335033454245,64,768,52,7,0,7,37.090335033454245,576,0.06363733333333334,37.15397236678758,37.15397236678758,37.161239033454244,37.18008137282749,37.2059740397309,38.838855213282805,0.11563900627665191,1.7485201798285601,0.0,0.0,0.018842339373243533,0.025892666903409634
542,37.23186793895234,96,4608,15,1,0,1,37.23186793895234,4416,0.07515733333333334,37.30702527228568,37.30702527228568,37.335625272285675,37.3462070530743,37.37345477442847,39.95999668523576,0.14158683547612583,2.728128746283417,0.0,0.0,0.010581780788626816,0.027247721354164867
543,37.25117499924995,128,1152,8,7,0,7,37.25117499924995,960,0.06478933333333334,37.31596433258328,37.31596433258328,37.32536433258328,37.335266276059016,37.3610991507039,40.64796055996248,0.10992415145395285,3.39678556071253,0.0,0.0,0.009901943475739472,0.02583287464488393
544,37.30478806207071,96,2432,10,2,0,2,37.30478806207071,2176,0.0864071111111111,37.39119517318183,37.39119517318183,37.40770628429294,37.41464864054882,37.44060347453319,39.90955002459364,0.13581541246247752,2.604761962522929,0.0,0.0,0.006942356255876803,0.025954833984371817
545,37.37859405639483,64,4416,131,4,0,4,37.37859405639483,4224,0.07458133333333333,37.453175389728166,37.453175389728166,37.4807087230615,37.48776416547358,37.51439648969233,39.20839502484858,0.1358024332974992,1.8298009684537462,0.0,0.0,0.007055442412081447,0.0266323242187525
546,37.46838926920002,128,5248,3,0,0,0,37.46838926920002,5120,0.05929955555555556,37.52768882475557,37.52768882475557,37.55984438031113,37.57710102533266,37.60367866205141,41.02791993111765,0.13528939285139074,3.559530661917634,0.0,0.0,0.01725664502153279,0.026577636718748465
547,37.577423523316135,64,1792,9,7,0,7,37.577423523316135,1600,0.06670933333333334,37.64413285664947,37.64413285664947,37.65708841220503,37.6719256505658,37.697851285331424,39.3325827523453,0.12042776201528937,1.755159229029168,0.0,0.0,0.014837238360769334,0.025925634765627592
548,37.57810251270859,128,4416,19,6,0,6,39.897694856175725,4160,0.0923591111111111,39.99005396728683,39.99005396728683,40.017587300620164,40.03138079744398,40.05788860994398,43.379370243646385,2.4797860972353902,5.801267730937795,2.3195923434671357,0.0,0.013793496823815588,0.026507812500000227
549,37.59782421069512,64,960,48,2,0,2,37.59782421069512,768,0.06421333333333333,37.66203754402846,37.66203754402846,37.67037087736179,37.674218953048815,37.70010853173185,39.33410800392307,0.10228432103672702,1.7362837932279476,0.0,0.0,0.003848075687024277,0.025889578683035097
550,37.68615231249762,128,4224,63,1,0,,37.68615231249762,256,1.1228942222222222,38.80904653471984,38.80904653471984,38.835513201386505,38.84563950750138,38.87280918523576,42.255478618829514,1.1866568727381406,4.569326306331895,0.0,0.0,0.010126306114877082,0.02716967773437773
551,37.82894841770108,160,4288,103,5,0,5,37.82894841770108,4096,0.07419733333333334,37.90314575103441,37.90314575103441,37.92996797325663,37.94929237433057,37.97554359503369,42.18416664190869,0.14659517733261396,4.355218224207611,0.0,0.0,0.019324401073937736,0.02625122070312358
552,37.96309209042184,64,2304,50,5,0,5,37.96309209042184,2112,0.06824533333333334,38.03133742375517,38.03133742375517,38.04713742375517,38.05430018683057,38.08051063604932,39.73635243292431,0.11741854562747989,1.7732603425024749,0.0,0.0,0.007162763075399425,0.02621044921875182
553,37.96490962504321,160,1216,157,6,0,6,39.99005396728683,1024,0.06498133333333334,40.05503530062017,40.05503530062017,40.064790856175726,40.08439691072523,40.11077497992166,44.273362382318254,2.1458653548784454,6.308452757275042,2.025144342243621,0.0,0.019606054549505814,0.026378069196425713
554,37.996631483215396,160,1856,5,2,0,2,37.996631483215396,1664,0.06690133333333334,38.06353281654873,38.06353281654873,38.07684392765984,38.089631580932,38.11564053275492,42.262517818376196,0.11900904953952107,4.2658863351608005,0.0,0.0,0.012787653272162913,0.026008951822916515
555,37.99676161536856,64,256,2,2,0,4,38.06353281654873,0,0.07987911111111111,38.14341192765984,38.14341192765984,38.147834149882065,38.1676599012445,38.19354382981593,39.8307287965663,0.1967822144473672,1.8339671811977354,0.06677120118016688,0.0,0.019825751362432698,0.025883928571431625
556,38.00453427071278,160,5248,3,0,0,0,38.00453427071278,5120,0.05929955555555556,38.063833826268336,38.063833826268336,38.09598938182389,38.11070551752016,38.13778120111391,42.4197055756489,0.13324693040112834,4.415171304936116,0.0,0.0,0.014716135696268395,0.027075683593750455
557,38.11503083963442,128,512,6,2,0,5,38.14341192765984,0,0.15175822222222224,38.29517014988206,38.29517014988206,38.3010145943265,38.32297079689182,38.348778047868386,41.66031008667512,0.23374720823396444,3.545279247040696,0.028381088025419388,0.0,0.021956202565320382,0.025807250976562557
558,38.139925636442335,128,3200,2,4,0,4,38.139925636442335,3072,0.05315555555555555,38.19308119199789,38.19308119199789,38.21385896977567,38.217453374457946,38.24451180544753,41.580107967789424,0.10458616900519502,3.4401823313470885,0.0,0.0,0.0035944046822748987,0.027058430989583826
559,38.335406428847214,160,2496,10,2,0,2,38.335406428847214,2304,0.06882133333333333,38.40422776218055,38.40422776218055,38.42109442884721,38.42620273048557,38.45205743968696,42.6017043185622,0.11665101083974605,4.266297889714984,0.0,0.0,0.0051083016383586255,0.02585470920138988
560,38.36295577328157,128,1408,61,7,0,7,38.36295577328157,1216,0.06555733333333334,38.4285131066149,38.4285131066149,38.439335328837124,38.45015219678975,38.476087255383504,41.752930123764564,0.11313148210193447,3.3899743504829942,0.0,0.0,0.010816867952627263,0.025935058593752558
561,38.36628746217312,64,1728,13,6,0,6,40.05503530062017,1536,0.06651733333333333,40.1215526339535,40.1215526339535,40.1341526339535,40.137153537399335,40.1634656711884,41.80685240374837,1.7971782090152786,3.4405649415752535,1.6887478384470498,0.0,0.0030009034458373662,0.026312133789062386
562,38.46207348921326,160,2496,22,4,0,4,38.46207348921326,2240,0.0865991111111111,38.54867260032437,38.54867260032437,38.56553926699104,38.56925106326003,38.59610433474441,42.75845507762946,0.13403084553115008,4.296381588416203,0.0,0.0,0.0037117962689947603,0.026853271484377217
563,38.71693708005869,128,1408,17,6,0,6,40.1215526339535,1216,0.06555733333333334,40.18710996728683,40.18710996728683,40.197932189509054,40.21609140361027,40.24233543572833,43.56147620067764,1.5253983556696369,4.844539120618947,1.404615553894807,0.0,0.018159214101217458,0.026244032118057703
564,38.79412033693322,160,2624,18,0,0,0,38.79412033693322,2432,0.06920533333333334,38.863325670266555,38.863325670266555,38.880903448044336,38.89609858392642,38.92298627923892,43.19765507922963,0.12886594230570125,4.403534742296408,0.0,0.0,0.01519513588208099,0.026887695312503013
565,38.934832162264684,160,5248,3,0,0,0,38.934832162264684,5120,0.05929955555555556,38.99413171782024,38.99413171782024,39.02628727337579,39.03054194330142,39.05756655267642,43.33211796985462,0.12273439041173617,4.397285807589938,0.0,0.0,0.004254669925629173,0.02702460937499751
566,38.94517338880521,128,4352,11,2,0,2,38.94517338880521,4160,0.07438933333333334,39.019562722138545,39.019562722138545,39.046740499916325,39.04753449046821,39.073584186648766,42.39347450085387,0.12841079784355713,3.448301112048661,0.0,0.0,0.0007939905518838941,0.02604969618055719
567,38.948847201253265,96,960,12,4,0,4,38.948847201253265,768,0.06421333333333333,39.0130605345866,39.0130605345866,39.02139386791993,39.023834966254825,39.05019922406733,41.52787961492484,0.10135202281406208,2.5790324136715768,0.0,0.0,0.0024410983348914783,0.026364257812502956
568,38.994213678117205,96,4096,152,5,0,7,38.994213678117205,0,1.1580657777777779,40.152279455894984,40.152279455894984,40.17803501145054,40.197577042299315,40.22464466925244,42.734720157533694,1.2304309911352362,3.7405064794164886,0.0,0.0,0.019542030848775482,0.027067626953126478
569,39.0595779983441,64,5248,3,0,0,0,39.0595779983441,5120,0.05929955555555556,39.11887755389966,39.11887755389966,39.15103310945521,39.16566987298892,39.19278616530663,40.8938217458963,0.13320816696252535,1.8342437475521933,0.0,0.0,0.014636763533708574,0.02711629231770729
570,39.273599872214405,96,768,76,5,0,5,40.152279455894984,576,0.06363733333333334,40.21591678922832,40.21591678922832,40.22318345589498,40.22464466925244,40.251148412742026,42.760923282533696,0.9775485405276214,3.4873234103192914,0.8786795836805794,0.0,0.001461213357458746,0.026503743489584508
571,39.353393126204885,128,768,132,6,0,6,40.18710996728683,576,0.06363733333333334,40.25074730062016,40.25074730062016,40.25801396728683,40.26857995612763,40.29473796394013,43.61368892854222,0.9413448377352438,4.260295802337332,0.8337168410819444,0.0,0.010565988840802731,0.026158007812497885
572,39.39694327949459,160,2560,10,2,0,2,39.39694327949459,2368,0.06901333333333334,39.465956612827924,39.465956612827924,39.48317883505015,39.490862032243385,39.51700303701769,43.672069748249704,0.12005975752309439,4.275126468755111,0.0,0.0,0.007683197193237845,0.0261410047743027
573,39.437079853330665,128,1664,0,3,0,3,39.437079853330665,1536,0.04854755555555555,39.485627408886224,39.485627408886224,39.497871853330665,39.522422205163004,39.54825765438175,42.82749155621398,0.11117780105108466,3.3904117028833127,0.0,0.0,0.02455035183233889,0.025835449218746476
574,39.44933017087506,128,1024,12,4,0,4,39.44933017087506,832,0.06440533333333334,39.51373550420839,39.51373550420839,39.52242439309728,39.54766032432775,39.57361088585119,42.89006315054613,0.12428071497613047,3.4407329796710755,0.0,0.0,0.025235931230469077,0.025950561523437443
575,39.47701294879607,64,1920,5,2,0,2,39.47701294879607,1728,0.06709333333333334,39.544106282129405,39.544106282129405,39.55777294879607,39.56928651141005,39.5954084840663,41.24282850185369,0.11839553527022417,1.7658155530576138,0.0,0.0,0.011513562613977513,0.026121972656248715
576,39.52409405609041,160,5248,3,0,0,0,39.52409405609041,5120,0.05929955555555556,39.58339361164597,39.58339361164597,39.61554916720152,39.626713248639966,39.653900399867645,43.91819876586933,0.12980634377723277,4.394104709778915,0.0,0.0,0.011164081438444384,0.027187151227678896
577,39.53671838557398,128,3200,2,4,0,4,39.53671838557398,3072,0.05315555555555555,39.58987394112953,39.58987394112953,39.61065171890731,39.62551347374181,39.65158759483556,42.96949020132738,0.11486920926158461,3.432771815753405,0.0,0.0,0.014861754834498697,0.026074121093749625
578,39.5673119500161,96,2176,1,0,0,0,39.58339361164597,2048,0.050083555555555555,39.63347716720152,39.63347716720152,39.64856605609041,39.653900399867645,39.68094739693796,42.23072852486765,0.11363544692186167,2.663416574851553,0.016081661629868904,0.0,0.005334343777235517,0.02704699707031466
579,39.63011142979594,160,2176,1,0,0,0,39.63347716720152,2048,0.050083555555555555,39.68356072275707,39.68356072275707,39.69864961164596,39.70799488228952,39.73493335885202,43.99770236694354,0.10482192905607945,4.367590937147604,0.00336573740558066,0.0,0.009345270643557058,0.026938476562499147
580,39.6481711790691,160,1664,0,3,0,3,39.6481711790691,1536,0.04854755555555555,39.69671873462466,39.69671873462466,39.7089631790691,39.729119470788,39.754949874433834,43.859704260827066,0.10677869536473139,4.211533081757963,0.0,0.0,0.02015629171889799,0.02583040364583411
581,39.66998771800896,64,4096,38,5,0,7,40.21591678922832,0,1.1580657777777779,41.373982567006095,41.373982567006095,41.39973812256165,41.41779652472119,41.44444081183057,43.09998334112744,1.7744530938216059,3.4299956231184794,0.545929071219355,0.0,0.018058402159539355,0.026644287109377274
582,39.92472840937196,64,2176,1,0,0,0,39.92472840937196,2048,0.050083555555555555,39.97481196492751,39.97481196492751,39.9899008538164,40.00465149850046,40.03158823895185,41.72176001900828,0.10685982957988927,1.7970316096363206,0.0,0.0,0.014750644684056624,0.02693674045139005
583,39.943566976601744,64,704,104,5,0,,41.373982567006095,256,0.13455644444444445,41.50853901145054,41.50853901145054,41.515450122561646,41.52437660284619,41.55076234503369,43.20322162237744,1.6071953684319453,3.259654645775697,1.4304155904043512,0.0,0.008926480284543459,0.026385742187500227
584,39.99665629767354,64,1664,0,3,0,3,39.99665629767354,1536,0.04854755555555555,40.0452038532291,40.0452038532291,40.05744829767354,40.06495280412134,40.0907834925979,41.71690498511093,0.09412719492436139,1.7202486874373903,0.0,0.0,0.007504506447801873,0.025830688476560226
585,40.12718921876045,64,1664,0,3,0,3,40.12718921876045,1536,0.04854755555555555,40.17573677431601,40.17573677431601,40.18798121876045,40.19411112931665,40.219940133222906,41.84601352887023,0.09275091446245654,1.718824310109781,0.0,0.0,0.0061299105562042655,0.02582900390625298
586,40.15966385985137,64,1408,45,1,0,1,40.15966385985137,1152,0.08333511111111111,40.24299897096248,40.24299897096248,40.253821193184706,40.25793125554826,40.28431895086076,41.94150400945451,0.12465509100938732,1.7818401496031413,0.0,0.0,0.004110062363551492,0.026387695312500625
587,40.3158447401905,128,4096,10,5,0,2,41.50853901145054,0,1.1580657777777779,42.666604789228316,42.666604789228316,42.69236034478387,42.70834877081494,42.734720157533694,46.04858674398271,2.4188754173431946,5.732742003792211,1.192694271260038,0.0,0.015988426031071867,0.0263713867187505
588,40.512238298326835,64,1664,4,6,0,6,40.512238298326835,1536,0.04854755555555555,40.56078585388239,40.56078585388239,40.573030298326834,40.58250827644013,40.60864020115604,42.25192452831435,0.09640190282920713,1.7396862299875124,0.0,0.0,0.009477978113295649,0.02613192471591219
589,40.69376490384099,96,2048,84,1,0,,40.69376490384099,0,0.5830328888888889,41.27679779272988,41.27679779272988,41.291175570507654,41.31381992742326,41.34009141179826,43.81331823471492,0.6463265079572693,3.119553330873927,0.0,0.0,0.022644356915606068,0.02627148437500182
590,40.70853882448219,128,1152,149,3,0,,40.70853882448219,256,0.2603448888888889,40.96888371337108,40.96888371337108,40.97828371337108,40.9947952845901,41.020574679121346,44.29761494604843,0.31203585463915573,3.5890761215662366,0.0,0.0,0.016511571219020027,0.025779394531248556
591,40.71458797441457,128,1088,12,4,0,4,40.71458797441457,896,0.06459733333333334,40.7791853077479,40.7791853077479,40.78822975219234,40.79933232139806,40.82533427452306,44.16262215933519,0.11074630010848807,3.4480341849206226,0.0,0.0,0.011102569205718282,0.026001953124996646
592,40.81462085822247,128,1344,21,2,0,2,40.81462085822247,1152,0.06536533333333333,40.8799861915558,40.8799861915558,40.89045285822247,40.90374833653561,40.929830786312394,44.24730085176533,0.11520992808992503,3.4326799935428625,0.0,0.0,0.013295478313139597,0.026082449776787087
593,40.8176625231558,96,2240,158,4,0,4,40.8176625231558,2048,0.06805333333333334,40.885715856489135,40.885715856489135,40.90116030093358,40.90334306358556,40.92935980465699,43.419029385897694,0.1116972815011863,2.601366862741891,0.0,0.0,0.0021827626519765886,0.02601674107143026
594,40.878910912022626,160,2176,1,0,0,0,40.878910912022626,2048,0.050083555555555555,40.92899446757818,40.92899446757818,40.94408335646707,40.947567717575986,40.97435130047529,45.22204543683752,0.09544038845266556,4.343134524814893,0.0,0.0,0.0034843611089172555,0.026783582899305713
595,41.02717348162362,160,2048,0,3,0,3,41.02717348162362,0,0.5830328888888889,41.61020637051251,41.61020637051251,41.62458414829028,41.63942663224635,41.665252966881766,45.76961885927388,0.638079485258146,4.742445377650263,0.0,0.0,0.014842483956066133,0.02582633463541839
596,41.02875342264148,96,2240,90,1,0,1,41.27679779272988,2048,0.06805333333333334,41.34485112606321,41.34485112606321,41.36029557050766,41.36636338445451,41.392591167657635,43.865754269871175,0.3638377450161556,2.837000847229696,0.24804437008840097,0.0,0.006067813946849299,0.02622778320312591
597,41.07811573982002,96,704,156,7,0,7,41.07811573982002,512,0.06344533333333334,41.141561073153355,41.141561073153355,41.14847218426446,41.16263341152498,41.188174671290604,43.640532430893465,0.11005893147058288,2.5624166910734445,0.0,0.0,0.01416122726051583,0.025541259765624602
598,41.10052878006713,160,1984,5,2,0,2,41.10052878006713,1792,0.06728533333333334,41.16781411340046,41.16781411340046,41.181836335622684,41.190682139549,41.216755076560716,45.37588581270283,0.11622629649358629,4.2753570326357035,0.0,0.0,0.008845803926313067,0.026072937011718977
599,41.15405735486604,64,1792,13,6,0,6,41.15405735486604,1600,0.06670933333333334,41.220766688199376,41.220766688199376,41.23372224375493,41.259576480452914,41.28560493393303,42.93311526317763,0.13154757906698933,1.779057908311593,0.0,0.0,0.025854236697981037,0.026028453480115843
600,41.223738932500396,160,1856,9,7,0,7,41.223738932500396,1664,0.06690133333333334,41.29064026583373,41.29064026583373,41.30395137694484,41.31588829433748,41.341553170639564,45.46359633179563,0.11781423813916803,4.239857399295232,0.0,0.0,0.011936917392645796,0.025664876302080586
601,41.39075332669016,128,704,128,5,0,5,42.666604789228316,512,0.06344533333333334,42.73005012256165,42.73005012256165,42.73696123367276,42.760923282533696,42.787107364564946,46.10048176351396,1.3963540378747865,4.709728436823802,1.2758514625381565,0.0,0.023962048860937557,0.02618408203125
602,41.48191525587054,128,1664,0,3,0,3,41.61020637051251,1536,0.04854755555555555,41.658753926068066,41.658753926068066,41.67099837051251,41.69107978979843,41.71690498511093,44.99371553198593,0.23498972924038952,3.5118002761153875,0.12829111464196785,0.0,0.020081419285922664,0.025825195312499716
603,41.491320790902336,128,1664,0,3,0,3,41.658753926068066,1536,0.04854755555555555,41.707301481623624,41.707301481623624,41.719545926068065,41.74272765763697,41.76854929547179,45.04527070776718,0.27722850456945736,3.5539499168648447,0.1674331351657301,0.0,0.02318173156890424,0.02582163783482372
604,41.532735852081615,160,4480,19,6,0,6,41.532735852081615,4288,0.07477333333333333,41.60750918541495,41.60750918541495,41.635398074303836,41.65005455218587,41.67618630674316,45.86931419709691,0.14345045466154716,4.3365783450152975,0.0,0.0,0.014656477882034835,0.026131754557290776
605,41.538854072939856,160,2752,14,7,0,7,41.538854072939856,2560,0.06958933333333334,41.60844340627319,41.60844340627319,41.62673229516208,41.649569772202064,41.67540912767081,45.803498536036706,0.1365550547309553,4.26464446309685,0.0,0.0,0.022837477039985288,0.02583935546874727
606,41.542594314062846,160,832,136,1,0,1,41.542594314062846,640,0.06382933333333334,41.60642364739618,41.60642364739618,41.6140458696184,41.62866318914201,41.65473057195451,45.824023470950046,0.11213625789166315,4.281429156887199,0.0,0.0,0.014617319523608785,0.026067382812499318
607,41.62440001006987,128,1024,28,5,0,5,42.73005012256165,768,0.08218311111111111,42.812233233672764,42.812233233672764,42.820922122561655,42.839476993471195,42.865525430971196,46.17853120199052,1.2411254209013265,4.5541311919206535,1.1056501124917801,0.0,0.01855487090954,0.026048437500001853
608,41.63794209246506,96,1664,0,3,0,3,41.707301481623624,1536,0.04854755555555555,41.75584903717918,41.75584903717918,41.76809348162362,41.76854929547179,41.79437021832336,44.246109697024984,0.15642812585829802,2.608167604559924,0.06935938915856354,0.0,0.0004558138481698393,0.025820922851565342
609,41.77910244627696,160,1408,21,2,0,2,41.77910244627696,1216,0.06555733333333334,41.84465977961029,41.84465977961029,41.85548200183251,41.87014342000845,41.896297089093274,46.061629098835645,0.11719464281631531,4.282526652558687,0.0,0.0,0.014661418175940355,0.026153669084820308
610,41.85903347323943,160,5056,7,4,0,4,41.85903347323943,4864,0.07650133333333334,41.93553480657276,41.93553480657276,41.96662369546165,41.970352596695676,41.99661423406547,46.22222795360604,0.1375807608260402,4.363194480366609,0.0,0.0,0.0037289012340266936,0.026261637369792368
611,41.90835554175609,64,4224,159,1,0,,41.90835554175609,256,1.1228942222222222,43.03124976397831,43.03124976397831,43.05771643064497,43.082877056329515,43.10904087468889,44.767054302423254,1.2006853329327996,2.858698760667167,0.0,0.0,0.025160625684542026,0.02616381835937176
612,41.98043774646089,160,1216,8,7,0,7,41.98043774646089,1024,0.06498133333333334,42.04541907979423,42.04541907979423,42.055174635349786,42.063423287827064,42.08922992845206,46.220478272364836,0.10879218199116991,4.240040525903943,0.0,0.0,0.008248652477277574,0.02580664062499949
613,42.023171657873505,96,2432,34,2,0,2,42.023171657873505,2240,0.06862933333333333,42.09180099120684,42.09180099120684,42.10831210231795,42.13170208351292,42.15786425392307,44.64087214082783,0.13469259604956818,2.6177004829543264,0.0,0.0,0.023389981194966936,0.026162170410152896
614,42.094696065834555,160,5248,3,0,0,0,42.094696065834555,5120,0.05929955555555556,42.15399562139011,42.15399562139011,42.186151176945664,42.203844491664526,42.23072852486765,46.476916746826355,0.13603245903309613,4.3822206809918,0.0,0.0,0.01769331471886204,0.026884033203124602
615,42.32616445861775,64,1472,49,7,0,7,42.32616445861775,1280,0.06574933333333334,42.39191379195108,42.39191379195108,42.40309156972886,42.424760690170814,42.450555221420814,44.082396060915784,0.12439076280306693,1.7562316022980369,0.0,0.0,0.021669120441956125,0.025794531249999864
616,42.62227603507346,96,2816,14,7,0,7,42.62227603507346,2624,0.06978133333333333,42.69205736840679,42.69205736840679,42.71070181285124,42.73432729173331,42.760223450587475,45.228505110394956,0.13794741551401302,2.606229075321494,0.0,0.0,0.02362547888206734,0.02589615885416663
617,42.63938235047663,128,2176,1,0,0,0,42.63938235047663,2048,0.050083555555555555,42.68946590603218,42.68946590603218,42.70455479492107,42.71554094348744,42.74231877551869,46.12713422729511,0.10293642504205991,3.4877518768184785,0.0,0.0,0.010986148566367149,0.02677783203125017
618,42.640593367018624,96,3200,2,4,0,4,42.640593367018624,3072,0.05315555555555555,42.69374892257418,42.69374892257418,42.71452670035196,42.73213832260714,42.75845507762946,45.292455004387286,0.11786171061083905,2.651861637368661,0.0,0.0,0.017611622255181203,0.02631675502232156
619,42.87874437265111,128,256,124,1,0,,43.03124976397831,0,0.07987911111111111,43.11112887508942,43.11112887508942,43.115551097311645,43.13520518132951,43.16116201726701,46.51280497671642,0.28241764461589725,3.6340606040653043,0.1525053913271961,0.0,0.019654084017865614,0.025956835937499534
620,42.881622900365834,96,1536,49,7,0,7,42.881622900365834,1344,0.06594133333333334,42.94756423369917,42.94756423369917,42.9590975670325,42.967410299545804,42.99328934530473,45.46359633179563,0.11166644493889777,2.5819734314297946,0.0,0.0,0.008312732513303445,0.025879045758927077
621,42.894550015451266,160,4416,11,2,0,2,42.894550015451266,4224,0.07458133333333333,42.9691313487846,42.9691313487846,42.99666468211793,43.0174066623122,43.0435873263747,47.24857093640075,0.14903731092343264,4.354020920949488,0.0,0.0,0.02074198019426632,0.02618066406250108
622,42.91018826613416,96,2176,150,7,0,,42.94756423369917,256,0.5478613333333333,43.4954255670325,43.4954255670325,43.51051445592139,43.510972799545804,43.53688374925284,46.012011475489835,0.6266954831186737,3.101823209355672,0.03737596756500494,0.0,0.0004583436244161021,0.02591094970703267
623,43.014208603131,128,1664,0,3,0,3,43.014208603131,1536,0.04854755555555555,43.06275615868656,43.06275615868656,43.075000603131,43.0858305861619,43.111663733483326,46.389691488203376,0.09745513035232278,3.3754828850723726,0.0,0.0,0.010829983030895107,0.025833147321428385
624,43.056496457808066,128,4288,39,0,0,0,43.056496457808066,4096,0.07419733333333334,43.1306937911414,43.1306937911414,43.15751601336362,43.17083049426869,43.19765507922963,46.583827879638854,0.14115862142156033,3.5273314218307874,0.0,0.0,0.013314480905073367,0.026824584960934317
625,43.22480359702705,160,1664,0,3,0,3,43.22480359702705,1536,0.04854755555555555,43.273351152582606,43.273351152582606,43.28559559702705,43.29250943660832,43.31834342098332,47.42329280656275,0.09353982395627014,4.198489209535701,0.0,0.0,0.006913839581272896,0.025833984374997954
626,43.28124221317083,96,2176,1,0,0,0,43.28124221317083,2048,0.050083555555555555,43.33132576872638,43.33132576872638,43.34641465761527,43.35888758248483,43.3855565975518,45.91422446167011,0.10431438438097018,2.6329822484992818,0.0,0.0,0.012472924869562974,0.02666901506696462
627,43.3322231404268,128,4672,15,1,0,1,43.3322231404268,4480,0.07534933333333334,43.40757247376013,43.40757247376013,43.43652802931569,43.44671943914201,43.472901893569095,46.83471499345749,0.1406787531422964,3.5024918530306905,0.0,0.0,0.010191409826319386,0.026182454427086554
628,43.34964366758766,64,256,4,3,0,6,43.34964366758766,0,0.07987911111111111,43.42952277869877,43.42952277869877,43.43394500092099,43.447520667077065,43.47327847957706,45.09679561011093,0.12363481198940462,1.7471519425232742,0.0,0.0,0.013575666156071975,0.025757812499996646
629,43.3769523341553,160,3200,6,5,0,5,43.3769523341553,3072,0.05315555555555555,43.430107889710854,43.430107889710854,43.450885667488635,43.462804141908684,43.48891547003368,47.64260195975652,0.11196313587838347,4.26564962560122,0.0,0.0,0.011918474420049563,0.026111328124997613
630,43.55114985687522,64,2176,1,0,0,0,43.55114985687522,2048,0.050083555555555555,43.60123341243077,43.60123341243077,43.61632230131966,43.62559970581073,43.65219717895526,45.328739772775016,0.10104732208004208,1.7775899158997959,0.0,0.0,0.00927740449106551,0.02659747314453398
631,43.63891083227204,128,1088,24,5,0,5,43.63891083227204,896,0.06459733333333334,43.70350816560537,43.70350816560537,43.71255261004981,43.72393939581493,43.74993861456493,47.065889557412774,0.11102778229289356,3.426978725140735,0.0,0.0,0.011386785765118645,0.025999218750001774
632,43.658386942254445,96,2048,5,2,0,2,43.658386942254445,1856,0.06747733333333333,43.72586427558778,43.72586427558778,43.740242053365556,43.75056867403096,43.776708078327836,46.276971872273144,0.11832113607339068,2.6185849300186987,0.0,0.0,0.010326620665402686,0.026139404296877444
633,43.78834877756714,96,4736,15,1,0,1,43.78834877756714,4544,0.07554133333333334,43.86389011090047,43.86389011090047,43.893201222011584,43.918231320652424,43.94468522690242,46.459953902497666,0.156336449335285,2.6716051249305295,0.0,0.0,0.025030098640840492,0.026453906249997772
634,43.7904974461732,64,1664,0,3,0,3,43.7904974461732,1536,0.04854755555555555,43.839045001728756,43.839045001728756,43.8512894461732,43.859704260827066,43.88546120527151,45.51089409643906,0.094963759098313,1.7203966502658616,0.0,0.0,0.008414814653868063,0.02575694444444565
635,43.85828965478083,64,704,60,6,0,6,43.85828965478083,512,0.06344533333333334,43.92173498811417,43.92173498811417,43.928646099225276,43.93102388947972,43.95710364208389,45.6292802859641,0.09881398730305335,1.7709906311832668,0.0,0.0,0.0023777902544424023,0.026079752604168505
636,43.86592238741494,64,5248,3,0,0,0,43.86592238741494,5120,0.05929955555555556,43.925221942970495,43.925221942970495,43.95737749852605,43.971108433838076,43.99770236694354,45.67549228393573,0.1317799795286021,1.8095698965207916,0.0,0.0,0.01373093531202585,0.02659393310546676
637,43.903358103657474,64,4544,19,6,0,6,43.92173498811417,4352,0.07496533333333334,43.9967003214475,43.9967003214475,44.024944765891945,44.03534582958388,44.061711796380756,45.7362398562766,0.15835369272328137,1.832881752619123,0.01837688445669272,0.0,0.01040106369193694,0.026365966796873863
638,44.03148705877973,64,4096,40,7,0,5,44.03148705877973,0,1.1580657777777779,45.18955283655751,45.18955283655751,45.215308392113066,45.228505110394956,45.25466038383246,46.89965482091394,1.223173325052727,2.868167762134206,0.0,0.0,0.01319671828188973,0.026155273437503013
639,44.04309620581542,128,4608,19,6,0,6,44.04309620581542,4416,0.07515733333333334,44.11825353914875,44.11825353914875,44.14685353914875,44.167180546380756,44.193725272943254,47.54752979884542,0.15062906712783786,3.504433593030001,0.0,0.0,0.0203270072320052,0.02654472656249851
640,44.27250189613228,96,2176,1,0,0,0,44.27250189613228,2048,0.050083555555555555,44.322585451687836,44.322585451687836,44.337674340576726,44.344310695626575,44.37090090558751,46.9024152412925,0.09839900945522828,2.629913345160219,0.0,0.0,0.006636355049849385,0.026590209960936306
641,44.28499007274667,160,4800,15,1,0,1,44.28499007274667,4608,0.07573333333333333,44.360723406080005,44.360723406080005,44.39039007274667,44.39447634018367,44.42108587794409,48.66294820588309,0.1360958051974137,4.377958133136417,0.0,0.0,0.004086267437003244,0.026609537760414526
642,44.30276523751411,96,4352,135,5,0,5,44.30276523751411,4160,0.07438933333333334,44.377154570847445,44.377154570847445,44.404332348625225,44.42608968878368,44.45228752407014,46.935609406045586,0.14952228655602795,2.632844168531477,0.0,0.0,0.021757340158451655,0.026197835286460247
643,44.39890403345789,128,1664,0,3,0,3,44.39890403345789,1536,0.04854755555555555,44.44745158901345,44.44745158901345,44.45969603345789,44.478027055423425,44.50380684057968,47.7851516932815,0.10490280712178901,3.38624765982361,0.0,0.0,0.01833102196553682,0.0257797851562529
644,44.477232530640876,160,2368,46,6,0,6,44.477232530640876,2176,0.06843733333333334,44.54566986397421,44.54566986397421,44.56182541952977,44.56780842724013,44.59445627880263,48.781072005739276,0.11722374816175574,4.3038394750984,0.0,0.0,0.005983007710362642,0.026647851562501046
645,44.48258238710646,128,640,140,7,0,,45.18955283655751,256,0.11658666666666667,45.30613950322418,45.30613950322418,45.31269505877974,45.33312913383246,45.359165685171746,48.66215509295636,0.8765832980652846,4.1795727058499,0.7069704494510489,0.0,0.020434075052719436,0.026036551339288394
646,44.54772219065773,96,3200,6,5,0,5,44.54772219065773,3072,0.05315555555555555,44.600877746213285,44.600877746213285,44.621655523991066,44.63568604295034,44.66193932141016,47.144527252725275,0.11421713075242934,2.5968050620675456,0.0,0.0,0.014030518959273763,0.026253278459819285
647,44.56459763644144,96,4416,51,7,0,7,45.30613950322418,4224,0.07458133333333333,45.380720836557515,45.380720836557515,45.408254169890846,45.411240252694064,45.43741804810422,47.913702602721976,0.8728204116627793,3.3491049662805352,0.7415418667827396,0.0,0.0029860828032184372,0.02617779541015608
648,44.62602675419858,128,3200,2,4,0,4,44.62602675419858,3072,0.05315555555555555,44.67918230975413,44.67918230975413,44.69996008753191,44.7036963780852,44.73058977001228,48.08984927546721,0.10456301581370298,3.463822521268632,0.0,0.0,0.0037362905532845048,0.026893391927082178
649,44.6712975847692,160,2304,90,1,0,1,44.6712975847692,2112,0.06824533333333334,44.73954291810253,44.73954291810253,44.75534291810253,44.767054302423254,44.793509217787836,49.04107877228934,0.12221163301863669,4.3697811875201396,0.0,0.0,0.011711384320726381,0.026454915364581666
650,44.727545688150094,64,1472,17,6,0,6,44.727545688150094,1280,0.06574933333333334,44.79329502148343,44.79329502148343,44.804472799261205,44.80765666942764,44.834153332839094,46.496029284987536,0.10660764468899941,1.7684835968374415,0.0,0.0,0.0031838701664312907,0.026496663411457178
651,44.95851451100816,96,1152,12,4,0,4,44.95851451100816,960,0.06478933333333334,45.02330384434149,45.02330384434149,45.03270384434149,45.053348559074784,45.079913988762286,47.58934079712914,0.12139947775412452,2.6308262861209784,0.0,0.0,0.020644714733293767,0.026565429687501307
652,44.96797044854312,128,832,152,7,0,7,45.380720836557515,576,0.0816071111111111,45.462327947668626,45.462327947668626,45.46995016989085,45.48987115275917,45.516022310683276,48.81757867694074,0.5480518621401558,3.8496082283976207,0.4127503880143948,0.0,0.01992098286832089,0.026151157924104496
653,45.01881821757381,160,2624,38,7,0,7,45.462327947668626,2368,0.08698311111111111,45.549311058779736,45.549311058779736,45.56688883655752,45.56832609137524,45.59449479254712,49.726401919128236,0.5756765749733077,4.707583701554427,0.4435097300948172,0.0,0.001437254817723499,0.026168701171876307
654,45.0649569115269,64,1408,53,5,0,5,45.0649569115269,1216,0.06555733333333334,45.13051424486023,45.13051424486023,45.14133646708245,45.16084438558427,45.18703548665849,46.83073893078517,0.1220785751315887,1.7657820192582676,0.0,0.0,0.01950791850181588,0.02619110107421818
655,45.094915954904565,64,1088,28,5,0,5,45.13051424486023,896,0.06459733333333334,45.19511157819356,45.19511157819356,45.204156022638,45.21322707601396,45.239345728357705,46.88305403495183,0.14442977345314034,1.7881380800472684,0.03559828995566505,0.0,0.009071053375954818,0.02611865234374733
656,45.13655061503411,96,4224,151,4,0,,45.13655061503411,256,1.1228942222222222,46.25944483725633,46.25944483725633,46.285911503922996,46.30049089305916,46.326904141757076,48.82708497918406,1.1903535267229657,3.690534364149947,0.0,0.0,0.014579389136166299,0.026413248697913616
657,45.171683905951845,160,2560,22,4,0,4,46.25944483725633,2368,0.06901333333333334,46.32845817058966,46.32845817058966,46.345680392811886,46.35331787873624,46.379691047681554,50.562935010009895,1.2080071417297091,5.39125110405805,1.0877609313044871,0.0,0.007637485924355758,0.026373168945312386
658,45.17334090563499,160,1280,8,7,0,7,45.549311058779736,1088,0.06517333333333333,45.61448439211307,45.61448439211307,45.62459550322418,45.64683365973462,45.67294325174851,49.803665102721986,0.4996023461135195,4.630324197086999,0.375970153144749,0.0,0.02223815651043992,0.026109592013888516
659,45.20561655915703,64,1664,0,3,0,3,45.20561655915703,1536,0.04854755555555555,45.25416411471259,45.25416411471259,45.26640855915703,45.277997856204685,45.30387326310573,46.93224068253931,0.09825670394869945,1.7266241233822797,0.0,0.0,0.011589297047656544,0.02587540690104362
660,45.2431723858962,128,2176,1,0,0,0,45.2431723858962,2048,0.050083555555555555,45.293255941451754,45.293255941451754,45.308344830340644,45.328739772775016,45.3554101131768,48.745248216552916,0.11223772728060055,3.5020758306567146,0.0,0.0,0.0203949424343719,0.026670340401786063
661,45.27147352707849,160,3200,2,4,0,4,46.32845817058966,3072,0.05315555555555555,46.38161372614522,46.38161372614522,46.402391503923,46.40606470490812,46.43247652131437,50.61575648895955,1.1610029942358793,5.344282961881056,1.0569846435111714,0.0,0.0036732009851192515,0.026411816406252342
662,45.44987369072592,160,1216,12,4,0,4,46.38161372614522,1024,0.06498133333333334,46.446595059478554,46.446595059478554,46.45635061503411,46.45888882600187,46.48516511180916,50.66851135007066,1.0352914210832367,5.218637659344736,0.9317400354192955,0.0,0.0025382109677565268,0.0262762858072918
663,45.470948259678664,96,704,56,1,0,1,45.470948259678664,512,0.06344533333333334,45.534393593012,45.534393593012,45.54130470412311,45.5609141657045,45.58722289896343,48.12165523713308,0.116274639284768,2.650706977454419,0.0,0.0,0.019609461581396204,0.02630873325892935
664,45.47514731103204,96,1664,0,3,0,3,45.47514731103204,1536,0.04854755555555555,45.5236948665876,45.5236948665876,45.53593931103204,45.53678110815781,45.56265610815781,48.0177942714065,0.08750879712577131,2.542646960374462,0.0,0.0,0.0008417971257728141,0.025874999999999204
665,45.54436350729575,128,4544,23,4,0,4,46.446595059478554,4352,0.07496533333333334,46.521560392811885,46.521560392811885,46.54980483725633,46.56399689891853,46.59040949657478,49.93159276283107,1.0460459892790297,4.387229255535324,0.9022315521828048,0.0,0.014192061662200217,0.026412597656246817
666,45.55304213541741,96,1664,0,3,0,3,45.55304213541741,1536,0.04854755555555555,45.601589690972965,45.601589690972965,45.613834135417406,45.614407573001564,45.640274900010496,48.095346395429935,0.08723276459308948,2.5423042600125285,0.0,0.0,0.0005734375841583983,0.025867327008931795
667,45.731518727377534,64,768,104,5,0,5,45.731518727377534,576,0.06363733333333334,45.795156060710866,45.795156060710866,45.80242272737753,45.81407961507646,45.84013400960771,47.48276846366277,0.10861528223017558,1.7512497362852386,0.0,0.0,0.011656887698926255,0.02605439453125058
668,45.7376085635684,128,1664,0,3,0,3,45.7376085635684,1536,0.04854755555555555,45.78615611912396,45.78615611912396,45.7984005635684,45.821290571513465,45.847123718834894,49.12552105363305,0.10951515526649303,3.3879124900646502,0.0,0.0,0.02289000794506535,0.025833147321428385
669,45.76159578374298,96,1920,9,7,0,7,45.76159578374298,1728,0.06709333333333334,45.828689117076316,45.828689117076316,45.84235578374298,45.855646729396085,45.88170629970858,48.352627163268856,0.12011051596559952,2.591031379525873,0.0,0.0,0.013290945653103847,0.026059570312497726
670,45.81842426499243,160,4480,11,2,0,2,45.81842426499243,4288,0.07477333333333333,45.89319759832576,45.89319759832576,45.92108648721465,45.928872140827835,45.955422555866896,50.19227114352055,0.13699829087446602,4.37384687852812,0.0,0.0,0.007785653613183285,0.026550415039061193
671,45.819365070895905,160,256,132,6,0,6,45.819365070895905,0,0.07987911111111111,45.89924418200702,45.89924418200702,45.90366640422924,45.92211449006566,45.94819639924535,50.11482683997026,0.12883132834944178,4.2954617690743575,0.0,0.0,0.018448085836418215,0.026081909179687557
672,45.84931083915134,128,3200,2,4,0,4,46.521560392811885,3072,0.05315555555555555,46.57471594836744,46.57471594836744,46.59549372614522,46.61682258251228,46.64325477245368,49.984118424723434,0.7939439333023373,4.134807585572091,0.6722495536605422,0.0,0.02132885636705595,0.02643218994140284
673,45.896105607083136,128,1472,41,4,0,4,46.57471594836744,1280,0.06574933333333334,46.64046528170078,46.64046528170078,46.65164305947855,46.669687450676335,46.69604123756869,50.03655568058281,0.7999356304855567,4.140450073499672,0.6786103412843048,0.0,0.018044391197783227,0.02635378689235779
674,45.95798228419811,160,4544,11,2,0,2,45.95798228419811,4352,0.07496533333333334,46.03294761753144,46.03294761753144,46.06119206197589,46.061629098835645,46.088545236530955,50.32344202630801,0.13056295233284487,4.365459742109898,0.0,0.0,0.0004370368597577112,0.026916137695309317
675,46.030299893927285,160,4096,19,6,0,6,46.030299893927285,0,1.1580657777777779,47.188365671705064,47.188365671705064,47.21412122726062,47.23000617300836,47.2564215782818,51.426098221756895,1.226121684354517,5.39579832782961,0.0,0.0,0.015884945747743018,0.026415405273439774
676,46.03524757159766,128,5248,3,0,0,0,46.03524757159766,5120,0.05929955555555556,46.09454712715321,46.09454712715321,46.12670268270877,46.12713422729511,46.154037645263855,49.54777714721699,0.11879007366619732,3.5125295756193324,0.0,0.0,0.00043154458634120374,0.026903417968746624
677,46.08881557112467,128,4352,91,1,0,1,46.08881557112467,4160,0.07438933333333334,46.163204904458006,46.163204904458006,46.190382682235786,46.19439342537713,46.220947275823555,49.63993155549247,0.13213170469888524,3.5511159843677973,0.0,0.0,0.004010743141343198,0.026553850446425997
678,46.12433490588588,96,1664,0,3,0,3,46.12433490588588,1536,0.04854755555555555,46.17288246144144,46.17288246144144,46.18512690588588,46.20883905086614,46.23467602596379,48.68841372941431,0.11034112007791208,2.564078823528426,0.0,0.0,0.023712144980258643,0.025836975097654147
679,46.15491517481696,96,704,72,4,0,,46.64046528170078,256,0.13455644444444445,46.77502172614522,46.77502172614522,46.78193283725633,46.801461267950636,46.827716248419385,49.325830209564025,0.6728010736024217,3.170915034747061,0.4855501068838137,0.0,0.019528430694307986,0.026254980468749523
680,46.16984878604451,64,1664,0,3,0,3,46.17288246144144,1536,0.04854755555555555,46.221430016997,46.221430016997,46.23367446144144,46.23467602596379,46.260510715633934,47.888541341719,0.0906619295894231,1.7186925556744868,0.003033675396928004,0.0,0.0010015645223546699,0.02583468967014113
681,46.251002021304494,64,4736,19,6,0,6,47.188365671705064,4480,0.0933191111111111,47.28168478281618,47.28168478281618,47.31099589392729,47.33567072378961,47.36226711050836,49.01726839245802,1.1112650892038687,2.7662663711535274,0.9373636504005702,0.0,0.02467482986232028,0.026596386718750864
682,46.35591353582925,96,1664,0,3,0,3,46.35591353582925,1536,0.04854755555555555,46.40446109138481,46.40446109138481,46.41670553582925,46.44135787003931,46.467189413008064,48.919944881758056,0.11127587717881227,2.5640313459288038,0.0,0.0,0.02465233421006019,0.025831542968752785
683,46.37804053058941,128,512,10,6,0,2,47.28168478281618,0,0.15175822222222224,47.4334430050384,47.4334430050384,47.43928744948284,47.44205920035211,47.46843281688857,50.79437703035064,1.0903922862991635,4.416336499761229,0.9036442522267691,0.0,0.0027717508692717274,0.02637361653646053
684,46.394165001253754,160,4864,15,1,0,1,46.394165001253754,4672,0.07592533333333334,46.470090334587084,46.470090334587084,46.500112556809306,46.51280497671642,46.539595829581,50.83936824169038,0.14543082832724963,4.445203240436626,0.0,0.0,0.01269241990711123,0.026790852864586157
685,46.40977446495063,64,4288,107,1,0,1,46.470090334587084,4096,0.07419733333333334,46.544287667920415,46.544287667920415,46.57110989014264,46.59317900015392,46.620014379618205,48.31113204377371,0.21023991466757508,1.901357578823081,0.06031586963645452,0.0,0.022069110011280202,0.026835379464287712
686,46.60176615074811,96,2176,42,4,0,,46.77502172614522,256,0.5478613333333333,47.32288305947855,47.32288305947855,47.33797194836744,47.352918396856886,47.37916520083416,49.87886532142482,0.7773990500860464,3.2770991706767063,0.173255575397107,0.0,0.014946448489446595,0.026246803977272748
687,46.61738446723634,64,2688,18,0,0,0,46.61738446723634,2496,0.06939733333333334,46.686781800569676,46.686781800569676,46.70471513390301,46.71676570515969,46.743285602620624,48.42311735717792,0.12590113538428227,1.8057328899415808,0.0,0.0,0.012050571256679632,0.026519897460936193
688,46.64019203552945,64,4608,11,2,0,2,46.64019203552945,4416,0.07515733333333334,46.71534936886279,46.71534936886279,46.743949368862786,46.7668463839919,46.79407380098409,48.471939588744505,0.15388176545463494,1.8317475532150524,0.0,0.0,0.022897015129110798,0.02722741699219
689,46.69123037280318,64,3200,2,4,0,4,47.32288305947855,3072,0.05315555555555555,47.376038615034105,47.376038615034105,47.396816392811886,47.40541249309268,47.431686500254145,49.08970505198235,0.7404561274509618,2.3984746791791665,0.6316526866753662,0.0,0.008596100280797714,0.026274007161461554
690,46.70339102273305,128,4096,20,4,0,2,47.376038615034105,0,1.1580657777777779,48.534104392811884,48.534104392811884,48.55985994836744,48.56367818171721,48.59006769698709,51.94091248437134,1.8866766742540406,5.237521461638288,0.672647592301054,0.0,0.003818233349768718,0.026389515269883645
691,46.717117122726435,64,2112,5,2,0,2,46.717117122726435,1920,0.06766933333333333,46.78478645605977,46.78478645605977,46.7995197893931,46.82130170625752,46.848290671101275,48.524960166311466,0.1311735483748393,1.8078430435850308,0.0,0.0,0.02178191686441977,0.026988964843752683
692,46.72455745545312,160,2496,34,2,0,2,46.78478645605977,2304,0.06882133333333333,46.8536077893931,46.8536077893931,46.87047445605977,46.87528012422627,46.90214153373148,51.10525894189568,0.17758407827835754,4.380701486442554,0.06022900060664682,0.0,0.0048056681665045176,0.026861409505208655
693,46.72709663980183,160,1280,57,4,0,4,48.534104392811884,1088,0.06517333333333333,48.59927772614522,48.59927772614522,48.609388837256326,48.61645770053823,48.64278440138458,52.847435982906504,1.9156877615827526,6.120339343104675,1.8070077530100548,0.0,0.007068863281901372,0.026326700846354356
694,46.74469285830531,64,2432,46,6,0,6,47.4334430050384,2240,0.06862933333333333,47.50207233837173,47.50207233837173,47.51858344948285,47.521181514805235,47.54752979884542,49.20015060816983,0.8028369405401108,2.4554577498645216,0.6887501467330921,0.0,0.0025980653223882655,0.02634828404018208
695,46.81408176961872,160,4288,115,1,0,1,46.81408176961872,4096,0.07419733333333334,46.88827910295205,46.88827910295205,46.91510132517427,46.94174103512415,46.96854676894112,51.27223635692476,0.15446499932239988,4.458154587306041,0.0,0.0,0.026639709949883184,0.02680573381696405
696,46.814730720725855,96,704,96,2,0,2,46.8536077893931,512,0.06344533333333334,46.917053122726436,46.917053122726436,46.923964233837545,46.92900343151794,46.955648869575974,49.48124449907125,0.140918148850119,2.666513778345397,0.03887706866724727,0.0,0.005039197680396512,0.026645438058032767
697,46.820718732157765,160,2240,102,4,0,,48.59927772614522,256,0.5658311111111111,49.16510883725633,49.16510883725633,49.180553281700774,49.19463513010735,49.22085614395678,53.43602063866823,2.4001374117990153,6.615301906510467,1.7785589939874527,0.0,0.014081848406576114,0.026221013849429653
698,46.863691498309585,160,1664,4,6,0,6,47.50207233837173,1536,0.04854755555555555,47.55061989392729,47.55061989392729,47.56286433837173,47.57371794988708,47.59985285502101,51.76699791483725,0.7361613567114276,4.903306416527663,0.6383808400621476,0.0,0.010853611515351247,0.026134905133929465
699,46.88883727870513,128,3200,2,4,0,4,49.16510883725633,3072,0.05315555555555555,49.21826439281188,49.21826439281188,49.23904217058966,49.24707764608746,49.2733280122984,52.63354511376588,2.3844907335932675,5.744707835060744,2.276271558551194,0.0,0.008035475497798927,0.026250366210938125
700,46.96800674020271,160,2240,114,7,0,7,46.96800674020271,2048,0.06805333333333334,47.03606007353604,47.03606007353604,47.05150451798049,47.05553226232019,47.08152961165055,51.196564516784484,0.11352287144784157,4.2285577765817735,0.0,0.0,0.0040277443397016555,0.025997349330360464
701,47.018584352225496,96,2176,5,2,0,2,47.018584352225496,1984,0.06786133333333334,47.08644568555883,47.08644568555883,47.10153457444772,47.11553175183044,47.142107313353875,49.66586694817163,0.1235229611283799,2.6472825959461375,0.0,0.0,0.013997177382719883,0.026575561523436875
702,47.02804508691898,128,4672,11,2,0,2,47.08644568555883,4480,0.07534933333333334,47.161795018892164,47.161795018892164,47.19075057444772,47.195259901244505,47.221915174682,50.58490564935489,0.19387008776302395,3.556860562435908,0.05840059863984948,0.0,0.004509326796785729,0.026655273437498295
703,47.05988035853995,96,2432,54,6,0,6,47.55061989392729,2240,0.06862933333333333,47.619249227260624,47.619249227260624,47.63576033837174,47.65212413013262,47.67826689136309,50.16720297929318,0.6183865328231377,3.10732262075323,0.49073953538734116,0.0,0.016363791760880986,0.026142761230467215
704,47.11329737518875,128,4096,2,4,0,4,49.21826439281188,0,1.1580657777777779,50.37633017058966,50.37633017058966,50.402085726145216,50.404547379801556,50.43092506534843,53.81052790185182,3.317627690159682,6.69723052666307,2.1049670176231317,0.0,0.0024616536563399904,0.02637768554687625
705,47.25612038417495,96,4800,19,6,0,6,47.619249227260624,4608,0.07573333333333333,47.69498256059396,47.69498256059396,47.72464922726062,47.73055387866778,47.756831385178195,50.24575842140966,0.5007110010032463,2.9896380372347124,0.3631288430856756,0.0,0.005904651407156791,0.026277506510417936
706,47.47954003329458,96,3200,2,4,0,4,50.37633017058966,3072,0.05315555555555555,50.42948572614522,50.42948572614522,50.450263503923,50.45730323917656,50.48370232771823,53.00819690819947,3.0041622944236437,5.52865687490489,2.8967901372950777,0.0,0.007039735253563606,0.02639908854166606
707,47.64251609700766,128,4096,3,2,0,0,47.64251609700766,0,1.1580657777777779,48.800581874785436,48.800581874785436,48.82633743034099,48.84402168974896,48.870671661847176,52.1987262303608,1.2281555648395184,4.55621013335314,0.0,0.0,0.01768425940797158,0.026649972098212515
708,47.80078556830242,128,2176,1,0,0,0,47.80078556830242,2048,0.050083555555555555,47.850869123857976,47.850869123857976,47.865958012746866,47.88920837280292,47.91573351928729,51.268438768310745,0.11494795098487032,3.4676532000083213,0.0,0.0,0.02325036005605341,0.026525146484374318
709,47.882610635237214,96,5248,3,0,0,0,47.882610635237214,5120,0.05929955555555556,47.94191019079277,47.94191019079277,47.97406574634832,47.99531188842792,48.02204606811542,50.53858329956074,0.1394354328782086,2.655972664323528,0.0,0.0,0.02124614207959752,0.02673417968750158
710,48.03278181911348,64,3200,2,4,0,4,50.42948572614522,3072,0.05315555555555555,50.48264128170077,50.48264128170077,50.50341905947855,50.510101904541145,50.5365182131349,52.20690400048462,2.5037363940214163,4.174122181371139,2.3967039070317355,0.0,0.00668284506259198,0.026416308593752547
711,48.05709138079764,96,1856,13,6,0,6,48.05709138079764,1664,0.06690133333333334,48.12399271413097,48.12399271413097,48.13730382524208,48.15105257658445,48.177299988693825,50.66322821307633,0.12020860789618837,2.6061368322786933,0.0,0.0,0.013748751342369303,0.02624741210937742
712,48.068464430129765,128,1664,0,3,0,3,48.068464430129765,1536,0.04854755555555555,48.11701198568532,48.11701198568532,48.129256430129765,48.147045125898686,48.17288582414087,51.43323957576849,0.10442139401110495,3.364775145638724,0.0,0.0,0.01778869576892106,0.0258406982421846
713,48.08729245247658,64,2176,146,6,0,,48.12399271413097,256,0.5478613333333333,48.6718540474643,48.6718540474643,48.68694293635319,48.70235076994382,48.72859069359439,50.37609167336279,0.6412982411178092,2.2887992208862045,0.036700261654388555,0.0,0.015407833590629139,0.026239923650571484
714,48.097342886821615,128,2240,42,4,0,4,50.48264128170077,2048,0.06805333333333334,50.550694615034104,50.550694615034104,50.56613905947855,50.58936220185017,50.61575648895955,53.99741410180299,2.518413602137933,5.900071214981374,2.3852983948791575,0.0,0.023223142371620042,0.02639428710937608
715,48.119204893230865,160,4096,12,6,0,4,48.6718540474643,0,1.1580657777777779,49.82991982524208,49.82991982524208,49.855675380797635,49.87934189234952,49.90556796656827,54.08035038879559,1.7863630733374052,5.961145495564722,0.5526491542334355,0.0,0.02366651155188748,0.026226074218747897
716,48.16306110290057,96,3200,2,4,0,4,50.550694615034104,3072,0.05315555555555555,50.60385017058966,50.60385017058966,50.62462794836744,50.64212394772691,50.66851135007066,53.19521982690065,2.5054502471700886,5.032158724000077,2.387633512133533,0.0,0.01749599935946833,0.02638740234375092
717,48.17357024917542,96,512,71,3,0,7,48.17357024917542,0,0.15175822222222224,48.32532847139764,48.32532847139764,48.33117291584208,48.35378438371119,48.379510067304935,50.81579777889348,0.20593981812951512,2.6422275297180633,0.0,0.0,0.02261146786910473,0.025725683593748272
718,48.237898082977374,64,1664,0,3,0,3,48.32532847139764,1536,0.04854755555555555,48.3738760269532,48.3738760269532,48.38612047139764,48.405236239179935,48.43097720597681,50.04761499894556,0.19307912299943553,1.8097169159681883,0.08743038842026607,0.0,0.019115767782295734,0.02574096679687443
719,48.292236046288735,160,1472,53,5,0,5,48.292236046288735,1280,0.06574933333333334,48.35798537962207,48.35798537962207,48.369163157399846,48.369163157399846,48.39488190739985,52.532806386566506,0.10264586111111385,4.24057034027777,0.0,0.0,0.0,0.0257187500000029
720,48.33519587032162,160,2304,102,4,0,4,50.60385017058966,2112,0.06824533333333334,50.67209550392299,50.67209550392299,50.68789550392299,50.694978797987325,50.72141244056545,54.95814616880215,2.386216570243832,6.622950298480532,2.2686543002680395,0.0,0.0070832940643370534,0.026433642578126637
721,48.33648290844896,64,1344,12,4,0,4,50.67209550392299,1088,0.0831431111111111,50.7552386150341,50.7552386150341,50.76570528170077,50.77428119056545,50.80064549276716,52.473334969722906,2.4641625843182027,4.136852061273949,2.335612595474032,0.0,0.008575908864685289,0.02636430220170638
722,48.38689760329541,160,1472,25,6,0,6,49.82991982524208,1280,0.06574933333333334,49.895669158575416,49.895669158575416,49.90684693635319,49.93179452906827,49.9579707497714,54.132709080201835,1.5710731464759888,5.745811476906425,1.44302222194667,0.0,0.024947592715079736,0.026176220703128195
723,48.390267204479144,64,1664,4,6,0,6,49.895669158575416,1536,0.04854755555555555,49.944216714130974,49.944216714130974,49.956461158575415,49.9579707497714,49.9841143488481,51.63571443269439,1.593847144368958,3.245447228215248,1.5054019540962713,0.0,0.001509591195983262,0.02614359907670405
724,48.4686754412346,128,3200,2,4,0,4,50.7552386150341,3072,0.05315555555555555,50.80839417058966,50.80839417058966,50.82917194836744,50.853375562014314,50.87975772347265,54.26468979760377,2.4110822822380484,5.79601435636917,2.2865631737995002,0.0,0.02420361364687551,0.026382161458336384
725,48.52922739806659,96,4352,115,1,0,1,48.52922739806659,4160,0.07438933333333334,48.603616731399924,48.603616731399924,48.630794509177704,48.635873254711214,48.66294820588309,51.24541433544038,0.13372080781650197,2.7161869373737915,0.0,0.0,0.005078745533509732,0.027074951171876194
726,48.53658149138743,128,1152,77,2,0,,48.800581874785436,256,0.2603448888888889,49.060926763674324,49.060926763674324,49.07032676367432,49.08388901675789,49.11040690005867,52.432823623690126,0.5738254086712402,3.896242132302696,0.264000383398006,0.0,0.013562253083563292,0.02651788330078375
727,48.62278819037967,96,3200,6,5,0,5,48.62278819037967,3072,0.05315555555555555,48.67594374593523,48.67594374593523,48.69672152371301,48.703544993337346,48.72968879216547,51.20565160141027,0.10690060178579586,2.582863411030594,0.0,0.0,0.006823469624336553,0.02614379882812301
728,48.682625447833324,96,2240,146,6,0,6,49.944216714130974,2048,0.06805333333333334,50.012270047464305,50.012270047464305,50.02771449190875,50.036403011845266,50.062543799605685,52.55442221496746,1.3799183517723606,3.8717967671341356,1.2615912662976498,0.0,0.008688519936512762,0.026140787760418505
729,48.70644531353894,64,1536,53,5,0,5,48.70644531353894,1344,0.06594133333333334,48.77238664687228,48.77238664687228,48.78391998020561,48.80812311833734,48.834136952972756,50.473992910004014,0.127691639433813,1.7675475964650715,0.0,0.0,0.024203138131731805,0.026013834635413957
730,48.77080315506367,160,3200,2,4,0,4,50.80839417058966,3072,0.05315555555555555,50.86154972614521,50.86154972614521,50.882327503922994,50.90614037321223,50.93253730830838,55.17269662810848,2.1617341532447156,6.401893473044815,2.03759101552599,0.0,0.023812869289237426,0.026396935096151708
731,48.88040134937754,160,256,131,0,0,4,48.88040134937754,0,0.07987911111111111,48.960280460488654,48.960280460488654,48.96470268271088,48.989059739990424,49.015660447998236,53.186337677815956,0.1352590986206934,4.305936328438413,0.0,0.0,0.024357057279544847,0.026600708007812557
732,48.93022703408009,96,2048,23,0,0,4,48.960280460488654,0,0.5830328888888889,49.54331334937754,49.54331334937754,49.557691127155316,49.57405009643574,49.60025517456074,52.082333039144075,0.6700281404806532,3.1521060050639846,0.03005342640856412,0.0,0.01635896928042513,0.0262050781250025
733,48.973422240045714,160,3200,2,4,0,4,50.86154972614521,3072,0.05315555555555555,50.91470528170077,50.91470528170077,50.93548305947855,50.95893473168579,50.98534439965454,55.22637575220704,2.0119221596088224,6.252953512161326,1.8881274860994992,0.0,0.023451672207237095,0.026409667968749773
734,49.07714948602681,96,1536,17,6,0,6,50.012270047464305,1344,0.06594133333333334,50.07821138079764,50.07821138079764,50.08974471413097,50.11482683997026,50.1410146654911,52.632762791139335,1.0638651794642868,3.555613305112523,0.9351205614374933,0.0,0.02508212583929037,0.026187825520835872
735,49.090567680047414,96,704,100,3,0,3,49.090567680047414,512,0.06344533333333334,49.15401301338075,49.15401301338075,49.160924124491856,49.176802791914305,49.20236993058618,51.638503559213426,0.11180225053876569,2.547935879166012,0.0,0.0,0.0158786674224487,0.025567138671874545
736,49.11716669260529,96,832,52,7,0,7,49.11716669260529,640,0.06382933333333334,49.18099602593862,49.18099602593862,49.18861824816084,49.20839898944074,49.23429449725324,51.68280401873761,0.11712780464795003,2.5656373261323253,0.0,0.0,0.019780741279895153,0.02589550781249983
737,49.13793752392763,96,5120,7,4,0,4,50.91470528170077,4928,0.07669333333333334,50.9913986150341,50.9913986150341,51.02284305947855,51.03816520043579,51.06464892439413,53.5967229702112,1.9267114004664947,4.458785446283564,1.7767677577731362,0.0,0.015322140957245267,0.02648372395833576
738,49.18280312385869,160,5184,7,4,0,4,50.9913986150341,4992,0.07688533333333333,51.06828394836744,51.06828394836744,51.100083948367434,51.11761783715454,51.144168404781496,55.38760290627856,1.9613652809228057,6.204799782419869,1.80859549117541,0.0,0.017533888787106378,0.026550567626955512
739,49.219717637360084,96,5248,7,4,0,4,51.06828394836744,5056,0.07707733333333333,51.14536128170077,51.14536128170077,51.17751683725633,51.94091248437134,51.967509438717045,54.50471717187135,2.7477918013569607,5.284999534511265,1.8485663110073531,0.0,0.7633956471150114,0.02659695434570608
740,49.27177848926157,128,1408,33,2,0,2,49.27177848926157,1216,0.06555733333333334,49.3373358225949,49.3373358225949,49.348158044817126,49.34908982242195,49.37551978118931,52.69370291168728,0.10374129192774006,3.421924422425711,0.0,0.0,0.0009317776048263227,0.026429958767359096
741,49.31331251380512,96,1664,0,3,0,3,49.31331251380512,1536,0.04854755555555555,49.36186006936068,49.36186006936068,49.37410451380512,49.381353573164304,49.4069729091018,51.84440034585777,0.09366039529668058,2.5310878320526484,0.0,0.0,0.007249059359182297,0.025619335937498988
742,49.33238086057085,96,896,68,0,0,0,49.54331334937754,704,0.06402133333333333,49.60733468271088,49.60733468271088,49.61531246048865,49.62646074096699,49.65251308471699,52.135099152425326,0.3201322241461426,2.8027182918544753,0.2109324888066908,0.0,0.011148280478337824,0.02605234375000265
743,49.38143706242617,160,1088,20,2,0,2,49.38143706242617,832,0.08237511111111111,49.463812173537285,49.463812173537285,49.472856617981726,49.48124449907125,49.50769252424487,53.661952785741725,0.12625546181869396,4.280515723315553,0.0,0.0,0.008387881089525706,0.026448025173614553
744,49.39552429330603,96,1024,48,2,0,2,49.463812173537285,832,0.06440533333333334,49.52821750687062,49.52821750687062,49.53690639575951,49.56059003943584,49.586944580451465,52.06821998733624,0.19142028714543358,2.6726956940302102,0.06828788023125298,0.0,0.02368364367632836,0.026354541015628286
745,49.451613297430185,160,1152,20,2,0,2,49.52821750687062,960,0.06478933333333334,49.59300684020395,49.59300684020395,49.60240684020395,49.61329960974834,49.63958303481936,53.793818508397976,0.18796973738917444,4.342205210967791,0.07660420944043267,0.0,0.010892769544391001,0.026283425071021327
746,49.51372824772187,96,4544,131,4,0,4,51.14536128170077,4288,0.09274311111111111,51.238104392811884,51.238104392811884,51.26634883725633,52.20690400048462,52.233544900142824,54.77101276338921,2.7198166524209526,5.257284515667337,1.6316330339789005,0.0,0.9405551632282894,0.026640899658204376
747,49.64129656144292,96,2752,10,2,0,2,49.64129656144292,2432,0.10514488888888888,49.74644145033181,49.74644145033181,49.7647303392207,49.77107749504663,49.79738497906652,52.27681434634638,0.15608841762360015,2.635517784903456,0.0,0.0,0.006347155825935147,0.02630748401988825
748,49.740642794806995,128,4288,27,2,0,2,49.74644145033181,4096,0.07419733333333334,49.82063878366514,49.82063878366514,49.84746100588736,49.85000141195004,49.876375760908374,53.19048096073242,0.1357329661013793,3.449838165925428,0.005798655524813512,0.0,0.0025404060626783576,0.026374348958334792
749,49.74579888918406,128,1280,117,2,0,2,49.82063878366514,1088,0.06517333333333333,49.88581211699847,49.88581211699847,49.89592322810958,49.90275059814796,49.929068206321034,53.24253235233398,0.18326931713697547,3.4967334631499227,0.0748398944810802,0.0,0.006827370038379854,0.02631760817307338
750,49.78899840354636,96,3200,2,4,0,4,51.238104392811884,3072,0.05315555555555555,51.29125994836744,51.29125994836744,51.31203772614522,52.473334969722906,52.50003543969361,55.03853814596562,2.7110370361472533,5.249539742419259,1.4491059892655258,0.0,1.1612972435776854,0.026700469970705853
751,49.97627317783418,64,2048,0,5,0,3,49.97627317783418,0,0.5830328888888889,50.55930606672307,50.55930606672307,50.57368384450084,50.578703847504016,50.60482315088943,52.244001210785264,0.6285499730552502,2.2677280329510836,0.0,0.0,0.005020003003174622,0.026119303385414128
752,50.077592756053505,128,2176,126,5,0,,50.55930606672307,256,0.5478613333333333,51.1071674000564,51.1071674000564,51.12225628894529,51.127311757660266,51.15342455062902,54.50006424673205,1.0758317945755138,4.4224714906785465,0.48171331066956213,0.0,0.005055468714978417,0.02611279296875324
753,50.14342733024466,128,2176,5,2,0,2,50.14342733024466,2048,0.050083555555555555,50.193510885800215,50.193510885800215,50.208599774689105,50.21851556897628,50.244746450887334,53.55697752532506,0.10131912064267112,3.413550195080397,0.0,0.0,0.009915794287174151,0.026230881911054382
754,50.25238309512808,128,4352,59,4,0,4,51.29125994836744,4160,0.07438933333333334,51.365649281700776,51.365649281700776,51.392827059478556,52.63354511376588,52.66027976342408,56.05910330378958,2.4078966682959972,5.8067202086614955,1.0388768532393584,0.0,1.2407180542873206,0.02673464965820216
755,50.344081728857326,128,4288,47,5,0,,51.1071674000564,256,1.140864,52.2480314000564,52.2480314000564,52.27485362227862,52.29587669906651,52.32220026677484,55.70948372101591,1.978118537917517,5.365401992158581,0.7630856711990717,0.0,0.02102307678789117,0.026323567708331552
756,50.39769612060137,160,4928,15,1,0,1,50.39769612060137,4736,0.07611733333333334,50.4738134539347,50.4738134539347,50.50419123171248,50.511824784659126,50.53911738719819,54.82133274364351,0.1414212665968222,4.4236366230421424,0.0,0.0,0.007633552946643363,0.027292602539063182
757,50.42698102259007,64,1664,0,3,0,3,50.42698102259007,1536,0.04854755555555555,50.47552857814563,50.47552857814563,50.48777302259007,50.50811353410182,50.533746346601816,52.15319526773278,0.10676532401174654,1.7262142451427067,0.0,0.0,0.02034051151174765,0.025632812499999602
758,50.430684796223616,64,5248,3,0,0,0,50.430684796223616,5120,0.05929955555555556,50.48998435177917,50.48998435177917,50.522139907334726,50.53858329956074,50.56464335815449,52.21492654500345,0.13395856193087496,1.7842417487798343,0.0,0.0,0.016443392226015874,0.026060058593749602
759,50.46840899489652,64,4864,19,6,0,6,50.46840899489652,4672,0.07592533333333334,50.54433432822985,50.54433432822985,50.57435655045207,50.584627480654454,50.61082723651383,52.26715033996746,0.14241824161730676,1.7987413450709369,0.0,0.0,0.010270930202381123,0.026199755859373397
760,50.58267330934272,160,2176,58,5,0,,52.2480314000564,256,0.5478613333333333,52.79589273338973,52.79589273338973,52.81098162227862,52.82536180648838,52.8517818911238,57.08411707992588,2.269108581781083,6.501443770583165,1.6653580907136813,0.0,0.014380184209763058,0.02642008463541856
761,50.692612925050305,96,1664,0,3,0,3,50.692612925050305,1536,0.04854755555555555,50.74116048060586,50.74116048060586,50.753404925050305,50.76446363175807,50.79013046118515,53.233693379711944,0.09751753613484482,2.541080454661639,0.0,0.0,0.011058706707764543,0.025666829427080984
762,50.73041478569821,64,832,36,2,0,2,50.73041478569821,640,0.06382933333333334,50.79424411903154,50.79424411903154,50.80186634125376,50.819287174567954,50.845278792406496,52.48489939606228,0.114864006708288,1.7544846103640737,0.0,0.0,0.01742083331419053,0.025991617838542425
763,50.7881147449292,128,4992,15,1,0,1,50.7881147449292,4800,0.07630933333333334,50.86442407826254,50.86442407826254,50.89515741159587,50.92111042919038,50.94840608348726,54.35808713817476,0.16029133855805355,3.569972393245557,0.0,0.0,0.025953017594510186,0.027295654296878524
764,50.798573634936446,128,512,26,1,0,4,50.86442407826254,0,0.15175822222222224,51.01618230048476,51.01618230048476,51.0220267449292,51.03029597606538,51.05718406200288,54.46555051708101,0.25861042706643644,3.666976882144567,0.06585044332609158,0.0,0.008269231136182498,0.02688808593750025
765,50.85507729555,96,2176,5,2,0,2,50.85507729555,2048,0.050083555555555555,50.90516085110555,50.90516085110555,50.92024973999444,50.92325657560962,50.94925544880674,53.42585378090541,0.09417815325674184,2.5707764853554167,0.0,0.0,0.003006835615181558,0.02599887319711769
766,50.891692310822975,128,3200,2,4,0,4,51.365649281700776,3072,0.05315555555555555,51.41880483725633,51.41880483725633,51.43958261503411,52.847435982906504,52.87422824975221,56.273856990044735,1.9825359389292316,5.382164679221759,0.47395697087780064,0.0,1.4078533678723915,0.02679226684570324
767,50.894447863182066,160,2176,1,0,0,0,50.894447863182066,2048,0.050083555555555555,50.94453141873762,50.94453141873762,50.95962030762651,50.98167070190449,51.00773808471699,55.19888097208679,0.11329022153492474,4.304433108904725,0.0,0.0,0.022050394277982832,0.026067382812499318
768,50.996524814860635,64,704,80,4,0,4,51.41880483725633,512,0.06344533333333334,51.482250170589666,51.482250170589666,51.489161281700774,53.00819690819947,53.034913003170175,54.71760818749635,2.03838818830954,3.721083372635718,0.4222800223956966,0.0,1.5190356264986988,0.02671609497070193
769,51.02721079454365,128,1664,4,6,0,6,51.02721079454365,1536,0.04854755555555555,51.07575835009921,51.07575835009921,51.08800279454365,51.11056208894439,51.136854081131894,54.47279062317059,0.10964328658824485,3.44557982862694,0.0,0.0,0.022559294400743113,0.026291992187502444
770,51.041163624705916,128,1216,20,2,0,2,51.041163624705916,1024,0.06498133333333334,51.10614495803925,51.10614495803925,51.11590051359481,51.1312366844087,51.157185339757255,54.4786262883459,0.11602171505133896,3.437462663639984,0.0,0.0,0.015336170813888828,0.02594865534855728
771,51.11120725718466,96,512,71,3,0,7,51.11120725718466,0,0.15175822222222224,51.26296547940688,51.26296547940688,51.26880992385132,51.279228345299735,51.30489566300807,53.748316524243194,0.19368840582340852,2.637109267058534,0.0,0.0,0.01041842144841354,0.02566731770833286
772,51.28102464825205,96,4736,11,2,0,2,51.28102464825205,4544,0.07554133333333334,51.35656598158538,51.35656598158538,51.3858770926965,51.39074521055053,51.41679581741437,53.90005385996048,0.13577116916231802,2.6190292117084297,0.0,0.0,0.004868117854030629,0.026050606863840642
773,51.2952222462078,64,1984,9,7,0,7,51.2952222462078,1792,0.06728533333333334,51.36250757954113,51.36250757954113,51.376529801763354,51.40012896990948,51.42583722186261,53.049529686055315,0.13061497565480806,1.7543074398475156,0.0,0.0,0.02359916814612717,0.02570825195312665
774,51.378950560891525,96,5248,3,0,0,0,51.378950560891525,5120,0.05929955555555556,51.43825011644708,51.43825011644708,51.470405672002634,51.476950877685745,51.50326647013366,54.010875112711794,0.12431590924213509,2.631924551820269,0.0,0.0,0.0065452056831105665,0.026315592447915037
775,51.379306171241794,96,1344,8,7,0,7,51.379306171241794,1152,0.06536533333333333,51.444671504575126,51.444671504575126,51.45513817124179,51.47725519061261,51.50294708514386,53.96308315285218,0.12364091390206511,2.5837769816103844,0.0,0.0,0.02211701937081756,0.025691894531249204
776,51.39740442061393,64,4416,59,4,0,4,51.482250170589666,4224,0.07458133333333333,51.556831503923,51.556831503923,51.58436483725633,53.19521982690065,53.2219735195276,54.90463877482894,1.8245690989136705,3.507234354215008,0.08484574997573446,0.0,1.6108549896443165,0.026753692626954262
777,51.44501413961602,160,1664,0,3,0,3,51.44501413961602,1536,0.04854755555555555,51.49356169517158,51.49356169517158,51.50580613961602,51.51012893123724,51.535789982669534,55.63489403889162,0.09077584305351394,4.189879899275603,0.0,0.0,0.00432279162122029,0.025661051432294357
778,51.46316964150267,96,1664,0,3,0,3,51.49356169517158,1536,0.04854755555555555,51.54210925072714,51.54210925072714,51.55435369517158,51.561451522383074,51.587135046378606,54.032566890454135,0.1239654048759391,2.569397248951468,0.030392053668911956,0.0,0.007097827211495655,0.025683523995532198
779,51.59248118526988,160,3200,2,4,0,4,51.59248118526988,3072,0.05315555555555555,51.64563674082544,51.64563674082544,51.66641451860322,53.43602063866823,53.46280313988893,57.72479995668911,1.870321954619051,6.132318771419229,0.0,0.0,1.7696061200650135,0.02678250122070125
780,51.63212174890448,128,1408,8,7,0,7,51.63212174890448,1216,0.06555733333333334,51.69767908223781,51.69767908223781,51.708501304460036,51.70862115740949,51.73439540871157,55.03837534732763,0.10227365980708925,3.406253598423149,0.0,0.0,0.00011985294945304759,0.025774251302081552
781,51.74318844475969,64,1664,0,3,0,3,51.74318844475969,1536,0.04854755555555555,51.79173600031525,51.79173600031525,51.80398044475969,51.81865215947384,51.84440034585777,53.46531681721194,0.10121190109808254,1.7221283724522536,0.0,0.0,0.014671714714154405,0.02574818638392884
782,51.87665140278636,128,2176,5,2,0,2,51.87665140278636,2048,0.050083555555555555,51.92673495834191,51.92673495834191,51.9418238472308,51.96397135452374,51.99003278030499,55.33299022063756,0.11338137751863542,3.4563388178512042,0.0,0.0,0.022147507292942237,0.02606142578125059
783,51.9889065024209,96,4096,1,7,0,0,51.9889065024209,0,1.1580657777777779,53.14697228019868,53.14697228019868,53.17272783575424,53.17803188332094,53.20416648618552,55.69287892805679,1.2152599837646179,3.7039724256358895,0.0,0.0,0.005304047566703218,0.02613460286458036
784,52.485683202628216,160,2176,1,0,0,0,52.485683202628216,2048,0.050083555555555555,52.53576675818377,52.53576675818377,52.55085564707266,52.556633576253454,52.582865631917514,56.79490800659201,0.09718242928929754,4.309224803963794,0.0,0.0,0.005777929180794672,0.026232055664060283
785,52.55418595525305,64,4928,19,6,0,6,52.55418595525305,4736,0.07611733333333334,52.63030328858638,52.63030328858638,52.66068106636416,52.68520403462892,52.71172161275392,54.369209568483086,0.15753565750087262,1.8150236132300392,0.0,0.0,0.024522968264754752,0.026517578125002217
786,52.561739528004914,128,1920,13,6,0,6,52.63030328858638,1728,0.06709333333333334,52.697396621919715,52.697396621919715,52.71106328858638,52.71172161275392,52.73812356587892,56.050172784628934,0.17638403787400847,3.4884332566240204,0.06856376058146907,0.0,0.0006583241675386375,0.02640195312500282
787,52.56444204150139,96,1664,4,6,0,6,52.697396621919715,1536,0.04854755555555555,52.74594417747527,52.74594417747527,52.758188621919714,52.76452600728517,52.790830532024756,55.276002048951845,0.2263884905233695,2.7115600074504584,0.1329545804183283,0.0,0.006337385365455361,0.026304524739586554
788,52.83484520439682,160,4416,91,1,0,1,52.83484520439682,4224,0.07458133333333333,52.909426537730155,52.909426537730155,52.936959871063486,52.95567141551851,52.982513090323195,57.281156036984285,0.14766788592637425,4.446310832587464,0.0,0.0,0.018711544455022988,0.026841674804686022
789,52.88047303213636,96,2880,14,7,0,7,53.14697228019868,2688,0.06997333333333333,53.21694561353201,53.21694561353201,53.23594561353201,53.25643715675844,53.282640770039684,55.77082204329117,0.4021677379033264,2.890349011154811,0.26649924806232406,0.0,0.02049154322642721,0.026203613281246874
790,52.912530823896326,64,3200,2,4,0,4,52.912530823896326,3072,0.05315555555555555,52.96568637945188,52.96568637945188,52.98646415722966,53.5967229702112,53.6234468776819,55.30692529397387,0.7109160537855743,2.3943944700775432,0.0,0.0,0.6102588129815345,0.026723907470703523
791,52.93381538516042,128,2048,9,7,0,7,53.21694561353201,1856,0.06747733333333333,53.28442294686535,53.28442294686535,53.29880072464312,53.30884487160218,53.33500854347718,56.651171945634914,0.40119315831675806,3.7173565604744923,0.28313022837158996,0.0,0.01004414695906064,0.026163671874996908
792,52.9351070434195,64,5056,15,1,0,1,52.9351070434195,4864,0.07650133333333334,53.01160837675283,53.01160837675283,53.04269726564172,53.06304104442476,53.090009696768504,54.79410813426851,0.154902653349005,1.8590010908490129,0.0,0.0,0.020343778783036726,0.026968652343747124
793,53.03636895543143,128,1664,0,3,0,3,53.03636895543143,1536,0.04854755555555555,53.084916510986986,53.084916510986986,53.09716095543143,53.10495884195152,53.13070477294111,56.40717813719891,0.09433581750968045,3.370809181767484,0.0,0.0,0.007797886520094721,0.02574593098958644
794,53.15412518273809,96,4352,27,2,0,2,53.15412518273809,4160,0.07438933333333334,53.22851451607143,53.22851451607143,53.25569229384921,53.26860719887416,53.29481374184291,55.82258836516881,0.1406885591048166,2.6684631824307203,0.0,0.0,0.012914905024949519,0.026206542968751023
795,53.23021865635464,96,4416,67,5,0,5,53.23021865635464,4224,0.07458133333333333,53.30479998968797,53.30479998968797,53.3323333230213,53.35385627263422,53.38046772282953,55.92289736498912,0.1502490664748919,2.6926787086344817,0.0,0.0,0.021522949612915454,0.026611450195311193
796,53.2708295072731,64,1664,0,3,0,3,53.2708295072731,1536,0.04854755555555555,53.31937706282866,53.31937706282866,53.3316215072731,53.33660099689944,53.36234318439944,54.98870198159997,0.0915136771263434,1.7178724743268674,0.0,0.0,0.004979489626343536,0.02574218750000057
797,53.28402636025894,160,3200,2,4,0,4,53.28402636025894,3072,0.05315555555555555,53.3371819158145,53.3371819158145,53.35795969359228,53.81052790185182,53.837224465572525,58.10530666183699,0.5531981053135837,4.821280301578049,0.0,0.0,0.45256820825954236,0.026696563720705058
798,53.41417067252756,64,2048,1,7,0,0,53.41417067252756,0,0.5830328888888889,53.99720356141645,53.99720356141645,54.01158133919422,54.01567177589906,54.04190781105531,55.69287892805679,0.627737138527749,2.2787082555292315,0.0,0.0,0.004090436704835554,0.026236035156252058
799,53.473801395802276,96,2048,0,7,0,3,53.99720356141645,0,0.5830328888888889,54.580236450305335,54.580236450305335,54.59461422808311,54.619224119649054,54.64543017433655,57.115111756832825,1.1716287785342772,3.6413103610305484,0.5234021656141721,0.0,0.02460989156594451,0.026206054687499147
800,53.572091842982,96,4096,86,1,0,2,53.572091842982,0,1.1580657777777779,54.730157620759776,54.730157620759776,54.75591317631533,54.766815165518516,54.79410813426851,57.36195200517625,1.222016291286515,3.789860162194252,0.0,0.0,0.01090198920318386,0.02729296874999676
801,53.712207894509696,96,3200,6,5,0,5,53.712207894509696,3072,0.05315555555555555,53.76536345006525,53.76536345006525,53.78614122784303,53.80631733220453,53.83292563298578,56.37320763284626,0.12071773847608114,2.660999738336564,0.0,0.0,0.020176104361496527,0.026608300781248317
802,53.84180811026781,96,3200,2,4,0,4,53.84180811026781,3072,0.05315555555555555,53.89496366582337,53.89496366582337,53.91574144360115,53.99741410180299,54.02413947411744,56.56899693896301,0.18233136384962734,2.7271888286951977,0.0,0.0,0.081672658201839,0.026725372314452045
803,53.85046903260138,96,4352,31,5,0,5,53.85046903260138,4160,0.07438933333333334,53.92485836593472,53.92485836593472,53.9520361437125,53.965974461110775,53.992671319834734,56.53200803044671,0.14220228723335282,2.6815389978453297,0.0,0.0,0.013938317398277889,0.026696858723958883
804,53.8911257244179,128,1280,16,4,0,4,53.89496366582337,1088,0.06517333333333333,53.9601369991567,53.9601369991567,53.97024811026781,54.26468979760377,54.29135755273072,57.69778254132453,0.4002318283128261,3.8066568169066315,0.0038379414054716676,0.0,0.29444168733596143,0.026667755126950965
805,53.91575571293642,128,2752,18,0,0,0,53.91575571293642,2560,0.06958933333333334,53.98534504626976,53.98534504626976,54.003633935158646,54.010875112711794,54.03705903198263,57.40463391340004,0.12130331904620562,3.488878200463617,0.0,0.0,0.007241177553147793,0.026183919270835077
806,54.13011712094329,64,1664,0,3,0,3,54.13011712094329,1536,0.04854755555555555,54.17866467649885,54.17866467649885,54.19090912094329,54.213448075349966,54.23928279214684,55.86748339436037,0.1091656712035487,1.7373662734170807,0.0,0.0,0.022538954406677192,0.025834716796872215
807,54.36840125029415,96,4352,155,5,0,5,54.36840125029415,4160,0.07438933333333334,54.442790583627485,54.442790583627485,54.469968361405265,54.47329827295973,54.50006424673205,57.03183729476963,0.13166299643790325,2.663436044475482,0.0,0.0,0.0033299115544664915,0.026765973772320706
808,54.38136316601773,128,5248,3,0,0,0,54.38136316601773,5120,0.05929955555555556,54.44066272157328,54.44066272157328,54.47281827712884,54.48226036661804,54.50879552286804,57.88438077444915,0.1274323568503135,3.5030176084314206,0.0,0.0,0.00944208948920533,0.026535156249998693
809,54.43810408221064,128,2048,27,1,0,2,54.730157620759776,0,0.5830328888888889,55.31319050964866,55.31319050964866,55.32756828742644,55.336229960440384,55.3629664513258,58.787965790402254,0.9248623691151607,4.349861708191611,0.2920535385491334,0.0,0.008661673013946825,0.026736490885419073
810,54.66431864061958,160,5248,7,4,0,4,54.66431864061958,5120,0.05929955555555556,54.72361819617513,54.72361819617513,54.755773751730686,54.77101276338921,54.797736989114654,59.0836631071495,0.13341834849507705,4.419344466529921,0.0,0.0,0.015239011658522372,0.026724225725445194
811,54.73164895237101,128,2112,9,7,0,7,54.73164895237101,1920,0.06766933333333333,54.799318285704345,54.799318285704345,54.81405161903768,54.82888622902406,54.85507065982763,58.14756156152033,0.12342170745662173,3.4159126091493164,0.0,0.0,0.014834609986380087,0.0261844308035748
812,54.80198945396076,128,5248,7,4,0,4,54.80198945396076,5120,0.05929955555555556,54.86128900951631,54.86128900951631,54.89344456507187,54.90463877482894,54.93139222767492,58.3511072338236,0.12940277371416187,3.54911777986284,0.0,0.0,0.01119420975707186,0.02675345284598052
813,54.902358370092315,128,4480,27,2,0,2,54.902358370092315,4224,0.09255111111111111,54.99490948120343,54.99490948120343,55.02279837009232,55.03792560475215,55.06474721933548,58.47828835470565,0.16238884924316466,3.5759299846133317,0.0,0.0,0.015127234659829014,0.026821614583333542
814,54.902576969773534,160,5120,15,1,0,1,55.31319050964866,4928,0.07669333333333334,55.389883842981995,55.389883842981995,55.42132828742644,55.44317885366955,55.470107686677366,59.7522669301127,0.5675307169038319,4.8496899603391626,0.41061353987512916,0.0,0.02185056624310988,0.026928833007815456
815,54.930637911063975,96,4480,59,4,0,4,54.930637911063975,4288,0.07477333333333333,55.00541124439731,55.00541124439731,55.0333001332862,55.03853814596562,55.06538091940312,57.61718211962708,0.134743008339143,2.686544208563106,0.0,0.0,0.0052380126794204784,0.026842773437500966
816,54.95217825342855,96,1664,0,3,0,3,54.95217825342855,1536,0.04854755555555555,55.00072580898411,55.00072580898411,55.01297025342855,55.01455321857913,55.04039513752444,57.47956925048016,0.08821688409589257,2.5273909970516115,0.0,0.0,0.0015829651505825382,0.025841918945310738
817,54.97127506880207,96,3200,2,4,0,4,55.00541124439731,3072,0.05315555555555555,55.058566799952864,55.058566799952864,55.079344577730645,55.09222418112187,55.11904784183616,57.67089860577765,0.14777277303408454,2.6996235369755794,0.034136175595236296,0.0,0.012879603391226624,0.026823660714285325
818,55.095217009724244,64,1600,17,6,0,6,55.095217009724244,1408,0.06613333333333334,55.16135034305758,55.16135034305758,55.17323923194647,55.19837753723309,55.224251886191425,56.84027711405602,0.12903487646718048,1.7450601043317775,0.0,0.0,0.02513830528662453,0.025874348958332405
819,55.1321794548517,64,512,22,7,0,4,55.1321794548517,0,0.15175822222222224,55.28393767707392,55.28393767707392,55.289782121518364,55.30101125227554,55.32713234602554,56.96008997948908,0.19495289117384118,1.8279105246373746,0.0,0.0,0.011229130757179462,0.026121093749999602
820,55.18505643446893,96,3200,2,4,0,4,55.18505643446893,3072,0.05315555555555555,55.23821199002449,55.23821199002449,55.25898976780227,55.28009010767579,55.30692529397387,57.86013015688442,0.12186885950493576,2.6750737224154904,0.0,0.0,0.021100339873520113,0.02683518629807935
821,55.23276572007255,160,5248,7,4,0,4,55.23821199002449,5120,0.05929955555555556,55.29751154558004,55.29751154558004,55.3296671011356,55.33378112893481,55.36069177346606,59.6417594555033,0.1279260533935087,4.408993735430748,0.005446269951939087,0.0,0.004114027799211328,0.026910644531248806
822,55.23332167266268,96,4416,31,5,0,5,55.23332167266268,4224,0.07458133333333333,55.30790300599602,55.30790300599602,55.33543633932935,55.360254350898714,55.387181527238,57.89746229476962,0.15385985457531604,2.6641406221069346,0.0,0.0,0.024818011569365694,0.026927176339285097
823,55.41036933875073,64,2688,22,4,0,4,55.41036933875073,2432,0.0871751111111111,55.49754444986184,55.49754444986184,55.51547778319517,55.521875163765536,55.54868927884967,57.240456899900515,0.13831994009893833,1.8300875611497815,0.0,0.0,0.006397380570362543,0.026814115084135892
824,55.45040311105111,64,1600,53,5,0,5,55.45040311105111,1408,0.06613333333333334,55.51653644438444,55.51653644438444,55.52842533327333,55.54875483917997,55.5755417654495,57.240968154144625,0.12513865439839122,1.7905650430935154,0.0,0.0,0.020329505906637735,0.026786926269529943
825,55.51181038838406,128,5248,7,4,0,4,55.51181038838406,5120,0.05929955555555556,55.57110994393962,55.57110994393962,55.60326549949517,55.62913455378958,55.6560039385552,59.0836631071495,0.14419355017113844,3.5718527187654345,0.0,0.0,0.02586905429440378,0.02686938476562517
826,55.52716923365796,96,4800,11,2,0,2,55.52716923365796,4608,0.07573333333333333,55.60290256699129,55.60290256699129,55.632569233657954,55.65915818938756,55.68639533131464,58.24217897970564,0.15922609765668483,2.7150097460476843,0.0,0.0,0.026588955729607733,0.027237141927081154
827,55.60765225035218,160,2176,9,7,0,7,55.60765225035218,1984,0.06786133333333334,55.675513583685515,55.675513583685515,55.690602472574405,55.69287892805679,55.718859478187,59.8214395156219,0.11120722783481796,4.2137872652697155,0.0,0.0,0.0022764554823879735,0.025980550130206836
828,55.69104731533382,160,256,0,6,0,3,55.69104731533382,0,0.07987911111111111,55.77092642644493,55.77092642644493,55.775348648667155,55.79377548645185,55.81941301900393,59.947843381959665,0.1283657036701129,4.256796066625846,0.0,0.0,0.018426837784694783,0.02563753255208212
829,55.769311754907484,96,832,76,5,0,5,55.769311754907484,640,0.06382933333333334,55.833141088240815,55.833141088240815,55.84076331046304,55.84317617358287,55.86974941577037,58.36189393539461,0.10043766086288741,2.5925821804871276,0.0,0.0,0.002412863119829467,0.0265732421875029
830,55.822076255670225,64,4864,11,2,0,2,55.822076255670225,4672,0.07592533333333334,55.898001589003556,55.898001589003556,55.92802381122578,55.93168797454381,55.958997056575065,57.65756138762974,0.13692080090483927,1.8354851319595156,0.0,0.0,0.0036641633180352073,0.02730908203125182
831,55.84520660487901,128,5184,15,1,0,1,55.84520660487901,4992,0.07688533333333333,55.92209193821235,55.92209193821235,55.953891938212344,55.95491017691174,55.98196691519299,59.40391411203234,0.1367603103139814,3.558707507153329,0.0,0.0,0.001018238699394658,0.02705673828125299
832,55.96703042948224,96,256,1,3,0,0,55.96703042948224,0,0.07987911111111111,56.046909540593354,56.046909540593354,56.05133176281558,56.07427050373537,56.099879227693705,58.5210568806885,0.13284879821146234,2.554026451206255,0.0,0.0,0.0229387409197912,0.025608723958335133
833,56.027266993968695,96,1216,149,3,0,3,56.046909540593354,1024,0.06498133333333334,56.11189087392669,56.11189087392669,56.12164642948225,56.125488439933285,56.15109415282391,58.572510493969745,0.12382715885521378,2.5452435000010496,0.019642546624659474,0.0,0.003842010451037936,0.025605712890623522
834,56.10065427962665,64,2560,26,4,0,4,56.10065427962665,2304,0.08679111111111111,56.187445390737764,56.187445390737764,56.20466761295999,56.220230594955446,56.247043548359464,57.94153047775496,0.14638926873281122,1.8408761981283064,0.0,0.0,0.015562981995458358,0.026812953404018458
835,56.14201023365777,128,640,64,0,0,,56.14201023365777,256,0.11658666666666667,56.25859690032444,56.25859690032444,56.26515245588,56.26663162312846,56.29298758015971,59.6636833462751,0.15097734650193928,3.5216731126173286,0.0,0.0,0.0014791672484619767,0.02635595703124949
836,56.14565869432254,96,5248,3,0,0,0,56.25859690032444,5120,0.05929955555555556,56.317896455879996,56.317896455879996,56.35005201143555,56.37205838094096,56.398657209065966,58.91857448259647,0.2529985147434246,2.7729157882739273,0.11293820600189974,0.0,0.022006369505412238,0.026598828125003138
837,56.22758551300527,64,256,15,6,0,1,56.22758551300527,0,0.07987911111111111,56.307464624116385,56.307464624116385,56.31188684633861,56.33029949361331,56.35565382304039,57.98040519836592,0.12806831003511832,1.7528196853606488,0.0,0.0,0.018412647274701044,0.025354329427081268
838,56.24783975998811,128,2176,5,2,0,2,56.24783975998811,2048,0.050083555555555555,56.29792331554366,56.29792331554366,56.31301220443255,56.31405955657506,56.341062120051625,59.69701312606603,0.09322236006351403,3.449173366077922,0.0,0.0,0.001047352142506952,0.02700256347656449
839,56.29997984894569,96,640,112,0,0,,56.317896455879996,256,0.11658666666666667,56.434483122546666,56.434483122546666,56.441038678102224,56.451856330159714,56.47824199096701,58.997617695487094,0.17826214202131752,2.6976378465414044,0.017916606934306856,0.0,0.01081765205749008,0.026385660807292766
840,56.32472879633221,96,2048,29,2,0,4,56.32472879633221,0,0.5830328888888889,56.9077616852211,56.9077616852211,56.92213946299887,56.93524205169224,56.96205308684849,59.46427386825353,0.6373242905162826,3.1395450719213187,0.0,0.0,0.013102588693371331,0.02681103515624983
841,56.39523407035236,96,2304,122,5,0,5,56.39523407035236,2112,0.06824533333333334,56.46347940368569,56.46347940368569,56.47927940368569,56.50558190042439,56.53200803044671,59.02024134750398,0.13677396009435228,2.6250072771516244,0.0,0.0,0.02630249673870111,0.026426130022322525
842,56.39843011886362,128,2816,10,2,0,2,56.9077616852211,2624,0.06978133333333333,56.97754301855443,56.97754301855443,56.996187462998876,57.01567662200474,57.04241620533807,60.36866171954477,0.6439860864744489,3.970231600681146,0.5093315663574742,0.0,0.019489159005864565,0.02673958333333104
843,56.4103370862662,128,2496,54,6,0,6,56.4103370862662,2304,0.06882133333333333,56.479158419599536,56.479158419599536,56.4960250862662,56.50779005350914,56.533363051556016,59.843434690553416,0.12302596528981269,3.4330976042872123,0.0,0.0,0.011764967242939406,0.02557299804687574
844,56.459670256169844,160,512,19,7,0,6,56.459670256169844,0,0.15175822222222224,56.611428478392064,56.611428478392064,56.617272922836506,56.62537702375992,56.651171945634914,60.74713222395523,0.1915016894650705,4.287461967785383,0.0,0.0,0.008104100923411295,0.0257949218749971
845,56.76153648640281,96,1472,8,7,0,7,56.76153648640281,1280,0.06574933333333334,56.82728581973615,56.82728581973615,56.83846359751392,56.85712155500991,56.88286292870783,59.33214539941095,0.1213264423050191,2.5706089130081367,0.0,0.0,0.018657957495989308,0.025741373697918846
846,56.93926370549662,96,5056,19,6,0,6,56.93926370549662,4800,0.0942791111111111,57.033542816607735,57.033542816607735,57.06463170549662,57.06980934061852,57.095806044720085,59.582087522584665,0.1565423392234635,2.6428238170880434,0.0,0.0,0.005177635121896174,0.025996704101565626
847,56.947960925496,128,4480,91,1,0,1,56.947960925496,4288,0.07477333333333333,57.02273425882933,57.02273425882933,57.05062314771822,57.064636837067994,57.09173205191174,60.496330267166265,0.14377112641574286,3.5483693416702664,0.0,0.0,0.014013689349773983,0.02709521484374733
848,56.967614408137734,96,5248,15,1,0,1,57.02273425882933,5056,0.07707733333333333,57.099811592162666,57.099811592162666,57.13196714771822,57.14592394644299,57.17308717188942,59.72557329171984,0.20547276375168622,2.7579588835821056,0.05511985069159664,0.0,0.01395679872477018,0.02716322544642935
849,57.03017210212679,128,1216,133,1,0,1,57.099811592162666,1024,0.06498133333333334,57.164792925496,57.164792925496,57.17454848105156,57.2002508856171,57.22721878112491,60.62941742536939,0.19704667899812023,3.5992453232425987,0.06963949003587544,0.0,0.025702404565542736,0.026967895507809203
850,57.07461631239019,96,1472,61,7,0,7,57.07461631239019,1280,0.06574933333333334,57.14036564572353,57.14036564572353,57.1515434235013,57.16668548730158,57.192459315426575,59.641164735348454,0.11784300303638418,2.566548422958263,0.0,0.0,0.015142063800276162,0.025773828124997067
851,57.10968830944156,96,5248,3,0,0,0,57.10968830944156,5120,0.05929955555555556,57.16898786499711,57.16898786499711,57.20114342055267,57.21804316284201,57.24467866088888,59.7712134244001,0.1349903514473212,2.6615251149585433,0.0,0.0,0.01689974228933977,0.02663549804687193
852,57.11006817415337,128,2496,46,6,0,6,57.11006817415337,2304,0.06882133333333333,57.1788895074867,57.1788895074867,57.19575617415337,57.19979774393884,57.22584081034509,60.55851601960847,0.11577263619172129,3.4484478454550995,0.0,0.0,0.004041569785471211,0.026043066406252535
853,57.278449437155444,128,5248,3,0,0,0,57.278449437155444,5120,0.05929955555555556,57.337748992711,57.337748992711,57.369904548266554,57.377863475342004,57.40463391340004,60.79567091680462,0.12618447624459606,3.517221479649173,0.0,0.0,0.007958927075449651,0.026770438058036916
854,57.28742654175787,160,1664,17,6,0,6,57.28742654175787,1472,0.06632533333333333,57.3537518750912,57.3537518750912,57.36599631953564,57.38210946268884,57.408116949668006,61.59762490632722,0.12069040791013919,4.310198364569352,0.0,0.0,0.01611314315319845,0.026007486979167993
855,57.294210855843446,96,2176,1,0,0,0,57.337748992711,2048,0.050083555555555555,57.38783254826655,57.38783254826655,57.40292143715544,57.40463391340004,57.43135573259647,59.95884547735149,0.13714487675302678,2.6646346215080428,0.04353813686755359,0.0,0.001712476244598804,0.026721819196431795
856,57.29978361591518,96,2176,1,0,0,0,57.38783254826655,2048,0.050083555555555555,57.437916103822104,57.437916103822104,57.453004992710994,57.45807804007415,57.484718298863214,60.012633319148364,0.1849346829480325,2.712849703233182,0.08804893235137001,0.0,0.005073047363154615,0.026640258789065285
857,57.4416005661372,160,2176,9,7,0,7,57.4416005661372,2048,0.050083555555555555,57.49168412169275,57.49168412169275,57.50677301058164,57.52756351464533,57.55339115136408,61.65596156965835,0.11179058522688479,4.214361003521155,0.0,0.0,0.020790504063690207,0.02582763671875199
858,57.44425711423995,96,3200,2,4,0,4,57.44425711423995,3072,0.05315555555555555,57.49741266979551,57.49741266979551,57.51819044757329,57.53651695849427,57.56340485725729,60.111766244937826,0.11914774301733644,2.667509130697873,0.0,0.0,0.018326510920978478,0.026887898763021667
859,57.46760876869197,96,2048,64,2,0,0,57.46760876869197,0,0.5830328888888889,58.050641657580854,58.050641657580854,58.06501943535863,58.083544981379745,58.11006841887975,60.5747613560465,0.6424596501877815,3.107152587354534,0.0,0.0,0.018525546021116668,0.02652343750000341
860,57.52418605324666,128,1280,20,2,0,2,58.050641657580854,1088,0.06517333333333333,58.11581499091419,58.11581499091419,58.125926102025296,58.136592344661,58.16298827100028,61.44848988329725,0.6388022177536214,3.92430383005059,0.5264556043341955,0.0,0.010666242635700485,0.02639592633928345
861,57.83786964798228,160,4224,83,6,0,,57.83786964798228,256,1.1228942222222222,58.9607638702045,58.9607638702045,58.98723053687117,59.002224241334666,59.028576536256544,63.271405110010264,1.1907068882742635,5.433535462027983,0.0,0.0,0.014993704463499569,0.026352294921878183
862,57.85463514104536,64,5248,7,4,0,4,57.85463514104536,5120,0.05929955555555556,57.91393469660091,57.91393469660091,57.946090252156466,57.968807089083086,57.996124960176836,59.6944311212399,0.14148981913147907,1.8397959801945447,0.0,0.0,0.02271683692661952,0.027317871093750057
863,57.9957619881433,96,3200,2,4,0,4,57.9957619881433,3072,0.05315555555555555,58.048917543698856,58.048917543698856,58.06969532147664,58.07808150314558,58.10530666183699,60.63397979823024,0.1095446736936907,2.6382178100869424,0.0,0.0,0.008386181668946335,0.02722515869140807
864,58.09962969732655,96,4096,2,0,0,4,58.09962969732655,0,1.1580657777777779,59.25769547510433,59.25769547510433,59.28345103065988,59.28965695329959,59.31628358090376,61.870971837563545,1.2166538835772087,3.771342140236996,0.0,0.0,0.006205922639708206,0.02662662760416623
865,58.23541693867042,160,5248,3,0,0,0,59.25769547510433,5120,0.05929955555555556,59.31699503065988,59.31699503065988,59.34915058621544,59.369538300955846,59.39629988019691,63.695409801430735,1.160882941526495,5.459992862760316,1.0222785364339089,0.0,0.02038771474040857,0.026761579241068034
866,58.287126822504234,64,896,52,7,0,7,58.287126822504234,704,0.06402133333333333,58.35114815583757,58.35114815583757,58.359125933615346,58.37967542870782,58.405409071285945,60.02647011458023,0.11828224878171056,1.7393432920759935,0.0,0.0,0.0205494950924745,0.025733642578124716
867,58.34592311868592,96,4352,39,0,0,0,59.31699503065988,4160,0.07438933333333334,59.39138436399322,59.39138436399322,59.418562141771,59.42306194771923,59.44986980904736,62.006089025063545,1.1039466903614397,3.660165906377628,0.971071911973965,0.0,0.0044998059482352915,0.026807861328123295
868,58.38289942294484,96,3200,6,5,0,5,58.38289942294484,3072,0.05315555555555555,58.436054978500394,58.436054978500394,58.456832756278175,58.46653553695711,58.49289759750398,60.97816224594148,0.10999817455914496,2.595262822996645,0.0,0.0,0.009702780678935596,0.026362060546873067
869,58.40746991236689,160,1664,0,3,0,3,58.40746991236689,1536,0.04854755555555555,58.45601746792245,58.45601746792245,58.46826191236689,58.469975012198915,58.49551570230308,62.57494770064602,0.08804578993618861,4.167477788279129,0.0,0.0,0.0017130998320240565,0.025540690104165265
870,58.44510511872301,96,2176,1,0,0,0,59.39138436399322,2048,0.050083555555555555,59.44146791954877,59.44146791954877,59.45655680843766,59.47667815865673,59.50340407011507,62.0600805289698,1.0582989513920538,3.6149754102467853,0.9462792452702047,0.0,0.020121350219071132,0.02672591145833536
871,58.47510723109866,160,4096,8,6,0,7,58.9607638702045,0,1.1580657777777779,60.11882964798228,60.11882964798228,60.14458520353784,60.159084918417996,60.185640460410184,64.45008543227588,1.7105332293115225,5.974978201177223,0.4856566391058408,0.0,0.014499714880159331,0.026555541992188125
872,58.519393824620366,64,2176,1,0,0,0,59.44146791954877,2048,0.050083555555555555,59.49155147510432,59.49155147510432,59.50664036399321,59.53013046985465,59.5567909190734,61.2513031712689,1.0373970944530342,2.7319093466485356,0.922074094928405,0.0,0.023490105861434074,0.026660449218752547
873,58.572803789313625,64,1344,16,4,0,4,58.572803789313625,1152,0.06536533333333333,58.63816912264696,58.63816912264696,58.64863578931362,58.65101299554235,58.67804996540843,60.34636921415286,0.10524617609480202,1.7735654248392336,0.0,0.0,0.0023772062287292783,0.0270369698660744
874,58.57831843641419,64,1216,69,1,0,1,58.57831843641419,1024,0.06498133333333334,58.64329976974753,58.64329976974753,58.653055325303086,58.65437388017625,58.68111934613607,60.36280278390734,0.1028009097218785,1.784484347493148,0.0,0.0,0.0013185548731655672,0.02674546595982008
875,58.62101174793554,160,4288,35,6,0,6,60.11882964798228,4096,0.07419733333333334,60.19302698131561,60.19302698131561,60.219849203537834,60.23875300923831,60.26541736470706,64.52915828383838,1.6444056167715217,5.908146535902844,1.4978179000467406,0.0,0.018903805700475118,0.026664355468753342
876,58.660166277938266,128,5120,19,6,0,6,60.19302698131561,4928,0.07669333333333334,60.26972031464894,60.26972031464894,60.30116475909339,60.31874754048831,60.34555239074873,63.75780637954151,1.6853861128104626,5.097640101603247,1.5328607033773451,0.0,0.0175827813949212,0.02680485026041879
877,58.66331986510626,96,1280,69,1,0,1,58.66331986510626,1088,0.06517333333333333,58.728493198439594,58.728493198439594,58.7386043095507,58.761358673703036,58.787965790402254,61.32517361956581,0.12464592529599372,2.6618537544595497,0.0,0.0,0.022754364152334006,0.02660711669921767
878,58.66459096307634,128,768,96,2,0,2,58.66459096307634,576,0.06363733333333334,58.728228296409675,58.728228296409675,58.73549496307634,58.7386521242369,58.76458050965357,62.043179716196555,0.09998954657722692,3.378588753120212,0.0,0.0,0.0031571611605585304,0.02592838541666964
879,58.687394076637766,64,2176,5,2,0,2,58.728228296409675,2048,0.050083555555555555,58.77831185196523,58.77831185196523,58.79340074085412,58.81643874533065,58.84238754555386,60.47178552596838,0.15499346891609633,1.784391449330613,0.040834219771909375,0.0,0.023038004476532592,0.025948800223211776
880,58.735226928099976,128,5248,3,0,0,0,59.49155147510432,5120,0.05929955555555556,59.55085103065988,59.55085103065988,59.58300658621543,59.5834518565734,59.61019519819271,63.0409086539698,0.8749682700927366,4.305681725869825,0.7563245470043469,0.0,0.000445270357964489,0.026743341619315686
881,58.898302478038424,96,5248,15,1,0,1,58.898302478038424,5120,0.05929955555555556,58.95760203359398,58.95760203359398,58.989757589149534,59.00146327924154,59.02826180219076,61.567204032512244,0.12995932415233824,2.6689015544738197,0.0,0.0,0.011705690092007615,0.026798522949221137
882,58.94149671010051,64,1984,13,6,0,6,60.26972031464894,1792,0.06728533333333334,60.337005647982274,60.337005647982274,60.3510278702045,60.37235772929039,60.399043973710036,62.08148225844776,1.457547263609527,3.139985548347248,1.328223604548434,0.0,0.021329859085895464,0.0266862444196434
883,58.94182298414488,64,1088,48,2,0,2,58.94182298414488,896,0.06459733333333334,59.00642031747821,59.00642031747821,59.01546476192265,59.02404281899137,59.04994284340543,60.67757260046614,0.10811985926055456,1.7357496163212645,0.0,0.0,0.008578057068717726,0.025900024414063694
884,59.03376719459153,64,896,40,5,0,5,59.03376719459153,640,0.0817991111111111,59.11556630570264,59.11556630570264,59.12354408348042,59.126535292816484,59.15254139633211,60.79191029281648,0.11877420174057818,1.7581430982249486,0.0,0.0,0.002991209336066447,0.026006103515626933
885,59.05116601893575,64,768,72,4,0,4,59.05116601893575,576,0.06363733333333334,59.114803352269085,59.114803352269085,59.12207001893575,59.13728273605575,59.163854025118255,60.81863224661194,0.11268800618250197,1.7674662276761879,0.0,0.0,0.015212717120000718,0.0265712890625025
886,59.15999734935079,160,5248,15,1,0,1,59.15999734935079,5120,0.05929955555555556,59.219296904906344,59.219296904906344,59.2514524604619,59.26947048138998,59.29635823095595,63.523356596182566,0.1363608816051638,4.363359246831777,0.0,0.0,0.018018020928082024,0.026887749565972285
887,59.19768302185898,128,256,44,3,0,0,59.19768302185898,0,0.07987911111111111,59.27756213297009,59.27756213297009,59.281984355192314,59.29549975178225,59.320976314282255,62.57494770064602,0.12329329242327702,3.377264678787043,0.0,0.0,0.013515396589937723,0.025476562500003297
888,59.20552972441718,128,2048,82,3,0,1,59.27756213297009,0,0.5830328888888889,59.86059502185898,59.86059502185898,59.87497279963675,59.881584224438505,59.90724275308434,63.16744885476534,0.7017130286671573,3.961919130348157,0.07203240855290716,0.0,0.00661142480175414,0.025658528645834622
889,59.24626688460625,160,2752,22,4,0,4,59.24626688460625,2560,0.06958933333333334,59.31585621793958,59.31585621793958,59.33414510682847,59.349866720430754,59.376408852127184,63.58897328548842,0.13014196752093454,4.342706400882172,0.0,0.0,0.01572161360228108,0.026542131696430715
890,59.29109159237259,160,896,36,2,0,2,59.29109159237259,704,0.06402133333333333,59.355112925705924,59.355112925705924,59.3630907034837,59.386687594381996,59.412542303583386,63.525305875864525,0.12145071121079809,4.234214283491937,0.0,0.0,0.023596890898296863,0.02585470920138988
891,59.310845144761636,128,640,120,3,0,,59.86059502185898,256,0.11658666666666667,59.97718168852565,59.97718168852565,59.983737244081205,59.98422126870934,60.00979475503747,63.27040061257784,0.6989496102758324,3.9595554678162017,0.5497498770973408,0.0,0.000484024628136126,0.025573486328127615
892,59.35275765911937,96,2176,5,2,0,2,59.355112925705924,2048,0.050083555555555555,59.40519648126148,59.40519648126148,59.42028537015037,59.43839750106603,59.46427386825353,61.913602384653586,0.11151620913415883,2.560844725534217,0.0023552665865551603,0.0,0.018112130915660885,0.025876367187500193
893,59.49482637495629,128,2368,98,4,0,4,59.49482637495629,2176,0.06843733333333334,59.563263708289625,59.563263708289625,59.57941926384518,59.58876348382361,59.61526122552283,62.97596371982622,0.12043485056653935,3.4811373448699285,0.0,0.0,0.009344219978430601,0.026497741699216704
894,59.65187202451071,160,1280,101,1,0,1,59.65187202451071,1088,0.06517333333333333,59.71704535784404,59.71704535784404,59.72715646895515,59.7522669301127,59.77868203892966,63.98299543081799,0.12681001441895035,4.331123406307277,0.0,0.0,0.02511046115754567,0.02641510881696263
895,59.65462751934715,128,1536,41,4,0,4,59.65462751934715,1344,0.06594133333333334,59.720568852680486,59.720568852680486,59.73210218601382,59.74668567853157,59.772759688018176,63.13562478288426,0.11813216867102483,3.4809972635371054,0.0,0.0,0.01458349251775104,0.026074009486606542
896,59.672280919195465,128,5248,15,1,0,1,59.71704535784404,5120,0.05929955555555556,59.7763449133996,59.7763449133996,59.80850046895515,59.83151372140734,59.85807353586046,63.237973376781525,0.18579261666499747,3.56569245758606,0.04476443864857771,0.0,0.02301325245218777,0.0265598144531225
897,59.70245030694215,128,704,120,3,0,3,59.97718168852565,512,0.06344533333333334,60.04062702185898,60.04062702185898,60.04753813297009,60.060943192537465,60.086471903474965,63.347740944609086,0.3840215965328184,3.645290637666939,0.27473138158349997,0.0,0.013405059567375588,0.02552871093750042
898,59.84789762243992,160,1664,0,3,0,3,60.04062702185898,1536,0.04854755555555555,60.08917457741454,60.08917457741454,60.10141902185898,60.11200110269372,60.13757792561039,64.22529580649525,0.28968030317046356,4.37739818405533,0.19272939941905776,0.0,0.01058208083473744,0.025576822916669073
899,59.97630357379784,160,1664,4,6,0,6,60.337005647982274,1536,0.04854755555555555,60.38555320353783,60.38555320353783,60.39779764798227,60.399043973710036,60.425621427323314,64.68609724868213,0.4493178535254714,4.709793674884288,0.3607020741844309,0.0,0.0012463257277630646,0.026577453613278124
900,60.01308644731109,64,1600,8,7,0,7,60.01308644731109,1344,0.0839111111111111,60.0969975584222,60.0969975584222,60.10888644731109,60.12932167708023,60.15505816796564,61.7850167454396,0.14197172065455277,1.7719302981285097,0.0,0.0,0.020435229769134367,0.025736490885414298
901,60.04679521564667,128,3200,2,4,0,4,60.04679521564667,3072,0.05315555555555555,60.099950771202224,60.099950771202224,60.120728548980004,60.13775900209929,60.16383356962161,63.53557201595717,0.11703835397494089,3.4887768003105037,0.0,0.0,0.01703045311928264,0.026074567522321956
902,60.15895859125333,96,1344,20,2,0,2,60.15895859125333,1152,0.06536533333333333,60.22432392458666,60.22432392458666,60.23479059125333,60.239535770109,60.265355160299976,62.71887154969265,0.10639656904664463,2.5599129584393197,0.0,0.0,0.004745178855671384,0.0258193901909749
903,60.27564213261782,160,2176,5,2,0,2,60.27564213261782,2048,0.050083555555555555,60.32572568817337,60.32572568817337,60.34081457706226,60.34281626056039,60.36866171954477,64.5055501711119,0.09301958692694967,4.229908038494088,0.0,0.0,0.0020016834981291254,0.025845458984377956
904,60.38077682058372,64,1664,0,3,0,3,60.38077682058372,1536,0.04854755555555555,60.42932437613928,60.42932437613928,60.44156882058372,60.444537886547884,60.47015381846753,62.08635038243688,0.08937699788381082,1.7055735618531642,0.0,0.0,0.0029690659641659067,0.025615931919645618
905,60.46661721818246,64,2368,102,4,0,4,60.46661721818246,2176,0.06843733333333334,60.5350545515158,60.5350545515158,60.551210107071356,60.555531974569526,60.58168076084185,62.25563078176819,0.11506354265938512,1.7890135635857263,0.0,0.0,0.0043218674981702065,0.026148786272322866
906,60.51420419399904,160,5248,7,4,0,4,60.5350545515158,5120,0.05929955555555556,60.594354107071354,60.594354107071354,60.62650966262691,60.63397979823024,60.6602662100606,64.88896797949884,0.14606201606155622,4.374763785499802,0.0208503575167569,0.0,0.007470135603334427,0.026286411830355405
907,60.615270117267414,96,5248,7,4,0,4,60.615270117267414,5120,0.05929955555555556,60.67456967282297,60.67456967282297,60.706725228378524,60.712840498565065,60.73928770315491,63.26907204850925,0.12401758588749345,2.653801931241837,0.0,0.0,0.006115270186541011,0.026447204589842954
908,60.623972279457846,96,2176,1,0,0,0,60.623972279457846,2048,0.050083555555555555,60.6740558350134,60.6740558350134,60.68914472390229,60.71496974492962,60.74186964727337,63.31375801920418,0.11789736781552307,2.689785739746334,0.0,0.0,0.025825021027330308,0.02689990234375017
909,60.62418972790743,96,1408,20,2,0,2,60.62418972790743,1216,0.06555733333333334,60.68974706124076,60.68974706124076,60.70056928346298,60.70330022090885,60.72902252838653,63.1884667645364,0.1048328004791017,2.5642770366289724,0.0,0.0,0.0027309374458681646,0.025722307477678896
910,60.736831814278844,64,832,96,2,0,2,60.736831814278844,640,0.06382933333333334,60.800661147612175,60.800661147612175,60.8082833698344,60.83191664110974,60.85760157763318,62.48462357257211,0.12076976335433898,1.7477917582932676,0.0,0.0,0.02363327127534376,0.02568493652344017
911,60.811526043885856,128,1664,0,3,0,3,60.811526043885856,1536,0.04854755555555555,60.860073599441414,60.860073599441414,60.872318043885855,60.88007513543181,60.90572290154509,64.17382433607115,0.09419685765923447,3.3622982921852937,0.0,0.0,0.007757091545954609,0.025647766113280568
912,61.01334459525213,96,1216,85,1,0,1,61.01334459525213,1024,0.06498133333333334,61.078325928585464,61.078325928585464,61.08808148414102,61.11209779646314,61.1387136004996,63.65140200633881,0.12536900524747097,2.6380574110866846,0.0,0.0,0.024016312322117983,0.026615804036460133
913,61.057614214017555,160,1344,113,3,0,3,61.057614214017555,1152,0.06536533333333333,61.12297954735089,61.12297954735089,61.13344621401755,61.13657476922088,61.16222781826602,65.25129139568796,0.10461360424846333,4.193677181670402,0.0,0.0,0.003128555203325334,0.025653049045139653
914,61.1576692854966,64,4288,63,1,0,1,61.1576692854966,4096,0.07419733333333334,61.23186661882993,61.23186661882993,61.258688841052155,61.271799944900636,61.2984865380926,62.974767601111886,0.1408172525959941,1.817098315615283,0.0,0.0,0.013111103848480354,0.026686593191961094
915,61.182357823184695,96,3200,6,5,0,5,61.182357823184695,3072,0.05315555555555555,61.23551337874025,61.23551337874025,61.25629115651803,61.25629115651803,61.28285365651803,63.818953265893036,0.10049583333333345,2.636595442708341,0.0,0.0,0.0,0.026562499999997158
916,61.3371881174134,64,4096,23,5,0,4,61.3371881174134,0,1.1580657777777779,62.495253895191176,62.495253895191176,62.52100945074673,62.53184193776803,62.55863490651803,64.25137221120555,1.2214467891046326,2.9141840937921515,0.0,0.0,0.0108324870212968,0.026792968750001478
917,61.36903408236762,160,5184,19,6,0,6,61.36903408236762,4992,0.07688533333333333,61.445919415700956,61.445919415700956,61.47771941570095,61.49061562898347,61.51736721589753,65.76201953058317,0.14833313352990984,4.392985448215555,0.0,0.0,0.012896213282516555,0.026751586914059544
918,61.38210867437727,64,5248,15,1,0,1,61.38210867437727,5120,0.05929955555555556,61.441408229932826,61.441408229932826,61.47356378548838,61.48632205706581,61.51328222726671,63.185610862830636,0.131173552889436,1.8035021884533649,0.0,0.0,0.012758271577432367,0.02696017020089414
919,61.50182709453534,64,4928,11,2,0,2,61.50182709453534,4736,0.07611733333333334,61.57794442786867,61.57794442786867,61.60832220564645,61.628385879391,61.65430036913709,63.2931298504739,0.15247327460175342,1.7913027559385668,0.0,0.0,0.020063673744544985,0.025914489746092784
920,61.50618404474497,160,4224,111,5,0,,62.495253895191176,256,1.1228942222222222,63.6181481174134,63.6181481174134,63.64461478408006,63.65756703542428,63.68446351979928,67.84463133317082,2.1782794750543104,6.338447288425854,0.9890698504462065,0.0,0.012952251344216847,0.02689648437500125
921,61.64093553228774,64,2176,5,2,0,2,61.64093553228774,2048,0.050083555555555555,61.691019087843294,61.691019087843294,61.706107976732184,61.70613081347303,61.732063050886225,63.370679411020774,0.09112751859848345,1.7297438787330321,0.0,0.0,2.2836740846798875e-05,0.02593223741319406
922,61.68419811914726,64,5248,3,0,0,0,61.68419811914726,5120,0.05929955555555556,61.743497674702816,61.743497674702816,61.77565323025837,61.789896921268905,61.81692140508587,63.53235711588386,0.13272328593861005,1.8481589967366006,0.0,0.0,0.014243691010534576,0.027024483816965983
923,61.79369101802656,96,1664,0,3,0,3,61.79369101802656,1536,0.04854755555555555,61.842238573582115,61.842238573582115,61.854483018026556,61.85504471279727,61.8807260116254,64.32814183514108,0.08703499359884148,2.534450817114525,0.0,0.0,0.0005616947707167697,0.02568129882812542
924,61.800515281473054,96,1664,0,3,0,3,61.842238573582115,1536,0.04854755555555555,61.89078612913767,61.89078612913767,61.903030573582114,61.906407798734776,61.93210191272625,64.3795305558442,0.13158663125319947,2.5790152743711445,0.04172329210906156,0.0,0.0033772251526613672,0.025694113991477252
925,61.82444978456698,128,768,56,1,0,1,61.82444978456698,576,0.06363733333333334,61.88808711790031,61.88808711790031,61.89535378456698,61.91633993746016,61.94298781692444,65.23138825308361,0.11853803235746341,3.4069384685166284,0.0,0.0,0.02098615289317962,0.02664787946428504
926,61.82454256418463,96,1664,0,3,0,3,61.89078612913767,1536,0.04854755555555555,61.93933368469323,61.93933368469323,61.95157812913767,61.95779651499898,61.983501389673464,64.43088123943795,0.15895882548883122,2.606338675253319,0.06624356495304085,0.0,0.006218385861309628,0.02570487467448146
927,61.87873278326553,160,2048,1,5,0,0,63.6181481174134,0,0.5830328888888889,64.20118100630229,64.20118100630229,64.21555878408007,64.22467103933054,64.25137221120555,68.39304594165804,2.3726394279400225,6.514313158392518,1.7394153341478713,0.0,0.009112255250471435,0.026701171875004093
928,61.93907347072978,64,1664,0,3,0,3,61.93933368469323,1536,0.04854755555555555,61.98788124024879,61.98788124024879,62.00012568469323,62.00920675262919,62.03492080761717,63.65770847390596,0.09584733688738822,1.718635003176182,0.0002602139634504397,0.0,0.009081067935959197,0.025714054987979296
929,61.956108748731786,96,256,56,1,0,1,61.956108748731786,0,0.07987911111111111,62.0359878598429,62.0359878598429,62.04041008206512,62.04958421759409,62.07604387335581,64.54190607534923,0.11993512462402123,2.5857973266174454,0.0,0.0,0.009174135528965621,0.026459655761719603
930,61.99485375926626,64,2304,110,1,0,1,62.0359878598429,2112,0.06824533333333334,62.10423319317623,62.10423319317623,62.120033193176226,62.128964649722995,62.15538842359452,63.80502749462006,0.16053466432826013,1.8101737353537999,0.04113410057663458,0.0,0.008931456546768857,0.026423773871528056
931,62.11441958265801,128,1664,0,3,0,3,62.11441958265801,1536,0.04854755555555555,62.16296713821357,62.16296713821357,62.17521158265801,62.189172648061884,62.21488756693208,65.4822976212739,0.10046798427406856,3.367878038615892,0.0,0.0,0.013961065403876205,0.02571491887019306
932,62.17359600171034,160,1344,117,2,0,2,62.17359600171034,1152,0.06536533333333333,62.23896133504367,62.23896133504367,62.249428001710335,62.25107675860727,62.27702445147836,66.4904781007994,0.10342844976802468,4.316882099089057,0.0,0.0,0.0016487568969338895,0.025947692871092443
933,62.34345952263624,96,256,43,5,0,1,64.20118100630229,0,0.07987911111111111,64.2810601174134,64.2810601174134,64.28548233963562,64.30444642995555,64.3305133244868,66.80148333728648,1.9870538018505641,4.458023814650247,1.8577214836660545,0.0,0.018964090319926186,0.026066894531254547
934,62.43386372618399,128,704,84,5,0,,64.2810601174134,256,0.13455644444444445,64.41561656185785,64.41561656185785,64.42252767296895,64.4347857854243,64.46067372487742,67.76621558388105,2.0268099986934303,5.332351857697056,1.84719639122941,0.0,0.01225811245534203,0.02588793945312773
935,62.47100585009792,96,3200,6,5,0,5,64.41561656185785,3072,0.05315555555555555,64.4687721174134,64.4687721174134,64.48954989519117,64.51245106862743,64.53847509206493,67.01030470146918,2.067469241967011,4.539298851371264,1.9446107117599283,0.0,0.022901173436252975,0.026024023437500432
936,62.54716943683963,128,2944,14,7,0,7,62.54716943683963,2752,0.07016533333333333,62.61733477017297,62.61733477017297,62.63669032572852,62.63669032572852,62.66312782572852,65.95394546081968,0.11595838888889176,3.4067760239800506,0.0,0.0,0.0,0.026437500000000114
937,62.625817276169364,96,2432,98,4,0,4,62.625817276169364,2240,0.06862933333333333,62.6944466095027,62.6944466095027,62.71095772061381,62.73625773489319,62.76288978009408,65.28204293067071,0.13707250392471337,2.6562256545013483,0.0,0.0,0.025300014279373784,0.02663204520089124
938,62.63092379304773,160,4096,20,5,0,2,64.4687721174134,0,1.1580657777777779,65.62683789519117,65.62683789519117,65.65259345074674,65.65797001393992,65.68417460378366,69.83144958891411,3.053250810735932,7.200525795866383,1.837848324365666,0.0,0.005376563193181028,0.02620458984374352
939,62.652989916163584,64,5248,3,0,0,0,62.652989916163584,5120,0.05929955555555556,62.71228947171914,62.71228947171914,62.74444502727469,62.767914025063554,62.795211290688556,64.49916109479476,0.14222137452497208,1.8461711786311739,0.0,0.0,0.02346899778886069,0.0272972656250019
940,62.90988448504405,128,896,76,5,0,5,65.62683789519117,704,0.06402133333333333,65.6908592285245,65.6908592285245,65.69883700630228,65.71037968190866,65.73647552454258,69.04591635619632,2.826591039498531,6.136031871152262,2.71695341014712,0.0,0.011542675606378339,0.026095842633921507
941,62.935136542616284,96,1408,12,4,0,4,62.935136542616284,1216,0.06555733333333334,63.000693875949615,63.000693875949615,63.01151609817184,63.02937631748247,63.05593770141105,65.57037064876967,0.12080115879476239,2.6352341061533835,0.0,0.0,0.017860219310634307,0.026561383928573434
942,62.955425545059775,64,5248,3,0,0,0,62.955425545059775,5120,0.05929955555555556,63.01472510061533,63.01472510061533,63.046880656170885,63.06813008951668,63.09542012857918,64.78944262381262,0.1399945835194032,1.8340170787528436,0.0,0.0,0.02124943334579399,0.027290039062499716
943,62.990945425398344,96,896,152,7,0,7,62.990945425398344,704,0.06402133333333333,63.05496675873168,63.05496675873168,63.062944536509455,63.086194231978524,63.11213588236915,65.56533674499937,0.12119045697080821,2.574391319601027,0.0,0.0,0.023249695469068854,0.025941650390628013
944,63.20640600626702,160,640,148,5,0,,65.6908592285245,256,0.11658666666666667,65.80744589519117,65.80744589519117,65.81400145074672,65.81476598213187,65.84076561592093,69.98822935187577,2.634359609653913,6.781823345608757,2.4844532222574855,0.0,0.0007645313851583069,0.025999633789055565
945,63.22050395004866,160,5248,7,4,0,4,63.22050395004866,5120,0.05929955555555556,63.279803505604214,63.279803505604214,63.31195906115977,63.322086989915505,63.348770909186335,67.54610246145569,0.12826695913767594,4.32559851140703,0.0,0.0,0.010127928755736093,0.02668391927083036
946,63.2529708941049,64,2176,1,0,0,0,63.2529708941049,2048,0.050083555555555555,63.30305444966045,63.30305444966045,63.31814333854934,63.341348717446365,63.36863416666512,65.0515125875403,0.11566327256021935,1.7985416934354035,0.0,0.0,0.023205378897024787,0.027285449218751978
947,63.42846056474608,128,4992,11,2,0,2,63.42846056474608,4800,0.07630933333333334,63.50476989807942,63.50476989807942,63.53550323141275,63.551207243052026,63.57762098003119,66.98117819031764,0.1491604152851096,3.552717625571553,0.0,0.0,0.01570401163927926,0.026413736979165492
948,63.503302806335576,96,256,22,7,0,4,63.503302806335576,0,0.07987911111111111,63.58318191744669,63.58318191744669,63.58760413966891,63.60512001322853,63.630795957238945,66.08295586121031,0.1274931509033692,2.5796530548747327,0.0,0.0,0.017515873559617035,0.025675944010416174
949,63.54369741352396,64,1152,28,5,0,5,65.80744589519117,960,0.06478933333333334,65.8722352285245,65.8722352285245,65.8816352285245,65.8927663483428,65.91871871379419,67.55761630002688,2.375021300270234,4.013918886502921,2.263748481667207,0.0,0.011131119818301727,0.02595236545138846
950,63.57777046380738,160,2176,1,0,0,0,63.57777046380738,2048,0.050083555555555555,63.627854019362935,63.627854019362935,63.642942908251825,63.668425231118235,63.695409801430735,67.89605140008679,0.11763933762335199,4.3182809362794075,0.0,0.0,0.02548232286640939,0.02698457031250001
951,63.611066233678166,128,2048,13,6,0,6,63.611066233678166,1856,0.06747733333333333,63.6785435670115,63.6785435670115,63.692921344789276,63.70406370376026,63.730934797510265,67.06031791925504,0.11986856383209954,3.4492516855768756,0.0,0.0,0.01114235897098581,0.026871093750003183
952,63.88421588753131,96,256,49,3,0,7,63.88421588753131,0,0.07987911111111111,63.96409499864242,63.96409499864242,63.96851722086465,63.99356750013364,64.0193170118524,66.45867696755832,0.135101124321082,2.5744610800270067,0.0,0.0,0.025050279268995723,0.025749511718750284
953,63.89291909584631,64,1280,81,1,0,1,63.89291909584631,1088,0.06517333333333333,63.95809242917964,63.95809242917964,63.96820354029075,63.98299543081799,64.00839533316173,65.61617340933361,0.1154762373154199,1.7232543134873026,0.0,0.0,0.014791890527234841,0.025399902343743008
954,63.921637397132585,160,1344,29,4,0,4,63.921637397132585,1088,0.0831431111111111,64.0047805082437,64.0047805082437,64.01524717491037,64.01737172298843,64.04392621517593,68.22299217964765,0.12228881804334435,4.301354782515062,0.0,0.0,0.002124548078057842,0.0265544921875005
955,63.92347903464354,160,5248,3,0,0,0,63.92347903464354,5120,0.05929955555555556,63.982778590199096,63.982778590199096,64.01493414575465,64.01729603189949,64.04427015299324,68.2398182457899,0.12079111834969325,4.316339211146364,0.0,0.0,0.0023618861448397865,0.026974121093743975
956,63.94643114159366,128,2688,38,7,0,7,63.94643114159366,2496,0.06939733333333334,64.01582847492699,64.01582847492699,64.03376180826032,64.04167746765562,64.06751877624937,67.3600290627077,0.1210876346557086,3.4135979211140324,0.0,0.0,0.007915659395294483,0.025841308593754775
957,63.94695730941155,160,832,72,4,0,4,64.0047805082437,640,0.06382933333333334,64.06860984157703,64.06860984157703,64.07623206379925,64.09703666439468,64.12340100358739,68.3013657148039,0.1764436941758376,4.354408405392341,0.05782319883214626,0.0,0.02080460059542588,0.026364339192710418
958,63.99990897812724,96,3200,2,4,0,4,64.06860984157703,3072,0.05315555555555555,64.12176539713258,64.12176539713258,64.14254317491036,64.14976583106134,64.17615931599438,66.6778502118742,0.1762503378671454,2.6779412337469637,0.06870086344979143,0.0,0.007222656150986495,0.02639348493303828
959,64.03434958805659,128,5056,11,2,0,2,64.03434958805659,4864,0.07650133333333334,64.11085092138993,64.11085092138993,64.14193981027881,64.1588467287291,64.18553264181504,67.60860569682805,0.15118305375845864,3.574256108771465,0.0,0.0,0.0169069184502888,0.026685913085941593
960,64.06907840789746,96,256,0,6,0,3,64.06907840789746,0,0.07987911111111111,64.14895751900858,64.14895751900858,64.1533797412308,64.15886741469775,64.18533933852588,66.66686088800505,0.11626093062841392,2.5977824801075826,0.0,0.0,0.005487673466959109,0.02647192382812591
961,64.09737397115926,160,2176,1,0,0,0,64.09737397115926,2048,0.050083555555555555,64.14745752671482,64.14745752671482,64.1625464156037,64.17914808268074,64.20597270833179,68.39748461018722,0.1085987371725281,4.300110639027963,0.0,0.0,0.01660166707704036,0.026824625651045153
962,64.10293114432683,64,512,41,0,0,4,64.14745752671482,0,0.15175822222222224,64.29921574893704,64.29921574893704,64.3050601933815,64.31327609374844,64.33987786551184,65.99660633754031,0.23694672118500648,1.8936751932134825,0.044526382387985564,0.0,0.008215900366948858,0.026601771763395732
963,64.14971931347944,160,512,13,5,0,6,65.8722352285245,0,0.15175822222222224,66.02399345074673,66.02399345074673,66.02983789519118,66.04848786526989,66.07437263089489,70.22489048468827,1.9246533174154479,6.0751711712088365,1.722515915045065,0.0,0.018649970078712386,0.02588476562499409
964,64.17231265999995,64,2176,1,0,0,0,64.29921574893704,2048,0.050083555555555555,64.3492993044926,64.3492993044926,64.36438819338149,64.36648012555648,64.39301534284164,66.04918218389447,0.22070268284169003,1.876869523894527,0.12690308893709812,0.0,0.0020919321749914843,0.02653521728515784
965,64.29287249814274,128,1664,0,3,0,3,64.29287249814274,1536,0.04854755555555555,64.3414200536983,64.3414200536983,64.35366449814275,64.35382523357858,64.3795305558442,67.64651403476357,0.08665805770145596,3.3536415366208274,0.0,0.0,0.00016073543582706407,0.0257053222656225
966,64.3868882118686,64,2176,5,2,0,2,64.3868882118686,2048,0.050083555555555555,64.43697176742415,64.43697176742415,64.45206065631304,64.45241862814316,64.47898415548691,66.16606105978377,0.09209594361831819,1.7791728479151772,0.0,0.0,0.0003579718301267576,0.02656552734374884
967,64.49539021732392,64,1152,141,7,0,,64.49539021732392,256,0.2603448888888889,64.75573510621281,64.75573510621281,64.76513510621281,64.76541867859312,64.79121516296811,66.42050835144468,0.29582494564419903,1.9251181341207655,0.0,0.0,0.00028357238031162524,0.025796484374993156
968,64.80905266480781,160,2816,18,0,0,0,64.80905266480781,2624,0.06978133333333333,64.87883399814115,64.87883399814115,64.8974784425856,64.92040697928137,64.94662712437065,69.13276682047369,0.13757445956284187,4.323714155665883,0.0,0.0,0.02292853669577255,0.026220145089283164
969,65.06562428355087,96,5120,11,2,0,2,65.06562428355087,4928,0.07669333333333334,65.14231761688421,65.14231761688421,65.17376206132866,65.19920617697127,65.22605471212752,67.79762005229679,0.16043042857664602,2.731995768745918,0.0,0.0,0.02544411564261395,0.02684853515624752
970,65.16501139468244,160,1664,0,3,0,3,65.16501139468244,1536,0.04854755555555555,65.213558950238,65.213558950238,65.22580339468244,65.25129139568796,65.2769568009614,69.37520261976253,0.11194540627896288,4.210191225080095,0.0,0.0,0.025488001005513183,0.025665405273443298
971,65.20588773896947,96,4480,31,5,0,5,66.02399345074673,4288,0.07477333333333333,66.09876678408007,66.09876678408007,66.12665567296897,66.15202985745739,66.1780348290483,68.65487223190426,0.9721470900788347,3.448984492934798,0.8181057117772639,0.0,0.02537418448842743,0.026004971590907644
972,65.45522322763935,64,3200,2,4,0,4,65.45522322763935,3072,0.05315555555555555,65.5083787831949,65.5083787831949,65.52915656097268,65.54410298926446,65.57037064876967,67.23130216848693,0.11514742113031673,1.776078940847583,0.0,0.0,0.014946428291779057,0.026267659505208485
973,65.47950341849436,160,1664,0,3,0,3,65.47950341849436,1536,0.04854755555555555,65.52805097404992,65.52805097404992,65.54029541849437,65.5591032853364,65.5847585587739,69.6854270896286,0.10525514027953875,4.205923671134244,0.0,0.0,0.018807866842038834,0.02565527343749352
974,65.57754124811039,160,896,132,6,0,6,65.57754124811039,640,0.0817991111111111,65.6593403592215,65.6593403592215,65.66731813699928,65.68384155206755,65.70990038995818,69.83449513163414,0.13235914184778608,4.2569538835237495,0.0,0.0,0.016523415068263603,0.02605883789063057
975,65.71197254486276,160,1152,24,5,0,5,66.09876678408007,960,0.06478933333333334,66.1635561174134,66.1635561174134,66.1729561174134,66.1780348290483,66.20400337559778,70.35699223029374,0.4920308307350183,4.645019685430981,0.38679423921730915,0.0,0.005078711634894262,0.025968546549478333
976,65.74805921117232,128,1664,0,3,0,3,65.74805921117232,1536,0.04854755555555555,65.79660676672788,65.79660676672788,65.80885121117232,65.81567799236765,65.84136861736765,69.11662874978487,0.09330940619533123,3.3685695386125474,0.0,0.0,0.00682678119532909,0.025690624999995748
977,65.75015937170139,128,2240,150,7,0,7,65.75015937170139,2048,0.06805333333333334,65.81821270503472,65.81821270503472,65.83365714947917,65.85019135925718,65.87612915222593,69.17495417663997,0.12596978052454233,3.4247948049385855,0.0,0.0,0.016534209778015452,0.02593779296874743
978,65.77351110735877,64,1664,0,3,0,3,65.79660676672788,1536,0.04854755555555555,65.84515432228343,65.84515432228343,65.85739876672788,65.8670597306489,65.89277148195099,67.51758137318686,0.11926037459221561,1.7440702658280856,0.023095659369104737,0.0,0.009660963921021448,0.02571175130208303
979,65.89480362457154,160,896,44,0,0,0,65.89480362457154,640,0.0817991111111111,65.97660273568265,65.97660273568265,65.98458051346043,65.99660633754031,66.02289401657677,70.19670212320807,0.12809039200523387,4.3018984986365325,0.0,0.0,0.012025824079884728,0.026287679036457234
980,65.91096077273964,128,1664,8,7,0,7,65.91096077273964,1472,0.06632533333333333,65.97728610607298,65.97728610607298,65.98953055051743,66.00554531433531,66.03134834167906,69.32947614929623,0.12038756893942093,3.4185153765565843,0.0,0.0,0.016014763817878475,0.025803027343755502
981,65.94120043900162,96,5248,19,6,0,6,65.94120043900162,5056,0.07707733333333333,66.01827777233495,66.01827777233495,66.05043332789052,66.06857910089568,66.0946320794113,68.56965404392952,0.1534316404096785,2.6284536049278984,0.0,0.0,0.01814577300515907,0.02605297851562227
982,65.9511102796437,96,2176,1,0,0,0,65.97660273568265,2048,0.050083555555555555,66.0266862912382,66.0266862912382,66.04177518012709,66.04918218389447,66.0754656311601,68.58161286539556,0.12435535151639954,2.630502585751856,0.025492456038946898,0.0,0.007407003767383458,0.02628344726562659
983,65.96814347015739,96,1664,4,6,0,6,66.01827777233495,1536,0.04854755555555555,66.06682532789051,66.06682532789051,66.07906977233496,66.0946320794113,66.1206373528488,68.59536679504559,0.15249388269141662,2.627223324888206,0.0501343021775682,0.0,0.015562307076336879,0.02600527343750514
984,66.0330077916111,64,1408,29,4,0,4,66.0330077916111,1216,0.06555733333333334,66.09856512494443,66.09856512494443,66.10938734716665,66.12434613705092,66.15061501725926,67.80611327339766,0.11760722564815751,1.7731054817865584,0.0,0.0,0.014958789884275348,0.026268880208334622
985,66.07936780993924,160,4096,32,1,0,6,66.07936780993924,0,1.1580657777777779,67.23743358771702,67.23743358771702,67.26318914327258,67.26318914327258,67.29018914327258,71.4552887061446,1.2108213333333424,5.375920896205358,0.0,0.0,0.0,0.027000000000001023
986,66.23833823200306,96,1664,0,3,0,3,66.23833823200306,1536,0.04854755555555555,66.28688578755862,66.28688578755862,66.29913023200307,66.30422590903432,66.32995916796288,68.7811623598109,0.09162093595982412,2.5428241278078474,0.0,0.0,0.005095677031249579,0.025733258928568148
987,66.26978743979939,96,5248,7,4,0,4,66.26978743979939,5120,0.05929955555555556,66.32908699535494,66.32908699535494,66.3612425509105,66.3870569117905,66.41351478009406,68.90917744169192,0.14372734029467438,2.6393900018925365,0.0,0.0,0.025814360879991227,0.026457868303566556
988,66.29044424826269,128,2496,98,4,0,4,66.32908699535494,2304,0.06882133333333333,66.39790832868827,66.39790832868827,66.41477499535495,66.43997313667889,66.4664019696867,69.81761266304609,0.17595772142401245,3.5271684147834037,0.038642747092254126,0.0,0.025198141323940604,0.02642883300781307
989,66.29553419796049,160,1664,0,3,0,3,66.29553419796049,1536,0.04854755555555555,66.34408175351605,66.34408175351605,66.3563261979605,66.38142715066378,66.40717159646456,70.51285024229787,0.1116373985040724,4.21731604433738,0.0,0.0,0.025100952703283497,0.0257444458007825
990,66.30462406327152,96,5248,3,0,0,0,66.30462406327152,5120,0.05929955555555556,66.36392361882707,66.36392361882707,66.39607917438263,66.41719487920697,66.4436669076668,68.9504916739893,0.13904284439527714,2.6458676107177865,0.0,0.0,0.021115704824339332,0.026472028459821217
991,66.32169554399405,64,1664,0,3,0,3,66.34408175351605,1536,0.04854755555555555,66.39262930907161,66.39262930907161,66.40487375351606,66.40717159646456,66.43292403787082,68.05906268533175,0.11122849387676581,1.7373671413376996,0.022386209521997102,0.0,0.0022978429485078777,0.025752441406254434
992,66.3366038877326,96,2560,34,2,0,2,66.3366038877326,2368,0.06901333333333334,66.40561722106592,66.40561722106592,66.42283944328814,66.43667507345565,66.4635763429869,69.02509936544783,0.1269724552543039,2.688495477715236,0.0,0.0,0.013835630167505997,0.02690126953125116
993,66.47252132431396,160,2176,1,0,0,0,66.47252132431396,2048,0.050083555555555555,66.52260487986952,66.52260487986952,66.5376937687584,66.54955990431857,66.57598287795139,70.74958815836432,0.10346155363743037,4.277066834050359,0.0,0.0,0.0118661355601688,0.02642297363281898
994,66.55701472295706,160,5184,11,2,0,2,66.55701472295706,4992,0.07688533333333333,66.6339000562904,66.6339000562904,66.6657000562904,66.68084785177597,66.70811220724471,70.9549815617834,0.15109748428764647,4.397966838826335,0.0,0.0,0.015147795485560778,0.02726435546874484
995,66.56652771079014,96,5248,11,2,0,2,66.6339000562904,5056,0.07707733333333333,66.71097738962374,66.71097738962374,66.7431329451793,66.76264238302596,66.78995764995305,69.34278923709962,0.2234299391629122,2.776261526309483,0.06737234550026017,0.0,0.019509437846664923,0.027315266927089965
996,66.56786708156262,96,2368,50,5,0,5,66.56786708156262,2176,0.06843733333333334,66.63630441489596,66.63630441489596,66.65245997045152,66.67152070958215,66.69751225856052,69.17660890176923,0.12964517699789724,2.6087418202066033,0.0,0.0,0.019060739130637216,0.025991548978367973
997,66.69969070035928,128,2176,1,0,0,0,66.69969070035928,2048,0.050083555555555555,66.74977425591484,66.74977425591484,66.76486314480373,66.78738424513888,66.81377107239582,70.14488490315598,0.11408037203653976,3.4451942027966993,0.0,0.0,0.022521100335154642,0.026386827256942524
998,66.70513047538145,96,3200,6,5,0,5,66.70513047538145,3072,0.05315555555555555,66.758286030937,66.758286030937,66.77906380871478,66.80148333728648,66.82758429882495,69.30762545894252,0.12245382344349309,2.6024949835610727,0.0,0.0,0.02241952857170304,0.026100961538460865
999,66.80864896100267,64,1664,0,3,0,3,66.80864896100267,1536,0.04854755555555555,66.85719651655823,66.85719651655823,66.86944096100268,66.87195333474581,66.89778487771456,68.523256142363,0.08913591671188215,1.7146071813603214,0.0,0.0,0.0025123737431300697,0.02583154296874568
1000,66.83220763355502,64,2176,9,7,0,7,66.83220763355502,2048,0.050083555555555555,66.88229118911057,66.88229118911057,66.89738007799946,66.91637928243426,66.9424724220827,68.58092527038998,0.11026478852768662,1.748717636834968,0.0,0.0,0.01899920443480596,0.02609313964843807
1001,66.87334140723164,64,896,72,4,0,4,66.87334140723164,704,0.06402133333333333,66.93736274056496,66.93736274056496,66.94534051834275,66.96836576711974,66.99465720999083,68.64311876656171,0.12131580275919873,1.769777359330078,0.0,0.0,0.02302524877698886,0.026291442871098525
1002,67.04492303658974,160,1664,0,3,0,3,67.04492303658974,1536,0.04854755555555555,67.0934705921453,67.0934705921453,67.10571503658974,67.13029073708957,67.15612477029269,71.26291843891245,0.11120173370295561,4.217995402322714,0.0,0.0,0.024575700499823938,0.025834033203125273
1003,67.10124017580848,128,1664,0,3,0,3,67.10124017580848,1536,0.04854755555555555,67.14978773136404,67.14978773136404,67.16203217580849,67.18195929177706,67.20779225520036,70.48698488585256,0.10655207939187505,3.3857447100440794,0.0,0.0,0.019927115968570774,0.025832963423297883
1004,67.18079473436269,64,256,0,6,0,3,67.18079473436269,0,0.07987911111111111,67.2606738454738,67.2606738454738,67.26509606769602,67.27066492446338,67.29666785415087,68.92936036600913,0.11587311978817638,1.7485656316464429,0.0,0.0,0.005568856767354191,0.026002929687493292
1005,67.2182264710325,64,512,16,3,0,4,67.2182264710325,0,0.15175822222222224,67.36998469325472,67.36998469325472,67.37582913769917,67.38863667103843,67.41442463490561,69.03905868142549,0.19619816387312028,1.820832210392993,0.0,0.0,0.012807533339255883,0.02578796386718807
1006,67.27153065216066,64,768,60,6,0,6,67.27153065216066,576,0.06363733333333334,67.335167985494,67.335167985494,67.34243465216066,67.34867517836962,67.37455369399461,69.00677091288414,0.10302304183394995,1.7352402607234723,0.0,0.0,0.0062405262089555436,0.025878515624995657
1007,67.31641583516398,64,1664,41,4,0,4,67.31641583516398,1408,0.0841031111111111,67.40051894627508,67.40051894627508,67.41276339071953,67.41508927786194,67.44129093801818,69.09449742867109,0.12487510285420456,1.7780815935071104,0.0,0.0,0.002325887142404781,0.026201660156246476
1008,67.38224470142062,96,1216,24,5,0,5,67.38224470142062,1024,0.06498133333333334,67.44722603475395,67.44722603475395,67.45698159030951,67.47951026787544,67.50554512364467,69.98822935187577,0.12330042222404813,2.605984650455156,0.0,0.0,0.02252867756592991,0.026034855769225373
1009,67.49297215620021,128,3008,14,7,0,7,67.49297215620021,2816,0.07035733333333334,67.56332948953354,67.56332948953354,67.58304060064465,67.59413892598894,67.62026709981707,70.89906045919207,0.12729494361686022,3.4060883029918614,0.0,0.0,0.011098325344292448,0.026128173828126933
1010,67.50487003972911,96,2176,5,2,0,2,67.50487003972911,2048,0.050083555555555555,67.55495359528467,67.55495359528467,67.57004248417356,67.58151715516138,67.60860569682805,70.13343419850214,0.1037356570989374,2.628564158773031,0.0,0.0,0.011474670987823288,0.027088541666671517
1011,67.59461568872493,64,4288,83,6,0,6,67.59461568872493,4096,0.07419733333333334,67.66881302205826,67.66881302205826,67.69563524428048,67.71101883071337,67.73710558201546,69.36885787577476,0.14248989329053074,1.7742421870498362,0.0,0.0,0.015383586432889729,0.026086751302088373
1012,67.64679312600016,64,960,52,7,0,7,67.64679312600016,768,0.06421333333333333,67.71100645933349,67.71100645933349,67.71933979266683,67.72478467794207,67.75078292012957,69.38090762716081,0.10398979412940434,1.7341145011606471,0.0,0.0,0.005444885275238676,0.025998242187498022
1013,67.77218945936747,160,1664,0,3,0,3,67.77218945936747,1536,0.04854755555555555,67.82073701492303,67.82073701492303,67.83298145936747,67.85276208163857,67.87854794811585,71.98724754047494,0.10635848874838416,4.215058081107472,0.0,0.0,0.019780622271099446,0.02578586647727832
1014,67.91793024502383,128,3200,6,5,0,5,67.91793024502383,3072,0.05315555555555555,67.97108580057937,67.97108580057937,67.99186357835715,68.00087537613958,68.02696504233276,71.36558570127588,0.1090347973089365,3.4476554562520505,0.0,0.0,0.009011797782420672,0.026089666193186645
1015,67.94609890719161,160,704,116,1,0,,67.94609890719161,256,0.13455644444444445,68.08065535163605,68.08065535163605,68.08756646274716,68.10041619405384,68.12659563741322,72.24962555510291,0.18049673022160562,4.303526647911298,0.0,0.0,0.012849731306673107,0.02617944335938205
1016,68.01344437727703,128,1152,145,1,0,,68.08065535163605,256,0.2603448888888889,68.34100024052495,68.34100024052495,68.35040024052495,68.36223260030384,68.38820965108509,71.68491673348834,0.374765273808066,3.6714723562113107,0.06721097435902834,0.0,0.011832359778892965,0.025977050781250455
1017,68.03267061987033,160,256,12,6,0,4,68.03267061987033,0,0.07987911111111111,68.11254973098144,68.11254973098144,68.11697195320366,68.1284654452967,68.1544214999842,72.26048948384765,0.12175088011386492,4.227818863977319,0.0,0.0,0.011493492093038071,0.025956054687497954
1018,68.04588372768882,128,4352,47,5,0,5,68.04588372768882,4160,0.07438933333333334,68.12027306102215,68.12027306102215,68.14745083879993,68.15742069751742,68.18359932707472,71.52474712705713,0.13771559938589917,3.478863399368308,0.0,0.0,0.009969858717497004,0.02617862955729322
1019,68.12563624333995,160,256,50,7,0,5,68.12563624333995,0,0.07987911111111111,68.20551535445107,68.20551535445107,68.20993757667328,68.21883477559832,68.24469520854103,72.31140982442643,0.11905896520107717,4.18577358108648,0.0,0.0,0.008897198925041039,0.025860432942707234
1020,68.1797284343764,128,2176,5,2,0,2,68.1797284343764,2048,0.050083555555555555,68.22981198993196,68.22981198993196,68.24490087882084,68.25444732280461,68.28116109233586,71.64415989023392,0.10143265795946377,3.4644314558575218,0.0,0.0,0.009546443983765585,0.026713769531255593
1021,68.23125748603711,96,1728,17,6,0,6,68.23125748603711,1536,0.06651733333333333,68.29777481937045,68.29777481937045,68.31037481937045,68.3361275546717,68.36207298924202,70.81921208080638,0.1308155032049143,2.587954594769272,0.0,0.0,0.025752735301253438,0.025945434570317616
1022,68.30293126710386,64,1536,20,2,0,2,68.30293126710386,1280,0.0837191111111111,68.38665037821497,68.38665037821497,68.3981837115483,68.41473726421086,68.44129284689315,70.10702564660482,0.1383615797892901,1.8040943795009667,0.0,0.0,0.016553552662557536,0.026555582682291856
1023,68.49742150128591,96,2880,10,2,0,2,68.49742150128591,2688,0.06997333333333333,68.56739483461925,68.56739483461925,68.58639483461926,68.60063659689314,68.6271737760226,71.14025996347611,0.12975227473668838,2.6428384621901984,0.0,0.0,0.014241762273883296,0.02653717912946263
1024,68.52408602625945,160,960,76,5,0,5,68.52408602625945,768,0.06421333333333333,68.58829935959278,68.58829935959278,68.59663269292612,68.60260009648759,68.6287359200553,72.79854990212222,0.10464989379585177,4.274463875862764,0.0,0.0,0.005967403561470519,0.0261358235677136
1025,68.5335217970207,64,4096,41,1,0,4,68.5335217970207,0,1.1580657777777779,69.69158757479848,69.69158757479848,69.71734313035404,69.73968914327259,69.7659413405382,71.40372116057169,1.2324195435175085,2.870199363550995,0.0,0.0,0.022346012918546876,0.026252197265620225
1026,68.61192962888381,64,1664,0,3,0,3,68.61192962888381,1536,0.04854755555555555,68.66047718443937,68.66047718443937,68.67272162888382,68.67798872699841,68.70378140277965,70.33179142882132,0.09185177389583998,1.7198617999375045,0.0,0.0,0.005267098114586588,0.025792675781247
1027,68.69386059293855,96,3200,6,5,0,5,68.69386059293855,3072,0.05315555555555555,68.7470161484941,68.7470161484941,68.76779392627188,68.78506221769972,68.81114526620232,71.31250269346337,0.11728467326376801,2.6186421005248235,0.0,0.0,0.0172682914278397,0.026083048502599127
1028,68.70538083246129,96,4736,23,4,0,4,68.70538083246129,4416,0.11109688888888888,68.81647772135018,68.81647772135018,68.8457888324613,68.85566499052004,68.88242097196536,71.42309158557215,0.17704013950407216,2.7177107531108646,0.0,0.0,0.009876158058744977,0.02675598144531932
1029,68.81037117304739,160,640,88,1,0,,69.69158757479848,256,0.11658666666666667,69.80817424146514,69.80817424146514,69.81472979702069,69.81844719991321,69.84451262960071,73.9741870785404,1.0341414565533285,5.16381590549301,0.8812164017510895,0.0,0.003717402892519317,0.026065429687506025
1030,68.87964081267562,128,2240,58,5,0,5,68.87964081267562,2048,0.06805333333333334,68.94769414600896,68.94769414600896,68.9631385904534,68.9676538111242,68.99374083786698,72.3351414548566,0.11410002519136242,3.4555006421809793,0.0,0.0,0.0045152206707967935,0.02608702674278618
1031,68.89330589141933,96,1600,20,2,0,2,68.89330589141933,1408,0.06613333333333334,68.95943922475267,68.95943922475267,68.97132811364156,68.97220153829939,68.99865020773298,71.51093662363236,0.10534431631364782,2.61763073221303,0.0,0.0,0.0008734246578256943,0.026448669433591476
1032,69.07438561860906,160,960,32,6,0,6,69.07438561860906,704,0.0819911111111111,69.15637672972017,69.15637672972017,69.1647100630535,69.188109535931,69.21392926249351,73.32006968404298,0.13954364388445128,4.24568406543392,0.0,0.0,0.023399472877500216,0.025819726562502865
1033,69.07640074437063,160,2176,1,0,0,0,69.07640074437063,2048,0.050083555555555555,69.12648429992619,69.12648429992619,69.14157318881507,69.15867079182786,69.18461476155443,73.35000588878657,0.10821401718379775,4.273605144415939,0.0,0.0,0.017097603012786067,0.025943969726569094
1034,69.07651411972265,128,4416,47,5,0,5,69.07651411972265,4224,0.07458133333333333,69.15109545305597,69.15109545305597,69.17862878638931,69.20274313472378,69.22896298335658,72.56947836891909,0.15244886363393562,3.492964249196447,0.0,0.0,0.024114348334464353,0.02621984863280602
1035,69.31017433198313,64,5248,19,6,0,6,69.31017433198313,5120,0.05929955555555556,69.36947388753869,69.36947388753869,69.40162944309425,69.41985372538414,69.44576515116539,71.07834721264231,0.13559081918225502,1.7681728806591792,0.0,0.0,0.018224282289892813,0.02591142578124561
1036,69.31717619854005,160,1664,0,3,0,3,69.31717619854005,1536,0.04854755555555555,69.36572375409561,69.36572375409561,69.37796819854006,69.40105760023128,69.42690693058843,73.53778172016246,0.10973073204837647,4.220605521622403,0.0,0.0,0.023089401691223088,0.025849330357146982
1037,69.4501126466255,64,960,152,7,0,7,69.4501126466255,768,0.06421333333333333,69.51432597995883,69.51432597995883,69.52265931329217,69.53586319356707,69.56157120137956,71.1777745705202,0.11145855475406563,1.7276619238947006,0.0,0.0,0.013203880274900825,0.025708007812497158
1038,69.58091668665901,128,5248,11,2,0,2,69.58091668665901,5120,0.05929955555555556,69.64021624221456,69.64021624221456,69.67237179777013,69.68457984582358,69.71105592004233,73.09625095468705,0.1301392333833178,3.5153342680280417,0.0,0.0,0.012208048053452103,0.02647607421874909
1039,69.64349281093007,64,1216,153,1,0,1,69.80817424146514,1024,0.06498133333333334,69.87315557479847,69.87315557479847,69.88291113035403,69.89664495381946,69.92263299092883,71.5573947608321,0.2791401799987625,1.9139019499020264,0.16468143053506878,0.0,0.013733823465429396,0.025988037109371476
1040,69.66035677656495,160,2304,42,4,0,4,69.66035677656495,2112,0.06824533333333334,69.72860210989829,69.72860210989829,69.74440210989829,69.76445592476485,69.79103404976485,74.03915501989448,0.1306772731998933,4.378798243329527,0.0,0.0,0.020053814866557218,0.02657812500000034
1041,69.71427999914772,160,512,18,2,0,0,69.71427999914772,0,0.15175822222222224,69.86603822136995,69.86603822136995,69.8718826658144,69.89640211144858,69.92272834435873,74.16447686614538,0.20844834521101063,4.450196866997658,0.0,0.0,0.024519445634183512,0.026326232910150793
1042,69.8061297460776,160,1536,25,6,0,6,69.8061297460776,1344,0.06594133333333334,69.87207107941093,69.87207107941093,69.88360441274426,69.88653590311851,69.91250279764976,74.01559491190756,0.10637305157216304,4.209465165829954,0.0,0.0,0.0029314903742516663,0.025966894531251228
1043,69.81289768973639,64,3200,6,5,0,5,69.81289768973639,3072,0.05315555555555555,69.86605324529194,69.86605324529194,69.88683102306972,69.9097755166485,69.93592630677634,71.60384026670556,0.1230286170399495,1.7909425769691723,0.0,0.0,0.022944493578776815,0.026150790127843493
1044,69.91680609684663,64,1024,32,6,0,6,69.91680609684663,832,0.06440533333333334,69.98121143017997,69.98121143017997,69.98990031906885,69.99040641093102,70.01629711731123,71.64334407369141,0.09949102046459757,1.7265379768447815,0.0,0.0,0.0005060918621637711,0.02589070638020985
1045,70.13164726207462,160,2944,18,0,0,0,70.13164726207462,2688,0.08794311111111111,70.21959037318574,70.21959037318574,70.23894592874129,70.24891501383307,70.27513229898932,74.44353426490262,0.14348503691469716,4.311887002828001,0.0,0.0,0.009969085091782404,0.02621728515624966
1046,70.19771441766089,128,1792,17,6,0,6,70.19771441766089,1600,0.06670933333333334,70.26442375099423,70.26442375099423,70.27737930654978,70.30112711405602,70.32702059898905,73.60405454732422,0.12930618132816107,3.4063401296633344,0.0,0.0,0.023747807506239837,0.025893484933035893
1047,70.27849983460732,96,2176,13,6,0,6,70.27849983460732,1920,0.08563911111111111,70.36413894571842,70.36413894571842,70.3792278346073,70.40470398347566,70.43062030427643,72.88083384419922,0.1521204696691143,2.6023340095918996,0.0,0.0,0.025476148868349924,0.025916320800774884
1048,70.37366394411292,64,1600,25,6,0,6,70.37366394411292,1408,0.06613333333333334,70.43979727744626,70.43979727744626,70.45168616633515,70.45653711335846,70.48243929434805,72.1062581361914,0.10877535023513474,1.73259419207848,0.0,0.0,0.004850947023314234,0.02590218098958985
1049,70.42235956595484,64,5248,3,0,0,0,70.42235956595484,5120,0.05929955555555556,70.48165912151039,70.48165912151039,70.51381467706595,70.53733200602056,70.56388962320807,72.22740821858568,0.14153005725323453,1.8050486526308447,0.0,0.0,0.023517328954611116,0.02655761718750682
1050,70.64082598880277,128,960,44,0,0,0,70.64082598880277,768,0.06421333333333333,70.7050393221361,70.7050393221361,70.71337265546944,70.72324558023932,70.74958815836432,74.0786610924696,0.10876216956154394,3.4378351036668278,0.0,0.0,0.009872924769879887,0.026342578124996407
1051,70.65959580511647,128,5248,11,2,0,2,70.65959580511647,5120,0.05929955555555556,70.71889536067202,70.71889536067202,70.75105091622758,70.76858458912714,70.7952112632343,74.1918862899735,0.13561545811782594,3.532290484857029,0.0,0.0,0.017533672899560315,0.02662667410714903
1052,70.82123800649359,96,1280,85,1,0,1,70.82123800649359,1088,0.06517333333333333,70.88641133982692,70.88641133982692,70.89652245093804,70.91054021749133,70.93649271470115,73.39705768400916,0.11525470820755856,2.575819677515568,0.0,0.0,0.014017766553294564,0.02595249720981485
1053,71.01500956809362,160,4544,59,4,0,4,71.01500956809362,4352,0.07496533333333334,71.08997490142696,71.08997490142696,71.1182193458714,71.12786022163985,71.15476777372318,75.38649699965137,0.13975820562956187,4.371487431557753,0.0,0.0,0.009640875768454293,0.026907552083329733
1054,71.02399052325401,96,3200,2,4,0,4,71.08997490142696,3072,0.05315555555555555,71.1431304569825,71.1431304569825,71.16390823476029,71.18167581408777,71.20849783557215,73.74652389177102,0.18450731231813222,2.7225333685170057,0.06598437817294212,0.0,0.017767579327482963,0.026822021484377956
1055,71.09375765745911,128,3008,18,0,0,0,71.09375765745911,2816,0.07035733333333334,71.16411499079244,71.16411499079244,71.18382610190355,71.19834706949713,71.22476240152838,74.54709188209011,0.13100474406927276,3.453334224631007,0.0,0.0,0.014520967593583123,0.026415332031248795
1056,71.10461470735729,96,4096,69,4,0,1,71.1431304569825,0,1.1580657777777779,72.30119623476028,72.30119623476028,72.32695179031585,72.32942345406174,72.35617247749924,74.88563350477833,1.2515577701419573,3.7810187974210407,0.03851574962521909,0.0,0.002471663745893693,0.026749023437503183
1057,71.49330224147893,96,2176,1,0,0,0,71.49330224147893,2048,0.050083555555555555,71.54338579703449,71.54338579703449,71.55847468592337,71.56820615152839,71.59456837483567,74.0786610924696,0.10126613335674506,2.585358850990673,0.0,0.0,0.009731465605014478,0.02636222330728799
1058,71.65990142282513,128,4096,105,4,0,5,72.30119623476028,0,1.1580657777777779,73.45926201253806,73.45926201253806,73.48501756809362,73.50684239937425,73.53365880562426,76.89026057151379,1.873757382799127,5.230359148688663,0.641294811935154,0.0,0.02182483128062529,0.026816406250006253
1059,71.68779380362675,128,2240,70,1,0,1,71.68779380362675,2048,0.06805333333333334,71.75584713696009,71.75584713696009,71.77129158140453,71.78678424650917,71.81240875822792,75.13631818205604,0.12461495460117078,3.4485243784292976,0.0,0.0,0.015492665104645198,0.025624511718746135
1060,71.70737307995456,96,704,148,5,0,5,71.70737307995456,512,0.06344533333333334,71.7708184132879,71.7708184132879,71.777729524399,71.78787509743472,71.8139305173566,74.30155828428369,0.1065574374020315,2.594185204329122,0.0,0.0,0.010145573035714506,0.026055419921874545
1061,71.7279652151388,128,1472,29,4,0,4,73.45926201253806,1280,0.06574933333333334,73.52501134587139,73.52501134587139,73.53618912364917,73.56047570015551,73.58710997749925,76.94318720725597,1.859144762360458,5.215221992117179,1.731296797399267,0.0,0.024286576506341362,0.026634277343745794
1062,71.88287280341922,96,1536,12,4,0,4,73.52501134587139,1280,0.0837191111111111,73.6087304569825,73.6087304569825,73.62026379031583,73.64037999703051,73.66688920461979,76.17610803380765,1.7840164012005744,4.293235230388433,1.642138542452173,0.0,0.0201162067146754,0.02650920758928521
1063,71.88814030526504,96,4800,23,4,0,4,73.6087304569825,4608,0.07573333333333333,73.68446379031583,73.68446379031583,73.7141304569825,73.71990908464211,73.74652389177102,76.25573218609715,1.8583835865059797,4.367591880832109,1.7205901517174595,0.0,0.005778627659609015,0.02661480712890807
1064,71.96627879514578,96,4416,75,2,0,2,71.96627879514578,4224,0.07458133333333333,72.04086012847911,72.04086012847911,72.06839346181245,72.07333567148393,72.10024546152299,74.65426470794225,0.133966666377205,2.6879859127964636,0.0,0.0,0.004942209671483511,0.026909790039056247
1065,71.99512621291007,96,4416,43,1,0,1,71.99512621291007,4160,0.0923591111111111,72.08748532402117,72.08748532402117,72.11501865735451,72.11994098479042,72.14587692229041,74.64090460783729,0.15075070938034685,2.64577839492722,0.0,0.0,0.004922327435906482,0.025935937499994566
1066,72.16591306763726,64,2880,22,4,0,4,73.68446379031583,2624,0.0877511111111111,73.77221490142695,73.77221490142695,73.79121490142695,73.79975666241835,73.82634742169569,75.49191362562793,1.6604343540584239,3.3260005579906675,1.5185507226785688,0.0,0.008541760991391811,0.026590759277340226
1067,72.21884164346824,64,1344,37,7,0,7,72.21884164346824,1152,0.06536533333333333,72.28420697680157,72.28420697680157,72.29467364346824,72.31140982442643,72.33706607442643,73.95439419942643,0.11822443095819324,1.7355525559581935,0.0,0.0,0.016736180958190516,0.02565624999999727
1068,72.25666622680207,96,2176,1,0,0,0,72.25666622680207,2048,0.050083555555555555,72.30674978235763,72.30674978235763,72.32183867124651,72.33193341389818,72.35805426350755,74.83050623755886,0.10138803670548668,2.573840010756797,0.0,0.0,0.010094742651673982,0.02612084960937011
1069,72.3180330665636,64,2304,158,4,0,4,73.77221490142695,2112,0.06824533333333334,73.84046023476029,73.84046023476029,73.85626023476028,73.87953040509413,73.906070715424,75.57096479750294,1.588037648860393,3.2529317309393377,1.4541818348633484,0.0,0.02327017033384493,0.026540310329863814
1070,72.41470012729198,64,5248,7,4,0,4,73.84046023476029,5120,0.05929955555555556,73.89975979031584,73.89975979031584,73.9319153458714,73.9326115140351,73.95925492223823,75.62369589404312,1.5445547949462508,3.208995766751144,1.4257601074683066,0.0,0.0006961681636994399,0.02664340820312816
1071,72.64591857195923,128,1664,0,3,0,3,72.64591857195923,1536,0.04854755555555555,72.69446612751479,72.69446612751479,72.70671057195923,72.71154929828744,72.73739304828744,76.00161545225883,0.09147447632821581,3.355696880299604,0.0,0.0,0.00483872632820237,0.02584375000000705
1072,72.67041155258704,160,4544,31,5,0,5,72.67041155258704,4352,0.07496533333333334,72.74537688592038,72.74537688592038,72.77362133036482,72.79854990212222,72.82484067360659,77.06221127907537,0.15442912101954676,4.39179972648833,0.0,0.0,0.02492857175739971,0.026290771484369202
1073,72.68562087902981,96,2176,13,6,0,6,72.68562087902981,2048,0.050083555555555555,72.73570443458537,72.73570443458537,72.75079332347426,72.75139780904296,72.77728403951171,75.21641668925132,0.09166316048190026,2.5307958102215053,0.0,0.0,0.0006044855687008521,0.02588623046875682
1074,72.78472263760578,64,2624,26,4,0,4,73.89975979031584,2432,0.06920533333333334,73.96896512364917,73.96896512364917,73.98654290142694,74.01254320348824,74.03915501989448,75.70251293881476,1.254432382288698,2.9177903012089814,1.1150371527100589,0.0,0.026000302061291336,0.02661181640624477
1075,72.82979922782773,64,1664,0,3,0,3,72.82979922782773,1536,0.04854755555555555,72.8783467833833,72.8783467833833,72.89059122782774,72.8924658021937,72.91830141417286,74.5384928285609,0.0885021863451243,1.7086936007331701,0.0,0.0,0.001874574365956505,0.0258356119791614
1076,72.83036443332122,64,2432,102,4,0,4,73.96896512364917,2240,0.06862933333333333,74.0375944569825,74.0375944569825,74.05410556809362,74.06580824255073,74.09241957067573,75.75505354753872,1.2620551373545084,2.9246891142175,1.138600690327948,0.0,0.011702674457112039,0.026611328125
1077,72.83649997156306,64,1792,41,4,0,4,74.0375944569825,1536,0.08448711111111111,74.12208156809362,74.12208156809362,74.13503712364917,74.14564369176948,74.17219500199083,75.83388238276599,1.3356950304277717,2.997382411202935,1.2010944854194463,0.0,0.010606568120309134,0.026551310221350377
1078,72.9310848384269,160,1216,129,0,0,0,72.9310848384269,1024,0.06498133333333334,72.99606617176023,72.99606617176023,73.00582172731579,73.01123419514818,73.03729062650979,77.21570693394095,0.10620578808288883,4.284622095514052,0.0,0.0,0.005412467832385914,0.026056431361610066
1079,72.96294217971638,160,1472,16,4,0,4,74.12208156809362,1216,0.08352711111111111,74.20560867920473,74.20560867920473,74.2167864569825,74.22529908727729,74.25178770656815,78.45656269553723,1.2888455268517731,5.493620515820851,1.1591393883772412,0.0,0.008512630294788437,0.026488619290859106
1080,73.2155224461783,128,512,11,6,0,2,73.2155224461783,0,0.15175822222222224,73.36728066840053,73.36728066840053,73.37312511284497,73.39789146138672,73.42366013814453,76.6719026918555,0.208137691966229,3.4563802456771953,0.0,0.0,0.024766348541746197,0.025768676757806475
1081,73.32222491637205,64,3200,6,5,0,5,73.32222491637205,3072,0.05315555555555555,73.3753804719276,73.3753804719276,73.39615824970538,73.4033611814191,73.42975001605451,75.10573553037744,0.10752509968246216,1.7835106140053938,0.0,0.0,0.007202931713720773,0.026388834635412195
1082,73.32733432416471,128,256,66,3,0,,73.32733432416471,0,0.07987911111111111,73.40721343527582,73.40721343527582,73.41163565749804,73.4351161928187,73.46078184223276,76.7278681703578,0.13344751806805277,3.4005338461930847,0.0,0.0,0.02348053532065819,0.025665649414065683
1083,73.41206704713035,160,4096,15,7,0,1,73.41206704713035,0,1.1580657777777779,74.57013282490813,74.57013282490813,74.59588838046369,74.59588838046369,74.62288838046369,78.83188479973451,1.2108213333333424,5.41981775260416,0.0,0.0,0.0,0.027000000000001023
1084,73.59277594886433,128,1280,129,0,0,0,73.59277594886433,1088,0.06517333333333333,73.65794928219766,73.65794928219766,73.66806039330878,73.68869143566157,73.71468599481335,77.05359707065969,0.1219100459490221,3.4608211217953624,0.0,0.0,0.020631042352789564,0.025994559151783392
1085,73.61093912516823,96,1664,0,3,0,3,73.61093912516823,1536,0.04854755555555555,73.65948668072379,73.65948668072379,73.67173112516824,73.69134861469371,73.7169988832484,76.15723565082654,0.1060597580801641,2.546296525658306,0.0,0.0,0.01961748952547282,0.025650268554684885
1086,73.77480763018605,160,3200,6,5,0,5,73.77480763018605,3072,0.05315555555555555,73.8279631857416,73.8279631857416,73.84874096351938,73.85203777647118,73.87847625303368,78.12892729470038,0.10366862284763556,4.354119664514329,0.0,0.0,0.003296812951802508,0.026438476562503865
1087,73.88622775146997,64,2368,42,4,0,4,74.20560867920473,2176,0.06843733333333334,74.27404601253807,74.27404601253807,74.29020156809362,74.30476640999363,74.33123264883292,75.99177583979724,0.44500489736294924,2.105548088327268,0.31938092773475546,0.0,0.01456484190001106,0.026466238839290668
1088,73.95244694801711,160,1664,0,3,0,3,73.95244694801711,1536,0.04854755555555555,74.00099450357267,74.00099450357267,74.01323894801712,74.02484019184215,74.0505279848109,78.1633104717901,0.09808103679378632,4.210863523772986,0.0,0.0,0.011601243825026586,0.025687792968753342
1089,73.97350650547469,64,256,0,6,0,3,73.97350650547469,0,0.07987911111111111,74.0533856165858,74.0533856165858,74.05780783880802,74.06694354472006,74.09243524393881,75.69945396138674,0.11892873846412044,1.7259474559120491,0.0,0.0,0.009135705912044045,0.0254916992187475
1090,74.02894220480843,64,1152,73,3,0,,74.02894220480843,256,0.2603448888888889,74.28928709369733,74.28928709369733,74.29868709369732,74.30743276996715,74.3331041566859,75.94976014626924,0.3041619518774752,1.920817941460811,0.0,0.0,0.008745676269825253,0.025671386718755684
1091,74.1814813937881,96,1536,16,4,0,4,74.27404601253807,1344,0.06594133333333334,74.33998734587139,74.33998734587139,74.35152067920473,74.35769937595346,74.38411877699512,76.89026057151379,0.20263738320701918,2.708779177725688,0.09256461874996091,0.0,0.006178696748733614,0.026419401041664514
1092,74.24079350180814,160,2176,1,0,0,0,74.24079350180814,2048,0.050083555555555555,74.2908770573637,74.2908770573637,74.30596594625258,74.31334927606335,74.33942544793835,78.56880605503473,0.09863194613021165,4.328012553226586,0.0,0.0,0.007383329810764394,0.02607617187500466
1093,74.27377502207217,64,768,64,0,0,0,74.2908770573637,512,0.0814151111111111,74.37229216847481,74.37229216847481,74.37955883514148,74.3915792565321,74.41755651657674,76.06401529982634,0.1437814945045659,1.7902402777541653,0.017102035291529205,0.0,0.01202042139061632,0.02597726004464107
1094,74.44830454735072,64,1536,29,4,0,4,74.44830454735072,1344,0.06594133333333334,74.51424588068404,74.51424588068404,74.52577921401738,74.54264543715138,74.56902620497364,76.22912946392918,0.12072165762292286,1.7808249165784673,0.0,0.0,0.016866223134002212,0.02638076782226051
1095,74.5227241819791,160,1664,25,6,0,6,74.5227241819791,1472,0.06632533333333333,74.58904951531244,74.58904951531244,74.60129395975689,74.60237176737631,74.62795135722006,78.71400502746746,0.10522717524095526,4.1912808454883645,0.0,0.0,0.0010778076194242203,0.02557958984374409
1096,74.56266299734264,160,3200,2,4,0,4,74.56266299734264,3072,0.05315555555555555,74.61581855289819,74.61581855289819,74.63659633067597,74.88563350477833,74.91199034681934,79.12137731142265,0.3493273494766953,4.558714314080007,0.0,0.0,0.24903717410235515,0.026356842041010964
1097,74.63951314128083,160,4288,151,4,0,4,74.63951314128083,4096,0.07419733333333334,74.71371047461416,74.71371047461416,74.74053269683638,75.38649699965137,75.41285042372364,79.62548750022472,0.7733372824428102,4.985974358943892,0.0,0.0,0.6459643028149884,0.02635342407226915
1098,74.71767928738142,128,4096,4,3,0,6,74.71767928738142,0,1.1580657777777779,75.8757450651592,75.8757450651592,75.90150062071476,75.92386968402965,75.94976014626924,79.25932988096979,1.2320808588878265,4.541650593588372,0.0,0.0,0.02236906331489763,0.025890462239587464
1099,74.73915263866657,64,5248,3,0,0,0,74.73915263866657,5120,0.05929955555555556,74.79845219422212,74.79845219422212,74.83060774977768,74.85618873267605,74.88224761939479,76.54451920607634,0.1430949807282218,1.8053665674097772,0.0,0.0,0.025580982898361526,0.02605888671874368
1100,74.91157984435965,64,1344,85,1,0,1,74.91157984435965,1152,0.06536533333333333,74.97694517769298,74.97694517769298,74.98741184435966,75.00700665861854,75.03291168791542,76.65748826669146,0.12133184355576532,1.7459084223318087,0.0,0.0,0.019594814258880433,0.025905029296879434
1101,74.93594223029156,96,1408,85,1,0,1,74.97694517769298,1216,0.06555733333333334,75.04250251102631,75.04250251102631,75.05332473324853,75.05881720549354,75.08465037606646,77.5536545264571,0.1487081457749042,2.6177122961655357,0.04100294740142374,0.0,0.005492472245009594,0.025833170572923336
1102,75.03223619969688,96,2944,10,2,0,2,75.03223619969688,2752,0.07016533333333333,75.10240153303022,75.10240153303022,75.12175708858577,75.12175708858577,75.14819458858577,77.67284107296076,0.11595838888888466,2.6406048732638823,0.0,0.0,0.0,0.026437500000000114
1103,75.1326618687561,128,5248,3,0,0,0,75.1326618687561,5120,0.05929955555555556,75.19196142431166,75.19196142431166,75.22411697986722,75.24712330298854,75.27343889543646,78.67508242222223,0.14077702668035386,3.5424205534661297,0.0,0.0,0.023006323121322225,0.026315592447915037
1104,75.20963446509391,64,3200,6,5,0,5,75.20963446509391,3072,0.05315555555555555,75.26279002064946,75.26279002064946,75.28356779842724,75.29420916318995,75.32101450173161,77.00851469704412,0.1113800366376978,1.798880231950207,0.0,0.0,0.010641364762705052,0.02680533854166356
1105,75.57556929286291,64,2048,13,7,0,6,75.57556929286291,0,0.5830328888888889,76.1586021817518,76.1586021817518,76.17297995952958,76.18972382968244,76.21623823397931,77.86264531405743,0.6406689411164024,2.2870760211945225,0.0,0.0,0.01674387015285106,0.026514404296875682
1106,75.59176436857597,160,1664,0,3,0,3,75.8757450651592,1536,0.04854755555555555,75.92429262071475,75.92429262071475,75.9365370651592,75.94976014626924,75.97568755512341,80.11222355772762,0.38392318654744884,4.5204591891516515,0.2839806965832281,0.0,0.013223081110041335,0.025927408854172995
1107,75.82558202642124,96,5248,3,0,0,0,75.82558202642124,5120,0.05929955555555556,75.8848815819768,75.8848815819768,75.91703713753236,75.93148739804062,75.95799200183527,78.51581337925347,0.13240997541402066,2.690231352832228,0.0,0.0,0.014450260508255042,0.02650460379464903
1108,75.90913622814816,160,1664,8,7,0,7,76.1586021817518,1536,0.04854755555555555,76.20714973730736,76.20714973730736,76.21939418175181,76.24275312655743,76.26903421379701,80.41333696444804,0.3598979856488569,4.504200736299879,0.24946595360364654,0.0,0.023358944805622173,0.02628108723958178
1109,75.94659733719791,160,1664,20,2,0,2,75.94659733719791,1472,0.06632533333333333,76.01292267053125,76.01292267053125,76.0251671149757,76.04736011592952,76.0734936608514,80.29726445698233,0.12689632365348302,4.3506671197844184,0.0,0.0,0.02219300095381982,0.02613354492187625
1110,75.9583364789844,64,3200,6,5,0,5,75.9583364789844,3072,0.05315555555555555,76.01149203453996,76.01149203453996,76.03226981231774,76.04494321266911,76.07169809548161,77.75753354470037,0.11336161649720111,1.7991970657159584,0.0,0.0,0.012673400351374653,0.02675488281249727
1111,76.02751270100941,96,3200,6,5,0,5,76.02751270100941,3072,0.05315555555555555,76.08066825656496,76.08066825656496,76.10144603434274,76.12520932595037,76.15192690407537,78.67715975726549,0.12441420306595319,2.6496470562560717,0.0,0.0,0.02376329160762225,0.02671757812500175
1112,76.0451454662935,64,4864,23,4,0,4,76.0451454662935,4672,0.07592533333333334,76.12107079962684,76.12107079962684,76.15109302184906,76.17610803380765,76.2026185047278,77.87313349631849,0.15747303843428995,1.827988030024983,0.0,0.0,0.025015011958586797,0.026510470920143803
1113,76.0479005473703,128,1664,0,3,0,3,76.0479005473703,1536,0.04854755555555555,76.09644810292586,76.09644810292586,76.10869254737031,76.13131564757133,76.15723565082654,79.46611760069636,0.10933510345623176,3.4182170533260603,0.0,0.0,0.022623100201016655,0.025920003255208712
1114,76.09095952586735,128,5248,11,2,0,2,76.09095952586735,5120,0.05929955555555556,76.1502590814229,76.1502590814229,76.18241463697846,76.20416870967952,76.23078052608577,79.61617994363598,0.1398210002184186,3.5252204177686366,0.0,0.0,0.021754072701057225,0.02661181640624477
1115,76.13263887413677,160,1408,109,6,0,6,76.13263887413677,1216,0.06555733333333334,76.1981962074701,76.1981962074701,76.20901842969232,76.21082114888674,76.23643263977215,80.34600758106214,0.10379376563537335,4.213368706925365,0.0,0.0,0.0018027191944156584,0.02561149088541015
1116,76.23131704944363,64,1856,41,4,0,4,76.23131704944363,1664,0.06690133333333334,76.29821838277697,76.29821838277697,76.31152949388807,76.33520581890964,76.36162476422214,78.03178535178724,0.13030771477851033,1.800468302343603,0.0,0.0,0.0236763250215688,0.026418945312499886
1117,76.25038905570042,64,4544,91,1,0,1,76.25038905570042,4352,0.07496533333333334,76.32535438903376,76.32535438903376,76.3535988334782,76.36921271330604,76.39541714038937,78.05632884286335,0.14502808468894557,1.8059397871629272,0.0,0.0,0.015613879827839128,0.026204427083328596
1118,76.31885118114772,160,4544,27,2,0,2,76.31885118114772,4352,0.07496533333333334,76.39381651448106,76.39381651448106,76.4220609589255,76.44369263546076,76.47045948116389,80.6926529893484,0.15160830001616432,4.373801808200682,0.0,0.0,0.021631676535264432,0.026766845703122044
1119,76.3864568178259,64,4416,155,5,0,5,76.3864568178259,4224,0.07458133333333333,76.46103815115923,76.46103815115923,76.48857148449257,76.49929985329412,76.52609624001286,78.2079695310285,0.1396394221869599,1.8215127132025941,0.0,0.0,0.010728368801551369,0.026796386718743292
1120,76.40715373015843,64,3008,10,2,0,2,76.40715373015843,2816,0.07035733333333334,76.47751106349176,76.47751106349176,76.49722217460287,76.49722681514827,76.52393482296077,78.20452676632016,0.11678109280234139,1.79737303616173,0.0,0.0,4.640545398615359e-06,0.026708007812501933
1121,76.45725947501904,64,5248,3,0,0,0,76.45725947501904,5120,0.05929955555555556,76.5165590305746,76.5165590305746,76.54871458613016,76.5710396162326,76.59773411493052,78.3021523859499,0.14047463991147424,1.8448929109308523,0.0,0.0,0.02232503010243647,0.026694498697921176
1122,76.49255795130408,64,704,124,7,0,,76.49255795130408,256,0.13455644444444445,76.62711439574852,76.62711439574852,76.63402550685963,76.63702070468243,76.66307295077618,78.30654593254701,0.17051499947210402,1.8139879812429314,0.0,0.0,0.0029951978227984455,0.026052246093755116
1123,76.52860296055924,64,5248,3,0,0,0,76.52860296055924,5120,0.05929955555555556,76.5879025161148,76.5879025161148,76.62005807167036,76.62442910190968,76.65124843784719,78.35589282958829,0.12264547728794639,1.8272898690290447,0.0,0.0,0.004371030239326501,0.026819335937503297
1124,76.6172977900622,160,3200,2,4,0,4,76.6172977900622,3072,0.05315555555555555,76.67045334561774,76.67045334561774,76.69123112339553,76.70511548687838,76.7315564591006,80.94549450706066,0.11425866903840642,4.3281967169984625,0.0,0.0,0.01388436348285893,0.026440972222218306
1125,76.69943966961985,64,3200,2,4,0,4,76.69943966961985,3072,0.05315555555555555,76.7525952251754,76.7525952251754,76.77337300295318,76.7844398683888,76.81089431174817,78.48330439475598,0.11145464212832223,1.7838647251361266,0.0,0.0,0.011066865435623185,0.02645444335936986
1126,76.84240724978565,96,2304,150,7,0,7,76.84240724978565,2112,0.06824533333333334,76.91065258311899,76.91065258311899,76.92645258311899,76.94967988436993,76.97575136874492,79.45728943840638,0.1333441189592719,2.614882188620726,0.0,0.0,0.023227301250940968,0.02607148437499518
1127,77.05954721277836,64,1344,101,1,0,1,77.05954721277836,1152,0.06536533333333333,77.12491254611169,77.12491254611169,77.13537921277836,77.16051976083209,77.18672532723834,78.8267267920821,0.12717811445997995,1.7671795793037433,0.0,0.0,0.02514054805372723,0.02620556640624727
1128,77.07338125105048,64,2048,16,2,0,4,77.07338125105048,0,0.5830328888888889,77.65641413993937,77.65641413993937,77.67079191771715,77.67284107296076,77.69947369014827,79.37838456603181,0.6260924390977891,2.3050033149813345,0.0,0.0,0.002049155243611267,0.026632617187502206
1129,77.10541721481135,128,1728,25,6,0,6,77.10541721481135,1536,0.06651733333333333,77.17193454814469,77.17193454814469,77.1845345481447,77.18747886373049,77.2132827374284,80.50162297819755,0.10786552261704685,3.3962057633861917,0.0,0.0,0.0029443155857933334,0.025803873697910262
1130,77.13898564984657,96,960,36,2,0,2,77.65641413993937,768,0.06421333333333333,77.7206274732727,77.7206274732727,77.72896080660604,77.75274038936702,77.77918024939306,80.29726445698233,0.6401945995464899,3.1582788071357584,0.5174284900927972,0.0,0.023779582760980134,0.026439860026044926
1131,77.19862580198668,160,2304,138,7,0,7,77.19862580198668,2112,0.06824533333333334,77.26687113532002,77.26687113532002,77.28267113532002,77.28864726718243,77.3147329605418,81.45145683749492,0.1161071585551241,4.252831035508237,0.0,0.0,0.005976131862411194,0.02608569335937716
1132,77.3218115931749,64,1664,0,3,0,3,77.3218115931749,1536,0.04854755555555555,77.37035914873046,77.37035914873046,77.3826035931749,77.40747046527967,77.43354907856093,79.07634904600886,0.11173748538602979,1.754537452833958,0.0,0.0,0.024866872104766458,0.026078613281256935
1133,77.3260575794092,128,2176,13,6,0,6,77.3260575794092,2048,0.050083555555555555,77.37614113496475,77.37614113496475,77.39123002385364,77.39392352518882,77.41979498514976,80.70916887663505,0.0937374057405691,3.3831112972258524,0.0,0.0,0.0026935013351874204,0.02587145996093909
1134,77.51271963177825,64,2240,66,7,0,,77.51271963177825,256,0.5658311111111111,78.07855074288936,78.07855074288936,78.0939951873338,78.09764814608867,78.1237586604116,79.76792273918763,0.6110390286333427,2.255203107409372,0.0,0.0,0.0036529587548699283,0.026110514322922995
1135,77.55981889260806,64,5248,11,2,0,2,77.7206274732727,5120,0.05929955555555556,77.77992702882825,77.77992702882825,77.81208258438382,77.8320614342889,77.85866292703444,79.53721265847973,0.29884403442638074,1.9773937658716676,0.16080858066463577,0.0,0.019978849905086804,0.026601492745541577
1136,77.68150211465029,64,1024,44,0,0,0,77.68150211465029,832,0.06440533333333334,77.74590744798363,77.74590744798363,77.75459633687251,77.76159267612846,77.78859218784721,79.4664957360243,0.10709007319692887,1.7849936213740136,0.0,0.0,0.006996339255948669,0.026999511718756253
1137,77.71667057521545,96,1664,0,3,0,3,77.71667057521545,1536,0.04854755555555555,77.765218130771,77.765218130771,77.77746257521545,77.79870093402968,77.82474129861302,80.2930944887172,0.1080707233975744,2.576423913501756,0.0,0.0,0.021238358814230196,0.026040364583337805
1138,77.76793123993237,64,1024,76,5,0,5,77.76793123993237,832,0.06440533333333334,77.8323365732657,77.8323365732657,77.84102546215459,77.86474350563788,77.891221288841,79.52543449684882,0.12329004890862905,1.7575032569164506,0.0,0.0,0.0237180434832851,0.026477783203119998
1139,77.79849510658286,96,2240,126,5,0,5,77.8323365732657,2048,0.06805333333333334,77.90038990659905,77.90038990659905,77.91583435104349,77.91769956032537,77.94410131813787,80.40152938617173,0.14560621155500542,2.6030342795888686,0.03384146668284416,0.0,0.0018652092818882693,0.026401757812493543
1140,78.03383736563545,96,5248,3,0,0,0,78.03383736563545,5120,0.05929955555555556,78.093136921191,78.093136921191,78.12529247674657,78.13963027378472,78.1667160717758,80.68485184419022,0.13287870614034603,2.651014478554771,0.0,0.0,0.014337797038152189,0.027085797991077243
1141,78.19929453676191,160,1856,17,6,0,6,78.19929453676191,1664,0.06690133333333334,78.26619587009525,78.26619587009525,78.27950698120635,78.29971515116539,78.32560724100914,82.44200418711993,0.1263127042472263,4.242709650358023,0.0,0.0,0.02020816995903374,0.02589208984375091
1142,78.22359498342303,160,2176,1,0,0,0,78.22359498342303,2048,0.050083555555555555,78.27367853897859,78.27367853897859,78.28876742786747,78.3021523859499,78.32902236362847,82.53461829229289,0.10542738020544107,4.3110233088698635,0.0,0.0,0.013384958082426124,0.026869977678572354
1143,78.24716841085548,128,2176,1,0,0,0,78.27367853897859,2048,0.050083555555555555,78.32376209453415,78.32376209453415,78.33885098342303,78.35589282958829,78.38254503382936,81.73990939162324,0.13537662297387953,3.4927409807677634,0.026510128123106824,0.0,0.017041846165255947,0.026652204241074173
1144,78.26241808834058,160,1792,25,6,0,6,78.26619587009525,1600,0.06670933333333334,78.33290520342858,78.33290520342858,78.34586075898413,78.35149981913413,78.37738987447267,82.49380142833087,0.11497178613208803,4.231383339990288,0.0037777817546640335,0.0,0.005639060150002706,0.025890055338535944
1145,78.34479832790008,128,4096,147,1,0,3,78.34479832790008,0,1.1580657777777779,79.50286410567786,79.50286410567786,79.52861966123342,79.52861966123342,79.55561966123342,82.94141348447562,1.2108213333333424,4.596615156575538,0.0,0.0,0.0,0.027000000000001023
1146,78.37060959056917,128,2304,94,1,0,1,79.50286410567786,2112,0.06824533333333334,79.5711094390112,79.5711094390112,79.5869094390112,79.60962112607717,79.63618435849905,83.02059073056937,1.265574767929877,4.649981140000193,1.1322545151086842,0.0,0.02271168706597848,0.026563232421878524
1147,78.51141012918363,128,1600,29,4,0,4,78.51141012918363,1408,0.06613333333333334,78.57754346251697,78.57754346251697,78.58943235140586,78.59047399111014,78.6170145184539,81.98204323752941,0.10560438927026894,3.4706331083457798,0.0,0.0,0.0010416397042831704,0.026540527343755116
1148,78.56355311850768,128,1216,28,5,0,5,78.56355311850768,1024,0.06498133333333334,78.62853445184102,78.62853445184102,78.63829000739658,78.65120358050767,78.67715975726549,81.93801864398422,0.11360663875780119,3.3744655254765377,0.0,0.0,0.012913573111092091,0.02595617675781625
1149,78.70687022328417,96,2176,1,0,0,0,78.70687022328417,2048,0.050083555555555555,78.75695377883973,78.75695377883973,78.77204266772861,78.78031191440972,78.80657128940972,81.31735644798486,0.0997010661255473,2.6104862247006935,0.0,0.0,0.008269246681109621,0.02625937499999509
1150,78.70702876256763,96,5248,11,2,0,2,78.70702876256763,5120,0.05929955555555556,78.76632831812319,78.76632831812319,78.79848387367875,78.81705712113785,78.84382686165124,81.3490391345617,0.13679809908360596,2.6420103719940755,0.0,0.0,0.01857324745910205,0.02676974051338732
1151,78.75839410150763,128,4416,39,0,0,0,78.75839410150763,4224,0.07458133333333333,78.83297543484096,78.83297543484096,78.8605087681743,78.88535234409721,78.91176282586805,82.2700175110429,0.15336872436041915,3.511623409535261,0.0,0.0,0.024843575922915306,0.0264104817708386
1152,78.77948775456804,160,1088,76,5,0,5,78.77948775456804,896,0.06459733333333334,78.84408508790138,78.84408508790138,78.85312953234582,78.85734367653632,78.88303337380194,82.98186442848943,0.10354561923389838,4.202376673921393,0.0,0.0,0.004214144190498814,0.025689697265619316
1153,79.1352048496271,160,1664,0,3,0,3,79.1352048496271,1536,0.04854755555555555,79.18375240518266,79.18375240518266,79.19599684962711,79.20714677550104,79.2332380840948,83.32565115782526,0.09803323446769241,4.190446308198162,0.0,0.0,0.01114992587393715,0.026091308593748863
1154,79.1615980271186,160,1472,33,2,0,2,79.1615980271186,1280,0.06574933333333334,79.22734736045193,79.22734736045193,79.2385251382297,79.24543156310213,79.27207676573884,83.44767494805376,0.1104787386202446,4.286076920935159,0.0,0.0,0.006906424872425987,0.02664520263671477
1155,79.17144467575618,160,1664,20,2,0,2,79.22734736045193,1536,0.04854755555555555,79.27589491600749,79.27589491600749,79.28813936045194,79.29872245665682,79.3252760048339,83.50014125664751,0.15383132907771824,4.328696580891332,0.055902684695752214,0.0,0.010583096204882736,0.02655354817707689
1156,79.23083550070469,160,768,144,2,0,2,79.27589491600749,512,0.0814151111111111,79.3573100271186,79.3573100271186,79.36457669378527,79.37838456603181,79.40486666238598,83.57897310479204,0.17403116168129884,4.348137604087356,0.04505941530280211,0.0,0.013807872246545116,0.026482096354172313
1157,79.23527667043024,128,3200,2,4,0,4,79.23527667043024,3072,0.05315555555555555,79.28843222598579,79.28843222598579,79.30921000376357,79.33355244163099,79.36008613303723,82.73011680058744,0.12480946260699,3.4948401301572005,0.0,0.0,0.024342437867417743,0.026533691406243065
1158,79.26729310651639,160,2304,86,2,0,2,79.3573100271186,2048,0.0860231111111111,79.44333313822972,79.44333313822972,79.45913313822972,79.48431588113598,79.51076402566723,83.68456057689026,0.24347091915083752,4.417267470373872,0.0900169206022099,0.0,0.025182742906267208,0.02644814453124411
1159,79.28618611497917,64,768,156,7,0,7,79.28618611497917,576,0.06363733333333334,79.3498234483125,79.3498234483125,79.35709011497917,79.37946902825013,79.40540867668763,81.03287602694803,0.11922256170845458,1.7466899119688577,0.0,0.0,0.022378913270955536,0.025939648437500296
1160,79.30250128268345,64,1664,0,3,0,3,79.30250128268345,1536,0.04854755555555555,79.35104883823901,79.35104883823901,79.36329328268346,79.38858342100886,79.41442765929011,81.03678141905574,0.11192637660666094,1.7342801363722913,0.0,0.0,0.025290138325402722,0.02584423828125182
1161,79.34259528770633,160,3200,2,4,0,4,79.34259528770633,3072,0.05315555555555555,79.39575084326188,79.39575084326188,79.41652862103966,79.43969013694348,79.46623115256848,83.67921376161794,0.12363586486215183,4.336618473911614,0.0,0.0,0.02316151590382276,0.026541015624999886
1162,79.34709539658829,160,1664,4,6,0,6,79.34709539658829,1536,0.04854755555555555,79.39564295214385,79.39564295214385,79.4078873965883,79.41342631652996,79.4393211733008,83.55621972647693,0.09222577671251031,4.209124329888638,0.0,0.0,0.005538919941670883,0.02589485677083303
1163,79.4857641258053,160,1664,4,6,0,6,79.4857641258053,1536,0.04854755555555555,79.53431168136086,79.53431168136086,79.54655612580531,79.5688027813737,79.59468838405228,83.71239111319568,0.10892425824697227,4.226626987390375,0.0,0.0,0.022246655568395113,0.025885602678570763
1164,79.51175253686168,64,2176,1,0,0,0,79.51175253686168,2048,0.050083555555555555,79.56183609241724,79.56183609241724,79.57692498130612,79.5994967125868,79.62600851271701,81.29096024262772,0.11425597585532898,1.7792077057660407,0.0,0.0,0.02257173128067791,0.026511800130208485
1165,79.61765671656174,160,1856,25,6,0,6,79.61765671656174,1664,0.06690133333333334,79.68455804989507,79.68455804989507,79.69786916100618,79.69823567757906,79.72412599740328,83.84228369132067,0.10646928084153728,4.224626974758934,0.0,0.0,0.000366516572881892,0.025890319824213748
1166,79.64781361905833,128,2304,146,6,0,6,79.68455804989507,2112,0.06824533333333334,79.75280338322841,79.75280338322841,79.76860338322841,79.77590810189547,79.80182579937811,83.08953133032584,0.15401218031978203,3.441717711267515,0.036744430836748165,0.0,0.007304718667057841,0.02591769748264028
1167,79.65791605527696,96,3072,10,2,0,2,79.65791605527696,2880,0.07054933333333334,79.72846538861029,79.72846538861029,79.74853205527695,79.77315150125317,79.79935251036775,82.29494221073358,0.1414364550907976,2.637026155456624,0.0,0.0,0.024619445976213683,0.026201009114586782
1168,79.77988597911056,96,1664,4,6,0,6,79.77988597911056,1536,0.04854755555555555,79.82843353466612,79.82843353466612,79.84067797911057,79.85366265918714,79.87957115528089,82.33837734250189,0.09968517617032546,2.558491363391326,0.0,0.0,0.012984680076570498,0.025908496093748568
1169,79.80746500726458,96,1088,44,0,0,0,79.80746500726458,896,0.06459733333333334,79.87206234059792,79.87206234059792,79.88110678504236,79.89115336948784,79.91752969482266,82.4283798157304,0.1100646875580793,2.6209148084658125,0.0,0.0,0.010046584445476014,0.026376325334823036
1170,79.88981346441966,160,2176,1,0,0,0,79.88981346441966,2048,0.050083555555555555,79.93989701997522,79.93989701997522,79.9549859088641,79.97028381033606,79.9966221892423,84.2035446594804,0.10680872482264192,4.31373119506074,0.0,0.0,0.015297901471953423,0.026338378906245907
1171,79.95495416623316,96,5248,3,0,0,0,79.95495416623316,5120,0.05929955555555556,80.01425372178872,80.01425372178872,80.04640927734428,80.04930041189856,80.075776106343,82.58795056768352,0.12082194010983471,2.632996401450356,0.0,0.0,0.0028911345542752542,0.026475694444442865
1172,80.11467790230961,64,4352,63,1,0,1,80.11467790230961,4160,0.07438933333333334,80.18906723564294,80.18906723564294,80.21624501342072,80.22069900693654,80.24745698219697,81.93251162900687,0.1327790798873565,1.817833726697259,0.0,0.0,0.004453993515824095,0.02675797526042345
1173,80.3247473962056,128,256,17,3,0,6,80.3247473962056,0,0.07987911111111111,80.4046265073167,80.4046265073167,80.40904872953892,80.42225586567032,80.44785335915991,83.71119070860652,0.12310596295431253,3.386443312400928,0.0,0.0,0.013207136131399011,0.025597493489584622
1174,80.66940751748517,128,512,0,6,0,3,80.66940751748517,0,0.15175822222222224,80.8211657397074,80.8211657397074,80.82701018415185,80.83877267127791,80.8646108670787,84.15310535531341,0.1952033495935268,3.4836978378282453,0.0,0.0,0.011762487126063093,0.02583819580078739
1175,80.81798459319225,128,1216,77,2,0,2,80.81798459319225,1024,0.06498133333333334,80.88296592652559,80.88296592652559,80.89272148208114,80.90232681747341,80.92845000385734,84.26630763557702,0.11046541066508553,3.4483230423847715,0.0,0.0,0.009605335392265602,0.026123186383927077
1176,80.84121863237233,160,3200,2,4,0,4,80.84121863237233,3072,0.05315555555555555,80.89437418792788,80.89437418792788,80.91515196570566,80.91905280784191,80.94549450706066,85.14471948303412,0.10427587468832655,4.303500850661791,0.0,0.0,0.0039008421362467516,0.026441699218750614
1177,80.877962274387,96,3072,14,7,0,7,80.877962274387,2880,0.07054933333333334,80.94851160772033,80.94851160772033,80.968578274387,80.98080913241678,81.00684233554178,83.48339734856262,0.12888006115477424,2.6054350741756167,0.0,0.0,0.012230858029781189,0.026033203124995907
1178,80.92534887713535,128,1664,0,3,0,3,80.92534887713535,1536,0.04854755555555555,80.9738964326909,80.9738964326909,80.98614087713536,81.01112175108699,81.03678141905574,84.3038768832717,0.11143254192039365,3.3785280061363494,0.0,0.0,0.024980873951633953,0.025659667968753297
1179,80.95433287543419,64,4608,27,2,0,2,80.95433287543419,4416,0.07515733333333334,81.02949020876753,81.02949020876753,81.05809020876752,81.05907325999573,81.08533986155823,82.74120051151483,0.13100698612403505,1.7868676360806433,0.0,0.0,0.0009830512282036352,0.02626660156249727
1180,80.96140999085505,64,4928,23,4,0,4,80.96140999085505,4736,0.07611733333333334,81.03752732418837,81.03752732418837,81.06790510196615,81.07746228049817,81.10405954612317,82.78322698938952,0.14264955526812173,1.821816998534473,0.0,0.0,0.009557178532020316,0.026597265624999977
1181,81.06087723453449,160,5248,11,2,0,2,81.06087723453449,5120,0.05929955555555556,81.12017679009004,81.12017679009004,81.1523323456456,81.16414259593323,81.19055492232212,85.38045159716556,0.129677687787634,4.319574362631073,0.0,0.0,0.011810250287624058,0.026412326388893348
1182,81.06097248701042,64,1536,61,7,0,7,81.06097248701042,1344,0.06594133333333334,81.12691382034374,81.12691382034374,81.13844715367708,81.16462163241678,81.19077202304179,82.83157028150534,0.12979953603137062,1.7705977944949183,0.0,0.0,0.02617447873970491,0.02615039062500557
1183,81.09852643205484,160,1664,8,7,0,7,81.12691382034374,1536,0.04854755555555555,81.1754613758993,81.1754613758993,81.18770582034375,81.19077202304179,81.21683830722148,85.34658234205219,0.11831187516663988,4.248055909997348,0.028387388288905413,0.0,0.003066202698036591,0.02606628417969148
1184,81.26766165751349,64,1664,0,3,0,3,81.26766165751349,1536,0.04854755555555555,81.31620921306904,81.31620921306904,81.32845365751349,81.34400114561824,81.36965788389949,82.9908558276929,0.10199622638600658,1.7231941701794113,0.0,0.0,0.015547488104743934,0.025656738281256253
1185,81.35009249360263,96,704,112,0,0,0,81.35009249360263,512,0.06344533333333334,81.41353782693596,81.41353782693596,81.42044893804707,81.42313769798486,81.44942669073039,83.96321392217571,0.09933419712776015,2.6131214285730806,0.0,0.0,0.0026887599377829474,0.026288992745534756
1186,81.36410363651352,64,5248,3,0,0,0,81.41353782693596,5120,0.05929955555555556,81.47283738249152,81.47283738249152,81.50499293804708,81.52829659865449,81.55474648879121,83.22205082810018,0.19064285227769062,1.8579471915866606,0.04943419042244557,0.0,0.023303660607410848,0.026449890136717613
1187,81.37262590412733,96,1664,0,3,0,3,81.37262590412733,1536,0.04854755555555555,81.42117345968289,81.42117345968289,81.43341790412734,81.44663102843074,81.47232048155574,83.91737576720027,0.09969457742840859,2.544749863072937,0.0,0.0,0.013213124303405266,0.02568945312499693
1188,81.39397785253229,128,5248,15,1,0,1,81.39397785253229,5120,0.05929955555555556,81.45327740808784,81.45327740808784,81.4854329636434,81.50563260068655,81.53260928525687,84.91092251767876,0.1386314327245799,3.516944665146468,0.0,0.0,0.020199637043148755,0.026976684570314546
1189,81.44413410713481,128,768,108,1,0,1,81.45327740808784,576,0.06363733333333334,81.51691474142117,81.51691474142117,81.52418140808784,81.53260928525687,81.55926602353811,84.93732787249647,0.11513191640329978,3.493193765361653,0.009143300953027733,0.0,0.008427877169026488,0.026656738281246817
1190,81.47605558362046,160,1664,4,6,0,6,81.47605558362046,1536,0.04854755555555555,81.52460313917602,81.52460313917602,81.53684758362047,81.5624267240123,81.58827421750188,85.71820888062653,0.11221863388141173,4.24215329700607,0.0,0.0,0.025579140391826627,0.02584749348957871
1191,81.52729946175648,128,1664,0,3,0,3,81.52729946175648,1536,0.04854755555555555,81.57584701731204,81.57584701731204,81.58809146175649,81.6007750713995,81.62648747374325,84.89575697767273,0.09918801198676874,3.3684575159162478,0.0,0.0,0.012683609643005411,0.025712402343756935
1192,81.75317530251579,96,1664,0,3,0,3,81.75317530251579,1536,0.04854755555555555,81.80172285807134,81.80172285807134,81.81396730251579,81.83220427061825,81.85793473936825,84.3038768832717,0.10475943685246136,2.550701580755913,0.0,0.0,0.018236968102456785,0.02573046874999818
1193,81.91673950329339,160,2304,126,5,0,5,81.91673950329339,2112,0.06824533333333334,81.98498483662672,81.98498483662672,82.00078483662672,82.01478964007798,82.04064779437485,86.25250744257981,0.12390829108146306,4.335767939286427,0.0,0.0,0.01400480345125743,0.025858154296869884
1194,82.03987639268773,96,2560,54,6,0,6,82.03987639268773,2368,0.06901333333333334,82.10888972602106,82.10888972602106,82.12611194824328,82.13118437375188,82.15708178586125,84.62143119585471,0.11720539317352063,2.5815548031669806,0.0,0.0,0.005072425508600986,0.025897412109372908
1195,82.08779660827862,128,4096,5,1,0,2,82.08779660827862,0,1.1580657777777779,83.2458623860564,83.2458623860564,83.27161794161196,83.28557608213187,83.31224356260061,86.69083759626878,1.2244469543219907,4.6030409879901555,0.0,0.0,0.01395814051990385,0.026667480468745453
1196,82.12071868973875,160,4096,95,1,0,6,83.2458623860564,0,1.1580657777777779,84.40392816383418,84.40392816383418,84.42968371938974,84.43271866025687,84.45948501767874,88.64966459008387,2.338766327939993,6.528945900345121,1.1251436963176502,0.0,0.0030349408671241918,0.026766357421877274
1197,82.12588615847935,96,1664,0,3,0,3,82.12588615847935,1536,0.04854755555555555,82.1744337140349,82.1744337140349,82.18667815847935,82.192475266712,82.21822197081356,84.66435751478211,0.09233581233421262,2.5384713563027645,0.0,0.0,0.00579710823264179,0.025746704101564433
1198,82.17002595192263,96,3200,2,4,0,4,82.17002595192263,3072,0.05315555555555555,82.22318150747817,82.22318150747817,82.24395928525595,82.2501291750294,82.2768906984669,84.77953890267699,0.10686474654427514,2.6095129507543646,0.0,0.0,0.006169889773445902,0.026761523437500045
1199,82.31803413679826,64,3200,6,5,0,5,82.31803413679826,3072,0.05315555555555555,82.37118969235381,82.37118969235381,82.39196747013159,82.40271322406235,82.42881104307277,84.09779106423161,0.1107769062745092,1.779756927433354,0.0,0.0,0.010745753930763158,0.026097819010416856
1200,82.36222769957925,96,2688,26,4,0,4,82.36222769957925,2496,0.06939733333333334,82.43162503291258,82.43162503291258,82.44955836624591,82.4642350344044,82.49092497581064,84.98819759408323,0.12869727623139227,2.6259698945039815,0.0,0.0,0.01467666815848645,0.026689941406246476
1201,82.42194238151615,128,4608,31,5,0,5,82.42194238151615,4416,0.07515733333333334,82.49709971484948,82.49709971484948,82.52569971484948,82.53320720192693,82.55959489723942,85.93438615351732,0.13765251572327486,3.512443772001177,0.0,0.0,0.007507487077447195,0.02638769531249352
1202,82.43525644601,96,1600,12,4,0,4,82.43525644601,1408,0.06613333333333334,82.50138977934334,82.50138977934334,82.51327866823223,82.51761540549815,82.54417637089993,85.04028862365912,0.10891992488993196,2.6050321776491216,0.0,0.0,0.004336737265916213,0.026560965401785097
1203,82.58560635835507,96,1472,45,1,0,1,84.40392816383418,1280,0.06574933333333334,84.46967749716751,84.46967749716751,84.48085527494528,84.48625186338187,84.51280948056937,87.03111428897711,1.9272031222143085,4.445507930622043,1.8183218054791155,0.0,0.005396588436582306,0.02655761718750682
1204,82.68538963562095,96,1984,17,6,0,6,82.68538963562095,1728,0.0850631111111111,82.77045274673206,82.77045274673206,82.78447496895429,82.80453371069694,82.8304401438024,85.29965420087703,0.14505050818145548,2.6142645652560788,0.0,0.0,0.02005874174265898,0.0259064331054617
1205,82.74668058400627,96,2240,74,5,0,,82.74668058400627,256,0.5658311111111111,83.31251169511738,83.31251169511738,83.32795613956182,83.32845915505193,83.35498100563787,85.88110441523608,0.608300421631597,3.1344238312298103,0.0,0.0,0.0005030154901106698,0.02652185058593659
1206,82.76406976273431,128,1472,21,2,0,2,82.76406976273431,1280,0.06574933333333334,82.82981909606764,82.82981909606764,82.84099687384541,82.84553872766067,82.87157207029459,86.22381862190514,0.10750230756028145,3.45974885917083,0.0,0.0,0.004541853815254626,0.026033342633922985
1207,82.77362268388104,128,2432,42,4,0,4,82.77362268388104,2240,0.06862933333333333,82.84225201721438,82.84225201721438,82.85876312832549,82.86236693079577,82.88871564498848,86.21308295959662,0.11509296110743605,3.439460275715575,0.0,0.0,0.0036038024702804705,0.026348714192707234
1208,82.80960175844808,128,3136,10,2,0,2,82.82981909606764,2944,0.07074133333333334,82.90056042940097,82.90056042940097,82.92098265162319,82.9236402204062,82.94973708319917,86.30337282112389,0.14013532475108548,3.4937710626758047,0.02021733761955602,0.0,0.0026575687830074912,0.026096862792968523
1209,82.83696055415713,128,4672,27,2,0,2,82.90056042940097,4480,0.07534933333333334,82.9759097627343,82.9759097627343,83.00486531828986,83.02803060126557,83.0542607987482,86.40935231331139,0.21730024459107256,3.5723917591542573,0.06359987524383826,0.0,0.023165282975710966,0.02623019748263289
1210,82.88577042172506,128,1664,0,3,0,3,82.88577042172506,1536,0.04854755555555555,82.93431797728061,82.93431797728061,82.94656242172506,82.96508879210262,82.9908558276929,86.25630263196962,0.10508540596784144,3.370532210244562,0.0,0.0,0.018526370377557555,0.025767035590277487
1211,82.99504571516105,128,5248,3,0,0,0,82.99504571516105,5120,0.05929955555555556,83.05434527071661,83.05434527071661,83.08650082627217,83.08873539841268,83.11539750778768,86.5080528986452,0.12035179262662155,3.5130071834841488,0.0,0.0,0.002234572140508817,0.026662109374996135
1212,83.00219397531745,64,1664,0,3,0,3,83.00219397531745,1536,0.04854755555555555,83.05074153087301,83.05074153087301,83.06298597531746,83.06813127935305,83.09389663308569,84.71581972181336,0.09170265776823783,1.7136257464959073,0.0,0.0,0.005145304035593767,0.025765353732637664
1213,83.01701151731649,128,512,63,7,0,1,83.01701151731649,0,0.15175822222222224,83.16876973953872,83.16876973953872,83.17461418398317,83.19826022291159,83.22414075676575,86.51796305029252,0.20712923944925876,3.500951532976032,0.0,0.0,0.02364603892841899,0.025880533854163446
1214,83.08074936675577,128,512,1,3,0,0,83.08074936675577,0,0.15175822222222224,83.232507588978,83.232507588978,83.23835203342244,83.24849900938777,83.27421590391901,86.53856793144878,0.19346653716324624,3.4578185646930137,0.0,0.0,0.010146975965326988,0.02571689453124293
1215,83.19966346047491,128,2304,66,7,0,7,83.19966346047491,2112,0.06824533333333334,83.26790879380825,83.26790879380825,83.28370879380824,83.30178528801575,83.32772840325012,86.62321695654252,0.12806494277521097,3.423553496067612,0.0,0.0,0.01807649420750579,0.02594311523436943
1216,83.25274427652795,64,2432,30,4,0,4,83.25274427652795,2240,0.06862933333333333,83.32137360986128,83.32137360986128,83.3378847209724,83.36307599655098,83.38940963215366,85.04028862365912,0.13666535562570914,1.787544347131174,0.0,0.0,0.025191275578578143,0.026333635602682648
1217,83.29166022786626,96,4352,83,6,0,6,83.29166022786626,4160,0.07438933333333334,83.36604956119959,83.36604956119959,83.39322733897737,83.40003258590619,83.42606670455854,85.90110524293122,0.134406476692277,2.6094450150649635,0.0,0.0,0.006805246928820452,0.026034118652347615
1218,83.30390762766649,64,1536,33,2,0,2,83.30390762766649,1344,0.06594133333333334,83.36984896099982,83.36984896099982,83.38138229433315,83.39529779961626,83.42148612969439,85.0880018087541,0.11757850202789655,1.7840941810876103,0.0,0.0,0.013915505283108587,0.02618833007812782
1219,83.32012866669663,160,2176,1,0,0,0,83.32012866669663,2048,0.050083555555555555,83.37021222225219,83.37021222225219,83.38530111114108,83.40654480596477,83.43282910772258,87.66675447935887,0.11270044102595023,4.346625812662239,0.0,0.0,0.02124369482369559,0.026284301757812045
1220,83.32579856920758,128,5248,3,0,0,0,83.37021222225219,5120,0.05929955555555556,83.42951177780775,83.42951177780775,83.46166733336331,83.48539917608196,83.51194028936321,86.90501195277466,0.18614172015563213,3.5792133835670796,0.04441365304461442,0.0,0.02373184271864659,0.026541113281254525
1221,83.36484034939409,128,2944,22,4,0,4,83.36484034939409,2752,0.07016533333333333,83.43500568272742,83.43500568272742,83.45436123828297,83.46841346864919,83.49476179628591,86.81097907776068,0.12992144689182794,3.4461387283665914,0.0,0.0,0.014052230366218055,0.026348327636725344
1222,83.45739031519771,64,1664,4,6,0,6,83.45739031519771,1536,0.04854755555555555,83.50593787075327,83.50593787075327,83.51818231519772,83.5302080619804,83.55621972647693,85.19530654462703,0.09882941127921185,1.7379162294293167,0.0,0.0,0.0120257467826832,0.026011664496522258
1223,83.57483226497375,160,1344,81,1,0,1,84.46967749716751,1152,0.06536533333333333,84.53504283050084,84.53504283050084,84.54550949716752,84.56592617978812,84.59233478981416,88.77722196313074,1.0175025248404097,5.202389698156992,0.8948452321937594,0.0,0.020416682620606252,0.02640861002603856
1224,83.63009777489908,64,960,132,6,0,6,83.63009777489908,768,0.06421333333333333,83.69431110823241,83.69431110823241,83.70264444156575,83.71239111319568,83.73836865225817,85.37794202523528,0.10827087735908947,1.7478442503362004,0.0,0.0,0.009746671629926595,0.025977539062495225
1225,83.74808931454395,64,1344,57,4,0,4,83.74808931454395,1152,0.06536533333333333,83.81345464787728,83.81345464787728,83.82392131454395,83.8370872967742,83.86331904726248,85.50908930725288,0.11522973271853232,1.760999992708932,0.0,0.0,0.013165982230248119,0.02623175048827875
1226,83.8353517459799,96,256,10,6,0,2,83.8353517459799,0,0.07987911111111111,83.91523085709102,83.91523085709102,83.91965307931324,83.92022321420013,83.94609705453216,86.42082134226158,0.11074530855225362,2.585469596281669,0.0,0.0,0.0005701348868996092,0.02587384033202511
1227,83.90403398379276,64,1664,8,7,0,7,83.90403398379276,1536,0.04854755555555555,83.95258153934832,83.95258153934832,83.96482598379276,83.9726628108022,83.99843270826314,85.63219025220845,0.09439872447038056,1.7281562684156881,0.0,0.0,0.00783682700944155,0.02576989746093261
1228,83.9154404362184,64,2176,1,0,0,0,83.9154404362184,2048,0.050083555555555555,83.96552399177396,83.96552399177396,83.98061288066285,83.9900536438554,84.01673831182416,85.70702184046999,0.1012978756057521,1.7915814042515876,0.0,0.0,0.00944076319255771,0.026684667968751796
1229,83.91598303615442,128,3200,10,2,0,2,83.91598303615442,3008,0.07093333333333333,83.98691636948774,83.98691636948774,84.00769414726552,84.02819623769756,84.05465110655916,87.39732448128015,0.13866807040474782,3.481341445125736,0.0,0.0,0.020502090432032105,0.026454868861605974
1230,83.9715250907497,96,4352,103,5,0,5,83.9715250907497,4160,0.07438933333333334,84.04591442408302,84.04591442408302,84.0730922018608,84.09779106423161,84.1244598874738,86.64852355586106,0.1529347967241108,2.6769984651113674,0.0,0.0,0.02469886237081198,0.026668823242189887
1231,83.9756839966878,64,3136,14,7,0,7,83.9756839966878,2944,0.07074133333333334,84.04642533002114,84.04642533002114,84.06684755224336,84.07574533033345,84.1016690608022,85.73622703606262,0.12598506411438848,1.7605430393748094,0.0,0.0,0.008897778090087627,0.025923730468747408
1232,84.02701858423073,64,5248,15,1,0,1,84.53504283050084,5120,0.05929955555555556,84.5943423860564,84.5943423860564,84.62649794161196,84.64515347471,84.67172818174124,86.34759408343396,0.6447095975105128,2.3205754992032297,0.5080242462701108,0.0,0.018655533098041133,0.026574707031244316
1233,84.09301624693622,128,512,36,4,0,2,84.09301624693622,0,0.15175822222222224,84.24477446915844,84.24477446915844,84.25061891360289,84.2568538983367,84.28298350988184,87.59146960510442,0.18996726294562905,3.498453358168206,0.0,0.0,0.006234984733808346,0.02612961154514437
1234,84.11990208838775,160,3200,6,5,0,5,84.11990208838775,3072,0.05315555555555555,84.1730576439433,84.1730576439433,84.19383542172108,84.20446928688787,84.23111840798163,88.4400318566423,0.11121631959387912,4.32012976825456,0.0,0.0,0.010633865166795431,0.026649121093754502
1235,84.23895706273623,128,1664,0,3,0,3,84.23895706273623,1536,0.04854755555555555,84.28750461829179,84.28750461829179,84.29974906273624,84.3038768832717,84.32962232598003,87.59836187676129,0.09066526324379254,3.359404814025055,0.0,0.0,0.004127820535458682,0.02574544270832746
1236,84.29731412157979,128,4480,39,0,0,0,84.29731412157979,4288,0.07477333333333333,84.37208745491313,84.37208745491313,84.39997634380202,84.4181628235429,84.44506389776166,87.82454637563399,0.14774977618186824,3.527232254054198,0.0,0.0,0.018186479740876393,0.026901074218756094
1237,84.3333751246006,128,4288,99,6,0,6,84.3333751246006,4096,0.07419733333333334,84.40757245793392,84.40757245793392,84.43439468015615,84.43868180620628,84.46478739702658,87.78780642720703,0.1314122724259903,3.4544313026064373,0.0,0.0,0.004287126050130041,0.02610559082030761
1238,84.44655296716486,64,1280,121,2,0,2,84.44655296716486,1088,0.06517333333333333,84.5117263004982,84.5117263004982,84.52183741160931,84.5322605978166,84.5587195821916,86.22381862190514,0.1121666150267373,1.777265654740276,0.0,0.0,0.010423186207290769,0.026458984374997385
1239,84.50175446711509,96,2048,4,5,0,6,84.50175446711509,0,0.5830328888888889,85.08478735600399,85.08478735600399,85.09916513378177,85.11081332985663,85.13736809873683,87.64497057734543,0.6356136316217373,3.143216110230341,0.0,0.0,0.011648196074858674,0.026554768880203028
1240,84.70151227928551,128,2176,13,6,0,6,84.70151227928551,2048,0.050083555555555555,84.75159583484107,84.75159583484107,84.76668472372995,84.77793154462704,84.80401382001766,88.13089442633897,0.10250154073214901,3.4293821470534596,0.0,0.0,0.011246820897085286,0.026082275390621135
1241,84.96941392623832,96,3008,22,4,0,4,84.96941392623832,2816,0.07035733333333334,85.03977125957165,85.03977125957165,85.05948237068276,85.06634399475287,85.09246866923203,87.56517883362005,0.1230547429937161,2.595764907381735,0.0,0.0,0.006861624070111816,0.026124674479163446
1242,85.1152976778373,96,1664,4,6,0,6,85.1152976778373,1536,0.04854755555555555,85.16384523339286,85.16384523339286,85.17608967783731,85.19530654462703,85.22139272626765,87.70841365376953,0.10609504843034756,2.5931159759322213,0.0,0.0,0.019216866789719234,0.02608618164062193
1243,85.23613313456414,128,1344,129,0,0,0,85.23613313456414,1152,0.06536533333333333,85.30149846789747,85.30149846789747,85.31196513456415,85.33307327276167,85.3597807109127,88.71216701365482,0.12364757634856005,3.4760338790906786,0.0,0.0,0.02110813819751911,0.02670743815103549
1244,85.26002114486928,160,2176,13,6,0,6,85.26002114486928,2048,0.050083555555555555,85.31010470042484,85.31010470042484,85.32519358931373,85.3257526941806,85.35184711556731,89.53764179368922,0.09182597069802512,4.2776206488199335,0.0,0.0,0.0005591048668662779,0.02609442138671625
1245,85.32901354355981,96,3200,6,5,0,5,85.32901354355981,3072,0.05315555555555555,85.38216909911536,85.38216909911536,85.40294687689314,85.42950278298161,85.45606367862894,87.96084557734544,0.1270501350691262,2.631832033785628,0.0,0.0,0.026555906088475467,0.02656089564732156
1246,85.40202553372228,128,2048,0,0,0,3,85.40202553372228,0,0.5830328888888889,85.98505842261117,85.98505842261117,85.99943620038896,86.00227086390748,86.02897398890748,89.36688381052981,0.6269484551852003,3.964858276807533,0.0,0.0,0.002834663518527236,0.026703124999997385
1247,85.55251920221983,64,2176,13,6,0,6,85.55251920221983,2048,0.050083555555555555,85.60260275777539,85.60260275777539,85.61769164666427,85.6397685458826,85.66593852879276,87.31353870802299,0.11341932657293796,1.7610195058031621,0.0,0.0,0.02207689921833378,0.026169982910161593
1248,85.5902029463951,96,1088,32,6,0,6,85.60260275777539,896,0.06459733333333334,85.66720009110873,85.66720009110873,85.67624453555317,85.69210899998417,85.71820888062653,88.2101814746788,0.1280059342314388,2.61997852828371,0.012399811380291226,0.0,0.01586446443100442,0.026099880642362905
1249,85.60836681668137,64,2176,1,0,0,0,85.98505842261117,2048,0.050083555555555555,86.03514197816673,86.03514197816673,86.05023086705562,86.05567760218874,86.08229004638517,87.74560720152684,0.4739232297038001,2.1372403848454695,0.3766916059298069,0.0,0.005446735133119773,0.02661244419643083
1250,85.61458824878778,96,2304,70,1,0,1,85.61458824878778,2112,0.06824533333333334,85.68283358212112,85.68283358212112,85.69863358212112,85.70891195452771,85.7354441810902,88.23320235050055,0.12085593230241898,2.6186141017127653,0.0,0.0,0.010278372406588687,0.026532226562494543
1251,85.65194719327893,64,4352,55,1,0,1,85.68283358212112,4160,0.07438933333333334,85.75722291545445,85.75722291545445,85.78440069323223,85.78851009905895,85.81512826312145,87.4776199530396,0.16318106984252267,1.8256727597606783,0.03088638884219108,0.0,0.00410940582672481,0.02661816406249784
1252,85.72190222426322,128,1408,57,4,0,4,85.72190222426322,1216,0.06555733333333334,85.78745955759655,85.78745955759655,85.79828177981877,85.82251020569038,85.84854497131538,89.19227665728076,0.12664274705215917,3.4703744330175397,0.0,0.0,0.024228425871612558,0.026034765624999068
1253,85.75778013163345,96,3200,14,7,0,7,85.75778013163345,3008,0.07093333333333333,85.82871346496678,85.82871346496678,85.84949124274456,85.86490379387511,85.89091583814594,88.3793962673684,0.13313570651249051,2.6216161357349534,0.0,0.0,0.015412551130552288,0.026012044270828483
1254,85.87718814994274,64,3200,14,7,0,7,85.87718814994274,3072,0.05315555555555555,85.93034370549829,85.93034370549829,85.95112148327607,85.96895490064594,85.99510602369281,87.64945541915412,0.11791787375007345,1.7722672692113832,0.0,0.0,0.01783341736987154,0.026151123046872726
1255,85.93048371882517,128,1664,0,3,0,3,85.93048371882517,1536,0.04854755555555555,85.97903127438073,85.97903127438073,85.99127571882518,85.99920668470399,86.02491408216493,89.30503228691754,0.09443036333975385,3.374548568092365,0.0,0.0,0.007930965878813367,0.02570739746093409
1256,85.94026043794915,64,1088,36,2,0,2,85.94026043794915,832,0.08237511111111111,86.02263554906025,86.02263554906025,86.0316799935047,86.04007317919681,86.06632106331139,87.70412428596765,0.12606062536224272,1.7638638480185023,0.0,0.0,0.008393185692114002,0.02624788411458212
1257,85.95756201952025,128,2368,138,7,0,7,85.95756201952025,2176,0.06843733333333334,86.02599935285359,86.02599935285359,86.04215490840915,86.04740973463032,86.07356305494282,89.39712336465263,0.11600103542257045,3.4395613451323754,0.0,0.0,0.00525482622117579,0.026153320312502615
1258,86.16299308265503,64,1280,28,5,0,5,86.16299308265503,1088,0.06517333333333333,86.22816641598837,86.22816641598837,86.23827752709948,86.25250744257981,86.27890509882981,87.93422546015793,0.11591201617477509,1.7712323775028977,0.0,0.0,0.014229915480328259,0.02639765624999768
1259,86.22614124808554,64,3072,18,0,0,0,86.22614124808554,2880,0.07054933333333334,86.29669058141887,86.29669058141887,86.31675724808554,86.32182401680927,86.34842667794209,88.00766291209231,0.12228542985654656,1.7815216640067746,0.0,0.0,0.005066768723736459,0.026602661132812955
1260,86.27728644683229,128,1664,8,7,0,7,86.27728644683229,1536,0.04854755555555555,86.32583400238785,86.32583400238785,86.3380784468323,86.36128180494282,86.38738320468241,89.71238508340262,0.11009675785011552,3.4350986365703307,0.0,0.0,0.02320335811052132,0.026101399739587805
1261,86.38082395555432,96,512,24,1,0,5,86.38082395555432,0,0.15175822222222224,86.53258217777655,86.53258217777655,86.538426622221,86.55934798968396,86.58564493443842,89.05545536156825,0.20482097888410067,2.67463140601393,0.0,0.0,0.020921367462960916,0.026296944754463425
1262,86.38817656093117,160,4416,83,6,0,6,86.38817656093117,4224,0.07458133333333333,86.4627578942645,86.4627578942645,86.49029122759784,86.49920513132408,86.52548080096693,90.73688074225691,0.13730424003576047,4.348704181325743,0.0,0.0,0.008913903726238459,0.02627566964285677
1263,86.3917267468998,96,2176,13,6,0,6,86.4627578942645,2048,0.050083555555555555,86.51284144982006,86.51284144982006,86.52793033870894,86.55175695889103,86.57800683682072,89.08589685321304,0.18628008992091338,2.694170106313237,0.07103114736469252,0.0,0.02382662018209203,0.02624987792968625
1264,86.40915014689477,160,3200,14,7,0,7,86.40915014689477,3072,0.05315555555555555,86.46230570245032,86.46230570245032,86.4830834802281,86.49179368645324,86.51796305029252,90.6854941735719,0.10881290339774807,4.276344026677123,0.0,0.0,0.008710206225131856,0.02616936383928703
1265,86.84364381061685,128,1152,48,2,0,2,86.84364381061685,960,0.06478933333333334,86.90843314395019,86.90843314395019,86.91783314395019,86.9308903992489,86.95679925341557,90.23611915901452,0.11315544279871403,3.3924753483976673,0.0,0.0,0.013057255298704717,0.025908854166672768
1266,87.0697691406938,64,4288,143,6,0,6,87.0697691406938,4096,0.07419733333333334,87.14396647402712,87.14396647402712,87.17078869624935,87.18188879482854,87.20824285298826,88.8741201605047,0.13847371229446992,1.804351019810909,0.0,0.0,0.011100098579191808,0.02635405815972547
1267,87.134684694564,128,1920,25,6,0,6,87.14396647402712,1728,0.06709333333333334,87.21105980736046,87.21105980736046,87.22472647402712,87.23459739942923,87.26091068067923,90.62958376960067,0.12622598611523017,3.4948990750366704,0.00928177946312303,0.0,0.009870925402111652,0.026313281249997544
1268,87.16853722273721,128,5248,7,4,0,4,87.16853722273721,5120,0.05929955555555556,87.22783677829277,87.22783677829277,87.25999233384833,87.27608601135442,87.30235957092474,90.69614712847216,0.1338223481875218,3.5276099057349484,0.0,0.0,0.016093677506091808,0.02627355957031341
1269,87.18257326888015,64,2176,1,0,0,0,87.18257326888015,2048,0.050083555555555555,87.23265682443571,87.23265682443571,87.24774571332459,87.27290615850383,87.29915664678508,88.94771388865482,0.11658337790493079,1.7651406197746695,0.0,0.0,0.025160445179238877,0.026250488281249318
1270,87.21325234674516,160,2176,1,0,0,0,87.23265682443571,2048,0.050083555555555555,87.28274037999127,87.28274037999127,87.29782926888015,87.29915664678508,87.32538406377726,91.5049526837627,0.11213171703209923,4.291700337017531,0.019404477690542876,0.0,0.0013273779049285395,0.026227416992185226
1271,87.27378072229644,128,3136,18,0,0,0,87.28274037999127,2944,0.07074133333333334,87.3534817133246,87.3534817133246,87.37390393554682,87.3778403626054,87.404102840904,90.73565957550377,0.13032211860756604,3.461878853207338,0.00895965769483098,0.0,0.003936427058576442,0.026262478298605174
1272,87.28487057781209,96,3200,14,7,0,7,87.28487057781209,3072,0.05315555555555555,87.33802613336763,87.33802613336763,87.35880391114542,87.36092535498003,87.38731394547482,89.87052229043388,0.10244336766272966,2.5856517126217966,0.0,0.0,0.002121443834610659,0.02638859049478981
1273,87.33503575659651,64,256,48,7,0,2,87.33802613336763,0,0.07987911111111111,87.41790524447875,87.41790524447875,87.42232746670096,87.44009259130814,87.46630192445546,89.1087761501809,0.1312661678589535,1.77374039358439,0.0029903767711232376,0.0,0.017765124607180383,0.02620933314732099
1274,87.44718411625077,160,3200,2,4,0,4,87.44718411625077,3072,0.05315555555555555,87.50033967180632,87.50033967180632,87.5211174495841,87.5388435797138,87.56517883362005,91.82041248183084,0.11799471736928524,4.373228365580076,0.0,0.0,0.017726130129702256,0.026335253906253797
1275,87.49095841596477,128,704,140,7,0,7,87.49095841596477,512,0.06344533333333334,87.5544037492981,87.5544037492981,87.56131486040921,87.57114413985725,87.59724741134163,90.92264155312918,0.10628899537685754,3.4316831371644128,0.0,0.0,0.009829279448041461,0.026103271484373636
1276,87.49404794805692,128,1664,4,6,0,6,87.49404794805692,1536,0.04854755555555555,87.54259550361247,87.54259550361247,87.55483994805692,87.57695369283202,87.60324470845703,90.97832577108878,0.10919676040010984,3.48427782303186,0.0,0.0,0.022113744775097643,0.026291015625005798
1277,87.55622258046388,160,5248,7,4,0,4,87.55622258046388,5120,0.05929955555555556,87.61552213601944,87.61552213601944,87.647677691575,87.67132360901067,87.69817846740911,91.95443873633805,0.14195588694522598,4.398216155874167,0.0,0.0,0.02364591743567246,0.02685485839843693
1278,87.61471984597118,160,5248,19,6,0,6,87.61471984597118,5120,0.05929955555555556,87.67401940152673,87.67401940152673,87.7061749570823,87.70841365376953,87.73487742330077,91.97793566343438,0.12015757732959287,4.3632158174632,0.0,0.0,0.0022386966872289804,0.026463769531247294
1279,87.96925449548024,96,3200,14,7,0,7,87.96925449548024,3072,0.05315555555555555,88.02241005103579,88.02241005103579,88.04318782881357,88.06607204861841,88.09217971463403,90.58065986367606,0.12292521915378529,2.6114053681958183,0.0,0.0,0.022884219804836903,0.026107666015619202
1280,88.02877040662094,64,256,58,4,0,5,88.02877040662094,0,0.07987911111111111,88.10864951773205,88.10864951773205,88.11307173995426,88.12792260803411,88.15443813537786,89.834697067437,0.12566772875692322,1.8059266608160698,0.0,0.0,0.014850868079847146,0.02651552734374718
1281,88.15174683757185,128,3200,2,4,0,4,88.15174683757185,3072,0.05315555555555555,88.2049023931274,88.2049023931274,88.22568017090518,88.23398764709661,88.26051263082057,91.65966722513441,0.10876579324872182,3.5079203875625637,0.0,0.0,0.008307476191433238,0.026524983723959394
1282,88.15383583078686,64,3200,6,5,0,5,88.15383583078686,3072,0.05315555555555555,88.20699138634241,88.20699138634241,88.22776916412019,88.25382262812668,88.2804224816423,89.94538097773606,0.12658665085544385,1.791545146949204,0.0,0.0,0.026053464006494664,0.026599853515619998
1283,88.22405966733801,160,4096,106,3,0,6,88.22405966733801,0,1.1580657777777779,89.38212544511579,89.38212544511579,89.40788100067135,89.40788100067135,89.43488100067135,93.66433992784309,1.2108213333333424,5.440280260505077,0.0,0.0,0.0,0.027000000000001023
1284,88.30552411594131,64,1536,21,2,0,2,88.30552411594131,1344,0.06594133333333334,88.37146544927464,88.37146544927464,88.38299878260797,88.3948786804989,88.42054884651454,90.05359620979577,0.11502473057322504,1.7480720938544607,0.0,0.0,0.011879897890935354,0.025670166015629547
1285,88.30657388800186,160,3200,2,4,0,4,88.30657388800186,3072,0.05315555555555555,88.35972944355741,88.35972944355741,88.3805072213352,88.39314487365911,88.41967772801179,92.67651515235367,0.11310384000992713,4.369941264351809,0.0,0.0,0.012637652323917337,0.0265328543526806
1286,88.38788853261397,160,4992,23,4,0,4,88.38788853261397,4800,0.07630933333333334,88.4641978659473,88.4641978659473,88.49493119928063,88.49927922075733,88.5259268648003,92.78380616797868,0.13803833218632633,4.395917635364711,0.0,0.0,0.004348021476701547,0.026647644042967045
1287,88.47240376221967,160,4096,19,3,0,6,89.38212544511579,0,1.1580657777777779,90.54019122289357,90.54019122289357,90.56594677844913,90.5693219186401,90.59633241668698,94.78266553296305,2.1239286544673064,6.310261770743381,0.9097216828961194,0.0,0.0033751401909682954,0.027010498046877274
1288,88.50373768240762,128,2176,1,0,0,0,88.50373768240762,2048,0.050083555555555555,88.55382123796318,88.55382123796318,88.56891012685206,88.58170070506107,88.60779299021732,91.9560332385432,0.10405530780970196,3.4522955561355815,0.0,0.0,0.012790578209006753,0.026092285156252615
1289,88.66512313401185,160,3200,10,2,0,2,88.66512313401185,3072,0.05315555555555555,88.7182786895674,88.7182786895674,88.73905646734518,88.7543054383114,88.78027760628015,92.94066597805376,0.11515447226830133,4.275542844041908,0.0,0.0,0.015248970966226238,0.025972167968745907
1290,88.7652878577723,96,1664,0,3,0,3,90.54019122289357,1536,0.04854755555555555,90.58873877844913,90.58873877844913,90.60098322289357,90.6233434030151,90.64995521942134,93.16647191728376,1.8846673616490506,4.401184059511465,1.7749033651212756,0.0,0.022360180121523854,0.02661181640624477
1291,88.85027236676538,96,2048,0,2,0,3,88.85027236676538,0,0.5830328888888889,89.43330525565428,89.43330525565428,89.44768303343206,89.45572536018639,89.48171437385827,91.97094256396244,0.6314420070928861,3.1206701971970574,0.0,0.0,0.00804232675433525,0.025989013671875227
1292,88.96713212648456,128,4096,12,2,0,4,89.43330525565428,0,1.1580657777777779,90.59137103343205,90.59137103343205,90.61712658898762,90.63070778206139,90.65724765836347,93.98812120641914,1.6901155318789165,5.02098907993458,0.466173129169718,0.0,0.013581193073775921,0.02653987630208121
1293,88.99279808016861,128,1152,36,2,0,2,90.59137103343205,960,0.06478933333333334,90.65616036676539,90.65616036676539,90.66556036676539,90.68378802294681,90.71008428759525,94.04057888871081,1.717286207426639,5.0477808085422,1.5985729532634423,0.0,0.018227656181423413,0.026296264648436818
1294,89.07023420428808,128,1664,0,3,0,3,90.58873877844913,1536,0.04854755555555555,90.63728633400468,90.63728633400468,90.64953077844913,90.64995521942134,90.67636757293697,94.02906918984085,1.6061333686488837,4.95883498555277,1.5185045741610423,0.0,0.0004244409722105047,0.02641235351562443
1295,89.17246170998425,160,4352,35,6,0,6,89.17246170998425,4160,0.07438933333333334,89.24685104331758,89.24685104331758,89.27402882109536,89.29828865008804,89.32493545998388,93.58184612195373,0.15247374999962915,4.409384411969484,0.0,0.0,0.024259828992683197,0.02664680989583701
1296,89.27410652183437,160,2752,26,4,0,4,89.27410652183437,2560,0.06958933333333334,89.34369585516771,89.34369585516771,89.3619847440566,89.37981962603075,89.40655717485888,93.66568802167188,0.13245065302450598,4.391581499837514,0.0,0.0,0.01783488197415295,0.02673754882812318
1297,89.28376096162162,64,3200,14,7,0,7,89.28376096162162,3072,0.05315555555555555,89.33691651717717,89.33691651717717,89.35769429495495,89.37086192492049,89.39712336465263,91.05710322305106,0.11336240303100453,1.773342261429434,0.0,0.0,0.013167629965536776,0.02626143973213857
1298,89.30297599544735,96,1984,25,6,0,6,89.30297599544735,1792,0.06728533333333334,89.37026132878069,89.37026132878069,89.38428355100291,89.40487881935887,89.43143043766244,91.97793566343438,0.12845444221508728,2.674959667987025,0.0,0.0,0.020595268355961593,0.026551618303571445
1299,89.44126044124114,64,768,84,5,0,5,89.44126044124114,576,0.06363733333333334,89.50489777457447,89.50489777457447,89.51216444124114,89.52963488398606,89.55561535273607,91.17145104609543,0.11435491149492805,1.730190604854286,0.0,0.0,0.01747044274492282,0.02598046875000648
1300,89.45609884518298,96,4096,30,3,0,4,90.63728633400468,0,1.1580657777777779,91.79535211178246,91.79535211178246,91.82110766733803,91.83899452606197,91.86554198699946,94.36780438329323,2.4094431418164817,4.911705538110255,1.1811874888217062,0.0,0.01788685872394069,0.026547460937493383
1301,89.5346498041604,64,4096,36,3,0,2,91.79535211178246,0,1.1580657777777779,92.95341788956024,92.95341788956024,92.9791734451158,92.98097626434323,93.0076166452026,94.65342540438232,3.472966841042208,5.118775600221923,2.2607023076220685,0.0,0.001802819227421537,0.026640380859376478
1302,89.64323411637525,128,5248,7,4,0,4,89.64323411637525,5120,0.05929955555555556,89.70253367193081,89.70253367193081,89.73468922748637,89.75418974321825,89.78102502967658,93.18523128339062,0.13779091330133042,3.541997167015367,0.0,0.0,0.0195005157318775,0.026835286458336327
1303,89.66784970318791,96,1664,0,3,0,3,92.95341788956024,1536,0.04854755555555555,93.0019654451158,93.0019654451158,93.01420988956025,93.03425751434322,93.06078046356197,95.52969652540811,3.392930760374057,5.861846822220201,3.2855681863723305,0.0,0.020047624782975504,0.02652294921874443
1304,89.84087530690562,128,3200,2,4,0,4,89.84087530690562,3072,0.05315555555555555,89.89403086246116,89.89403086246116,89.91480864023895,89.91583897417529,89.94283327756071,93.34531643964063,0.10195797065509282,3.5044411327350105,0.0,0.0,0.0010303339363417763,0.02699430338542186
1305,89.85123770817977,160,1664,0,3,0,3,93.0019654451158,1536,0.04854755555555555,93.05051300067136,93.05051300067136,93.0627574451158,93.08730390106197,93.11373889862057,97.23079144981963,3.2625011904408012,7.379553741639867,3.150727736936034,0.0,0.024546455946165224,0.026434997558595796
1306,89.87463777503756,160,2048,4,2,0,6,90.65616036676539,0,0.5830328888888889,91.23919325565429,91.23919325565429,91.25357103343207,91.26241863818119,91.28866424364993,95.45895136049901,1.4140264686123771,5.584313585461459,0.7815225917278354,0.0,0.008847604749121274,0.02624560546874477
1307,89.95584667593141,160,1664,16,4,0,4,89.95584667593141,1408,0.0841031111111111,90.03994978704252,90.03994978704252,90.05219423148696,90.07781211870653,90.10469087847216,94.35574396475224,0.1488442025407437,4.399897288820824,0.0,0.0,0.025617887219567592,0.026878759765622817
1308,90.03214717691078,128,1344,28,5,0,5,90.03214717691078,1152,0.06536533333333333,90.09751251024412,90.09751251024412,90.10797917691079,90.12307091914231,90.14859215937668,93.44220006953292,0.11644498246589308,3.410052892622133,0.0,0.0,0.015091742231518879,0.025521240234368747
1309,90.14165111185298,128,1664,0,3,0,3,93.05051300067136,1536,0.04854755555555555,93.09906055622692,93.09906055622692,93.11130500067136,93.11373889862057,93.14010516381154,96.43164641845125,2.9984540519585607,6.289995306598271,2.908861888818379,0.0,0.002433897949202901,0.026366265190972626
1310,90.15144531754562,64,2048,23,2,0,4,91.23919325565429,0,0.5830328888888889,91.82222614454318,91.82222614454318,91.83660392232096,91.83993475146244,91.86614837450931,93.51620800780135,1.7147030569636854,3.3647626902557306,1.087747938108663,0.0,0.003330829141475533,0.02621362304687125
1311,90.16422088851428,96,2304,82,1,0,1,90.16422088851428,2048,0.0860231111111111,90.2502439996254,90.2502439996254,90.2660439996254,90.2660439996254,90.29216899962539,92.7574314856745,0.1279481111111096,2.5932105971602226,0.0,0.0,0.0,0.026124999999993292
1312,90.2658175322419,96,2176,5,2,0,2,91.82222614454318,2048,0.050083555555555555,91.87230970009874,91.87230970009874,91.88739858898762,91.89236248583744,91.9185553569312,94.40860680952046,1.6527378246892965,4.142789277278567,1.5564086123012828,0.0,0.0049638968498157965,0.026192871093755343
1313,90.32698251853401,96,1408,28,5,0,5,90.32698251853401,1216,0.06555733333333334,90.39253985186734,90.39253985186734,90.40336207408956,90.40383141718918,90.4294116580746,92.88510876093916,0.10242913954058963,2.5581262424051516,0.0,0.0,0.0004693430996240977,0.025580240885417993
1314,90.40075599804129,128,5248,3,0,0,0,90.40075599804129,5120,0.05929955555555556,90.46005555359685,90.46005555359685,90.49221110915241,90.49602573761315,90.52261875519127,93.91239775677236,0.12186275714998374,3.5116417587310735,0.0,0.0,0.0038146284607449843,0.026593017578122158
1315,90.51955759663474,96,4544,39,0,0,0,90.51955759663474,4352,0.07496533333333334,90.59452292996808,90.59452292996808,90.62276737441252,90.62899570831628,90.65571582550378,93.18647466106924,0.13615822886903572,2.6669170644345,0.0,0.0,0.006228333903763428,0.026720117187494452
1316,90.54011893330554,96,4480,83,6,0,6,90.54011893330554,4288,0.07477333333333333,90.61489226663888,90.61489226663888,90.64278115552777,90.65635535163192,90.68319666022566,93.23749490822605,0.14307772692012577,2.6973759749205186,0.0,0.0,0.013574196104144676,0.02684130859374534
1317,90.55862796447197,96,4480,71,7,0,7,90.55862796447197,4160,0.11032888888888889,90.66895685336085,90.66895685336085,90.69684574224975,90.71148855833752,90.7378809737021,93.25421833535574,0.17925300923013765,2.695590370883778,0.0,0.0,0.014642816087771848,0.026392415364583144
1318,90.57321249453037,64,2176,1,0,0,0,90.59452292996808,2048,0.050083555555555555,90.64460648552364,90.64460648552364,90.65969537441252,90.68243643097253,90.70904775909753,92.38181709270987,0.135835264567163,1.8086045981794996,0.021310435437712272,0.0,0.022741056560008133,0.026611328125
1319,90.59701420762595,64,1664,0,3,0,3,93.09906055622692,1536,0.04854755555555555,93.14760811178247,93.14760811178247,93.15985255622692,93.16647191728376,93.1928339507039,94.8342002009318,2.5958197430779535,4.237185993305857,2.5020463486009703,0.0,0.006619361056834805,0.026362033420141984
1320,90.68300467048115,96,1280,36,2,0,2,91.87230970009874,1024,0.0829511111111111,91.95526081120985,91.95526081120985,91.96537192232097,91.97094256396244,91.99707663204279,94.48751443558581,1.3140719615616376,3.8045097651046547,1.1893050296175858,0.0,0.005570641641469365,0.02613406808035279
1321,90.69154012120886,64,4352,99,6,0,6,90.69154012120886,4160,0.07438933333333334,90.76592945454219,90.76592945454219,90.79310723231997,90.81717556647567,90.84400133144963,92.54153787697605,0.15246121024077297,1.8499977557671912,0.0,0.0,0.0240683341557002,0.026825764973963828
1322,90.72445776148727,160,3200,2,4,0,4,90.72445776148727,3072,0.05315555555555555,90.77761331704282,90.77761331704282,90.7983910948206,90.80338334809022,90.8301688461371,95.07131347507591,0.10571108464982615,4.3468557135886385,0.0,0.0,0.0049922532696200506,0.02678549804687691
1323,90.72497528872347,160,4416,35,6,0,6,90.76592945454219,4224,0.07458133333333333,90.84051078787552,90.84051078787552,90.86804412120885,90.87082758470484,90.89770139887895,95.13316918975507,0.17272611015548023,4.408193901031595,0.040954165818718025,0.0,0.0027834634959873483,0.02687381417410961
1324,90.81491685748716,96,3200,2,4,0,4,90.81491685748716,3072,0.05315555555555555,90.86807241304271,90.86807241304271,90.88885019082049,90.91052826996523,90.93729527103056,93.47876614667189,0.12237841354340162,2.663849289184725,0.0,0.0,0.021678079144734852,0.02676700106533758
1325,90.8989595735296,128,2816,26,4,0,4,90.8989595735296,2624,0.06978133333333333,90.96874090686293,90.96874090686293,90.98738535130738,90.990830738005,91.01756641508834,94.40883729622546,0.11860684155874424,3.5098777226958617,0.0,0.0,0.0034453866976207337,0.02673567708333735
1326,90.91332422462482,64,2176,1,0,0,0,90.91332422462482,2048,0.050083555555555555,90.96340778018038,90.96340778018038,90.97849666906926,91.00184170441003,91.02836953644128,92.70248955364737,0.11504531181645916,1.789165329022552,0.0,0.0,0.023345035340767595,0.026527832031248977
1327,90.98334827433142,64,3200,2,4,0,4,90.98334827433142,3072,0.05315555555555555,91.03650382988697,91.03650382988697,91.05728160766475,91.07103923409875,91.09776294203144,92.78380616797868,0.11441466770001796,1.8004578936472626,0.0,0.0,0.013757626433999803,0.026723707932688967
1328,91.03309776745323,96,2176,1,0,0,0,91.03309776745323,2048,0.050083555555555555,91.08318132300879,91.08318132300879,91.09827021189767,91.10795596222252,91.13441899235644,93.66838042278799,0.10132122490321649,2.6352826553347626,0.0,0.0,0.009685750324848641,0.02646303013392526
1329,91.08377510770622,64,2176,9,7,0,7,91.08377510770622,2048,0.050083555555555555,91.13385866326178,91.13385866326178,91.14894755215066,91.16588154336355,91.19251069375417,92.85847480508231,0.10873558604795619,1.774699697376093,0.0,0.0,0.01693399121289474,0.02662915039061886
1330,91.23177218587433,128,512,2,2,0,4,91.95526081120985,0,0.15175822222222224,92.10701903343208,92.10701903343208,92.11286347787653,92.12775429666333,92.1537804197102,95.48526709536229,0.9220082338358679,4.253494909487955,0.7234886253355199,0.0,0.01489081878679599,0.026026123046875682
1331,91.25133894505979,160,1280,153,1,0,1,91.25133894505979,1088,0.06517333333333333,91.31651227839312,91.31651227839312,91.32662338950423,91.3375693902504,91.36345440001602,95.48326832649481,0.11211545495623909,4.231929381435023,0.0,0.0,0.010946000746159257,0.025885009765630684
1332,91.25330401460006,96,5248,7,4,0,4,91.25330401460006,5120,0.05929955555555556,91.31260357015562,91.31260357015562,91.34475912571118,91.36502687682712,91.3918154859231,93.9322313391942,0.1385114713230422,2.6789273245941416,0.0,0.0,0.020267751115937926,0.02678860909598768
1333,91.31518630692392,64,896,56,1,0,1,91.31651227839312,640,0.0817991111111111,91.39831138950423,91.39831138950423,91.40628916728201,91.41522588439102,91.44096270079727,93.066532071612,0.12577639387335182,1.7513457646880823,0.0013259714691997715,0.0,0.008936717109008896,0.02573681640625125
1334,91.32549083850297,64,1664,0,3,0,3,93.14760811178247,1536,0.04854755555555555,93.19615566733803,93.19615566733803,93.20840011178248,93.21919647240529,93.24550443138966,94.88572601008359,1.92001359288669,3.560235171580615,1.8221172732795026,0.0,0.010796360622805423,0.026307958984375546
1335,91.43568159987562,128,3200,18,0,0,0,91.43568159987562,3008,0.07093333333333333,91.50661493320895,91.50661493320895,91.52739271098673,91.53147799300748,91.55800903374409,94.93762529583486,0.12232743386846323,3.501943695959241,0.0,0.0,0.004085282020753311,0.026531040736600175
1336,91.4585119206865,96,3200,2,4,0,4,91.4585119206865,3072,0.05315555555555555,91.51166747624205,91.51166747624205,91.53244525401983,91.55255739440524,91.57933411966566,94.11770155403796,0.12082219897915536,2.6591896333514597,0.0,0.0,0.02011214038540743,0.026776725260418743
1337,91.54113269568802,128,4352,143,6,0,6,91.54113269568802,4160,0.07438933333333334,91.61552202902135,91.61552202902135,91.64269980679913,91.65453630168773,91.68160110358505,95.05497827178631,0.14046840789703197,3.5138455760982907,0.0,0.0,0.011836494888598281,0.02706480189732474
1338,91.55850700020468,96,2368,94,1,0,1,91.55850700020468,2176,0.06843733333333334,91.62694433353802,91.62694433353802,91.64309988909358,91.64687481017226,91.67271978087538,94.1268053137995,0.11421278067069807,2.568298313594809,0.0,0.0,0.0037749210786870435,0.025844970703118975
1339,91.57597472338155,160,1664,8,7,0,7,91.57597472338155,1536,0.04854755555555555,91.6245222789371,91.6245222789371,91.63676672338156,91.64528095742605,91.67164375039481,95.84578951048594,0.0956690270132583,4.269814787104394,0.0,0.0,0.00851423404449747,0.026362792968754434
1340,91.65810005661805,96,1664,4,6,0,6,91.65810005661805,1536,0.04854755555555555,91.70664761217361,91.70664761217361,91.71889205661806,91.73573217222345,91.76264171812188,94.29330095593811,0.1045416615038306,2.635200899320054,0.0,0.0,0.016840115605390338,0.026909545898433862
1341,91.70777437595987,128,1664,0,3,0,3,93.19615566733803,1536,0.04854755555555555,93.24470322289359,93.24470322289359,93.25694766733804,93.27181287865528,93.2980766836979,96.58623044721546,1.5903023077380283,4.8784560712555844,1.488381291378161,0.0,0.014865211317243165,0.026263805042617605
1342,91.92477608847864,128,1664,0,3,0,3,93.24470322289359,1536,0.04854755555555555,93.29325077844915,93.29325077844915,93.3054952228936,93.32434097702176,93.35056806849312,96.6377405058092,1.4257919800144805,4.712964417330568,1.3199271344149537,0.0,0.018845754128165026,0.02622709147135538
1343,91.93649555521145,96,5248,11,2,0,2,92.10701903343208,5120,0.05929955555555556,92.16631858898764,92.16631858898764,92.1984741445432,92.2058341306477,92.23203226432825,94.72463410000343,0.29553670911680285,2.788138544791977,0.1705234782206304,0.0,0.007359986104503946,0.026198133680551905
1344,91.93977599141954,128,4672,31,5,0,5,91.93977599141954,4480,0.07534933333333334,92.01512532475287,92.01512532475287,92.04408088030843,92.04515807734542,92.07138903437666,95.45614306269697,0.1316130429571274,3.516367071277429,0.0,0.0,0.0010771970369916062,0.02623095703124534
1345,91.97916579194494,160,5248,11,2,0,2,92.16631858898764,5120,0.05929955555555556,92.22561814454319,92.22561814454319,92.25777370009875,92.25823088629006,92.28456633550881,96.46473186935782,0.30540054356387714,4.485566077412884,0.1871527970426996,0.0,0.0004571861913120756,0.026335449218748863
1346,91.98591129497052,160,2048,17,6,0,6,91.98591129497052,1856,0.06747733333333333,92.05338862830385,92.05338862830385,92.06776640608163,92.08570877541355,92.11251834572604,96.29632937390684,0.12660705075552414,4.310418078936323,0.0,0.0,0.017942369331919394,0.026809570312494202
1347,92.01150067664918,64,960,56,1,0,1,92.01150067664918,768,0.06421333333333333,92.0757140099825,92.0757140099825,92.08404734331585,92.08630571837539,92.11208208556289,93.73801380989325,0.10058140891371181,1.7265131332440689,0.0,0.0,0.0022583750595401852,0.02577636718750398
1348,92.23482497965153,128,2368,90,1,0,1,92.23482497965153,2176,0.06843733333333334,92.30326231298487,92.30326231298487,92.31941786854043,92.34409136290664,92.36993511290665,95.66724879524482,0.135110133255111,3.432423815593282,0.0,0.0,0.024673494366211912,0.02584375000000705
1349,92.26265984286096,160,1280,48,2,0,2,92.26265984286096,1024,0.0829511111111111,92.34561095397207,92.34561095397207,92.35572206508319,92.36357561285256,92.38984825134688,96.57007854904532,0.12718840848592095,4.3074187061843645,0.0,0.0,0.007853547769371971,0.026272638494319267
1350,92.26546272502067,96,2176,5,2,0,2,92.34561095397207,2048,0.050083555555555555,92.39569450952763,92.39569450952763,92.41078339841651,92.41612137812244,92.44237740025785,94.93415203324207,0.1769146752371853,2.6686893082214027,0.08014822895140128,0.0,0.005337979705927864,0.02625602213541356
1351,92.27566229605534,96,1216,93,1,0,,92.30326231298487,256,0.27831466666666665,92.58157697965153,92.58157697965153,92.59133253520709,92.6025508355629,92.62836305654504,95.09103627083076,0.35270076048969656,2.8153739747754116,0.02760001692952585,0.0,0.011218300355807287,0.025812220982146528
1352,92.48428860137268,160,1600,21,2,0,2,92.48428860137268,1408,0.06613333333333334,92.55042193470602,92.55042193470602,92.56231082359491,92.57366483515369,92.59988704068255,96.78181097092032,0.11559843930986347,4.297522369547636,0.0,0.0,0.011354011558779575,0.026222205528853237
1353,92.54388924553359,96,5120,23,4,0,4,92.54388924553359,4864,0.0944711111111111,92.6383603566447,92.6383603566447,92.66980480108914,92.67651515235367,92.70333717383805,95.23067016452903,0.1594479283044592,2.6867809189954386,0.0,0.0,0.006710351264530345,0.026822021484377956
1354,92.68785406714365,96,3200,6,5,0,5,92.68785406714365,3072,0.05315555555555555,92.7410096226992,92.7410096226992,92.76178740047698,92.77980944453292,92.8061335412126,95.34988496536624,0.11827947406895589,2.6620308982225964,0.0,0.0,0.018022044055939546,0.02632409667968716
1355,92.68928095655507,128,3200,2,4,0,4,92.68928095655507,3072,0.05315555555555555,92.74243651211061,92.74243651211061,92.7632142898884,92.78380616797868,92.81056442437072,96.18012391731921,0.12128346781565824,3.490842960764141,0.0,0.0,0.020591878090286286,0.026758256392042767
1356,92.74020320967993,96,1408,117,2,0,2,92.74020320967993,1216,0.06555733333333334,92.80576054301326,92.80576054301326,92.81658276523548,92.83590886309841,92.86209740941537,95.35379890824207,0.12189419973543636,2.6135956985621362,0.0,0.0,0.019326097862929714,0.026188546316959105
1357,92.78494800688422,128,768,100,3,0,3,93.29325077844915,576,0.06363733333333334,93.35688811178248,93.35688811178248,93.36415477844915,93.37679564824572,93.40295809566159,96.68922602013212,0.6180100887773676,3.904278013247904,0.508302771564928,0.0,0.012640869796570087,0.026162447415870815
1358,92.8355591300468,128,2176,9,7,0,7,92.8355591300468,2048,0.050083555555555555,92.88564268560236,92.88564268560236,92.90073157449125,92.9115373050823,92.93791279336355,96.25650145710051,0.10235366331674811,3.4209423270537087,0.0,0.0,0.01080573059105916,0.026375488281246362
1359,93.05456118429565,64,4096,14,1,0,7,93.05456118429565,0,1.1580657777777779,94.21262696207343,94.21262696207343,94.23838251762899,94.255960587237,94.28208497688544,95.93012884081774,1.2275237925897926,2.875567656522094,0.0,0.0,0.017578069608006786,0.026124389648444435
1360,93.08575619013922,96,2176,9,7,0,7,93.08575619013922,2048,0.050083555555555555,93.13583974569478,93.13583974569478,93.15092863458366,93.17531416055105,93.20161506387137,95.69100076188104,0.11585887373215087,2.605244571741821,0.0,0.0,0.0243855259673893,0.02630090332031898
1361,93.13913975968894,96,4480,51,7,0,7,93.13913975968894,4288,0.07477333333333333,93.21391309302228,93.21391309302228,93.24180198191118,93.25421833535574,93.28050898476981,95.76872432493907,0.14136922508086514,2.629584565250127,0.0,0.0,0.012416353444564265,0.026290649414065115
1362,93.15746133752641,64,2048,25,6,0,6,93.15746133752641,1856,0.06747733333333333,93.22493867085974,93.22493867085974,93.23931644863752,93.2641770371323,93.29074588478855,94.9500880653131,0.1332845472621358,1.7926267277866827,0.0,0.0,0.024860588494775016,0.026568847656250227
1363,93.19441242592835,128,1664,4,6,0,6,93.22493867085974,1536,0.04854755555555555,93.2734862264153,93.2734862264153,93.28573067085975,93.29074588478855,93.31720710130641,96.63342727429747,0.12279467537805999,3.4390148483691263,0.03052624493139433,0.0,0.005015213928800222,0.026461216517859043
1364,93.32834331596642,64,1664,0,3,0,3,93.35688811178248,1536,0.04854755555555555,93.40543566733804,93.40543566733804,93.41768011178249,93.4291210313587,93.45525938933862,95.09179947763167,0.12691607337220034,1.7634561616652462,0.028544795816060287,0.0,0.011440919576216402,0.02613835797991726
1365,93.53874191197791,160,1664,0,3,0,3,93.53874191197791,1536,0.04854755555555555,93.58728946753347,93.58728946753347,93.59953391197791,93.61209979112434,93.63821961534309,97.7462343296327,0.09947770336518147,4.207492417654791,0.0,0.0,0.012565879146421821,0.02611982421875325
1366,93.54366758986616,160,4096,0,5,0,3,93.54366758986616,0,1.1580657777777779,94.70173336764394,94.70173336764394,94.7274889231995,94.73591491328291,94.76289115026208,98.9335883263688,1.2192235603959176,5.389920736502646,0.0,0.0,0.008425990083409829,0.0269762369791664
1367,93.65506647727901,160,1664,16,4,0,4,93.65506647727901,1536,0.04854755555555555,93.70361403283457,93.70361403283457,93.71585847727901,93.71917958138171,93.74580934212389,97.9613489771918,0.09074286484488425,4.306282499912797,0.0,0.0,0.0033211041026959265,0.02662976074218193
1368,93.66288547872853,160,1472,28,5,0,5,94.70173336764394,1280,0.06574933333333334,94.76748270097727,94.76748270097727,94.77866047875504,94.78986787552249,94.81653047317874,98.98511693965006,1.153644994450218,5.322231460921529,1.038847888915413,0.0,0.011207396767446198,0.026662597656255116
1369,93.72894606709151,160,5248,11,2,0,2,93.72894606709151,5120,0.05929955555555556,93.78824562264707,93.78824562264707,93.82040117820263,93.83037499998885,93.85666481369077,98.06293841232659,0.12771874659925686,4.333992345235075,0.0,0.0,0.009973821786218195,0.02628981370192207
1370,93.87289719535441,128,1664,0,3,0,3,93.87289719535441,1536,0.04854755555555555,93.92144475090997,93.92144475090997,93.93368919535442,93.95094340859086,93.97698484739294,97.25657459190948,0.10408765203852965,3.383677396555072,0.0,0.0,0.017254213236441274,0.026041438802081984
1371,94.0167636442518,64,2176,1,0,0,0,94.0167636442518,2048,0.050083555555555555,94.06684719980736,94.06684719980736,94.08193608869624,94.09864970989736,94.12498564739735,95.76822165000154,0.1082220031455563,1.7514580057497398,0.0,0.0,0.016713621201120077,0.026335937499993634
1372,94.12547834945437,128,2176,9,7,0,7,94.12547834945437,2048,0.050083555555555555,94.17556190500993,94.17556190500993,94.19065079389881,94.20098933144949,94.22724841348074,97.51609750202238,0.10177006402636835,3.390619152568007,0.0,0.0,0.010338537550680371,0.026259082031245384
1373,94.19915961509554,128,1664,16,4,0,4,94.19915961509554,1536,0.04854755555555555,94.2477071706511,94.2477071706511,94.25995161509555,94.27658338997546,94.30296975995313,97.6674146161427,0.1038101448575901,3.4682550010471545,0.0,0.0,0.01663177487991163,0.026386369977672075
1374,94.21630016159625,160,2176,13,6,0,6,94.21630016159625,2048,0.050083555555555555,94.26638371715181,94.26638371715181,94.2814726060407,94.29330095593811,94.31969182507873,98.43774395724016,0.10339166348248341,4.221443795643907,0.0,0.0,0.01182834989741366,0.02639086914062716
1375,94.22596669272649,128,5184,23,4,0,4,94.2477071706511,4992,0.07688533333333333,94.32459250398443,94.32459250398443,94.35639250398444,94.38221466787724,94.40883729622546,97.77461554387708,0.18287060349896933,3.5486488511505883,0.021740477924609536,0.0,0.02582216389279779,0.026622628348221156
1376,94.27187879084046,128,1664,0,3,0,3,94.27187879084046,1536,0.04854755555555555,94.32042634639602,94.32042634639602,94.33267079084047,94.34176017756407,94.36780438329323,97.6431845249452,0.09592559245277243,3.3713057341047374,0.0,0.0,0.009089386723601933,0.026044205729164105
1377,94.27941643928632,96,2176,1,0,0,0,94.27941643928632,2048,0.050083555555555555,94.32949999484188,94.32949999484188,94.34458888373076,94.36203105755361,94.3882791044286,96.85816305625153,0.10886266514228282,2.578746616965205,0.0,0.0,0.017442173822843188,0.026248046874997044
1378,94.29701368851673,64,1216,137,4,0,4,94.32459250398443,1024,0.06498133333333334,94.38957383731777,94.38957383731777,94.39932939287333,94.40883729622546,94.43533987714063,96.10076809979688,0.1383261886239069,1.8037544112801527,0.02757881546770591,0.0,0.009507903352130143,0.026502580915177987
1379,94.38117527796715,96,2176,5,2,0,2,94.38117527796715,2048,0.050083555555555555,94.4312588335227,94.4312588335227,94.44634772241159,94.46122643842672,94.48751443558581,96.99479339279532,0.1063391576186632,2.6136181148281707,0.0,0.0,0.014878716015132909,0.026287997159087695
1380,94.40725356171868,64,256,97,6,0,7,94.40725356171868,0,0.07987911111111111,94.48713267282979,94.48713267282979,94.491554895052,94.5044415809381,94.53065495984436,96.16654340385476,0.1234013981256794,1.7592898421360843,0.0,0.0,0.012886685886101645,0.026213378906248863
1381,94.41599527492596,64,1664,0,3,0,3,94.41599527492596,1536,0.04854755555555555,94.46454283048152,94.46454283048152,94.47678727492597,94.49767481437581,94.5236394953654,96.14814554204902,0.10764422043943966,1.7321502671230604,0.0,0.0,0.020887539449844894,0.025964680989588373
1382,94.43770408333596,160,512,53,3,0,5,94.46454283048152,0,0.15175822222222224,94.61630105270375,94.61630105270375,94.6221454971482,94.62750310213623,94.65342540438232,98.75168963562228,0.21572132104635955,4.313985552286326,0.026838747145561115,0.0,0.005357604988034836,0.02592230224608727
1383,94.4377842752218,64,1664,0,3,0,3,94.61630105270375,1536,0.04854755555555555,94.6648486082593,94.6648486082593,94.67709305270375,94.67927429761149,94.7051213740275,96.32856275959709,0.26733709880569734,1.8907784843752893,0.1785167774819456,0.0,0.0021812449077316387,0.025847076416013692
1384,94.48824420506774,128,1408,129,0,0,0,94.48824420506774,1216,0.06555733333333334,94.55380153840107,94.55380153840107,94.56462376062329,94.57202910442861,94.59813994427236,97.9013176949234,0.10989573920461737,3.4130734898556625,0.0,0.0,0.0074053438053169884,0.026110839843752842
1385,94.5198938222507,64,2048,1,5,0,0,94.76748270097727,0,0.5830328888888889,95.35051558986616,95.35051558986616,95.36489336764394,95.3765789757829,95.40309984980634,97.05198625931153,0.8832060275556444,2.5320924370608395,0.24758887872657453,0.0,0.011685608138961356,0.02652087402343284
1386,94.6258797537409,64,1664,20,2,0,2,94.6258797537409,1536,0.04854755555555555,94.67442730929646,94.67442730929646,94.68667175374091,94.69832927933581,94.72463410000343,96.3851678347596,0.098754346262524,1.7592880810186955,0.0,0.0,0.011657525594898743,0.026304820667618856
1387,94.69622562838077,160,1344,65,1,0,1,94.69622562838077,1152,0.06536533333333333,94.7615909617141,94.7615909617141,94.77205762838078,94.77854115364326,94.804579727862,98.96027792935936,0.10835409948123242,4.264052300978591,0.0,0.0,0.0064835252624817485,0.026038574218745225
1388,94.70711794802867,64,512,21,7,0,2,94.70711794802867,0,0.15175822222222224,94.8588761702509,94.8588761702509,94.86472061469534,94.88388415566824,94.90998563678804,96.53807782428801,0.202867688759369,1.8309598762593424,0.0,0.0,0.019163540972897408,0.026101481119795267
1389,94.76543066304069,96,3200,10,2,0,2,94.76543066304069,3072,0.05315555555555555,94.81858621859624,94.81858621859624,94.83936399637402,94.85551349453468,94.88172585248923,97.39679778732658,0.11629518944853601,2.6313671242858874,0.0,0.0,0.016149498160658027,0.026212357954548793
1390,94.80989862160892,64,2112,17,6,0,6,94.80989862160892,1920,0.06766933333333333,94.87756795494225,94.87756795494225,94.89230128827559,94.8976935340631,94.92389055554747,96.5556990028131,0.11399193393855,1.7458003812041767,0.0,0.0,0.005392245787504635,0.026197021484378524
1391,94.83670124779084,96,1920,41,4,0,4,94.83670124779084,1728,0.06709333333333334,94.90379458112417,94.90379458112417,94.91746124779084,94.93898168796653,94.96542217868918,97.48087153404168,0.12872093089833925,2.6441702862508407,0.0,0.0,0.0215204401756921,0.0264404907226492
1392,94.94867432986044,128,5248,7,4,0,4,94.94867432986044,5120,0.05929955555555556,95.00797388541599,95.00797388541599,95.04012944097155,95.04474658054465,95.07131347507591,98.44408418633894,0.12263914521547292,3.4954098564785028,0.0,0.0,0.004617139573099394,0.026566894531256935
1393,95.12276416938981,96,2048,0,5,0,3,95.35051558986616,0,0.5830328888888889,95.93354847875506,95.93354847875506,95.94792625653284,95.95494872675947,95.98114208613447,98.46552052037923,0.8583779167446579,3.3427563509894185,0.227751420476352,0.0,0.007022470226630162,0.026193359375000114
1394,95.15928202549252,128,768,140,7,0,7,95.15928202549252,576,0.06363733333333334,95.22291935882585,95.22291935882585,95.23018602549251,95.24934932493908,95.27535288241675,98.54175464720467,0.1160708569242388,3.3824726217121537,0.0,0.0,0.0191632994465607,0.02600355747767935
1395,95.39248036823317,160,1472,57,4,0,4,95.39248036823317,1280,0.06574933333333334,95.4582297015665,95.4582297015665,95.46940747934427,95.49489554120314,95.52123245526563,99.74886016142179,0.128752087032467,4.356379793188623,0.0,0.0,0.025488061858865763,0.026336914062497385
1396,95.43903666280056,128,1664,0,3,0,3,95.43903666280056,1536,0.04854755555555555,95.48758421835612,95.48758421835612,95.49982866280057,95.50393033700666,95.52969652540811,98.80391004577854,0.0906598626075521,3.364873382977976,0.0,0.0,0.0041016742060975275,0.025766188401448176
1397,95.44129569673755,160,1664,0,3,0,3,95.48758421835612,1536,0.04854755555555555,95.53613177391168,95.53613177391168,95.54837621835613,95.55545547723104,95.58121899886565,99.68997290385144,0.13992330212809634,4.248677207113886,0.046288521618564005,0.0,0.0070792588749100105,0.025763521634615927
1398,95.45358426216389,64,768,124,7,0,7,95.45358426216389,576,0.06363733333333334,95.51722159549722,95.51722159549722,95.52448826216389,95.5354153126623,95.56134500016229,97.18070321491301,0.10776073799840447,1.727118952749123,0.0,0.0,0.010927050498409585,0.025929687499996135
1399,95.45391777266751,96,2368,82,1,0,1,95.45391777266751,2176,0.06843733333333334,95.52235510600084,95.52235510600084,95.5385106615564,95.56217750618231,95.58844459602606,98.07161769172917,0.1345268233585557,2.617699919061664,0.0,0.0,0.0236668446259074,0.026267089843756253
1400,95.48351016211096,128,1344,24,5,0,5,95.93354847875506,1088,0.0831431111111111,96.01669158986617,96.01669158986617,96.02715825653284,96.03353026972822,96.05961737910322,99.37152441035317,0.5761072169922556,3.8880142482422144,0.4500383166440969,0.0,0.006372013195374393,0.026087109374998363
1401,95.57589027785819,64,1152,32,6,0,6,95.57589027785819,960,0.06478933333333334,95.64067961119153,95.64067961119153,95.65007961119153,95.67571567413006,95.70151018910401,97.32962169161517,0.1256199112458205,1.7537314137569808,0.0,0.0,0.025636062938531268,0.025794514973952687
1402,95.62046451910234,160,2176,13,6,0,6,95.64067961119153,2048,0.050083555555555555,95.69076316674709,95.69076316674709,95.70585205563597,95.72730519235922,95.7531388279619,99.86632061972153,0.13267430885956344,4.245856100619193,0.020215092089188147,0.0,0.02145313672325244,0.02583363560268026
1403,95.67917353635312,128,2048,16,5,0,4,96.01669158986617,0,0.5830328888888889,96.59972447875506,96.59972447875506,96.61410225653285,96.63365732050946,96.65973927037925,99.96457926061359,0.9805657340261291,4.285405724260471,0.3375180535130511,0.0,0.01955506397661111,0.026081949869791288
1404,95.93121120467602,160,2176,1,0,0,0,95.93121120467602,2048,0.050083555555555555,95.98129476023158,95.98129476023158,95.99638364912046,96.00133395468903,96.0272906604182,100.17812295789774,0.0960794557421849,4.246911753221724,0.0,0.0,0.004950305568570457,0.02595670572917186
1405,95.93752195874104,64,1664,8,7,0,7,95.93752195874104,1536,0.04854755555555555,95.9860695142966,95.9860695142966,95.99831395874105,95.99969156126718,96.02537035358489,97.64458057493904,0.08784839484384577,1.7070586161979975,0.0,0.0,0.0013776025261336144,0.025678792317705756
1406,96.02980209115944,64,1664,0,3,0,3,96.02980209115944,1536,0.04854755555555555,96.078349646715,96.078349646715,96.09059409115945,96.09659197062045,96.12236851219411,97.7462343296327,0.09256642103467527,1.71643223847326,0.0,0.0,0.00599787946100605,0.025776541573662826
1407,96.1239557191993,128,3200,2,4,0,4,96.1239557191993,3072,0.05315555555555555,96.17711127475485,96.17711127475485,96.19788905253263,96.20654815234525,96.23299255803721,99.6160574270468,0.10903683883790904,3.492101707847496,0.0,0.0,0.008659099812618365,0.026444405691961492
1408,96.17256283704553,64,3200,6,5,0,5,96.59972447875506,3072,0.05315555555555555,96.65288003431061,96.65288003431061,96.6736578120884,96.68582170853028,96.71197314547224,98.3611998823584,0.5394103084267101,2.1886370453128734,0.42716164170953164,0.0,0.012163896441890643,0.02615143694195865
1409,96.27861308556672,64,2368,86,2,0,2,96.27861308556672,2176,0.06843733333333334,96.34705041890005,96.34705041890005,96.36320597445561,96.3851678347596,96.41168869134442,98.08941009201409,0.13307560577770516,1.8107970064473733,0.0,0.0,0.021961860303989056,0.02652085658482406
1410,96.52775619031499,160,5248,7,4,0,4,96.52775619031499,5120,0.05929955555555556,96.58705574587054,96.58705574587054,96.6192113014261,96.62971723716669,96.65630824058465,100.89616424535193,0.12855205026966132,4.368408055036937,0.0,0.0,0.010505935740582117,0.02659100341796261
1411,96.57407045690456,96,512,11,6,0,2,96.57407045690456,0,0.15175822222222224,96.72582867912679,96.72582867912679,96.73167312357124,96.73711900606831,96.76287462130269,99.21384878889937,0.1888041643981211,2.6397783319948047,0.0,0.0,0.0054458824970708974,0.025755615234373863
1412,96.64138308761878,128,1664,8,7,0,7,96.64138308761878,1536,0.04854755555555555,96.68993064317434,96.68993064317434,96.70217508761878,96.71785272663176,96.74356249225676,100.05531486855884,0.10217940463797959,3.413931780940061,0.0,0.0,0.015677639012977806,0.025709765624995384
1413,96.77131937670913,96,1664,0,3,0,3,96.77131937670913,1536,0.04854755555555555,96.81986693226469,96.81986693226469,96.83211137670914,96.84392377403839,96.86971153445505,99.3248730015077,0.09839215774591992,2.5535536247985675,0.0,0.0,0.011812397329251212,0.02578776041666231
1414,96.77822087228033,96,4288,87,1,0,1,96.77822087228033,4096,0.07419733333333334,96.85241820561366,96.85241820561366,96.87924042783588,96.88950921191149,96.91583277961982,99.41658408170312,0.13761190733949036,2.638363209422792,0.0,0.0,0.010268784075606163,0.026323567708331552
1415,96.94737540653833,64,2176,1,0,0,0,96.94737540653833,2048,0.050083555555555555,96.99745896209389,96.99745896209389,97.01254785098277,97.01359762656402,97.03955677369943,98.6879397652359,0.09218136716110337,1.7405643586975685,0.0,0.0,0.0010497755812508558,0.02595914713540992
1416,97.24911839426849,64,1664,4,6,0,6,97.24911839426849,1536,0.04854755555555555,97.29766594982405,97.29766594982405,97.3099103942685,97.32962169161517,97.3554432248183,98.97965046533166,0.10632483054980923,1.7305320710631662,0.0,0.0,0.019711297346674428,0.02582153320312841
1417,97.29936813063199,64,1024,132,6,0,6,97.29936813063199,832,0.06440533333333334,97.36377346396533,97.36377346396533,97.37246235285421,97.38126524630268,97.40702325411517,99.03155541324833,0.10765512348318396,1.7321872826163371,0.0,0.0,0.008802893448461191,0.025758007812498818
1418,97.35448027140242,128,4608,39,0,0,0,97.35448027140242,4416,0.07515733333333334,97.42963760473576,97.42963760473576,97.45823760473576,97.48093698203277,97.50722543418121,100.83309662558747,0.15274516277878547,3.47861635418505,0.0,0.0,0.0226993772970161,0.026288452148435226
1419,97.45549782680865,96,1664,29,4,0,4,97.45549782680865,1472,0.06632533333333333,97.52182316014199,97.52182316014199,97.53406760458644,97.53426306584971,97.56084906438487,100.09530959718569,0.10535123757621534,2.6398117703770367,0.0,0.0,0.00019546126327441016,0.026585998535153976
1420,97.48872053712299,64,5248,7,4,0,4,97.52182316014199,5120,0.05929955555555556,97.58112271569755,97.58112271569755,97.61327827125311,97.61402252629894,97.6407183270802,99.32386770758657,0.15199778995720692,1.8351471704635856,0.033102623019004795,0.0,0.0007442550458307551,0.026695800781254775
1421,97.52314616567982,96,1344,36,2,0,2,97.52314616567982,1152,0.06536533333333333,97.58851149901315,97.58851149901315,97.59897816567982,97.61202434982658,97.63851344487867,100.16591928797762,0.11536727919884981,2.642773122297797,0.0,0.0,0.013046184146759288,0.026489095052085077
1422,97.61218777520129,160,1024,56,1,0,1,97.61218777520129,832,0.06440533333333334,97.67659310853463,97.67659310853463,97.68528199742352,97.70576686165106,97.73189588997137,101.94899558072659,0.11970811477007715,4.3368078055252965,0.0,0.0,0.02048486422754081,0.026129028320312386
1423,97.71590979291565,96,3200,2,4,0,4,97.71590979291565,3072,0.05315555555555555,97.7690653484712,97.7690653484712,97.78984312624898,97.80130381117618,97.827976784809,100.36275286839879,0.11206699189334302,2.646843075483133,0.0,0.0,0.01146068492720076,0.02667297363281307
1424,97.75195387883372,128,1152,44,0,0,0,97.75195387883372,960,0.06478933333333334,97.81674321216705,97.81674321216705,97.82614321216705,97.84901974570465,97.8751684761734,101.2000350323955,0.12321459733968254,3.4480811535617875,0.0,0.0,0.02287653353759822,0.026148730468747772
1425,97.89335553277314,160,5248,11,2,0,2,97.89335553277314,5120,0.05929955555555556,97.9526550883287,97.9526550883287,97.98481064388426,98.00941204513909,98.03617498459221,102.26665164009813,0.14281945181906508,4.37329610732499,0.0,0.0,0.024601401254827238,0.02676293945312125
1426,97.89787576986332,96,3200,2,4,0,4,97.89787576986332,3072,0.05315555555555555,97.95103132541887,97.95103132541887,97.97180910319665,97.9881370631293,98.01489737807071,100.54936883519566,0.11702160820739493,2.651493065332346,0.0,0.0,0.016327959932652902,0.026760314941412844
1427,97.90117141264699,128,5248,7,4,0,4,97.95103132541887,5120,0.05929955555555556,98.01033088097442,98.01033088097442,98.04248643652998,98.06841947279727,98.09527022149518,101.47932028608852,0.19409880884819586,3.5781488734415348,0.04985991277187907,0.0,0.025933036267289822,0.026850748697910376
1428,98.01059232624527,128,1664,0,3,0,3,98.01059232624527,1536,0.04854755555555555,98.05913988180083,98.05913988180083,98.07138432624528,98.0805272983827,98.1062644077577,101.39885926801622,0.09567208151243278,3.388266941770951,0.0,0.0,0.009142972137425431,0.025737109375000955
1429,98.03841587697741,160,2176,1,0,0,0,98.03841587697741,2048,0.050083555555555555,98.08849943253297,98.08849943253297,98.10358832142185,98.1113284371109,98.13754376914216,102.31042380192676,0.09912789216474494,4.2720079249493494,0.0,0.0,0.007740115689045979,0.026215332031256366
1430,98.07508399799151,128,1728,53,5,0,5,98.07508399799151,1472,0.0842951111111111,98.15937910910263,98.15937910910263,98.17197910910264,98.17814324173341,98.20429272555037,101.4892392169008,0.12920872755886137,3.4141552189092863,0.0,0.0,0.006164132630772201,0.026149483816965358
1431,98.07909031672072,96,3200,2,4,0,4,98.07909031672072,3072,0.05315555555555555,98.13224587227627,98.13224587227627,98.15302365005405,98.17582539727644,98.20264907891706,100.73606072972692,0.12355876219633899,2.656970413006192,0.0,0.0,0.022801747222388258,0.026823681640621544
1432,98.38174198261001,160,2176,1,0,0,0,98.38174198261001,2048,0.050083555555555555,98.43182553816557,98.43182553816557,98.44691442705445,98.45216583945465,98.47836098919423,102.65532809880176,0.09661900658421985,4.273586116191751,0.0,0.0,0.005251412400198774,0.026195149739578483
1433,98.41098791540458,64,4352,147,3,0,3,98.41098791540458,4096,0.0921671111111111,98.50315502651569,98.50315502651569,98.53033280429347,98.54386997416395,98.56984572286187,100.21149056335663,0.15885780745729505,1.800502647952058,0.0,0.0,0.013537169870488697,0.025975748697916856
1434,98.42653856141797,128,4352,119,7,0,7,98.42653856141797,4160,0.07438933333333334,98.5009278947513,98.5009278947513,98.52810567252908,98.54175464720467,98.56824073118905,101.94697394593977,0.1417021697710794,3.5204353845218037,0.0,0.0,0.013648974675589898,0.02648608398438057
1435,98.4287552440694,160,1664,16,4,0,4,98.4287552440694,1536,0.04854755555555555,98.47730279962495,98.47730279962495,98.4895472440694,98.49756481784935,98.52421301120873,102.74251207753818,0.09545776713933662,4.313756833468787,0.0,0.0,0.008017573779952158,0.02664819335937807
1436,98.45953138751148,160,1664,4,6,0,6,98.45953138751148,1536,0.04854755555555555,98.50807894306703,98.50807894306703,98.52032338751148,98.54049639864641,98.56621036349016,102.68603611800093,0.10667897597868148,4.226504730489452,0.0,0.0,0.020173011134929197,0.025713964843745885
1437,98.48670706652281,160,832,104,5,0,5,98.48670706652281,640,0.06382933333333334,98.55053639985614,98.55053639985614,98.55815862207837,98.56987657506673,98.59585281204589,102.7057029872071,0.10914574552307954,4.218995920684293,0.0,0.0,0.011717952988362867,0.025976236979161627
1438,98.60276656996652,96,4352,95,6,0,6,98.60276656996652,4096,0.0921671111111111,98.69493368107763,98.69493368107763,98.72211145885541,98.7462217892714,98.77217418184952,101.24515258702995,0.16940761188300257,2.64238601706343,0.0,0.0,0.02411033041599353,0.025952392578119543
1439,98.68276283378131,64,1664,4,6,0,6,98.69493368107763,1536,0.04854755555555555,98.74348123663319,98.74348123663319,98.75572568107764,98.77217418184952,98.79810700830042,100.43878412651098,0.11534417451910883,1.7560212927296703,0.012170847296317788,0.0,0.016448500771886643,0.025932826450898006
1440,98.75590120032784,64,1664,0,3,0,3,98.75590120032784,1536,0.04854755555555555,98.8044487558834,98.8044487558834,98.81669320032785,98.83007996765353,98.85617879577853,100.49540120788788,0.10027759545069159,1.7395000075600393,0.0,0.0,0.013386767325684445,0.02609882812500075
1441,98.77094619429761,128,1408,113,3,0,3,98.8044487558834,1216,0.06555733333333334,98.87000608921673,98.87000608921673,98.88082831143895,98.88227811218478,98.90830919942437,102.19922336306831,0.13736300512675825,3.4282771687707054,0.03350256158579157,0.0,0.0014498007458314532,0.02603108723958769
1442,98.77981221416866,160,4480,63,1,0,1,98.77981221416866,4224,0.09255111111111111,98.87236332527976,98.87236332527976,98.90025221416866,98.9074900875625,98.9338837643203,103.15647255012763,0.15407155015164165,4.376660335958974,0.0,0.0,0.007237873393833638,0.026393676757805906
1443,98.78993883981467,96,5248,15,1,0,1,98.87236332527976,5120,0.05929955555555556,98.93166288083532,98.93166288083532,98.96381843639088,98.98689267545312,99.01374472623436,101.55236166959376,0.22380588641969723,2.762422829779098,0.08242448546509706,0.0,0.0230742390622396,0.026852050781243975
1444,98.99947157083838,96,2176,13,6,0,6,98.99947157083838,2048,0.050083555555555555,99.04955512639394,99.04955512639394,99.06464401528282,99.08363109684208,99.10967365869104,101.58054460711924,0.11020208785265595,2.5810730362808556,0.0,0.0,0.018987081559259877,0.026042561848953483
1445,99.10355033315437,64,3200,10,2,0,2,99.10355033315437,3072,0.05315555555555555,99.15670588870992,99.15670588870992,99.1774836664877,99.1810050627172,99.20761557704012,100.88594281848356,0.10406524388574212,1.7823924853291828,0.0,0.0,0.003521396229501761,0.026610514322911172
1446,99.18401350787165,64,640,92,0,0,,99.18401350787165,256,0.11658666666666667,99.30060017453832,99.30060017453832,99.30715573009387,99.3173714058609,99.3434505074234,100.9898924542705,0.15943699955174395,1.805878946398849,0.0,0.0,0.010215675767028642,0.026079101562501705
1447,99.18496049591619,96,3200,2,4,0,4,99.18496049591619,3072,0.05315555555555555,99.23811605147174,99.23811605147174,99.25889382924952,99.27056066745874,99.29721394338203,101.82165256147915,0.11225344746584653,2.6366920655629684,0.0,0.0,0.011666838209222874,0.026653275923294473
1448,99.21633770165616,96,2176,1,0,0,0,99.30060017453832,2048,0.050083555555555555,99.35068373009388,99.35068373009388,99.36577261898276,99.36953009726714,99.39560766423143,101.88656833317675,0.17926996257527605,2.670230631520596,0.08426247288215905,0.0,0.0037574782843847743,0.026077566964289645
1449,99.24638670512466,96,3200,14,7,0,7,99.24638670512466,3072,0.05315555555555555,99.29954226068021,99.29954226068021,99.320320038458,99.33654956907966,99.36307089069425,101.89407931703353,0.11668418556958216,2.647692611908866,0.0,0.0,0.016229530621671984,0.026521321614580984
1450,99.38753503864085,128,256,0,6,0,3,99.38753503864085,0,0.07987911111111111,99.46741414975196,99.46741414975196,99.47183637197418,99.47581705061812,99.50183747705042,102.78815916487592,0.11430243840956678,3.4006241262350727,0.0,0.0,0.00398067864394136,0.026020426432296517
1451,99.45096642673778,160,3200,2,4,0,4,99.45096642673778,3072,0.05315555555555555,99.50412198229333,99.50412198229333,99.52489976007111,99.53636380133658,99.56292785495873,103.7668820997821,0.11196142822095112,4.315915673044316,0.0,0.0,0.011464041265469405,0.026564053622152528
1452,99.49702867809651,96,2304,106,6,0,6,99.49702867809651,2048,0.0860231111111111,99.58305178920763,99.58305178920763,99.59885178920763,99.60592406559208,99.63196152373939,102.09565213362593,0.13493284564287933,2.5986234555294203,0.0,0.0,0.007072276384448628,0.026037458147314396
1453,99.49923410089357,64,1408,65,1,0,1,99.49923410089357,1216,0.06555733333333334,99.5647914342269,99.5647914342269,99.57561365644912,99.57718906217188,99.60368784146875,101.28565903287502,0.10445374057518109,1.7864249319814434,0.0,0.0,0.0015754057227610474,0.0264987792968725
1454,99.51098797381131,160,4416,119,7,0,7,99.51098797381131,4224,0.07458133333333333,99.58556930714464,99.58556930714464,99.61310264047798,99.62831096230883,99.65499504434008,103.857056074846,0.14400707052877237,4.346068101034689,0.0,0.0,0.015208321830854743,0.026684082031252387
1455,99.54512530425899,96,5248,15,1,0,1,99.5647914342269,5120,0.05929955555555556,99.62409098978246,99.62409098978246,99.65624654533802,99.65668686490626,99.68339956021876,102.21637269661201,0.1382742559597716,2.671247392353024,0.01966612996791639,0.0,0.0004403195682414207,0.026712695312497203
1456,99.73379544249384,160,1664,0,3,0,3,99.73379544249384,1536,0.04854755555555555,99.7823429980494,99.7823429980494,99.79458744249385,99.82062842142956,99.84669697611706,103.9574813220527,0.11290153362321576,4.223685879558857,0.0,0.0,0.026040978935711223,0.026068554687498136
1457,99.74020592171334,160,2048,0,2,0,3,99.74020592171334,0,0.5830328888888889,100.32323881060223,100.32323881060223,100.33761658838002,100.35556870204012,100.38229851974845,104.59022246529346,0.6420925980351058,4.850016543580125,0.0,0.0,0.017952113660101077,0.02672981770832905
1458,99.76746511703875,128,2176,1,0,0,0,99.76746511703875,2048,0.050083555555555555,99.81754867259431,99.81754867259431,99.8326375614832,99.83900100965555,99.86508438367899,103.20938449528614,0.0976192666402369,3.441919378247391,0.0,0.0,0.006363448172351127,0.026083374023443184
1459,99.89336825246532,96,1664,20,2,0,2,100.32323881060223,1536,0.04854755555555555,100.37178636615779,100.37178636615779,100.38403081060224,100.40902882573803,100.43553004644116,102.95067466255908,0.5421617939758363,3.0573064100937586,0.429870558136912,0.0,0.02499801513579314,0.026501220703124773
1460,99.90841047491774,96,2304,142,2,0,2,100.37178636615779,2112,0.06824533333333334,100.44003169949113,100.44003169949113,100.45583169949113,100.46203175542553,100.48845851323803,103.00347222115283,0.5800480383202853,3.095061746235089,0.4633758912400481,0.0,0.006200055934399984,0.026426757812501478
1461,99.96049568280661,64,2176,5,2,0,2,100.44003169949113,2048,0.050083555555555555,100.49011525504669,100.49011525504669,100.50520414393557,100.51488575933178,100.54125262131095,102.21334353462939,0.5807569385043365,2.2528478518227786,0.47953601668451995,0.0,0.009681615396203824,0.026366861979170153
1462,99.96320686754859,160,5248,11,2,0,2,100.49011525504669,5120,0.05929955555555556,100.54941481060224,100.54941481060224,100.5815703661578,100.59398781011302,100.62052673310409,104.82704726998097,0.6573198655554933,4.863840402432373,0.5269083874980964,0.0,0.012417443955214935,0.026538922991065306
1463,100.0060012016558,128,768,148,5,0,5,100.0060012016558,576,0.06363733333333334,100.06963853498914,100.06963853498914,100.0769052016558,100.09285928991046,100.11842260371255,103.40435194786559,0.11242140205673934,3.398350746209786,0.0,0.0,0.015954088254659382,0.02556331380208121
1464,100.01299840514969,160,1664,0,3,0,3,100.01299840514969,1536,0.04854755555555555,100.06154596070525,100.06154596070525,100.0737904051497,100.0813359409608,100.10736588887747,104.21610192752145,0.0943674837277797,4.203103522371762,0.0,0.0,0.007545535811104287,0.026029947916669016
1465,100.06897909343567,96,2112,25,6,0,6,100.06897909343567,1920,0.06766933333333333,100.136648426769,100.136648426769,100.15138176010234,100.15263303834134,100.1786643580958,102.63483328596968,0.10968526466012918,2.5658541925340046,0.0,0.0,0.0012512782389961785,0.026031319754466153
1466,100.07420519007252,128,1408,24,5,0,5,100.07420519007252,1216,0.06555733333333334,100.13976252340585,100.13976252340585,100.15058474562807,100.16955069616047,100.19514615514484,103.48245892796231,0.12094096507232166,3.408253737889794,0.0,0.0,0.018965950532404463,0.025595458984369657
1467,100.09704170612419,64,2432,138,7,0,7,100.09704170612419,2240,0.06862933333333333,100.16567103945752,100.16567103945752,100.18218215056864,100.190140714913,100.21691256549893,101.89407931703353,0.11987085937474262,1.7970376109093422,0.0,0.0,0.007958564344363595,0.02677185058593068
1468,100.13579200884088,96,2048,67,7,0,5,100.16567103945752,0,0.5830328888888889,100.74870392834642,100.74870392834642,100.7630817061242,100.77923422077237,100.80586029499112,103.306804121721,0.6700682861502401,3.1710121128801205,0.02987903061664099,0.0,0.016152514648169358,0.02662607421875407
1469,100.15193012641858,160,1664,4,6,0,6,100.15193012641858,1536,0.04854755555555555,100.20047768197414,100.20047768197414,100.21272212641858,100.23072846244848,100.25673371147192,104.36642741031862,0.10480358505334664,4.2144972839000445,0.0,0.0,0.018006336029898762,0.02600524902344148
1470,100.2401720891284,128,1664,12,4,0,4,100.2401720891284,1472,0.06632533333333333,100.30649742246173,100.30649742246173,100.31874186690618,100.33610079591615,100.36275286839879,103.7142955654939,0.12258077927039324,3.474123476365506,0.0,0.0,0.017358929009972712,0.02665207248263357
1471,100.24556638977805,64,2048,0,7,0,3,100.74870392834642,0,0.5830328888888889,101.33173681723531,101.33173681723531,101.34611459501309,101.3651206465536,101.39165132689214,103.04523185609601,1.1460849371140966,2.799665466317961,0.5031375385683674,0.0,0.019006051540515045,0.02653068033853856
1472,100.32521005582888,64,4416,135,5,0,5,100.32521005582888,4224,0.07458133333333333,100.3997913891622,100.3997913891622,100.42732472249554,100.45112760045734,100.47703951451984,102.1124809277453,0.15182945869096898,1.7872708719164194,0.0,0.0,0.02380287796179914,0.025911914062504593
1473,100.33379174791548,96,5248,3,0,0,0,100.33379174791548,5120,0.05929955555555556,100.39309130347104,100.39309130347104,100.4252468590266,100.43896942832185,100.46524115683748,102.97449899723927,0.13144940892199486,2.640707249323782,0.0,0.0,0.013722569295254061,0.026271728515624204
1474,100.71879227386431,128,1664,49,7,0,7,101.33173681723531,1408,0.0841031111111111,101.41583992834641,101.41583992834641,101.42808437279086,101.44471415241298,101.47114349114067,104.78236857484599,0.752351217276356,4.06357630098168,0.6129445433710003,0.0,0.016629779622121532,0.02642933872768083
1475,100.83444060940518,128,3072,22,4,0,4,100.83444060940518,2880,0.07054933333333334,100.90498994273851,100.90498994273851,100.92505660940517,100.94915399144567,100.97565032933629,104.31737030255833,0.14120971993111198,3.482929693153153,0.0,0.0,0.024097382040494608,0.026496337890620225
1476,100.87564925611805,96,832,60,6,0,6,100.87564925611805,640,0.06382933333333334,100.93947858945138,100.93947858945138,100.94710081167361,100.95953259191276,100.98549560460808,103.43091201318322,0.10984634849002362,2.555262757065165,0.0,0.0,0.012431780239154477,0.02596301269531409
1477,100.96401980251098,160,3200,2,4,0,4,100.96401980251098,3072,0.05315555555555555,101.01717535806652,101.01717535806652,101.0379531358443,101.05514227269566,101.08164973642334,105.26493099475512,0.11762993391236876,4.300911192244143,0.0,0.0,0.017189136851357034,0.026507463727682534
1478,100.96562237497177,160,1664,0,3,0,3,100.96562237497177,1536,0.04854755555555555,101.01416993052733,101.01416993052733,101.02641437497178,101.03741500183318,101.06322994323943,105.172634560985,0.09760756826766226,4.20701218601323,0.0,0.0,0.011000626861402907,0.025814941406252956
1479,100.97798529390256,96,3200,6,5,0,5,100.97798529390256,3072,0.05315555555555555,101.03114084945811,101.03114084945811,101.05191862723589,101.07314830358234,101.09917841425943,103.56082494126217,0.12119312035686391,2.582839647359606,0.0,0.0,0.021229676346450788,0.02603011067708394
1480,101.04423008008331,96,704,88,1,0,1,101.04423008008331,512,0.06344533333333334,101.10767541341664,101.10767541341664,101.11458652452775,101.12661020475002,101.15311712206773,103.64187245247138,0.10888704198441701,2.5976423723880657,0.0,0.0,0.012023680222270627,0.026506917317703937
1481,101.05187897339367,160,1664,0,3,0,3,101.05187897339367,1536,0.04854755555555555,101.10042652894923,101.10042652894923,101.11267097339368,101.11486129089569,101.14067704610402,105.25017126345897,0.08879807271034679,4.198292290065297,0.0,0.0,0.0021903175020128174,0.025815755208327573
1482,101.26918556780001,64,1664,0,3,0,3,101.26918556780001,1536,0.04854755555555555,101.31773312335557,101.31773312335557,101.32997756780001,101.34722066589569,101.37303972281534,103.00052795291207,0.10385415501532691,1.7313423851120575,0.0,0.0,0.017243098095676146,0.025819056919644368
1483,101.2876302751545,64,832,84,5,0,5,101.2876302751545,640,0.06382933333333334,101.35145960848783,101.35145960848783,101.35908183071005,101.35950637649901,101.38545196801687,103.01578330947272,0.09782169286236808,1.7281530343182254,0.0,0.0,0.00042454578895956274,0.025945591517853472
1484,101.39655783013174,96,2304,74,5,0,5,101.39655783013174,2112,0.06824533333333334,101.46480316346508,101.46480316346508,101.48060316346508,101.4892392169008,101.51521849982491,103.97542706179787,0.11866066969317046,2.5788692316661326,0.0,0.0,0.008636053435722602,0.025979282924112113
1485,101.51863427419957,96,2368,126,5,0,5,101.51863427419957,2176,0.06843733333333334,101.5870716075329,101.5870716075329,101.60322716308846,101.61914051433384,101.64514405437289,104.10480328250101,0.12650978017332193,2.5861690083014395,0.0,0.0,0.01591335124537352,0.02600354003905636
1486,101.57089014530484,160,1472,24,5,0,5,101.5870716075329,1280,0.06574933333333334,101.65282094086623,101.65282094086623,101.66399871864401,101.67114808269321,101.69712084745015,105.81825347781351,0.12623070214530685,4.2473633325086695,0.016181462228061605,0.0,0.00714936404919797,0.025972764756943434
1487,101.90246123686278,96,896,104,5,0,5,101.90246123686278,704,0.06402133333333333,101.9664825701961,101.9664825701961,101.97446034797389,101.98285348633904,102.0087779980578,104.46620767703226,0.10631676119501776,2.5637464401694814,0.0,0.0,0.008393138365150321,0.025924511718756094
1488,101.97669644339169,96,1280,157,6,0,6,101.97669644339169,1088,0.06517333333333333,102.04186977672502,102.04186977672502,102.05198088783614,102.06991057391612,102.09565213362593,104.55044657535768,0.11895569023424457,2.573750131965994,0.0,0.0,0.01792968607998091,0.02574155970981451
1489,102.067241329359,64,3200,2,4,0,4,102.067241329359,3072,0.05315555555555555,102.12039688491456,102.12039688491456,102.14117466269234,102.16335832319791,102.18969247033333,103.845635578786,0.12245114097432008,1.778394249426995,0.0,0.0,0.02218366050557563,0.026334147135415265
1490,102.07940734560803,160,1024,52,7,0,7,102.07940734560803,832,0.06440533333333334,102.14381267894137,102.14381267894137,102.15250156783026,102.15709308656477,102.18320675843977,106.296622481096,0.10379941283173366,4.217215135487962,0.0,0.0,0.004591518734514466,0.026113671874995248
1491,102.1343196046808,160,1408,69,1,0,1,102.1343196046808,1152,0.08333511111111111,102.21765471579191,102.21765471579191,102.22847693801413,102.24267860481514,102.2687787024714,106.3738744055964,0.13445909779059662,4.239554800915599,0.0,0.0,0.014201666801014312,0.026100097656254206
1492,102.25460605129108,64,4096,79,5,0,5,102.25460605129108,0,1.1580657777777779,103.41267182906886,103.41267182906886,103.43842738462442,103.45632639448017,103.48245892796231,105.1170668323057,1.2278528766712355,2.8624607810146188,0.0,0.0,0.017899009855753434,0.02613253348214073
1493,102.35718925355546,160,2176,1,0,0,0,102.35718925355546,2048,0.050083555555555555,102.40727280911102,102.40727280911102,102.4223616979999,102.44349509098926,102.46997250798145,106.70785910466113,0.11278325442599169,4.350669851105664,0.0,0.0,0.02113339298935557,0.026477416992193525
1494,102.36297951038149,96,1408,36,2,0,2,102.36297951038149,1216,0.06555733333333334,102.42853684371482,102.42853684371482,102.43935906593704,102.45152017037158,102.47778706490283,104.98296597115284,0.11480755452133451,2.6199864607713437,0.0,0.0,0.012161104434539993,0.026266894531246976
1495,102.36517183084193,160,2560,30,4,0,4,102.36517183084193,2304,0.08679111111111111,102.45196294195304,102.45196294195304,102.46918516417526,102.4794003153854,102.50572746382291,106.6969510305624,0.14055563298097695,4.331779199720472,0.0,0.0,0.010215151210147155,0.0263271484375025
1496,102.53150012854901,160,1984,41,4,0,4,102.53150012854901,1792,0.06728533333333334,102.59878546188234,102.59878546188234,102.61280768410457,102.63737053022916,102.66365544233854,106.85607769071865,0.13215531378952505,4.324577562169637,0.0,0.0,0.024562846124595694,0.026284912109375114
1497,102.55698795109313,96,2624,30,4,0,4,102.59878546188234,2432,0.06920533333333334,102.66799079521567,102.66799079521567,102.68556857299345,102.68994084272916,102.71622621599305,105.21213135282804,0.159238264899912,2.655143401734904,0.041797510789209014,0.0,0.004372269735711143,0.0262853732638888
1498,102.80850589029565,96,512,14,4,0,7,102.80850589029565,0,0.15175822222222224,102.96026411251788,102.96026411251788,102.96610855696233,102.97955199453037,103.0057710700512,105.50212142444262,0.19726517975554714,2.6936155341469714,0.0,0.0,0.013443437568042782,0.026219075520828028
1499,102.8829106116666,96,3200,10,2,0,2,102.8829106116666,3072,0.05315555555555555,102.93606616722215,102.93606616722215,102.95684394499993,102.97705503365283,103.00347222115283,105.5063320425814,0.12056160948623074,2.623421430914803,0.0,0.0,0.02021108865289989,0.02641718750000166
1500,102.97025939771831,160,2176,25,6,0,6,102.97025939771831,1984,0.06786133333333334,103.03812073105165,103.03812073105165,103.05320961994053,103.07030092919884,103.09605568994102,107.25798289708851,0.1257962922227165,4.287723499370202,0.0,0.0,0.017091309258304932,0.02575476074218841
1501,102.99764268460797,64,2880,26,4,0,4,102.99764268460797,2688,0.06997333333333333,103.0676160179413,103.0676160179413,103.08661601794131,103.11065225494703,103.1368922451814,104.78996784836374,0.13924956057343252,1.7923251637557769,0.0,0.0,0.024036237005717,0.026239990234373067
1502,103.23620724563635,96,832,148,5,0,5,103.41267182906886,640,0.06382933333333334,103.47650116240219,103.47650116240219,103.48412338462441,103.50865578668628,103.5347401198336,106.00140106082132,0.2985328741972495,2.765193815184972,0.17646458343250515,0.0,0.024532402061865355,0.026084333147323946
1503,103.24219203813362,128,5248,3,0,0,0,103.24219203813362,5120,0.05929955555555556,103.30149159368918,103.30149159368918,103.33364714924474,103.3397726788799,103.36659347966115,106.76134933903613,0.12440144152752453,3.5191573009025063,0.0,0.0,0.006125529635156113,0.02682080078125182
1504,103.42958021849267,160,768,128,5,0,5,103.47650116240219,576,0.06363733333333334,103.54013849573552,103.54013849573552,103.54740516240219,103.56082494126217,103.58673391168628,107.75097625613382,0.15715369319360661,4.321396037641151,0.0469209439095124,0.0,0.013419778859983467,0.025908970424112
1505,103.48861466098742,64,1664,0,3,0,3,103.48861466098742,1536,0.04854755555555555,103.53716221654298,103.53716221654298,103.54940666098743,103.56954968142769,103.59540837283394,105.22432474653188,0.10679371184652098,1.7357100855444543,0.0,0.0,0.020143020440258397,0.025858691406256185
1506,103.69296864756106,160,1664,4,6,0,6,103.69296864756106,1536,0.04854755555555555,103.74151620311662,103.74151620311662,103.75376064756107,103.76718756656862,103.7930437677405,107.9555196437403,0.10007512017944009,4.262550996179243,0.0,0.0,0.013426919007557103,0.02585620117187659
1507,103.79632271575433,64,1280,93,1,0,1,103.79632271575433,1088,0.06517333333333333,103.86149604908766,103.86149604908766,103.87160716019878,103.87331483528388,103.89898646614326,105.52297230598703,0.10266375038892761,1.7266495902326966,0.0,0.0,0.0017076750851003908,0.02567163085937807
1508,103.92400094704534,128,5248,19,6,0,6,103.92400094704534,5120,0.05929955555555556,103.9833005026009,103.9833005026009,104.01545605815646,104.02577155094362,104.05197291813111,107.38822599139655,0.12797197108577052,3.4642250443512097,0.0,0.0,0.010315492787157154,0.02620136718749677
1509,104.02589149783172,64,1600,33,2,0,2,104.02589149783172,1408,0.06613333333333334,104.09202483116506,104.09202483116506,104.10391372005395,104.1160159223247,104.14237187935596,105.79400789358587,0.11648038152424078,1.7681163957541486,0.0,0.0,0.012102202270753537,0.026355957031256594
1510,104.36452297790026,64,2368,70,1,0,1,104.36452297790026,2176,0.06843733333333334,104.4329603112336,104.4329603112336,104.44911586678916,104.46388588020577,104.48972653775785,106.11681141731515,0.12520355985758158,1.7522884394148832,0.0,0.0,0.014770013416608663,0.02584065755208087
1511,104.39554128798062,96,3200,6,5,0,5,104.39554128798062,3072,0.05315555555555555,104.44869684353617,104.44869684353617,104.46947462131395,104.4921094104307,104.51814368777445,107.0050766793109,0.12260239979383414,2.609535391330283,0.0,0.0,0.022634789116750653,0.026034277343754297
1512,104.4145169420755,96,2176,154,1,0,,104.4329603112336,256,0.5478613333333333,104.98082164456693,104.98082164456693,104.99591053345581,105.00664222786202,105.03254603645577,107.49654847786202,0.618029094380276,3.082031535786527,0.018443369158106293,0.0,0.010731694406203474,0.025903808593753297
1513,104.4313541301228,96,3200,2,4,0,4,104.4313541301228,3072,0.05315555555555555,104.48450968567835,104.48450968567835,104.50528746345613,104.52661379214166,104.55282926368184,107.07071245634364,0.12147513355904493,2.6393583262208438,0.0,0.0,0.021326328685532303,0.026215471540183444
1514,104.43415596153186,128,1664,20,2,0,2,104.43415596153186,1536,0.04854755555555555,104.48270351708742,104.48270351708742,104.49494796153186,104.51140654732471,104.53767803169971,107.85844334280465,0.10352207016785542,3.4242873812727908,0.0,0.0,0.016458585792847202,0.02627148437500182
1515,104.47825574202592,160,1664,0,3,0,3,104.47825574202592,1536,0.04854755555555555,104.52680329758148,104.52680329758148,104.53904774202593,104.55226957075062,104.57811954633657,108.67949457540095,0.0998638043106439,4.2012388333750295,0.0,0.0,0.013221828724695683,0.02584997558594182
1516,104.49051819179456,64,5248,7,4,0,4,104.49051819179456,5120,0.05929955555555556,104.54981774735012,104.54981774735012,104.58197330290568,104.60526167160594,104.63164680344188,106.30099227405199,0.14112861164731783,1.8104740822574286,0.0,0.0,0.023288368700264073,0.02638513183593716
1517,104.53281768424377,160,1664,0,3,0,3,104.53281768424377,1536,0.04854755555555555,104.58136523979933,104.58136523979933,104.59360968424377,104.60397001020375,104.6298132719225,108.7309618605572,0.09699558767873384,4.198144176313434,0.0,0.0,0.010360325959979377,0.025843261718748067
1518,104.65819299234339,128,512,146,1,0,6,104.98082164456693,0,0.15175822222222224,105.13257986678916,105.13257986678916,105.1384243112336,105.16207240364328,105.18784779426828,108.48730384895578,0.5296548019248917,3.829110856612388,0.32262865222354264,0.0,0.023648092409672472,0.025775390625000227
1519,104.97623459255112,64,3200,10,2,0,2,104.97623459255112,3072,0.05315555555555555,105.02939014810667,105.02939014810667,105.05016792588445,105.06118569771533,105.08738198677783,106.73745222952338,0.11114739422670539,1.7612176369722619,0.0,0.0,0.011017771830879042,0.026196289062497158
1520,105.05610624650733,160,2176,1,0,0,0,105.05610624650733,2048,0.050083555555555555,105.10618980206289,105.10618980206289,105.12127869095177,105.13784592106738,105.16443576481738,109.37819635587017,0.10832951831005744,4.322090109362847,0.0,0.0,0.01656723011561212,0.02658984375000273
1521,105.13602764057387,64,1728,49,7,0,7,105.13602764057387,1536,0.06651733333333333,105.20254497390721,105.20254497390721,105.21514497390721,105.21677336000224,105.24247404359599,106.86574894593974,0.10644640302211883,1.7297213053658709,0.0,0.0,0.0016283860950210283,0.025700683593754547
1522,105.1437811445037,128,2176,5,2,0,2,105.1437811445037,2048,0.050083555555555555,105.19386470005927,105.19386470005927,105.20895358894815,105.21837075630908,105.24454263130909,108.57528627900257,0.1007614868053821,3.431505134498863,0.0,0.0,0.009417167360936674,0.026171875000002842
1523,105.20466260035386,128,2176,17,6,0,6,105.20466260035386,1984,0.06786133333333334,105.2725239336872,105.2725239336872,105.28761282257608,105.29253544254519,105.31893375797488,108.62668517108405,0.11427115762101892,3.422022570730192,0.0,0.0,0.0049226199691077,0.02639831542968807
1524,105.24548825818052,96,2176,5,2,0,2,105.24548825818052,2048,0.050083555555555555,105.29557181373607,105.29557181373607,105.31066070262496,105.3230611859966,105.34921645943409,107.8324262529609,0.10372820125357407,2.586937994780385,0.0,0.0,0.012400483371635573,0.026155273437495907
1525,105.28593452519875,96,1664,0,3,0,3,105.28593452519875,1536,0.04854755555555555,105.33448208075431,105.33448208075431,105.34672652519876,105.35347497439648,105.37929724002147,107.82960070681835,0.09336271482271741,2.5436661816195993,0.0,0.0,0.006748449197715445,0.025822265624995566
1526,105.29245424020135,160,4480,47,5,0,5,105.29245424020135,4288,0.07477333333333333,105.36722757353469,105.36722757353469,105.39511646242359,105.40089019656351,105.42697173953226,109.68826116824319,0.1345174993309115,4.395806928041836,0.0,0.0,0.005773734139921771,0.02608154296875398
1527,105.34141071999206,64,3200,10,2,0,2,105.34141071999206,3072,0.05315555555555555,105.3945662755476,105.3945662755476,105.41534405332538,105.42768520943409,105.45390033220194,107.10345994436713,0.11248961220988463,1.762049224375076,0.0,0.0,0.012341156108703899,0.02621512276785154
1528,105.68075917401657,64,2176,5,2,0,2,105.68075917401657,2048,0.050083555555555555,105.73084272957213,105.73084272957213,105.74593161846101,105.7678652457064,105.79400789358587,107.44195823538276,0.11324871956929883,1.7611990613661845,0.0,0.0,0.02193362724538872,0.026142647879467518
1529,105.70370815174667,128,4672,39,0,0,0,105.70370815174667,4480,0.07534933333333334,105.77905748508,105.77905748508,105.80801304063556,105.82934054997364,105.85611276677051,109.22010797696392,0.1524046150238405,3.516399825217249,0.0,0.0,0.0213275093380787,0.026772216796871362
1530,105.75409719896817,64,2176,1,0,0,0,105.77905748508,2048,0.050083555555555555,105.82914104063556,105.82914104063556,105.84422992952445,105.85611276677051,105.882743430833,107.5550706699513,0.1286462318648347,1.8009734709831378,0.024960286111834762,0.0,0.01188283724606265,0.026630664062494702
1531,105.86486844306316,64,1664,4,6,0,6,105.86486844306316,1536,0.04854755555555555,105.91341599861872,105.91341599861872,105.92566044306317,105.92622977848268,105.95252030582643,107.59454044452156,0.08765186276326631,1.7296720014583968,0.0,0.0,0.0005693354195130951,0.026290527343746817
1532,105.88772042385853,96,1664,0,3,0,3,105.88772042385853,1536,0.04854755555555555,105.93626797941408,105.93626797941408,105.94851242385853,105.97334411502148,105.99917272830272,108.44768012227594,0.11145230444419951,2.5599596984174156,0.0,0.0,0.02483169116294448,0.025828613281248636
1533,106.03353507711692,128,1664,4,6,0,6,106.03353507711692,1536,0.04854755555555555,106.08208263267248,106.08208263267248,106.09432707711693,106.11027372379517,106.13648742822225,109.4280870265528,0.10295235110532985,3.394551949435879,0.0,0.0,0.015946646678244747,0.02621370442707871
1534,106.04636067466271,96,896,60,6,0,6,106.08208263267248,704,0.06402133333333333,106.14610396600581,106.14610396600581,106.15408174378359,106.16270162093059,106.18880527606451,108.65244688983405,0.14244460140180593,2.606086215171345,0.0357219580097734,0.0,0.008619877146998078,0.026103655133923098
1535,106.25274350483863,160,3200,2,4,0,4,106.25274350483863,3072,0.05315555555555555,106.30589906039418,106.30589906039418,106.32667683817196,106.32730981962492,106.35368897001554,110.61113663033453,0.10094546517690617,4.358393125495894,0.0,0.0,0.0006329814529522082,0.026379150390624773
1536,106.40163862727752,64,3200,2,4,0,4,106.40163862727752,3072,0.05315555555555555,106.45479418283307,106.45479418283307,106.47557196061085,106.4855920461874,106.51201021024991,108.19634701038011,0.11037158297239102,1.7947083831025878,0.0,0.0,0.010020085576556426,0.02641816406250541
1537,106.41389687435272,96,4544,63,1,0,1,106.41389687435272,4352,0.07496533333333334,106.48886220768605,106.48886220768605,106.5171066521305,106.52796571419015,106.55416102669014,109.04320912239326,0.14026415233742284,2.6293122480405486,0.0,0.0,0.010859062059651592,0.026195312499993406
1538,106.43838226704459,64,2176,1,0,0,0,106.43838226704459,2048,0.050083555555555555,106.48846582260015,106.48846582260015,106.50355471148903,106.522025852708,106.54857199528612,108.21588114707183,0.1101897282415365,1.7774988800272382,0.0,0.0,0.01847114121896709,0.02654614257812682
1539,106.52710724734727,96,512,16,3,0,4,106.52710724734727,0,0.15175822222222224,106.6788654695695,106.6788654695695,106.68470991401395,106.69672985720898,106.72245368533397,109.1664739699322,0.19534643798670004,2.639366722584924,0.0,0.0,0.012019943195028304,0.025723828124995407
1540,106.56395363364751,128,1216,32,6,0,6,106.56395363364751,1024,0.06498133333333334,106.62893496698085,106.62893496698085,106.63869052253641,106.65875456456898,106.68480259923695,109.97148656268561,0.12084896558943115,3.407532929038098,0.0,0.0,0.020064042032572615,0.02604803466796568
1541,106.5982766474632,64,4736,39,0,0,0,106.5982766474632,4544,0.07554133333333334,106.67381798079653,106.67381798079653,106.70312909190764,106.70785910466113,106.734603977708,108.40160554718344,0.1363273302448107,1.803328899720242,0.0,0.0,0.0047300127534839476,0.026744873046880002
1542,106.69399402080857,128,5248,7,4,0,4,106.69399402080857,5120,0.05929955555555556,106.75329357636413,106.75329357636413,106.78544913191969,106.8027361868124,106.8294066946249,110.236722637589,0.13541267381631883,3.5427286167804226,0.0,0.0,0.0172870548927051,0.026670507812497135
1543,106.75563805198323,128,1664,0,3,0,3,106.75563805198323,1536,0.04854755555555555,106.80418560753878,106.80418560753878,106.81643005198323,106.82535388064647,106.85109452192252,110.11618751159887,0.09545646993929324,3.3605494596156404,0.0,0.0,0.008923828663242261,0.025740641276044585
1544,106.9271329951912,96,4736,31,5,0,5,106.9271329951912,4544,0.07554133333333334,107.00267432852453,107.00267432852453,107.03198543963565,107.0577339058734,107.08439096967548,109.66101385379007,0.15725797448428125,2.733880858598866,0.0,0.0,0.02574846623775784,0.026657063802076664
1545,107.0695642939757,128,768,112,0,0,0,107.0695642939757,576,0.06363733333333334,107.13320162730903,107.13320162730903,107.1404682939757,107.15995090153612,107.18632785466112,110.53911397294142,0.11676356068541338,3.46954967896572,0.0,0.0,0.01948260756041975,0.026376953124994884
1546,107.08608938917091,160,2176,1,0,0,0,107.13320162730903,2048,0.050083555555555555,107.1832851828646,107.1832851828646,107.19837407175348,107.21270529606737,107.23903816437094,111.43821367997268,0.1529487752000307,4.352124290801768,0.04711223813812637,0.0,0.014331224313892221,0.026332868303569512
1547,107.23281236376447,96,1344,153,1,0,1,107.23281236376447,1152,0.06536533333333333,107.2981776970978,107.2981776970978,107.30864436376447,107.3140374915339,107.34010902473702,109.81403773567452,0.1072966609725512,2.581225371910051,0.0,0.0,0.005393127769423245,0.0260715332031225
1548,107.39462357575297,64,2688,30,4,0,4,107.39462357575297,2496,0.06939733333333334,107.4640209090863,107.4640209090863,107.48195424241963,107.50126063342698,107.52802381702072,109.21459485612972,0.13340024126775063,1.8199712803767483,0.0,0.0,0.019306391007347656,0.026763183593743634
1549,107.57041340272447,128,2048,106,7,0,6,107.57041340272447,0,0.5830328888888889,108.15344629161336,108.15344629161336,108.16782406939114,108.16782406939114,108.19382406939114,111.50575801191347,0.6234106666666719,3.935344609189002,0.0,0.0,0.0,0.02599999999999625
1550,107.5871022760383,160,2176,5,2,0,2,107.5871022760383,2048,0.050083555555555555,107.63718583159385,107.63718583159385,107.65227472048274,107.67619554007027,107.70223277151558,111.95721706513538,0.11513049547728826,4.370114789097087,0.0,0.0,0.023920819587530673,0.026037231445315
1551,107.66395268314204,128,2176,1,0,0,0,107.66395268314204,2048,0.050083555555555555,107.7140362386976,107.7140362386976,107.72912512758649,107.73974181252943,107.76607949389104,111.12024590653517,0.10212681074899876,3.456293223393132,0.0,0.0,0.010616684942945653,0.02633768136161052
1552,107.67975593519571,160,3200,2,4,0,4,107.67975593519571,3072,0.05315555555555555,107.73291149075126,107.73291149075126,107.75368926852904,107.76891444202073,107.79564139514574,112.05370119739182,0.11588545995002164,4.373945262196102,0.0,0.0,0.01522517349168595,0.026726953125006503
1553,107.73633479612242,128,2368,66,7,0,7,108.15344629161336,2176,0.06843733333333334,108.2218836249467,108.2218836249467,108.23803918050226,108.2458255342349,108.27190439165678,111.58390391035097,0.5355695955343549,3.8475691142285484,0.41711149549094273,0.0,0.007786353732640805,0.02607885742187932
1554,107.76981222311827,160,5248,3,0,0,0,107.76981222311827,5120,0.05929955555555556,107.82911177867382,107.82911177867382,107.86126733422938,107.87143510214996,107.89792802207184,112.10387123205601,0.12811579895357283,4.334059008937743,0.0,0.0,0.01016776792057783,0.02649291992187841
1555,107.79666215395207,96,5248,11,2,0,2,107.79666215395207,5120,0.05929955555555556,107.85596170950762,107.85596170950762,107.88811726506319,107.9106215654609,107.93720229462757,110.47419033173695,0.14054014067549758,2.677528177784879,0.0,0.0,0.02250430039771345,0.02658072916666754
1556,107.93745878908332,128,2368,150,7,0,7,108.2218836249467,2176,0.06843733333333334,108.29032095828003,108.29032095828003,108.30647651383559,108.32406357134427,108.35016920285469,111.66192734785098,0.4127104137713644,3.7244685587676543,0.2844248358633763,0.0,0.017587057508677617,0.026105631510418448
1557,107.96451971831128,128,1664,0,3,0,3,107.96451971831128,1536,0.04854755555555555,108.01306727386684,108.01306727386684,108.02531171831129,108.03553234744335,108.06128747439648,111.31816822448948,0.09676775608519961,3.353648506178203,0.0,0.0,0.010220629132064118,0.025755126953129093
1558,108.00550698562081,128,2432,66,7,0,7,108.29032095828003,2240,0.06862933333333333,108.35895029161337,108.35895029161337,108.37546140272448,108.37627532264635,108.40240215370103,111.7138054402989,0.39689516808022063,3.7082984546780864,0.28481397265922226,0.0,0.000813919921867523,0.026126831054682498
1559,108.0169895590927,96,2496,42,4,0,4,108.0169895590927,2304,0.06882133333333333,108.08581089242604,108.08581089242604,108.10267755909271,108.11640291858323,108.14305046090094,110.69134063424077,0.1260609018082306,2.674351075148067,0.0,0.0,0.013725359490521782,0.026647542317704165
1560,108.04217976239983,128,2176,17,6,0,6,108.04217976239983,2048,0.050083555555555555,108.09226331795539,108.09226331795539,108.10735220684427,108.11010021014656,108.13592481952155,111.43511208351894,0.09374505712172265,3.392932321119119,0.0,0.0,0.002748003302286861,0.0258246093749932
1561,108.16353351209555,160,3200,2,4,0,4,108.16353351209555,3072,0.05315555555555555,108.2166890676511,108.2166890676511,108.23746684542888,108.24966761584885,108.27631222847906,112.52673733020431,0.11277871638350234,4.363203818108758,0.0,0.0,0.012200770419966034,0.02664461263020712
1562,108.2343128738351,160,2176,1,0,0,0,108.2343128738351,2048,0.050083555555555555,108.28439642939065,108.28439642939065,108.29948531827954,108.32211287140218,108.34860994171468,112.54903480627475,0.11429706787959049,4.314721932439653,0.0,0.0,0.022627553122646304,0.02649707031250159
1563,108.25693233090588,128,5248,7,4,0,4,108.25693233090588,5120,0.05929955555555556,108.31623188646144,108.31623188646144,108.348387442017,108.35624899605718,108.38302640956164,111.79024172473557,0.12609407865575406,3.5333093938296827,0.0,0.0,0.007861554040175633,0.026777413504461833
1564,108.33764919197006,64,1664,0,3,0,3,108.33764919197006,1536,0.04854755555555555,108.38619674752562,108.38619674752562,108.39844119197006,108.42191052127147,108.44768012227594,110.06493832540095,0.11003093030588218,1.7272891334308866,0.0,0.0,0.023469329301406106,0.025769601004469678
1565,108.35870625175653,96,2176,9,7,0,7,108.35895029161337,2048,0.050083555555555555,108.40903384716893,108.40903384716893,108.42412273605781,108.42852947303697,108.45464421913073,110.93276973066347,0.0959379673741978,2.574063478906936,0.0002440398568381852,0.0,0.004406736979163384,0.026114746093753638
1566,108.50025773716894,96,1664,20,2,0,2,108.50025773716894,1536,0.04854755555555555,108.5488052927245,108.5488052927245,108.56104973716894,108.57528627900257,108.60177504853382,111.14386501435413,0.10151731136488706,2.643607277185197,0.0,0.0,0.014236541833625438,0.02648876953125523
1567,108.52438527721695,64,4608,131,4,0,4,108.52438527721695,4416,0.07515733333333334,108.59954261055029,108.59954261055029,108.62814261055028,108.65082740007503,108.67766858659847,110.37069131783453,0.15328330938152135,1.846306040617577,0.0,0.0,0.022684789524745952,0.02684118652344125
1568,108.58912165892798,64,2176,1,0,0,0,108.58912165892798,2048,0.050083555555555555,108.63920521448354,108.63920521448354,108.65429410337242,108.6654054216254,108.69174807299258,110.35443042569439,0.10262641406460205,1.7653087667664096,0.0,0.0,0.011111318252972069,0.026342651367187386
1569,108.61301443921157,128,2176,1,0,0,0,108.63920521448354,2048,0.050083555555555555,108.6892887700391,108.6892887700391,108.70437765892798,108.71809121264101,108.74440360413406,112.10387123205601,0.13138916492249564,3.49085679284444,0.02619077527197078,0.0,0.013713553713031956,0.026312391493050313
1570,108.69159318260463,64,5248,3,0,0,0,108.69159318260463,5120,0.05929955555555556,108.75089273816019,108.75089273816019,108.78304829371575,108.79702985196393,108.82346857266705,110.486619669556,0.13187539006241877,1.7950264869513717,0.0,0.0,0.01398155824817593,0.02643872070312625
1571,108.75173484528241,64,256,4,3,0,6,108.75173484528241,0,0.07987911111111111,108.83161395639353,108.83161395639353,108.83603617861574,108.8594433058697,108.8850265089947,110.49790300639053,0.13329166371228496,1.7461681611081161,0.0,0.0,0.02340712725396088,0.02558320312499518
1572,108.90125115595423,64,1664,4,6,0,6,108.90125115595423,1536,0.04854755555555555,108.94979871150979,108.94979871150979,108.96204315595423,108.96273692889656,108.98858556170906,110.62125536151373,0.08733440575483087,1.7200042055595048,0.0,0.0,0.0006937729423270866,0.025848632812497385
1573,108.93138958584568,160,4544,67,5,0,5,108.93138958584568,4288,0.09274311111111111,109.02413269695678,109.02413269695678,109.05237714140122,109.06087469363382,109.08814861941507,113.3976732776182,0.15675903356938647,4.466283691772517,0.0,0.0,0.008497552232597627,0.027273925781244657
1574,109.04666890220794,128,1408,81,1,0,1,109.04666890220794,1216,0.06555733333333334,109.11222623554127,109.11222623554127,109.12304845776349,109.14596595833076,109.17165492317451,112.44577040169017,0.12498602096657407,3.399101499482228,0.0,0.0,0.022917500567274374,0.02568896484375216
1575,109.24745193622138,160,5248,11,2,0,2,109.24745193622138,5120,0.05929955555555556,109.30675149177694,109.30675149177694,109.3389070473325,109.34365883759632,109.37042665986195,113.65473207978381,0.12297472364056716,4.407280143562431,0.0,0.0,0.004751790263824773,0.026767822265625796
1576,109.36037510362588,96,5248,11,2,0,2,109.36037510362588,5120,0.05929955555555556,109.41967465918144,109.41967465918144,109.451830214737,109.47750283173694,109.50443154267444,112.06765456513538,0.1440564390485548,2.7072794615095006,0.0,0.0,0.025672616999941056,0.026928710937497158
1577,109.3761246571485,128,1664,4,6,0,6,109.3761246571485,1536,0.04854755555555555,109.42467221270405,109.42467221270405,109.4369166571485,109.4539385890528,109.47978075213874,112.79418098000333,0.10365609499024231,3.418056322854838,0.0,0.0,0.017021931904295684,0.02584216308594023
1578,109.38247017862925,160,3200,2,4,0,4,109.38247017862925,3072,0.05315555555555555,109.4356257341848,109.4356257341848,109.45640351196258,109.45692814296008,109.48381077235462,113.70715391549078,0.10134059372536797,4.32468373686153,0.0,0.0,0.0005246309975035501,0.02688262939453523
1579,109.49344322825058,96,1408,37,7,0,7,109.49344322825058,1216,0.06555733333333334,109.55900056158391,109.55900056158391,109.56982278380613,109.57804021522448,109.60410165728177,112.07483522545515,0.11065842903119005,2.5813919972045625,0.0,0.0,0.008217431418344745,0.026061442057297768
1580,109.63432776079382,96,2432,106,6,0,6,109.63432776079382,2176,0.0864071111111111,109.72073487190494,109.72073487190494,109.73724598301605,109.73822923846686,109.76414476581061,112.24944572609708,0.12981700501678972,2.6151179653032557,0.0,0.0,0.0009832554508051317,0.025915527343755684
1581,110.07409860608793,64,512,49,3,0,7,110.07409860608793,0,0.15175822222222224,110.22585682831016,110.22585682831016,110.2317012727546,110.24369483581762,110.26911345560929,111.88287027527073,0.19501484952135684,1.8087716691828035,0.0,0.0,0.011993563063015245,0.025418619791665265
1582,110.08862978026559,128,1664,8,7,0,7,110.08862978026559,1536,0.04854755555555555,110.13717733582115,110.13717733582115,110.1494217802656,110.15150473345365,110.17753981994919,113.47272532148381,0.08891003968359712,3.3840955412182154,0.0,0.0,0.002082953188050851,0.026035086495539872
1583,110.41704722423859,96,1280,32,6,0,6,110.41704722423859,1088,0.06517333333333333,110.48222055757192,110.48222055757192,110.49233166868304,110.51729173846687,110.54321361346686,113.02783674172208,0.12616638922827406,2.6107895174834965,0.0,0.0,0.024960069783830363,0.025921874999994543
1584,110.43487730003802,64,5248,19,6,0,6,110.48222055757192,5120,0.05929955555555556,110.54152011312748,110.54152011312748,110.57367566868304,110.59505882831061,110.62125536151373,112.27569953469083,0.18637806147570757,1.840822234652805,0.04734325753389612,0.0,0.02138315962757531,0.026196533203119543
1585,110.70134456262765,128,1664,0,3,0,3,110.70134456262765,1536,0.04854755555555555,110.74989211818321,110.74989211818321,110.76213656262766,110.77905827982802,110.80470411316135,114.06993091069513,0.10335955053369617,3.368586348067481,0.0,0.0,0.016921717200361286,0.025645833333328483
1586,110.72951845372201,64,2048,48,1,0,2,110.72951845372201,0,0.5830328888888889,111.3125513426109,111.3125513426109,111.32692912038868,111.33118470833078,111.3570492102839,112.9939561927058,0.6275307565618959,2.264437738983787,0.0,0.0,0.00425558794209735,0.025864501953122954
1587,110.74615826997525,64,3200,6,5,0,5,110.74615826997525,3072,0.05315555555555555,110.7993138255308,110.7993138255308,110.82009160330858,110.83234075808694,110.85924725222756,112.55534075808694,0.11308898225230735,1.8091824881116878,0.0,0.0,0.012249154778359639,0.02690649414061852
1588,110.86842314110977,128,2176,13,6,0,6,110.86842314110977,2048,0.050083555555555555,110.91850669666533,110.91850669666533,110.93359558555422,110.93649969745124,110.96273806008145,114.28034846047208,0.09431491897167632,3.411925319362311,0.0,0.0,0.0029041118970241087,0.026238362630209622
1589,110.970988888216,160,1664,0,3,0,3,110.970988888216,1536,0.04854755555555555,111.01953644377156,111.01953644377156,111.031780888216,111.0355385858176,111.06122974792699,115.15134103013028,0.09024085971098827,4.180352141914284,0.0,0.0,0.00375769760159983,0.02569116210938205
1590,111.10464689716545,128,2048,8,1,0,7,111.3125513426109,0,0.5830328888888889,111.8955842314998,111.8955842314998,111.90996200927758,111.92619178840891,111.95210894335683,115.26671892057037,0.8474620461913815,4.162072023404917,0.2079044454454504,0.0,0.016229779131336386,0.02591715494791913
1591,111.39170610731377,64,2432,90,1,0,1,111.8955842314998,2240,0.06862933333333333,111.96421356483313,111.96421356483313,111.98072467594424,112.00394471809642,112.02993055794018,113.67377536588288,0.6382244506264101,2.282069258569109,0.5038781241860306,0.0,0.023220042152175324,0.025985839843755798
1592,111.40605091358215,64,2048,41,4,0,4,111.40605091358215,1856,0.06747733333333333,111.47352824691548,111.47352824691548,111.48790602469326,111.49714751900639,111.52384175728764,113.18102606718348,0.11779084370549242,1.774975153601332,0.0,0.0,0.00924149431313026,0.026694238281251614
1593,111.56139092364937,64,1664,0,3,0,3,111.56139092364937,1536,0.04854755555555555,111.60993847920493,111.60993847920493,111.62218292364938,111.62584498230198,111.65153028503636,113.27322919628541,0.09013936138698853,1.7118382726360437,0.0,0.0,0.00366205865260838,0.02568530273437375
1594,111.58148277327989,160,1728,29,4,0,4,111.58148277327989,1536,0.06651733333333333,111.64800010661322,111.64800010661322,111.66060010661323,111.68401744088139,111.71057277942306,115.88866091503422,0.1290900061431728,4.307178141754335,0.0,0.0,0.02341733426816006,0.02655533854166947
1595,111.66425665926236,128,1664,0,3,0,3,111.66425665926236,1536,0.04854755555555555,111.71280421481792,111.71280421481792,111.72504865926237,111.72858912292698,111.75430142761448,115.02244942856778,0.09004476835211506,3.3581927693054183,0.0,0.0,0.0035404636646063636,0.025712304687502296
1596,111.89969146524146,128,1664,0,3,0,3,111.89969146524146,1536,0.04854755555555555,111.94823902079702,111.94823902079702,111.96048346524147,111.98616812683323,112.01199117370824,115.28007013169278,0.11229970846677872,3.380378666451321,0.0,0.0,0.025684661591768077,0.025823046875004252
1597,111.93123214440972,128,2176,13,6,0,6,111.93123214440972,2048,0.050083555555555555,111.98131569996528,111.98131569996528,111.99640458885416,112.0132125718002,112.0394587469304,115.35070270851897,0.10822660252068772,3.419470564109247,0.0,0.0,0.016807982946033917,0.026246175130211213
1598,111.94501884883086,64,4096,0,5,0,3,111.94501884883086,0,1.1580657777777779,113.10308462660863,113.10308462660863,113.1288401821642,113.1556517932432,113.18279803347757,114.86041009402443,1.2377791846467119,2.9153912451935753,0.0,0.0,0.026811611078997544,0.027146240234372954
1599,112.11764603172155,160,768,120,3,0,3,112.11764603172155,576,0.06363733333333334,112.18128336505488,112.18128336505488,112.18855003172155,112.19276617370824,112.2185178013124,116.30972164536466,0.10087176959085298,4.192075613643112,0.0,0.0,0.004216141986688626,0.025751627604165606
1600,112.17458853752447,160,1280,97,7,0,7,112.17458853752447,1024,0.0829511111111111,112.25753964863559,112.25753964863559,112.2676507597467,112.28163795983015,112.3073767293614,116.42843273289563,0.13278819183692292,4.253844195371158,0.0,0.0,0.01398720008344867,0.025738769531244543
1601,112.18711420359725,64,2176,9,7,0,7,112.25753964863559,2048,0.050083555555555555,112.30762320419115,112.30762320419115,112.32271209308003,112.3331159871739,112.35896331790306,113.99259507246036,0.1718491143058145,1.805480868863114,0.07042544503833881,0.0,0.010403894093869326,0.025847330729163787
1602,112.25178848343283,128,1472,36,2,0,2,112.25178848343283,1280,0.06574933333333334,112.31753781676616,112.31753781676616,112.32871559454394,112.34379470185414,112.37046242646352,115.74666339488797,0.11867394303068579,3.494874911455142,0.0,0.0,0.015079107310199902,0.02666772460938205
1603,112.35277865109627,64,1664,0,3,0,3,112.35277865109627,1536,0.04854755555555555,112.40132620665183,112.40132620665183,112.41357065109628,112.42454840027074,112.45031249067252,114.06993091069513,0.09753383957624351,1.717152259598862,0.0,0.0,0.01097774917445804,0.02576409040177907
1604,112.36609179341521,128,3200,18,0,0,0,112.36609179341521,3072,0.05315555555555555,112.41924734897076,112.41924734897076,112.44002512674854,112.44362953283725,112.46998011877474,115.85470786128776,0.1038883253595344,3.488616067872556,0.0,0.0,0.003604406088712153,0.026350585937493065
1605,112.39025921470814,64,2176,9,7,0,7,112.39025921470814,2048,0.050083555555555555,112.4403427702637,112.4403427702637,112.45543165915258,112.46235752363224,112.4882604777338,114.1226941935541,0.09800126302566525,1.7324349788459585,0.0,0.0,0.00692586447965482,0.025902954101567843
1606,112.42661597433934,96,2432,82,1,0,1,112.42661597433934,2240,0.06862933333333333,112.49524530767268,112.49524530767268,112.51175641878379,112.52399842903392,112.55010304329174,115.03200261197661,0.12348706895240014,2.6053866376372667,0.0,0.0,0.012242010250133717,0.02610461425781807
1607,112.61763563571886,64,256,54,3,0,6,112.61763563571886,0,0.07987911111111111,112.69751474682997,112.69751474682997,112.70193696905218,112.70798025015912,112.73366915396772,114.35238733159358,0.11603351824886943,1.7347516958747207,0.0,0.0,0.006043281106940412,0.025688903808600116
1608,112.83637816089167,128,2176,13,6,0,6,112.83637816089167,2048,0.050083555555555555,112.88646171644723,112.88646171644723,112.90155060533611,112.92392219094084,112.94990009621428,116.2635975652898,0.11352193532260912,3.42721940439813,0.0,0.0,0.022371585604730626,0.02597790527343591
1609,112.8794636101593,128,2368,58,5,0,5,113.10308462660863,2112,0.0862151111111111,113.18929973771975,113.18929973771975,113.2054552932753,113.2099447619932,113.23676165652445,116.5897680041807,0.35729804636514473,3.7103043940213922,0.22362101644932864,0.0,0.004489468717892464,0.026816894531251023
1610,112.99876369113466,128,5248,11,2,0,2,112.99876369113466,5120,0.05929955555555556,113.05806324669021,113.05806324669021,113.09021880224577,113.09067556122913,113.11765065888538,116.5106890296536,0.1188869677507256,3.5119253385189495,0.0,0.0,0.00045675898336128284,0.026975097656247726
1611,113.06728200356184,64,1216,73,3,0,3,113.06728200356184,1024,0.06498133333333334,113.13226333689518,113.13226333689518,113.14201889245074,113.14475802115521,113.17044373079062,114.79033578110685,0.10316172722878036,1.7230537775450046,0.0,0.0,0.0027391287044764567,0.025685709635411058
1612,113.0869870449691,64,1664,0,3,0,3,113.13226333689518,1536,0.04854755555555555,113.18081089245074,113.18081089245074,113.19305533689518,113.1961299287073,113.22182919628541,114.84192403794279,0.13484215131630606,1.7549369929736827,0.045276291926072076,0.0,0.0030745918121084514,0.025699267578119134
1613,113.14792140791921,128,1664,8,7,0,7,113.14792140791921,1536,0.04854755555555555,113.19646896347477,113.19646896347477,113.20871340791922,113.21374143476505,113.2396376261713,116.53163227716647,0.09171621825208831,3.3837108692472526,0.0,0.0,0.005028026845835143,0.02589619140624677
1614,113.27802250849423,96,2176,5,2,0,2,113.27802250849423,2048,0.050083555555555555,113.32810606404979,113.32810606404979,113.34319495293867,113.36044851044788,113.38719912079944,115.90782403941922,0.10917661230520537,2.6298015309249934,0.0,0.0,0.017253557509206985,0.026750610351555792
1615,113.30631798687186,96,3136,22,4,0,4,113.30631798687186,2944,0.07074133333333334,113.37705932020519,113.37705932020519,113.39748154242741,113.41730463163661,113.44365212512619,115.94138894237797,0.1373341382543316,2.6350709555061087,0.0,0.0,0.019823089209197065,0.026347493489581097
1616,113.38600943507402,96,1856,49,7,0,7,113.38600943507402,1600,0.08467911111111111,113.47068854618513,113.47068854618513,113.48399965729624,113.49863291425724,113.524540629101,115.99032994969251,0.13853119402698155,2.604320514618493,0.0,0.0,0.014633256961005259,0.025907714843754093
1617,113.47128849164346,64,1664,0,3,0,3,113.47128849164346,1536,0.04854755555555555,113.51983604719902,113.51983604719902,113.53208049164347,113.55578930913263,113.58149175053889,115.20285675278653,0.11020325889542448,1.7315682611430674,0.0,0.0,0.023708817489165313,0.025702441406252774
1618,113.5199641022193,64,3200,14,7,0,7,113.5199641022193,3072,0.05315555555555555,113.57311965777485,113.57311965777485,113.59389743555263,113.60226670331974,113.62828517662703,115.26722532729667,0.10832107440772631,1.7472612250773665,0.0,0.0,0.008369267767108113,0.026018473307289014
1619,113.92048405003148,160,1664,12,4,0,4,113.92048405003148,1536,0.04854755555555555,113.96903160558703,113.96903160558703,113.98127605003148,113.99547959908453,114.02156000273037,118.19769500559102,0.10107595269889202,4.277210955559539,0.0,0.0,0.014203549053050324,0.026080403645835304
1620,113.95032904852876,64,2176,9,7,0,7,113.95032904852876,2048,0.050083555555555555,114.00041260408432,114.00041260408432,114.0155014929732,114.0186072794916,114.04462827558535,115.68071881688,0.09429922705659521,1.7303897683512446,0.0,0.0,0.0031057865184038747,0.02602099609374875
1621,114.09394944599151,160,2944,26,4,0,4,114.09394944599151,2752,0.07016533333333333,114.16411477932485,114.16411477932485,114.1834703348804,114.2041365001262,114.23030910754807,118.40782195871601,0.1363596615565541,4.313872512724501,0.0,0.0,0.02066616524579956,0.026172607421869998
1622,114.18189332049569,96,1408,153,1,0,1,114.18189332049569,1216,0.06555733333333334,114.24745065382902,114.24745065382902,114.25827287605124,114.27467844205474,114.30066232877348,116.77942180956776,0.1187690082777948,2.597528489072076,0.0,0.0,0.01640556600349896,0.025983886718748295
1623,114.31672289644142,96,4352,87,1,0,1,114.31672289644142,4160,0.07438933333333334,114.39111222977475,114.39111222977475,114.41829000755253,114.43058908658598,114.45686044889067,116.93688352831776,0.14013755244924653,2.6201606318763453,0.0,0.0,0.012299079033454063,0.02627136230468352
1624,114.51555391867983,64,832,108,1,0,1,114.51555391867983,640,0.06382933333333334,114.57938325201316,114.57938325201316,114.58700547423538,114.58822458463285,114.61432526822661,116.25599043749746,0.09877134954678013,1.7404365188176314,0.0,0.0,0.0012191103974714679,0.026100683593753615
1625,114.60567157558592,160,1664,0,3,0,3,114.60567157558592,1536,0.04854755555555555,114.65421913114147,114.65421913114147,114.66646357558592,114.68724977579001,114.71301814737204,118.82612001776049,0.10734657178612395,4.220448442174572,0.0,0.0,0.020786200204085503,0.025768371582032046
1626,114.61466532747875,128,5248,3,0,0,0,114.61466532747875,5120,0.05929955555555556,114.6739648830343,114.6739648830343,114.70612043858986,114.728941544556,114.75602504064975,118.13046062293041,0.14135971317099916,3.5157952954516674,0.0,0.0,0.022821105966130517,0.027083496093752046
1627,114.61889874572016,160,1664,0,3,0,3,114.65421913114147,1536,0.04854755555555555,114.70276668669703,114.70276668669703,114.71501113114148,114.73878700723532,114.76456115003046,118.87826113104174,0.14566240431030053,4.25936238532158,0.03532038542131488,0.0,0.023775876093836246,0.025774142795143007
1628,114.65340173147936,64,5248,7,4,0,4,114.65340173147936,5120,0.05929955555555556,114.71270128703492,114.71270128703492,114.74485684259048,114.75386379504808,114.78032258411058,116.44197341503421,0.12692085263121555,1.7885716835548493,0.0,0.0,0.00900695245759664,0.02645878906250232
1629,114.70455872552144,160,2176,9,7,0,7,114.70455872552144,2048,0.050083555555555555,114.754642281077,114.754642281077,114.76973116996588,114.7730604044916,114.79908831790306,118.93639217299982,0.09452959238161895,4.23183344747838,0.0,0.0,0.0033292345257223133,0.02602791341145405
1630,114.79385494431723,160,1536,57,4,0,4,114.79385494431723,1344,0.06594133333333334,114.85979627765056,114.85979627765056,114.87132961098389,114.88616262317308,114.91250531523038,119.08836736887226,0.11865037091314434,4.294512424555023,0.0,0.0,0.014833012189185979,0.026342692057298223
1631,114.85428641916087,128,3200,2,4,0,4,114.85979627765056,3072,0.05315555555555555,114.91295183320611,114.91295183320611,114.93372961098389,114.93884849556892,114.96522342581446,118.3028502790285,0.11093700665358597,3.448563859867633,0.005509858489688213,0.0,0.005118884585030514,0.026374930245538053
1632,114.87799699363504,64,2560,42,4,0,4,114.91295183320611,2368,0.06901333333333334,114.98196516653944,114.98196516653944,114.99918738876165,115.01797475114928,115.0443353468524,116.70435324359325,0.16633835321736967,1.8263562499582093,0.03495483957107126,0.0,0.018787362387627127,0.026360595703124545
1633,114.92124135081686,160,2176,1,0,0,0,114.92124135081686,2048,0.050083555555555555,114.97132490637242,114.97132490637242,114.9864137952613,114.99979847814974,115.02654489742058,119.23619497409763,0.10530354660372154,4.314953623280772,0.0,0.0,0.013384682888442967,0.026746419270835986
1634,115.05427630358265,160,832,124,7,0,7,115.05427630358265,640,0.06382933333333334,115.11810563691598,115.11810563691598,115.12572785913821,115.13749562584577,115.16344058957345,119.30013035659356,0.10916428599080064,4.245854053010902,0.0,0.0,0.011767766707563965,0.025944963727681625
1635,115.34404682450233,64,4608,59,4,0,4,115.34404682450233,4416,0.07515733333333334,115.41920415783567,115.41920415783567,115.44780415783566,115.46617128435241,115.49263808122741,117.15042477679638,0.14859125672508355,1.8063779522940564,0.0,0.0,0.01836712651675043,0.026466796874998977
1636,115.37067012874739,96,1664,0,3,0,3,115.37067012874739,1536,0.04854755555555555,115.41921768430295,115.41921768430295,115.4314621287474,115.43423761216154,115.45996295395841,117.91370589480663,0.08929282521101811,2.5430357660592335,0.0,0.0,0.002775483414140467,0.02572534179687125
1637,115.5780414508792,128,2176,1,0,0,0,115.5780414508792,2048,0.050083555555555555,115.62812500643476,115.62812500643476,115.64321389532364,115.66860544429558,115.69519003902214,119.05224673191013,0.11714858814293905,3.474205281030933,0.0,0.0,0.02539154897193896,0.026584594726557498
1638,115.603120411067,160,1664,12,4,0,4,115.603120411067,1536,0.04854755555555555,115.65166796662255,115.65166796662255,115.663912411067,115.67791933122741,115.70432421403991,119.87491775484696,0.10120380297291831,4.271797343779966,0.0,0.0,0.01400692016041205,0.026404882812499864
1639,115.60828628579415,64,960,72,4,0,4,115.65166796662255,768,0.06421333333333333,115.71588129995588,115.71588129995588,115.72421463328922,115.73072958513366,115.75705025274729,117.41080710101514,0.14876396695314043,1.802520815220987,0.043381680828403546,0.0,0.006514951844437178,0.026320667613632054
1640,115.61072341808418,96,1664,0,3,0,3,115.61072341808418,1536,0.04854755555555555,115.65927097363974,115.65927097363974,115.67151541808418,115.69151300278654,115.71725968247404,118.17446110313996,0.10653626438985953,2.5637376850557843,0.0,0.0,0.019997584702352356,0.025746679687500773
1641,115.71350155496104,128,1088,56,1,0,1,115.71350155496104,896,0.06459733333333334,115.77809888829438,115.77809888829438,115.78714333273882,115.7885825273412,115.81453907030996,119.12215532658784,0.10103751534892069,3.4086537716268026,0.0,0.0,0.001439194602383509,0.025956542968756935
1642,115.72476856302042,96,2048,73,0,0,3,115.72476856302042,0,0.5830328888888889,116.30780145190931,116.30780145190931,116.3221792296871,116.33314487300652,116.3595832274987,118.86829426957755,0.6348146644782844,3.143525706557128,0.0,0.0,0.01096564331942318,0.026438354492185567
1643,115.85980205870767,160,1664,0,3,0,3,115.85980205870767,1536,0.04854755555555555,115.90834961426323,115.90834961426323,115.92059405870768,115.92325069809904,115.94901200994799,120.07216168442714,0.0892099512403206,4.212359625719472,0.0,0.0,0.002656639391361182,0.025761311848953028
1644,115.99360495131151,96,1664,4,6,0,6,115.99360495131151,1536,0.04854755555555555,116.04215250686707,116.04215250686707,116.05439695131152,116.05578766945646,116.08175446633146,118.57154991717782,0.08814951501994983,2.5779449658663083,0.0,0.0,0.0013907181449468453,0.02596679687499659
1645,116.08155909339247,128,2368,110,1,0,1,116.08155909339247,2176,0.06843733333333334,116.1499964267258,116.1499964267258,116.16615198228136,116.17798194140371,116.20398428515371,119.5157890179941,0.12242519176123778,3.434229924601624,0.0,0.0,0.011829959122351852,0.026002343749993884
1646,116.14111302514118,160,2176,13,6,0,6,116.14111302514118,2048,0.050083555555555555,116.19119658069674,116.19119658069674,116.20628546958562,116.21159577492521,116.23759642596688,120.41214722349292,0.09648340082570428,4.271034198351742,0.0,0.0,0.005310305339591537,0.026000651041670153
1647,116.17945954727868,64,2176,1,0,0,0,116.30780145190931,2048,0.050083555555555555,116.35788500746487,116.35788500746487,116.37297389635376,116.38602207027215,116.4123860351159,118.07749351533099,0.2329264878372186,1.898033968052303,0.12834190463063067,0.0,0.01304817391839208,0.02636396484375325
1648,116.18404709032716,64,3200,10,2,0,2,116.18404709032716,3072,0.05315555555555555,116.2372026458827,116.2372026458827,116.25798042366048,116.26684747691922,116.2939390296536,117.97259332652861,0.10989193932644525,1.788546236201455,0.0,0.0,0.008867053258740043,0.027091552734376023
1649,116.28950805540393,96,3200,18,0,0,0,116.35788500746487,3072,0.05315555555555555,116.41104056302042,116.41104056302042,116.4318183407982,116.4387504882409,116.46514835607944,118.97349502292576,0.17564030067551073,2.6839869675218324,0.06837695206094452,0.0,0.006932147442697101,0.026397867838539923
1650,116.3373421086488,160,3200,2,4,0,4,116.3373421086488,3072,0.05315555555555555,116.39049766420435,116.39049766420435,116.41127544198213,116.41560232128421,116.44197341503421,120.6149936477041,0.10463130638541429,4.277651539055299,0.0,0.0,0.004326879302084308,0.026371093750000796
1651,116.58849895751844,160,4352,107,1,0,1,116.58849895751844,4160,0.07438933333333334,116.66288829085177,116.66288829085177,116.69006606862955,116.70052840136464,116.72687635058338,120.87991226831961,0.13837739306494257,4.291413310801175,0.0,0.0,0.010462332735087898,0.026347949218745725
1652,116.61938747667024,64,896,108,1,0,1,116.66288829085177,704,0.06402133333333333,116.7269096241851,116.7269096241851,116.73488740196288,116.75322478808339,116.77942180956776,118.41777129338473,0.16003433289752422,1.798383816714491,0.0435008141815274,0.0,0.01833738612050695,0.026197021484378524
1653,116.75625155427721,96,1472,153,1,0,1,116.75625155427721,1280,0.06574933333333334,116.82200088761054,116.82200088761054,116.83317866538832,116.85829368456777,116.88448981086985,119.3579315961191,0.12823825659263832,2.601680041841888,0.0,0.0,0.025115019179452247,0.026196126302082234
1654,116.82934260752252,64,2176,1,0,0,0,116.82934260752252,2048,0.050083555555555555,116.87942616307808,116.87942616307808,116.89451505196696,116.91398681636589,116.94034430799536,118.60519919714916,0.11100170047284053,1.7758565896266418,0.0,0.0,0.01947176439892928,0.026357491629468655
1655,116.85738106265487,128,2048,20,5,0,2,116.85738106265487,0,0.5830328888888889,117.44041395154376,117.44041395154376,117.45479172932154,117.45479172932154,117.48079172932154,120.8230024377944,0.6234106666666719,3.965621375139534,0.0,0.0,0.0,0.02599999999999625
1656,116.89272201221695,64,5248,19,6,0,6,116.89272201221695,5120,0.05929955555555556,116.9520215677725,116.9520215677725,116.98417712332807,116.9901004949773,117.01659040383146,118.67776651874033,0.1238683916145078,1.785044506523377,0.0,0.0,0.0059233716492315125,0.026489908854159694
1657,116.89938059144025,64,5248,3,0,0,0,116.89938059144025,5120,0.05929955555555556,116.9586801469958,116.9586801469958,116.99083570255137,116.99306075609803,117.0195701555121,118.68443275834707,0.12018956407185044,1.785052166906823,0.0,0.0,0.0022250535466667998,0.026509399414067047
1658,116.96242005847594,64,4544,51,7,0,7,116.96242005847594,4352,0.07496533333333334,117.03738539180928,117.03738539180928,117.06562983625372,117.07278217951023,117.09903803888523,118.75432622247898,0.13661798040928375,1.7919061640030378,0.0,0.0,0.007152343256507265,0.026255859374998636
1659,116.99252812154052,96,1664,0,3,0,3,116.99252812154052,1536,0.04854755555555555,117.04107567709607,117.04107567709607,117.05332012154052,117.0590402977084,117.08488062973966,119.55507021307298,0.09235250819914143,2.562542091532464,0.0,0.0,0.005720176167884006,0.025840332031251023
1660,117.12847330320709,128,1024,72,4,0,4,117.12847330320709,832,0.06440533333333334,117.19287863654043,117.19287863654043,117.20156752542931,117.20261667132763,117.22863876605419,120.56194665063379,0.1001654628471016,3.4334733474266983,0.0,0.0,0.0010491458983210578,0.02602209472655659
1661,117.22645335842152,128,1408,101,1,0,1,117.22645335842152,1216,0.06555733333333334,117.29201069175485,117.29201069175485,117.30283291397707,117.32697581347401,117.35293211230213,120.66893375269461,0.1264787538806047,3.4424803942730904,0.0,0.0,0.02414289949693682,0.02595629882812034
1662,117.35926863495737,160,1664,4,6,0,6,117.35926863495737,1536,0.04854755555555555,117.40781619051293,117.40781619051293,117.42006063495738,117.44049535174813,117.46682213397469,121.64010845396167,0.10755349901731392,4.280839819004299,0.0,0.0,0.02043471679074571,0.026326782226561818
1663,117.50075256386673,96,960,68,0,0,0,117.50075256386673,768,0.06421333333333333,117.56496589720005,117.56496589720005,117.5732992305334,117.57638033617616,117.60278365648865,120.11362051120702,0.10203109262192811,2.612867947340291,0.0,0.0,0.0030811056427637595,0.026403320312496703
1664,117.56221216080743,160,5248,7,4,0,4,117.56221216080743,5120,0.05929955555555556,117.62151171636299,117.62151171636299,117.65366727191855,117.67184051340352,117.69812859934102,121.88995395741392,0.13591643853358448,4.327741796606489,0.0,0.0,0.018173241484973346,0.026288085937494543
1665,117.56432945911382,64,2176,1,0,0,0,117.56496589720005,2048,0.050083555555555555,117.61504945275561,117.61504945275561,117.6301383416445,117.65559176195741,117.68196231859804,119.34170781589451,0.11763285948421753,1.7773783567806873,0.0006364380862322605,0.0,0.025453420312913977,0.026370556640628706
1666,117.5747411898869,64,4416,147,3,0,3,117.5747411898869,4224,0.07458133333333333,117.64932252322022,117.64932252322022,117.67685585655356,117.67934303208341,117.70538139703876,119.34826943182298,0.1306402071518704,1.7735282419360914,0.0,0.0,0.0024871755298505605,0.02603836495535461
1667,117.60103663472083,128,2752,38,7,0,7,117.60103663472083,2560,0.06958933333333334,117.67062596805417,117.67062596805417,117.68891485694306,117.70305757013523,117.72934419122898,121.04621694978552,0.1283075565081475,3.4451803150646896,0.0,0.0,0.014142713192171641,0.02628662109374602
1668,117.64810943667698,160,2176,25,6,0,6,117.64810943667698,2048,0.050083555555555555,117.69819299223253,117.69819299223253,117.71328188112142,117.73011681170907,117.75639503436531,121.92799377297209,0.10828559768833657,4.279884336295112,0.0,0.0,0.016834930587648955,0.02627822265624502
1669,117.92746646389145,96,2176,1,0,0,0,117.92746646389145,2048,0.050083555555555555,117.97755001944701,117.97755001944701,117.99263890833589,117.99844708422303,118.0247954063111,120.54322109714451,0.09732894241965084,2.6157546332530615,0.0,0.0,0.005808175887139555,0.0263483220880687
1670,117.95213736476617,128,5248,3,0,0,0,117.97755001944701,5120,0.05929955555555556,118.03684957500256,118.03684957500256,118.06900513055812,118.07749351533099,118.10397682499007,121.49368065118097,0.15183946022389705,3.541543286414793,0.02541265468083509,0.0,0.008488384772860513,0.026483309659084853
1671,117.99725247649032,128,2240,154,1,0,1,117.99725247649032,2048,0.06805333333333334,118.06530580982366,118.06530580982366,118.0807502542681,118.10587718066151,118.13186567117491,121.45281729761649,0.1346131946845901,3.455564821126174,0.0,0.0,0.025126926393411964,0.025988490513398688
1672,118.01335154871371,64,3200,6,5,0,5,118.01335154871371,3072,0.05315555555555555,118.06650710426926,118.06650710426926,118.08728488204704,118.10493821369654,118.13122556721217,119.79436952880071,0.1178740184984548,1.7810179800870003,0.0,0.0,0.017653331649498227,0.026287353515627387
1673,118.12157881107211,128,1664,12,4,0,4,118.12157881107211,1536,0.04854755555555555,118.17012636662767,118.17012636662767,118.18237081107212,118.19769500559102,118.22398309152851,121.57089487538268,0.1024042804563976,3.4493160643105654,0.0,0.0,0.015324194518896661,0.026288085937494543
1674,118.25353770388126,128,2304,114,7,0,7,118.25353770388126,2112,0.06824533333333334,118.3217830372146,118.3217830372146,118.3375830372146,118.36036958185397,118.38663364435398,121.69420676563374,0.1330959404727139,3.440669061752473,0.0,0.0,0.022786544639373574,0.02626406250000457
1675,118.27045510649559,160,1664,0,3,0,3,118.27045510649559,1536,0.04854755555555555,118.31900266205115,118.31900266205115,118.3312471064956,118.35732516563996,118.38339840782746,122.50024343084641,0.11294330133186747,4.229788324350821,0.0,0.0,0.02607805914436767,0.026073242187493406
1676,118.33652184730461,128,1664,0,3,0,3,118.33652184730461,1536,0.04854755555555555,118.38506940286017,118.38506940286017,118.39731384730462,118.40947213829621,118.43550896865335,121.72686676255213,0.09898712134874188,3.3903449152475247,0.0,0.0,0.012158290991592935,0.02603683035714255
1677,118.40367131385653,160,4416,95,6,0,6,118.40367131385653,4224,0.07458133333333333,118.47825264718986,118.47825264718986,118.5057859805232,118.51867589374032,118.54511266131844,122.71244567726896,0.14144134746190673,4.308774363412425,0.0,0.0,0.01288991321712274,0.026436767578118747
1678,118.59467760519357,128,2560,46,6,0,6,118.59467760519357,2368,0.06901333333333334,118.6636909385269,118.6636909385269,118.68091316074911,118.70406229510752,118.73034930682627,122.05885070656583,0.13567170163270248,3.4641731013722676,0.0,0.0,0.023149134358405377,0.026287011718750364
1679,118.61146499734636,160,4800,31,5,0,5,118.61146499734636,4608,0.07573333333333333,118.68719833067969,118.68719833067969,118.71686499734636,118.73596946369655,118.76261676187363,122.96716848801479,0.15115176452727042,4.355703490668432,0.0,0.0,0.01910446635018559,0.02664729817708178
1680,118.64355970477325,96,1664,12,4,0,4,118.64355970477325,1536,0.04854755555555555,118.69210726032881,118.69210726032881,118.70435170477326,118.72224090402851,118.74838962054636,121.25131089100768,0.1048299157731094,2.607751186234424,0.0,0.0,0.017889199255250787,0.026148716517852222
1681,118.64640473476298,128,1920,49,7,0,7,118.64640473476298,1728,0.06709333333333334,118.71349806809631,118.71349806809631,118.72716473476298,118.72811089044772,118.75432622247898,122.05700998828998,0.10792148771599841,3.4106052535269953,0.0,0.0,0.0009461556847440988,0.026215332031256366
1682,118.78558399629486,160,1536,24,5,0,5,118.78558399629486,1344,0.06594133333333334,118.85152532962819,118.85152532962819,118.86305866296152,118.86921083739446,118.89563564208196,123.0975387679627,0.11005164578709525,4.311954771667843,0.0,0.0,0.006152174432941138,0.026424804687493975
1683,118.80898537744991,96,1984,49,7,0,7,118.80898537744991,1792,0.06728533333333334,118.87627071078325,118.87627071078325,118.89029293300547,118.91038745294773,118.93639217299982,121.4089263526873,0.12740679554990209,2.599940975237388,0.0,0.0,0.020094519942261968,0.026004720052085872
1684,118.85065574873644,128,4096,6,5,0,5,118.85152532962819,0,1.1580657777777779,120.00959110740597,120.00959110740597,120.03534666296153,120.05830426187363,120.08485138101426,123.43760395350958,1.2341956322778174,4.586948204773137,0.0008695808917451586,0.0,0.022957598912100252,0.02654711914063057
1685,119.03660167531125,128,960,40,5,0,5,120.00959110740597,768,0.06421333333333333,120.0738044407393,120.0738044407393,120.08213777407263,120.08485138101426,120.11118321695176,123.46360362798875,1.0745815416405122,4.4270019526775,0.972989432094721,0.0,0.0027136069416258124,0.026331835937497772
1686,119.20280827255522,64,5248,3,0,0,0,119.20280827255522,5120,0.05929955555555556,119.26210782811077,119.26210782811077,119.29426338366633,119.31514199558201,119.34170781589451,121.03305093112888,0.1388995433392921,1.8302426585736669,0.0,0.0,0.02087861191567697,0.026565820312498545
1687,119.26211276180041,64,1600,24,5,0,5,120.0738044407393,1408,0.06613333333333334,120.13993777407264,120.13993777407264,120.15182666296153,120.16384835367052,120.19008964598822,121.85804102878241,0.9279768841878138,2.595928266982,0.8116916789388853,0.0,0.012021690708991173,0.026241292317706666
1688,119.3144083974239,128,1728,21,2,0,2,119.3144083974239,1472,0.0842951111111111,119.39870350853502,119.39870350853502,119.41130350853503,119.41130350853503,119.43714725853503,122.78306415597272,0.12273886111113086,3.4686557585488202,0.0,0.0,0.0,0.02584375000000705
1689,119.34673862274238,128,5248,11,2,0,2,119.39870350853502,5120,0.05929955555555556,119.45800306409058,119.45800306409058,119.49015861964614,119.51468143822254,119.54138553978504,122.8888901883388,0.19464691704266102,3.542151565596427,0.05196488579264269,0.0,0.024522818576400596,0.026704101562501137
1690,119.36896812769336,96,512,2,2,0,4,119.45800306409058,0,0.15175822222222224,119.6097612863128,119.6097612863128,119.61560573075725,119.62150077416004,119.64772147728505,122.14984905064348,0.27875334959168185,2.780880922950118,0.08903493639721205,0.0,0.005895043402787792,0.026220703125005684
1691,119.43339018415637,96,3200,6,5,0,5,120.13993777407264,3072,0.05315555555555555,120.19309332962818,120.19309332962818,120.21387110740596,120.21633142658717,120.2426194427702,122.75697331502373,0.8092292586138399,3.3235831308673625,0.7065475899162692,0.0,0.0024603191812104797,0.026288016183031004
1692,119.46283176651895,64,1536,153,1,0,1,119.46283176651895,1344,0.06594133333333334,119.52877309985227,119.52877309985227,119.5403064331856,119.54213114038993,119.56832559839773,121.21743302027274,0.10549383187878902,1.7546012537537905,0.0,0.0,0.00182470720432093,0.026194458007807953
1693,119.50469160764501,64,2176,5,2,0,2,119.6097612863128,2048,0.050083555555555555,119.65984484186836,119.65984484186836,119.67493373075725,119.70016434837879,119.72634659935535,121.38641022240222,0.22165499171033787,1.8817186147572045,0.10506967866778893,0.0,0.025230617621545548,0.026182250976560795
1694,119.570776915978,96,2176,1,0,0,0,119.570776915978,2048,0.050083555555555555,119.62086047153356,119.62086047153356,119.63594936042244,119.66195342136326,119.68851816745702,122.24132437676688,0.1177412514790177,2.6705474607888817,0.0,0.0,0.02600406094082075,0.026564746093754366
1695,119.66016954082384,96,3200,6,5,0,5,120.19309332962818,3072,0.05315555555555555,120.24624888518373,120.24624888518373,120.26702666296151,120.2689079472345,120.29523112838685,122.80958415486748,0.6350615875630012,3.1494146140436357,0.5329237888043394,0.0,0.0018812842729829526,0.02632318115234966
1696,119.70965218748535,160,2752,30,4,0,4,119.70965218748535,2560,0.06958933333333334,119.77924152081869,119.77924152081869,119.79753040970758,119.82243540272643,119.84867633464607,124.03951936268736,0.13902414716072542,4.329867175202011,0.0,0.0,0.02490499301885052,0.02624093191964505
1697,119.73501508460438,64,5248,7,4,0,4,119.77924152081869,5120,0.05929955555555556,119.83854107637424,119.83854107637424,119.8706966319298,119.87491775484696,119.90139850261482,121.57089487538268,0.1663834180104402,1.8358797907782929,0.04422643621430211,0.0,0.004221122917158482,0.026480747767863022
1698,119.82570299014849,160,4480,75,2,0,2,119.82570299014849,4288,0.07477333333333333,119.90047632348183,119.90047632348183,119.92836521237072,119.93582218529285,119.9622090016991,124.15290770135965,0.13650601155060826,4.3272047112111665,0.0,0.0,0.007456972922128102,0.026386816406244407
1699,119.95642410294559,96,1664,16,4,0,4,119.95642410294559,1536,0.04854755555555555,120.00497165850115,120.00497165850115,120.0172161029456,120.03380956567285,120.06020934594629,122.57217146229674,0.10378524300070069,2.615747359351147,0.0,0.0,0.016593462727257702,0.02639978027343659
1700,120.10423091088632,128,256,0,6,0,3,120.10423091088632,0,0.07987911111111111,120.18411002199743,120.18411002199743,120.18853224421964,120.20320125995126,120.22931779640959,123.54253444680022,0.12508688552327385,3.438303535913903,0.0,0.0,0.014669015731612944,0.026116536458332007
1701,120.13501692659956,96,1664,8,7,0,7,120.13501692659956,1536,0.04854755555555555,120.18356448215512,120.18356448215512,120.19580892659957,120.21427464370294,120.24033890151543,122.70590233855039,0.10532197491586714,2.570885411950826,0.0,0.0,0.01846571710336775,0.026064257812492997
1702,120.14669860231017,96,1600,61,7,0,7,120.18356448215512,1408,0.06613333333333334,120.24969781548846,120.24969781548846,120.26158670437735,120.26640364760918,120.29242155125502,122.75786962370664,0.14572294894485083,2.6111710213964727,0.03686587984495304,0.0,0.004816943231830351,0.026017903645836782
1703,120.22597910731214,160,2048,2,2,0,4,120.22597910731214,0,0.5830328888888889,120.80901199620104,120.80901199620104,120.82338977397882,120.83324786888659,120.85958405052722,125.04763939081278,0.6336049432150759,4.821660283500634,0.0,0.0,0.00985809490777001,0.02633618164063023
1704,120.27473316357296,96,3008,26,4,0,4,120.27473316357296,2816,0.07035733333333334,120.3450904969063,120.3450904969063,120.3648016080174,120.37704479516503,120.40345788110254,122.91359284901549,0.12872471752957892,2.638859685442526,0.0,0.0,0.012243187147632284,0.026413085937505798
1705,120.424120144072,64,4608,67,5,0,5,120.424120144072,4416,0.07515733333333334,120.49927747740534,120.49927747740534,120.52787747740534,120.53216173141419,120.55859223271628,122.22938043307929,0.13447208864427296,1.805260289007279,0.0,0.0,0.0042842540088514625,0.02643050130208735
1706,120.42415281090587,128,5248,3,0,0,0,120.42415281090587,5120,0.05929955555555556,120.48345236646142,120.48345236646142,120.51560792201698,120.51623281589451,120.54322109714451,123.95275479668875,0.11906828623864385,3.5286019857828848,0.0,0.0,0.0006248938775286206,0.026988281249998636
1707,120.56939909237437,160,2176,9,7,0,7,120.56939909237437,2048,0.050083555555555555,120.61948264792993,120.61948264792993,120.63457153681881,120.65672347182793,120.68275402428328,124.81573637175352,0.11335493190891555,4.246337279379148,0.0,0.0,0.02215193500911994,0.026030552455353018
1708,120.59132369056458,64,832,156,7,0,7,120.61948264792993,640,0.06382933333333334,120.68331198126326,120.68331198126326,120.69093420348548,120.7087850650199,120.73473843416052,122.36789670703998,0.1434147435959403,1.7765730164753961,0.028158957365349124,0.0,0.017850861534412843,0.025953369140623295
1709,120.68629955605623,64,4544,47,5,0,5,120.68629955605623,4352,0.07496533333333334,120.76126488938957,120.76126488938957,120.789509333834,120.79648871709128,120.8230024377944,122.49361041354804,0.1367028817381737,1.8073108574918137,0.0,0.0,0.006979383257274208,0.026513720703121635
1710,120.95962658197189,160,2048,16,2,0,4,120.95962658197189,0,0.5830328888888889,121.54265947086078,121.54265947086078,121.55703724863857,121.57119928490222,121.59753294375639,125.79135434849509,0.637906361784502,4.831727766523201,0.0,0.0,0.014162036263655864,0.026333658854170494
1711,121.16977528624143,96,2176,9,7,0,7,121.16977528624143,2048,0.050083555555555555,121.21985884179699,121.21985884179699,121.23494773068587,121.2533980323748,121.27931819839043,123.7473777291754,0.1095429121489957,2.5776024429339657,0.0,0.0,0.01845030168892947,0.025920166015623636
1712,121.19872295070661,96,2496,50,5,0,5,121.19872295070661,2240,0.0865991111111111,121.28532206181772,121.28532206181772,121.3021887284844,121.32780951244717,121.35434769604092,123.85717418462937,0.1556247453343076,2.6584512339227615,0.0,0.0,0.025620783962779115,0.02653818359374327
1713,121.25628934598063,96,2176,5,2,0,2,121.54265947086078,2048,0.050083555555555555,121.59274302641634,121.59274302641634,121.60783191530523,121.6238670908918,121.65016284982038,124.15290770135965,0.3938735038397425,2.896618355379019,0.28637012488015046,0.0,0.016035175586580408,0.026295758928569057
1714,121.26952308889393,128,1664,0,3,0,3,121.26952308889393,1536,0.04854755555555555,121.31807064444949,121.31807064444949,121.33031508889394,121.33910357895839,121.36495318833339,124.63765415288263,0.09543009943945435,3.3681310639886988,0.0,0.0,0.008788490064446819,0.025849609375001137
1715,121.40158188645096,96,2368,114,7,0,7,121.40158188645096,2176,0.06843733333333334,121.47001921978429,121.47001921978429,121.48617477533985,121.48665744922748,121.51259940479389,123.98170731901914,0.11101751834293339,2.580125432568181,0.0,0.0,0.0004826738876317904,0.025941955566409547
1716,121.49540258136585,64,2176,13,6,0,6,121.49540258136585,2048,0.050083555555555555,121.54548613692141,121.54548613692141,121.5605750258103,121.56173101255543,121.58785633807626,123.23051393898771,0.09245375671041245,1.7351113576218609,0.0,0.0,0.001155986745132509,0.02612532552083735
1717,121.54629927133031,160,4608,91,1,0,1,121.54629927133031,4416,0.07515733333333334,121.62145660466365,121.62145660466365,121.65005660466365,121.65005660466365,121.67730660466364,125.95694375356618,0.13100733333332926,4.410644482235867,0.0,0.0,0.0,0.02724999999999511
1718,121.57082191136821,160,1664,0,3,0,3,121.57082191136821,1536,0.04854755555555555,121.61936946692377,121.61936946692377,121.63161391136822,121.64933111802088,121.67517584458338,125.7776021422102,0.10435393321516528,4.206780230841986,0.0,0.0,0.0177172066526623,0.02584472656249659
1719,121.57263696730747,64,1152,76,5,0,5,121.57263696730747,960,0.06478933333333334,121.63742630064081,121.63742630064081,121.64682630064081,121.67284398510343,121.69929924078525,123.35881074061895,0.12666227347777692,1.786173773311475,0.0,0.0,0.026017684462615875,0.026455255681824497
1720,121.70736710022221,128,2176,1,0,0,0,121.70736710022221,2048,0.050083555555555555,121.75745065577777,121.75745065577777,121.77253954466666,121.78892430352471,121.81550731133721,125.19600686374606,0.10814021111499983,3.4886397635238495,0.0,0.0,0.01638475885805235,0.02658300781250489
1721,121.72935895516181,96,2240,62,6,0,6,121.72935895516181,2048,0.06805333333333334,121.79741228849515,121.79741228849515,121.8128567329396,121.82333687193042,121.84950036476896,124.33106716164396,0.12014140960714315,2.6017082064821437,0.0,0.0,0.010480138990828891,0.026163492838534808
1722,121.76917819394512,64,2624,34,2,0,2,121.76917819394512,2432,0.06920533333333334,121.83838352727845,121.83838352727845,121.85596130505623,121.86054649937395,121.88684428990129,123.54561626255756,0.11766609595616728,1.7764380686124355,0.0,0.0,0.0045851943177268595,0.026297790527337384
1723,121.83975876450052,64,2176,1,0,0,0,121.83975876450052,2048,0.050083555555555555,121.88984232005608,121.88984232005608,121.90493120894496,121.92184422539971,121.94829893731377,123.6325589959075,0.10854017281324957,1.7928002314069857,0.0,0.0,0.016913016454751073,0.026454711914055906
1724,121.89500134312831,160,5248,3,0,0,0,121.89500134312831,5120,0.05929955555555556,121.95430089868387,121.95430089868387,121.98645645423943,122.00120982598564,122.02788726739189,126.27583100111586,0.13288592426357582,4.380829657987547,0.0,0.0,0.01475337174620961,0.026677441406249613
1725,121.98995934811816,96,512,5,3,0,2,121.98995934811816,0,0.15175822222222224,122.14171757034039,122.14171757034039,122.14756201478484,122.16615517401047,122.19185134100266,124.63765415288263,0.201891992884498,2.6476948047644697,0.0,0.0,0.018593159225630984,0.025696166992190683
1726,122.05657463390028,128,3072,26,4,0,4,122.05657463390028,2880,0.07054933333333334,122.12712396723362,122.12712396723362,122.14719063390028,122.15239292225768,122.17870285878111,125.51597408738976,0.12212822488082509,3.459399453489482,0.0,0.0,0.005202288357395446,0.026309936523432498
1727,122.08524925815303,128,1792,21,2,0,2,122.08524925815303,1600,0.06670933333333334,122.15195859148636,122.15195859148636,122.16491414704191,122.17629596749616,122.20267182198835,125.55152456333883,0.11742256383531924,3.4662753051858033,0.0,0.0,0.01138182045424685,0.026375854492187045
1728,122.10998509974924,64,2432,58,5,0,5,122.10998509974924,2240,0.06862933333333333,122.17861443308257,122.17861443308257,122.19512554419369,122.20288189792304,122.22938043307929,123.88339244634813,0.11939533333004704,1.773407346598887,0.0,0.0,0.007756353729348575,0.026498535156250114
1729,122.23915468927464,128,1280,137,4,0,4,122.23915468927464,1088,0.06517333333333333,122.30432802260798,122.30432802260798,122.31443913371909,122.33657273182799,122.36274841542173,125.7016822521498,0.1235937261470923,3.4625275628751524,0.0,0.0,0.022133598108894148,0.026175683593749
1730,122.46105245689309,160,4096,49,3,0,7,122.46105245689309,0,1.1580657777777779,123.61911823467086,123.61911823467086,123.64487379022643,123.65451833319017,123.6805146710808,127.8012849105324,1.2194622141877147,5.340232453639317,0.0,0.0,0.009644542963741287,0.02599633789063205
1731,122.55477129390444,64,1472,37,7,0,7,122.55477129390444,1280,0.06574933333333334,122.62052062723777,122.62052062723777,122.63169840501554,122.65397834766497,122.67994009896705,124.31954227995664,0.1251688050626143,1.7647709860521985,0.0,0.0,0.022279942649433337,0.02596175130207712
1732,122.56757190153887,64,4416,107,1,0,1,122.56757190153887,4224,0.07458133333333333,122.6421532348722,122.6421532348722,122.66968656820553,122.68589986638239,122.71311226872614,124.41515271468967,0.14554036718726593,1.847580813150799,0.0,0.0,0.0162132981768508,0.027212402343749886
1733,122.60943848018105,64,1664,0,3,0,3,123.61911823467086,1536,0.04854755555555555,123.66766579022642,123.66766579022642,123.67991023467087,123.6805146710808,123.7064746320183,125.33769076525708,1.0970361518372442,2.7282522850760245,1.0096797544898095,0.0,0.0006044364099295763,0.02595996093749875
1734,122.74262214323673,96,2176,9,7,0,7,122.74262214323673,2048,0.050083555555555555,122.79270569879229,122.79270569879229,122.80779458768117,122.80991698698789,122.83594901823788,125.30983329558164,0.09332687500115355,2.5672111523449104,0.0,0.0,0.0021223993067138736,0.02603203124999709
1735,122.8588181404721,128,1664,0,3,0,3,123.66766579022642,1536,0.04854755555555555,123.71621334578198,123.71621334578198,123.72845779022643,123.73243508123704,123.7583712791537,127.04690246424333,0.8995531386816111,4.1880843237712355,0.8088476497543269,0.0,0.003977291010613726,0.025936197916664128
1736,122.9108632477954,64,5248,19,6,0,6,122.9108632477954,5120,0.05929955555555556,122.97016280335096,122.97016280335096,123.00231835890652,123.02194274758146,123.0481793198471,124.70015521502937,0.13731607205168928,1.7892919672339644,0.0,0.0,0.01962438867494143,0.026236572265631253
1737,122.9870796036888,96,256,0,6,0,3,122.9870796036888,0,0.07987911111111111,123.06695871479991,123.06695871479991,123.07138093702213,123.07441638039397,123.10043141945647,125.57113959002938,0.11335181576767184,2.584059986340577,0.0,0.0,0.0030354433718429163,0.026015039062500023
1738,123.03632490811066,160,1664,0,3,0,3,123.71621334578198,1536,0.04854755555555555,123.76476090133754,123.76476090133754,123.77700534578199,123.78430796535163,123.81022732919091,127.93113232264179,0.7739024210802512,4.8948074145311296,0.6798884376713232,0.0,0.007302619569642843,0.02591936383927873
1739,123.09839701582425,96,4608,63,1,0,1,123.09839701582425,4416,0.07515733333333334,123.17355434915758,123.17355434915758,123.20215434915758,123.20301900700738,123.23025012679905,125.77101251984222,0.13185311097480223,2.672615504017969,0.0,0.0,0.0008646578498030522,0.027231119791665037
1740,123.13825853595647,64,832,64,0,0,0,123.13825853595647,640,0.06382933333333334,123.2020878692898,123.2020878692898,123.20971009151202,123.23417276543876,123.26072842950126,124.92881782566012,0.12246989354478899,1.7905592897036513,0.0,0.0,0.024462673926734624,0.026555664062499318
1741,123.45382157241919,64,1664,0,3,0,3,123.76476090133754,1536,0.04854755555555555,123.8133084568931,123.8133084568931,123.82555290133755,123.83614718131145,123.86205404166301,125.4929656327236,0.4082324692438277,2.039144060304409,0.3109393289183515,0.0,0.010594279973901166,0.02590686035156864
1742,123.50904254964276,96,512,66,3,0,7,123.8133084568931,0,0.15175822222222224,123.96506667911532,123.96506667911532,123.97091112355977,123.99159566763957,124.0174321476743,126.47624296484786,0.5083895980315418,2.967200415205099,0.30426590725033975,0.0,0.02068454407979914,0.025836480034726605
1743,123.52172436547055,96,4544,75,2,0,2,123.52172436547055,4352,0.07496533333333334,123.59668969880389,123.59668969880389,123.62493414324832,123.65069106724506,123.6771191271409,126.1933038113857,0.15539476167035104,2.6715794459151567,0.0,0.0,0.025756923996738124,0.026428059895835077
1744,123.62395275481,160,256,158,1,0,4,123.62395275481,0,0.07987911111111111,123.70383186592112,123.70383186592112,123.70825408814333,123.7204937791428,123.74720532699436,127.96477807702539,0.12325257218435581,4.34082532221538,0.0,0.0,0.01223969099946487,0.026711547851562045
1745,123.81647657537371,160,1792,29,4,0,4,123.81647657537371,1600,0.06670933333333334,123.88318590870705,123.88318590870705,123.8961414642626,123.90891267323424,123.93503303456237,128.17166904879227,0.11855645918865321,4.355192473418555,0.0,0.0,0.012771208971642523,0.02612036132812534
1746,123.99042103037775,128,2176,1,0,0,0,123.99042103037775,2048,0.050083555555555555,124.0405045859333,124.0405045859333,124.05559347482219,124.05825056491793,124.08454756198824,127.47030740376188,0.09412653161049889,3.479886373384133,0.0,0.0,0.0026570900957381127,0.026296997070318184
1747,124.00935053169141,160,3200,2,4,0,4,124.00935053169141,3072,0.05315555555555555,124.06250608724696,124.06250608724696,124.08328386502474,124.09156607492694,124.1177247663332,128.36104349075654,0.10837423464178642,4.351692959065133,0.0,0.0,0.008282209902205295,0.026158691406251933
1748,124.02741829886352,128,5248,7,4,0,4,124.06250608724696,5120,0.05929955555555556,124.12180564280251,124.12180564280251,124.15396119835808,124.17004361398945,124.19648423898946,127.58004575777665,0.16906594012593246,3.552627458913122,0.035087788383435736,0.0,0.016082415631373692,0.026440625000006435
1749,124.03764335239208,96,4096,73,1,0,3,124.03764335239208,0,1.1580657777777779,125.19570913016986,125.19570913016986,125.22146468572542,125.23904431625218,125.2657330369553,127.78027612390038,1.2280896845632157,3.7426327715082977,0.0,0.0,0.01757963052675393,0.02668872070312034
1750,124.26951871606661,64,1664,16,4,0,4,124.26951871606661,1536,0.04854755555555555,124.31806627162217,124.31806627162217,124.33031071606662,124.3551382428957,124.381477028703,126.04814451401582,0.11195831263638922,1.7786257979492035,0.0,0.0,0.0248275268290854,0.026338785807297427
1751,124.5491051831884,64,5248,3,0,0,0,124.5491051831884,5120,0.05929955555555556,124.60840473874396,124.60840473874396,124.64056029429952,124.66320503269137,124.68976411472262,126.38282699720962,0.14065893153421882,1.8337218140212173,0.0,0.0,0.022644738391846886,0.026559082031255343
1752,124.59874923397585,64,2176,25,6,0,6,124.59874923397585,2048,0.050083555555555555,124.64883278953141,124.64883278953141,124.6639216784203,124.6738850327377,124.70015521502937,126.32764593768563,0.10140598105351728,1.728896703709779,0.0,0.0,0.00996335431740647,0.02627018229166822
1753,124.78173650780003,128,3200,2,4,0,4,124.78173650780003,3072,0.05315555555555555,124.83489206335558,124.83489206335558,124.85566984113336,124.88200673247904,124.90838584799243,128.30683645950654,0.12664934019240093,3.5250999517065083,0.0,0.0,0.026336891345678737,0.026379115513393003
1754,124.82711082857827,128,768,88,1,0,1,125.19570913016986,576,0.06363733333333334,125.25934646350319,125.25934646350319,125.26661313016986,125.29242224593968,125.31884900375218,128.67851868342422,0.49173817517390717,3.851407854845945,0.36859830159158946,0.0,0.02580911576981748,0.026426757812501478
1755,124.86426010429327,96,1216,44,0,0,0,124.86426010429327,1024,0.06498133333333334,124.9292414376266,124.9292414376266,124.93899699318216,124.9556634067148,124.98225901218356,127.52337778601634,0.11799890789029632,2.6591176817230746,0.0,0.0,0.016666413532647084,0.02659560546875639
1756,124.88407505191797,96,2176,5,2,0,2,124.88407505191797,2048,0.050083555555555555,124.93415860747353,124.93415860747353,124.94924749636242,124.96881468378153,124.99508909784403,127.52581538365132,0.1110140459260549,2.641740331733345,0.0,0.0,0.019567187419113452,0.026274414062498863
1757,124.89702425839954,128,4608,75,2,0,2,124.93415860747353,4416,0.07515733333333334,125.00931594080687,125.00931594080687,125.03791594080687,125.04763939081278,125.07414964471903,128.45913874790912,0.1771253863194886,3.5621144895095824,0.0371343490739946,0.0,0.009723450005907353,0.0265102539062525
1758,124.91024519084758,128,1664,8,7,0,7,124.91024519084758,1536,0.04854755555555555,124.95879274640313,124.95879274640313,124.97103719084758,124.97234428190977,124.99830204558164,128.29952462045142,0.088056854734063,3.389279429603846,0.0,0.0,0.0013070910621877374,0.02595776367186886
1759,124.91410320764031,96,5248,3,0,0,0,124.9292414376266,5120,0.05929955555555556,124.98854099318216,124.98854099318216,125.02069654873772,125.03545168796481,125.06220966322523,127.60322951127677,0.14810645558492297,2.6891263036364563,0.015138229986291662,0.0,0.014755139227091263,0.02675797526042345
1760,124.97479235215911,128,4672,63,1,0,1,125.25934646350319,4480,0.07534933333333334,125.33469579683653,125.33469579683653,125.36365135239208,125.37170398422093,125.39827437810114,128.75836907404923,0.4234820259420218,3.783576721890114,0.2845541113440788,0.0,0.008052631828846302,0.02657039388020621
1761,125.11018744489999,96,3200,10,2,0,2,125.11018744489999,3072,0.05315555555555555,125.16334300045554,125.16334300045554,125.18412077823332,125.20670823846903,125.23322964146382,127.7666697537685,0.12304219656382998,2.6564823088685046,0.0,0.0,0.022587460235712342,0.026521402994788446
1762,125.13913492681164,160,1664,0,3,0,3,125.13913492681164,1536,0.04854755555555555,125.1876824823672,125.1876824823672,125.19992692681164,125.20808963000317,125.23400888049146,129.36111764979023,0.09487395367982288,4.221982722978595,0.0,0.0,0.00816270319153034,0.02591925048828614
1763,125.23651321448948,160,5248,3,0,0,0,125.23651321448948,5120,0.05929955555555556,125.29581277004503,125.29581277004503,125.3279683256006,125.33045217624606,125.35745469903252,129.58599103471425,0.12094148454303877,4.349477820224777,0.0,0.0,0.002483850645461416,0.02700252278646076
1764,125.28121793899517,64,5248,7,4,0,4,125.28121793899517,5120,0.05929955555555556,125.34051749455072,125.34051749455072,125.37267305010629,125.38329342332726,125.40982857957727,127.09641723130098,0.12861064058209593,1.815199292305806,0.0,0.0,0.010620373220973534,0.026535156250005798
1765,125.29060638668379,128,832,100,3,0,3,125.29060638668379,640,0.06382933333333334,125.35443572001712,125.35443572001712,125.36205794223935,125.36362359170798,125.3894910233486,128.6848207992043,0.09888463666480618,3.3942144125204976,0.0,0.0,0.0015656494686311362,0.025867431640619998
1766,125.45286768090477,96,4480,107,1,0,1,125.45286768090477,4288,0.07477333333333333,125.52764101423811,125.52764101423811,125.55552990312701,125.55770699528864,125.58436847687346,128.09740572769505,0.1315007959686909,2.6445380467902737,0.0,0.0,0.002177092161630867,0.026661481584824287
1767,125.47439002688841,96,2816,38,7,0,7,125.47439002688841,2624,0.06978133333333333,125.54417136022175,125.54417136022175,125.5628158046662,125.56804374480039,125.59414311003476,128.06651924935767,0.11975308314634958,2.5921292224692536,0.0,0.0,0.0052279401341905896,0.02609936523437284
1768,125.55937584618916,64,2816,30,4,0,4,125.55937584618916,2624,0.06978133333333333,125.6291571795225,125.6291571795225,125.64780162396694,125.64864917109512,125.67516546748183,127.36475843138777,0.11578962129267723,1.8053825851986147,0.0,0.0,0.000847547128174142,0.02651629638671693
1769,125.83066746714813,160,3200,2,4,0,4,125.83066746714813,3072,0.05315555555555555,125.88382302270368,125.88382302270368,125.90460080048146,125.91478241956051,125.94141248547848,130.22535763463674,0.11074501833034844,4.394690167488605,0.0,0.0,0.010181619079048687,0.02663006591797057
1770,125.83728074070997,128,1664,0,3,0,3,125.83728074070997,1536,0.04854755555555555,125.88582829626553,125.88582829626553,125.89807274070998,125.90699219754875,125.93286210547285,129.23176462244646,0.0955813647628787,3.394483881736491,0.0,0.0,0.00891945683876827,0.02586990792410404
1771,125.86979228873123,96,5248,7,4,0,4,125.88382302270368,5120,0.05929955555555556,125.94312257825923,125.94312257825923,125.9752781338148,125.99467408215817,126.02140905394637,128.57863294388153,0.15161676521513812,2.708840655150297,0.014030733972447251,0.0,0.019395948343372993,0.02673497178820128
1772,126.00148220563902,128,2176,9,7,0,7,126.00148220563902,2048,0.050083555555555555,126.05156576119458,126.05156576119458,126.06665465008346,126.09012382292539,126.11621741016498,129.41368233529516,0.11473520452595665,3.412200129656142,0.0,0.0,0.023469172841927843,0.026093587239586213
1773,126.03762712304018,128,1344,97,7,0,7,126.05156576119458,1152,0.06536533333333333,126.11693109452791,126.11693109452791,126.12739776119459,126.14231148568581,126.16829647103737,129.4651183704514,0.1306693479971841,3.4274912474112114,0.013938638154399996,0.0,0.014913724491222524,0.025984985351556134
1774,126.21571521517801,64,1472,129,0,0,0,126.21571521517801,1280,0.06574933333333334,126.28146454851134,126.28146454851134,126.29264232628911,126.30272641127212,126.32942611830337,127.99806349565176,0.1137109031253658,1.7823482804737552,0.0,0.0,0.010084084983006392,0.02669970703125557
1775,126.30298567825609,128,1664,4,6,0,6,126.30298567825609,1536,0.04854755555555555,126.35153323381165,126.35153323381165,126.3637776782561,126.3637776782561,126.3895901782561,129.6584109790374,0.08660450000000708,3.355425300781306,0.0,0.0,0.0,0.025812500000000682
1776,126.31320124595271,160,3200,2,4,0,4,126.31320124595271,3072,0.05315555555555555,126.36635680150826,126.36635680150826,126.38713457928604,126.39719975083223,126.42402120265514,130.71362081823045,0.11081995670242861,4.400419572277741,0.0,0.0,0.010065171546187912,0.026821451822911513
1777,126.31536192674675,96,5248,7,4,0,4,126.36635680150826,5120,0.05929955555555556,126.42565635706381,126.42565635706381,126.45781191261938,126.47766557114473,126.50456244614473,129.0664852388034,0.18920051939798554,2.751123312056663,0.0509948747615141,0.0,0.01985365852534926,0.026896875000005593
1778,126.42895097385603,96,1664,0,3,0,3,126.42895097385603,1536,0.04854755555555555,126.47749852941159,126.47749852941159,126.48974297385604,126.5022209108114,126.52817564016408,128.9978676742043,0.0992246663080465,2.568916700348254,0.0,0.0,0.012477936955363589,0.02595472935267651
1779,126.4320051273745,128,1664,0,3,0,3,126.47749852941159,1536,0.04854755555555555,126.52604608496715,126.52604608496715,126.5382905294116,126.55413085779801,126.5800686629738,129.87846628260272,0.14806353559930585,3.4464611552282207,0.04549340203709562,0.0,0.015840328386417468,0.025937805175786366
1780,126.62289209576502,128,2496,58,5,0,5,126.62289209576502,2304,0.06882133333333333,126.69171342909836,126.69171342909836,126.70858009576503,126.70858009576503,126.73479884576503,130.0665204440723,0.11190675000000283,3.4436283483072714,0.0,0.0,0.0,0.02621874999999818
1781,126.63775034444897,96,2176,1,0,0,0,126.63775034444897,2048,0.050083555555555555,126.68783390000453,126.68783390000453,126.70292278889342,126.72765961439711,126.75411086765232,129.26759083940175,0.11636052320334045,2.6298404949527736,0.0,0.0,0.024736825503694604,0.026451253255203255
1782,126.75038924638314,128,1664,0,3,0,3,126.75038924638314,1536,0.04854755555555555,126.7989368019387,126.7989368019387,126.81118124638314,126.81353088221208,126.83945910486833,130.13718942713396,0.089069858485189,3.386800180750825,0.0,0.0,0.002349635828934993,0.025928222656247613
1783,126.75937507292659,160,5248,3,0,0,0,126.75937507292659,5120,0.05929955555555556,126.81867462848214,126.81867462848214,126.8508301840377,126.85992076348565,126.88653285890976,131.0949741076309,0.1271577859831723,4.335599034704302,0.0,0.0,0.00909057944794256,0.026612095424113136
1784,126.79737823964489,96,4096,35,5,0,6,126.79737823964489,0,1.1580657777777779,127.95544401742266,127.95544401742266,127.98119957297823,127.99387306451501,128.02049440240563,130.52624261204105,1.2231161627607463,3.72886437239616,0.0,0.0,0.012673491536787651,0.02662133789061727
1785,127.0250711473519,128,4736,27,2,0,2,127.0250711473519,4544,0.07554133333333334,127.10061248068523,127.10061248068523,127.12992359179634,127.1528497098232,127.17967514927632,130.5564842068935,0.15460400192442592,3.531413059541592,0.0,0.0,0.0229261180268594,0.02682543945311977
1786,127.03181823111797,96,256,0,6,0,3,127.03181823111797,0,0.07987911111111111,127.11169734222908,127.11169734222908,127.1161195644513,127.13836508059985,127.1638411548186,129.60636605716238,0.13202292370063162,2.574547826044409,0.0,0.0,0.02224551614855841,0.025476074218744316
1787,127.03386613045092,96,1024,68,0,0,0,127.03386613045092,832,0.06440533333333334,127.09827146378426,127.09827146378426,127.10696035267314,127.12606369038298,127.15254104634,129.66477399369862,0.11867491588908763,2.6309078632476997,0.0,0.0,0.01910333770983641,0.02647735595702727
1788,127.08981559054992,96,1664,33,2,0,2,127.10061248068523,1472,0.06632533333333333,127.16693781401857,127.16693781401857,127.17918225846302,127.17967514927632,127.20629839146382,129.72765046665913,0.11648280091390006,2.63783487610921,0.010796890135310377,0.0,0.0004928908133052801,0.026623242187497453
1789,127.11357487166285,128,2304,62,6,0,6,127.11357487166285,2112,0.06824533333333334,127.18182020499619,127.18182020499619,127.19762020499618,127.21479476809985,127.24048812747485,130.52232455325617,0.1269132558119992,3.4087496815933207,0.0,0.0,0.01717456310366572,0.025693359374997726
1790,127.26713181357006,96,2432,70,1,0,1,127.26713181357006,2240,0.06862933333333333,127.3357611469034,127.3357611469034,127.35227225801451,127.35738076528493,127.38377578481618,129.89094841975236,0.1166439712461198,2.6238166061823023,0.0,0.0,0.005108507270421114,0.02639501953125034
1791,127.33047603378827,64,4480,147,3,0,3,127.33047603378827,4288,0.07477333333333333,127.40524936712161,127.40524936712161,127.43313825601051,127.43605102381365,127.46213598475114,129.10241708826678,0.1316599509628702,1.7719410544785035,0.0,0.0,0.0029127678031386495,0.026084960937495794
1792,127.36346326184436,128,4416,55,1,0,1,127.36346326184436,4224,0.07458133333333333,127.43804459517769,127.43804459517769,127.46557792851102,127.48936074575367,127.51586660512868,130.86006658381484,0.1524033432843197,3.4966033219704826,0.0,0.0,0.023782817242647525,0.026505859375006935
1793,127.40366972531213,160,512,109,0,0,6,127.40366972531213,0,0.15175822222222224,127.55542794753435,127.55542794753435,127.5612723919788,127.57674855424551,127.60322951127677,131.7786489123184,0.19955978596463808,4.374979187006275,0.0,0.0,0.015476162266708116,0.026480957031253638
1794,127.41535194730686,128,5248,23,4,0,4,127.41535194730686,5056,0.07707733333333333,127.4924292806402,127.4924292806402,127.52458483619576,127.52610950560651,127.55307738755096,130.9898439627617,0.13772544024409683,3.574492015454851,0.0,0.0,0.0015246694107560188,0.02696788194444366
1795,127.53773992065537,160,256,86,1,0,2,127.53773992065537,0,0.07987911111111111,127.61761903176648,127.61761903176648,127.6220412539887,127.64840322622243,127.67473904165212,131.8174235174086,0.13699912099674805,4.27968359675323,0.0,0.0,0.026361972233729603,0.026335815429689546
1796,127.57243436258896,64,256,13,5,0,6,127.95544401742266,0,0.07987911111111111,128.03532312853378,128.03532312853378,128.039745350756,128.0471162285775,128.0732394382129,129.71998602024416,0.5008050756239442,2.1475516576551996,0.38300965483369964,0.0,0.007370877821500699,0.026123209635414923
1797,127.61865607212351,64,4480,55,1,0,1,127.61865607212351,4288,0.07477333333333333,127.69342940545685,127.69342940545685,127.72131829434575,127.72741213735524,127.75384388648719,129.4194225408461,0.13518781436367533,1.8007664687225997,0.0,0.0,0.006093843009495004,0.02643174913194457
1798,127.64527713785674,96,3200,18,0,0,0,127.64527713785674,3072,0.05315555555555555,127.69843269341229,127.69843269341229,127.71921047119007,127.73470167924552,127.76103566362052,130.27440501583402,0.11575852576378054,2.6291278779772824,0.0,0.0,0.015491208055451011,0.02633398437500034
1799,127.67775440635826,160,2176,5,2,0,2,127.67775440635826,2048,0.050083555555555555,127.72783796191382,127.72783796191382,127.7429268508027,127.7666697537685,127.79329707310444,131.9934666287685,0.11554266674617963,4.315712222410227,0.0,0.0,0.023742902965793178,0.026627319335943866
