id,arrival,output,prompt,session,cluster,switched,old_cluster,p_start,hit_tokens,p_service,p_end,kv_start,kv_end,d_start,first,end,ttft,e2e,p_wait,kv_wait,d_wait,decode_first
0,0.006040558373712025,96,2048,24,3,0,,0.006040558373712025,0,0.5830328888888889,0.5890734472626009,0.5890734472626009,0.6034512250403787,0.6034512250403787,0.6294512250403788,3.088903251407566,0.6234106666666668,3.082862693033854,0.0,0.0,0.0,0.026000000000000023
1,0.1426461002710843,96,1152,1,1,0,,0.1426461002710843,0,0.33145600000000003,0.47410210027108435,0.47410210027108435,0.48350210027108437,0.48350210027108437,0.5090646002710844,2.944313054047125,0.3664185000000001,2.801666953776041,0.0,0.0,0.0,0.025562499999999988
2,0.16809184283606904,96,4224,35,5,0,,0.16809184283606904,0,1.1940053333333334,1.3620971761694025,1.3620971761694025,1.3885638428360692,1.3885638428360692,1.4156263428360691,3.920599975648569,1.2475345,3.7525081328125003,0.0,0.0,0.0,0.02706249999999999
3,0.21312886219239513,160,640,0,2,0,,0.21312886219239513,0,0.1876977777777778,0.4008266399701729,0.4008266399701729,0.40738219552572846,0.40738219552572846,0.4326946955257285,4.467586297088229,0.21956583333333335,4.254457434895834,0.0,0.0,0.0,0.025312500000000016
4,0.35018423948339483,64,704,0,0,1,2,0.35018423948339483,0,0.20566755555555558,0.5558517950389504,0.5558517950389504,0.5627629061500615,0.5627629061500615,0.5881066561500615,2.1834291659156864,0.2379224166666667,1.8332449264322914,0.0,0.0,0.0,0.025343749999999998
5,0.35539479598083423,128,4224,11,6,0,,0.35539479598083423,0,1.1940053333333334,1.5494001293141677,1.5494001293141677,1.5758667959808343,1.5758667959808343,1.6029292959808343,4.915371516032919,1.2475345,4.559976720052084,0.0,0.0,0.0,0.02706249999999999
6,0.45113911735821227,96,2176,154,7,0,,0.45113911735821227,0,0.6189724444444444,1.0701115618026567,1.0701115618026567,1.0852004506915456,1.0852004506915456,1.1112629506915457,3.555161062670713,0.6601238333333335,3.1040219453125006,0.0,0.0,0.0,0.0260625000000001
7,0.5007132750909881,64,4224,39,4,0,,0.5007132750909881,0,1.1940053333333334,1.6947186084243215,1.6947186084243215,1.7211852750909882,1.7211852750909882,1.7482477750909882,3.4241180550389045,1.2475345,2.9234047799479166,0.0,0.0,0.0,0.02706249999999999
8,0.6116111265277232,128,1152,5,6,0,,1.5494001293141677,256,0.2603448888888889,1.8097450182030566,1.8097450182030566,1.8191450182030566,1.8194468741058343,1.8457615713714592,5.145952570720419,1.2341504448437361,4.5343414441926955,0.9377890027864445,0.0,0.00030185590277764796,0.026314697265624964
9,0.6699557977622533,160,640,16,7,0,,1.0701115618026567,256,0.11658666666666667,1.1866982284693233,1.1866982284693233,1.193253784024879,1.2155178335040457,1.2412065542071709,5.3445638702878995,0.5712507564449175,4.674608072525646,0.4001557640404033,0.0,0.022264049479166825,0.025688720703125112
10,0.6999095081826463,96,2176,18,4,0,,1.6947186084243215,256,0.5478613333333333,2.242579941757655,2.242579941757655,2.257668830646544,2.262528048528488,2.289095431340988,4.770729383163905,1.5891859231583416,4.070819874981259,0.9948091002416752,0.0,0.004859217881944211,0.02656738281249993
11,0.8831575212474161,128,512,18,0,0,4,0.8831575212474161,0,0.15175822222222224,1.0349157434696383,1.0349157434696383,1.0407601879140829,1.0443776522438115,1.0696791659156866,4.337383023337562,0.18652164466827048,3.454225502090146,0.0,0.0,0.003617464329728648,0.025301513671875053
12,0.9546793533086427,160,640,20,2,0,,0.9546793533086427,256,0.11658666666666667,1.0712660199753095,1.0712660199753095,1.077821575530865,1.0909910822444784,1.1163101740413535,5.162349806202813,0.16163082073271073,4.20767045289417,0.0,0.0,0.013169506713613277,0.02531909179687508
13,0.9766984757398048,96,1152,65,5,0,,1.3620971761694025,256,0.2603448888888889,1.6224420650582914,1.6224420650582914,1.6318420650582914,1.632143920961069,1.658458618226694,4.157768758200653,0.6817601424868892,3.1810702824608486,0.3853987004295977,0.0,0.00030185590277764796,0.026314697265624964
14,1.0094167458379897,128,2304,18,1,1,4,1.0094167458379897,256,0.5838008888888889,1.5932176347268787,1.5932176347268787,1.6090176347268788,1.6342979987085844,1.6601527350367093,4.931935787027035,0.6507359891987197,3.9225190411890454,0.0,0.0,0.025280363981705634,0.02585473632812496
15,1.0350763135105743,160,1152,21,3,0,,1.0350763135105743,0,0.33145600000000003,1.3665323135105742,1.3665323135105742,1.3759323135105743,1.383663627384129,1.409452201602879,5.519211275496108,0.3743758880923047,4.484134961985534,0.0,0.0,0.007731313873554635,0.025788574218750027
16,1.2565048587301115,160,1152,9,6,0,,1.8097450182030566,256,0.2603448888888889,2.0700899070919454,2.0700899070919454,2.0794899070919453,2.082615819418334,2.1086830394704177,6.248465754314169,0.8521781807403062,4.991960895584057,0.553240159472945,0.0,0.0031259123263889244,0.026067220052083506
17,1.3398393060880953,96,768,0,1,1,0,1.5932176347268787,256,0.15252622222222223,1.745743856949101,1.745743856949101,1.7530105236157678,1.7635765631617093,1.7892730149846259,4.231271712901291,0.44943370889653056,2.891432406813196,0.2533783286387834,0.0,0.010566039545941486,0.025696451822916577
18,1.56451555924469,160,2176,158,4,0,,2.242579941757655,256,0.5478613333333333,2.7904412750909886,2.7904412750909886,2.8055301639798773,2.820545626653488,2.8469515511326544,6.973828178736821,1.2824359918879644,5.409312619492131,0.6780643825129651,0.0,0.015015462673610536,0.026405924479166565
19,1.689200171536934,96,4224,15,0,0,,1.689200171536934,256,1.1228942222222222,2.812094393759156,2.812094393759156,2.838561060425823,2.8406591463844366,2.8668327303688117,5.375778531150063,1.1776325588318777,3.686578359613129,0.0,0.0,0.0020980859586137157,0.02617358398437508
20,1.8998944869470065,128,2176,98,3,0,,1.8998944869470065,256,0.5478613333333333,2.4477558202803396,2.4477558202803396,2.4628447091692283,2.467204154727879,2.493097709415379,5.781072440860691,0.5932032224683725,3.8811779539136846,0.0,0.0,0.004359445558650865,0.025893554687499876
21,1.9044804200848509,64,2176,50,7,0,,1.9044804200848509,256,0.5478613333333333,2.4523417534181844,2.4523417534181844,2.467430642307073,2.4748393667071715,2.5006686310300883,4.122061673022275,0.5961882109452374,2.217581252937424,0.0,0.0,0.007408724400098432,0.025829264322916767
22,1.9427707593825323,64,2176,66,5,0,,1.9427707593825323,256,0.5478613333333333,2.490632092715866,2.490632092715866,2.5057209816047545,2.527117553773569,2.553359252992319,4.211296915752737,0.6105884936097867,2.2685261563702044,0.0,0.0,0.0213965721688143,0.026241699218750192
23,2.099804291817479,64,640,44,7,0,,2.4523417534181844,256,0.11658666666666667,2.568928420084851,2.568928420084851,2.5754839756404064,2.5781593536863383,2.6038608917722756,4.2251925323972745,0.5040565999547968,2.1253882405797957,0.35253746160070554,0.0,0.0026753780459318754,0.025701538085937337
24,2.110426283451146,64,4224,3,5,0,,2.490632092715866,256,1.1228942222222222,3.6135263149380883,3.6135263149380883,3.639992981604755,3.655951538148569,3.682414184632944,5.37705253098711,1.571987901181798,3.266626247535964,0.3802058092647198,0.0,0.015958556543814062,0.026462646484374908
25,2.1788992912866147,96,1216,9,6,0,6,2.1788992912866147,1024,0.06498133333333334,2.243880624619948,2.243880624619948,2.2536361801755036,2.2650966136891673,2.2910480297047924,4.758659113689169,0.11214873841817763,2.579759822402554,0.0,0.0,0.01146043351366366,0.025951416015625117
26,2.241743726471276,64,2176,122,3,0,,2.4477558202803396,256,0.5478613333333333,2.995617153613673,2.995617153613673,3.010706042502562,3.0110713422278788,3.037014823673191,4.6619532188554835,0.795271097201915,2.4202094923842075,0.2060120938090635,0.0,0.00036529972531695876,0.025943481445312333
27,2.2445724433008705,160,832,0,1,0,1,2.2445724433008705,640,0.06382933333333334,2.308401776634204,2.308401776634204,2.3160239988564264,2.3290112962346257,2.354643254242438,6.455601645704491,0.11007081094156757,4.211029202403621,0.0,0.0,0.012987297378199258,0.025631958007812372
28,2.2690893825629437,96,4224,127,0,0,,2.812094393759156,256,1.1228942222222222,3.9349886159813785,3.9349886159813785,3.9614552826480454,3.9665641756813117,3.9930480624000615,6.51270040615006,1.7239586798371178,4.243611023587116,0.5430050111962124,0.0,0.005108893033266337,0.026483886718749794
29,2.295745435563786,64,896,0,4,1,1,2.7904412750909886,256,0.1884657777777778,2.9789070528687662,2.9789070528687662,2.986884830646544,3.0053973519139046,3.031563733749842,4.666317273788905,0.7358182981860559,2.3705718382251186,0.49469583952720253,0.0,0.018512521267360693,0.026166381835937447
30,2.4516515125415905,96,4288,11,7,1,6,2.568928420084851,256,1.140864,3.709792420084851,3.709792420084851,3.736614642307073,3.7598973907957127,3.7858665070066504,6.2704115265379,1.3342149944650599,3.818760013996309,0.11727690754326048,0.0,0.023282748488639537,0.02596911621093767
31,2.603332501146176,128,1216,1,2,1,1,2.603332501146176,256,0.27831466666666665,2.881647167812843,2.881647167812843,2.8914027233683983,2.915213738494479,2.940647820525729,6.197986796995225,0.33731531937955284,3.5946542958490486,0.0,0.0,0.023811015126080637,0.02543408203124997
32,2.7235121122027475,160,2176,14,1,0,,2.7235121122027475,256,0.5478613333333333,3.2713734455360806,3.2713734455360806,3.2864623344249693,3.303529037120042,3.3292911220809795,7.438507911980534,0.6057790098782321,4.714995799777787,0.0,0.0,0.0170667026950726,0.02576208496093768
33,2.858421032273935,96,4288,3,1,1,5,3.2713734455360806,256,1.140864,4.41223744553608,4.41223744553608,4.439059667758302,4.464379623057542,4.4905805507919165,6.949229005730534,1.6321595185179816,4.090807973456599,0.4129524132621456,0.0,0.02531995529923936,0.02620092773437488
34,3.047756238740743,64,640,4,1,0,,4.41223744553608,256,0.11658666666666667,4.528824112202747,4.528824112202747,4.535379667758303,4.542983871104417,4.569008285166917,6.196570883985741,1.521252046426174,3.148814645244998,1.3644812067953374,0.0,0.007604203346113891,0.026024414062500334
35,3.0704707997291463,160,640,84,3,0,,3.0704707997291463,256,0.11658666666666667,3.187057466395813,3.187057466395813,3.1936130219513683,3.2184629844804826,3.2442261680742326,7.383621402681745,0.17375536834508631,4.313150602952598,0.0,0.0,0.02484996252911431,0.02576318359374996
36,3.156409498459721,64,2176,22,0,0,,3.9349886159813785,256,0.5478613333333333,4.482849949314712,4.482849949314712,4.497938838203601,4.499869351462562,4.526612027243812,6.194402554587561,1.3702025287840907,3.03799305612784,0.7785791175216574,0.0,0.0019305132589604312,0.026742675781250114
37,3.253881149301272,160,640,8,7,0,,3.709792420084851,256,0.11658666666666667,3.8263790867515177,3.8263790867515177,3.832934642307073,3.837806204272275,3.863645169116025,8.018367743985817,0.6097640198147531,4.764486594684545,0.45591127078357907,0.0,0.004871561965201998,0.025838964843750034
38,3.4523177116062933,96,640,28,0,0,,4.482849949314712,256,0.11658666666666667,4.599436615981379,4.599436615981379,4.6059921715369345,4.606842984275063,4.63322958095475,7.14253048427506,1.1809118693484568,3.6902127726687666,1.0305322377084187,0.0,0.0008508127381281483,0.026386596679687457
39,3.522917717482202,96,4288,127,0,0,0,4.599436615981379,4096,0.07419733333333334,4.673633949314712,4.673633949314712,4.700456171536934,4.712392300681313,4.738921890525063,7.25108810146256,1.2160041730428608,3.728170383980358,1.0765188984991765,0.0,0.011936129144379137,0.026529589843749868
40,3.534506104824978,96,4224,75,7,0,,3.8263790867515177,256,1.1228942222222222,4.94927330897374,4.94927330897374,4.975739975640407,4.977380032397274,5.003604275561337,7.502547431485817,1.4690981707363586,3.9680413266608388,0.29187298192653977,0.0,0.001640056756867736,0.026224243164062244
41,3.550913902739577,160,4224,23,2,0,,3.550913902739577,256,1.1228942222222222,4.673808124961799,4.673808124961799,4.700274791628466,4.722613152556979,4.74863756661948,8.874052385374132,1.197723663879903,5.323138482634555,0.0,0.0,0.022338360928513268,0.026024414062500334
42,3.643631640235826,128,4224,47,3,0,,3.643631640235826,256,1.1228942222222222,4.766525862458049,4.766525862458049,4.7929925291247155,4.816097261824233,4.842132173933607,8.171026187837995,1.1985005336977812,4.527394547602169,0.0,0.0,0.023104732699517072,0.026034912109374808
43,3.923517651172035,128,4352,3,5,1,1,3.923517651172035,4096,0.0921671111111111,4.015684762283146,4.015684762283146,4.042862540060924,4.051872762106903,4.078346028708466,7.464059043728925,0.15482837753643075,3.5405413925568903,0.0,0.0,0.0090102220459789,0.02647326660156235
44,4.030232650036726,64,1280,1,2,0,2,4.673808124961799,1088,0.06517333333333333,4.738981458295132,4.738981458295132,4.749092569406243,4.77466246896323,4.80058776193198,6.431465312620225,0.7703551118952543,2.4012326625834994,0.6435754749250737,0.0,0.025569899556987075,0.02592529296874968
45,4.141152772376252,160,704,4,1,0,1,4.528824112202747,512,0.06344533333333334,4.59226944553608,4.59226944553608,4.599180556647191,4.621058578135667,4.646970768890875,8.74227540872533,0.5058179965146232,4.6011226363490785,0.38767133982649504,0.0,0.02187802148847595,0.02591219075520801
46,4.142968440780181,160,4416,3,6,1,5,4.142968440780181,256,1.1768035555555554,5.319771996335737,5.319771996335737,5.34730532966907,5.350927180095419,5.377317316814169,9.548245716428337,1.2343488760339882,5.405277275648156,0.0,0.0,0.0036218504263487716,0.026390136718750234
47,4.163429400840075,128,1344,1,2,0,2,4.738981458295132,1152,0.06536533333333333,4.804346791628466,4.804346791628466,4.8148134582951325,4.82651354318198,4.85238580880698,8.144892375608505,0.6889564079669048,3.98146297476843,0.5755520574550577,0.0,0.01170008488684715,0.02587226562499989
48,4.171015309906509,160,1152,13,1,0,,4.59226944553608,256,0.2603448888888889,4.852614334424969,4.852614334424969,4.862014334424969,4.880202458344,4.906068878544892,9.000479347527417,0.7350535686383832,4.829464037620908,0.4212541356295709,0.0,0.018188123919030907,0.02586642020089247
49,4.235982891282951,160,4224,115,3,0,,4.766525862458049,256,1.1228942222222222,5.889420084680271,5.889420084680271,5.915886751346938,5.93840398382944,5.964907239037774,10.143133446952577,1.7289243477548224,5.9071505556696255,0.5305429711750973,0.0,0.02251723248250226,0.02650325520833352
50,4.245837826299131,128,2368,18,7,1,1,4.94927330897374,256,0.6017706666666667,5.551043975640407,5.551043975640407,5.567199531195962,5.58318252263165,5.60960830388165,8.937532783048317,1.363770477582519,4.691694956749186,0.7034354826746085,0.0,0.015982991435687488,0.02642578125000039
51,4.287604757313743,64,960,0,2,1,4,4.804346791628466,512,0.13532444444444444,4.93967123607291,4.93967123607291,4.948004569406244,4.95587975411948,4.981686801645521,6.613147177040797,0.6940820443317781,2.3255424197270536,0.5167420343147224,0.0,0.007875184713236116,0.025807047526041238
52,4.4445603054717875,64,4224,19,6,0,,5.319771996335737,256,1.1228942222222222,6.442666218557959,6.442666218557959,6.469132885224626,6.493038996501669,6.520158869548544,8.176719575114952,2.0755985640767562,3.732159269643164,0.8752116908639493,0.0,0.023906111277042896,0.027119873046874687
53,4.59994489049048,160,1216,21,6,1,3,6.442666218557959,256,0.27831466666666665,6.720980885224626,6.720980885224626,6.7307364407801815,6.737135432048544,6.763749527100627,10.886202738377744,2.1638046366101467,6.2862578478872635,1.842721328067479,0.0,0.006398991268362408,0.02661409505208301
54,4.613713262850833,160,2048,47,2,0,3,4.93967123607291,0,0.5830328888888889,5.522704124961799,5.522704124961799,5.537081902739577,5.550826368702813,5.57674498849448,9.703402849241323,0.9630317256436465,5.08968958639049,0.325957973222077,0.0,0.013744465963235974,0.025918619791666764
55,4.646281806782873,96,1216,5,1,1,6,4.852614334424969,256,0.27831466666666665,5.130929001091635,5.130929001091635,5.140684556647191,5.16427978116766,5.190066123243553,7.642907000522201,0.5437843164606804,2.9966251937393285,0.20633252764209598,0.0,0.023595224520469138,0.02578634207589303
56,4.673711589470644,64,2048,19,1,0,6,5.130929001091635,0,0.5830328888888889,5.713961889980524,5.713961889980524,5.728339667758302,5.731692099806053,5.757514548536522,7.387116798699284,1.0838029590658778,2.7134052092286405,0.4572174116209915,0.0,0.0033524320477509306,0.025822448730468572
57,4.757965744430175,128,768,4,6,1,1,6.720980885224626,256,0.15252622222222223,6.873507107446848,6.873507107446848,6.880773774113514,6.8968273265797935,6.923133845134481,10.216820228147087,2.1651681007043058,5.458854483716912,1.9630151407944512,0.0,0.016053552466279264,0.02630651855468713
58,4.786868864440107,64,1024,0,2,0,2,5.522704124961799,832,0.06440533333333334,5.587109458295132,5.587109458295132,5.595798347184021,5.602664096567397,5.628523750585254,7.262776897092881,0.8416548861451467,2.4759080326527743,0.735835260521692,0.0,0.0068657493833752525,0.02585965401785728
59,4.788961717544111,64,1152,53,3,0,,5.889420084680271,256,0.2603448888888889,6.14976497356916,6.14976497356916,6.15916497356916,6.17695085882944,6.203222221134127,7.855138492525494,1.4142605035900164,3.0661767749813835,1.1004583671361603,0.0,0.017785885260280132,0.026271362304687074
60,4.867131547816978,160,1408,1,6,1,2,6.873507107446848,256,0.332224,7.205731107446848,7.205731107446848,7.21655332966907,7.23885015372823,7.265037946696981,11.374450150487121,2.3979063988800027,6.507318602670143,2.00637555962987,0.0,0.022296824059160336,0.0261877929687504
61,5.081097198045536,96,704,8,2,1,7,5.587109458295132,256,0.13455644444444445,5.721665902739577,5.721665902739577,5.728577013850688,5.731967249469183,5.757764551715277,8.22272855724913,0.6766673536697407,3.1416313592035943,0.5060122602495962,0.0,0.003390235618494941,0.02579730224609378
62,5.082121793212218,160,1280,9,6,0,6,7.205731107446848,1088,0.06517333333333333,7.270904440780181,7.270904440780181,7.281015551891292,7.29122622794698,7.317321035889688,11.425501175877747,2.2351992426774707,6.343379382665529,2.1236093142346304,0.0,0.010210676055688594,0.02609480794270791
63,5.09301622002498,96,1152,17,4,0,,5.09301622002498,256,0.2603448888888889,5.353361108913869,5.353361108913869,5.362761108913869,5.371132703476404,5.396969129257654,7.850045903346194,0.3039529092326738,2.757029683321214,0.0,0.0,0.008371594562534668,0.025836425781250227
64,5.107976167014793,96,2176,2,3,0,,6.14976497356916,256,0.5478613333333333,6.697626306902493,6.697626306902493,6.712715195791382,6.728752006290376,6.754989799259127,9.245121728202578,1.6470136322443336,4.137145561187785,1.0417888065543668,0.0,0.01603681049899386,0.026237792968750284
65,5.142708677417135,64,4288,23,2,0,2,5.721665902739577,4096,0.07419733333333334,5.79586323607291,5.79586323607291,5.822685458295132,5.835159388141059,5.861102476248698,7.497236125608507,0.7183937988315634,2.354527448191372,0.5789572253224424,0.0,0.012473929845926435,0.025943088107639234
66,5.240007063386293,128,1088,0,6,1,2,7.270904440780181,256,0.2423751111111111,7.5132795518912925,7.5132795518912925,7.522323996335737,7.526097077556355,7.552115143962605,10.834711039158995,2.312108080576312,5.594703975772702,2.030897377393888,0.0,0.0037730812206184794,0.02601806640624993
67,5.335730844553408,96,1152,0,2,1,6,5.79586323607291,896,0.0825671111111111,5.878430347184022,5.878430347184022,5.887830347184022,5.912990117307725,5.9388964649639755,8.405141447874131,0.6031656204105671,3.0694106033207227,0.4601323915195019,0.0,0.025159770123702963,0.02590634765625044
68,5.379009072870112,64,1472,1,3,1,6,6.697626306902493,256,0.35019377777777777,7.047820084680271,7.047820084680271,7.05899786245805,7.069881400821626,7.096037976342459,8.745948062837996,1.7170289034723476,3.3669389899678848,1.3186172340323816,0.0,0.010883538363576584,0.02615657552083306
69,5.473697440738422,96,2240,2,6,1,3,7.5132795518912925,256,0.5658311111111111,8.079110663002403,8.079110663002403,8.094555107446848,8.098607331462606,8.124644257732138,10.57749877632417,2.6509468169937156,5.1038013355857474,2.0395821111528702,0.0,0.004052224015758554,0.02603692626953169
70,5.593371735994052,96,2176,42,6,0,,8.079110663002403,256,0.5478613333333333,8.626971996335737,8.626971996335737,8.642060885224625,8.642771542190845,8.668688717483814,11.118074027440242,3.0753169814897623,5.52470229144619,2.4857389270083514,0.0,0.0007106569662198581,0.02591717529296922
71,5.636459809060341,96,1152,45,3,0,,7.047820084680271,256,0.2603448888888889,7.30816497356916,7.30816497356916,7.31756497356916,7.3314691286862095,7.357545021543352,9.851550194999453,1.7210852124830112,4.215090385939112,1.4113602756199306,0.0,0.013904155117049122,0.026075892857142513
72,5.717470868422523,160,2176,54,2,0,,5.878430347184022,256,0.5478613333333333,6.426291680517355,6.426291680517355,6.4413805694062445,6.457445842405381,6.483435914019965,10.617838680947052,0.7659650455974418,4.90036781252453,0.16095947876149896,0.0,0.016065272999136404,0.025990071614583776
73,5.723299856448001,160,2176,70,4,0,,5.723299856448001,256,0.5478613333333333,6.271161189781335,6.271161189781335,6.286250078670224,6.301551648788904,6.327475151393071,10.45606899904931,0.6041752949450698,4.732769142601308,0.0,0.0,0.015301570118680274,0.02592350260416687
74,5.848087005743744,64,1152,25,4,0,,6.271161189781335,256,0.2603448888888889,6.5315060786702235,6.5315060786702235,6.540906078670224,6.560808647486821,6.586645561549322,8.21198657717432,0.7385585558055778,2.3638995714305766,0.4230741840375911,0.0,0.019902568816597466,0.025836914062500327
75,5.926449227942911,128,1216,0,5,1,2,5.926449227942911,256,0.27831466666666665,6.204763894609577,6.204763894609577,6.214519450165133,6.21889628098711,6.24527518723711,9.505312342533799,0.3188259592941991,3.578863114590888,0.0,0.0,0.004376830821977151,0.026378906249999723
76,5.9424982710985015,64,1280,5,6,1,1,8.626971996335737,1024,0.0829511111111111,8.709923107446848,8.709923107446848,8.72003421855796,8.720524532913503,8.746410546368365,10.37134252632417,2.8039122752698633,4.428844255225669,2.6844737252372353,0.0,0.0004903143555434752,0.025886013454861967
77,6.015529490489072,128,1280,0,4,1,5,6.5315060786702235,768,0.15406222222222224,6.685568300892446,6.685568300892446,6.695679412003557,6.715837456080571,6.741634331080571,10.038762683945146,0.7261048405914989,4.023233193456074,0.5159765881811511,0.0,0.02015804407701438,0.025796875000000163
78,6.02380167367458,96,1216,53,6,1,3,8.709923107446848,256,0.27831466666666665,8.988237774113514,8.988237774113514,8.99799332966907,9.005297536385722,9.031159157479472,11.476436234471496,3.007357483804892,5.452634560796916,2.686121433772268,0.0,0.007304206716652217,0.025861621093749676
79,6.086562108356895,128,1344,0,5,1,4,6.204763894609577,1088,0.0831431111111111,6.2879070057206885,6.2879070057206885,6.298373672387355,6.3244148356746095,6.350554158591276,9.607446619877546,0.2639920502343811,3.5208845115206513,0.11820178625268252,0.0,0.026041163287254143,0.02613932291666643
80,6.116350480718864,160,1216,25,6,1,4,8.988237774113514,256,0.27831466666666665,9.266552440780181,9.266552440780181,9.276307996335737,9.289802223885724,9.31564437587436,13.392329989121798,3.1992938951554963,7.275979508402934,2.871887293394651,0.0,0.013494227549987414,0.02584215198863582
81,6.172740057531219,96,2176,94,4,0,,6.685568300892446,256,0.5478613333333333,7.23342963422578,7.23342963422578,7.248518523114669,7.256742485377446,7.282532915064945,9.751864637070149,1.1097928575337264,3.57912457953893,0.512828243361227,0.0,0.008223962262777107,0.02579042968749956
82,6.188873562978928,128,704,20,5,1,2,6.2879070057206885,256,0.13455644444444445,6.422463450165133,6.422463450165133,6.429374561276244,6.455116333070443,6.48105859381263,9.734994052913263,0.29218503083370173,3.546120489934335,0.09903344274176007,0.0,0.025741771794198343,0.02594226074218753
83,6.200450533369215,96,768,8,2,0,2,6.426291680517355,576,0.06363733333333334,6.489929013850689,6.489929013850689,6.497195680517355,6.509426473915798,6.535355917275172,9.002929948850696,0.3349053839059577,2.802479415481481,0.22584114714814074,0.0,0.012230793398442685,0.025929443359374638
84,6.398243048029324,64,4480,3,4,1,6,7.23342963422578,256,1.1947733333333332,8.428202967559113,8.428202967559113,8.456091856448001,8.4714502816014,8.497708948593589,10.143500965195145,2.0994659005642644,3.7452579171658202,0.8351865861964551,0.0,0.01535842515339958,0.02625866699218804
85,6.595284941435274,160,1216,13,4,1,1,8.428202967559113,256,0.27831466666666665,8.70651763422578,8.70651763422578,8.716273189781335,8.734058924179525,8.760188514023275,12.917262521184732,2.164903572588001,6.321977579749458,1.8329180261238385,0.0,0.0177857343981902,0.026129589843749912
86,6.627825902496037,64,832,4,5,1,6,6.627825902496037,256,0.170496,6.798321902496037,6.798321902496037,6.805944124718259,6.818352417054819,6.844192944398569,8.45857105021609,0.2163670419025321,1.8307451477200534,0.0,0.0,0.012408292336560045,0.025840527343749642
87,6.964635172554212,96,1536,1,4,1,3,8.70651763422578,256,0.3681635555555556,9.074681189781336,9.074681189781336,9.086214523114668,9.099917615585776,9.12598963707015,11.606597319361812,2.161354464515938,4.6419621468076,1.7418824616715671,0.0,0.01370309247110768,0.026072021484374375
88,7.08224979460441,64,1600,1,0,1,4,7.08224979460441,256,0.3861333333333334,7.468383127937743,7.468383127937743,7.480272016826632,7.480272016826632,7.5060532668266315,9.12629545432663,0.4238034722222217,2.0440456597222205,0.0,0.0,0.0,0.025781249999999645
89,7.112712841449507,128,4224,43,4,0,,9.074681189781336,256,1.1228942222222222,10.197575412003557,10.197575412003557,10.224042078670223,10.24686978029931,10.273017973658686,13.591269625676912,3.160305132209179,6.478556784227405,1.9619683483318289,0.0,0.02282770162908676,0.026148193359375682
90,7.225946463755985,96,896,4,5,0,5,7.225946463755985,704,0.06402133333333333,7.289967797089319,7.289967797089319,7.2979455748670965,7.3094059326798195,7.3351870199194025,9.760522454605972,0.10924055616341732,2.534575990849987,0.0,0.0,0.011460357812723032,0.025781087239582945
91,7.24207768263553,128,640,76,0,0,,7.468383127937743,256,0.11658666666666667,7.58496979460441,7.58496979460441,7.591525350159966,7.609183149639131,7.634731245342256,10.923803193584439,0.3926535627067258,3.681725510948908,0.22630544530221286,0.0,0.017657799479165348,0.025548095703125107
92,7.287013841623679,160,1408,0,5,0,5,7.289967797089319,1216,0.06555733333333334,7.355525130422652,7.355525130422652,7.366347352644874,7.386750659242319,7.412519632456604,11.48048476103733,0.1255057908329249,4.193470919413651,0.0029539554656397016,0.0,0.02040330659744427,0.025768973214285396
93,7.293563324017951,96,1664,1,0,0,0,7.58496979460441,1472,0.06632533333333333,7.651295127937743,7.651295127937743,7.663539572382188,7.685828901592257,7.711466108623506,10.172149295472465,0.4179027846055554,2.8785859714545143,0.29140647058645897,0.0,0.022289329210068765,0.02563720703124961
94,7.608319570291329,96,2176,74,4,0,,10.197575412003557,256,0.5478613333333333,10.74543674533689,10.74543674533689,10.760525634225779,10.76997231936181,10.796109282252436,13.280850314153477,3.1877897119611074,5.672530743862149,2.5892558417122284,0.0,0.009446685136031974,0.02613696289062517
95,7.610867860230798,160,704,16,5,1,7,7.610867860230798,256,0.13455644444444445,7.745424304675243,7.745424304675243,7.752335415786354,7.770502403103925,7.796014470626246,11.866341999806863,0.18514661039544755,4.255474139576065,0.0,0.0,0.018166987317570715,0.025512067522321047
96,7.6198205522534455,64,4352,11,0,1,7,7.651295127937743,256,1.1588337777777777,8.810128905715521,8.810128905715521,8.8373066834933,8.839986616436006,8.866012251201631,10.51161735374069,1.246191698948186,2.891796801487244,0.03147457568429779,0.0,0.002679932942706742,0.026025634765625583
97,7.633970666784341,160,4352,23,7,1,2,7.633970666784341,256,1.1588337777777777,8.792804444562119,8.792804444562119,8.819982222339897,8.830846259610817,8.857517158048317,13.118335224454565,1.223546491263976,5.484364557670224,0.0,0.0,0.010864037270920335,0.0266708984374997
98,7.7689516354363874,160,4096,78,0,0,,8.810128905715521,0,1.1580657777777779,9.968194683493298,9.968194683493298,9.993950239048853,10.014099979066215,10.040440311097464,14.207821512269327,2.271488675661077,6.438869876832939,1.0411772702791335,0.0,0.02014974001736114,0.026340332031249858
99,7.794979502844258,128,4224,63,7,0,,8.792804444562119,256,1.1228942222222222,9.91569866678434,9.91569866678434,9.942165333451007,9.968700263517068,9.995804267423317,13.378750263517068,2.2008247645790586,5.5837707606728095,0.9978249417178606,0.0,0.026534930066061335,0.02710400390624912
100,7.867911174996062,96,2240,22,1,1,0,7.867911174996062,256,0.5658311111111111,8.433742286107174,8.433742286107174,8.449186730551618,8.4593991880222,8.485112729688867,10.946117624127117,0.6172015546928042,3.078206449131055,0.0,0.0,0.010212457470581526,0.025713541666666728
101,7.878661718440015,160,256,1,5,0,0,7.878661718440015,0,0.07987911111111111,7.958540829551127,7.958540829551127,7.9629630517733485,7.974612615157496,8.000079717208278,12.07142471348804,0.12141799876826287,4.192762995048025,0.0,0.0,0.011649563384147577,0.025467102050781953
102,7.895374062184481,160,960,4,0,1,5,9.968194683493298,256,0.20643555555555557,10.174630239048854,10.174630239048854,10.182963572382187,10.198653852764131,10.224899824443819,14.390860574769325,2.3295257622593377,6.495486512584844,2.072820621308817,0.0,0.015690280381944532,0.02624597167968723
103,8.023423060918498,64,256,30,0,0,,10.174630239048854,0,0.07987911111111111,10.254509350159966,10.254509350159966,10.258931572382188,10.277393232646943,10.303416181865693,11.93555136252975,2.2799931209471946,3.9121283016112525,2.151207178130356,0.0,0.018461660264755153,0.026022949218749147
104,8.052239334771949,160,2304,2,7,1,6,9.91569866678434,256,0.5838008888888889,10.49949955567323,10.49949955567323,10.51529955567323,10.537986884610815,10.564771389819148,14.753854497613048,2.512532055047199,6.701615162841099,1.8634593320123916,0.0,0.022687328937584184,0.026784505208333087
105,8.074249310647895,128,1472,0,1,1,5,8.433742286107174,704,0.22574933333333336,8.659491619440507,8.659491619440507,8.670669397218285,8.690838641147204,8.716556780795642,12.007400757497654,0.6423074701477471,3.9331514468497595,0.35949297545927905,0.0,0.020169243928918945,0.025718139648438054
106,8.090354907237947,128,2176,6,5,0,,8.090354907237947,256,0.5478613333333333,8.63821624057128,8.63821624057128,8.653305129460168,8.662440190841087,8.687998113204369,11.943437482042727,0.5976432059664223,3.8530825748047803,0.0,0.0,0.009135061380918685,0.025557922363281804
107,8.105816160907219,160,2240,30,0,0,,10.254509350159966,256,0.5658311111111111,10.820340461271076,10.820340461271076,10.83578490571552,10.84634196311569,10.872161884990689,15.046659891175574,2.76634572408347,6.940843730268355,2.1486931892527465,0.0,0.010557057400168546,0.025819921874999707
108,8.176317735957392,64,1024,4,2,1,0,8.176317735957392,256,0.22440533333333335,8.400723069290725,8.400723069290725,8.409411958179614,8.43131527599913,8.45735472912413,10.093803850217885,0.28103699316673847,1.9174861142604929,0.0,0.0,0.021903317819516488,0.026039453124999667
109,8.253614854968392,64,4224,7,0,0,,10.820340461271076,256,1.1228942222222222,11.943234683493298,11.943234683493298,11.969701350159964,11.9879864211235,12.014415742412563,13.681637837139121,3.760800887444171,5.428022982170729,2.5667256063026844,0.0,0.018285070963536043,0.026429321289063168
110,8.356181335742352,160,4224,31,7,0,,10.49949955567323,256,1.1228942222222222,11.622393777895452,11.622393777895452,11.648860444562118,11.663356513517066,11.69022589828269,15.852320317925548,3.3340445625403383,7.496138982183195,2.143318219930878,0.0,0.014496068954947816,0.02686938476562517
111,8.401012395706031,128,2368,2,1,1,7,8.659491619440507,256,0.6017706666666667,9.261262286107174,9.261262286107174,9.277417841662729,9.285563576043039,9.311562111199288,12.6036057426167,0.9105497154932571,4.202593346910669,0.25847922373447574,0.0,0.008145734380310188,0.025998535156249503
112,8.438812499883824,64,4544,3,0,1,4,11.943234683493298,256,1.212743111111111,13.155977794604409,13.155977794604409,13.184222239048854,13.204240571514124,13.230845747295374,14.890668191956827,4.792033247411551,6.4518556920730035,3.504422183609474,0.0,0.02001833246526985,0.026605175781250878
113,8.44294622227024,128,640,32,5,0,,8.63821624057128,256,0.11658666666666667,8.754802907237947,8.754802907237947,8.761358462793503,8.764674809981715,8.790207199304632,12.045546661730228,0.3472609770343915,3.6026004394599873,0.19527001830103963,0.0,0.0033163471882122764,0.025532389322917126
114,8.551731707394215,64,1280,13,7,1,4,11.622393777895452,256,0.29628444444444446,11.918678222339896,11.918678222339896,11.928789333451007,11.932072333829568,11.958696747892068,13.611775933159922,3.4069650404978535,5.060044225765708,3.0706620705012373,0.0,0.0032830003785608852,0.026624414062499824
115,8.741517918258731,128,2432,2,2,1,1,8.741517918258731,256,0.6197404444444444,9.361258362703175,9.361258362703175,9.377769473814286,9.391411394163198,9.417385271116324,12.737563548994858,0.6758673528575923,3.996045630736127,0.0,0.0,0.01364192034891154,0.025973876953125696
116,8.819362935743175,96,2176,134,1,0,,9.261262286107174,256,0.5478613333333333,9.809123619440507,9.809123619440507,9.824212508329396,9.831635353386787,9.857657570183662,12.318597604595867,1.0382946344404864,3.499234668852692,0.4418993503639985,0.0,0.007422845057391214,0.026022216796874886
117,8.943763586694665,160,256,129,7,0,,11.918678222339896,0,0.07987911111111111,11.998557333451007,11.998557333451007,12.00297955567323,12.011947040860818,12.038322773282694,16.185971196831794,3.094559186588029,7.242207610137129,2.9749146356452307,0.0,0.008967485187588053,0.026375732421875853
118,8.97120008861633,64,1152,29,0,0,,13.155977794604409,256,0.2603448888888889,13.416322683493298,13.416322683493298,13.425722683493298,13.44370473167037,13.47013979026412,15.124405008363075,4.498939701647791,6.153204919746745,4.184777705988079,0.0,0.01798204817707294,0.026435058593749616
119,9.104235966152967,64,4224,139,5,0,,9.104235966152967,256,1.1228942222222222,10.227130188375188,10.227130188375188,10.253596855041854,10.271371087418473,10.297171136246599,11.917885317329185,1.192935170093632,2.8136493511762186,0.0,0.0,0.01777423237661857,0.02580004882812581
120,9.14352724358694,64,2496,2,0,1,2,13.416322683493298,256,0.6377102222222223,14.054032905715522,14.054032905715522,14.070899572382189,14.07631801292037,14.10261773622766,15.754258523988078,4.959090492640721,6.610731280401138,4.272795439906359,0.0,0.0054184405381807466,0.026299723307291245
121,9.22452292884564,96,2176,34,7,0,,11.998557333451007,256,0.5478613333333333,12.54641866678434,12.54641866678434,12.561507555673229,12.565939960782693,12.592279734778229,15.067486333550548,3.367756805932588,5.842963404704907,2.7740344046053664,0.0,0.004432405109463744,0.02633977399553622
122,9.226014248378803,128,1152,153,1,0,,9.809123619440507,256,0.2603448888888889,10.069468508329397,10.069468508329397,10.078868508329396,10.09187949401179,10.11781367369929,13.407895781679201,0.8917994253204871,4.181881533300398,0.5831093710617044,0.0,0.013010985682393894,0.025934179687499892
123,9.316922144706695,96,704,76,1,1,0,10.069468508329397,256,0.13455644444444445,10.20402495277384,10.20402495277384,10.210936063884953,10.22155527526179,10.247393084506582,12.7070149223042,0.9304709397998874,3.3900927775975056,0.7525463636227023,0.0,0.010619211376837967,0.025837809244791288
124,9.431765655496008,64,1536,0,7,1,1,12.54641866678434,256,0.3681635555555556,12.914582222339897,12.914582222339897,12.92611555567323,12.934741230313941,12.961013264005347,14.597605034722422,3.5292476085093387,5.165839379226414,3.1146530112883326,0.0,0.008625674640711622,0.02627203369140574
125,9.449366980121242,160,2560,2,2,1,0,9.449366980121242,2304,0.08679111111111111,9.536158091232354,9.536158091232354,9.553380313454575,9.573238786741321,9.599270622678821,13.757726634932355,0.14990364255757882,4.308359654811113,0.0,0.0,0.019858473286745948,0.026031835937500247
126,9.614886785507855,160,1600,0,1,1,7,10.20402495277384,1344,0.0839111111111111,10.287936063884953,10.287936063884953,10.299824952773841,10.324909441928456,10.350740845388279,14.472253224868064,0.735854059880424,4.857366439360209,0.5891381672659861,0.0,0.02508448915461514,0.025831403459822155
127,9.696475909136508,64,1792,1,3,1,0,9.696475909136508,1344,0.13782044444444444,9.834296353580953,9.834296353580953,9.847251909136508,9.851550194999453,9.878055321952578,11.507954247733835,0.18157941281607037,1.8114783385973272,0.0,0.0,0.00429828586294434,0.02650512695312557
128,9.73962412348089,64,768,16,5,0,5,10.227130188375188,576,0.06363733333333334,10.290767521708522,10.290767521708522,10.298034188375189,10.322971673355973,10.348711837976508,11.968875665636476,0.609087714495617,2.229251542155586,0.4875060648942977,0.0,0.024937484980783964,0.025740164620534856
129,9.746212190462163,128,4288,35,2,1,5,9.746212190462163,256,1.140864,10.887076190462164,10.887076190462164,10.913898412684386,10.932750790322055,10.959279273394973,14.287423347171936,1.2130670829328096,4.541211156709773,0.0,0.0,0.01885237763766945,0.026528483072917552
130,9.748238936885096,64,640,12,7,0,,12.914582222339897,256,0.11658666666666667,13.031168889006564,13.031168889006564,13.03772444456212,13.039832294767065,13.065999449714981,14.701554448784924,3.317760512829885,4.953315511899827,3.1663432854548006,0.0,0.002107850204945194,0.02616715494791677
131,9.761042750295633,96,1664,0,2,1,1,10.887076190462164,1024,0.1907697777777778,11.077845968239941,11.077845968239941,11.090090412684386,11.091929012978303,11.118280697548617,13.600478099776108,1.3572379472529832,3.8394353494804747,1.1260334401665304,0.0,0.0018386002939170254,0.02635168457031334
132,9.836133189671134,160,2624,2,1,1,2,10.287936063884953,2240,0.12253866666666667,10.41047473055162,10.41047473055162,10.428052508329397,10.428237985455242,10.454127328716961,14.575870551876994,0.6179941390458268,4.73973736220586,0.4518028742138185,0.0,0.000185477125844713,0.025889343261718878
133,9.85247677465878,64,1664,0,3,1,2,9.85247677465878,256,0.40410311111111114,10.25657988576989,10.25657988576989,10.268824330214334,10.27254018523383,10.29838784148383,11.918695133150504,0.445911066825051,2.0662183584917244,0.0,0.0,0.003715855019494896,0.02584765625000074
134,9.863598609649806,64,1664,0,5,1,3,10.290767521708522,1280,0.11965866666666666,10.410426188375189,10.410426188375189,10.422670632819633,10.425935261525613,10.451686177052956,12.07142471348804,0.58808756740315,2.2078261038382347,0.42716891205871654,0.0,0.0032646287059794332,0.02575091552734321
135,9.946486421224547,96,1344,9,2,1,6,11.077845968239941,256,0.3142542222222222,11.392100190462164,11.392100190462164,11.40256685712883,11.40818145438455,11.4343987395408,13.914850756026105,1.487912318316253,3.9683643348015583,1.1313595470153945,0.0,0.00561459725572,0.02621728515624966
136,10.010115970908007,96,704,28,5,1,0,10.410426188375189,256,0.13455644444444445,10.544982632819632,10.544982632819632,10.551893743930744,10.55469472197483,10.580402567026914,13.031236074165125,0.5702865961189065,3.021120103257118,0.4003102174671813,0.0,0.0028009780440854115,0.02570784505208401
137,10.131376094628695,128,1664,0,3,1,5,10.25657988576989,1536,0.04854755555555555,10.305127441325446,10.305127441325446,10.31737188576989,10.324235986015081,10.350072574556748,13.638793114921333,0.2186964799280524,3.507417020292637,0.1252037911411943,0.0,0.00686410024519013,0.025836588541666927
138,10.355561840771239,160,640,88,3,0,,10.355561840771239,256,0.11658666666666667,10.472148507437906,10.472148507437906,10.478704062993462,10.479262841483834,10.504970605155709,14.640902449231225,0.1494087643844697,4.285340608459986,0.0,0.0,0.0005587784903724469,0.025707763671874773
139,10.452291286090333,96,256,0,2,0,3,11.392100190462164,0,0.07987911111111111,11.471979301573276,11.471979301573276,11.476401523795499,11.48683477469705,11.512871233030383,13.993783861494853,1.0605799469400505,3.5414925754045203,0.9398089043718318,0.0,0.010433250901551006,0.026036458333333456
140,10.689309813000047,96,4224,147,2,0,,11.471979301573276,256,1.1228942222222222,12.594873523795497,12.594873523795497,12.621340190462163,12.63290085542622,12.659102306319078,15.158682787276103,1.96979249331903,4.469372974276055,0.7826694885732284,0.0,0.0115606649640565,0.026201450892857636
141,10.71848261037506,128,4608,3,3,1,0,10.71848261037506,256,1.230712888888889,11.949195499263949,11.949195499263949,11.97779549926395,11.995470523775504,12.02161570606717,15.352036587066044,1.3031330956921092,4.633553976690983,0.0,0.0,0.017675024511554227,0.026145182291665847
142,10.808964778668301,64,1152,33,3,0,,11.949195499263949,256,0.2603448888888889,12.209540388152838,12.209540388152838,12.218940388152838,12.2307947425255,12.256797550142688,13.902157861015086,1.4478327714743866,3.093193082346785,1.140230720595648,0.0,0.011854354372662357,0.02600280761718743
143,10.83566956491542,64,4288,15,5,1,0,10.83566956491542,256,1.140864,11.976533564915421,11.976533564915421,12.003355787137643,12.019769708605228,12.045546661730228,13.677439687446375,1.2098770968148074,2.8417701225309546,0.0,0.0,0.016413921467584913,0.025776953124999835
144,10.868297855484528,160,1216,29,5,1,0,11.976533564915421,256,0.27831466666666665,12.254848231582088,12.254848231582088,12.264603787137643,12.281307525988042,12.307330475206792,16.411443342580306,1.4390326197222638,5.543145487095778,1.1082357094308932,0.0,0.01670373885039922,0.026022949218749147
145,10.965121622012031,128,2688,2,3,1,1,12.209540388152838,2048,0.19384177777777778,12.403382165930616,12.403382165930616,12.42131549926395,12.438830875338002,12.464898746431752,15.793326040191044,1.4997771244197207,4.828204418179013,1.2444187661408073,0.0,0.01751537607405318,0.026067871093749417
146,10.98901696325519,96,2240,34,1,1,7,10.98901696325519,256,0.5658311111111111,11.554848074366301,11.554848074366301,11.570292518810746,11.592879273122655,11.618783203786718,14.083840749282126,0.6297662405315272,3.094823786026936,0.0,0.0,0.022586754311909374,0.025903930664062713
147,11.082544750682404,64,4288,31,3,1,7,12.403382165930616,256,1.140864,13.544246165930616,13.544246165930616,13.571068388152838,13.5862791175255,13.612535872082791,15.273497524566043,2.5299911214003874,4.190952773883639,1.3208374152482119,0.0,0.015210729372661547,0.026256754557291373
148,11.084990037458386,96,704,24,5,0,,12.254848231582088,256,0.13455644444444445,12.389404676026532,12.389404676026532,12.396315787137643,12.41142715489429,12.43728213536304,14.888531337837001,1.3522920979046535,3.8035413003786154,1.1698581941237016,0.0,0.015111367756645677,0.025854980468750455
149,11.181475633984737,64,256,118,6,0,,11.181475633984737,0,0.07987911111111111,11.261354745095849,11.261354745095849,11.265776967318072,11.272161673924618,11.297733060643369,12.905897209173881,0.11625742665863115,1.7244215751891439,0.0,0.0,0.006384706606546331,0.02557138671875059
150,11.2574503817688,128,2240,6,3,1,5,13.544246165930616,256,0.5658311111111111,14.110077277041727,14.110077277041727,14.125521721486171,14.140905053397896,14.167347729179147,17.492747215321256,2.9098973474103467,6.2352968335524555,2.286795784161816,0.0,0.015383331911724696,0.026442675781250813
151,11.272700201289544,128,1856,1,6,1,3,11.272700201289544,1280,0.173568,11.446268201289543,11.446268201289543,11.459579312400654,11.476436234471496,11.501993037856913,14.762231030788469,0.2292928365673692,3.489530829498925,0.0,0.0,0.016856922070841662,0.02555680338541677
152,11.385904301506935,96,1664,0,2,1,3,12.594873523795497,1536,0.04854755555555555,12.643421079351054,12.643421079351054,12.655665523795498,12.659102306319078,12.685255565596421,15.184521166182353,1.299351264089486,3.7986168646754184,1.2089692222885624,0.0,0.0034367825235790406,0.026153259277343466
153,11.650853943070821,64,768,24,3,1,5,14.110077277041727,256,0.15252622222222223,14.26260349926395,14.26260349926395,14.269870165930616,14.273123315116644,14.299390079439561,15.94849034683167,2.6485361363687403,4.297636403760849,2.4592233339709058,0.0,0.003253149186027926,0.026266764322917524
154,11.854859674663478,96,256,94,6,0,4,11.854859674663478,0,0.07987911111111111,11.93473878577459,11.93473878577459,11.939161007996812,11.962098994888162,11.987554805435037,14.42426657766347,0.13269513077155892,2.569406902999992,0.0,0.0,0.022937986891349738,0.025455810546874957
155,11.905823739089568,128,2176,10,3,0,,14.26260349926395,256,0.5478613333333333,14.810464832597283,14.810464832597283,14.825553721486171,14.826064070324971,14.852452498059346,18.175981427560835,2.946628758969778,6.270157688471267,2.3567797601743816,0.0,0.0005103488387998567,0.026388427734374886
156,11.976126217616592,128,1152,81,6,0,,11.976126217616592,256,0.2603448888888889,12.236471106505482,12.236471106505482,12.245871106505481,12.267600948013165,12.293082783950664,15.575829468288472,0.3169565663340723,3.5997032506718796,0.0,0.0,0.021729841507683645,0.025481835937499753
157,12.076056746294586,160,1920,1,6,0,6,12.236471106505482,1728,0.06709333333333334,12.303564439838816,12.303564439838816,12.317231106505483,12.318565108169414,12.344123701919415,16.473885004467792,0.2680669556248283,4.397828258173206,0.16041436021089517,0.0,0.0013340016639311614,0.02555859375000047
158,12.14174350085884,96,1664,0,3,1,2,14.810464832597283,1536,0.04854755555555555,14.85901238815284,14.85901238815284,14.871256832597284,14.878841414074971,14.905148403472293,17.387779441883755,2.763404902613452,5.246035941024914,2.6687213317384426,0.0,0.007584581477686925,0.026306989397321345
159,12.164783918498518,160,640,140,6,0,,12.303564439838816,256,0.11658666666666667,12.420151106505482,12.420151106505482,12.426706662061038,12.446362959731918,12.471888489865846,16.60675691201988,0.3071045713673275,4.441972993521361,0.13878052134029772,0.0,0.019656297670879397,0.025525530133927887
160,12.207909026477784,128,1152,105,4,0,,12.207909026477784,256,0.2603448888888889,12.468253915366674,12.468253915366674,12.477653915366673,12.50009064618473,12.526197091497231,15.805140247421706,0.3182880650194466,3.5972312209439217,0.0,0.0,0.022436730818057526,0.02610644531250017
161,12.228901299748408,160,4096,16,3,0,5,14.85901238815284,0,1.1580657777777779,16.017078165930617,16.017078165930617,16.042833721486172,16.052551219227503,16.078813548329066,20.24415484878479,3.849912248580658,8.015253549036384,2.6301110884044316,0.0,0.009717497741331016,0.026262329101562898
162,12.438383221129305,160,4224,135,6,0,,12.438383221129305,256,1.1228942222222222,13.561277443351527,13.561277443351527,13.587744110018193,13.597092098496802,13.622933732611385,17.800033142798647,1.1845505114820796,5.361649921669342,0.0,0.0,0.009347988478609182,0.025841634114582845
163,12.585399915602924,128,4096,154,6,0,7,13.561277443351527,0,1.1580657777777779,14.719343221129304,14.719343221129304,14.74509877668486,14.762231030788469,14.788437964382219,18.140395895077294,2.2030380487792947,5.55499597947437,0.9758775277486027,0.0,0.017132254103609412,0.026206933593750037
164,12.612750467962087,96,2240,14,1,0,1,12.612750467962087,2048,0.06805333333333334,12.68080380129542,12.68080380129542,12.696248245739865,12.7070149223042,12.7330090629292,15.195923286251995,0.12025859496711355,2.583172818289908,0.0,0.0,0.010766676564335498,0.025994140625000384
165,12.618583402983209,160,1344,5,3,1,6,16.017078165930617,256,0.3142542222222222,16.331332388152838,16.331332388152838,16.341799054819504,16.367731395008754,16.393877195790004,20.556166909331665,3.775293792806796,7.9375835063484566,3.398494762947408,0.0,0.02593234018925017,0.026145800781250728
166,12.632197377027033,160,1664,0,5,1,3,12.632197377027033,1536,0.04854755555555555,12.68074493258259,12.68074493258259,12.692989377027034,12.695858795519289,12.721709576769289,16.821620930470928,0.08951219974225566,4.189423553443895,0.0,0.0,0.0028694184922546384,0.025850781249999955
167,12.651552188420533,64,768,28,4,1,5,12.651552188420533,256,0.15252622222222223,12.804078410642756,12.804078410642756,12.811345077309422,12.813400216497232,12.839365060247232,14.462390084661285,0.18781287182669892,1.810837896240752,0.0,0.0,0.0020551391878100844,0.025964843749999744
168,12.653105240397666,128,1664,0,1,1,5,12.68080380129542,1472,0.06632533333333333,12.747129134628754,12.747129134628754,12.759373579073198,12.784998809022952,12.810963896913577,16.105475617794966,0.15785865651591102,3.4523703773972994,0.02769856089775402,0.0,0.025625229949753248,0.025965087890625682
169,12.681268396258123,160,640,48,5,0,,12.681268396258123,256,0.11658666666666667,12.79785506292479,12.79785506292479,12.804410618480345,12.82511758458179,12.850880686795332,16.949263345835515,0.16961229053720928,4.267994949577393,0.0,0.0,0.020706966101444735,0.025763102213542055
170,12.695981752789569,128,2752,2,6,1,3,14.719343221129304,2112,0.1940337777777778,14.913376998907081,14.913376998907081,14.93166588779597,14.945689819850971,14.971922404486387,18.322619527889792,2.2759406516968177,5.626637775100223,2.0233614683397345,0.0,0.014023932055000188,0.02623258463541589
171,12.847146423853308,96,4224,99,5,0,,12.847146423853308,256,1.1228942222222222,13.97004064607553,13.97004064607553,13.996507312742196,14.00945702143075,14.03530409174325,16.488920393361557,1.188157667889941,3.6417739695082485,0.0,0.0,0.01294970868855394,0.025847070312499554
172,12.853075536409905,160,2816,2,6,0,6,14.913376998907081,2624,0.06978133333333333,14.983158332240414,14.983158332240414,15.001802776684858,15.024389038600969,15.050643223868827,19.234570211483543,2.197567687458921,6.381494675073638,2.0603014624971756,0.0,0.022586261916110573,0.02625418526785772
173,12.863251054282784,160,1664,0,1,0,1,12.863251054282784,1536,0.04854755555555555,12.91179860983834,12.91179860983834,12.924043054282786,12.940796660585452,12.966742461366701,17.09521477485102,0.1034914070839168,4.231963720568235,0.0,0.0,0.016753606302666313,0.025945800781249417
174,12.955747956222636,64,640,56,4,0,,12.955747956222636,256,0.11658666666666667,13.072334622889302,13.072334622889302,13.078890178444858,13.099556466497228,13.125454122747229,14.745528640278849,0.16970616652459292,1.789780684056213,0.0,0.0,0.020666288052369808,0.025897656250000622
175,13.093351782429957,64,4352,35,6,1,2,14.983158332240414,256,1.1588337777777777,16.141992110018194,16.141992110018194,16.16916988779597,16.18248628794993,16.208974638954395,17.878827901913233,3.1156228565244373,4.785476119483276,1.8898065498104568,0.0,0.013316400153961183,0.02648835100446334
176,13.113761071023228,128,1664,0,4,1,1,13.113761071023228,1152,0.15521422222222223,13.26897529324545,13.26897529324545,13.281219737689895,13.306699313176916,13.332541403020665,16.61344454429671,0.2187803319974364,3.49968347327348,0.0,0.0,0.02547957548702051,0.02584208984374925
177,13.194462447666108,128,2304,30,6,1,0,16.141992110018194,256,0.5838008888888889,16.72579299890708,16.72579299890708,16.74159299890708,16.76764157998863,16.79434226358238,20.11628529937417,3.599879815916271,6.921822851708061,2.9475296623520855,0.0,0.02604858108155028,0.026700683593748664
178,13.31570491332909,96,2304,94,4,0,4,13.31570491332909,2048,0.0860231111111111,13.401728024440201,13.401728024440201,13.417528024440202,13.435914645208163,13.46180592124983,15.909472278671705,0.14610100792073943,2.5937673653426145,0.0,0.0,0.01838662076796105,0.02589127604166741
179,13.40039585040264,64,1152,37,6,0,,16.72579299890708,256,0.2603448888888889,16.98613788779597,16.98613788779597,16.99553788779597,17.00796531045738,17.034507163135952,18.686269755754374,3.634111312733312,5.285873905351734,3.3253971485044413,0.0,0.012427422661410503,0.026541852678573008
180,13.690613863573063,64,1984,1,6,0,6,16.98613788779597,1792,0.06728533333333334,17.053423221129304,17.053423221129304,17.067445443351527,17.087592333336843,17.114063829918873,18.764438212785624,3.4234499663458102,5.073824349212561,3.2955240242229067,0.0,0.020146889985316108,0.02647149658202963
181,13.728824046913012,128,704,12,4,1,7,13.728824046913012,256,0.13455644444444445,13.863380491357455,13.863380491357455,13.870291602468567,13.873424996770662,13.899026803411287,17.1906463753514,0.17020275649827532,3.4618223284383873,0.0,0.0,0.0031333943020950272,0.025601806640624503
182,13.731207716715344,128,1408,5,1,1,3,13.731207716715344,1088,0.10111288888888889,13.832320605604233,13.832320605604233,13.843142827826455,13.850124053163576,13.876094686534111,17.173367746391197,0.14488696981876714,3.4421600296758523,0.0,0.0,0.006981225337121089,0.025970633370535623
183,13.759559417310834,96,2240,98,4,1,3,13.863380491357455,256,0.5658311111111111,14.429211602468566,14.429211602468566,14.44465604691301,14.462390084661285,14.488117705103994,16.953739759140458,0.7285582877931596,3.1941803418296235,0.10382107404662122,0.0,0.017734037748274645,0.0257276204427086
184,13.807010760337674,64,1664,0,6,1,4,17.053423221129304,960,0.20854755555555557,17.26197077668486,17.26197077668486,17.274215221129303,17.29937797786809,17.325779724829896,18.973023173723124,3.5187689644922227,5.166012413385451,3.24641246079163,0.0,0.025162756738787095,0.026401746961806083
185,13.809792244486683,96,2304,34,1,0,1,13.832320605604233,2112,0.06824533333333334,13.900565938937566,13.900565938937566,13.916365938937567,13.928037418118933,13.954028629056433,16.418592704538515,0.14423638456974963,2.6088004600518317,0.022528361117549522,0.0,0.011671479181366351,0.025991210937499787
186,13.840652686589802,160,640,124,1,0,,13.900565938937566,256,0.11658666666666667,14.017152605604233,14.017152605604233,14.023708161159789,14.032005191556433,14.057922726278655,18.194770659802657,0.21727003968885228,4.354117973212855,0.0599132523477639,0.0,0.00829703039664409,0.025917534722221802
187,14.013525614064259,96,1664,0,4,1,6,14.429211602468566,1536,0.04854755555555555,14.477759158024122,14.477759158024122,14.490003602468567,14.513845813827952,14.539586396975274,17.00629278648421,0.5260607829110153,2.992767172419951,0.4156859884043076,0.0,0.023842211359385246,0.025740583147321416
188,14.096542578644403,96,4096,9,1,0,2,14.096542578644403,0,1.1580657777777779,15.254608356422182,15.254608356422182,15.280363911977737,15.299053559689494,15.325040050574911,17.801603830375573,1.228497471930508,3.70506125173117,0.0,0.0,0.018689647711756407,0.025986490885417268
189,14.134027227025054,96,1664,0,6,1,4,17.26197077668486,1536,0.04854755555555555,17.310518332240413,17.310518332240413,17.322762776684858,17.325779724829896,17.352122986548647,19.83185951812417,3.2180957595235924,5.697832291099115,3.127943549659804,0.0,0.0030169481450386115,0.026343261718750455
190,14.31126515453509,128,2240,42,1,1,6,15.254608356422182,256,0.5658311111111111,15.820439467533292,15.820439467533292,15.835883911977737,15.844872407345745,15.870883010024317,19.201465956026617,1.5596178554892273,4.8902008014915275,0.9433432018870924,0.0,0.008988495368008387,0.02601060267857136
191,14.314999447323604,64,4352,15,4,1,5,14.477759158024122,256,1.1588337777777777,15.6365929358019,15.6365929358019,15.663770713579678,15.67506281996635,15.701077328894922,17.34815040367171,1.3860778815713175,3.0331509563481056,0.1627597107005183,0.0,0.011292106386671108,0.026014508928572155
192,14.34467348525531,160,2048,1,5,1,6,14.34467348525531,256,0.5119217777777778,14.856595263033087,14.856595263033087,14.870973040810865,14.888531337837001,14.914516884712002,19.019797125597417,0.5698433994566923,4.6751236403421075,0.0,0.0,0.017558297026136316,0.025985546875000765
193,14.38065705109308,128,4672,3,1,1,3,15.820439467533292,4160,0.16423822222222223,15.984677689755515,15.984677689755515,16.01363324531107,16.026956880001997,16.053129304318404,19.38595338278443,1.6724722532253242,5.0052963316913495,1.439782416440213,0.0,0.013323634690927122,0.02617242431640676
194,14.520816626995094,64,768,76,5,1,1,14.856595263033087,256,0.15252622222222223,15.00912148525531,15.00912148525531,15.016388151921976,15.018463955024501,15.04434977859221,16.667921467580307,0.5235331515971158,2.1471048405852127,0.3357786360379933,0.0,0.0020758031025245316,0.025885823567708854
195,14.533422462759512,160,704,140,1,1,6,15.984677689755515,256,0.13455644444444445,16.11923413419996,16.11923413419996,16.126145245311072,16.131692205406573,16.15780011556282,20.327508395805264,1.6243776528033091,5.794085933045752,1.4512552269960022,0.0,0.005546960095500708,0.026107910156248693
196,14.794384947301696,64,1664,0,2,1,6,14.794384947301696,1536,0.04854755555555555,14.842932502857252,14.842932502857252,14.855176947301697,14.869832526859437,14.89608920003652,16.527552416182353,0.10170425273482486,1.7331674688806569,0.0,0.0,0.014655579557739884,0.02625667317708391
197,14.830136548803516,64,832,8,1,1,2,16.11923413419996,256,0.170496,16.28973013419996,16.28973013419996,16.29735235642218,16.31445783040657,16.340490816517683,17.984546050427653,1.5103542677141668,3.154409501624137,1.2890975853964441,0.0,0.01710547398439033,0.02603298611111171
198,14.885669151191543,160,256,3,5,0,1,15.00912148525531,0,0.07987911111111111,15.089000596366422,15.089000596366422,15.093422818588644,15.096122890571378,15.121901280638342,19.227275641222416,0.23623212944679928,4.341606490030873,0.12345233406376721,0.0,0.0027000719827334763,0.025778390066964363
199,14.970188901328322,160,4416,23,4,1,7,15.6365929358019,256,1.1768035555555554,16.813396491357455,16.813396491357455,16.84092982469079,16.848642054062335,16.874981702499834,21.027077413762854,1.9047928011715118,6.056888512434531,0.6664040344735778,0.0,0.007712229371545476,0.026339648437499363
200,15.015056548066148,64,4416,15,1,1,4,16.28973013419996,256,1.1768035555555554,17.466533689755515,17.466533689755515,17.49406702308885,17.51273566631307,17.53899396709432,19.201465956026617,2.5239374190281723,4.186409407960468,1.2746735861338117,0.0,0.01866864322422046,0.02625830078125091
201,15.173667407891582,128,1664,0,2,0,2,15.173667407891582,1536,0.04854755555555555,15.222214963447138,15.222214963447138,15.234459407891583,15.236158373213604,15.261974291182353,18.54480489014068,0.08830688329077141,3.3711374822490967,0.0,0.0,0.0016989653220207401,0.025815917968749602
202,15.307936479096671,160,2112,1,7,1,5,15.307936479096671,256,0.5298915555555556,15.837828034652228,15.837828034652228,15.852561367985562,15.877517095269297,15.903131353081797,20.05499034791997,0.5951948739851254,4.747053868823297,0.0,0.0,0.02495572728373574,0.025614257812499375
203,15.324883510724225,160,4096,114,1,0,,17.466533689755515,0,1.1580657777777779,18.624599467533294,18.624599467533294,18.65035502308885,18.671893706677658,18.69850288636516,22.953178073539636,3.373619375640933,7.628294562815411,2.1416501790312896,0.0,0.021538683588808283,0.026609179687500983
204,15.41281996190494,128,4096,16,2,0,5,15.41281996190494,0,1.1580657777777779,16.57088573968272,16.57088573968272,16.596641295238275,16.6050646232136,16.631483812666726,19.92191607294388,1.2186638507617857,4.509096111038939,0.0,0.0,0.008423327975325634,0.026419189453125824
205,15.468445698319588,96,1664,0,4,1,2,16.813396491357455,1536,0.04854755555555555,16.86194404691301,16.86194404691301,16.874188491357454,16.874981702499834,16.901233899765458,19.380097750676917,1.4327882014458702,3.9116520523573293,1.3449507930378672,0.0,0.000793211142379846,0.026252197265623778
206,15.48474368565541,160,1088,4,2,0,2,16.57088573968272,896,0.06459733333333334,16.63548307301605,16.63548307301605,16.644527517460496,16.6579034904011,16.684027351078182,20.799528431884852,1.1992836654227723,5.314784746229442,1.0861420540273095,0.0,0.013375972940604441,0.026123860677081723
207,15.521059253826957,128,2880,2,7,1,6,15.837828034652228,2176,0.21219555555555558,16.050023590207783,16.050023590207783,16.06902359020778,16.082444829644295,16.108325689019296,19.420098125542737,0.5872664351923387,3.8990388717157796,0.3167687808252708,0.0,0.013421239436514298,0.025880859375000398
208,15.584287411982027,64,1344,13,1,1,7,18.624599467533294,1024,0.10092088888888888,18.725520356422184,18.725520356422184,18.73598702308885,18.75172271058391,18.77817428935995,20.433935153617764,3.1938868773779223,4.849647741635737,3.040312055551267,0.0,0.01573568749505938,0.026451578776040208
209,15.649395709613692,96,1152,49,4,0,,16.86194404691301,256,0.2603448888888889,17.122288935801897,17.122288935801897,17.131688935801897,17.138206238632648,17.164426062851398,19.64076331871077,1.5150303532377052,3.991367609097079,1.2125483372993173,0.0,0.006517302830751248,0.026219824218749466
210,15.711850660682709,160,640,116,2,0,,16.63548307301605,256,0.11658666666666667,16.752069739682717,16.752069739682717,16.75862529523827,16.76240186279693,16.788324348148493,20.90304329733624,1.0764736874657839,5.191192636653531,0.9236324123333421,0.0,0.003776567558659849,0.025922485351561164
211,15.834012666002009,96,512,34,7,0,1,16.050023590207783,0,0.15175822222222224,16.201781812430006,16.201781812430006,16.207626256874452,16.212193853081793,16.238092616102627,18.705383916558358,0.40407995010061803,2.871371250556349,0.21601092420577395,0.0,0.00456759620734104,0.025898763020833826
212,15.903900007033613,160,512,43,2,0,4,16.752069739682717,0,0.15175822222222224,16.90382796190494,16.90382796190494,16.909672406349387,16.917944099125055,16.943734431156305,21.058697228000298,1.0398344241226916,5.154797220966685,0.8481697326491044,0.0,0.008271692775668527,0.025790332031249363
213,15.942040736108687,128,4288,7,1,1,0,18.725520356422184,256,1.140864,19.866384356422184,19.866384356422184,19.893206578644406,19.90661581768026,19.9329179417037,23.353796115531818,3.9908772055950124,7.411755379423131,2.7834796203134964,0.0,0.013409239035855336,0.02630212402343801
214,15.966322071016817,64,768,12,4,0,4,17.122288935801897,576,0.06363733333333334,17.18592626913523,17.18592626913523,17.193192935801896,17.217070813827963,17.24328575523421,18.881963147812336,1.2769636842173941,2.9156410767955183,1.1559668647850803,0.0,0.023877878026066668,0.02621494140624847
215,16.049653294770778,64,1472,9,2,0,2,16.90382796190494,1216,0.08352711111111111,16.98735507301605,16.98735507301605,16.99853285079383,17.021108356937557,17.046888386234432,18.674663986122823,0.9972350914636543,2.6250106913520455,0.8541746671341635,0.0,0.02257550614372761,0.025780029296875284
216,16.061110981656995,160,1152,4,7,1,2,16.201781812430006,256,0.2603448888888889,16.462126701318894,16.462126701318894,16.471526701318894,16.49710710177971,16.52292582736565,20.689726676044973,0.4618148457086555,4.628615694387978,0.14067083077301135,0.0,0.025580400460817998,0.025818725585939006
217,16.34004717900375,160,4416,11,5,1,0,16.34004717900375,256,1.1768035555555554,17.516850734559306,17.516850734559306,17.54438406789264,17.563788736460513,17.589915038543847,21.726573523011854,1.249867859540096,5.386526344008104,0.0,0.0,0.019404668567872818,0.026126302083333997
218,16.350913900475984,128,4800,3,2,1,1,16.98735507301605,256,1.284622222222222,18.271977295238273,18.271977295238273,18.30164396190494,18.310707966312556,18.33673231062059,21.63358506282173,1.9858184101446064,5.282671162345746,0.6364411725400672,0.0,0.009064004407616011,0.02602434430803413
219,16.365132148829836,160,4864,3,7,1,2,16.462126701318894,256,1.302592,17.764718701318895,17.764718701318895,17.794740923541116,17.814484665256273,17.840634567600024,22.04870401979497,1.475502418770187,5.683571870965135,0.09699455248905764,0.0,0.019743741715156915,0.026149902343750142
220,16.688547430837723,160,960,16,2,1,5,18.271977295238273,256,0.20643555555555557,18.478412850793827,18.478412850793827,18.48674618412716,18.492888630375052,18.51884651611724,22.641379797522255,1.830299085279517,5.952832366684532,1.58342986440055,0.0,0.006142446247892508,0.02595788574218716
221,16.79246229977556,128,2944,2,7,0,7,17.764718701318895,2752,0.07016533333333333,17.834884034652227,17.834884034652227,17.854239590207783,17.866784958225022,17.892983607313564,21.246066812763722,1.1005213075380027,4.453604512988161,0.9722564015433335,0.0,0.012545368017239156,0.02619864908854197
222,16.822019899393176,160,2304,14,2,1,1,18.478412850793827,256,0.5838008888888889,19.062213739682715,19.062213739682715,19.078013739682714,19.090890548622824,19.116924100520144,23.232028235022252,2.2949042011269682,6.410008335629076,1.656392951400651,0.0,0.012876808940109896,0.026033551897320706
223,16.82274340239674,160,1472,5,0,1,1,16.82274340239674,256,0.35019377777777777,17.172937180174518,17.172937180174518,17.184114957952296,17.184114957952296,17.209833707952296,21.307414957371016,0.38709030555555657,4.484671554974277,0.0,0.0,0.0,0.025718749999999346
224,16.832904033813698,160,1280,29,2,1,5,19.062213739682715,256,0.29628444444444446,19.35849818412716,19.35849818412716,19.368609295238272,19.377286474962112,19.403273657579298,23.51419652929308,2.5703696237656004,6.681292495479383,2.229309705869017,0.0,0.008677179723839856,0.025987182617186022
225,16.837141759282513,128,896,8,0,1,1,17.172937180174518,256,0.1884657777777778,17.361402957952297,17.361402957952297,17.369380735730076,17.389878629827297,17.415458707952297,20.684856392104088,0.5783169486697837,3.8477146328215746,0.33579542089200487,0.0,0.020497894097221803,0.025580078124999517
226,16.907407538710427,64,4352,7,7,1,1,17.834884034652227,256,1.1588337777777777,18.993717812430006,18.993717812430006,19.020895590207783,19.02218918999586,19.0487130343969,20.716342691669972,2.141305495686474,3.8089351529595454,0.9274764959418,0.0,0.0012935997880774153,0.02652384440104072
227,16.976690532726895,96,1216,33,5,1,3,17.516850734559306,256,0.27831466666666665,17.795165401225972,17.795165401225972,17.80492095678153,17.8250737299501,17.85107055612197,20.31920022037049,0.8743800233950765,3.342509687643595,0.5401602018324105,0.0,0.020152773168568672,0.025996826171873266
228,17.018674060880205,96,2240,54,0,1,2,17.361402957952297,256,0.5658311111111111,17.92723406906341,17.92723406906341,17.942678513507854,17.952753141546047,17.978511605087714,20.425763781427005,0.9598375442075096,3.4070897205468,0.3427288970720923,0.0,0.010074628038193367,0.025758463541666998
229,17.0940583778476,128,2368,30,7,1,6,18.993717812430006,256,0.6017706666666667,19.595488479096673,19.595488479096673,19.61164403465223,19.63246101616774,19.65894335666253,23.020946858336632,2.5648849788149306,5.926888480489033,1.8996594345824072,0.0,0.020816981515508814,0.026482340494791146
230,17.119932653079438,64,640,148,2,0,,19.35849818412716,256,0.11658666666666667,19.475084850793827,19.475084850793827,19.48164040634938,19.507227270860547,19.53314165888138,21.16282822688423,2.413209005801942,4.042895573804792,2.2385655310477226,0.0,0.02558686451116543,0.025914388020833456
231,17.177733343599375,96,2048,5,2,0,0,19.475084850793827,0,0.5830328888888889,20.058117739682714,20.058117739682714,20.072495517460492,20.076601375678255,20.1024081248102,22.564464880530068,2.9246747812108254,5.386731536930693,2.2973515071944526,0.0,0.004105858217762659,0.02580674913194514
232,17.247105162713204,96,1664,0,5,1,4,17.795165401225972,1536,0.04854755555555555,17.843712956781527,17.843712956781527,17.85595740122597,17.877067870575097,17.903028612762597,20.371400485437455,0.6559234500493929,3.124295322724251,0.5480602385127682,0.0,0.021110469349125083,0.02596074218750033
233,17.40259230747238,64,2304,6,2,1,3,20.058117739682714,256,0.5838008888888889,20.641918628571602,20.641918628571602,20.6577186285716,20.670280140869227,20.696128822509852,22.333010193030066,3.2935365150374736,4.930417885557688,2.655525432210336,0.0,0.012561512297626365,0.025848681640624704
234,17.417223451224032,128,640,100,0,0,,17.92723406906341,256,0.11658666666666667,18.043820735730076,18.043820735730076,18.05037629128563,18.055789925400212,18.08143836290021,21.359201125060746,0.6642149116761793,3.941977673836714,0.5100106178393773,0.0,0.0054136341145820666,0.025648437499999233
235,17.50099172542954,64,1600,5,0,0,0,18.043820735730076,1344,0.0839111111111111,18.127731846841186,18.127731846841186,18.139620735730077,18.158386605087713,18.184063167587713,19.803658312677,0.6830714421581732,2.3026665872474616,0.5428290103005367,0.0,0.01876586935763669,0.025676562499999278
236,17.51543183990258,128,2368,14,5,1,2,17.843712956781527,256,0.6017706666666667,18.445483623448194,18.445483623448194,18.46163917900375,18.474288476043846,18.50029116159072,21.804154577699357,0.9848593216881412,4.288722737796778,0.3282811168789479,0.0,0.01264929704009532,0.02600268554687446
237,17.77219561218006,128,1216,49,0,1,4,18.127731846841186,256,0.27831466666666665,18.406046513507853,18.406046513507853,18.41580206906341,18.440855648056466,18.46652288438459,21.747814694047907,0.6943272722045322,3.9756190818678476,0.3555362346611268,0.0,0.025053578993055936,0.025667236328125398
238,17.796931250774403,64,1216,81,5,1,6,18.445483623448194,256,0.27831466666666665,18.72379829011486,18.72379829011486,18.733553845670418,18.734337304168847,18.76028575561974,20.397541598718703,0.9633545048453378,2.6006103479443006,0.648552372673791,0.0,0.0007834584984287574,0.025948451450894083
239,17.84692183666774,160,2176,38,5,0,,18.72379829011486,256,0.5478613333333333,19.271659623448194,19.271659623448194,19.286748512337084,19.305528473253666,19.33160993484221,23.449541980043108,1.4846880981744697,5.602620143375368,0.876876453447121,0.0,0.018779960916582183,0.026081461588542965
240,17.99359971893064,160,4224,119,0,0,,18.406046513507853,256,1.1228942222222222,19.528940735730075,19.528940735730075,19.555407402396742,19.570675960556464,19.596560935444856,23.714855000696282,1.6029612165142169,5.721255281765643,0.4124467945772139,0.0,0.015268558159721834,0.02588497488839181
241,18.089875419706154,96,2240,74,0,1,4,19.528940735730075,256,0.5658311111111111,20.094771846841187,20.094771846841187,20.11021629128563,20.1145167111145,20.140451281427,22.601755279714137,2.050575861720848,4.5118798600079835,1.439065316023921,0.0,0.004300419828869195,0.025934570312500682
242,18.1574020015489,128,512,0,5,0,5,19.271659623448194,0,0.15175822222222224,19.423417845670418,19.423417845670418,19.429262290114863,19.43594066400888,19.461905438004415,22.75286131598061,1.3045034364555157,4.595459314431711,1.114257621899295,0.0,0.006678373894015266,0.025964773995536206
243,18.168041745624393,64,3008,2,5,1,7,19.423417845670418,256,0.7814684444444445,20.204886290114864,20.204886290114864,20.224597401225974,20.24107570865174,20.26711672427674,21.90731688238686,2.0990749786523466,3.7392751367624655,1.2553761000460248,0.0,0.01647830742576417,0.02604101562500105
244,18.224772351762745,64,2048,2,0,0,5,20.094771846841187,0,0.5830328888888889,20.677804735730078,20.677804735730078,20.692182513507856,20.71085072804159,20.736846414890547,22.368940155202417,2.512074063127802,4.144167803439672,1.8699994950784422,0.0,0.018668214533732908,0.025995686848958144
245,18.27038787363314,96,832,12,5,1,4,20.204886290114864,256,0.170496,20.375382290114864,20.375382290114864,20.383004512337084,20.397541598718703,20.42364674194787,22.881551094626445,2.1532588683147296,4.611163220993305,1.9344984164817234,0.0,0.014537086381618991,0.026105143229166572
246,18.286678895777253,64,1152,61,0,0,,20.677804735730078,256,0.2603448888888889,20.938149624618966,20.938149624618966,20.947549624618965,20.97082956918742,20.99676755746867,22.62758752022753,2.7100886616914153,4.340908624450275,2.3911258399528244,0.0,0.02327994456845417,0.025937988281249602
247,18.291593077852564,64,1664,0,3,1,5,18.291593077852564,1536,0.04854755555555555,18.34014063340812,18.34014063340812,18.352385077852563,18.360544904123337,18.386727846831672,20.03469195815979,0.09513476897910778,1.743098880307226,0.0,0.0,0.008159826270773607,0.026182942708334878
248,18.496720356577804,64,1664,0,7,1,3,19.595488479096673,1408,0.0841031111111111,19.679591590207785,19.679591590207785,19.69183603465223,19.711909502495864,19.738297407071755,21.40500480104497,1.2415770504939516,2.908284444467167,1.0987681225188695,0.0,0.020073467843634063,0.02638790457589124
249,18.522718592748078,160,960,8,0,0,0,20.938149624618966,768,0.06421333333333333,21.0023629579523,21.0023629579523,21.010696291285633,21.02270603403117,21.048586222019452,25.14985833728483,2.5258676292713744,6.627139744536752,2.415431031870888,0.0,0.012009742745537011,0.025880187988281733
250,18.542153774576096,160,2240,158,3,1,4,18.542153774576096,256,0.5658311111111111,19.10798488568721,19.10798488568721,19.123429330131653,19.146245587717086,19.17241721857646,23.331547345529582,0.6302634440003629,4.789393570953486,0.0,0.0,0.02281625758543271,0.02617163085937335
251,18.617375305431082,96,2368,6,3,1,2,19.10798488568721,2112,0.0862151111111111,19.19419999679832,19.19419999679832,19.210355552353878,19.224761945138958,19.25093167170146,21.738817446441036,0.6335563662703763,3.121442141009954,0.4906095802561268,0.0,0.014406392785080158,0.026169726562500273
252,18.70349012103665,64,1664,0,0,1,7,21.0023629579523,576,0.31521422222222223,21.317577180174524,21.317577180174524,21.32982162461897,21.333313185607622,21.359201125060746,22.989847774133782,2.655711004024095,4.286357653097131,2.298872836915649,0.0,0.0034915609886532195,0.025887939453124176
253,18.760780193088472,160,1664,5,3,1,0,19.19419999679832,1216,0.13743644444444444,19.331636441242765,19.331636441242765,19.34388088568721,19.355615460763957,19.381727684071247,23.539099428862915,0.6209474909827755,4.778319235774443,0.43341980370984956,0.0,0.011734575076747689,0.02611222330729035
254,18.797482374948963,160,1664,0,0,0,0,21.317577180174524,1536,0.04854755555555555,21.36612473573008,21.36612473573008,21.378369180174523,21.38516289961432,21.411106442094788,25.516978942753582,2.6136240671458246,6.719496567804619,2.520094805225561,0.0,0.0067937194397948986,0.02594354248046926
255,18.80690512647681,64,4224,27,3,0,,19.331636441242765,256,1.1228942222222222,20.454530663464986,20.454530663464986,20.480997330131654,20.503794741362917,20.529980581206665,22.18581451675354,1.7230754547298552,3.3789093902767284,0.5247313147659547,0.0,0.022797411231263,0.026185839843748226
256,18.8178926367368,128,704,44,0,1,7,21.36612473573008,256,0.13455644444444445,21.500681180174524,21.500681180174524,21.507592291285636,21.514885494829162,21.540764563839577,24.815603454472328,2.7228719271027764,5.997710817735527,2.548232098993278,0.0,0.007293203543525806,0.025879069010414923
257,18.839876494787536,160,1216,37,5,1,6,20.375382290114864,256,0.27831466666666665,20.65369695678153,20.65369695678153,20.663452512337088,20.684725029708282,20.710761720556498,24.810531368063945,1.870885225768962,5.970654873276409,1.5355057953273281,0.0,0.02127251737119451,0.02603669084821547
258,18.90810312056946,96,2176,106,3,0,,20.454530663464986,256,0.5478613333333333,21.00239199679832,21.00239199679832,21.01748088568721,21.02964029800354,21.05589977065979,23.539099428862915,2.147796650090328,4.630996308293454,1.5464275428955254,0.0,0.01215941231632911,0.026259472656249727
259,18.995822441663556,96,1152,93,0,0,,21.500681180174524,256,0.2603448888888889,21.761026069063412,21.761026069063412,21.77042606906341,21.77372655928228,21.79960004018506,24.25234938546191,2.8037775985215028,5.256526943798352,2.5048587385109684,0.0,0.0033004902188693563,0.025873480902777857
260,19.211830240506526,128,4096,7,3,0,7,21.00239199679832,0,1.1580657777777779,22.1604577745761,22.1604577745761,22.186213330131654,22.211847719878538,22.238122988433226,25.556891209461877,3.0262927479267,6.345060968955352,1.790561756291794,0.0,0.025634389746883812,0.02627526855468787
261,19.261934694121244,128,1280,21,3,1,6,22.1604577745761,1024,0.0829511111111111,22.24340888568721,22.24340888568721,22.25351999679832,22.264398745269162,22.29054474136291,25.609627781727504,3.028610047241667,6.34769308760626,2.8985230804548543,0.0,0.010878748470840804,0.026145996093749346
262,19.313547001505725,128,896,12,4,1,5,19.313547001505725,640,0.0817991111111111,19.395346112616835,19.395346112616835,19.403323890394613,19.40650180341129,19.43258399742171,22.76175857773235,0.11903699591598382,3.448211576226626,0.0,0.0,0.0031779130166782465,0.026082194010417226
263,19.385386794069184,160,1664,0,6,1,0,19.385386794069184,1536,0.04854755555555555,19.43393434962474,19.43393434962474,19.446178794069183,19.468673482967922,19.494620260311674,23.6104841974474,0.10923346624248964,4.225097403378214,0.0,0.0,0.022494688898738957,0.025946777343751393
264,19.39416204800248,64,1408,13,4,1,1,19.395346112616835,1088,0.10111288888888889,19.496459001505723,19.496459001505723,19.507281223727947,19.510833509140458,19.53681849449202,21.185147237981603,0.14265644648953923,1.7909851899791214,0.0011840646143532751,0.0,0.003552285412510514,0.02598498535156324
265,19.487470478887285,128,1216,4,3,1,7,22.24340888568721,256,0.27831466666666665,22.521723552353876,22.521723552353876,22.531479107909433,22.552031557769162,22.578089988758745,25.902212742665004,3.090619509871459,6.414742263777718,2.755938406799924,0.0,0.020552449859728483,0.026058430989582604
266,19.552129286309416,160,1024,8,6,1,0,19.552129286309416,256,0.22440533333333335,19.77653461964275,19.77653461964275,19.785223508531637,19.80601967437417,19.83185951812417,23.949511297056777,0.279730231814753,4.397382010747361,0.0,0.0,0.0207961658425333,0.025839843749999147
267,19.655236592017452,96,768,140,3,1,1,22.521723552353876,256,0.15252622222222223,22.674249774576097,22.674249774576097,22.681516441242763,22.68232859552958,22.70829148615458,25.18584540868063,3.0530548941371265,5.530608816663179,2.866486960336424,0.0,0.0008121542868160248,0.025962890624999346
268,19.673578962007067,64,4096,0,4,0,6,19.673578962007067,0,1.1580657777777779,20.831644739784846,20.831644739784846,20.8574002953404,20.868623019231602,20.894975314153477,22.55444045087223,1.2213963521464102,2.8808614888651647,0.0,0.0,0.01122272389120127,0.02635229492187463
269,19.817178158298095,128,4288,99,3,1,5,22.674249774576097,256,1.140864,23.815113774576098,23.815113774576098,23.84193599679832,23.85016339370667,23.87632228042542,27.255574192860315,4.059144122127325,7.438396034562221,2.8570716162780023,0.0,0.008227396908349505,0.02615888671875055
270,19.857339812772544,64,4480,15,4,1,1,20.831644739784846,4224,0.09255111111111111,20.924195850895956,20.924195850895956,20.952084739784844,20.974035128606605,21.000556027044105,22.658462911809732,1.1432162142715612,2.801123099037188,0.9743049270123016,0.0,0.021950388821760924,0.02652089843750005
271,19.878348349696545,128,2176,1,6,1,7,19.878348349696545,1856,0.10341688888888889,19.98176523858543,19.98176523858543,19.99685412747432,20.01270766265542,20.038601339413233,23.32254444205305,0.1602529897166889,3.4441960923565063,0.0,0.0,0.015853535181097556,0.025893676757814177
272,19.942796952430008,128,1728,5,6,1,3,19.98176523858543,1152,0.173184,20.15494923858543,20.15494923858543,20.16754923858543,20.16788246734292,20.19369289214761,23.479466479813468,0.2508959397176014,3.5366695273834594,0.03896828615542347,0.0,0.0003332287574906445,0.02581042480468909
273,19.958026800730238,64,1280,4,4,1,3,20.924195850895956,256,0.29628444444444446,21.2204802953404,21.2204802953404,21.230591406451513,21.23825970542952,21.264583680038896,22.917170198826103,1.3065568793086584,2.959143398095865,0.9661690501657176,0.0,0.007668298978007471,0.026323974609375966
274,20.11127503954428,96,3136,2,4,1,5,21.2204802953404,256,0.817408,22.0378882953404,22.0378882953404,22.058310517562624,22.080869080429522,22.10724701011702,24.57613335974965,1.9959719705727395,4.464858320205369,1.1092052557961196,0.0,0.022558562866898058,0.026377929687498636
275,20.33601774145751,64,640,80,6,0,,20.33601774145751,256,0.11658666666666667,20.452604408124177,20.452604408124177,20.45915996367973,20.477639791561668,20.503355318905417,22.125232634753637,0.16733757744790623,1.7892148932961263,0.0,0.0,0.018479827881936473,0.025715527343749045
276,20.35305880020247,128,4096,5,3,0,6,23.815113774576098,0,1.1580657777777779,24.973179552353876,24.973179552353876,24.998935107909432,25.00161632339417,25.02793329930563,28.44552429051656,4.674874499103161,8.09246549031409,3.462054974373629,0.0,0.0026812154847384306,0.02631697591145965
277,20.403992844985606,128,1344,29,4,1,2,22.0378882953404,256,0.3142542222222222,22.352142517562623,22.352142517562623,22.36260918422929,22.371053162460772,22.397315288111812,25.684367176713934,1.9933224431262069,5.2803743317283285,1.633895450354796,0.0,0.008443978231483129,0.02626212565104069
278,20.461810144463804,64,2432,14,6,1,5,20.461810144463804,256,0.6197404444444444,21.08155058890825,21.08155058890825,21.09806170001936,21.12067445953042,21.146478821509586,22.77503922790685,0.6846686770457815,2.3132290834430442,0.0,0.0,0.02261275951105901,0.02580436197916569
279,20.496652953266874,64,1664,0,4,1,6,22.352142517562623,1536,0.04854755555555555,22.400690073118177,22.400690073118177,22.412934517562622,22.423577902044105,22.449776632512854,24.084818364089926,1.95312367924598,3.588165410823052,1.8554895642957483,0.0,0.010643384481483054,0.02619873046874943
280,20.509981007955652,64,256,46,6,0,,21.08155058890825,0,0.07987911111111111,21.16142970001936,21.16142970001936,21.165851922241583,21.172283671770003,21.19799181909143,22.82696464294591,0.6880108111357792,2.316983634990258,0.5715695809525982,0.0,0.006431749528420738,0.025708147321427788
281,20.62848683316848,64,1344,4,4,0,4,22.400690073118177,1152,0.06536533333333333,22.46605540645151,22.46605540645151,22.476522073118176,22.502175558294105,22.528307760442544,24.16236675818715,1.8998209272740638,3.5338799250186703,1.7722032399496968,0.0,0.025653485175929802,0.02613220214843892
282,20.720863215011434,128,4096,0,3,0,4,24.973179552353876,0,1.1580657777777779,26.131245330131655,26.131245330131655,26.15700088568721,26.17297690282125,26.200029637196252,29.59805197063809,5.479166422184818,8.877188755626655,4.252316337342442,0.0,0.015976017134040177,0.02705273437500111
283,20.731934185015074,128,2432,34,6,1,1,21.16142970001936,256,0.6197404444444444,21.781170144463808,21.781170144463808,21.79768125557492,21.81513383918072,21.840912586739314,25.153696742787815,1.1089784017242401,4.421762557772741,0.4294955150042874,0.0,0.017452583605802374,0.02577874755859355
284,20.737046537189528,160,2176,1,4,1,6,22.46605540645151,1408,0.22786133333333336,22.693916739784843,22.693916739784843,22.709005628673733,22.710073100611815,22.735915595031457,26.847321734005604,1.9988690578419295,6.110275196816076,1.7290088692619818,0.0,0.0010674719380823205,0.025842494419642037
285,20.910155733588667,64,4928,3,6,1,7,21.781170144463808,4288,0.20056177777777778,21.981731922241586,21.981731922241586,22.012109700019362,22.02137749152447,22.047340544909886,23.689257879088025,1.1371848113212195,2.7791021454993583,0.8710144108751408,0.0,0.00926779150510626,0.025963053385417822
286,20.950439156353934,128,2432,6,4,1,3,22.693916739784843,256,0.6197404444444444,23.31365718422929,23.31365718422929,23.3301682953404,23.332478792576104,23.35847749049277,26.6411850152556,2.408038334138837,5.690745858901668,1.7434775834309093,0.0,0.002310497235704645,0.025998697916666202
287,20.955194587096745,160,960,12,6,1,4,21.981731922241586,256,0.20643555555555557,22.18816747779714,22.18816747779714,22.196500811130473,22.203362090320045,22.229342287802684,26.37862789513157,1.2741477007059387,5.423433308034824,1.026537335144841,0.0,0.00686127918957169,0.0259801974826388
288,21.01025674986476,64,4096,2,6,0,4,22.18816747779714,0,1.1580657777777779,23.34623325557492,23.34623325557492,23.371988811130475,23.374708667313467,23.400922534500967,25.049564255808647,2.3906657846362087,4.0393075059438885,1.1779107279323817,0.0,0.0027198561829919754,0.02621386718750074
289,21.018594040513992,96,1280,37,4,1,5,23.31365718422929,256,0.29628444444444446,23.609941628673734,23.609941628673734,23.620052739784846,23.644495394138602,23.67044572896003,26.123482704057682,2.651851688446037,5.10488866354369,2.2950631437152964,0.0,0.0244426543537557,0.02595033482142739
290,21.075752397686998,128,1664,0,6,1,4,23.34623325557492,1536,0.04854755555555555,23.394780811130474,23.394780811130474,23.40702525557492,23.427136889969717,23.453301440750966,26.772988328074277,2.3775490430639685,5.697235930387279,2.2704808578879216,0.0,0.020111634394798017,0.026164550781249574
291,21.091988612256234,128,768,20,4,1,5,23.609941628673734,256,0.15252622222222223,23.762467850895955,23.762467850895955,23.769734517562622,23.774251951058243,23.800132505257462,27.078519162391018,2.7081438930012283,5.986530550134784,2.5179530164175006,0.0,0.004517433495621503,0.025880554199218864
292,21.21715693563605,128,4224,51,6,0,,23.394780811130474,256,1.1228942222222222,24.517675033352695,24.517675033352695,24.544141700019363,24.550866399595844,24.577200286314593,27.91205717573053,3.3600433506785414,6.69490024009448,2.1776238754944224,0.0,0.006724699576480475,0.026333886718749255
293,21.260119604716493,96,1408,4,6,1,4,24.517675033352695,640,0.22555733333333336,24.74323236668603,24.74323236668603,24.754054588908254,24.761551165220848,24.78778057602814,27.274001999949277,3.527660971311647,6.013882395232784,3.257555428636202,0.0,0.007496576312593817,0.026229410807292908
294,21.37420153770419,64,1216,45,4,1,3,23.762467850895955,256,0.27831466666666665,24.040782517562622,24.040782517562622,24.05053807311818,24.058964902718397,24.084818364089926,25.710161610307683,2.710616826385735,4.335960072603491,2.388266313191764,0.0,0.0084268296002179,0.025853461371529107
295,21.426840213747465,160,1664,0,6,0,6,24.74323236668603,1536,0.04854755555555555,24.791779922241584,24.791779922241584,24.80402436668603,24.81401047511668,24.84018116429079,29.028237473582095,3.4133409505433256,7.601397259834631,3.3163921529385654,0.0,0.009986108430652507,0.026170689174108475
296,21.46162032016503,96,1408,29,4,0,4,24.040782517562622,1216,0.06555733333333334,24.106339850895957,24.106339850895957,24.11716207311818,24.136529301589928,24.16236675818715,26.615246864213933,2.700746438022122,5.153626544048905,2.5791621973975936,0.0,0.01936722847174721,0.02583745659722325
297,21.47495699874909,128,4224,91,1,0,,21.47495699874909,256,1.1228942222222222,22.59785122097131,22.59785122097131,22.62431788763798,22.628034518852136,22.65512712952922,25.986549992717457,1.1801701307801302,4.511592993968367,0.0,0.0,0.0037166312141572178,0.027092610677083684
298,21.80378480325127,96,2240,10,7,1,3,21.80378480325127,256,0.5658311111111111,22.36961591436238,22.36961591436238,22.385060358806825,22.38935099245122,22.41550138307622,24.92029882773768,0.6117165798249502,3.11651402448641,0.0,0.0,0.004290633644394859,0.026150390624998465
299,21.924270880899247,128,4224,107,6,0,,24.791779922241584,256,1.1228942222222222,25.914674144463806,25.914674144463806,25.941140811130474,25.959651332631566,25.98583370567844,29.350029465769595,4.061562824779195,7.425758584870348,2.8675090413423376,0.0,0.018510521501092114,0.02618237304687554
300,21.933443176074658,96,2176,1,1,1,4,22.59785122097131,1024,0.334528,22.93237922097131,22.93237922097131,22.9474681098602,22.953178073539636,22.979938001925053,25.464397927985317,1.0464948258503952,3.5309547519106594,0.6644080448966534,0.0,0.005709963679436214,0.026759928385416742
301,21.97821358708198,64,2176,126,6,0,,25.914674144463806,256,0.5478613333333333,26.46253547779714,26.46253547779714,26.47762436668603,26.48390621544407,26.51018396609511,28.177469773386782,4.531970379013128,6.199256186304801,3.9364605573818245,0.0,0.006281848758039388,0.02627775065104032
302,22.014609803160845,128,1344,21,1,1,3,22.93237922097131,256,0.3142542222222222,23.24663344319353,23.24663344319353,23.257100109860197,23.274329440727133,23.300817844047444,26.612944816936206,1.2862080408865992,4.598335013775362,0.9177694178104652,0.0,0.01722933086693601,0.026488403320310994
303,22.074699692939895,96,3200,2,7,1,4,22.36961591436238,2816,0.12426666666666666,22.493882581029048,22.493882581029048,22.514660358806825,22.520107828388717,22.54639721640955,25.051958983987678,0.4716975234696541,2.9772592910477833,0.2949162214224863,0.0,0.005447469581891795,0.026289388020831694
304,22.07612161686031,128,4288,27,6,1,3,26.46253547779714,256,1.140864,27.60339947779714,27.60339947779714,27.630221700019362,27.64552153119928,27.67217289838678,31.08099284467585,5.596051281526471,9.004871227815542,4.38641386093683,0.0,0.015299831179916623,0.02665136718750105
305,22.120985628294207,64,1280,81,1,1,5,23.24663344319353,256,0.29628444444444446,23.542917887637977,23.542917887637977,23.553028998749088,23.563951714490155,23.59006169984172,25.22993085209246,1.4690760715475122,3.1089452237982513,1.1256478148993239,0.0,0.01092271574106718,0.026109985351563836
306,22.189301559465004,128,256,15,2,0,4,22.189301559465004,0,0.07987911111111111,22.269180670576116,22.269180670576116,22.273602892798337,22.281434183915483,22.30722194433215,25.592770748043076,0.11792038486714418,3.4034691885780717,0.0,0.0,0.007831291117145867,0.02578776041666586
307,22.199597416945114,96,1664,0,7,1,6,22.493882581029048,1536,0.04854755555555555,22.542430136584603,22.542430136584603,22.554674581029047,22.572687092711632,22.59885799114913,25.104488525003305,0.3992605742040176,2.904891108058191,0.29428516408393435,0.0,0.018012511682584886,0.02617089843749909
308,22.20950273462304,64,2432,18,6,1,7,27.60339947779714,256,0.6197404444444444,28.223139922241586,28.223139922241586,28.239651033352697,28.257553269480532,28.284121750925845,29.9667657938946,6.074619016302805,7.757263059271558,5.3938967431741,0.0,0.017902236127834925,0.026568481445313097
309,22.235496360329766,160,2176,90,1,0,,23.542917887637977,256,0.5478613333333333,24.09077922097131,24.09077922097131,24.1058681098602,24.11236394593547,24.13847263734172,28.293922925660162,1.9029762770119554,6.058426565330397,1.307421527308211,0.0,0.006495836075270489,0.026108691406250273
310,22.34637769306492,160,4480,7,6,1,7,28.223139922241586,256,1.1947733333333332,29.41791325557492,29.41791325557492,29.44580214446381,29.456697434519597,29.483538743113346,33.7700675517071,7.137161050048427,11.423689858642181,5.876762229176666,0.0,0.01089529005578882,0.02684130859374889
311,22.403620656133974,128,704,56,1,1,4,24.09077922097131,256,0.13455644444444445,24.225335665415756,24.225335665415756,24.232246776526868,24.24291228577922,24.268895521456304,27.582370109904957,1.8652748653223306,5.178749453770983,1.6871585648373362,0.0,0.010665509252351768,0.025983235677085048
312,22.5361548901793,64,832,20,1,1,4,24.225335665415756,256,0.170496,24.395831665415756,24.395831665415756,24.403453887637976,24.42480518942505,24.450708928264337,26.090733586467458,1.9145540380850363,3.554578696288157,1.689180775236455,0.0,0.02135130178707456,0.025903738839286206
313,22.552092038472296,64,4992,3,7,1,6,22.552092038472296,4736,0.09408711111111111,22.646179149583407,22.646179149583407,22.67691248291674,22.677373616149133,22.703799397399134,24.368964773608212,0.1517073589268385,1.8168727351359166,0.0,0.0,0.00046113323239183046,0.02642578125000128
314,22.69446276977248,160,1856,5,2,1,6,22.69446276977248,256,0.45801244444444444,23.152475214216924,23.152475214216924,23.165786325328035,23.1805541139285,23.206290930334752,27.342255353620338,0.5118281605622741,4.64779258384786,0.0,0.0,0.014767788600465792,0.02573681640625125
315,22.754834518707717,64,3200,2,1,1,7,24.395831665415756,2496,0.21315555555555557,24.60898722097131,24.60898722097131,24.62976499874909,24.632048772014336,24.65803827396746,26.300099602092455,1.9032037552597423,3.545265083384738,1.6409971467080382,0.0,0.002283773265247646,0.02598950195312355
316,22.95365643855708,64,1664,0,7,0,7,22.95365643855708,1536,0.04854755555555555,23.002203994112634,23.002203994112634,23.01444843855708,23.020946858336632,23.047297737242882,24.709921874612675,0.09364129868580306,1.756265436055596,0.0,0.0,0.006498419779553899,0.026350878906249875
317,23.114243747934033,96,640,144,5,0,,23.114243747934033,256,0.11658666666666667,23.2308304146007,23.2308304146007,23.237385970156254,23.243951485251444,23.269648588116027,25.717977526918112,0.15540484018199408,2.603733778984079,0.0,0.0,0.006565515095189767,0.0256971028645836
318,23.135132435817045,128,4544,7,7,1,6,23.135132435817045,4224,0.11052088888888889,23.245653324705934,23.245653324705934,23.273897769150377,23.28447762005538,23.310977213154338,26.64426384781147,0.17584477733729287,3.5091314119944244,0.0,0.0,0.01057985090500324,0.026499593098957774
319,23.183207244680798,160,3200,2,2,1,1,23.183207244680798,2432,0.23093333333333335,23.41414057801413,23.41414057801413,23.434918355791908,23.43670336523058,23.46253393163683,27.603112897565648,0.2793266869560327,4.41990565288485,0.0,0.0,0.001785009438673768,0.025830566406249034
320,23.38044638306072,64,1920,5,7,1,2,23.38044638306072,256,0.4759822222222222,23.85642860528294,23.85642860528294,23.870095271949605,23.894091796487675,23.920520716688568,25.57877412070643,0.5400743336278495,2.1983277376457124,0.0,0.0,0.02399652453807022,0.02642892020089249
321,23.421936052022968,96,2176,82,5,0,,23.421936052022968,256,0.5478613333333333,23.9697973853563,23.9697973853563,23.98488627424519,24.010241198793107,24.035923327699358,26.495877917543115,0.61398727567639,3.0739418655201476,0.0,0.0,0.025354924547915658,0.025682128906250767
322,23.42772651592124,160,2496,18,2,1,6,23.42772651592124,256,0.6377102222222223,24.06543673814346,24.06543673814346,24.082303404810126,24.08355932226183,24.109528316402457,28.253876499686182,0.6818018004812174,4.826149983764942,0.0,0.0,0.0012559174517043914,0.025968994140626478
323,23.483840252725525,128,4224,55,1,0,,24.60898722097131,256,1.1228942222222222,25.731881443193533,25.731881443193533,25.7583481098602,25.776972146735318,25.80316766849871,29.12813386316016,2.3193274157731842,5.644293610434634,1.1251469682457866,0.0,0.018624036875117156,0.026195521763391127
324,23.634429951247366,96,1472,4,5,1,6,23.9697973853563,768,0.20797155555555558,24.177768940911857,24.177768940911857,24.188946718689635,24.19002635504311,24.21572020269936,26.677408662985822,0.5812902514519926,3.0429787117384564,0.3353674341089352,0.0,0.0010796363534737452,0.025693847656249602
325,23.821831366828164,128,1984,5,7,0,7,23.85642860528294,1792,0.06728533333333334,23.923713938616274,23.923713938616274,23.937736160838497,23.946950125170712,23.97332237858868,27.28924666770967,0.15149101176051616,3.4674153008815054,0.03459723845477569,0.0,0.009213964332214886,0.026372253417967784
326,24.075378147321253,96,1664,0,5,1,7,24.177768940911857,1536,0.04854755555555555,24.226316496467412,24.226316496467412,24.238560940911857,24.24141453863686,24.26713289801186,26.729753877829573,0.1917547506906061,2.6543757305083204,0.10239079359060455,0.0,0.0028535977250037092,0.025718359374998556
327,24.136988452317148,64,4224,151,0,0,,24.136988452317148,256,1.1228942222222222,25.25988267453937,25.25988267453937,25.286349341206037,25.30516839587858,25.331643005253582,27.00309924711556,1.1946545529364343,2.866110794798413,0.0,0.0,0.01881905467254441,0.02647460937500057
328,24.156543912069658,128,4288,55,2,1,1,24.156543912069658,256,1.140864,25.29740791206966,25.29740791206966,25.32423013429188,25.33062182226183,25.356834517574327,28.670613218436184,1.2002906055046694,4.514069306366526,0.0,0.0,0.006391687969948379,0.02621269531249837
329,24.194790430962083,96,1216,61,2,1,0,25.29740791206966,256,0.27831466666666665,25.575722578736325,25.575722578736325,25.585478134291883,25.592770748043076,25.619069576168076,28.097377964529933,1.4242791452059933,3.90258753356785,1.1026174811075755,0.0,0.0072926137511935,0.026298828125000284
330,24.330381326827577,128,2048,25,0,0,6,25.25988267453937,0,0.5830328888888889,25.842915563428257,25.842915563428257,25.857293341206034,25.868880309941083,25.895416686894208,29.220716149784824,1.5650353600666307,4.8903348229572465,0.9295013477117919,0.0,0.011586968735048941,0.02653637695312483
331,24.33718231064531,128,4288,139,5,0,5,24.33718231064531,4096,0.07419733333333334,24.411379643978645,24.411379643978645,24.438201866200867,24.44717508551186,24.473125931866026,27.77753481044676,0.13594362122071502,3.440352499801449,0.0,0.0,0.008973219310991709,0.025950846354167112
332,24.446260900416068,128,1152,97,2,0,,25.575722578736325,256,0.2603448888888889,25.836067467625213,25.836067467625213,25.845467467625213,25.855781001949325,25.881961177730574,29.186179624686186,1.4357002773145062,4.739918724270119,1.1294616783202578,0.0,0.010313534324112084,0.026180175781249204
333,24.806321203046924,64,2048,88,7,0,3,24.806321203046924,0,0.5830328888888889,25.389354091935814,25.389354091935814,25.403731869713592,25.421331298440805,25.447636352151743,27.082882939608343,0.6413151491048197,2.276561736561419,0.0,0.0,0.01759942872721254,0.02630505371093861
334,24.924631579809724,64,1152,41,0,0,,25.842915563428257,256,0.2603448888888889,26.103260452317144,26.103260452317144,26.112660452317144,26.13426605212858,26.160481058638997,27.812556196985348,1.235849478829273,2.8879246171756243,0.918283983618533,0.0,0.02160559981143706,0.02621500651041586
335,25.005576102415365,128,1216,65,5,0,5,25.005576102415365,1024,0.06498133333333334,25.070557435748697,25.070557435748697,25.080312991304254,25.096721504782693,25.122670642152485,28.42769066517146,0.11709453973712058,3.4221145627560965,0.0,0.0,0.016408513478438636,0.025949137369792652
336,25.06155404906377,160,5056,3,0,1,7,26.103260452317144,4416,0.20094577777777778,26.304206230094923,26.304206230094923,26.33529511898381,26.343999776086918,26.37053114815723,30.53667544805491,1.308977099093461,5.475121398991142,1.0417064032533752,0.0,0.008704657103105973,0.026531372070312642
337,25.07443376453666,128,1664,0,7,1,5,25.389354091935814,1536,0.04854755555555555,25.43790164749137,25.43790164749137,25.450146091935814,25.47394189414393,25.50014921836268,28.785910397290632,0.42571545382601883,3.711476632753971,0.3149203273991539,0.0,0.023795802208116612,0.02620732421874905
338,25.258936328372002,160,1664,0,0,1,7,26.304206230094923,1536,0.04854755555555555,26.352753785650478,26.352753785650478,26.364998230094923,26.37053114815723,26.39691913643848,30.562980949356994,1.1379828080664787,5.3040446209849925,1.0452699017229214,0.0,0.005532918062307601,0.02638798828125033
339,25.263354392117677,128,256,155,5,0,,25.263354392117677,0,0.07987911111111111,25.343233503228788,25.343233503228788,25.34765572545101,25.35623485113686,25.38207043986454,28.68856819377079,0.11871604774686162,3.425213801653115,0.0,0.0,0.008579125685852063,0.025835588727677106
340,25.35614277295957,128,1024,12,7,1,6,25.43790164749137,512,0.15329422222222222,25.59119586971359,25.59119586971359,25.599884758602478,25.605043529886117,25.631159447854866,28.91498569617794,0.2750166748952978,3.5588429232183714,0.08175887453180053,0.0,0.005158771283639396,0.026115917968748903
341,25.386255341267862,160,512,5,2,0,7,25.836067467625213,0,0.15175822222222224,25.987825689847437,25.987825689847437,25.993670134291882,26.012869380855577,26.038919185543076,30.156945819347644,0.6526638442752137,4.770690478079782,0.4498121263573509,0.0,0.019199246563694317,0.02604980468749929
342,25.39255174176788,160,512,76,7,0,5,25.59119586971359,0,0.15175822222222224,25.742954091935815,25.742954091935815,25.74879853638026,25.761746361917368,25.78772040163091,29.895993232302303,0.39516865986303173,4.503441490534424,0.1986441279457125,0.0,0.012947825537107605,0.025974039713542396
343,25.46457433867211,160,4288,63,5,1,7,25.46457433867211,256,1.140864,26.605438338672112,26.605438338672112,26.632260560894334,26.651304577699364,26.677408662985822,30.847791837046458,1.212834324313711,5.383217498374346,0.0,0.0,0.01904401680502943,0.02610408528645891
344,25.46820186137109,96,2176,1,0,1,1,26.352753785650478,1536,0.1923057777777778,26.545059563428257,26.545059563428257,26.560148452317147,26.58164872628223,26.607985721724937,29.089825341679354,1.1397838603538482,3.6216234803082656,0.8845519242793891,0.0,0.021500273965081362,0.0263369954427084
345,25.510351177080484,128,2176,26,0,0,,26.545059563428257,256,0.5478613333333333,27.09292089676159,27.09292089676159,27.10800978565048,27.134079227584312,27.16025419503223,30.483445223445536,1.6499030179517469,4.973094046365052,1.0347083863477735,0.0,0.026069441933831428,0.026174967447918362
346,25.56322758380819,160,1152,133,7,0,,25.742954091935815,256,0.2603448888888889,26.003298980824702,26.003298980824702,26.012698980824702,26.021508731709037,26.047428165302787,30.153975979698135,0.48420058149459777,4.590748395889946,0.1797265081276258,0.0,0.008809750884335443,0.025919433593749375
347,25.56711909060842,96,1472,13,0,1,4,27.09292089676159,256,0.35019377777777777,27.44311467453937,27.44311467453937,27.454292452317148,27.474391890344727,27.500507124719725,29.980608797664285,1.9333880341113066,4.4134897070558665,1.5258018061531722,0.0,0.020099438027578742,0.02611523437499841
348,25.683222960317377,96,2048,0,5,0,0,26.605438338672112,0,0.5830328888888889,27.188471227561003,27.188471227561003,27.20284900533878,27.228622163962385,27.254831050681133,29.73970519153865,1.5716080903637568,4.056482231221274,0.9222153783547355,0.0,0.025773158623604076,0.02620888671874866
349,25.683368319304964,96,4096,29,2,0,4,25.987825689847437,0,1.1580657777777779,27.145891467625216,27.145891467625216,27.17164702318077,27.18559399023058,27.21178179540636,29.67611590398306,1.5284134761013952,3.9927475846780958,0.30445737054247246,0.0,0.013946967049808023,0.026187805175780454
350,25.750886443167403,128,1664,0,0,0,0,27.44311467453937,1536,0.04854755555555555,27.491662230094924,27.491662230094924,27.50390667453937,27.526622847375975,27.552701094446288,30.881177238419493,1.8018146512788853,5.13029079525209,1.692228231371967,0.0,0.02271617283660632,0.0260782470703127
351,25.753147360005695,128,2240,50,7,0,7,26.003298980824702,2048,0.06805333333333334,26.071352314158037,26.071352314158037,26.086796758602482,26.099268497334037,26.12521100221685,29.40602116315237,0.37206364221115606,3.652873803146676,0.25015162081900755,0.0,0.012471738731555604,0.025942504882813466
352,25.788064065310017,160,256,34,2,0,6,27.145891467625216,0,0.07987911111111111,27.225770578736327,27.225770578736327,27.230192800958548,27.237970088863392,27.264040672630752,31.35241387877845,1.4759766073207352,5.564349813468432,1.3578274023151984,0.0,0.007777287904843888,0.02607058376736049
353,25.807185356621137,96,256,0,0,0,0,27.491662230094924,0,0.07987911111111111,27.571541341206036,27.571541341206036,27.575963563428257,27.57877982979785,27.60475302858257,30.085750399226786,1.7975676719614349,4.278565042605649,1.6844768734737876,0.0,0.002816266369592313,0.025973198784722484
354,25.981536166791706,128,1536,29,7,1,4,26.071352314158037,256,0.3681635555555556,26.439515869713592,26.439515869713592,26.451049203046924,26.462507999287165,26.488435191127444,29.767391931381542,0.5068990243357376,3.7858557645898365,0.08981614736633148,0.0,0.011458796240241043,0.02592719184027814
355,26.057923749060848,96,4352,55,0,1,2,27.571541341206036,256,1.1588337777777777,28.730375118983815,28.730375118983815,28.75755289676159,28.77582762032519,28.80199141155783,31.302048332169495,2.744067662496981,5.244124583108647,1.513617592145188,0.0,0.018274723563600048,0.026163791232637124
356,26.117497073865497,128,3200,2,7,1,2,26.439515869713592,3072,0.05315555555555555,26.492671425269148,26.492671425269148,26.513449203046925,26.51436287124897,26.54035447281147,29.81897384056123,0.42285739894597185,3.701476766695734,0.3220187958480949,0.0,0.0009136682020454145,0.0259916015624988
357,26.251806234910973,128,640,72,7,0,,26.492671425269148,256,0.11658666666666667,26.609258091935814,26.609258091935814,26.61581364749137,26.61833220718647,26.64426384781147,29.921725003135634,0.39245761290049685,3.6699187682246617,0.24086519035817489,0.0,0.0025185596951011746,0.025931640625000085
358,26.29406281327151,128,832,24,5,1,3,27.188471227561003,576,0.0816071111111111,27.270078338672114,27.270078338672114,27.277700560894335,27.281040425681134,27.30711635341551,30.634599779754794,1.013053540144,4.340536966483285,0.8944084142894937,0.0,0.0033398647867990405,0.02607592773437517
359,26.373308323797655,160,1088,8,4,1,6,26.373308323797655,256,0.2423751111111111,26.615683434908767,26.615683434908767,26.624727879353213,26.6411850152556,26.666884071245185,30.76771796028908,0.29357574744753023,4.3944096364914245,0.0,0.0,0.016457135902388842,0.025699055989583997
360,26.42290416731497,96,2176,58,7,0,,26.609258091935814,256,0.5478613333333333,27.157119425269148,27.157119425269148,27.172208314158038,27.18600761408751,27.211818014478137,29.664224288152376,0.7889138471631654,3.241320120837404,0.18635392462084255,0.0,0.013799299929473818,0.025810400390625432
361,26.48063310228117,128,2304,98,4,0,4,26.615683434908767,2112,0.06824533333333334,26.6839287682421,26.6839287682421,26.6997287682421,26.718283648068102,26.7440902886931,30.015618871747414,0.26345718641193017,3.5349857694662425,0.13505033262759625,0.0,0.018554879826002235,0.02580664062499949
362,26.798645911717227,128,1600,29,7,0,7,27.157119425269148,1408,0.06613333333333334,27.22325275860248,27.22325275860248,27.23514164749137,27.23762890315001,27.263437541289214,30.54173529773199,0.4647916295719874,3.7430893860147627,0.35847351355192103,0.0,0.002487255658639498,0.02580863813920331
363,26.901003018940962,160,1216,105,4,0,4,26.901003018940962,1024,0.06498133333333334,26.965984352274294,26.965984352274294,26.97573990782985,26.97581945535977,27.001493649695707,31.108021418947935,0.10049063075474507,4.207018400006973,0.0,0.0,7.954752991778946e-05,0.025674194335937983
364,26.94673860555852,96,3200,2,5,1,7,27.270078338672114,2880,0.10648888888888888,27.376567227561004,27.376567227561004,27.39734500533878,27.411424947165507,27.437572477857472,29.924016308075107,0.49083387229895337,2.977277702516588,0.32333973311359543,0.0,0.014079941826725673,0.02614753069196496
365,26.949671865023653,128,1664,0,7,1,0,27.22325275860248,1536,0.04854755555555555,27.271800314158035,27.271800314158035,27.28404475860248,27.28924666770967,27.315036396047738,30.59345502429449,0.3653645310240847,3.6437831592708356,0.27358089357882776,0.0,0.0052019091071890955,0.025789728338068585
366,26.96453773955041,128,2304,10,5,1,7,27.376567227561004,256,0.5838008888888889,27.960368116449892,27.960368116449892,27.97616811644989,27.985447570863425,28.011457964278602,31.346967862437083,1.0469202247281935,4.382430122886674,0.4120294880105959,0.0,0.009279454413533728,0.02601039341517719
367,26.97412526333866,64,2240,78,4,0,,26.97412526333866,256,0.5658311111111111,27.539956374449773,27.539956374449773,27.555400818894217,27.567960894161853,27.593808062130602,29.216443020742958,0.619682798791942,2.2423177574042974,0.0,0.0,0.01256007526763625,0.025847167968748863
368,26.986521378655247,64,5120,3,3,1,0,26.986521378655247,4480,0.2011377777777778,27.187659156433025,27.187659156433025,27.21910360087747,27.228395359852502,27.255574192860315,28.9474479396051,0.2690528142050681,1.9609265609498543,0.0,0.0,0.009291758975031428,0.027178833007813097
369,27.115819840480196,96,768,88,4,1,3,27.539956374449773,256,0.15252622222222223,27.692482596671994,27.692482596671994,27.69974926333866,27.723051226193103,27.748806304318105,30.196531469403663,0.6329864638379092,3.080711628923467,0.42413653396957685,0.0,0.023301962854443303,0.025755078125001774
370,27.13477737698688,64,2048,2,5,0,5,27.960368116449892,0,0.5830328888888889,28.54340100533878,28.54340100533878,28.557778783116557,28.55809105579646,28.584160949769675,30.239368456512608,1.4493835727827964,3.104591079525729,0.8255907394630135,0.0,0.00031227267990274754,0.02606989397321513
371,27.404410637965185,64,1664,0,4,1,7,27.692482596671994,1536,0.04854755555555555,27.741030152227548,27.741030152227548,27.753274596671993,27.774561870724355,27.80032733296394,29.422149075430454,0.39591669499875337,2.017738437465269,0.2880719587068086,0.0,0.021287274052362193,0.025765462239583314
372,27.421354791578747,160,3200,2,5,0,5,28.54340100533878,3072,0.05315555555555555,28.596556560894335,28.596556560894335,28.617334338672112,28.636302202559854,28.662434954024697,32.837130411265214,1.2410801624459502,5.4157756196864675,1.1220462137600329,0.0,0.018967863887741743,0.02613275146484284
373,27.544824717078004,96,1280,105,4,0,4,27.741030152227548,1088,0.06517333333333333,27.806203485560882,27.806203485560882,27.816314596671994,27.82609328348477,27.8518395167437,30.30020399544533,0.3070147996656942,2.755379278367325,0.19620543514954392,0.0,0.009778686812776272,0.02574623325892844
374,27.59585972511003,64,1536,4,1,1,5,27.59585972511003,576,0.27927466666666667,27.875134391776697,27.875134391776697,27.88666772511003,27.901744133342454,27.928072583863287,29.569979273316406,0.33221285875325535,1.9741195482063745,0.0,0.0,0.015076408232424399,0.026328450520832547
375,27.61102669144747,160,1280,53,4,1,6,27.806203485560882,256,0.29628444444444446,28.102487930005328,28.102487930005328,28.11259904111644,28.13508030915441,28.1608165152091,32.281550013628,0.5497898237616283,4.670523322180529,0.1951767941134115,0.0,0.022481268037971347,0.025736206054688182
376,27.615798265383965,96,1664,0,7,1,4,27.615798265383965,1536,0.04854755555555555,27.66434582093952,27.66434582093952,27.676590265383965,27.70194091486876,27.727739702303655,30.179825955284073,0.11194143691968961,2.564027689900108,0.0,0.0,0.02535064948479615,0.025798787434894166
377,27.716554498439745,96,640,68,1,0,,27.875134391776697,256,0.11658666666666667,27.991721058443364,27.991721058443364,27.998276613998918,28.00706086511329,28.033136792847664,30.514366968628906,0.31658229440791885,2.797812470189161,0.15857989333695244,0.0,0.008784251114370534,0.02607592773437517
378,27.725073569841253,160,1152,8,3,1,4,27.725073569841253,256,0.2603448888888889,27.98541845873014,27.98541845873014,27.99481845873014,28.01699509129781,28.043786228993124,32.186208157084025,0.3187126591518705,4.461134587242771,0.0,0.0,0.022176632567671106,0.026791137695312273
379,27.90634057721009,160,1536,9,4,1,2,28.102487930005328,256,0.3681635555555556,28.470651485560882,28.470651485560882,28.482184818894215,28.49543162751379,28.521175442617956,32.64629545633633,0.6148348654078646,4.739954879126241,0.19614735279523643,0.0,0.013246808619573613,0.025743815104167567
380,28.03932177302832,160,4352,127,4,1,0,28.470651485560882,256,1.1588337777777777,29.62948526333866,29.62948526333866,29.656663041116435,29.679142309247414,29.705022192059914,33.846639499305084,1.6657004190315945,5.807317726276764,0.4313297125325626,0.0,0.022479268130979335,0.0258798828125002
381,28.050336477459208,128,4096,17,1,0,4,28.050336477459208,0,1.1580657777777779,29.208402255236987,29.208402255236987,29.234157810792542,29.25590485925391,29.28194196862891,32.612081132272884,1.2316054911697023,4.561744654813676,0.0,0.0,0.02174704846136777,0.026037109375000256
382,28.118016457309555,96,3200,2,3,1,5,28.118016457309555,2560,0.1953777777777778,28.313394235087333,28.313394235087333,28.33417201286511,28.33852097020406,28.36527106786031,30.843937440008133,0.2472546105507547,2.725920982698579,0.0,0.0,0.004348957338947912,0.026750097656250915
383,28.190277805501665,160,4608,15,1,1,4,29.208402255236987,4288,0.11071288888888889,29.319115144125874,29.319115144125874,29.347715144125875,29.360056226441408,29.386398023316406,33.552046743321995,1.196120217814741,5.3617689378203295,1.0181244497353212,0.0,0.012341082315533214,0.02634179687499838
384,28.19337565755292,64,4224,87,4,0,,29.62948526333866,256,1.1228942222222222,30.75237948556088,30.75237948556088,30.778846152227548,30.793787662437516,30.820056314781265,32.4644709120655,2.626680657228345,4.271095254512581,1.436109605785738,0.0,0.014941510209968811,0.026268652343748755
385,28.23339144498128,64,2112,5,3,1,7,28.313394235087333,1536,0.17433600000000002,28.487730235087334,28.487730235087334,28.502463568420666,28.525549070789996,28.552096043446245,30.19469869915371,0.318704598464965,1.9613072541724321,0.08000279010605382,0.0,0.023085502369330158,0.026546972656248613
386,28.3369735509178,160,1344,53,4,0,4,30.75237948556088,1152,0.06536533333333333,30.817744818894212,30.817744818894212,30.828211485560878,30.846325455406266,30.87249285449481,35.00852133097981,2.535519303577008,6.67154778006201,2.415405934643079,0.0,0.0181139698453876,0.02616739908854271
387,28.370873915288776,64,640,92,1,0,,29.319115144125874,256,0.11658666666666667,29.43570181079254,29.43570181079254,29.442257366348095,29.465426343628906,29.491563843628906,31.144383765503907,1.1206899283401306,2.773509850215131,0.948241228837098,0.0,0.02316897728081102,0.026137500000000813
388,28.388935490073617,160,2368,10,3,1,5,28.487730235087334,2048,0.10399288888888888,28.591723123976223,28.591723123976223,28.60787867953178,28.631739891102495,28.658223370920204,32.78685358351631,0.26928788084658706,4.397918093442694,0.09879474501371632,0.0,0.023861211570714858,0.02648347981770982
389,28.389841220666128,128,2432,10,1,1,3,29.43570181079254,256,0.6197404444444444,30.055442255236986,30.055442255236986,30.071953366348097,30.094652124878905,30.120880640503906,33.44713044867913,1.7310394198377779,5.057289228013005,1.0458605901264129,0.0,0.02269875853080805,0.02622851562500017
390,28.414665940615812,64,1280,33,4,1,5,30.817744818894212,256,0.29628444444444446,31.114029263338658,31.114029263338658,31.12414037444977,31.134293782229186,31.16045865853127,32.80234262430508,2.7457927179154566,4.387676683689271,2.4030788782784,0.0,0.010153407779416312,0.026164876302082973
391,28.482762932675268,128,640,36,3,0,,28.591723123976223,256,0.11658666666666667,28.70830979064289,28.70830979064289,28.714865346198444,28.73767674006083,28.76399461115458,32.05712607933105,0.28123167847931185,3.574363146655781,0.10896019130095524,0.0,0.022811393862387064,0.026317871093748835
392,28.50677422845759,160,2048,38,1,0,5,30.055442255236986,0,0.5830328888888889,30.638475144125877,30.638475144125877,30.652852921903655,30.673107691285153,30.699474488160153,34.85490481623866,2.192700259702562,6.348130587781068,1.5486680267793957,0.0,0.020254769381498505,0.02636679687499921
393,28.536049708326072,96,1664,0,3,1,7,28.70830979064289,1536,0.04854755555555555,28.756857346198444,28.756857346198444,28.76910179064289,28.79031297052958,28.816568524728797,31.2831568410498,0.2805188164027257,2.747107132723727,0.1722600823168179,0.0,0.02121117988669141,0.0262555541992171
394,28.5713666011312,96,704,124,1,0,1,30.638475144125877,512,0.06344533333333334,30.70192047745921,30.70192047745921,30.708831588570323,30.725841773316404,30.752038876180986,33.23780574164788,2.180672275049787,4.666439140516683,2.067108542994678,0.0,0.017010184746080625,0.026197102864582433
395,28.653270641670726,128,704,84,3,0,3,28.756857346198444,512,0.06344533333333334,28.82030267953178,28.82030267953178,28.82721379064289,28.842824567209266,28.86897967788635,32.16033771437569,0.21570903621562465,3.5070670727049666,0.1035867045277179,0.0,0.015610776566376217,0.026155110677084537
396,28.73538566762702,96,1664,0,7,1,3,28.73538566762702,1536,0.04854755555555555,28.783933223182576,28.783933223182576,28.79617766762702,28.81172462846961,28.837539162974817,31.300051052940326,0.10215349534779605,2.5646653853133046,0.0,0.0,0.01554696084258822,0.025814534505208542
397,28.81654637619709,96,1088,12,1,1,7,30.70192047745921,256,0.2423751111111111,30.944295588570323,30.944295588570323,30.95334003301477,30.961633277222656,30.987739024990514,33.47328648941574,2.1711926487934257,4.656740113218653,1.8853741012621228,0.0,0.008293244207887795,0.02610574776785768
398,28.933249249146332,128,704,68,4,1,1,31.114029263338658,256,0.13455644444444445,31.248585707783104,31.248585707783104,31.255496818894215,31.265123046552105,31.291172711730677,34.594709807542316,2.3579234625843455,5.661460558395984,2.180780014192326,0.0,0.009626227657889785,0.026049665178572212
399,29.1549535768157,160,2176,130,1,0,,30.944295588570323,256,0.5478613333333333,31.492156921903657,31.492156921903657,31.507245810792547,31.511742489462243,31.537960193145278,35.68184641780115,2.3830066163295776,6.526892840985447,1.7893420117546235,0.0,0.0044966786696960526,0.026217703683034443
400,29.163748257462913,96,3200,2,3,0,3,29.163748257462913,3072,0.05315555555555555,29.21690381301847,29.21690381301847,29.237681590796246,29.259303652495728,29.285358285742255,31.74817881370605,0.12161002827934198,2.584430556243138,0.0,0.0,0.021622061699481776,0.02605463324652746
401,29.20676882001894,96,2240,82,1,1,5,31.492156921903657,256,0.5658311111111111,32.057988033014766,32.057988033014766,32.073432477459214,32.08864476345777,32.11485637234449,34.59401354019699,2.9080875523255507,5.38724472017805,2.285388101884717,0.0,0.015212285998558173,0.026211608886718807
402,29.219626090949998,128,2304,38,4,1,5,31.248585707783104,256,0.5838008888888889,31.83238659667199,31.83238659667199,31.84818659667199,31.864388880815497,31.890457789506904,35.18973617472981,2.6708316985569063,5.970110083779812,2.028959616833106,0.0,0.016202284143506773,0.02606890869140699
403,29.336869913381257,160,512,2,2,0,3,29.336869913381257,0,0.15175822222222224,29.48862813560348,29.48862813560348,29.494472580047926,29.496247007498685,29.52194109929556,33.60936348276333,0.18507118591430327,4.272493569382071,0.0,0.0,0.001774427450758509,0.02569409179687554
404,29.342344965272055,160,4096,66,3,0,5,29.342344965272055,0,1.1580657777777779,30.500410743049834,30.500410743049834,30.52616629860539,30.53183360428764,30.557903367471233,34.72519962030016,1.2155584021991785,5.382854655028105,0.0,0.0,0.005667305682251822,0.026069763183592443
405,29.503226166786668,96,1664,0,1,1,7,32.057988033014766,1536,0.04854755555555555,32.106535588570324,32.106535588570324,32.118780033014765,32.14106846951246,32.16723660102288,34.64609166519699,2.6640104342362108,5.142865498410323,2.554761866228098,0.0,0.022288436497696296,0.02616813151041697
406,29.532044077456142,128,1216,8,2,1,3,29.532044077456142,640,0.17164800000000002,29.703692077456143,29.703692077456143,29.7134476330117,29.726611834972644,29.751946795910143,33.009671515729714,0.21990271845400144,3.477627438273572,0.0,0.0,0.0131642019609437,0.025334960937499318
407,29.712457957919987,128,4416,35,7,1,6,29.712457957919987,256,1.1768035555555554,30.889261513475542,30.889261513475542,30.916794846808877,30.92949359851324,30.95599799304449,34.279550789441075,1.2435400351245036,4.567092831521087,0.0,0.0,0.012698751704363076,0.026504394531251307
408,29.737584265471696,96,640,128,3,0,,30.500410743049834,256,0.11658666666666667,30.6169974097165,30.6169974097165,30.623552965272054,30.636115586709515,30.66210294565049,33.12744723586006,0.9245186801787924,3.3898629703883643,0.7628264775781375,0.0,0.012562621437460564,0.025987358940973593
409,29.79486021457681,64,256,77,2,0,,29.79486021457681,0,0.07987911111111111,29.874739325687923,29.874739325687923,29.879161547910144,29.903966815441397,29.929262518566397,31.53227195169512,0.1344023039895852,1.7374117371183075,0.0,0.0,0.024805267531252895,0.025295703124999847
410,29.86849451485951,128,1408,21,7,1,1,30.889261513475542,256,0.332224,31.221485513475542,31.221485513475542,31.232307735697766,31.24757855945074,31.27381456205491,34.59238418787857,1.4053200471953993,4.7238896730190625,1.0207669986160326,0.0,0.015270823752974394,0.026236002604168362
411,29.975005214128046,128,1408,53,3,1,4,30.6169974097165,1024,0.11889066666666667,30.735888076383166,30.735888076383166,30.74671029860539,30.76605726422688,30.792016834539382,34.10625206984443,0.8170116204113356,4.131246855716384,0.641992195588454,0.0,0.019346965621490853,0.025959570312501512
412,30.182593404366234,160,1664,29,2,1,7,30.182593404366234,1152,0.15521422222222223,30.337807626588457,30.337807626588457,30.350052071032902,30.359309100597645,30.384709686535146,34.496590488785465,0.20211628216891242,4.313997084419231,0.0,0.0,0.009257029564743391,0.025400585937500608
413,30.18673518708708,64,512,92,3,0,1,30.735888076383166,0,0.15175822222222224,30.88764629860539,30.88764629860539,30.893490743049835,30.89571592308105,30.92154189964355,32.551049628438186,0.7348067125564697,2.3643144413511052,0.5491528892960851,0.0,0.00222518003121408,0.025825976562501296
414,30.229073715703535,128,2176,5,1,1,3,32.106535588570324,1280,0.26341688888888887,32.369952477459215,32.369952477459215,32.385041366348105,32.40277175727288,32.428933720163506,35.73398191584802,2.199860004459971,5.5049082001444845,1.877461872866789,0.0,0.017730390924775463,0.026161962890626
415,30.231352956897993,64,640,120,7,0,,31.221485513475542,256,0.11658666666666667,31.33807218014221,31.33807218014221,31.344627735697763,31.352903103721577,31.378958442263244,33.0228064163012,1.1476054853652506,2.7914534594032077,0.9901325565775494,0.0,0.008275368023813456,0.026055338541667084
416,30.365362569944743,128,3200,2,7,1,3,31.33807218014221,3072,0.05315555555555555,31.391227735697765,31.391227735697765,31.412005513475542,31.431070584190326,31.457253811729387,34.77688117681087,1.0918912417846443,4.4115186068661245,0.9727096101974659,0.0,0.019065070714784582,0.026183227539060994
417,30.43489863309955,128,2048,20,2,0,1,30.43489863309955,0,0.5830328888888889,31.017931521988437,31.017931521988437,31.032309299766215,31.045296307628895,31.07080778223827,34.365982883804996,0.635909149138719,3.931084250705446,0.0,0.0,0.012987007862680144,0.025511474609373863
418,30.454765489824787,64,768,44,7,1,0,31.391227735697765,512,0.0814151111111111,31.472642846808874,31.472642846808874,31.47990951347554,31.4834375275497,31.50945989083095,33.153647724894945,1.054694401006163,2.6988822350701582,0.9364622458729777,0.0,0.003528014074159813,0.02602236328124974
419,30.464082792244096,160,2560,18,2,0,2,31.017931521988437,2368,0.06901333333333334,31.08694485532177,31.08694485532177,31.104167077543995,31.12183219630077,31.147450430117733,35.27988638722297,0.6833676378736371,4.8158035949788776,0.5538487297443417,0.0,0.017665118756774234,0.02561823381696371
420,30.554895368879748,128,2176,5,7,1,1,31.472642846808874,1856,0.10341688888888889,31.57605973569776,31.57605973569776,31.59114862458665,31.61355422676845,31.639585314008034,34.96008601079524,1.0846899451282859,4.405190641915489,0.9177474779291259,0.0,0.022405602181798656,0.02603108723958414
421,30.64876389443967,160,4288,51,2,1,6,31.08694485532177,256,1.140864,32.22780885532177,32.22780885532177,32.25463107754399,32.254965897007615,32.280996170445114,36.423230991715165,1.6322322760054426,5.774467097275494,0.4381809608821001,0.0,0.0003348194636245694,0.026030273437498863
422,30.67678603388468,128,896,24,0,1,5,30.67678603388468,256,0.1884657777777778,30.86525181166246,30.86525181166246,30.87322958944024,30.881177238419493,30.907478019669494,34.18402304036333,0.2306919857848122,3.507237006478647,0.0,0.0,0.00794764897925404,0.026300781250000682
423,30.769472099124613,128,640,52,2,0,,32.22780885532177,256,0.11658666666666667,32.34439552198844,32.34439552198844,32.350951077543996,32.359089920445115,32.38501932892726,35.69462222706672,1.6155472298026439,4.925150127942111,1.4583367561971556,0.0,0.008138842901118437,0.02592940848214198
424,30.77208082273565,64,1472,21,5,1,7,30.77208082273565,256,0.35019377777777777,31.12227460051343,31.12227460051343,31.133452378291206,31.138118253062082,31.164288663218333,32.810343546030836,0.3922078404826834,2.038262723295187,0.0,0.0,0.004665874770875433,0.026170410156250767
425,30.78276552638863,128,4224,83,0,0,,30.86525181166246,256,1.1228942222222222,31.988146033884682,31.988146033884682,32.014612700551346,32.014701652481996,32.0409623946695,35.318671129091,1.2581968682808693,4.535905602702371,0.08248628527383062,0.0,8.895193064972773e-05,0.026260742187503183
426,30.90003556429354,64,4608,7,7,0,7,31.57605973569776,4416,0.07515733333333334,31.651217069031095,31.651217069031095,31.679817069031095,31.69164895333095,31.71785542654524,33.363697855103275,0.8178198622516994,2.4636622908097365,0.6760241714042223,0.0,0.011831884299855489,0.026206473214287485
427,30.93219539965839,160,1536,21,5,0,5,31.12227460051343,1344,0.06594133333333334,31.188215933846763,31.188215933846763,31.199749267180096,31.216630948374583,31.242697354624582,35.44134752436045,0.3105019549661918,4.509152124702062,0.19007920085503827,0.0,0.016881681194487186,0.02606640624999912
428,31.038166030656676,96,1664,0,7,1,1,31.651217069031095,1536,0.04854755555555555,31.69976462458665,31.69976462458665,31.712009069031094,31.71785542654524,31.74401308035383,34.22706315923274,0.7058470496971552,3.188897128576066,0.6130510383744188,0.0,0.005846357514144529,0.026157653808592585
429,31.075256857546314,64,4224,111,3,0,,31.075256857546314,256,1.1228942222222222,32.198151079768536,32.198151079768536,32.2246177464352,32.23804262974027,32.2641513536986,33.92067370070381,1.1888944961522867,2.845416843157494,0.0,0.0,0.013424883305070523,0.026108723958330415
430,31.15940204147328,128,896,76,0,1,5,31.988146033884682,512,0.11735466666666666,32.105500700551346,32.105500700551346,32.11347847832912,32.1197475509195,32.14573518112783,35.4208517931535,0.9863331396545512,4.261449751680221,0.8287439924114004,0.0,0.006269072590377789,0.025987630208334167
431,31.186253285202802,160,4480,23,5,1,4,31.188215933846763,256,1.1947733333333332,32.38298926718009,32.38298926718009,32.41087815606898,32.414569424937085,32.440903287241774,36.67266689285004,1.2546500020389715,5.486413607647236,0.001962648643960563,0.0,0.0036912688681027817,0.02633386230468915
432,31.21533554131949,64,1664,0,2,1,7,32.34439552198844,1536,0.04854755555555555,32.392943077544,32.392943077544,32.40518752198844,32.41094922569065,32.43686487510471,34.07876006479458,1.2215293337852202,2.8634245234750892,1.1290599806689485,0.0,0.005761703702212628,0.02591564941405977
433,31.245076324812477,96,2176,1,7,1,0,31.69976462458665,1984,0.06786133333333334,31.767625957919982,31.767625957919982,31.782714846808872,31.796329852814768,31.822478236061297,34.30560049647232,0.5774019112488205,3.0605241716598464,0.4546882997741726,0.0,0.013615006005895935,0.026148383246528795
434,31.280683057743694,64,1600,4,3,1,1,32.198151079768536,1088,0.15502222222222223,32.35317330199076,32.35317330199076,32.36506219087965,32.368591132344434,32.39465516694265,34.05299401320381,1.1139721091989543,2.7723109554601137,0.9174680220248419,0.0,0.003528941464786328,0.026064034598213937
435,31.345923772763875,160,1152,69,0,0,,32.105500700551346,256,0.2603448888888889,32.365845589440234,32.365845589440234,32.37524558944023,32.37964582565909,32.40553083542471,36.49693532993736,1.059607062660838,5.151011557173483,0.7595769277874709,0.0,0.004400236218856435,0.02588500976562358
436,31.380077100047796,96,4480,35,2,1,7,32.392943077544,4160,0.11032888888888889,32.503271966432884,32.503271966432884,32.53116085532177,32.54053235557346,32.56659149185818,35.04597281300422,1.1865143918103875,3.6658957129564236,1.012865977496201,0.0,0.009371500251688758,0.02605913628472223
437,31.524787301181355,96,2368,38,2,1,4,32.503271966432884,256,0.6017706666666667,33.10504263309955,33.10504263309955,33.12119818865511,33.140273322370334,33.166398973412,35.64289175831672,1.6416116722306455,4.118104457135367,0.9784846652515284,0.0,0.0190751337152264,0.026125651041667197
438,31.59165637031733,96,1280,8,7,1,2,31.767625957919982,512,0.22517333333333336,31.992799291253316,31.992799291253316,32.00291040236443,32.005530590662,32.03163015120887,34.513897371472325,0.4399737808915418,2.922241001154994,0.17596958760265125,0.0,0.0026201882975698254,0.02609956054687501
439,31.599639955763077,128,5184,3,5,1,3,32.38298926718009,4224,0.2902186666666667,32.67320793384676,32.67320793384676,32.70500793384676,32.730607999155836,32.75718602649959,36.13925380691254,1.1575460707365117,4.539613851149465,0.783349311417016,0.0,0.02560006530907799,0.026578027343752808
440,31.618493295789673,128,1600,9,0,1,4,32.365845589440234,256,0.3861333333333334,32.75197892277357,32.75197892277357,32.76386781166246,32.76797224167472,32.79384235886222,36.05994786248944,1.1753490630725487,4.441454566699765,0.747352293650561,0.0,0.004104430012262128,0.025870117187501762
441,31.640365949975536,64,2176,5,6,1,7,31.640365949975536,1600,0.17452800000000002,31.814893949975534,31.814893949975534,31.829982838864424,31.843247727488354,31.869894211863354,33.552590989207104,0.22952826188781827,1.9122250392315685,0.0,0.0,0.013264888623929494,0.026646484375000057
442,31.730302659197836,64,1664,0,7,1,2,31.992799291253316,1536,0.04854755555555555,32.04134684680887,32.04134684680887,32.05359129125331,32.057730200037,32.083804551954614,33.72957090197828,0.35350189275677835,1.9992682427804418,0.26249663205548046,0.0,0.0041389087836876115,0.026074351917614536
443,31.805443625348705,160,4288,151,6,1,0,31.814893949975534,256,1.140864,32.955757949975535,32.955757949975535,32.98258017219776,32.9894874735821,33.0162970438946,37.2177973532627,1.2108534185458986,5.412353727913999,0.009450324626829598,0.0,0.006907301384345033,0.026809570312501307
444,31.826021897366008,96,768,84,2,1,3,33.10504263309955,256,0.15252622222222223,33.25756885532177,33.25756885532177,33.26483552198844,33.27090646039117,33.296959243594294,35.772712559097975,1.4709373462282862,3.9466906617319673,1.2790207357335426,0.0,0.006070938402729098,0.026052783203127206
445,31.902034455690252,128,704,80,0,1,6,32.75197892277357,256,0.13455644444444445,32.88653536721801,32.88653536721801,32.89344647832912,32.89732771042472,32.92311213425285,36.18763878045819,1.0210776785625946,4.2856043247679345,0.849944467083315,0.0,0.003881232095601206,0.025784423828127956
446,31.919344764429226,64,512,3,5,0,5,32.67320793384676,0,0.15175822222222224,32.82496615606898,32.82496615606898,32.83081060051342,32.837130411265214,32.86357010853084,34.531362263478755,0.9442253441016106,2.6120174990495286,0.7538631694175351,0.0,0.0063198107517905555,0.026439697265622897
447,32.00660538433151,160,4096,22,5,0,1,32.82496615606898,0,1.1580657777777779,33.98303193384676,33.98303193384676,34.008787489402316,34.02740018665584,34.05396952259334,38.30284267410005,2.047364138261834,6.296237289768541,0.8183607717374741,0.0,0.018612697253523436,0.026569335937502103
448,32.066375485925676,160,704,36,0,1,3,32.88653536721801,256,0.13455644444444445,33.02109181166245,33.02109181166245,33.02800292277356,33.05204157761222,33.07776555919704,37.17031773553632,1.0113900732713645,5.103942249610647,0.8201598812923336,0.0,0.02403865483866241,0.025723981584818034
449,32.28741948579904,64,4352,47,6,1,3,32.955757949975535,256,1.1588337777777777,34.114591727753314,34.114591727753314,34.141769505531094,34.14962272748835,34.17674260053523,35.83805866033805,1.889323114736186,3.5506391745390076,0.6683384641764931,0.0,0.00785322195725513,0.02711987304687824
450,32.34821639818481,64,2496,10,5,1,1,33.98303193384676,2176,0.10437688888888888,34.08740882273565,34.08740882273565,34.10427548940231,34.10710965931209,34.133621784963125,35.8171429345167,1.785405386778315,3.4689265363318924,1.63481553566195,0.0,0.0028341699097751416,0.026512125651038332
451,32.36657280528463,64,1344,8,0,1,7,33.02109181166245,832,0.15425422222222224,33.17534603388467,33.17534603388467,33.18581270055134,33.206392791339894,33.232110869953175,34.854213121278505,0.8655380646685416,2.487640315993872,0.6545190063778179,0.0,0.02058009078855605,0.02571807861328068
452,32.458782087132185,128,960,24,2,1,0,33.25756885532177,256,0.20643555555555557,33.46400441087733,33.46400441087733,33.47233774421066,33.479342397891166,33.5053456383031,36.80756692921517,1.0465635511709124,4.348784842082985,0.7987867681895864,0.0,0.007004653680503736,0.026003240411931472
453,32.46493788469209,128,4352,19,5,1,6,34.08740882273565,256,1.1588337777777777,35.246242600513426,35.246242600513426,35.273420378291206,35.28104175566626,35.307880378713136,38.7025472639438,2.8429424940210453,6.237609379251708,1.6224709380435556,0.0,0.007621377375052418,0.026838623046877785
454,32.475728314807995,128,1152,109,6,0,,34.114591727753314,256,0.2603448888888889,34.3749366166422,34.3749366166422,34.3843366166422,34.39371916303522,34.420322841420635,37.7348569235752,1.94459452661264,5.259128608767206,1.6388634129453195,0.0,0.009382546393020164,0.026603678385413332
455,32.50401144071377,64,1664,0,5,1,7,35.246242600513426,1536,0.04854755555555555,35.294790156068984,35.294790156068984,35.307034600513425,35.307880378713136,35.3345728312801,37.01757314285005,2.8305613905663307,4.513561702136279,2.7422311597996583,0.0,0.0008457781997108782,0.026692452566962288
456,32.95388425720287,128,1152,12,6,1,1,34.3749366166422,832,0.10034488888888889,34.47528150553109,34.47528150553109,34.48468150553109,34.500136806264386,34.5264816548972,37.83839587756825,1.5725973976943237,4.88451162036538,1.4210523594393294,0.0,0.015455300733293598,0.02634484863281017
457,32.972396199562404,128,2176,5,5,1,6,35.294790156068984,256,0.5478613333333333,35.842651489402314,35.842651489402314,35.857740378291204,35.871074282172955,35.89789003738129,39.27848622878754,2.925493837818884,6.306090029225139,2.3223939565065805,0.0,0.013333903881751041,0.026815755208332348
458,33.03434740893416,128,1664,0,6,1,5,34.47528150553109,1536,0.04854755555555555,34.52382906108665,34.52382906108665,34.53607350553109,34.55282699181126,34.57906615196751,37.89023352405263,1.54471874303335,4.855886115118473,1.4409340965969335,0.0,0.01675348628016593,0.026239160156251273
459,33.04703961834812,160,2304,78,3,1,4,33.04703961834812,256,0.5838008888888889,33.63084050723701,33.63084050723701,33.64664050723701,33.655816376485056,33.682180243672555,37.879829468235414,0.635140625324432,4.832789849887291,0.0,0.0,0.009175869248046808,0.026363867187498613
460,33.17155651276156,160,5248,3,3,1,5,33.63084050723701,4992,0.09485511111111111,33.72569561834812,33.72569561834812,33.757851173903674,33.761274774922555,33.78784004184964,37.985292219351486,0.6162835290880793,4.813735706589924,0.45928399447544876,0.0,0.0034236010188806176,0.026565266927086384
461,33.18162785029837,128,1664,0,6,0,6,34.52382906108665,1536,0.04854755555555555,34.57237661664221,34.57237661664221,34.58462106108665,34.60530580040501,34.631474664337304,37.942085853851744,1.449846814038935,4.760458003553374,1.3422012107882821,0.0,0.020684739318362233,0.02616886393229123
462,33.283856004365056,64,3200,2,6,1,7,34.57237661664221,2688,0.15982222222222223,34.732198838864434,34.732198838864434,34.752976616642215,34.76232630821752,34.788553917034484,36.43914284331952,1.5046979126694282,3.155286838954467,1.2885206122771535,0.0,0.009349691575302188,0.026227608816967063
463,33.409699439257714,96,4224,103,6,0,,34.732198838864434,256,1.1228942222222222,35.855093061086656,35.855093061086656,35.88155972775332,35.8902515314318,35.916486603976445,38.3833585938071,2.5067871647187303,4.973659154549388,1.3224993996067198,0.0,0.00869180367848088,0.026235072544643856
464,33.46562792742979,64,2240,46,4,0,,33.46562792742979,256,0.5658311111111111,34.0314590385409,34.0314590385409,34.04690348298535,34.05269744201342,34.078540459591544,35.706632333583975,0.6129125321617508,2.2410044061541825,0.0,0.0,0.00579395902806823,0.025843017578125682
465,33.490203598033695,96,704,72,6,1,7,35.855093061086656,256,0.13455644444444445,35.9896495055311,35.9896495055311,35.996560616642206,36.02143177696752,36.04755757042455,38.512992382869605,2.5573539723908567,5.02278878483591,2.364889463052961,0.0,0.024871160325311337,0.026125793457033808
466,33.50099879229788,128,1280,17,6,1,4,35.9896495055311,256,0.29628444444444446,36.285933949975544,36.285933949975544,36.29604506108665,36.308842360463615,36.334917284508755,39.63434057622898,2.833918492210877,6.133341783931101,2.48865071323322,0.0,0.012797299376963167,0.026074924045140335
467,33.519642335576485,96,256,10,4,0,5,34.0314590385409,0,0.07987911111111111,34.11133814965201,34.11133814965201,34.11576037187424,34.130227959591544,34.155928545529044,36.61546850127371,0.6362862099525586,3.0958261656972255,0.511816702964417,0.0,0.014467587717305719,0.02570058593749991
468,33.55165910442834,96,1664,0,6,0,6,36.285933949975544,1536,0.04854755555555555,36.3344815055311,36.3344815055311,36.34672594997554,36.36099269683515,36.38704225738202,38.8514951172446,2.835383152953682,5.2998360128162645,2.734274845547205,0.0,0.014266746859604496,0.02604956054687335
469,33.608146456271406,160,3200,2,4,1,6,34.11133814965201,3008,0.07093333333333333,34.18227148298535,34.18227148298535,34.20304926076313,34.20733118224779,34.23317664123217,38.38166883493255,0.6250301849607638,4.773522378661141,0.5031916933806073,0.0,0.004281921484661666,0.025845458984377956
470,33.667030355664615,128,960,20,6,1,1,36.3344815055311,256,0.20643555555555557,36.54091706108666,36.54091706108666,36.54925039441999,36.56910133941327,36.595042062069524,39.89676977544773,2.9280117064049094,6.229739419783115,2.667451149866487,0.0,0.019850944993279995,0.02594072265625158
471,33.77642845473985,128,2304,50,6,1,7,36.54091706108666,256,0.5838008888888889,37.12471794997555,37.12471794997555,37.140517949975546,37.16586149566327,37.191829180322365,40.50065356451023,3.415400725582515,6.72422510977038,2.7644886063468093,0.0,0.025343545687725566,0.025967684659093493
472,33.85388349808679,64,1408,8,4,1,0,34.18227148298535,960,0.13666844444444445,34.318939927429795,34.318939927429795,34.32976214965202,34.33656335998217,34.36238834603128,35.991144540615224,0.5085048479444936,2.1372610425284364,0.328387984898562,0.0,0.006801210330152685,0.0258249860491091
473,33.992355271013786,64,4096,0,6,0,6,37.12471794997555,0,1.1580657777777779,38.282783727753326,38.282783727753326,38.30853928330888,38.331170326507994,38.35726421601692,40.00318383794773,4.364908945003137,6.010828566933945,3.132362678961762,0.0,0.022631043199112355,0.026093889508928214
474,34.067751603759675,64,1344,17,4,1,6,34.318939927429795,1024,0.10092088888888888,34.41986081631868,34.41986081631868,34.43032748298535,34.4398662338661,34.46567183689344,36.095481763922514,0.39792023313376745,2.0277301601628395,0.2511883236701209,0.0,0.009538750880750513,0.025805603027343693
475,34.06815649886459,64,2496,6,7,1,4,34.06815649886459,256,0.6377102222222223,34.705866721086814,34.705866721086814,34.72273338775348,34.72423843592545,34.75055956222754,36.38925702549018,0.6824030633629476,2.3211005266255924,0.0,0.0,0.0015050481719711684,0.026321126302086384
476,34.12155211609207,160,1152,125,7,0,,34.705866721086814,256,0.2603448888888889,34.9662116099757,34.9662116099757,34.9756116099757,34.98630915532649,35.012202221732736,39.161788655652,0.8906501056406668,5.040236539559935,0.584314604994745,0.0,0.010697545350787152,0.025893066406247556
477,34.172051951517346,96,1664,0,4,1,6,34.41986081631868,1536,0.04854755555555555,34.46840837187424,34.46840837187424,34.48065281631868,34.49147792820204,34.517285165615235,36.98141218616954,0.3452332140978882,2.809360234652196,0.24780886480133546,0.0,0.010825111883356442,0.025807237413197015
478,34.39042208118838,64,2432,30,7,0,7,34.9662116099757,2240,0.06862933333333333,35.034840943309035,35.034840943309035,35.05135205442015,35.063989819388986,35.08998200688899,36.72850263095893,0.6995599257006049,2.3380805497705452,0.5757895287873183,0.0,0.012637764968836507,0.025992187500001762
479,34.56601443815741,96,640,152,3,0,,34.56601443815741,256,0.11658666666666667,34.68260110482408,34.68260110482408,34.68915666037964,34.69867117791735,34.72519962030016,37.21862475050849,0.15918518214274968,2.6526103123510794,0.0,0.0,0.009514517537709821,0.026528442382812045
480,34.62908739000184,160,4672,7,4,1,7,34.62908739000184,256,1.2486826666666666,35.87777005666851,35.87777005666851,35.906725612224065,35.913005380458976,35.93905127889648,40.15362191924245,1.3099638888946359,5.524534529240604,0.0,0.0,0.006279768234911387,0.026045898437502046
481,34.7090120038797,128,512,3,1,0,3,34.7090120038797,0,0.15175822222222224,34.86077022610192,34.86077022610192,34.86661467054636,34.881021515457405,34.9068496404574,38.198545237788124,0.19783763657770237,3.489533233908425,0.0,0.0,0.014406844911043493,0.02582812499999676
482,34.73180112961207,160,2176,1,7,0,7,35.034840943309035,2048,0.050083555555555555,35.08492449886459,35.08492449886459,35.10001338775348,35.115974682670235,35.14198518071711,39.29363296368772,0.4101840511050341,4.561831834075647,0.3030398136969623,0.0,0.015961294916756685,0.0260104980468725
483,35.04236902088665,64,1664,0,7,1,4,35.08492449886459,1536,0.04854755555555555,35.133472054420146,35.133472054420146,35.14571649886459,35.16799616704523,35.19396784673273,36.833107123146426,0.15159882584607942,1.7907381022597733,0.042555477977934686,0.0,0.022279668180644308,0.025971679687501137
484,35.090498299930985,64,832,44,4,1,7,35.87777005666851,256,0.170496,36.04826605666851,36.04826605666851,36.055888278890734,36.069485263271474,36.095481763922514,37.74138494007579,1.004983463991529,2.6508866401448046,0.7872717567375247,0.0,0.013596984380740196,0.025996500651039867
485,35.1381459454421,64,1152,85,1,0,,35.1381459454421,256,0.2603448888888889,35.398490834330985,35.398490834330985,35.407890834330985,35.4235146795199,35.449284088699585,37.085079881342814,0.31113814325748734,1.9469339359007165,0.0,0.0,0.015623845188912355,0.02576940917968784
486,35.148279122635586,128,1344,37,3,1,4,35.148279122635586,256,0.3142542222222222,35.46253334485781,35.46253334485781,35.473000011524476,35.489427973164744,35.515612055195994,38.848652570913984,0.36733293256040866,3.7003734482783983,0.0,0.0,0.01642796164026805,0.02618408203125
487,35.16918835255047,160,2048,16,7,0,2,35.16918835255047,0,0.5830328888888889,35.75222124143936,35.75222124143936,35.76659901921713,35.79145124517024,35.81743741053482,39.98041551577105,0.6482490579843514,4.811227163220579,0.0,0.0,0.024852225953104323,0.025986165364585645
488,35.17064427292871,64,4736,7,1,1,4,35.398490834330985,4160,0.182208,35.58069883433099,35.58069883433099,35.6100099454421,35.629683624832396,35.655764777176145,37.29387558446781,0.48512050424743336,2.123231311539101,0.22784656140227355,0.0,0.019673679390294296,0.026081152343749636
489,35.22536901013855,64,1664,0,4,1,7,36.04826605666851,1536,0.04854755555555555,36.09681361222407,36.09681361222407,36.10905805666851,36.121540650641265,36.14755887980793,37.79419988148204,0.9221898696693813,2.5688308713434864,0.8228970465299597,0.0,0.012482593972755751,0.02601822916666663
490,35.26770089300757,128,1664,0,4,0,4,36.09681361222407,1536,0.04854755555555555,36.145361167779626,36.145361167779626,36.15760561222407,36.17357759725585,36.199567273595136,39.560008637992446,0.9318663805875644,4.292307744984875,0.8291127192164964,0.0,0.015971985031782765,0.02598967633928595
491,35.29137639830729,96,2048,0,7,0,4,35.75222124143936,0,0.5830328888888889,36.335254130328245,36.335254130328245,36.34963190810602,36.36325967615982,36.38925702549018,38.87334785975357,1.0978806271828887,3.5819714614462796,0.4608448431320653,0.0,0.013627768053801503,0.025997349330360464
492,35.531347362189805,96,1216,77,1,0,,35.58069883433099,256,0.27831466666666665,35.859013500997655,35.859013500997655,35.86876905655321,35.89028709162927,35.91622495784021,38.38067398127771,0.38487759565040136,2.849326619087904,0.04935147214118274,0.0,0.021518035076056208,0.02593786621093841
493,35.69189020082141,128,1024,24,2,0,2,35.69189020082141,832,0.06440533333333334,35.756295534154745,35.756295534154745,35.764984423043636,35.772712559097975,35.79876968800423,39.0833798295283,0.10687948718281604,3.3914896287068856,0.0,0.0,0.0077281360543395294,0.026057128906252558
494,35.74814375820723,160,4800,7,7,1,1,36.335254130328245,4480,0.11128888888888888,36.44654301921713,36.44654301921713,36.476209685883795,36.49308319736518,36.51923895908393,40.699724036278866,0.7710952008767009,4.9515802780716385,0.5871103721210176,0.0,0.016873511481385606,0.026155761718747783
495,35.77158851385166,64,2176,1,1,1,7,35.859013500997655,2048,0.050083555555555555,35.90909705655321,35.90909705655321,35.9241859454421,35.9421633123324,35.96812688655115,37.60434113622563,0.19653837269948582,1.8327526223739667,0.08742498714599378,0.0,0.017977366890299606,0.02596357421874984
496,35.894887066766,96,1664,0,2,1,4,35.894887066766,1536,0.04854755555555555,35.94343462232156,35.94343462232156,35.955679066766,35.98118326222298,36.007182163590166,38.461721795751636,0.1122950968241625,2.566834728985633,0.0,0.0,0.0255041954569748,0.02599890136718841
497,35.9055784461769,128,2176,5,0,1,5,35.9055784461769,1472,0.21008355555555558,36.11566200173245,36.11566200173245,36.13075089062134,36.13638633905194,36.16201231561444,39.485150644529995,0.25643386943754365,3.579572198353098,0.0,0.0,0.005635448430595602,0.025625976562501762
498,36.04948702656374,160,3200,2,0,1,4,36.11566200173245,2368,0.2487111111111111,36.364373112843566,36.364373112843566,36.38515089062135,36.39325661899986,36.419175564312354,40.5985227008916,0.36968853774861543,4.549035674327861,0.06617497516871396,0.0,0.00810572837850998,0.0259189453124975
499,36.306382244976184,64,4224,131,3,0,,36.306382244976184,256,1.1228942222222222,37.429276467198406,37.429276467198406,37.45574313386507,37.45715990675849,37.483805292500676,39.13878509044523,1.177423047524492,2.8324028454690477,0.0,0.0,0.0014167728934211254,0.026645385742185113
500,36.32932303388862,160,768,92,0,1,1,36.364373112843566,256,0.15252622222222223,36.51689933506579,36.51689933506579,36.52416600173245,36.54896446405194,36.574819688661314,40.756658736047854,0.245496654772694,4.427335702159233,0.03505007895494572,0.0,0.024798462319488124,0.02585522460937284
501,36.44604717018907,96,4416,47,2,1,6,36.44604717018907,256,1.1768035555555554,37.62285072574463,37.62285072574463,37.65038405907796,37.65506106984017,37.68123978077767,40.1457206905309,1.235192610588605,3.6996735203418325,0.0,0.0,0.004677010762215161,0.026178710937500682
502,36.646422123111435,96,2176,1,0,1,1,36.646422123111435,2048,0.050083555555555555,36.69650567866699,36.69650567866699,36.71159456755588,36.72996129022382,36.75586070428632,39.247486233257675,0.10943858117488503,2.6010641101462397,0.0,0.0,0.018366722667941815,0.025899414062500625
503,36.68569334940942,160,1408,37,3,0,3,37.429276467198406,1216,0.06555733333333334,37.49483380053174,37.49483380053174,37.50565602275396,37.51045116652411,37.536905756367865,41.73294752534106,0.8512124069584459,5.047254175931641,0.7435831177889867,0.0,0.004795143770152777,0.02645458984375182
504,36.728217447870236,128,4352,51,4,1,2,36.728217447870236,256,1.1588337777777777,37.887051225648015,37.887051225648015,37.914229003425795,37.927186535127866,37.95391688180755,41.337148774711196,1.225699433937315,4.60893132684096,0.0,0.0,0.012957531702070924,0.026730346679684658
505,36.77098002183838,160,1664,0,2,0,2,37.62285072574463,1536,0.04854755555555555,37.671398281300185,37.671398281300185,37.683642725744626,37.707418979996426,37.733506870621426,41.86019535415937,0.9625268487830425,5.08921533232099,0.8518707039062434,0.0,0.023776254251799855,0.026087890624999943
506,36.84995501231176,64,2176,5,3,1,0,37.49483380053174,1984,0.06786133333333334,37.56269513386507,37.56269513386507,37.57778402275396,37.58981640089911,37.61620686313869,39.27022014903898,0.7662518508269329,2.4202651367272168,0.6448787882199767,0.0,0.012032378145150346,0.026390462239582746
507,36.888198043043516,128,2240,90,0,1,1,36.888198043043516,256,0.5658311111111111,37.454029154154625,37.454029154154625,37.46947359859907,37.482700059755075,37.508746837098826,40.862997114954105,0.6205487940553098,3.9747990719105886,0.0,0.0,0.01322646115600179,0.02604677734375116
508,36.91331342083718,160,2368,22,1,0,1,36.91331342083718,2112,0.0862151111111111,36.999528531948286,36.999528531948286,37.01568408750384,37.03305383967614,37.05906661636885,41.177490175939155,0.14575319553167532,4.264176755101978,0.0,0.0,0.017369752172299968,0.02601277669270985
509,36.92044679979642,160,1472,37,2,1,3,37.671398281300185,256,0.35019377777777777,38.02159205907796,38.02159205907796,38.032769836855735,38.04659964405892,38.072618784683925,42.19955883072187,1.1521719848875023,5.279112030925447,0.7509514815037619,0.0,0.013829807203187272,0.02601914062500299
510,37.00032327203057,96,704,32,2,1,5,38.02159205907796,256,0.13455644444444445,38.1561485035224,38.1561485035224,38.16305961463351,38.17670022999643,38.20260884002247,40.663086060539584,1.2022855679919005,3.6627627885090135,1.02126878704739,0.0,0.01364061536291672,0.025908610026043277
511,37.01359532825463,128,5248,3,0,1,3,37.454029154154625,4928,0.1126328888888889,37.566662043043515,37.566662043043515,37.59881759859907,37.61293882928633,37.639240261577996,40.99664701729785,0.6256449333233647,3.983051689043222,0.44043382589999425,0.0,0.014121230687258901,0.02630143229166748
512,37.16567972585755,64,2496,14,1,1,6,37.16567972585755,2112,0.12215466666666666,37.28783439252422,37.28783439252422,37.30470105919088,37.31966672216313,37.345543772944374,38.98253156591312,0.17986404708682358,1.8168518400555698,0.0,0.0,0.014965662972244331,0.025877050781247135
513,37.17373036029835,96,3200,2,3,1,0,37.56269513386507,3072,0.05315555555555555,37.615850689420625,37.615850689420625,37.636628467198406,37.64259781365953,37.669013689775596,40.17139413992439,0.49528332947724607,2.9976637796260377,0.38896477356671966,0.0,0.005969346461121461,0.02641587611606866
514,37.17608136102928,96,1152,145,7,0,,37.17608136102928,256,0.2603448888888889,37.43642624991817,37.43642624991817,37.44582624991817,37.46237938877143,37.48849462314643,39.98041551577105,0.31241326211714693,2.804334154741767,0.0,0.0,0.016553138853261373,0.02611523437499841
515,37.21898460148549,96,1600,21,2,1,5,38.1561485035224,256,0.3861333333333334,38.542281836855736,38.542281836855736,38.554170725744626,38.56542433481414,38.591326922704766,41.052891968742706,1.3723423212192785,3.8339073672572184,0.9371639020369145,0.0,0.011253609069513004,0.02590258789062716
516,37.24509657924647,64,1664,4,3,0,3,37.615850689420625,1472,0.06632533333333333,37.68217602275396,37.68217602275396,37.6944204671984,37.69543005417292,37.72177136276667,39.375571711538974,0.47667478352019543,2.130475132292503,0.37075411017415405,0.0,0.0010095869745185837,0.026341308593750057
517,37.3260058982974,96,4672,15,0,1,1,37.566662043043515,4096,0.182016,37.74867804304351,37.74867804304351,37.77763359859907,37.79705910923425,37.823503445171745,40.33452530505827,0.49749754687434233,3.0085194067608683,0.24065614474611152,0.0,0.019425510635180387,0.026444335937497954
518,37.400169491874905,96,1536,13,2,1,0,38.542281836855736,256,0.3681635555555556,38.91044539241129,38.91044539241129,38.92197872574462,38.92810499887664,38.95399164787218,41.41713562108646,1.553822155997274,4.0169661292115535,1.1421123449808306,0.0,0.006126273132018412,0.025886648995538053
519,37.447002520617595,96,4480,11,3,1,5,37.68217602275396,256,1.1947733333333332,38.87694935608729,38.87694935608729,38.904838244976176,38.927437434195234,38.95385418224211,41.470295995393144,1.5068516616245162,4.023293474775549,0.23517350213636234,0.0,0.02259918921905779,0.026416748046877103
520,37.54113770720212,128,1664,0,2,0,2,38.91044539241129,1536,0.04854755555555555,38.95899294796685,38.95899294796685,38.97123739241129,38.97987878514896,39.00575702001224,42.30430638931562,1.4646193128101217,4.763168682113502,1.3693076852091721,0.0,0.008641392737672504,0.025878234863277783
521,37.87694031413096,160,4096,79,3,0,,38.87694935608729,0,1.1580657777777779,40.035015133865066,40.035015133865066,40.06077068942062,40.06484042898689,40.09147812429939,44.321534610302,2.21453781016843,6.44459429617104,1.000009041956325,0.0,0.004069739566268993,0.02663769531250182
522,37.95207305782293,64,1280,49,0,0,0,37.95207305782293,1088,0.06517333333333333,38.01724639115626,38.01724639115626,38.02735750226737,38.03507571079674,38.061421474956894,39.72328150390499,0.10934841713396537,1.7712084460820634,0.0,0.0,0.007718208529368553,0.026345764160154772
523,37.98065103271511,160,1664,0,2,0,2,38.95899294796685,1536,0.04854755555555555,39.00754050352241,39.00754050352241,39.01978494796685,39.03163574315677,39.05750754220191,43.208090853833845,1.0768565094868023,5.227439821118736,0.9783419152517396,0.0,0.011850795189921826,0.025871799045141586
524,38.128215837176334,128,1664,9,2,1,0,39.00754050352241,1344,0.10188088888888888,39.10942139241129,39.10942139241129,39.12166583685573,39.135203437926734,39.161104859367704,42.46314769790936,1.0328890221913696,4.334931860733029,0.8793246663460721,0.0,0.013537601071000438,0.025901421440970296
525,38.18742178154237,128,1728,9,3,1,2,40.035015133865066,256,0.42207288888888894,40.45708802275396,40.45708802275396,40.46968802275396,40.49122324148689,40.517675878205644,43.896308658153565,2.3302540966632748,5.708886876611196,1.847593352322697,0.0,0.021535218732935846,0.02645263671875142
526,38.281109899471204,96,4288,155,2,0,,39.10942139241129,256,1.140864,40.25028539241129,40.25028539241129,40.277107614633515,40.30028880576528,40.32619972156389,42.81058877863853,2.0450898220926845,4.529478879167328,0.8283114929400881,0.0,0.02318119113176209,0.02591091579861171
527,38.327300195821735,64,5248,3,4,1,0,38.327300195821735,4352,0.27263288888888887,38.59993308471062,38.59993308471062,38.632088640266176,38.64940402373463,38.676376802054946,40.36854965361744,0.34907660623321135,2.0412494577957077,0.0,0.0,0.017315383468456957,0.02697277832031375
528,38.39453931610909,96,4416,51,3,1,4,40.45708802275396,256,1.1768035555555554,41.633891578309516,41.633891578309516,41.66142491164285,41.68003883393481,41.70649293549731,44.24220514252857,3.3119536193882197,5.84766582641948,2.0625487066448684,0.0,0.018613922291962126,0.026454101562499943
529,38.6949051325386,96,2560,6,7,0,7,38.6949051325386,2368,0.06901333333333334,38.76391846587193,38.76391846587193,38.781140688094155,38.79487890049018,38.821034731963394,41.3314601039872,0.12612959942479307,2.6365549714485965,0.0,0.0,0.013738212396027905,0.026155831473211322
530,38.70960555940561,96,1664,0,4,1,2,38.70960555940561,1536,0.04854755555555555,38.75815311496117,38.75815311496117,38.77039755940561,38.7842727981487,38.81101547392995,41.337148774711196,0.10140991452433923,2.627543215305586,0.0,0.0,0.013875238743089824,0.026742675781250114
531,38.71288897099475,64,704,48,1,1,5,38.71288897099475,256,0.13455644444444445,38.84744541543919,38.84744541543919,38.8543565265503,38.878751373855835,38.904678945470415,40.53047303726729,0.19178997447566815,1.8175840662725449,0.0,0.0,0.02439484730553687,0.025927571614580813
532,38.74905286634414,128,2624,10,5,0,5,38.74905286634414,2368,0.08698311111111111,38.836035977455246,38.836035977455246,38.85361375523303,38.859240135037545,38.88543935378755,42.21444811029795,0.13638648744340998,3.4653952439538145,0.0,0.0,0.005626379804517967,0.026199218750001307
533,38.77199199393658,128,4224,143,0,0,,38.77199199393658,256,1.1228942222222222,39.8948862161588,39.8948862161588,39.92135288282547,39.93627486328,39.96297391926958,43.28392885323535,1.1909819253329985,4.511936859298771,0.0,0.0,0.01492198045453108,0.026699055989581666
534,38.81891481230395,64,2176,5,1,1,3,38.84744541543919,2048,0.050083555555555555,38.89752897099474,38.89752897099474,38.91261785988363,38.93060700536625,38.95656904149906,40.58226649429854,0.13765422919510684,1.7633516819945854,0.028530603135237698,0.0,0.01798914548261621,0.02596203613281034
535,38.86322407272034,160,3200,2,7,1,3,38.86322407272034,3072,0.05315555555555555,38.9163796282759,38.9163796282759,38.93715740605368,38.951876424206695,38.978108636818305,43.18443846615237,0.114884564097963,4.3212143934320295,0.0,0.0,0.01471901815301635,0.02623221261161035
536,38.94324083437616,128,2048,89,5,0,,38.94324083437616,0,0.5830328888888889,39.52627372326505,39.52627372326505,39.540651501042824,39.54139882644379,39.56754579910004,42.899063343704135,0.6243049647238763,3.955822509327973,0.0,0.0,0.0007473254009653374,0.026146972656249545
537,39.05042412119344,160,3200,2,7,0,7,39.05042412119344,3072,0.05315555555555555,39.10357967674899,39.10357967674899,39.12435745452677,39.13551216639419,39.161788655652,43.37048582943362,0.11136453445856631,4.320061708240182,0.0,0.0,0.011154711867419564,0.026276489257810454
538,39.05145074624748,96,4096,7,5,0,7,39.52627372326505,0,1.1580657777777779,40.68433950104283,40.68433950104283,40.710095056598384,40.71849599441254,40.74494195795421,43.2402363783721,1.6934912117067284,4.18878563212462,0.4748229770175669,0.0,0.008400937814158738,0.026445963541668505
539,39.27118701157582,160,1280,65,5,0,5,40.68433950104283,1088,0.06517333333333333,40.74951283437616,40.74951283437616,40.75962394548727,40.771388409777124,40.797629864855246,44.95896831196585,1.526442853279427,5.687781300390029,1.4131524894670093,0.0,0.011764464289854004,0.02624145507812159
540,39.30288675088367,96,512,15,1,0,0,39.30288675088367,0,0.15175822222222224,39.45464497310589,39.45464497310589,39.460489417550335,39.47409471695479,39.49981468765791,41.95666517593916,0.19692793677423737,2.653778425055485,0.0,0.0,0.01360529940445332,0.02571997070312193
541,39.436625337359224,160,2560,14,7,1,1,39.436625337359224,256,0.65568,40.09230533735922,40.09230533735922,40.109527559581444,40.113970813622615,40.140590833153865,44.34843045833987,0.7039654957946411,4.911805120980645,0.0,0.0,0.004443254041170519,0.026620019531250705
542,39.46007473842179,160,2176,1,5,1,0,40.74951283437616,1920,0.08563911111111111,40.835151945487276,40.835151945487276,40.850240834376166,40.87635715977712,40.90256438633962,45.06329194477835,1.4424896479178315,5.603217206356561,1.2894380959543739,0.0,0.026116325400955986,0.026207226562497965
543,39.57269676431398,64,2240,26,7,1,0,40.09230533735922,256,0.5658311111111111,40.65813644847033,40.65813644847033,40.67358089291478,40.699724036278866,40.72608917299762,42.38743293927365,1.1533924086836365,2.8147361749596698,0.5196085730452396,0.0,0.026143143364087962,0.02636513671875207
544,39.577580242761286,64,4096,129,5,0,,40.835151945487276,0,1.1580657777777779,41.993217723265055,41.993217723265055,42.01897327882061,42.029937042589616,42.0562943017042,43.71071049946585,2.478714058942913,4.133130256704561,1.2575717027259898,0.0,0.010963763769005652,0.026357259114583087
545,39.75341326582263,64,1664,0,1,1,4,39.75341326582263,1536,0.04854755555555555,39.80196082137819,39.80196082137819,39.81420526582263,39.83421874039229,39.85996268570479,41.48853021500165,0.10654941988215683,1.735116949179023,0.0,0.0,0.02001347456965874,0.025743945312498795
546,39.82216365522589,96,2176,1,7,1,5,40.65813644847033,2048,0.050083555555555555,40.70822000402588,40.70822000402588,40.72330889291477,40.72608917299762,40.75240427716428,43.26402586849612,0.9302406219383883,3.441862213270227,0.8359727932444372,0.0,0.0027802800828453655,0.02631510416666316
547,39.82588610595352,96,2304,54,5,1,0,41.993217723265055,256,0.5838008888888889,42.57701861215394,42.57701861215394,42.59281861215394,42.609960317329204,42.636290639594826,45.11542744282522,2.8104045336413037,5.2895413368717,2.1673316173115325,0.0,0.0171417051752627,0.02633032226562193
548,39.841197461846455,160,960,76,0,0,0,39.8948862161588,768,0.06421333333333333,39.95909954949214,39.95909954949214,39.96743288282547,39.98967346354041,40.01619759858506,44.15817726632129,0.17500013673860337,4.316979804474833,0.05368875431234699,0.0,0.022240580714942837,0.026524135044645902
549,39.94309491391469,160,1664,21,4,1,2,39.94309491391469,256,0.40410311111111114,40.347198025025804,40.347198025025804,40.359442469470245,40.36854965361744,40.39482406767994,44.54166807732157,0.4517291537652497,4.598573163406876,0.0,0.0,0.009107184147197245,0.026274414062498863
550,39.964827001271686,160,4416,19,7,1,5,40.70822000402588,256,1.1768035555555554,41.88502355958144,41.88502355958144,41.91255689291477,41.937224850080945,41.96370377260698,46.168542616542986,1.998876771335297,6.2037156152712996,0.7433930027541962,0.0,0.024667957166172982,0.026478922526038673
551,39.96557530283122,128,2176,1,1,1,7,39.96557530283122,2048,0.050083555555555555,40.01565885838677,40.01565885838677,40.03074774727566,40.04018397476729,40.06598426773604,43.3687275782829,0.10040896490482254,3.4031522754516814,0.0,0.0,0.009436227491626425,0.025800292968753524
552,39.97682175958302,128,1664,0,5,1,1,42.57701861215394,1536,0.04854755555555555,42.6255661677095,42.6255661677095,42.63781061215394,42.6626214501417,42.68887863485152,46.010614332861174,2.7120568752685017,6.033792573278156,2.6001968525709245,0.0,0.02481083798775785,0.02625718470982008
553,40.09390396632345,128,1472,8,4,0,4,40.347198025025804,1280,0.06574933333333334,40.41294735835914,40.41294735835914,40.424125136136915,40.447374360648695,40.47351095732838,43.784505357595,0.3796069910049269,3.6906013912715494,0.2532940587023518,0.0,0.023249224511779687,0.026136596679684487
554,40.20537016912907,96,3200,2,5,1,7,42.6255661677095,3072,0.05315555555555555,42.678721723265056,42.678721723265056,42.69949950104284,42.71513630784259,42.741432511455876,45.220220818476264,2.536062342326808,5.014850649347196,2.420195998580432,0.0,0.015636806799754766,0.026296203613284774
555,40.23979884536096,64,2176,150,1,0,,40.23979884536096,256,0.5478613333333333,40.78766017869429,40.78766017869429,40.80274906758318,40.81491957047041,40.84081429703291,42.479924453282905,0.6010154516719481,2.2401256079219465,0.0,0.0,0.012170502887229873,0.02589472656249825
556,40.39415127362942,160,2624,6,4,1,7,40.41294735835914,2304,0.10476088888888889,40.51770824724803,40.51770824724803,40.53528602502581,40.551923677054944,40.5780907668987,44.72468919548563,0.1839394932692784,4.330537921856212,0.01879608472972194,0.0,0.016637652029132255,0.026167089843752933
557,40.512975484968635,128,1216,12,5,1,6,42.678721723265056,704,0.15387022222222224,42.83259194548728,42.83259194548728,42.84234750104284,42.8466222087215,42.87284253207219,46.194313917822114,2.359867047103556,5.6813384328534795,2.165746238296421,0.0,0.004274707678661116,0.026220323350692354
558,40.52105950777364,64,2048,1,0,0,1,40.52105950777364,0,0.5830328888888889,41.10409239666253,41.10409239666253,41.118470174440304,41.12807523995411,41.15426664620411,42.7908980915166,0.6332071384304641,2.2698385837429598,0.0,0.0,0.009605065513802913,0.026191406249999716
559,40.55820582954476,64,2176,1,6,1,1,40.55820582954476,2048,0.050083555555555555,40.60828938510031,40.60828938510031,40.6233782739892,40.6233782739892,40.649440773989205,42.28925529221837,0.09123494444444447,1.7310494626736102,0.0,0.0,0.0,0.026062500000001876
560,40.7493499810124,160,4352,151,7,1,6,41.88502355958144,256,1.1588337777777777,43.04385733735922,43.04385733735922,43.071035115137,43.0781429978674,43.104807467268444,47.292968080410176,2.355457486256043,6.543618099397776,1.1356735785690404,0.0,0.007107882730402082,0.026664469401040947
561,40.753848364342424,160,1344,33,6,1,4,40.753848364342424,256,0.3142542222222222,41.06810258656465,41.06810258656465,41.078569253231315,41.092577981020455,41.1184417505517,45.235532145361965,0.36459338620927895,4.481683781019541,0.0,0.0,0.014008727789139641,0.025863769531248693
562,40.83228695276536,128,512,0,0,0,5,41.10409239666253,0,0.15175822222222224,41.25585061888475,41.25585061888475,41.26169506332919,41.28523100167286,41.31118925362599,44.60017482491503,0.4789023008606321,3.7678878721496716,0.271805443897172,0.0,0.023535938343670182,0.025958251953127842
563,40.944757731854295,128,4352,27,4,1,6,40.944757731854295,256,1.1588337777777777,42.103591509632075,42.103591509632075,42.130769287409855,42.14194792835703,42.168205984997655,45.48816046362179,1.22344825314336,4.543402731767493,0.0,0.0,0.011178640947171914,0.026258056640628524
564,40.94536791407929,96,1664,0,7,1,5,43.04385733735922,1536,0.04854755555555555,43.09240489291478,43.09240489291478,43.10464933735922,43.104807467268444,43.131350645281834,45.639125868496116,2.185982731202543,4.693757954416824,2.098489423279929,0.0,0.00015812990922370318,0.0265431780133909
565,41.05955864891422,64,3200,2,6,1,5,41.06810258656465,3072,0.05315555555555555,41.121258142120205,41.121258142120205,41.142035919897985,41.144306008364204,41.17040333909337,42.80524059495274,0.11084469017914955,1.7456819460385233,0.008543937650429712,0.0,0.002270088466218567,0.02609733072916498
566,41.079050714696756,160,1088,16,4,1,2,42.103591509632075,256,0.2423751111111111,42.345966620743184,42.345966620743184,42.355011065187625,42.37828801624765,42.404404227185154,46.57151713679887,1.3253535124883982,5.492466422102112,1.0245407949353194,0.0,0.023276951060026363,0.02611621093750216
567,41.114233195537224,160,2048,11,7,0,3,43.09240489291478,0,0.5830328888888889,43.675437781803666,43.675437781803666,43.68981555958144,43.68983934505862,43.71633211849612,47.89226621447827,2.602098922958895,6.778033018941045,1.9781716973775545,0.0,2.3785477182514114e-05,0.026492773437496453
568,41.184170329334954,160,3200,2,1,1,6,41.184170329334954,3072,0.05315555555555555,41.23732588489051,41.23732588489051,41.25810366266829,41.28076654312665,41.30673529312665,45.46323764501467,0.1225649637916959,4.279067315679718,0.0,0.0,0.022662880458362622,0.025968749999996987
569,41.208198940879214,128,896,44,7,1,4,43.675437781803666,640,0.0817991111111111,43.757236892914776,43.757236892914776,43.76521467069255,43.76931913021487,43.79563724544924,47.13549532650392,2.5874383045700284,5.927296385624707,2.467238840924452,0.0,0.004104459522316972,0.026318115234374773
570,41.46151860096257,64,1792,9,1,1,3,41.46151860096257,256,0.4400426666666667,41.90156126762923,41.90156126762923,41.91451682318479,41.93067962906416,41.95666517593916,43.60352562515791,0.4951465749765873,2.142007024195337,0.0,0.0,0.016162805879368136,0.025985546874998988
571,41.46552289308678,96,832,28,4,0,4,42.345966620743184,640,0.06382933333333334,42.409795954076515,42.409795954076515,42.41741817629874,42.4305209264039,42.45651962432057,44.93364371557492,0.9909967312337926,3.468120822488139,0.8804437276564059,0.0,0.013102750105161931,0.025998697916669755
572,41.55466039011755,96,256,2,4,0,1,42.409795954076515,0,0.07987911111111111,42.489675065187626,42.489675065187626,42.49409728740985,42.50851848499765,42.53439362450658,45.01234391088742,0.9797332343890304,3.4576835207698693,0.8551355639589673,0.0,0.014421197587800805,0.02587513950892628
573,41.715393639704175,128,512,71,6,0,,41.715393639704175,0,0.15175822222222224,41.867151861926395,41.867151861926395,41.87299630637084,41.875215839093364,41.90111159104649,45.183429769059885,0.18571795134231195,3.46803612935571,0.0,0.0,0.0022195327225276174,0.025895751953122215
574,41.84416186147851,128,2048,0,1,0,7,41.90156126762923,0,0.5830328888888889,42.48459415651812,42.48459415651812,42.498971934295895,42.50611732437665,42.5322623439079,45.855960789545925,0.688100482429391,4.011798928067414,0.05739940615072214,0.0,0.007145390080758318,0.026145019531249147
575,41.920483235061795,160,4480,51,4,1,3,42.489675065187626,4224,0.09255111111111111,42.58222617629874,42.58222617629874,42.61011506518763,42.61202197272087,42.638062866275554,46.810231687580114,0.7175796312137592,4.889748452518319,0.5691918301258312,0.0,0.0019069075332396324,0.026040893554686306
576,41.939874652602626,160,1664,4,6,1,3,41.939874652602626,1280,0.11965866666666666,42.05953331926929,42.05953331926929,42.07177776371373,42.082395526593366,42.10827775315587,46.22596159918451,0.1684031005532418,4.286086946581882,0.0,0.0,0.01061776287963312,0.025882226562501387
577,42.06268744734568,160,512,0,6,0,7,42.06268744734568,0,0.15175822222222224,42.2144456695679,42.2144456695679,42.22029011401234,42.23769621018712,42.26347550706212,46.382561975858614,0.20078805971643732,4.319874528512933,0.0,0.0,0.017406096174774177,0.025779296875001023
578,42.14127579897561,96,1664,0,0,1,7,42.14127579897561,1536,0.04854755555555555,42.18982335453117,42.18982335453117,42.20206779897561,42.22003568917286,42.24597885323536,44.70481056710253,0.10470305425974402,2.563534768126914,0.0,0.0,0.017967890197247982,0.02594316406249675
579,42.1429356098793,128,2304,26,1,1,7,42.48459415651812,256,0.5838008888888889,43.06839504540701,43.06839504540701,43.08419504540701,43.10757630875165,43.133726308751655,46.460113670405306,0.9907906988723525,4.317178060526004,0.34165854663881845,0.0,0.023381263344646186,0.026150000000001228
580,42.20311303474829,96,4416,55,2,1,0,42.20311303474829,4160,0.0923591111111111,42.2954721458594,42.2954721458594,42.32300547919273,42.33059886978437,42.357107658846864,44.87524937550423,0.15399462409857279,2.672136340755941,0.0,0.0,0.007593390591637217,0.026508789062496874
581,42.27660550181654,128,2048,14,0,0,7,42.27660550181654,0,0.5830328888888889,42.85963839070543,42.85963839070543,42.8740161684832,42.8946393024541,42.9205885212041,46.2302469277796,0.6439830193875622,3.9536414259630632,0.0,0.0,0.020623133970900653,0.025949218750000114
582,42.42795478822755,96,3200,2,6,1,1,42.42795478822755,3072,0.05315555555555555,42.48111034378311,42.48111034378311,42.50188812156089,42.52073107346837,42.54659313401525,45.00189635667149,0.11863834578769428,2.573941568443935,0.0,0.0,0.0188429519074802,0.025862060546877785
583,42.43902837670121,96,2240,150,2,1,1,42.43902837670121,256,0.5658311111111111,43.00485948781232,43.00485948781232,43.020303932256766,43.022795809888535,43.04917911066978,45.556676063562264,0.6101507339685739,3.117647686861055,0.0,0.0,0.002491877631769057,0.026383300781247954
584,42.468985355616816,128,4480,55,2,0,2,43.00485948781232,4288,0.07477333333333333,43.07963282114565,43.07963282114565,43.10752171003454,43.12833194270103,43.15491775813072,46.50451200106227,0.685932402513906,4.035526645445451,0.5358741321955023,0.0,0.0208102326664914,0.02658581542969074
585,42.489352409042596,64,4224,159,0,0,,42.85963839070543,256,1.1228942222222222,43.98253261292765,43.98253261292765,44.00899927959431,44.028395528040036,44.05435089913379,45.7041736855921,1.5649984900911917,3.2148212765495074,0.3702859816628319,0.0,0.019396248445723074,0.025955371093751012
586,42.57151325005907,128,512,16,0,0,4,43.98253261292765,0,0.15175822222222224,44.13429083514987,44.13429083514987,44.14013527959431,44.15817726632129,44.184075703821286,47.51766557392296,1.6125624537622159,4.946152323863892,1.4110193628685792,0.0,0.018041986726977655,0.025898437499996874
587,42.64253709730225,160,2432,22,6,1,1,42.64253709730225,256,0.6197404444444444,43.2622775417467,43.2622775417467,43.27878865285781,43.29404528245274,43.319852736879824,47.46019465272493,0.6773156395775715,4.817657555422677,0.0,0.0,0.015256629594929905,0.02580745442708121
588,42.64371832866106,160,1408,17,2,1,4,43.07963282114565,256,0.332224,43.41185682114565,43.41185682114565,43.42267904336787,43.4494839202401,43.47602371516197,47.66039588894358,0.8323053865009129,5.016677560282524,0.43591449248459213,0.0,0.026804876872226657,0.02653979492187375
589,42.64553318912892,96,2304,82,4,1,1,42.64553318912892,256,0.5838008888888889,43.22933407801781,43.22933407801781,43.245134078017806,43.263190795963055,43.28925188537278,45.77744106258012,0.6437186962438588,3.1319078734511976,0.0,0.0,0.018056717945249545,0.026061089409722626
590,42.66189139426389,160,1600,13,1,1,2,43.06839504540701,1216,0.11946666666666667,43.187861712073676,43.187861712073676,43.19975060096257,43.212179238439155,43.238269407709986,47.402179173335,0.5763780134460958,4.74028777907111,0.4065036511431188,0.0,0.012428637476588733,0.026090169270830188
591,42.824167451559546,96,2176,86,4,0,,43.22933407801781,256,0.5478613333333333,43.77719541135114,43.77719541135114,43.79228430024003,43.810612413259065,43.836714952321564,46.33348588679887,1.0125475007620182,3.5093184352393223,0.40516662645826074,0.0,0.018328113019038028,0.026102539062499375
592,42.84097006775061,160,4096,95,6,0,,43.2622775417467,0,1.1580657777777779,44.42034331952448,44.42034331952448,44.44609887508003,44.45586413010899,44.4818607818947,48.651209118056954,1.640890714144092,5.810239050306343,0.42130747399608737,0.0,0.00976525502895953,0.025996651785710867
593,43.254651731259464,160,2368,26,6,1,1,44.42034331952448,256,0.6017706666666667,45.022113986191144,45.022113986191144,45.0382695417467,45.05370983323399,45.07965284383667,49.25894283387727,1.8250011125772048,6.004291102617806,1.1656915882650125,0.0,0.015440291487287539,0.025943010602681227
594,43.257458266085834,96,2240,86,2,1,4,43.41185682114565,256,0.5658311111111111,43.97768793225676,43.97768793225676,43.993132376701205,44.00692215266197,44.033380941724474,46.53066737215602,0.7759226756386397,3.2732091060701833,0.1543985550598137,0.0,0.013789775960766804,0.02645878906250232
595,43.36996544611409,160,3200,2,0,1,6,44.13429083514987,3072,0.05315555555555555,44.187446390705425,44.187446390705425,44.208224168483206,44.209974629602534,44.23598455798795,48.41055632913129,0.8660191118738609,5.040590883017202,0.7643253890357826,0.0,0.001750461119328861,0.02600992838541316
596,43.42051954367478,64,4096,68,1,0,4,43.42051954367478,0,1.1580657777777779,44.57858532145256,44.57858532145256,44.60434087700811,44.623243276525095,44.64956837418134,46.303200486811555,1.2290488305065637,2.8826809431367764,0.0,0.0,0.018902399516981916,0.026325097656247465
597,43.48439953318981,96,1664,0,1,1,0,44.57858532145256,1536,0.04854755555555555,44.627132877008115,44.627132877008115,44.63937732145256,44.64956837418134,44.67580844579592,47.16611044774906,1.1914089126061143,3.681710914559254,1.0941857882627488,0.0,0.010191052728785621,0.02624007161458053
598,43.530150585274626,96,4096,36,0,0,0,44.187446390705425,0,1.1580657777777779,45.345512168483204,45.345512168483204,45.37126772403876,45.38708839913377,45.41348683663377,47.91266801532921,1.8833362513591467,4.382517430054584,0.6572958054307989,0.0,0.01582067509501428,0.02639843749999926
599,43.56960557220606,96,1216,41,6,1,0,45.022113986191144,256,0.27831466666666665,45.30042865285781,45.30042865285781,45.31018420841337,45.313879899268215,45.339909603044255,47.82944123475618,1.7703040308381972,4.259835662550124,1.4525084139850861,0.0,0.0036956908548475553,0.026029703776039526
600,43.59363197381186,160,1664,0,2,1,1,43.97768793225676,1536,0.04854755555555555,44.026235487812315,44.026235487812315,44.038479932256756,44.05984021906822,44.086192107089055,48.26065607309536,0.4925601332771947,4.667024099283502,0.3840559584448968,0.0,0.021360286811464846,0.02635188802083377
601,43.61229531091542,64,5248,3,3,1,4,43.61229531091542,5120,0.05929955555555556,43.671594866470976,43.671594866470976,43.70375042202653,43.70894866466398,43.73588006114835,45.38979189383065,0.12358475023292925,1.7774965829152265,0.0,0.0,0.005198242637447947,0.026931396484371817
602,43.61726225964568,160,1856,9,2,1,1,44.026235487812315,1536,0.10245688888888889,44.1286923767012,44.1286923767012,44.14200348781231,44.16525070083905,44.19154060039263,48.365058416845365,0.5742783407469503,4.747796157199687,0.40897322816663717,0.0,0.023247213026742486,0.02628989955357497
603,43.63652519813674,160,3200,2,0,0,0,45.345512168483204,3072,0.05315555555555555,45.39866772403876,45.39866772403876,45.41944550181654,45.439885762415024,45.46631235746711,49.63578643167035,1.8297871593303725,5.999261233533609,1.7089869703464657,0.0,0.020440260598483917,0.026426595052086554
604,43.67189621194769,96,2432,26,6,0,6,45.30042865285781,2240,0.06862933333333333,45.369057986191144,45.369057986191144,45.38556909730226,45.39197047544009,45.418023977114196,47.90885462586946,1.7461277651665057,4.236958413921769,1.6285324409101207,0.0,0.006401378137830704,0.026053501674105917
605,43.70265059229443,160,4608,11,1,1,3,44.627132877008115,256,1.230712888888889,45.857845765897004,45.857845765897004,45.886445765897,45.908393650874046,45.934817381342796,50.10827152359542,2.232166789048364,6.405620931300987,0.9244822847136831,0.0,0.021947884977045362,0.026423730468749795
606,43.7087986831192,160,256,4,3,0,6,43.7087986831192,0,0.07987911111111111,43.78867779423031,43.78867779423031,43.793100016452534,43.81667718028898,43.84324885997648,47.97579207790492,0.13445017685727834,4.266993394785722,0.0,0.0,0.023577163836442594,0.02657167968749974
607,43.73903100606056,96,4224,59,2,0,,44.1286923767012,256,1.1228942222222222,45.251586598923424,45.251586598923424,45.27805326559009,45.29375718800423,45.320046878294406,47.81754139675608,1.5810158722338485,4.07851039069552,0.38966137064064554,0.0,0.01570392241413998,0.026289690290177248
608,43.75482255433658,96,2176,5,3,1,1,43.78867779423031,2048,0.050083555555555555,43.83876134978586,43.83876134978586,43.85385023867475,43.86982102794523,43.896308658153565,46.368727155874915,0.14148610381698745,2.613904601538337,0.0338552398937324,0.0,0.015970789270475905,0.026487630208336554
609,43.77011661333239,64,4352,99,0,1,3,45.39866772403876,256,1.1588337777777777,46.55750150181654,46.55750150181654,46.58467927959432,46.599476419967104,46.6260031777796,48.280017136422956,2.8558865644472107,4.509900523090565,1.6285511107063684,0.0,0.014797140372785123,0.026526757812497692
610,43.79794835198462,160,4672,11,2,1,1,45.251586598923424,256,1.2486826666666666,46.50026926559009,46.50026926559009,46.52922482114565,46.53066737215602,46.55705135653102,50.73158493051723,2.7591030045463967,6.933636578532607,1.4536382469388016,0.0,0.0014425510103706074,0.026383984375002
611,43.945333209981996,160,2240,118,6,0,,45.369057986191144,256,0.5658311111111111,45.93488909730225,45.93488909730225,45.9503335417467,45.9652603052392,45.9913282373681,50.18381099793977,2.0459950273861054,6.238477787957777,1.4237247762091485,0.0,0.014926763492496775,0.026067932128903237
612,43.972552224640886,128,1280,12,1,1,5,45.857845765897004,960,0.10072888888888888,45.95857465478589,45.95857465478589,45.968685765897,45.98766630712405,46.01395813655113,49.34836107437667,2.041405911910246,5.375808849735783,1.885293541256118,0.0,0.018980541227051617,0.026291829427080415
613,43.98262596124281,160,1920,9,2,0,2,46.50026926559009,1728,0.06709333333333334,46.567362598923424,46.567362598923424,46.58102926559009,46.583435829187266,46.60974621330185,50.783702280777646,2.6271202520590364,6.801076319534836,2.5176433043472812,0.0,0.002406563597176614,0.026310384114580643
614,43.995103603043006,160,2176,1,0,1,6,46.55750150181654,2048,0.050083555555555555,46.60758505737209,46.60758505737209,46.62267394626098,46.6260031777796,46.65245296619106,50.80555077086305,2.6573493631480574,6.810447167820044,2.5623978987735327,0.0,0.0033292315186201904,0.02644978841146184
615,44.04091951337345,160,2496,22,2,1,6,46.567362598923424,256,0.6377102222222223,47.20507282114565,47.20507282114565,47.221939487812314,47.24134191642685,47.26764967312327,51.44254599822556,3.2267301597498204,7.401626484852109,2.526443085549971,0.0,0.019402428614533562,0.0263077566964256
616,44.04532671583493,64,1344,49,0,0,0,46.60758505737209,1152,0.06536533333333333,46.672950390705424,46.672950390705424,46.68341705737209,46.70535400785773,46.73169168921934,48.38438269631879,2.686364973384407,4.339055980483856,2.5622583415371594,0.0,0.021936950485638818,0.02633768136161052
617,44.09637326631809,128,2688,10,3,1,5,44.09637326631809,2240,0.14050844444444444,44.23688171076253,44.23688171076253,44.254815044095864,44.268667911083256,44.295101016552,47.58693709743617,0.19872775023391398,3.490563831118081,0.0,0.0,0.013852866987392076,0.026433105468747442
618,44.114800500519166,128,4352,31,6,1,3,45.93488909730225,256,1.1588337777777777,47.09372287508003,47.09372287508003,47.12090065285781,47.14345089187423,47.16982149734298,50.52378341004915,3.0550209968238136,6.408982909529982,1.820088596783087,0.0,0.02255023901641806,0.02637060546874892
619,44.118670276445236,160,1664,0,2,0,2,47.20507282114565,1536,0.04854755555555555,47.25362037670121,47.25362037670121,47.26586482114565,47.26764967312327,47.29389594997874,51.468987599788065,3.175225673533504,7.3503173233428285,3.0864025447004124,0.0,0.0017848519776251237,0.026246276855466988
620,44.291878325565825,160,256,108,0,0,,46.672950390705424,0,0.07987911111111111,46.752829501816535,46.752829501816535,46.75725172403876,46.758029858862194,46.78421680954579,50.93567124612346,2.492338483979964,6.643792920557637,2.3810720651395982,0.0,0.0007781348234345842,0.026186950683595
621,44.29234756781108,64,5248,3,6,1,3,47.09372287508003,4800,0.14818844444444446,47.241911319524476,47.241911319524476,47.27406687508003,47.27530880203048,47.301830530546106,48.96836146180696,3.009482962735028,4.676013893995879,2.8013753072689553,0.0,0.0012419269504491126,0.026521728515625398
622,44.3268748689028,160,1280,45,3,1,4,44.3268748689028,1024,0.0829511111111111,44.40982598001391,44.40982598001391,44.41993709112502,44.42662982514575,44.452774844677,48.57249782741664,0.1258999757742032,4.245622958513842,0.0,0.0,0.00669273402073145,0.026145019531249147
623,44.33563687864579,64,512,131,2,0,3,47.25362037670121,0,0.15175822222222224,47.40537859892343,47.40537859892343,47.41122304336787,47.42513465847483,47.45127284206858,49.09675119028286,3.1156359634227897,4.7611143116370656,2.9179834980554133,0.0,0.013911615106962927,0.026138183593751307
624,44.44110201491164,160,2752,10,0,1,3,46.752829501816535,256,0.7095893333333334,47.46241883514987,47.46241883514987,47.48070772403876,47.491449048315324,47.51766557392296,51.669811220081804,3.076563559011319,7.228709205170162,2.3117274869048927,0.0,0.010741324276565933,0.02621652560763721
625,44.52253973395153,64,640,64,3,0,,44.52253973395153,256,0.11658666666666667,44.6391264006182,44.6391264006182,44.64568195617376,44.661952579052006,44.68796250743742,46.3170795728671,0.1654227734858864,1.7945398389155685,0.0,0.0,0.016270622878245433,0.02600992838541316
626,44.542841109857065,64,256,0,6,0,2,47.241911319524476,0,0.07987911111111111,47.32179043063559,47.32179043063559,47.32621265285781,47.32835274734298,47.354720151856874,49.02076253602571,2.811879041999809,4.477921426168642,2.6990702096674113,0.0,0.002140094485170607,0.0263674045138913
627,44.57616906330547,64,2560,34,4,1,6,44.57616906330547,256,0.65568,45.23184906330547,45.23184906330547,45.24907128552769,45.250383364012414,45.27680108862179,46.941838621173865,0.7006320253163167,2.3656695578683937,0.0,0.0,0.0013120784847231448,0.02641772460937375
628,44.66688147178991,128,2624,18,6,1,2,47.32179043063559,2304,0.10476088888888889,47.42655131952448,47.42655131952448,47.44412909730226,47.46019465272493,47.48656623475618,50.832642052627264,2.8196847629662756,6.1657605808373575,2.654908958845681,0.0,0.01606555542267074,0.02637158203125267
629,44.69713286222185,160,1664,13,3,1,1,44.69713286222185,256,0.40410311111111114,45.10123597333296,45.10123597333296,45.1134804177774,45.13020599702075,45.15619525483325,49.27209576849738,0.4590623926114006,4.57496290627553,0.0,0.0,0.016725579243349387,0.025989257812497613
630,44.885634887734625,64,1088,24,3,1,2,45.10123597333296,640,0.13570844444444444,45.23694441777741,45.23694441777741,45.24598886222185,45.26015716889575,45.28609131196216,46.91228793293964,0.400456424227535,2.026653045205016,0.2156010855983368,0.0,0.01416830667390201,0.025934143066407955
631,44.92237933334113,96,4800,15,5,1,0,44.92237933334113,4160,0.2001777777777778,45.1225571111189,45.1225571111189,45.152223777785565,45.167495964960644,45.19385814757783,47.69131063989072,0.2714788142367013,2.7689313065495966,0.0,0.0,0.0152721871750785,0.02636218261718426
632,44.99118239555657,128,1664,0,3,1,2,45.23694441777741,1536,0.04854755555555555,45.28549197333297,45.28549197333297,45.29773641777741,45.31202594330981,45.33794743853551,48.62430902533331,0.3467650429789373,3.63312662977674,0.24576202222083765,0.0,0.014289525532404923,0.025921495225695423
633,45.085729610634324,64,2176,1,3,1,0,45.28549197333297,1664,0.15675022222222224,45.44224219555519,45.44224219555519,45.45733108444408,45.46693569265877,45.49268981592266,47.11992248155075,0.40696020528833543,2.034192870916428,0.19976236269864245,0.0,0.00960460821469411,0.025754123263887152
634,45.15090778971687,96,4736,11,5,1,2,45.15090778971687,4288,0.14665244444444445,45.29756023416131,45.29756023416131,45.32687134527242,45.35163113748668,45.378171908971055,47.87364213847027,0.22726411925418688,2.7227343487533986,0.0,0.0,0.024759792214254617,0.0265407714843775
635,45.21753548365041,160,2176,5,5,1,3,45.29756023416131,2048,0.050083555555555555,45.34764378971686,45.34764378971686,45.36273267860575,45.378171908971055,45.40461741678355,49.55182557606133,0.18708193313314325,4.3342900924109244,0.0800247505109013,0.0,0.015439230365302592,0.02644550781249677
636,45.24880764179181,64,4224,67,3,0,,45.44224219555519,256,1.1228942222222222,46.56513641777741,46.56513641777741,46.591603084444074,46.600799212236524,46.626746722002146,48.26201833522914,1.3779390802103393,3.013210693437337,0.1934345537633817,0.0,0.009196127792449715,0.0259475097656221
637,45.35366856061956,160,2304,46,1,1,4,45.95857465478589,256,0.5838008888888889,46.54237554367478,46.54237554367478,46.55817554367478,46.56469863134281,46.59084160009281,50.76076283218917,1.237173039473248,5.407094271569612,0.6049060941663313,0.0,0.006523087668028893,0.026142968750001216
638,45.403740846012546,96,2176,1,5,1,3,45.403740846012546,2048,0.050083555555555555,45.4538244015681,45.4538244015681,45.46891329045699,45.48395686990855,45.5103401706898,48.00305975210663,0.10659932467725497,2.5993189060940836,0.0,0.0,0.015043579451564426,0.026383300781247954
639,45.46090056847446,160,2176,5,3,1,5,46.56513641777741,2048,0.050083555555555555,46.61521997333296,46.61521997333296,46.63030886222185,46.65269472004902,46.67865587456291,50.81035723496873,1.2177553060884492,5.3494566664942695,1.1042358493029525,0.0,0.0223858578271674,0.025961154513886697
640,45.51129560932611,128,2688,6,5,1,4,45.51129560932611,2048,0.19384177777777778,45.70513738710389,45.70513738710389,45.72307072043722,45.747811850377296,45.77418922202908,49.08872586903008,0.2628936127029675,3.5774302597039664,0.0,0.0,0.024741129940075268,0.02637737165178322
641,45.59821647404702,160,1152,149,3,0,,46.61521997333296,256,0.2603448888888889,46.87556486222185,46.87556486222185,46.88496486222185,46.88636268879902,46.91228793293964,51.046401790632785,1.3140714588926201,5.448185316585764,1.0170034992859414,0.0,0.0013978265771683596,0.02592524414062325
642,45.61684779659502,128,4416,27,4,0,4,45.61684779659502,4224,0.07458133333333333,45.69142912992835,45.69142912992835,45.71896246326168,45.72459942846554,45.7510200013822,49.09282308917982,0.13417220478718406,3.475975292584799,0.0,0.0,0.005636965203855482,0.026420572916663332
643,45.66719655991038,160,640,104,5,0,,45.70513738710389,256,0.11658666666666667,45.82172405377056,45.82172405377056,45.82827960932612,45.85332426667194,45.879570238351626,50.01542995678261,0.21237367844124577,4.3482333968722315,0.03794082719350911,0.0,0.025044657345823396,0.026245971679685454
644,45.681078354277076,128,1664,0,3,0,3,46.87556486222185,1536,0.04854755555555555,46.92411241777741,46.92411241777741,46.93635686222185,46.9382540245195,46.9642051963945,50.26009571153123,1.2831268421174258,4.579017357254152,1.1944865079447737,0.0,0.001897162297652244,0.02595117187500051
645,45.790424339319465,128,1664,0,5,1,3,45.82172405377056,1536,0.04854755555555555,45.87027160932612,45.87027160932612,45.88251605377056,45.90581669831256,45.93201537452784,49.24307704090508,0.14159103520837846,3.452652701585613,0.031299714451094474,0.0,0.023300644542004534,0.02619867621528016
646,45.82276849550768,128,2624,34,7,1,4,45.82276849550768,2048,0.175872,45.99864049550768,45.99864049550768,46.01621827328546,46.036321913417986,46.062765077480485,49.37575730915833,0.23999658197280382,3.55298881365065,0.0,0.0,0.020103640132525413,0.026443164062499136
647,46.074644777122586,128,1664,4,7,1,6,46.074644777122586,1024,0.1907697777777778,46.26541455490037,46.26541455490037,46.27765899934481,46.29978956478517,46.325952748378924,49.63774868285625,0.2513079712563382,3.563103905733662,0.0,0.0,0.022130565440363625,0.026163183593752137
648,46.17812229458751,64,3200,2,4,1,0,46.17812229458751,3072,0.05315555555555555,46.231277850143066,46.231277850143066,46.252055627920846,46.254002488361365,46.28049646622595,47.93938868162773,0.10237417163843787,1.761266387040223,0.0,0.0,0.0019468604405190604,0.02649397786458252
649,46.25077877754238,64,1664,4,7,0,7,46.26541455490037,1536,0.04854755555555555,46.313962110455925,46.313962110455925,46.32620655490037,46.35211642025392,46.37822197038413,48.02218166044181,0.12744319284175276,1.7714028828994302,0.014635777357987934,0.0,0.02590986535355455,0.026105550130210986
650,46.26096930452739,128,1664,0,4,1,5,46.26096930452739,1536,0.04854755555555555,46.30951686008295,46.30951686008295,46.32176130452739,46.33348588679887,46.35993185034054,49.69517969725273,0.09896254581314423,3.4342103927253405,0.0,0.0,0.011724582271476436,0.026445963541668505
651,46.262805556398625,96,1664,0,5,1,4,46.262805556398625,1536,0.04854755555555555,46.31135311195418,46.31135311195418,46.323597556398624,46.32596291335783,46.35222933181486,48.83069259192307,0.08942377541623614,2.5678870355244428,0.0,0.0,0.0023653569592028134,0.026266418457034035
652,46.42439410937678,64,2304,42,3,1,1,46.92411241777741,256,0.5838008888888889,47.507913306666296,47.507913306666296,47.523713306666295,47.53500711696742,47.56097186306117,49.194498966739566,1.1365777536843922,2.7701048573627887,0.4997183084006309,0.0,0.011293810301125973,0.02596474609374866
653,46.42673725979084,96,4096,3,7,0,6,46.42673725979084,0,1.1580657777777779,47.58480303756862,47.58480303756862,47.610558593124175,47.63111248958987,47.65732411068362,50.1361848179939,1.2305868508927773,3.7094475582030597,0.0,0.0,0.02055389646569239,0.026211621093750637
654,46.49578437651095,160,1536,37,4,1,2,46.49578437651095,1152,0.11927466666666667,46.61505904317762,46.61505904317762,46.62659237651095,46.651374265705115,46.67784928198116,50.84858369108335,0.18206490547021303,4.352799314572401,0.0,0.0,0.02478188919416624,0.026475016276044983
655,46.61539194920599,128,1664,0,7,1,5,47.58480303756862,1536,0.04854755555555555,47.63335059312418,47.63335059312418,47.64559503756862,47.65732411068362,47.68346961849612,50.99496434273348,1.0680776692901262,4.379572393527489,0.9694110883626266,0.0,0.011729073114999267,0.026145507812501023
656,46.64801825631721,160,2432,38,5,1,2,46.64801825631721,2048,0.12196266666666666,46.769980922983876,46.769980922983876,46.78649203409499,46.798833152615636,46.82509861485522,50.94456569897011,0.17708035853801363,4.296547442652901,0.0,0.0,0.012341118520645011,0.026265462239585702
657,46.79360816017324,64,2240,114,5,0,,46.79360816017324,256,0.5658311111111111,47.35943927128435,47.35943927128435,47.3748837157288,47.376786114855214,47.40304407383959,49.03716101640224,0.6094359136663456,2.2435528562289946,0.0,0.0,0.0019023991264148776,0.026257958984373886
658,46.851772901187424,160,512,3,7,0,6,47.63335059312418,0,0.15175822222222224,47.7851088153464,47.7851088153464,47.79095325979084,47.814204481777374,47.84022457106309,51.98808748726473,0.9884516698756656,5.1363145860773045,0.7815776919367536,0.0,0.023251221986534176,0.026020089285715642
659,47.04256738082146,96,1536,8,7,1,4,47.7851088153464,1152,0.11927466666666667,47.90438348201307,47.90438348201307,47.9159168153464,47.91827834012931,47.94425343778556,50.422095299764734,0.9016860569641025,3.3795279189432748,0.7425414345249379,0.0,0.0023615247829127384,0.025975097656250057
660,47.052206457525905,160,640,112,5,0,,47.35943927128435,256,0.11658666666666667,47.47602593795102,47.47602593795102,47.48258149350658,47.50808079258959,47.53425502021743,51.639795400420994,0.4820485626915243,4.5875889428950885,0.30723281375844635,0.0,0.025499299083008964,0.026174227627841162
661,47.0696710016857,64,1664,4,4,1,7,47.0696710016857,1216,0.13743644444444444,47.207107446130145,47.207107446130145,47.219351890574586,47.23153124812699,47.25776464656449,48.9080973404819,0.18809364487879066,1.8384263387962037,0.0,0.0,0.012179357552405179,0.026233398437497613
662,47.14030153164008,96,4864,15,7,1,5,47.90438348201307,256,1.302592,49.206975482013064,49.206975482013064,49.236997704235286,49.24467506864494,49.270890540185114,51.75463240913973,2.130589008545037,4.614330877499654,0.7640819503729901,0.0,0.007677364409651943,0.02621547154017634
663,47.20374688689583,64,1344,45,5,1,3,47.47602593795102,256,0.3142542222222222,47.790280160173246,47.790280160173246,47.80074682683991,47.821597260984475,47.847619455586745,49.474488661998826,0.6438725686909166,2.270741775102998,0.2722790510551931,0.0,0.020850434144563224,0.02602219460226962
664,47.23485146852218,64,1664,0,4,1,7,47.23485146852218,1536,0.04854755555555555,47.28339902407774,47.28339902407774,47.29564346852218,47.31023290828324,47.33639737768428,48.986878688138155,0.10154590916209827,1.7520272196159752,0.0,0.0,0.014589439761060419,0.02616446940103856
665,47.36158071584149,96,3200,2,4,0,4,47.36158071584149,3072,0.05315555555555555,47.41473627139705,47.41473627139705,47.43551404917483,47.441060138100944,47.46728356165005,49.957873544908985,0.10570284580855827,2.596292829067494,0.0,0.0,0.0055460889261169655,0.026223423549105007
666,47.438016707800266,96,2496,38,7,1,5,49.206975482013064,256,0.6377102222222223,49.84468570423529,49.84468570423529,49.861552370901954,49.87417094848124,49.900433725173954,52.37956881050692,2.4624170173736886,4.941552102706652,1.7689587742127983,0.0,0.01261857757928908,0.026262776692711043
667,47.62965411790499,128,768,32,7,1,2,49.84468570423529,256,0.15252622222222223,49.99721192645751,49.99721192645751,50.004478593124176,50.00548971475729,50.03162775884211,53.35037508492098,2.401973640937122,5.7207209670159855,2.215031586330298,0.0,0.001011121633112566,0.02613804408482423
668,47.712288724651,128,1664,0,5,1,4,47.790280160173246,1536,0.04854755555555555,47.838827715728804,47.838827715728804,47.851072160173246,47.87364213847027,47.89952468463504,51.1765012458451,0.18723595998403653,3.4642125211940993,0.07799143552224308,0.0,0.02256997829702101,0.025882546164773146
669,47.725638265076874,96,4544,35,4,1,2,47.725638265076874,256,1.212743111111111,48.938381376187984,48.938381376187984,48.96662582063243,48.986878688138155,49.01341511391941,51.5009561941906,1.2877768488425332,3.7753179291137258,0.0,0.0,0.02025286750572519,0.02653642578125215
670,47.77924121182334,160,4096,9,7,0,2,49.99721192645751,0,1.1580657777777779,51.15527770423529,51.15527770423529,51.181033259790844,51.203679186483484,51.229952428670984,55.42921346382723,3.450711216847644,7.6499722520038915,2.21797071463417,0.0,0.022645926692639762,0.026273242187500045
671,47.82177954326446,128,640,96,4,0,,48.938381376187984,256,0.11658666666666667,49.054968042854654,49.054968042854654,49.06152359841021,49.06648943032565,49.09282308917982,52.40984024786208,1.2710435459153544,4.588060704597616,1.1166018329235214,0.0,0.004965831915441754,0.02633365885416339
672,47.90756339243497,128,2048,16,5,0,4,47.90756339243497,0,0.5830328888888889,48.49059628132386,48.49059628132386,48.504974059101635,48.520403502106625,48.54628742433674,51.820487001983494,0.6387240319017664,3.912923609548521,0.0,0.0,0.015429443004990162,0.02588392223011482
673,47.92806310504652,160,1408,33,7,1,6,51.15527770423529,256,0.332224,51.487501704235285,51.487501704235285,51.49832392645751,51.51899031929598,51.54517082059807,55.74787947945223,3.6171077155515476,7.819816374405711,3.2272145991887697,0.0,0.02066639283847138,0.026180501302086157
674,48.030375911752685,128,704,128,5,1,3,48.49059628132386,256,0.13455644444444445,48.6251527257683,48.6251527257683,48.63206383687941,48.649827996069696,48.67566914190303,51.949257753936614,0.6452932301503438,3.9188818421839287,0.46022036957117507,0.0,0.01776415919028551,0.025841145833332746
675,48.067146776894546,128,2752,6,4,1,5,49.054968042854654,2496,0.0873671111111111,49.14233515396577,49.14233515396577,49.16062404285466,49.17129623371107,49.197485768216275,52.51434010835315,1.1303389913217288,4.447193331458607,0.9878212659601076,0.0,0.010672190856411135,0.02618953450520678
676,48.16685399869853,160,4352,155,7,1,2,51.487501704235285,256,1.1588337777777777,52.646335482013065,52.646335482013065,52.673513259790845,52.692181115194415,52.71850301460848,56.94836173856681,4.551649015909952,8.781507739868282,3.320647705536757,0.0,0.018667855403570854,0.026321899414064376
677,48.40795149573759,128,832,36,5,1,0,48.6251527257683,256,0.170496,48.7956487257683,48.7956487257683,48.80327094799053,48.80488219528845,48.83069259192307,52.10449750003036,0.42274109618547584,3.6965460042927702,0.21720123003071024,0.0,0.0016112472979230574,0.02581039663461837
678,48.439191657469046,64,2688,14,4,1,7,49.14233515396577,256,0.6916195555555555,49.83395470952132,49.83395470952132,49.851888042854654,49.85277198240898,49.87904664061211,51.52694087991503,1.4398549831430643,3.0877492224459857,0.7031434964967218,0.0,0.0008839395543276396,0.026274658203128354
679,48.511392377343995,160,2560,22,5,1,2,48.7956487257683,256,0.65568,49.4513287257683,49.4513287257683,49.46855094799052,49.474488661998826,49.50026600574883,53.612913987660576,0.9888736284048321,5.101521610316581,0.28425634842430725,0.0,0.00593771400830434,0.025777343750000625
680,48.5741820294126,128,1728,13,1,1,3,48.5741820294126,1472,0.0842951111111111,48.65847714052371,48.65847714052371,48.67107714052371,48.694227187657916,48.72047352554854,52.048333681798546,0.1462914961359445,3.474151652385949,0.0,0.0,0.023150047134208762,0.026246337890626137
681,48.59945477652631,160,1152,24,4,1,3,49.83395470952132,256,0.2603448888888889,50.09429959841021,50.09429959841021,50.10369959841021,50.115141220690234,50.14124579425794,54.276062496048475,1.541791017731633,5.676607719522167,1.2344999329950141,0.0,0.011441622280024433,0.026104573567707234
682,48.62060105034919,64,1664,0,5,0,5,49.4513287257683,1536,0.04854755555555555,49.49987628132386,49.49987628132386,49.5121207257683,49.52604383778008,49.55182557606133,51.1765012458451,0.9312245257121461,2.5559001954959157,0.8307276754191122,0.0,0.013923112011781313,0.025781738281253297
683,48.68422294180041,96,1152,101,1,0,,48.68422294180041,256,0.2603448888888889,48.944567830689294,48.944567830689294,48.953967830689294,48.95671253922042,48.98282601578292,51.4670595607048,0.2986030739825125,2.7828366189043905,0.0,0.0,0.002744708531125184,0.026113476562500182
684,48.81715963345409,96,5248,3,4,1,6,50.09429959841021,5120,0.05929955555555556,50.153599153965764,50.153599153965764,50.18575470952132,50.19345640623711,50.21977051058979,52.696906921504194,1.4026108771357002,3.8797472880501047,1.2771399649561204,0.0,0.007701696715791684,0.02631410435267867
685,48.87773396720783,128,2176,1,1,1,5,48.944567830689294,2048,0.050083555555555555,48.99465138624485,48.99465138624485,49.00974027513374,49.03505443375167,49.061160634923546,52.39068817398604,0.1834266677157146,3.512954206778211,0.06683386348146314,0.0,0.02531415861793107,0.026106201171877785
686,48.91515131818663,64,1664,0,5,0,5,49.49987628132386,1536,0.04854755555555555,49.548423836879415,49.548423836879415,49.560668281323856,49.577567980575225,49.60331783409085,51.22799852542099,0.6881665159042214,2.3128472072343627,0.5847249631372264,0.0,0.01689969925136836,0.025749853515627308
687,48.9342698805576,160,1600,8,4,1,7,50.153599153965764,1344,0.0839111111111111,50.23751026507688,50.23751026507688,50.24939915396577,50.272400184138895,50.298648963435774,54.43366239839222,1.3643790828781732,5.499392517834622,1.2193292734081638,0.0,0.023001030173126935,0.02624877929687841
688,49.04130006142165,64,2048,9,4,1,2,50.23751026507688,1408,0.1919217777777778,50.42943204285466,50.42943204285466,50.44380982063243,50.45615189312327,50.482376068470494,52.12389869241503,1.4410760070488422,3.082598630993381,1.1962102036552267,0.0,0.012342072490838518,0.026224175347223877
689,49.07258517561273,64,4096,156,1,0,,49.07258517561273,0,1.1580657777777779,50.23065095339051,50.23065095339051,50.256406508946064,50.263870156407926,50.290018007970424,51.94310418961105,1.2174328323576944,2.8705190139983188,0.0,0.0,0.007463647461861456,0.02614785156249866
690,49.17351012599371,64,704,112,4,1,5,50.42943204285466,256,0.13455644444444445,50.5639884872991,50.5639884872991,50.57089959841021,50.58727765267189,50.61341598275001,52.25366703008864,1.4399058567563046,3.0801569040949346,1.2559219168609488,0.0,0.016378054261679154,0.02613833007812616
691,49.255246385731645,96,4352,63,1,1,5,50.23065095339051,256,1.1588337777777777,51.38948473116829,51.38948473116829,51.41666250894607,51.440707900548546,51.4670595607048,53.97793695328292,2.2118131749731518,4.722690567551275,0.9754045676588632,0.0,0.02404539160247765,0.026351660156251455
692,49.37821565810591,96,2176,1,4,1,1,50.5639884872991,2048,0.050083555555555555,50.61407204285465,50.61407204285465,50.62916093174354,50.63955480110939,50.66568712532814,53.13519315197295,1.2874714672222325,3.7569774938670406,1.1857728291931906,0.0,0.010393869365849184,0.026132324218750114
693,49.48160477680954,64,1728,29,0,1,2,49.48160477680954,1024,0.20873955555555557,49.69034433236509,49.69034433236509,49.70294433236509,49.713469048857846,49.739351373076595,51.381048003935966,0.25774659626705443,1.8994432271264259,0.0,0.0,0.010524716492753328,0.02588232421874892
694,49.50630837815327,128,2176,5,1,1,3,51.38948473116829,2048,0.050083555555555555,51.43956828672384,51.43956828672384,51.45465717561273,51.4670595607048,51.4935023341423,54.840848818517294,1.987193955989028,5.334540440364023,1.883176353015017,0.0,0.012402385092066481,0.0264427734375019
695,49.51497302981117,64,2368,54,0,1,5,49.69034433236509,2112,0.0862151111111111,49.7765594434762,49.7765594434762,49.79271499903176,49.817001275420346,49.84293994729534,51.48613916604534,0.3279669174841686,1.9711661362341673,0.17537130255391986,0.0,0.024286276388586714,0.025938671874996544
696,49.52402759472027,128,1344,12,6,1,1,49.52402759472027,1024,0.10092088888888888,49.62494848360916,49.62494848360916,49.635415150275826,49.65716060731477,49.68348848817415,52.98207203600245,0.15946089345387549,3.4580444412821763,0.0,0.0,0.02174545703894637,0.026327880859376762
697,49.5992445510283,96,4288,135,2,1,6,49.5992445510283,256,1.140864,50.7401085510283,50.7401085510283,50.76693077325052,50.783702280777646,50.81012106332973,53.31117578745082,1.2108765123014322,3.7119312364225223,0.0,0.0,0.01677150752712464,0.026418782552084963
698,49.60769860410368,160,1792,29,4,1,0,50.61407204285465,1280,0.15559822222222222,50.769670265076876,50.769670265076876,50.78262582063243,50.79635607064064,50.82246963672137,54.95840941290116,1.2147710326176906,5.35071080879748,1.0063734387509697,0.0,0.0137302500082086,0.026113566080731232
699,49.65970884133379,96,4800,11,3,1,5,49.65970884133379,4352,0.14684444444444444,49.806553285778236,49.806553285778236,49.8362199524449,49.841096907820294,49.867334822859355,52.36589194362758,0.20762598152556677,2.7061831022937923,0.0,0.0,0.004876955375394232,0.026237915039061477
700,49.71556994765156,96,1664,0,5,0,5,49.71556994765156,1536,0.04854755555555555,49.76411750320712,49.76411750320712,49.77636194765156,49.783580480575225,49.809339580362156,52.26097357424911,0.0937696327105968,2.5454036265975475,0.0,0.0,0.007218532923666032,0.025759099786931472
701,49.72693412022702,96,832,32,4,1,7,50.769670265076876,256,0.170496,50.940166265076876,50.940166265076876,50.9477884872991,50.95314894321403,50.979230119971845,53.443686316035446,1.252295999744824,3.716752195808425,1.0427361448498544,0.0,0.005360455914932061,0.026081176757813296
702,49.753905903759964,128,768,124,2,1,1,50.7401085510283,256,0.15252622222222223,50.89263477325052,50.89263477325052,50.89990143991719,50.91580107635057,50.94196074431932,54.27875124317999,1.188054840559353,4.524845339420025,0.9862026472683354,0.0,0.01589963643338166,0.02615966796874858
703,49.804833439846526,64,2816,10,0,0,0,49.804833439846526,2624,0.06978133333333333,49.87461477317986,49.87461477317986,49.893259217624305,49.89481875588909,49.920831369821386,51.56476131773805,0.11599792997485991,1.7599278778915277,0.0,0.0,0.0015595382647859424,0.026012613932294926
704,49.816139436209,96,1664,8,3,1,4,49.816139436209,1024,0.1907697777777778,50.00690921398678,50.00690921398678,50.01915365843122,50.024772566999985,50.05092813340624,52.54904103216925,0.2347886971972386,2.73290159596025,0.0,0.0,0.005618908568763459,0.026155566406252717
705,50.02613281319302,160,2176,5,3,1,1,50.02613281319302,2048,0.050083555555555555,50.076216368748575,50.076216368748575,50.091305257637465,50.103240731062485,50.12938200710415,54.30137276928793,0.1032491939111253,4.275239956094907,0.0,0.0,0.011935473425019438,0.026141276041663275
706,50.170103037640885,64,256,0,6,0,5,50.170103037640885,0,0.07987911111111111,50.249982148752,50.249982148752,50.25440437097422,50.26299117372102,50.28906820008821,51.91450154969758,0.11896516244732425,1.7443985120566978,0.0,0.0,0.008586802746798128,0.026077026367190115
707,50.189279418319636,64,2048,1,1,0,4,51.43956828672384,0,0.5830328888888889,52.02260117561273,52.02260117561273,52.0369789533905,52.048333681798546,52.074665713048546,53.738195498204796,1.8853862947289102,3.54891607988516,1.2502888684042048,0.0,0.011354728408043968,0.026332031249999943
708,50.218707654788766,64,2304,114,0,1,5,50.218707654788766,256,0.5838008888888889,50.802508543677654,50.802508543677654,50.81830854367765,50.8315582903943,50.857585796904715,52.509982118519304,0.6388781421159493,2.291274463730538,0.0,0.0,0.013249746716645916,0.026027506510416742
709,50.47357434787358,160,2368,46,0,1,1,50.802508543677654,256,0.6017706666666667,51.40427921034432,51.40427921034432,51.42043476589988,51.43361856057659,51.45987861917034,55.63248613424506,0.9863042712967598,5.158911786371483,0.3289341958040737,0.0,0.01318379467671349,0.026260058593749136
710,50.49614929326569,160,2496,30,3,1,7,50.49614929326569,256,0.6377102222222223,51.13385951548791,51.13385951548791,51.15072618215458,51.152108496361954,51.17848410671352,55.34115626015011,0.6823348134478309,4.845006966884419,0.0,0.0,0.0013823142073761119,0.02637561035156466
711,50.62389356380716,160,2560,30,6,1,3,50.62389356380716,2176,0.12234666666666667,50.74624023047382,50.74624023047382,50.76346245269605,50.78093917176789,50.80679036805695,54.933807358342065,0.18289680424979338,4.309913794534907,0.0,0.0,0.017476719071844116,0.02585119628906085
712,50.69208509906671,160,3200,2,2,1,4,50.89263477325052,3072,0.05315555555555555,50.945790328806076,50.945790328806076,50.96656810658386,50.96812090056932,50.994361916194315,55.179474629526716,0.30227681712760557,4.487389530460007,0.20054967418381153,0.0,0.0015527939854607098,0.026241015624997033
713,50.7623940737902,160,1664,0,0,1,5,51.40427921034432,1536,0.04854755555555555,51.45282676589988,51.45282676589988,51.46507121034432,51.48613916604534,51.51232520120159,55.68502153463569,0.7499311274113936,4.92262746084549,0.6418851365541229,0.0,0.021067955701020935,0.026186035156250398
714,50.93748343566903,64,4928,15,3,1,7,51.13385951548791,256,1.3205617777777776,52.45442129326569,52.45442129326569,52.48479907104347,52.4962329267005,52.52263673529425,54.1716547749613,1.585153299625219,3.234171339292267,0.19637607981888294,0.0,0.0114338556570317,0.02640380859374858
715,50.96249722387099,128,832,68,6,1,4,50.96249722387099,256,0.170496,51.13299322387099,51.13299322387099,51.140615446093214,51.14093404481476,51.166556237197575,54.46507522943582,0.20405901332658516,3.5025780055648283,0.0,0.0,0.00031859872154882396,0.02562219238281216
716,51.00198807976012,128,4608,35,2,1,4,51.00198807976012,4352,0.09293511111111111,51.09492319087123,51.09492319087123,51.123523190871225,51.125574318538064,51.151985939631814,54.490807476903946,0.14999785987169645,3.4888193971438284,0.0,0.0,0.0020511276668386813,0.02641162109375017
717,51.06144947240527,128,512,16,3,0,4,52.45442129326569,0,0.15175822222222224,52.60617951548791,52.60617951548791,52.61202395993235,52.628802262638,52.65505580267706,55.96461389361365,1.5936063302717898,4.9031644212083805,1.3929718208604172,0.0,0.016778302705645842,0.02625354003906466
718,51.1857571821224,96,3200,2,6,1,2,51.1857571821224,3072,0.05315555555555555,51.23891273767796,51.23891273767796,51.25969051545574,51.26904988954133,51.29486209657258,53.76356393867172,0.10910491445017811,2.5778067565493217,0.0,0.0,0.009359374085590844,0.025812207031250978
719,51.30755177525021,96,4288,79,6,0,,51.30755177525021,256,1.140864,52.44841577525021,52.44841577525021,52.47523799747243,52.48642635438508,52.512646862197585,54.9858356244011,1.2050950869473738,3.678283849150887,0.0,0.0,0.011188356912647635,0.026220507812503513
720,51.313757503060955,64,2176,1,2,1,4,51.313757503060955,1216,0.28119466666666665,51.59495216972762,51.59495216972762,51.61004105861651,51.62847466033494,51.65495346892869,53.31117578745082,0.34119596586773326,1.997418284389866,0.0,0.0,0.018433601718427894,0.02647880859375107
721,51.37513407260859,160,3200,2,0,1,6,51.45282676589988,3072,0.05315555555555555,51.505982321455434,51.505982321455434,51.526760099233215,51.53851172463909,51.56476131773805,55.73766683318479,0.18962724512946494,4.362532760576201,0.07769269329129003,0.0,0.011751625405878485,0.026249593098960133
722,51.41871643608193,64,1024,20,3,1,6,52.60617951548791,256,0.22440533333333335,52.830584848821246,52.830584848821246,52.83927373771014,52.86510170111456,52.891208048770814,54.53484487622153,1.4724916126888843,3.1161284401395974,1.1874630794059797,0.0,0.02582796340442428,0.026106347656252638
723,51.46527995913655,96,1664,0,2,1,0,51.59495216972762,1536,0.04854755555555555,51.64349972528318,51.64349972528318,51.65574416972762,51.68143276580369,51.70780133676723,54.20011198536749,0.2425213776306805,2.73483202623094,0.12967221059106748,0.0,0.025688596076072656,0.02636857096354106
724,51.46810847203871,96,2752,14,3,1,4,52.830584848821246,256,0.7095893333333334,53.54017418215458,53.54017418215458,53.55846307104347,53.570144474552066,53.59630137559373,56.069347292051155,2.128192903555025,4.601238820012448,1.3624763767825385,0.0,0.011681403508596588,0.026156901041666458
725,51.469235956941354,160,1664,4,6,1,4,52.44841577525021,1536,0.04854755555555555,52.49696333080577,52.49696333080577,52.50920777525021,52.512646862197585,52.53879977560904,56.67209924396025,1.0695638186676888,5.202863287018893,0.9791798183088574,0.0,0.003439086947373937,0.0261529134114582
726,51.47545066016514,160,3200,2,0,0,0,51.505982321455434,3072,0.05315555555555555,51.55913787701099,51.55913787701099,51.57991565478877,51.590980165394306,51.61725669534222,55.79020833709104,0.14180603517708334,4.3147576769259,0.030531661290297052,0.0,0.011064510605535816,0.026276529947914185
727,51.483384236684195,128,1664,0,2,0,2,51.64349972528318,1536,0.04854755555555555,51.692047280838736,51.692047280838736,51.70429172528318,51.70780133676723,51.73409088754848,55.07302136501779,0.2507066508642879,3.5896371283335924,0.16011548859898284,0.0,0.003509611484055597,0.02628955078125017
728,51.68493518467799,160,896,28,6,1,4,52.49696333080577,256,0.1884657777777778,52.68542910858355,52.68542910858355,52.69340688636132,52.69572750998404,52.72178115116707,56.85401892169462,1.0368459664890821,5.169083737016628,0.8120281461277798,0.0,0.0023206236227153454,0.026053641183032994
729,51.78882583599696,64,1664,4,6,0,6,52.68542910858355,1536,0.04854755555555555,52.73397666413911,52.73397666413911,52.74622110858355,52.74783528063136,52.7738596336587,54.41310687893866,0.9850337976617425,2.6242810429417034,0.8966032725865887,0.0,0.0016141720478088928,0.026024353027345626
730,51.81398146604398,96,2240,70,5,1,4,51.81398146604398,256,0.5658311111111111,52.379812577155086,52.379812577155086,52.395257021599534,52.41879730471786,52.444997011749116,54.913096037511764,0.6310155457051394,3.099114571467787,0.0,0.0,0.02354028311832934,0.026199707031253183
731,51.839855038703064,96,2304,66,0,1,5,51.839855038703064,256,0.5838008888888889,52.42365592759195,52.42365592759195,52.43945592759195,52.45750018492556,52.483740907581804,54.97645048196331,0.6438858688787406,3.136595443260248,0.0,0.0,0.018044257333606595,0.02624072265624733
732,51.89094100353916,64,1856,29,3,1,4,53.54017418215458,256,0.45801244444444444,53.99818662659902,53.99818662659902,54.01149773771013,54.0148781985104,54.04100640721576,55.678821950254274,2.1500654036765994,3.787880946715113,1.6492331786154182,0.0,0.0033804608002725445,0.026128208705358702
733,51.947764789021704,64,1664,0,5,1,2,52.379812577155086,1536,0.04854755555555555,52.428360132710644,52.428360132710644,52.440604577155085,52.444997011749116,52.47106797529078,54.10499707917843,0.5233031862690751,2.1572322901567276,0.4320477881333815,0.0,0.004392434594031158,0.02607096354166316
734,51.96930983905066,96,1664,8,6,1,3,52.73397666413911,896,0.22632533333333335,52.96030199747244,52.96030199747244,52.97254644191688,52.98207203600245,53.00811250231104,55.47752788514329,1.038802663260384,3.5082180460926295,0.7646668250884474,0.0,0.009525594085566524,0.02604046630859358
735,51.97567350259688,128,3200,2,0,0,0,52.42365592759195,3072,0.05315555555555555,52.47681148314751,52.47681148314751,52.49758926092529,52.509982118519304,52.53629152607139,55.86880277068479,0.5606180234745111,3.893129268087911,0.44798242499507523,0.0,0.012392857594015538,0.026309407552083997
736,51.984599658867666,128,2112,9,3,1,4,53.99818662659902,1600,0.15655822222222224,54.154744848821245,54.154744848821245,54.16947818215458,54.1716547749613,54.19758502049701,57.502140260801156,2.212985361629343,5.51754060193349,2.0135869677313565,0.0,0.0021765928067196683,0.02593024553571155
737,51.98894433911415,128,1408,45,5,0,5,52.428360132710644,1216,0.06555733333333334,52.493917466043975,52.493917466043975,52.5047396882662,52.52321136721786,52.549187563506926,55.856662662325746,0.560243224392778,3.867718323211598,0.4394157935964955,0.0,0.018471678951662795,0.025976196289065
738,52.23712087567251,160,1664,0,0,1,5,52.47681148314751,1536,0.04854755555555555,52.525359038703066,52.525359038703066,52.53760348314751,52.56260142190472,52.58884067971722,56.75006843637489,0.3517198040447127,4.512947560702379,0.23969060747499782,0.0,0.024997938757216787,0.026239257812498806
739,52.24558145173463,96,1216,97,5,1,2,52.493917466043975,256,0.27831466666666665,52.77223213271064,52.77223213271064,52.7819876882662,52.78299530276474,52.80889891604599,55.278528410558636,0.5633174643113605,3.032946958824006,0.24833601430934493,0.0,0.0010076144985404767,0.025903613281251125
740,52.30272238564167,64,2176,5,3,0,3,54.154744848821245,2048,0.050083555555555555,54.2048284043768,54.2048284043768,54.21991729326569,54.22351575431397,54.24946338614991,55.88672155962928,1.94674100050824,3.583999173987607,1.8520224631795728,0.0,0.003598461048284207,0.0259476318359404
741,52.32216089667507,160,2176,1,5,1,2,52.77223213271064,2048,0.050083555555555555,52.822315688266194,52.822315688266194,52.837404577155084,52.86070760745224,52.88663892255641,57.04537122817397,0.5644780258813356,4.723210331498898,0.4500712360355692,0.0,0.02330303029715708,0.025931315104166686
742,52.333185226789944,128,2176,1,6,1,5,52.96030199747244,2048,0.050083555555555555,53.010385553027994,53.010385553027994,53.025474441916884,53.03415345690089,53.060197239452975,56.36052404864775,0.7270120126630317,4.0273388218578035,0.6271167706824983,0.0,0.00867901498400414,0.026043782552086725
743,52.43271067615628,160,4096,44,5,0,7,52.822315688266194,0,1.1580657777777779,53.98038146604397,53.98038146604397,54.00613702159953,54.02687570641058,54.05293967125433,58.263253633772926,1.6202289950980457,5.830542957616643,0.38960501210991083,0.0,0.020738684811050234,0.026063964843750398
744,52.47012887279244,96,2176,1,3,1,6,54.2048284043768,2048,0.050083555555555555,54.25491195993235,54.25491195993235,54.27000084882124,54.2754115062671,54.30137276928793,56.773720338926154,1.8312438964954865,4.30359146613371,1.7346995315843543,0.0,0.005410657445857225,0.025961263020832348
745,52.496853970108994,160,2880,10,6,1,0,53.010385553027994,256,0.7455288888888889,53.755914441916886,53.755914441916886,53.774914441916884,53.789552403027194,53.81558772203761,57.956213176251914,1.3187337519286189,5.459359206142921,0.5135315829190006,0.0,0.014637961110310016,0.026035319010418334
746,52.51304924105317,64,704,108,6,0,,53.755914441916886,256,0.13455644444444445,53.89047088636133,53.89047088636133,53.897381997472436,53.91973388089178,53.94570224026678,55.5810782478665,1.4326529992136159,3.068029006813333,1.2428652008637187,0.0,0.02235188341934702,0.02596835937499975
747,52.565964119665985,96,1664,0,5,1,0,53.98038146604397,1536,0.04854755555555555,54.02892902159953,54.02892902159953,54.04117346604397,54.05293967125433,54.078968131075754,56.56912143743736,1.5130040114097696,4.003157317771375,1.4144173463779879,0.0,0.011766205210356873,0.026028459821425542
748,52.60757396653762,96,4288,39,5,1,4,54.02892902159953,256,1.140864,55.16979302159953,55.16979302159953,55.19661524382175,55.19981039298051,55.22604924389197,57.745371472314595,2.6184752773543494,5.137797505776973,1.421355055061909,0.0,0.003195149158756294,0.026238850911461498
749,52.69368180695411,128,1664,0,6,1,5,53.89047088636133,1536,0.04854755555555555,53.939018441916886,53.939018441916886,53.95126288636133,53.971671087923035,53.997626166048036,57.298614299298784,1.3039443590939257,4.604932492344673,1.1967890794072176,0.0,0.02040820156170753,0.025955078125001307
750,52.74271046083054,160,1664,0,2,1,6,52.74271046083054,1536,0.04854755555555555,52.791258016386095,52.791258016386095,52.803502460830536,52.81238287973598,52.83863074350551,57.0463283544151,0.09592028267497454,4.3036178935845655,0.0,0.0,0.008880418905441445,0.026247863769533808
751,53.033266560422504,128,2368,42,4,1,3,53.033266560422504,256,0.6017706666666667,53.63503722708917,53.63503722708917,53.65119278264473,53.67587576916045,53.70176578380889,57.028541949289746,0.6684992233863838,3.995275388867242,0.0,0.0,0.024682986515720984,0.02589001464843932
752,53.13260777187079,128,4352,43,2,1,4,53.13260777187079,256,1.1588337777777777,54.29144154964857,54.29144154964857,54.31861932742635,54.331568137711244,54.35812048146124,57.74147769523542,1.225512709590454,4.6088699233646295,0.0,0.0,0.012948810284896695,0.02655234374999793
753,53.13452074692182,64,1600,37,5,1,4,55.16979302159953,1088,0.15502222222222223,55.32481524382175,55.32481524382175,55.33670413271064,55.357610637121134,55.38387561107947,57.04537122817397,2.2493548641576453,3.9108504812521474,2.035272274677709,0.0,0.020906504410490356,0.026264973958333826
754,53.22182612147562,160,2176,1,6,1,3,53.939018441916886,2048,0.050083555555555555,53.98910199747244,53.98910199747244,54.00419088636133,54.02358173245429,54.0495466575845,58.19145682859567,0.8277205361088775,4.9696307071200465,0.7171923204412636,0.0,0.0193908460929606,0.02596492513021076
755,53.405723239942986,128,2176,5,2,1,3,54.29144154964857,1728,0.13897244444444445,54.43041399409301,54.43041399409301,54.4455028829819,54.46433473927374,54.490807476903946,57.87398013664166,1.0850842369609595,4.468256896698676,0.885718309705581,0.0,0.0188318562918397,0.026472737630207632
756,53.50880313300977,64,704,96,5,1,4,55.32481524382175,256,0.13455644444444445,55.459371688266195,55.459371688266195,55.4662827993773,55.4889403897253,55.515075852894945,57.178663708642716,2.0062727198851746,3.6698605756329457,1.8160121108119824,0.0,0.02265759034799686,0.02613546316964488
757,53.533277913235494,128,2176,1,4,1,6,53.63503722708917,2048,0.050083555555555555,53.685120782644724,53.685120782644724,53.700209671533614,53.70176578380889,53.72769068615264,57.05474891950459,0.19441277291714698,3.5214710062690955,0.10175931385367676,0.0,0.0015561122752743017,0.02592490234375333
758,53.608623147254605,64,4672,35,4,1,2,53.685120782644724,4416,0.0931271111111111,53.77824789375583,53.77824789375583,53.80720344931139,53.83139517834014,53.8575481731318,55.51000445335875,0.2489250258771989,1.901381306104149,0.076497635390119,0.0,0.02419172902875033,0.026152994791665662
759,53.70918920167737,128,5248,3,5,1,4,55.459371688266195,5056,0.07707733333333333,55.53644902159953,55.53644902159953,55.568604577155085,55.59348517209137,55.61980072384918,59.03655539158542,1.9106115221718127,5.327366189908055,1.7501824865888267,0.0,0.024880594936284695,0.026315551757811306
760,53.89183412593411,96,1664,0,0,1,2,53.89183412593411,1536,0.04854755555555555,53.94038168148967,53.94038168148967,53.95262612593411,53.95395493752972,53.980163494658626,56.46490417856239,0.08832936872451569,2.5730700526282817,0.0,0.0,0.0013288115956129332,0.026208557128903465
761,53.899236762874885,64,2304,86,5,1,2,55.53644902159953,256,0.5838008888888889,56.12024991048842,56.12024991048842,56.13604991048842,56.14711069524986,56.1734827045272,57.853141329085425,2.2742459416523175,3.9539045662105394,1.6372122587246452,0.0,0.011060784761440345,0.0263720092773454
762,54.0279356374922,96,5248,3,2,1,5,54.43041399409301,4672,0.18374400000000002,54.614157994093006,54.614157994093006,54.64631354964856,54.64864702768519,54.675164361669566,57.207807358321354,0.6472287241773671,3.179871720829155,0.40247835660080966,0.0,0.0023334780366326413,0.026517333984372726
763,54.34724065462141,96,4480,47,2,0,2,54.614157994093006,4288,0.07477333333333333,54.68893132742634,54.68893132742634,54.71682021631523,54.72820049448207,54.754814822049035,57.2881367528526,0.40757416742762587,2.9408960982311925,0.2669173394715969,0.0,0.01138027816683973,0.026614327566967688
764,54.36351604321671,64,256,14,4,0,3,54.36351604321671,0,0.07987911111111111,54.443395154327824,54.443395154327824,54.44781737655005,54.46003300386097,54.48615487886097,56.13658889985708,0.12263883564425981,1.7730728566403684,0.0,0.0,0.012215627310922628,0.026121875000001182
765,54.36658781984593,96,2688,18,1,1,6,54.36658781984593,2176,0.15828622222222222,54.524874042068156,54.524874042068156,54.54280737540149,54.55244525406417,54.57866131851729,57.07271399708872,0.2120734986713586,2.706126177242787,0.0,0.0,0.009637878662680066,0.026216064453123522
766,54.4320038832019,128,4928,7,4,1,7,54.443395154327824,4544,0.12945066666666666,54.57284582099449,54.57284582099449,54.60322359877227,54.61677157807973,54.64310995698598,57.97456251813741,0.2111060737840802,3.54255863493551,0.011391271125923197,0.0,0.013547979307460878,0.026338378906253013
767,54.47276947148555,64,1664,0,2,1,0,54.68893132742634,1536,0.04854755555555555,54.7374788829819,54.7374788829819,54.74972332742634,54.754814822049035,54.78132934841622,56.45759893198207,0.30855987693067277,1.9848294604965204,0.21616185594078985,0.0,0.005091494622696757,0.026514526367186875
768,54.58539626121739,160,4096,15,1,0,3,54.58539626121739,0,1.1580657777777779,55.74346203899517,55.74346203899517,55.769217594550724,55.78859979507979,55.815267519689165,59.98253775080897,1.2298712584717748,5.397141489591583,0.0,0.0,0.019382200529065585,0.026667724609374943
769,54.626307065683214,160,1472,17,4,1,2,54.626307065683214,1216,0.08352711111111111,54.709834176794324,54.709834176794324,54.7210119545721,54.72212802339223,54.74837955799045,58.918713320313756,0.1220724923072325,4.292406254630542,0.0,0.0,0.0011160688201314883,0.026251534598216608
770,54.70246034787182,160,4480,27,2,1,4,54.7374788829819,256,1.1947733333333332,55.93225221631523,55.93225221631523,55.960141105204116,55.97799269593296,56.00469791356689,60.21350336255311,1.3022375656950729,5.511043014681292,0.03501853511007624,0.0,0.01785159072884568,0.026705217633931966
771,54.891301023301025,128,1152,113,4,0,,54.891301023301025,256,0.2603448888888889,55.15164591218991,55.15164591218991,55.16104591218991,55.168874256651165,55.195077730423485,58.52431527343875,0.3037767071224593,3.6330142501377267,0.0,0.0,0.007828344461252357,0.026203473772319796
772,55.0057091763669,128,3200,2,4,1,0,55.15164591218991,3072,0.05315555555555555,55.20480146774547,55.20480146774547,55.22557924552325,55.24748614281188,55.273735776600944,58.60335296875125,0.26802660023404457,3.5976437923843534,0.14593673582301392,0.0,0.02190689728863049,0.026249633789063864
773,55.02405181230663,128,2304,150,2,0,2,55.93225221631523,2112,0.06824533333333334,56.00049754964856,56.00049754964856,56.016297549648556,56.03140361948207,56.05803716440394,59.43434268546978,1.0339853520973108,4.410290873163149,0.9082004040085963,0.0,0.015106069833514368,0.026633544921871533
774,55.06379001166882,160,2176,1,0,1,4,55.06379001166882,2048,0.050083555555555555,55.113873567224374,55.113873567224374,55.128962456113264,55.13387117113742,55.16008766283664,59.3260282601286,0.09629765116781641,4.262238248459781,0.0,0.0,0.004908715024157573,0.02621649169921625
775,55.21093250699165,160,1664,0,1,1,2,55.74346203899517,1536,0.04854755555555555,55.79200959455073,55.79200959455073,55.80425403899517,55.815267519689165,55.84165049494958,60.00847504154558,0.6307179879579365,4.7975425345539335,0.5325295320035224,0.0,0.011013480693996769,0.026382975260418107
776,55.26754331972337,160,3200,2,0,1,4,55.26754331972337,3072,0.05315555555555555,55.32069887527893,55.32069887527893,55.34147665305671,55.343616776606176,55.36987518589437,59.53870078617027,0.10233186617099932,4.271157466446894,0.0,0.0,0.002140123549466466,0.02625840928819656
777,55.28187404791635,128,5056,15,7,1,3,55.28187404791635,4736,0.11205688888888889,55.39393093680523,55.39393093680523,55.42501982569412,55.42921346382723,55.45601473335848,58.81607656836591,0.1741406854421328,3.5342025204495613,0.0,0.0,0.0041936381331098005,0.02680126953124784
778,55.37964259111162,160,512,7,1,0,4,55.79200959455073,0,0.15175822222222224,55.94376781677295,55.94376781677295,55.94961226121739,55.973572695470416,55.99967462418135,60.16415619388933,0.6200320330697338,4.784513602777714,0.41236700343910826,0.0,0.023960434253027074,0.026101928710936306
779,55.39263941844527,64,640,132,7,0,,55.39393093680523,256,0.11658666666666667,55.510517603471904,55.510517603471904,55.51707315902746,55.536421471639734,55.56285201363192,57.2370164400177,0.17021259518664777,1.8443770215724271,0.0012915183599631064,0.0,0.019348312612272878,0.026430541992183976
780,55.56041194394177,128,1664,0,1,0,1,55.94376781677295,1536,0.04854755555555555,55.992315372328505,55.992315372328505,56.00455981677295,56.02577704117354,56.05182186539229,59.3804470787247,0.49140992145051854,3.820035134782927,0.38335587283117434,0.0,0.021217224400594148,0.02604482421875076
781,55.653424997235234,128,4288,59,7,1,2,55.653424997235234,256,1.140864,56.794288997235235,56.794288997235235,56.82111121945746,56.84123283231681,56.868014326457434,60.21180990983727,1.2145893292221999,4.558384912602037,0.0,0.0,0.020121612859355764,0.026781494140621476
782,55.7354866387576,96,704,104,0,1,5,55.7354866387576,256,0.13455644444444445,55.87004308320204,55.87004308320204,55.87695419431315,55.894895422051974,55.920838683770725,58.39760603403114,0.18535204501312563,2.6621193952735425,0.0,0.0,0.017941227738823784,0.025943261718751387
783,55.803475339396925,64,1408,49,0,0,0,55.87004308320204,1216,0.06555733333333334,55.93560041653537,55.93560041653537,55.946422638757596,55.94678243377073,55.97268388233844,57.60916853403114,0.16920854294151155,1.805693194634216,0.06656774380511621,0.0,0.0003597950131322136,0.025901448567708485
784,55.83022246213151,160,1664,0,1,0,1,55.992315372328505,1536,0.04854755555555555,56.04086292788406,56.04086292788406,56.053107372328505,56.077867177892294,56.10387409521,60.268449748576835,0.2736516330784937,4.438227286445326,0.16209291019699634,0.0,0.024759805563789428,0.026006917317708655
785,55.91100837434175,128,768,96,7,1,5,56.794288997235235,256,0.15252622222222223,56.946815219457456,56.946815219457456,56.95408188612412,56.97500529325431,57.001332075480875,60.34258546322269,1.090323701139127,4.4315770888809425,0.8832806228934871,0.0,0.020923407130190697,0.026326782226561818
786,55.920297325817074,64,2176,1,4,1,0,55.920297325817074,2048,0.050083555555555555,55.97038088137263,55.97038088137263,55.98546977026152,56.006052095657864,56.032158479935205,57.684516375559284,0.11186115411813091,1.7642190497422092,0.0,0.0,0.0205823253963473,0.02610638427734102
787,55.97485844824421,96,1664,0,7,1,1,56.946815219457456,1536,0.04854755555555555,56.995362775013014,56.995362775013014,57.007607219457455,57.02765934598869,57.053884053019935,59.551852024095076,1.0790256047757225,3.5769935758508637,0.9719567712132431,0.0,0.020052126531233228,0.026224707031246908
788,56.00570072927165,160,2496,26,4,1,6,56.00570072927165,256,0.6377102222222223,56.64341095149388,56.64341095149388,56.66027761816054,56.66157983177673,56.687830014882195,60.86255321986732,0.682129285610543,4.856852490595671,0.0,0.0,0.0013022136161850995,0.026250183105467784
789,56.046501320286445,128,4096,74,0,0,0,56.046501320286445,0,1.1580657777777779,57.204567098064224,57.204567098064224,57.23032265361978,57.24293660043739,57.26909285043739,60.62869219242027,1.2225915301509431,4.582190872133822,0.0,0.0,0.01261394681760919,0.02615624999999966
790,56.059697919377385,128,4864,11,1,1,3,56.059697919377385,4480,0.12925866666666666,56.18895658604405,56.18895658604405,56.21897880826627,56.233916006017296,56.2601208748789,59.59079619981845,0.2004229555015158,3.531098280441064,0.0,0.0,0.0149371977510242,0.02620486886160478
791,56.191995993788034,128,1664,4,7,1,6,56.995362775013014,1536,0.04854755555555555,57.04391033056857,57.04391033056857,57.05615477501301,57.080109248332434,57.10626606799389,60.44865284603519,0.9142700742058594,4.256656852247154,0.8033667812249803,0.0,0.0239544733194208,0.026156819661458997
792,56.414472870062866,64,1664,0,4,1,7,56.64341095149388,1536,0.04854755555555555,56.691958507049435,56.691958507049435,56.704202951493876,56.714080686268915,56.740283105973774,58.39319588867313,0.3258102359109074,1.9787230186102605,0.2289380814310107,0.0,0.009877734775038505,0.026202419704858926
793,56.890713845449994,96,1408,12,3,1,6,56.890713845449994,256,0.332224,57.22293784544999,57.22293784544999,57.233760067672215,57.243236452207405,57.269124635801155,59.767387819394905,0.3784107903511611,2.8766739739449108,0.0,0.0,0.009476384535190618,0.025888183593750114
794,57.05507623206357,128,4096,8,0,0,6,57.204567098064224,0,1.1580657777777779,58.362632875842,58.362632875842,58.38838843139756,58.39760603403114,58.424297196140515,61.78977609541505,1.3692209640769448,4.73469986335148,0.14949086600065442,0.0,0.00921760263358351,0.026691162109372613
795,57.0849980958488,64,2176,1,7,1,4,57.0849980958488,2048,0.050083555555555555,57.135081651404356,57.135081651404356,57.150170540293246,57.15858117216056,57.18472577316502,58.842318918626326,0.09972767731621701,1.7573208227775226,0.0,0.0,0.008410631867313612,0.02614460100446081
796,57.087540884822275,128,4288,71,6,0,,57.087540884822275,256,1.140864,58.228404884822275,58.228404884822275,58.2552271070445,58.2552271070445,58.282320857044496,61.63699185313825,1.1947799722222214,4.549450968315973,0.0,0.0,0.0,0.027093749999998806
797,57.30454853891693,96,4352,135,7,1,2,57.30454853891693,256,1.1588337777777777,58.46338231669471,58.46338231669471,58.49056009447249,58.498996908767694,58.52541752818734,61.046310560878936,1.2208689892704072,3.7417620219620034,0.0,0.0,0.0084368142952016,0.02642061941964613
798,57.482152168775315,128,4544,23,4,1,5,57.482152168775315,4288,0.09274311111111111,57.57489527988643,57.57489527988643,57.60313972433087,57.605455462473344,57.63180861188741,60.96654703497149,0.14965644311209303,3.484394866196176,0.0,0.0,0.002315738142470991,0.026353149414063637
799,57.51885744766897,128,1664,0,0,1,4,58.362632875842,1536,0.04854755555555555,58.41118043139756,58.41118043139756,58.423424875842,58.424297196140515,58.45081301645301,61.81562350752443,0.9319555687840406,4.296766059855457,0.8437754281730321,0.0,0.0008723202985123635,0.026515820312496885
800,57.768311316539716,64,1664,8,4,1,6,57.768311316539716,1472,0.06632533333333333,57.83463664987305,57.83463664987305,57.84688109431749,57.869269793528034,57.8955922422585,59.55200433593875,0.1272809257187859,1.7836930193990312,0.0,0.0,0.02238869921054487,0.026322448730468295
801,57.787166318078455,64,4544,27,3,1,2,57.787166318078455,4096,0.14607644444444445,57.9332427625229,57.9332427625229,57.96148720696735,57.96467785845741,57.99113781939491,59.661658327207405,0.20397150131645247,1.87449200912895,0.0,0.0,0.0031906514900583716,0.026459960937501137
802,57.83838024852798,128,2368,78,6,1,3,58.228404884822275,256,0.6017706666666667,58.83017555148894,58.83017555148894,58.8463311070445,58.85140240001325,58.878032771107,62.210797614857,1.0396525225790185,4.372417366329017,0.3900246362942923,0.0,0.00507129296875064,0.026630371093752103
803,57.84311429035309,64,2880,14,0,1,3,58.41118043139756,256,0.7455288888888889,59.15670932028645,59.15670932028645,59.17570932028645,59.19345422739051,59.21996358611447,60.89350054202964,1.3768492957613745,3.0503862516765494,0.5680661410444685,0.0,0.01774490710405985,0.02650935872395621
804,58.011476631588394,64,3200,2,0,0,0,59.15670932028645,3072,0.05315555555555555,59.20986487584201,59.20986487584201,59.23064265361979,59.246473433119675,59.27299122050807,60.946498751665054,1.261514588919674,2.9350221200766597,1.1452326886980586,0.0,0.015830779499886205,0.026517787388392833
805,58.07321861011402,160,1344,65,6,1,5,58.83017555148894,256,0.3142542222222222,59.14442977371117,59.14442977371117,59.15489644037783,59.17099907970075,59.19730865001325,63.364245337373724,1.1240900398992295,5.291026727259705,0.7569569413749235,0.0,0.016102639322916446,0.02630957031249892
806,58.15389045964754,160,4352,71,3,1,6,58.15389045964754,256,1.1588337777777777,59.31272423742532,59.31272423742532,59.3399020152031,59.34124328814491,59.36794185585324,63.56833454791053,1.2140513962056971,5.414444088262989,0.0,0.0,0.0013412729418078584,0.02669856770832979
807,58.33383460577923,128,2048,15,1,0,7,58.33383460577923,0,0.5830328888888889,58.91686749466812,58.91686749466812,58.93124527244589,58.933939013364764,58.96013788334244,62.288462093954436,0.6263032775632098,3.9546274881752055,0.0,0.0,0.0026937409188718675,0.02619886997767651
808,58.350856120159634,64,1664,8,2,1,4,58.350856120159634,1088,0.172992,58.523848120159634,58.523848120159634,58.536092564604076,58.54138736320416,58.56779328768332,60.21350336255311,0.21693716752368886,1.8626472423934786,0.0,0.0,0.005294798600083084,0.0264059244791639
809,58.39631220212202,128,2368,66,3,1,0,59.31272423742532,256,0.6017706666666667,59.91449490409199,59.91449490409199,59.930650459647545,59.95732776080116,59.983974001035534,63.3309485615824,1.5876617989135156,4.934636359460384,0.9164120353033027,0.0,0.026677301153611666,0.02664624023437767
810,58.53179318269188,96,4928,11,1,0,1,58.91686749466812,4736,0.07611733333333334,58.992984828001454,58.992984828001454,59.02336260577923,59.038737422962974,59.06508892442782,61.553454606975265,0.533295741735941,3.021661424283387,0.38507431197623987,0.0,0.015374817183740674,0.026351501464844773
811,58.63506334945471,64,1664,4,2,1,7,58.63506334945471,960,0.20854755555555557,58.843610905010266,58.843610905010266,58.85585534945471,58.85829068351666,58.88455264640728,60.52512660474061,0.24948929695256794,1.8900632552859022,0.0,0.0,0.0024353340619498454,0.026261962890622215
812,58.70223169542988,128,1664,0,6,1,0,59.14442977371117,1536,0.04854755555555555,59.192977329266725,59.192977329266725,59.205221773711166,59.223618708607,59.24980474376325,62.575611091419496,0.5475730483333692,3.873379395989616,0.44219807828128666,0.0,0.018396934895832828,0.026186035156250398
813,58.79924402115956,160,2240,126,6,0,6,59.192977329266725,2048,0.06805333333333334,59.26103066260006,59.26103066260006,59.276475107044504,59.3021782789195,59.328347028919495,63.496842400710776,0.5291030077599359,4.697598379551216,0.39373330810716567,0.0,0.02570317187499427,0.02616874999999652
814,58.966661209048326,160,1664,0,5,1,6,58.966661209048326,1536,0.04854755555555555,59.015208764603884,59.015208764603884,59.027453209048325,59.03655539158542,59.062367891585424,63.185489777048595,0.09570668253709869,4.218828568000269,0.0,0.0,0.009102182537098713,0.025812500000000682
815,58.9749843810183,128,1664,0,2,1,5,58.9749843810183,1536,0.04854755555555555,59.02353193657386,59.02353193657386,59.0357763810183,59.04213467765728,59.06830948234478,62.375188860599984,0.09332510132647798,3.4002044795816815,0.0,0.0,0.0063582966389788,0.026174804687499886
816,58.98391584493411,128,1408,65,4,1,6,58.98391584493411,256,0.332224,59.316139844934106,59.316139844934106,59.32696206715633,59.34189691406375,59.36815863281375,62.668758509580876,0.38424278787964283,3.684842664646766,0.0,0.0,0.014934846907422639,0.02626171874999983
817,59.01030573265473,128,2048,48,4,0,1,59.316139844934106,0,0.5830328888888889,59.899172733822994,59.899172733822994,59.91355051160077,59.9217362695325,59.94804608398563,63.23608995489339,0.937740351330902,4.225784222238659,0.30583411227937773,0.0,0.008185757931734372,0.02630981445312841
818,59.01263135915962,64,704,52,1,1,2,59.01263135915962,256,0.13455644444444445,59.14718780360406,59.14718780360406,59.15409891471517,59.170499813099696,59.19674151231845,60.84305336185808,0.1841101531588265,1.8304220026984623,0.0,0.0,0.016400898384524965,0.02624169921875108
819,59.015572048252324,160,2176,1,5,1,7,59.015572048252324,2048,0.050083555555555555,59.065655603807876,59.065655603807876,59.080744492696766,59.08818087986668,59.114118868147926,63.23713694501734,0.09854681989560277,4.221564896765017,0.0,0.0,0.007436387169910574,0.025937988281249602
820,59.17280651466423,160,512,18,2,0,1,59.17280651466423,0,0.15175822222222224,59.32456473688645,59.32456473688645,59.33040918133089,59.356264560469775,59.38229011385519,63.519272937980936,0.2094835991909605,4.346466423316706,0.0,0.0,0.02585537913888203,0.026025553385416345
821,59.17519269453433,160,2944,10,6,0,6,59.26103066260006,2752,0.07016533333333333,59.33119599593339,59.33119599593339,59.35055155148895,59.354516267200744,59.380730622669496,63.55005061778667,0.2055379281351648,4.3748579232523355,0.08583796806572508,0.0,0.0039647157117954634,0.026214355468752615
822,59.31022991595588,64,512,22,4,0,5,59.899172733822994,0,0.15175822222222224,60.050930956045214,60.050930956045214,60.056775400489656,60.07960248047,60.1057026757825,61.73936475958087,0.7954727598266231,2.4291348436249933,0.5889428178671139,0.0,0.02282707998034539,0.02610019531250174
823,59.34570756183143,64,2048,1,5,0,5,59.34570756183143,0,0.5830328888888889,59.92874045072032,59.92874045072032,59.94311822849809,59.94439230564793,59.970361706689594,61.60831840195559,0.6246541448581624,2.262610840124161,0.0,0.0,0.0012740771498371828,0.025969401041663787
824,59.42063299061484,64,896,32,2,1,4,59.42063299061484,576,0.09957688888888888,59.52020987950373,59.52020987950373,59.52818765728151,59.53832530265728,59.56422894849061,61.201660833256234,0.1435959578757675,1.781027842641393,0.0,0.0,0.010137645375770887,0.025903645833331268
825,59.50194530436976,128,2304,126,5,1,6,59.92874045072032,256,0.5838008888888889,60.51254133960921,60.51254133960921,60.528341339609206,60.54181206476252,60.56782878839533,63.85864524579859,1.0658834840255693,4.356699941428829,0.4267951463505568,0.0,0.013470725153311491,0.026016723632814376
826,59.50292017199614,96,1344,16,1,1,4,59.50292017199614,256,0.3142542222222222,59.81717439421836,59.81717439421836,59.82764106088503,59.85214559993006,59.878223053543344,62.367726254110686,0.37530288154720637,2.864806082114548,0.0,0.0,0.024504539045032914,0.02607745361328284
827,59.6311013927414,160,768,108,3,1,6,59.91449490409199,256,0.15252622222222223,60.06702112631421,60.06702112631421,60.074287792980876,60.090563844785535,60.11678796587928,64.30427501828814,0.4856865731378832,4.673173625546738,0.28339351135058877,0.0,0.01627605180465963,0.0262241210937475
828,59.84629715309987,128,4992,11,2,1,1,59.84629715309987,4544,0.14742044444444444,59.99371759754431,59.99371759754431,60.02445093087764,60.03057806958436,60.05670878945043,63.36465868016843,0.21041163635056392,3.5183615270685635,0.0,0.0,0.006127138706716551,0.026130719866074514
829,59.93736375082937,160,2176,110,1,0,,59.93736375082937,256,0.5478613333333333,60.4852250841627,60.4852250841627,60.50031397305159,60.50355277592058,60.529665275920586,64.73577838627216,0.5923015250912158,4.798414635442789,0.0,0.0,0.003238802868992252,0.026112500000003536
830,59.963560846474586,64,3200,2,4,1,0,60.050930956045214,3072,0.05315555555555555,60.10408651160077,60.10408651160077,60.12486428937855,60.13180335937625,60.15798141927208,61.79109903692462,0.19442057279749747,1.827538190450035,0.08737010957062807,0.0,0.006939069997699221,0.026178059895833883
831,60.00350585692731,96,4544,47,1,1,2,60.4852250841627,256,1.212743111111111,61.69796819527381,61.69796819527381,61.726212639718256,61.73504217207943,61.761304134970054,64.2827642261159,1.757798278042742,4.2792583691885895,0.48171922723538785,0.0,0.008829532361176007,0.026261962890622215
832,60.072434171232246,64,2816,6,5,1,4,60.51254133960921,2560,0.0875591111111111,60.60010045072032,60.60010045072032,60.61874489516477,60.6198637005047,60.64595325128595,62.281588002960056,0.5735190800537069,2.2091538317278108,0.4401071683769615,0.0,0.001118805339935136,0.026089550781250637
833,60.20781533192115,160,4544,55,3,1,2,60.20781533192115,256,1.212743111111111,61.420558443032256,61.420558443032256,61.4488028874767,61.45486560259803,61.4813574238871,65.69121705116574,1.2735420919659504,5.48340171924459,0.0,0.0,0.006062715121331053,0.026491821289063466
834,60.340985329854306,160,1664,0,5,1,2,60.60010045072032,1536,0.04854755555555555,60.64864800627588,60.64864800627588,60.66089245072032,60.672043290348455,60.69808747980158,64.81754589218997,0.3571021499472735,4.4765605623356635,0.2591151208660136,0.0,0.011150839628136566,0.026044189453124034
835,60.35078888183238,160,256,40,4,0,,60.35078888183238,0,0.07987911111111111,60.43066799294349,60.43066799294349,60.435090215165715,60.44597230468875,60.47200494977804,64.5815287976668,0.1212160679456602,4.230739915834427,0.0,0.0,0.010882089523036598,0.026032645089287598
836,60.498849669619226,128,5056,11,1,1,2,61.69796819527381,4800,0.0942791111111111,61.79224730638492,61.79224730638492,61.82333619527381,61.84009295332943,61.866597836141935,65.24258112064716,1.3677481665227091,4.743731451027934,1.1991185256545833,0.0,0.016756758055620935,0.026504882812503183
837,60.499838709071085,128,2176,1,2,1,5,60.499838709071085,2048,0.050083555555555555,60.54992226462664,60.54992226462664,60.56501115351553,60.57713466138124,60.60315096997499,63.90731024266844,0.10331226090390544,3.407471533597352,0.0,0.0,0.012123507865709371,0.02601630859375348
838,60.57502833781989,128,2368,114,7,1,0,60.57502833781989,256,0.6017706666666667,61.176799004486554,61.176799004486554,61.19295456004211,61.19295456004211,61.21911081004211,64.49725161291597,0.6440824722222231,3.922223275096087,0.0,0.0,0.0,0.02615624999999966
839,60.794561169464245,160,256,1,7,0,2,61.176799004486554,0,0.07987911111111111,61.256678115597666,61.256678115597666,61.26110033781989,61.271424774885865,61.29706613230774,65.39927745985143,0.5025049628434957,4.604716290387188,0.382237835022309,0.0,0.01032443706597519,0.025641357421875455
840,60.95873558392901,96,1664,0,4,1,5,60.95873558392901,1536,0.04854755555555555,61.00728313948457,61.00728313948457,61.01952758392901,61.043778577940245,61.06953468145587,63.52024766973714,0.11079909752685779,2.5615120858081255,0.0,0.0,0.024250994011232763,0.02575610351562574
841,61.02565517911623,160,832,92,7,1,0,61.256678115597666,256,0.170496,61.427174115597666,61.427174115597666,61.43479633781989,61.45092453074524,61.47648979767232,65.58168419813268,0.45083461855609386,4.556029019016449,0.23102293648143757,0.0,0.016128192925350504,0.02556526692708161
842,61.043810125772495,96,704,100,5,1,0,61.043810125772495,256,0.13455644444444445,61.17836657021694,61.17836657021694,61.185277681328046,61.19301985284845,61.21897235005827,63.676145937530364,0.17516222428577777,2.6323358117578692,0.0,0.0,0.00774217152040535,0.025952497209821956
843,61.08496015744788,64,1216,153,1,0,1,61.79224730638492,1024,0.06498133333333334,61.85722863971826,61.85722863971826,61.866984195273815,61.89310320723568,61.91945704838152,63.58685691817319,0.8344968909336359,2.501896760725309,0.7072871489370414,0.0,0.0261190119618675,0.026353841145834167
844,61.132721708386654,160,1152,57,2,0,,61.132721708386654,256,0.2603448888888889,61.39306659727554,61.39306659727554,61.40246659727554,61.411017278568735,61.437067180912486,65.56798418705087,0.30434547252583144,4.435262478664214,0.0,0.0,0.008550681293193918,0.026049902343750375
845,61.18584469606256,96,3008,10,4,1,6,61.18584469606256,256,0.7814684444444445,61.967313140507,61.967313140507,61.98702425161812,61.996603919737126,62.022449915830876,64.47719808477619,0.836605219768316,3.291353388713631,0.0,0.0,0.009579668119009455,0.025845996093750045
846,61.210768976009454,128,1280,61,7,1,2,61.427174115597666,256,0.29628444444444446,61.72345856004211,61.72345856004211,61.73356967115322,61.75773996043274,61.7833245551593,65.06406791744071,0.5725555791498422,3.8532989414312553,0.21640513958821117,0.0,0.024170289279517476,0.02558459472655983
847,61.30775476528116,64,1664,0,0,1,4,61.30775476528116,1536,0.04854755555555555,61.35630232083672,61.35630232083672,61.36854676528116,61.369803439165054,61.3960480680713,63.034738090857765,0.08829330279014158,1.7269833255766045,0.0,0.0,0.001256673883894166,0.026244628906248124
848,61.34069610626696,64,2048,0,1,0,0,61.85722863971826,0,0.5830328888888889,62.440261528607145,62.440261528607145,62.45463930638492,62.474137875204434,62.500621175985685,64.17488694747007,1.1599250697187244,2.8341908412031103,0.5165325334512971,0.0,0.019498568819514617,0.026483300781251273
849,61.39429454123934,128,3200,2,7,1,4,61.72345856004211,3072,0.05315555555555555,61.77661411559767,61.77661411559767,61.79739189337545,61.80890963816711,61.83469059519836,65.11565810996304,0.44039605395902015,3.721363568723696,0.32916401880277135,0.0,0.011517744791660789,0.025780957031251717
850,61.42159862931252,64,1088,20,5,1,3,61.42159862931252,576,0.15348622222222222,61.57508485153474,61.57508485153474,61.58412929597918,61.60831840195559,61.634207283093986,63.262882184275156,0.21260865378146576,1.8412835549626365,0.0,0.0,0.02418910597641144,0.025888881138392605
851,61.54397794856028,96,4416,127,6,1,4,61.54397794856028,256,1.1768035555555554,62.72078150411584,62.72078150411584,62.74831483744917,62.75848950938824,62.784874152942926,65.32518886532202,1.2408962043826435,3.7812109167617365,0.0,0.0,0.010174671939068958,0.026384643554685283
852,61.761483876088896,64,2816,18,0,1,1,61.761483876088896,256,0.7275591111111112,62.48904298720001,62.48904298720001,62.507687431644456,62.51295651533693,62.53906100752443,64.17426359541506,0.7775771314355353,2.41277971932616,0.0,0.0,0.005269083692475363,0.026104492187499773
853,61.9222454317609,160,2368,50,2,1,6,61.9222454317609,256,0.6017706666666667,62.524016098427566,62.524016098427566,62.54017165398312,62.55801259106873,62.58413954419373,66.70951288171231,0.661894112432833,4.787267449951415,0.0,0.0,0.017840937085608743,0.026126953125000796
854,61.940530931890464,64,3200,2,6,1,7,62.72078150411584,3072,0.05315555555555555,62.7739370596714,62.7739370596714,62.79471483744918,62.81125928477886,62.83768028087261,64.51192572241838,0.8971493489821469,2.5713947905279184,0.780250572225377,0.0,0.016544447329685852,0.026420996093747817
855,61.9839206408601,160,2304,154,7,0,7,61.9839206408601,2048,0.0860231111111111,62.06994375197121,62.06994375197121,62.08574375197121,62.0925270209796,62.118369794417106,66.23621056532018,0.13444915355700715,4.252289924460079,0.0,0.0,0.0067832690083946545,0.025842773437503297
856,62.06474622486373,96,1664,0,7,1,0,62.06994375197121,1536,0.04854755555555555,62.11849130752677,62.11849130752677,62.13073575197121,62.144213056135854,62.17005234185014,64.62605183613026,0.10530611698640513,2.5613056112665262,0.005197527107476674,0.0,0.013477304164645432,0.025839285714283733
857,62.097196593143174,64,2176,1,6,1,2,62.7739370596714,2048,0.050083555555555555,62.82402061522695,62.82402061522695,62.83910950411584,62.86410176524761,62.890463825794484,64.56549684872046,0.7932672326513099,2.468300255577283,0.6767404665282228,0.0,0.024992261131771443,0.026362060546873067
858,62.09999734626018,128,2176,5,0,1,2,62.48904298720001,2048,0.050083555555555555,62.53912654275556,62.53912654275556,62.55421543164445,62.56516598799318,62.59125713382652,65.87312931807128,0.49125978756633515,3.7731319718110967,0.38904564093982685,0.0,0.010950556348731766,0.02609114583333394
859,62.1029410184625,96,640,60,2,0,,62.524016098427566,256,0.11658666666666667,62.640602765094236,62.640602765094236,62.647158320649794,62.66252333325623,62.6885161717979,65.15204473392588,0.5855751533353981,3.0491037154633744,0.421075079965064,0.0,0.015365012606437745,0.02599283854166856
860,62.16245167391973,128,1216,69,3,1,0,62.16245167391973,256,0.27831466666666665,62.4407663405864,62.4407663405864,62.45052189614196,62.46189807330116,62.488225124082405,65.84763511757198,0.32577345016267145,3.6851834436522495,0.0,0.0,0.011376177159199585,0.026327050781247863
861,62.56401921268663,64,256,89,4,0,,62.56401921268663,0,0.07987911111111111,62.64389832379774,62.64389832379774,62.64832054601997,62.668758509580876,62.69449220098713,64.32122530645589,0.1304729883004967,1.7572060937692555,0.0,0.0,0.020437963560908656,0.025733691406252035
862,62.76379302973253,64,2176,1,6,0,6,62.82402061522695,2048,0.050083555555555555,62.8741041707825,62.8741041707825,62.88919305967139,62.890463825794484,62.9167835105043,64.59242165340795,0.1529904807717699,1.8286286236754208,0.06022758549441676,0.0,0.0012707661230919598,0.026319684709818603
863,62.84577182094336,64,2176,1,2,1,6,62.84577182094336,2048,0.050083555555555555,62.895855376498915,62.895855376498915,62.910944265387805,62.922473691329145,62.94848066677557,64.5810312248113,0.10270884583221118,1.7352594038679356,0.0,0.0,0.011529425941340321,0.02600697544642827
864,62.85326219242459,128,2880,18,5,1,0,62.85326219242459,256,0.7455288888888889,63.59879108131348,63.59879108131348,63.61779108131348,63.62422186526474,63.650183657256925,66.96085456964533,0.7969214648323373,4.107592377220747,0.0,0.0,0.0064307839512594,0.025961791992187955
865,62.890814802275074,64,3072,10,4,0,4,62.890814802275074,2880,0.07054933333333334,62.961364135608406,62.961364135608406,62.98143080227507,63.00333458379963,63.02920128301838,64.6602641492293,0.13838648074330706,1.7694493469542323,0.0,0.0,0.021903781524557075,0.025866699218752842
866,62.90625208305553,64,1664,0,0,1,7,62.90625208305553,1536,0.04854755555555555,62.954799638611085,62.954799638611085,62.96704408305553,62.982682915076516,63.00871025882652,64.6368187711963,0.10245817577099103,1.730566688140776,0.0,0.0,0.015638832020989923,0.02602734375000182
867,62.92576069206461,128,1664,0,4,1,0,62.961364135608406,1536,0.04854755555555555,63.009911691163964,63.009911691163964,63.022156135608405,63.02920128301838,63.055060658018384,66.36459883347409,0.12929996595377702,3.4388381414094837,0.035603443543799074,0.0,0.007045147409975527,0.025859375000003126
868,63.109433639842926,96,2560,26,6,1,4,63.109433639842926,2304,0.08679111111111111,63.19622475095404,63.19622475095404,63.21344697317626,63.23265781295966,63.25897434127997,65.81216786922826,0.14954070143704712,2.702734229385335,0.0,0.0,0.01921083978339766,0.026316528320315058
869,63.185374254893446,64,256,1,0,0,2,63.185374254893446,0,0.07987911111111111,63.26525336600456,63.26525336600456,63.26967558822678,63.29565850101402,63.32151079593589,64.9448519743213,0.13613654104244688,1.7594777194278493,0.0,0.0,0.02598291278723508,0.025852294921875796
870,63.23250327875045,96,2368,98,2,1,4,63.23250327875045,256,0.6017706666666667,63.83427394541712,63.83427394541712,63.85042950097267,63.855481629387185,63.881395691887185,66.34810711999356,0.6488924131367355,3.1156038412431073,0.0,0.0,0.005052128414511969,0.025914062500000057
871,63.28321664084088,160,5248,3,6,1,2,63.28321664084088,5120,0.05929955555555556,63.34251619639643,63.34251619639643,63.374671751951986,63.39064782063265,63.41719573323031,67.69158022274388,0.1339790923894313,4.408363581903004,0.0,0.0,0.015976068680664923,0.026547912597656875
872,63.351526139881926,96,768,56,5,1,1,63.59879108131348,256,0.15252622222222223,63.7513173035357,63.7513173035357,63.758583970202366,63.78076279950953,63.80672312665797,66.27757359633804,0.4551969867760448,2.926047456456118,0.24726494143155264,0.0,0.022178829307165415,0.025960327148439433
873,63.372652030769046,128,2304,90,0,0,0,63.372652030769046,2112,0.06824533333333334,63.440897364102376,63.440897364102376,63.456697364102375,63.476634819373395,63.502544389685895,66.77479305505045,0.12989235891684814,3.4021410242814056,0.0,0.0,0.019937455271019644,0.025909570312499852
874,63.40123815687966,64,256,32,2,0,2,63.83427394541712,0,0.07987911111111111,63.91415305652823,63.91415305652823,63.91857527875045,63.933183289543436,63.95893206884031,65.59402110111337,0.557693911960655,2.192782944233713,0.4330357885374596,0.0,0.01460801079298335,0.025748779296876023
875,63.51435310575499,160,512,6,0,0,5,63.51435310575499,0,0.15175822222222224,63.66611132797721,63.66611132797721,63.671955772421654,63.68392505374839,63.7097279508838,67.8026822152067,0.19537484512881065,4.288329109451709,0.0,0.0,0.011969281326734915,0.025802897135413616
876,63.5336417161596,128,5056,7,6,1,4,63.5336417161596,4352,0.21872355555555556,63.752365271715156,63.752365271715156,63.783454160604045,63.7896455884898,63.816390356904975,67.24051161922826,0.28274864074537476,3.7068699030686574,0.0,0.0,0.006191427885752887,0.02674476841517759
877,63.62890461052991,64,4544,51,2,1,4,63.91415305652823,4160,0.12829866666666667,64.0424517231949,64.0424517231949,64.07069616763934,64.08768328954343,64.11364457581575,65.75157456791024,0.48473996528584706,2.1226699573803316,0.2852484459983202,0.0,0.016987121904094238,0.025961286272320194
878,63.74196324465057,64,4608,27,3,0,3,63.74196324465057,4416,0.07515733333333334,63.81712057798391,63.81712057798391,63.845720577983904,63.85550365598345,63.881898065163135,65.55950855507199,0.13993482051256478,1.8175453104214156,0.0,0.0,0.009783077999543366,0.026394409179687273
879,63.756518893066875,96,1664,4,5,1,2,63.756518893066875,1344,0.10188088888888888,63.85839978195576,63.85839978195576,63.8706442264002,63.88453180178818,63.9104002099913,66.38200198175471,0.15388131692442641,2.6254830886878366,0.0,0.0,0.013887575387975915,0.02586840820312375
880,64.02968326825871,96,1664,0,5,1,4,64.02968326825871,1536,0.04854755555555555,64.07823082381427,64.07823082381427,64.09047526825871,64.09149273928819,64.11735309085068,66.59128049737971,0.08766982259197675,2.5615972291210056,0.0,0.0,0.0010174710294705847,0.025860351562499773
881,64.1637944592901,64,1792,13,4,1,1,64.1637944592901,1280,0.15559822222222222,64.31939268151233,64.31939268151233,64.33234823706788,64.34724349493244,64.3732334363387,66.02304072800534,0.20943897704859182,1.8592462687152391,0.0,0.0,0.014895257864566247,0.02598994140625166
882,64.1741368518523,128,4352,39,3,1,5,64.1741368518523,256,1.1588337777777777,65.33297062963007,65.33297062963007,65.36014840740785,65.37342540891314,65.40026073606157,68.71748173215533,1.2261238842092723,4.543344880303039,0.0,0.0,0.01327700150528699,0.026835327148432953
883,64.21973643667599,128,704,64,7,1,3,64.21973643667599,256,0.13455644444444445,64.35429288112043,64.35429288112043,64.36120399223154,64.36817629553316,64.39399038244723,67.70389171766394,0.1742539457712411,3.484155280987949,0.0,0.0,0.006972303301623128,0.025814086914067502
884,64.23255652869867,64,4416,39,4,1,3,64.31939268151233,4096,0.11013688888888888,64.42952957040121,64.42952957040121,64.45706290373455,64.47719808477619,64.50331859258868,66.1550089897241,0.2707620638900181,1.9224524610254292,0.0868361528136603,0.0,0.02013518104163836,0.026120507812493088
885,64.23615915786475,160,2176,5,5,1,0,64.23615915786475,2048,0.050083555555555555,64.28624271342031,64.28624271342031,64.30133160230919,64.32425348147568,64.3501511865538,68.52530928155942,0.11399202868905434,4.289150123694668,0.0,0.0,0.022921879166489134,0.025897705078122613
886,64.25181386909429,160,1664,0,4,1,5,64.42952957040121,1536,0.04854755555555555,64.47807712595677,64.47807712595677,64.49032157040122,64.50331859258868,64.52938817266681,68.7126445470623,0.27757430357252133,4.460830677968005,0.17771570130692282,0.0,0.012997022187462903,0.026069580078129206
887,64.29571505342176,64,2944,6,5,0,5,64.29571505342176,2688,0.08794311111111111,64.38365816453287,64.38365816453287,64.40301372008842,64.42784723147568,64.45382372422122,66.09549501793403,0.15810867079946433,1.7997799645122683,0.0,0.0,0.02483351138725709,0.025976492745542146
888,64.38085149479645,128,1344,81,7,1,1,64.38085149479645,256,0.3142542222222222,64.69510571701866,64.69510571701866,64.70557238368534,64.72903556008859,64.7547697258252,68.07213797417435,0.3739182310287532,3.691286479377908,0.0,0.0,0.023463176403254238,0.02573416573660836
889,64.42246136017941,160,1664,0,1,1,4,64.42246136017941,1536,0.04854755555555555,64.47100891573497,64.47100891573497,64.48325336017942,64.49736188236591,64.52385065189716,68.74621368900652,0.10138929171775146,4.323752328827112,0.0,0.0,0.014108522186489836,0.02648876953125523
890,64.59855095649864,64,2176,1,7,1,2,64.69510571701866,2048,0.050083555555555555,64.74518927257422,64.74518927257422,64.7602781614631,64.78050437984305,64.80628044185477,66.44569201063268,0.20772948535612556,1.8471410541340418,0.09655476052002143,0.0,0.020226218379946204,0.02577606201171534
891,64.6197914181143,96,1664,0,3,1,1,65.33297062963007,1536,0.04854755555555555,65.38151818518563,65.38151818518563,65.39376262963007,65.40026073606157,65.42689188840532,67.905996055072,0.8071004702910187,3.2862046369576916,0.7131792115157651,0.0,0.006498106431493511,0.026631152343753683
892,64.62610099502157,160,4096,1,4,0,7,64.62610099502157,0,1.1580657777777779,65.78416677279935,65.78416677279935,65.80992232835492,65.8124174695418,65.8387745007918,70.04626328078625,1.2126735057702263,5.420162285764675,0.0,0.0,0.002495141186884098,0.026357031250000773
893,64.69982114576334,128,3136,10,5,1,4,64.69982114576334,2496,0.1951857777777778,64.89500692354112,64.89500692354112,64.91542914576334,64.92154621771081,64.94762322663938,68.28829814874692,0.24780208087604194,3.5884770029835806,0.0,0.0,0.006117071947471686,0.026077008928567125
894,64.8041515240306,96,2176,9,4,1,3,65.78416677279935,1920,0.08563911111111111,65.86980588391046,65.86980588391046,65.88489477279934,65.89149002813555,65.917799191547,68.42115081333833,1.1136476675164033,3.616999289307728,0.9800152487687512,0.0,0.0065952553362080835,0.026309163411454506
895,64.98346456397357,160,1024,44,0,1,7,64.98346456397357,576,0.13551644444444444,65.11898100841802,65.11898100841802,65.1276698973069,65.15162345869629,65.17738493330566,69.28135278812337,0.19392036933209056,4.297888224149801,0.0,0.0,0.023953561389390643,0.02576147460936795
896,65.0783559212187,128,768,104,2,1,0,65.0783559212187,256,0.15252622222222223,65.23088214344092,65.23088214344092,65.23814881010759,65.25637188236337,65.28233688887379,68.5583426750066,0.20398096765508456,3.479986753787898,0.0,0.0,0.018223072255779016,0.02596500651041822
897,65.09715792583133,64,5248,3,7,1,6,65.09715792583133,4864,0.13041066666666667,65.22756859249799,65.22756859249799,65.25972414805355,65.26961123496304,65.29554350337821,66.94786469943476,0.1983855775468868,1.8507067736034344,0.0,0.0,0.009887086909486698,0.025932268415175486
898,65.26607368573079,64,1664,0,3,0,3,65.38151818518563,1536,0.04854755555555555,65.43006574074118,65.43006574074118,65.44231018518563,65.45352352903032,65.48001905311887,67.12408443397824,0.213945367388078,1.8580107482474517,0.11544449945483848,0.0,0.011213343844687529,0.026495524088545608
899,65.29585402657958,64,4288,67,7,1,3,65.29585402657958,256,1.140864,66.43671802657957,66.43671802657957,66.46354024880179,66.47191059787227,66.49834834201289,68.15194266167435,1.202494315433313,2.8560886350947783,0.0,0.0,0.008370349070474958,0.0264377441406225
900,65.32840745621762,128,5120,7,1,1,6,65.32840745621762,4608,0.16558222222222224,65.49398967843985,65.49398967843985,65.52543412288429,65.52669586674091,65.55336163822528,68.93163165775653,0.22495418200766437,3.6032242015389073,0.0,0.0,0.0012617438566167039,0.026665771484374545
901,65.37462714806007,128,2944,14,6,1,0,65.37462714806007,2304,0.1946097777777778,65.56923692583784,65.56923692583784,65.58859248139339,65.59648525204076,65.62344387020482,68.99112091284805,0.2488167221447526,3.6164937647879754,0.0,0.0,0.007892770647373482,0.02695861816405909
902,65.43464900157106,128,2176,5,4,1,5,65.86980588391046,256,0.5478613333333333,66.41766721724379,66.41766721724379,66.43275610613267,66.44352900925534,66.46977791062253,69.83161158807792,1.0351289090514655,4.396962586506859,0.435156882339399,0.0,0.010772903122671096,0.026248901367182498
903,65.5375763535826,128,2176,62,4,0,,66.41766721724379,256,0.5478613333333333,66.96552855057712,66.96552855057712,66.980617439466,66.99485847702879,67.02107830124754,70.39354990188,1.4835019476649478,4.855973548297399,0.880090863661195,0.0,0.014241037562783276,0.02621982421875657
904,65.6853167019985,128,1152,20,3,1,5,65.6853167019985,896,0.0825671111111111,65.76788381310962,65.76788381310962,65.77728381310962,65.79563892616574,65.82163677772823,69.13269087929075,0.13632007572972782,3.4473741772922466,0.0,0.0,0.018355113056117034,0.02599785156249368
905,65.84109147594432,160,2176,1,0,1,7,65.84109147594432,2048,0.050083555555555555,65.89117503149988,65.89117503149988,65.90626392038877,65.92444686364419,65.95020711755045,70.07418726077962,0.10911564160612386,4.2330957848352995,0.0,0.0,0.018182943255425243,0.025760253906256025
906,65.94694047092834,160,4608,51,4,1,2,66.96552855057712,4352,0.09293511111111111,67.05846366168824,67.05846366168824,67.08706366168823,67.0997407035913,67.12613385137776,71.37682846633311,1.1791933804494192,5.429887995404769,1.0185880796487794,0.0,0.012677041903060626,0.02639314778646451
907,66.03742703948407,64,1664,0,5,1,3,66.03742703948407,1536,0.04854755555555555,66.08597459503963,66.08597459503963,66.09821903948408,66.12153237144965,66.14753802156126,67.81010784112972,0.11011098207718817,1.7726808016456488,0.0,0.0,0.02331333196556784,0.02600565011161393
908,66.14869463194232,160,1664,0,6,1,5,66.14869463194232,1536,0.04854755555555555,66.19724218749788,66.19724218749788,66.20948663194233,66.21998525204076,66.24683217586889,70.40944449683244,0.09813754392656904,4.260749864890116,0.0,0.0,0.010498620098431388,0.026846923828131253
909,66.18445138688867,96,1280,77,3,1,1,66.18445138688867,256,0.29628444444444446,66.4807358313331,66.4807358313331,66.49084694244422,66.49989341835324,66.52589576210323,69.002507773822,0.3414443752145644,2.8180563869333355,0.0,0.0,0.009046475909016749,0.026002343749993884
910,66.50454262435959,128,4416,63,5,1,1,66.50454262435959,4160,0.0923591111111111,66.5969017354707,66.5969017354707,66.62443506880403,66.64375632745784,66.67017849542658,70.03052430434587,0.1656358710669963,3.5259816799862875,0.0,0.0,0.019321258653803852,0.026422167968746635
911,66.56177499560759,160,2048,0,2,0,6,66.56177499560759,0,0.5830328888888889,67.14480788449649,67.14480788449649,67.15918566227427,67.16682977624357,67.19253534264982,71.32150296146493,0.6307603470422265,4.759727965857337,0.0,0.0,0.007644113969305977,0.025705566406244884
912,66.59914070362336,128,2432,54,6,1,0,66.59914070362336,256,0.6197404444444444,67.21888114806781,67.21888114806781,67.23539225917892,67.24051161922826,67.26704116024388,70.56415742000952,0.6679004566205151,3.9650167163861596,0.0,0.0,0.005119360049334887,0.026529541015619884
913,66.63139472687965,128,2048,2,0,0,6,66.63139472687965,0,0.5830328888888889,67.21442761576854,67.21442761576854,67.22880539354632,67.2363755745817,67.26211165856607,70.58113859541503,0.6307169316864218,3.9497438685353785,0.0,0.0,0.007570181035376322,0.025736083984369884
914,66.6323377240559,64,3200,2,4,1,6,67.05846366168824,3072,0.05315555555555555,67.11161921724378,67.11161921724378,67.13239699502157,67.15252748744547,67.17894566545885,68.84577296503105,0.5466079414029537,2.2134352409751443,0.4261259376323352,0.0,0.020130492423902524,0.02641817801338675
915,66.98324831126322,96,4096,29,2,0,3,67.14480788449649,0,1.1580657777777779,68.30287366227427,68.30287366227427,68.32862921782983,68.34979120202483,68.375943220254,70.85535525638682,1.3926949089907765,3.8721069451235905,0.1615595732332622,0.0,0.021161984195003924,0.026152018229169016
916,67.10312563384443,96,4608,23,5,1,4,67.10312563384443,4352,0.09293511111111111,67.19606074495555,67.19606074495555,67.22466074495554,67.22505500909847,67.25164319269221,69.76645747491878,0.14851755884778584,2.6633318410743527,0.0,0.0,0.00039426414292620393,0.02658818359374493
917,67.11955954590336,64,2176,1,7,1,0,67.11955954590336,2048,0.050083555555555555,67.16964310145892,67.16964310145892,67.1847319903478,67.20852794813268,67.23459533094518,68.88354739800249,0.11503578504182599,1.7639878520991346,0.0,0.0,0.02379595778488408,0.026067382812499318
918,67.21908389802262,128,512,3,2,0,7,68.30287366227427,0,0.15175822222222224,68.4546318844965,68.4546318844965,68.46047632894094,68.48055617598317,68.50648452070973,71.81315474369148,1.287400622687116,4.594070845668867,1.083789764251648,0.0,0.02007984704222565,0.02592834472656591
919,67.60454089672741,160,2944,18,3,1,5,67.60454089672741,256,0.7634986666666667,68.36803956339408,68.36803956339408,68.38739511894963,68.40277616574907,68.42899894406939,72.59408064979856,0.8244580473419774,4.989539753071142,0.0,0.0,0.015381046799447518,0.026222778320317275
920,67.72052972012385,128,2176,9,2,1,4,68.4546318844965,1792,0.12119466666666667,68.57582655116316,68.57582655116316,68.59091544005204,68.61053098880868,68.63661778080086,71.94379378177742,0.9160880606770121,4.223264061653566,0.7341021643726435,0.0,0.01961554875663296,0.026086791992185
921,67.82628164643545,160,512,8,5,0,2,67.82628164643545,0,0.15175822222222224,67.97803986865767,67.97803986865767,67.98388431310212,67.99763213312191,68.02411504327816,72.20259275440168,0.19783339684271084,4.376311107966231,0.0,0.0,0.013747820019787582,0.02648291015624693
922,67.87346977593863,128,2176,1,1,1,7,67.87346977593863,2048,0.050083555555555555,67.92355333149419,67.92355333149419,67.93864222038307,67.95528058353777,67.98177488692319,71.30985758025932,0.10830511098455986,3.436387804320688,0.0,0.0,0.0166383631546978,0.02649430338541947
923,67.87635921409755,96,512,57,6,0,2,67.87635921409755,0,0.15175822222222224,68.02811743631977,68.02811743631977,68.03396188076422,68.0580081198793,68.0839534323793,70.53828593563452,0.20759421828175562,2.6619267215369717,0.0,0.0,0.02404623911507997,0.025945312499999318
924,67.89941547618864,64,4288,103,0,1,6,67.89941547618864,256,1.140864,69.04027947618863,69.04027947618863,69.06710169841085,69.07168970218586,69.09789587894367,70.76995036299316,1.1984804027550382,2.8705348868045206,0.0,0.0,0.004588003775012339,0.02620617675781034
925,68.03009515501502,64,1664,0,1,1,6,68.03009515501502,1536,0.04854755555555555,68.07864271057058,68.07864271057058,68.09088715501503,68.11425372806903,68.14057977787371,69.79472037845966,0.1104846228586922,1.7646252234446393,0.0,0.0,0.023366573054005357,0.02632604980468045
926,68.03905130827061,128,1536,17,6,1,4,68.03905130827061,1152,0.11927466666666667,68.15832597493728,68.15832597493728,68.16985930827062,68.1877395651918,68.2136477683168,71.49116249813453,0.1745964600461889,3.4521111898639134,0.0,0.0,0.01788025692118822,0.025908203124998863
927,68.05195155333604,160,1664,0,5,1,1,68.05195155333604,1536,0.04854755555555555,68.1004991088916,68.1004991088916,68.11274355333605,68.13005156671566,68.15642477635109,72.33269610726626,0.10447322301504869,4.280744553930219,0.0,0.0,0.01730801337961907,0.026373209635423223
928,68.09606020634384,64,4096,10,0,0,5,69.04027947618863,0,1.1580657777777779,70.19834525396641,70.19834525396641,70.22410080952197,70.23369116702962,70.26041496260254,71.95305078617022,2.164354756258703,3.8569905798263875,0.944219269844794,0.0,0.009590357507647695,0.02672379557292004
929,68.29556271731147,160,2176,1,2,1,1,68.57582655116316,2048,0.050083555555555555,68.62591010671872,68.62591010671872,68.6409989956076,68.6627050610743,68.68878777591806,72.83380499015726,0.3932250586065891,4.5382422728457925,0.2802638338516914,0.0,0.021706065466702285,0.026082714843752797
930,68.52228840271434,64,5184,7,0,1,1,70.19834525396641,4096,0.32577422222222224,70.52411947618863,70.52411947618863,70.55591947618863,70.58113859541503,70.60835832197753,72.30363395674314,2.0860699192631955,3.7813455540288032,1.6760568512520706,0.0,0.025219119226392195,0.027219726562506708
931,68.53897982089713,64,2048,118,1,0,6,68.53897982089713,0,0.5830328888888889,69.12201270978602,69.12201270978602,69.1363904875638,69.13927814213153,69.16525014733986,70.81447393070574,0.6262703264427358,2.275494109808619,0.0,0.0,0.0028876545677292142,0.025972005208330984
932,68.67577022783234,160,3200,2,7,1,4,68.67577022783234,3072,0.05315555555555555,68.7289257833879,68.7289257833879,68.74970356116567,68.75190799370561,68.7782348980025,72.94945918360052,0.10246467017014993,4.273688955768179,0.0,0.0,0.002204432539940626,0.026326904296880116
933,68.90802552729266,160,4096,4,7,0,5,68.90802552729266,0,1.1580657777777779,70.06609130507044,70.06609130507044,70.091846860626,70.10604007378375,70.13283377495561,74.28334707422553,1.2248082476629492,5.375321546932867,0.0,0.0,0.014193213157739137,0.026793701171868634
934,69.00863256623603,128,1408,81,7,0,7,70.06609130507044,1216,0.06555733333333334,70.13164863840377,70.13164863840377,70.14247086062599,70.15962796440874,70.18605358289832,73.49605596094428,1.1774210166622936,4.4874233947082445,1.0574587388344128,0.0,0.017157103782750482,0.026425618489582803
935,69.04049584367776,96,5184,15,1,1,7,69.12201270978602,4480,0.21910755555555558,69.34112026534157,69.34112026534157,69.37292026534158,69.37304376713153,69.39940887943622,71.88350650604058,0.35891303575846223,2.843010662362815,0.08151686610825948,0.0,0.00012350178995745864,0.02636511230468841
936,69.1493959167072,64,3008,6,5,0,5,69.1493959167072,2816,0.07035733333333334,69.21975325004054,69.21975325004054,69.23946436115165,69.26430488702816,69.29071846124691,70.95162972426776,0.1413225445397046,1.8022338075605546,0.0,0.0,0.024840525876513198,0.02641357421875057
937,69.18208840843627,64,2176,1,3,1,2,69.18208840843627,2048,0.050083555555555555,69.23217196399183,69.23217196399183,69.24726085288071,69.26495162147825,69.29120967811888,70.94494055376991,0.10912126968260338,1.762852145333639,0.0,0.0,0.01769076859753227,0.026258056640628524
938,69.23090514997286,128,2176,5,0,1,4,70.52411947618863,2048,0.050083555555555555,70.57420303174419,70.57420303174419,70.58929192063307,70.60835832197753,70.63528910811034,74.02809001143066,1.4043839581374868,4.797184861457808,1.2932143262157751,0.0,0.01906640134446036,0.02693078613280875
939,69.27228507091404,160,3072,6,5,0,5,69.27228507091404,2880,0.07054933333333334,69.34283440424737,69.34283440424737,69.36290107091403,69.36996211359066,69.39639171971045,73.56202850588976,0.12410664879641331,4.289743434975719,0.0,0.0,0.007061042676625107,0.02642960611979106
940,69.27848552603764,128,1664,0,7,1,5,70.13164863840377,1536,0.04854755555555555,70.18019619395933,70.18019619395933,70.19244063840378,70.21247968966915,70.23875276095822,73.54826592188178,0.960267234920579,4.269780395844137,0.8531631123661327,0.0,0.0200390512653712,0.02627307128906864
941,69.36900945191819,160,1664,4,6,1,5,69.36900945191819,1536,0.04854755555555555,69.41755700747375,69.41755700747375,69.4298014519182,69.45522076636367,69.48101363745742,73.585176466466,0.11200418553923441,4.216167014547807,0.0,0.0,0.02541931444547174,0.025792871093756276
942,69.4475864617406,160,1664,8,1,1,2,69.4475864617406,704,0.27965866666666667,69.72724512840726,69.72724512840726,69.73948957285171,69.74219977299092,69.76845983158466,73.89340000724964,0.32087336984406534,4.44581354550904,0.0,0.0,0.002710200139205199,0.026260058593749136
943,69.50042002454944,160,832,124,1,1,2,69.72724512840726,576,0.0816071111111111,69.80885223951837,69.80885223951837,69.8164744617406,69.82108573490497,69.84725966068622,73.97050498771839,0.34683963613677804,4.470084963168944,0.22682510385781995,0.0,0.00461127316437171,0.026173925781250773
944,69.57297970322918,160,1664,4,7,1,6,70.18019619395933,1536,0.04854755555555555,70.22874374951489,70.22874374951489,70.24098819395934,70.26502632052853,70.29120805880979,74.44024736719429,0.7182283555806066,4.867267663965109,0.6072164907301527,0.0,0.02403812656919513,0.026181738281252365
945,69.58704972496436,64,4736,35,5,1,4,69.58704972496436,4096,0.1999857777777778,69.78703550274214,69.78703550274214,69.81634661385326,69.81898784601253,69.84542819431982,71.50129360075584,0.2583784693554634,1.9142438757914846,0.0,0.0,0.0026412321592772514,0.026440348307289696
946,69.85154975471231,160,1344,25,6,0,6,69.85154975471231,1088,0.0831431111111111,69.93469286582342,69.93469286582342,69.9451595324901,69.94536881323867,69.97114664526993,74.07939640229188,0.11959689055761658,4.227846647579568,0.0,0.0,0.00020928074857806678,0.0257778320312525
947,69.98337343633945,64,4608,47,0,1,1,70.57420303174419,256,1.230712888888889,71.80491592063308,71.80491592063308,71.83351592063308,71.84512939945148,71.87210901370929,73.55792350752441,1.888735577369843,3.5745500711849587,0.5908295954047418,0.0,0.011613478818404133,0.02697961425781159
948,70.0025960433986,96,1664,0,7,0,7,70.22874374951489,1536,0.04854755555555555,70.27729130507045,70.27729130507045,70.2895357495149,70.29120805880979,70.31732866427853,72.79271113672553,0.31473262087993703,2.790115093326932,0.22614770611629353,0.0,0.0016723092948893736,0.026120605468747726
949,70.064773312634,128,4480,19,4,1,7,70.064773312634,256,1.1947733333333332,71.25954664596733,71.25954664596733,71.28743553485623,71.29505576125499,71.32231284133312,74.72136184733199,1.2575395286991125,4.656588534697988,0.0,0.0,0.007620226398756813,0.027257080078129547
950,70.16582634499305,64,1856,13,1,1,4,70.16582634499305,1600,0.08467911111111111,70.25050545610416,70.25050545610416,70.26381656721527,70.26610887943622,70.29224510990497,71.93506910369682,0.12641876491191795,1.7692427587037685,0.0,0.0,0.0022923122209448366,0.02613623046875091
951,70.30266166408863,128,3200,2,5,1,7,70.30266166408863,3072,0.05315555555555555,70.35581721964418,70.35581721964418,70.37659499742196,70.39861971450213,70.42496029067401,73.74487616213976,0.12229862658537627,3.442214498051129,0.0,0.0,0.022024717080171285,0.026340576171875796
952,70.37767288406658,64,1472,49,7,1,0,70.37767288406658,256,0.35019377777777777,70.72786666184436,70.72786666184436,70.73904443962213,70.76145366427853,70.78752439530533,72.42756221094427,0.40985151123874175,2.0498893268776897,0.0,0.0,0.02240922465639983,0.026070731026791805
953,70.40946462364332,160,4480,39,4,0,4,71.25954664596733,4288,0.07477333333333333,71.33431997930067,71.33431997930067,71.36220886818957,71.37682846633311,71.40401669875499,75.65527229655073,0.9945520751116703,5.245807672907418,0.8500820223240169,0.0,0.014619598143539747,0.027188232421877956
954,70.42505873467249,128,1664,8,1,0,1,70.42505873467249,1536,0.04854755555555555,70.47360629022805,70.47360629022805,70.4858507346725,70.50135253177997,70.52744628177997,73.81618574943714,0.1023875471074831,3.391127014764649,0.0,0.0,0.015501797107475568,0.026093750000001137
955,70.4502552297836,96,1664,0,6,1,7,70.4502552297836,1536,0.04854755555555555,70.49880278533915,70.49880278533915,70.5110472297836,70.51251070776993,70.53828593563452,72.98769467238118,0.08803070585092598,2.537439442597588,0.0,0.0,0.0014634779863342828,0.025775227864585304
956,70.62244016603495,128,4544,19,4,0,4,71.33431997930067,4352,0.07496533333333334,71.40928531263401,71.40928531263401,71.43752975707845,71.45839462844249,71.4855940099529,74.88224885905073,0.8631538439179565,4.259808693015785,0.7118798132657247,0.0,0.020864871364040027,0.0271993815104139
957,70.63717219651292,160,1472,53,3,0,3,70.63717219651292,1280,0.06574933333333334,70.70292152984625,70.70292152984625,70.71409930762402,70.73615474647825,70.76225126340533,74.93082607448699,0.1250790668924111,4.293653877974066,0.0,0.0,0.022055438854224008,0.026096516927083258
958,70.71185069494355,96,1664,0,1,1,6,70.71185069494355,1536,0.04854755555555555,70.76039825049911,70.76039825049911,70.77264269494356,70.78841063724872,70.81447393070574,73.27532808342151,0.10262323576219501,2.5634773884779634,0.0,0.0,0.01576794230516043,0.02606329345702818
959,70.72506858375502,128,2176,1,5,1,3,70.72506858375502,2048,0.050083555555555555,70.77515213931058,70.77515213931058,70.79024102819946,70.79377962661151,70.82008675551776,74.13514183596789,0.09501817176274585,3.410073252212868,0.0,0.0,0.0035385984120495095,0.02630712890625375
960,70.75414764188912,128,3008,14,4,1,6,71.40928531263401,2560,0.14146844444444445,71.55075375707845,71.55075375707845,71.57046486818956,71.59439641880708,71.62141497349458,75.01575349772261,0.8672673316054613,4.261605855833494,0.6551376707448924,0.0,0.023931550617518837,0.02701855468750125
961,70.75557830491307,160,1152,121,7,0,,70.75557830491307,256,0.2603448888888889,71.01592319380197,71.01592319380197,71.02532319380197,71.04825856104193,71.0742704628974,75.2262111204495,0.31869215798433004,4.470632815536433,0.0,0.0,0.02293536723996681,0.026011901855468977
962,70.79220894265681,64,896,124,5,1,1,70.79220894265681,256,0.1884657777777778,70.98067472043459,70.98067472043459,70.98865249821237,71.00418701593442,71.03034612586745,72.67168022184958,0.2381371832106396,1.8794712791927708,0.0,0.0,0.015534517722045393,0.026159109933033164
963,70.93322418881738,64,704,40,6,0,,70.93322418881738,256,0.13455644444444445,71.06778063326182,71.06778063326182,71.07469174437293,71.07979950985327,71.10549804500953,72.7285526522919,0.17227385619214886,1.7953284634745188,0.0,0.0,0.005107765480346416,0.025698535156251978
964,70.93627098077675,64,1472,12,2,1,3,70.93627098077675,256,0.35019377777777777,71.28646475855453,71.28646475855453,71.2976425363323,71.32150296146493,71.34731485111337,72.99143452419743,0.4110438703366128,2.055163543420676,0.0,0.0,0.023860425132625096,0.025811889648437614
965,70.97567727081987,96,4608,19,3,1,4,70.97567727081987,256,1.230712888888889,72.20639015970876,72.20639015970876,72.23499015970876,72.25072668658241,72.27722880246783,74.77493468218788,1.3015515316479593,3.7992574113680035,0.0,0.0,0.01573652687365268,0.026502115885421063
966,71.09371066625192,64,3200,2,4,1,5,71.55075375707845,3072,0.05315555555555555,71.603909312634,71.603909312634,71.62468709041178,71.64843401646333,71.67536214146332,73.3562158715833,0.5816514752114017,2.2625052053313794,0.45704309082653083,0.0,0.023746926051543937,0.02692812499999775
967,71.16179203443166,160,2176,9,3,1,2,72.20639015970876,1984,0.06786133333333334,72.2742514930421,72.2742514930421,72.28934038193098,72.3037314066345,72.33012435097044,76.49112119167448,1.1683323165387804,5.3293291572428245,1.0445981252771048,0.0,0.014391024703513722,0.02639294433593875
968,71.20341697754685,160,3136,6,2,1,5,71.28646475855453,2176,0.2840746666666667,71.5705394252212,71.5705394252212,71.59096164744342,71.60546060306649,71.63142066166024,75.81388880479639,0.42800368411339207,4.61047182724954,0.08304778100767862,0.0,0.014498955623068355,0.025960058593753388
969,71.23259378587714,160,1664,0,6,1,1,71.23259378587714,1536,0.04854755555555555,71.2811413414327,71.2811413414327,71.29338578587715,71.31110390438452,71.33682509579077,75.48402093028666,0.10423130991362939,4.251427144409519,0.0,0.0,0.017718118507374925,0.025721191406248067
970,71.39692383677053,96,1216,121,6,1,7,71.39692383677053,256,0.27831466666666665,71.67523850343719,71.67523850343719,71.68499405899274,71.69683242000953,71.72252382625953,74.18435896739604,0.3255999894890067,2.7874351306255107,0.0,0.0,0.01183836101678537,0.025691406250004434
971,71.40220874881673,128,2176,102,3,0,,72.2742514930421,256,0.5478613333333333,72.82211282637543,72.82211282637543,72.83720171526431,72.85769474485063,72.88398344113969,76.20571201198698,1.4817746923229578,4.803503263170242,0.872042744225368,0.0,0.020493029586319267,0.02628869628905761
972,71.40413605798504,160,4288,87,4,0,4,71.603909312634,4096,0.07419733333333334,71.67810664596733,71.67810664596733,71.70492886818955,71.72921985630708,71.75617680617687,75.99935164225386,0.3520407481918255,4.595215584268814,0.19977325464896012,0.0,0.024290988117527945,0.026956949869784808
973,71.51825008760653,64,1728,21,4,0,4,71.67810664596733,1536,0.06651733333333333,71.74462397930067,71.74462397930067,71.75722397930068,71.78313424432791,71.80993300269844,73.48937779785282,0.29168291509191135,1.971127710246293,0.1598565583608007,0.0,0.02591026502723537,0.026798758370532028
974,71.76303881822939,160,1664,0,4,1,6,71.76303881822939,1536,0.04854755555555555,71.81158637378495,71.81158637378495,71.8238308182294,71.83673224935023,71.86340857991664,76.10519828938928,0.1003697616872472,4.3421594711598885,0.0,0.0,0.01290143112083797,0.02667633056640284
975,71.79345484931278,160,2368,82,2,1,4,71.79345484931278,256,0.6017706666666667,72.39522551597945,72.39522551597945,72.411381071535,72.41422102787118,72.44036470462899,76.6272598078656,0.6469098553162098,4.833804958552818,0.0,0.0,0.0028399563361745095,0.026143676757811818
976,71.82190445629881,96,2624,26,3,1,6,72.82211282637543,256,0.6736497777777778,73.49576260415321,73.49576260415321,73.51334038193099,73.51505863645218,73.54135560910844,76.02386513698698,1.7194511528096257,4.201960680688174,1.0002083700766207,0.0,0.001718254521193785,0.026296972656254525
977,71.85061564858081,96,3200,2,6,1,4,71.85061564858081,3072,0.05315555555555555,71.90377120413636,71.90377120413636,71.92454898191414,71.92807265438454,71.95389226933989,74.42287249278665,0.1032766207590754,2.572256844205839,0.0,0.0,0.003523672470393535,0.025819614955352677
978,71.89577777321708,96,1088,44,5,1,0,71.89577777321708,256,0.2423751111111111,72.13815288432819,72.13815288432819,72.14719732877263,72.15075242237043,72.17667234424543,74.65453506513457,0.28089457102835524,2.7587572919174903,0.0,0.0,0.003555093597796599,0.02591992187500125
979,71.97823032490166,128,1664,8,1,0,1,71.97823032490166,1536,0.04854755555555555,72.02677788045722,72.02677788045722,72.03902232490167,72.06378980682182,72.08954879119682,75.37615431110007,0.11131846629515962,3.397923986198407,0.0,0.0,0.024767481920150658,0.02575898437500257
980,72.00970208754035,96,5120,11,2,1,1,72.39522551597945,4864,0.0944711111111111,72.48969662709055,72.48969662709055,72.521141071535,72.54494429447274,72.571361189004,75.07656129828598,0.561659101463647,3.0668592107456334,0.38552342843910026,0.0,0.02380322293774384,0.026416894531251955
981,72.10951173427155,64,2048,6,4,0,2,72.10951173427155,0,0.5830328888888889,72.69254462316044,72.69254462316044,72.70692240093823,72.71730897054164,72.74392447618399,74.42564732910283,0.6344127419124419,2.3161355948312803,0.0,0.0,0.010386569603412,0.026615505642354265
982,72.1427404270789,64,3072,14,5,1,4,72.1427404270789,2240,0.2483271111111111,72.39106753819001,72.39106753819001,72.41113420485668,72.43689278695375,72.46301811247459,74.10923778323351,0.3202776853956806,1.9664973561546049,0.0,0.0,0.02575858209706894,0.02612532552083735
983,72.24909437203237,64,1280,97,6,1,5,72.24909437203237,256,0.29628444444444446,72.54537881647681,72.54537881647681,72.55548992758793,72.57370951264346,72.59951548188174,74.23708367442728,0.35042110984936414,1.987989302394908,0.0,0.0,0.018219585055533116,0.02580596923827727
984,72.38264251342287,96,1664,4,5,1,7,72.39106753819001,1536,0.04854755555555555,72.43961509374557,72.43961509374557,72.45185953819002,72.46301811247459,72.48909916716208,74.96527064456166,0.10645665373921531,2.58262813113879,0.008425024767149125,0.0,0.011158574284564793,0.026081054687494998
985,72.40837518842048,160,2176,5,2,1,0,72.48969662709055,2048,0.050083555555555555,72.53978018264611,72.53978018264611,72.554869071535,72.571361189004,72.59771942468107,76.78286810864685,0.18934423626059527,4.374492920226373,0.08132143867007358,0.0,0.016492117468999368,0.026358235677079733
986,72.46091598617045,128,2368,154,3,1,7,73.49576260415321,256,0.6017706666666667,74.09753327081988,74.09753327081988,74.11368882637544,74.12001254270218,74.14629542030634,77.44586858750782,1.6853794341358963,4.984952601337369,1.0348466179827653,0.0,0.006323716326747331,0.02628287760416015
987,72.54156986433208,160,704,60,2,0,2,72.54156986433208,512,0.06344533333333334,72.60501519766541,72.60501519766541,72.61192630877652,72.62407814863941,72.65029229484477,76.83463934888123,0.10872243051269948,4.29306948454915,0.0,0.0,0.01215183986289503,0.026214146205362
988,72.55817816379559,128,2176,9,5,1,3,72.55817816379559,256,0.5478613333333333,73.10603949712892,73.10603949712892,73.1211283860178,73.14313285856834,73.16931017441655,76.47192813154082,0.6111320106209632,3.9137499677452325,0.0,0.0,0.022004472550534615,0.0261773158482157
989,72.5729023023345,160,1920,13,3,1,1,74.09753327081988,1536,0.12042666666666667,74.21795993748654,74.21795993748654,74.2316266041532,74.25143181353552,74.27766744411588,78.40065032578904,1.7047651417813796,5.8277480234545465,1.5246309684853827,0.0,0.019805209382312228,0.02623563058035927
990,72.70353428763552,128,2176,1,1,1,5,72.70353428763552,2048,0.050083555555555555,72.75361784319108,72.75361784319108,72.76870673207996,72.78522593963432,72.81104690317598,76.10392644651674,0.10751261554045755,3.4003921588812176,0.0,0.0,0.016519207554352988,0.025820963541661968
991,72.706965229174,96,3136,14,6,1,5,72.706965229174,2816,0.10629688888888889,72.8132621180629,72.8132621180629,72.83368434028512,72.85791195753742,72.88386752394368,75.37794182872416,0.17690229476967545,2.6709765995501584,0.0,0.0,0.02422761725230771,0.025955566406253183
992,72.71910646775747,128,4544,39,7,1,4,72.71910646775747,256,1.212743111111111,73.93184957886858,73.93184957886858,73.96009402331302,73.96724639063177,73.9936939003974,77.32755285222034,1.2745874326399331,4.608446384462866,0.0,0.0,0.007152367318752795,0.026447509765631594
993,72.76112906068853,64,3200,2,2,1,6,72.76112906068853,3072,0.05315555555555555,72.81428461624408,72.81428461624408,72.83506239402186,72.8600359471885,72.88631468602779,74.54808288031722,0.12518562533925603,1.7869538196286925,0.0,0.0,0.024973553166645956,0.02627873883928089
994,72.82157800522413,128,2432,114,7,0,7,73.93184957886858,2240,0.06862933333333333,74.00047891220191,74.00047891220191,74.01699002331303,74.02014189844428,74.04653818750678,77.37968004948597,1.2249601822826577,4.558102044261844,1.1102715736444537,0.0,0.0031518751312518134,0.026396289062503797
995,72.8595720668081,160,896,92,3,1,7,74.21795993748654,256,0.1884657777777778,74.40642571526432,74.40642571526432,74.4144034930421,74.43509148150427,74.46123033648475,78.5829722984453,1.6016582696766477,5.7234002316372,1.3583878706784418,0.0,0.020687988462171347,0.026138854980473525
996,72.86353099889381,160,4352,87,6,1,4,72.86353099889381,256,1.1588337777777777,74.02236477667158,74.02236477667158,74.04954255444936,74.05322920084099,74.07939640229188,78.31543157481791,1.2158654033980696,5.4519005759241,0.0,0.0,0.003686646391628301,0.02616720145088891
997,72.86388986743574,160,768,100,1,1,5,72.86388986743574,256,0.15252622222222223,73.01641608965797,73.01641608965797,73.02368275632463,73.04345754770723,73.06921898743937,77.19284444781881,0.20532912000362558,4.328954580383069,0.0,0.0,0.019774791382602075,0.025761439732136182
998,72.95277343913126,96,4288,159,5,1,0,73.10603949712892,256,1.140864,74.24690349712891,74.24690349712891,74.27372571935113,74.29013548831163,74.31628441409289,76.78710879560332,1.3635109749616277,3.834335356472053,0.15326605799765503,0.0,0.01640976896050006,0.02614892578125705
999,73.00561259682078,128,4416,43,1,1,2,73.01641608965797,256,1.1768035555555554,74.19321964521352,74.19321964521352,74.22075297854686,74.22828086662463,74.25440513420276,77.5570669819985,1.2487925373819735,4.5514543851777205,0.010803492837183626,0.0,0.007527888077774492,0.026124267578126137
1000,73.03868869575444,64,768,60,5,1,2,74.24690349712891,256,0.15252622222222223,74.39942971935113,74.39942971935113,74.4066963860178,74.4208850000304,74.44688109378039,76.08020498700957,1.408192398025946,3.041516291255121,1.2082148013744671,0.0,0.01418861401259619,0.025996093749995453
1001,73.40710589039918,128,1024,76,5,1,0,74.39942971935113,640,0.11773866666666667,74.5171683860178,74.5171683860178,74.52585727490668,74.55087035159289,74.57678579755644,77.87348623700957,1.16967990715726,4.466380346610393,0.9923238289519531,0.0,0.025013076686207114,0.025915445963548223
1002,73.44798575204894,128,1664,0,7,1,4,74.00047891220191,1536,0.04854755555555555,74.04902646775747,74.04902646775747,74.06127091220192,74.07293496485053,74.09923476953803,77.43168542057971,0.6512490174890928,3.9836996685307753,0.5524931601529772,0.0,0.011664052648612255,0.02629980468749693
1003,73.6796761528684,96,2176,146,7,0,,74.04902646775747,256,0.5478613333333333,74.5968878010908,74.5968878010908,74.61197668997968,74.62377690820992,74.64996577539742,77.14341798893908,0.9702896225290232,3.4637418360706818,0.36935031488907555,0.0,0.011800218230234805,0.02618886718749991
1004,73.79840162756858,64,768,52,5,1,1,74.5171683860178,256,0.15252622222222223,74.66969460824002,74.66969460824002,74.67696127490669,74.68052031904082,74.70640427086374,76.34079531904082,0.9080026432951627,2.542393691472242,0.7187667584492203,0.0,0.003559044134135547,0.02588395182291947
1005,73.89381071126347,128,2048,2,7,0,2,74.5968878010908,0,0.5830328888888889,75.1799206899797,75.1799206899797,75.19429846775748,75.20004477930367,75.2262111204495,78.55435762110054,1.332400409186036,4.660546909837066,0.7030770898273317,0.0,0.005746311546189986,0.0261663411458386
1006,74.35372562536716,64,2176,142,7,0,,75.1799206899797,256,0.5478613333333333,75.72778202331303,75.72778202331303,75.74287091220191,75.751745300137,75.77799058008492,77.43168542057971,1.4242649547177564,3.07795979521255,0.8261950646125342,0.0,0.008874387935094319,0.026245279947914923
1007,74.37314848084615,96,2176,1,0,1,1,74.37314848084615,2048,0.050083555555555555,74.42323203640171,74.42323203640171,74.4383209252906,74.4383209252906,74.46438342529059,76.9252052537876,0.09123494444443736,2.552056772941441,0.0,0.0,0.0,0.02606249999999477
1008,74.61763922152086,128,768,64,0,1,7,74.61763922152086,256,0.15252622222222223,74.77016544374308,74.77016544374308,74.77743211040975,74.80324035888434,74.82896252685309,78.1301684211053,0.21132330533222898,3.512529199584435,0.0,0.0,0.025808248474589846,0.02572216796875182
1009,74.63163606626895,160,2240,110,5,1,1,74.66969460824002,256,0.5658311111111111,75.23552571935113,75.23552571935113,75.25097016379557,75.27604662112415,75.30197988935332,79.44501660810333,0.6703438230843659,4.813380541834377,0.038058541971068394,0.0,0.02507645732858066,0.025933268229167084
1010,74.70130312742282,96,1664,0,1,1,7,74.70130312742282,1536,0.04854755555555555,74.74985068297838,74.74985068297838,74.76209512742282,74.77699302482775,74.80306314201525,77.27080782672506,0.10176001459242912,2.569504699302243,0.0,0.0,0.014897897404921423,0.026070117187501296
1011,74.82293123245283,64,5248,3,2,1,7,74.82293123245283,5120,0.05929955555555556,74.88223078800839,74.88223078800839,74.91438634356395,74.91715993109848,74.94372560492661,76.60127665356872,0.12079437247378166,1.778345421115887,0.0,0.0,0.002773587534534272,0.026565673828130798
1012,74.91259286674556,64,2176,1,0,0,0,74.91259286674556,2048,0.050083555555555555,74.96267642230112,74.96267642230112,74.97776531119,74.98330578857184,75.00914367919684,76.63910230782406,0.09655081245128372,1.7265094410785053,0.0,0.0,0.005540477381842379,0.02583789062499875
1013,74.91988074278008,96,4672,27,4,1,3,74.91988074278008,4288,0.12868266666666667,75.04856340944674,75.04856340944674,75.0775189650023,75.09603328287886,75.1229242740898,77.64711332496407,0.2030435313097172,2.727232582183987,0.0,0.0,0.018514317876565656,0.026890991210933635
1014,75.00194056594387,128,1408,16,4,1,1,75.04856340944674,960,0.13666844444444445,75.18523185389118,75.18523185389118,75.1960540761134,75.20360017741011,75.23025203287887,78.5968691475242,0.22831146693499704,3.5949285815803336,0.046622843502873934,0.0,0.007546101296711072,0.02665185546875648
1015,75.06454220681965,64,1664,4,0,1,5,75.06454220681965,832,0.2441031111111111,75.30864531793077,75.30864531793077,75.32088976237522,75.3450806909156,75.37091736083747,77.00318533191259,0.30637515401781457,1.9386431250929377,0.0,0.0,0.024190928540377854,0.025836669921872613
1016,75.06784755209463,64,2176,1,2,1,0,75.06784755209463,2048,0.050083555555555555,75.1179311076502,75.1179311076502,75.13301999653908,75.15568161078598,75.18200403917139,76.83463934888123,0.1141564870767553,1.7667917967865918,0.0,0.0,0.02266161424689983,0.026322428385412877
1017,75.09013081275754,128,1472,16,1,1,4,75.09013081275754,1216,0.08352711111111111,75.17365792386865,75.17365792386865,75.18483570164642,75.19417349357774,75.22019155998399,78.50566773069642,0.13006074722645167,3.41553691793888,0.0,0.0,0.009337791931315564,0.026018066406251705
1018,75.11744368296738,128,2176,5,4,1,2,75.18523185389118,2048,0.050083555555555555,75.23531540944674,75.23531540944674,75.25040429833562,75.25690437662887,75.28345881998824,78.64962158893046,0.1660151370208638,3.5321779059630813,0.06778817092380507,0.0,0.00650007829324295,0.02655444335937318
1019,75.15237556027056,64,2624,30,2,1,6,75.15237556027056,256,0.6736497777777778,75.82602533804834,75.82602533804834,75.84360311582611,75.86644866807764,75.89272942979639,77.53916254224059,0.7403538695258334,2.386786981970033,0.0,0.0,0.022845552251524737,0.026280761718751933
1020,75.19391744991196,128,1344,77,1,1,3,75.19391744991196,1088,0.0831431111111111,75.27706056102308,75.27706056102308,75.28752722768975,75.29824868889024,75.3242167413456,78.60799097288393,0.13029929143363006,3.414073522971961,0.0,0.0,0.010721461200489557,0.025968052455354496
1021,75.33453739527118,96,1472,33,2,1,7,75.82602533804834,256,0.35019377777777777,76.17621911582611,76.17621911582611,76.18739689360389,76.20813665635889,76.23434257153745,78.72670346020932,0.8998051762662698,3.392166064938138,0.49148794277715524,0.0,0.020739762754999447,0.026205915178564965
1022,75.54387691758383,64,1216,85,0,1,1,75.54387691758383,256,0.27831466666666665,75.82219158425049,75.82219158425049,75.83194713980605,75.83606091552497,75.86185642333747,77.49787649402197,0.317979505753641,1.953999576438136,0.0,0.0,0.004113775718920465,0.025795507812503615
1023,75.58719973387561,64,4096,114,2,0,7,76.17621911582611,0,1.1580657777777779,77.3342848936039,77.3342848936039,77.36004044915946,77.38105463208434,77.40740472974059,79.06981263989682,1.8202049958649837,3.4826129060212168,0.5890193819505072,0.0,0.02101418292488688,0.026350097656248295
1024,75.75085759262547,64,1664,8,0,1,1,75.82219158425049,1216,0.13743644444444444,75.95962802869494,75.95962802869494,75.97187247313938,75.99084128661872,76.01664206786872,77.65525802071468,0.265784475243251,1.9044004280892182,0.07133399162502485,0.0,0.01896881347933288,0.025800781249998295
1025,75.78484462100518,128,4096,10,2,0,5,77.3342848936039,0,1.1580657777777779,78.49235067138167,78.49235067138167,78.51810622693723,78.54169086255308,78.56828542635516,81.90463019360776,2.783440805349983,6.119785572602581,1.5494402725987158,0.0,0.02358463561584756,0.02659456380207814
1026,75.82034037673671,96,5248,3,4,1,2,75.82034037673671,5120,0.05929955555555556,75.87963993229226,75.87963993229226,75.91179548784783,75.91950423014448,75.94611954589969,78.46538782428202,0.12577916916298193,2.645047447545309,0.0,0.0,0.0077087422966570784,0.026615315755208258
1027,75.91439240891594,160,1984,13,4,1,3,75.91439240891594,1664,0.10284088888888888,76.01723329780484,76.01723329780484,76.03125552002706,76.0523636539726,76.07878072754032,80.27579157242188,0.16438831862437553,4.361399163505936,0.0,0.0,0.021108133945546115,0.026417073567714056
1028,75.91546753896856,64,3200,10,6,1,5,75.91546753896856,2816,0.12426666666666666,76.03973420563523,76.03973420563523,76.06051198341301,76.08146380138041,76.1083261060679,77.78572421804706,0.1928585670993499,1.8702566790785085,0.0,0.0,0.020951817967400643,0.02686230468749784
1029,76.08706414816443,128,4608,55,0,1,3,76.08706414816443,4224,0.12849066666666667,76.2155548148311,76.2155548148311,76.24415481483109,76.24887107177496,76.27488306954281,79.59814110176934,0.18781892137837986,3.5110769536049133,0.0,0.0,0.00471625694386546,0.02601199776785279
1030,76.20346084734369,128,1344,97,2,1,6,78.49235067138167,1024,0.10092088888888888,78.59327156027057,78.59327156027057,78.60373822693724,78.62147601880308,78.64783710278745,81.98243800610776,2.444376255443757,5.778977158764064,2.2888898240379802,0.0,0.01773779186584079,0.026361083984369316
1031,76.27285358159328,96,3008,18,4,1,3,76.27285358159328,2048,0.28369066666666665,76.55654424825995,76.55654424825995,76.57625535937106,76.58269662923303,76.60921835774865,79.12453865087241,0.33636477615536364,2.851685069279128,0.0,0.0,0.006441269861966248,0.026521728515618292
1032,76.34186651931854,128,832,60,1,1,5,76.34186651931854,256,0.170496,76.51236251931854,76.51236251931854,76.51998474154077,76.54554627073549,76.57143233844381,79.85226367796207,0.22956581912526985,3.510397158643528,0.0,0.0,0.02556152919471799,0.025886067708327687
1033,76.37376780630069,96,1664,0,2,1,1,78.59327156027057,1536,0.04854755555555555,78.64181911582612,78.64181911582612,78.65406356027057,78.67419867505308,78.70045082349057,81.19739740552183,2.326683017189879,4.823629599221135,2.2195037539698745,0.0,0.02013511478250507,0.026252148437492906
1034,76.38090513670495,64,2176,1,6,1,2,76.38090513670495,2048,0.050083555555555555,76.43098869226051,76.43098869226051,76.4460775811494,76.45758050059916,76.48418076101584,78.15577971934916,0.10327562431088211,1.7748745826442018,0.0,0.0,0.011502919449768001,0.026600260416671517
1035,76.40805714233845,64,4096,1,0,0,6,76.40805714233845,0,1.1580657777777779,77.56612292011623,77.56612292011623,77.59187847567179,77.6025994757928,77.62898595040218,79.28553956368341,1.2209288080637322,2.877482421344965,0.0,0.0,0.010721000121009183,0.026386474609381594
1036,76.44644085178408,64,704,116,3,1,2,76.44644085178408,256,0.13455644444444445,76.58099729622852,76.58099729622852,76.58790840733963,76.59466578802865,76.6204172528724,78.2444222984453,0.1739764010883249,1.7979814466612254,0.0,0.0,0.006757380689023762,0.025751464843750682
1037,76.47396377419877,96,4672,19,4,1,3,76.55654424825995,4416,0.0931271111111111,76.64967135937107,76.64967135937107,76.67862691492662,76.68878647298303,76.715418378675,79.23006713394533,0.2414546044762318,2.756103359746561,0.08258047406118862,0.0,0.010159558056400897,0.02663190569197127
1038,76.69009721143303,128,3072,18,2,1,4,78.64181911582612,2432,0.1949937777777778,78.8368128936039,78.8368128936039,78.85687956027057,78.85858334302182,78.88498529614682,82.21637867993589,2.1948880847137957,5.526281468502859,1.9517219043930965,0.0,0.001703782751249605,0.02640195312500282
1039,76.74759691420147,128,2048,2,6,0,2,76.74759691420147,0,0.5830328888888889,77.33062980309036,77.33062980309036,77.34500758086814,77.36226328054707,77.38872592703144,80.76763970005044,0.6411290128299783,4.020042785848972,0.0,0.0,0.017255699678926817,0.026462646484375796
1040,76.86509769254609,96,2176,9,3,1,5,76.86509769254609,2048,0.050083555555555555,76.91518124810165,76.91518124810165,76.93027013699053,76.9552307294349,76.9810498700599,79.44720410996875,0.11595217751381881,2.582106417422665,0.0,0.0,0.024960592444372764,0.025819140625003456
1041,77.20999923145845,96,5248,15,6,1,1,77.33062980309036,256,1.4104106666666667,78.74104046975702,78.74104046975702,78.77319602531259,78.78382268809916,78.81061712169291,81.34937749301919,1.60061789023446,4.139378261560736,0.12063057163190649,0.0,0.010626662786577867,0.02679443359375
1042,77.22014551944213,64,1664,4,0,0,0,77.56612292011623,1536,0.04854755555555555,77.61467047567179,77.61467047567179,77.62691492011623,77.62898595040218,77.65525802071468,79.31154893868342,0.4351125012725561,2.0914034192412885,0.34597740067410143,0.0,0.0020710302859470175,0.026272070312501228
1043,77.26501451928344,160,1664,0,3,1,2,77.26501451928344,1536,0.04854755555555555,77.313562074839,77.313562074839,77.32580651928345,77.34256910834115,77.36839324571095,81.53097945002176,0.10337872642750767,4.2659649307383205,0.0,0.0,0.016762589057705668,0.025824137369795608
1044,77.32351532628198,64,4352,139,6,1,5,78.74104046975702,256,1.1588337777777777,79.8998742475348,79.8998742475348,79.92705202531258,79.93642425059916,79.96334287039083,81.63778052036294,2.6398275441088543,4.31426519408096,1.4175251434750464,0.0,0.009372225286583102,0.026918619791672427
1045,77.3765910619492,64,1664,0,4,1,3,77.3765910619492,1536,0.04854755555555555,77.42513861750476,77.42513861750476,77.4373830619492,77.4613099802375,77.48785185035469,79.15084984878908,0.11126078840548814,1.77425878683988,0.0,0.0,0.023926918288296406,0.02654187011718534
1046,77.4219169110765,128,2176,1,5,1,6,77.4219169110765,2048,0.050083555555555555,77.47200046663205,77.47200046663205,77.48708935552094,77.51059024091583,77.53650820966583,80.86917678876739,0.11459129858933181,3.4472598776908967,0.0,0.0,0.023500885394895477,0.025917968749993747
1047,77.52288003664094,128,2496,54,3,1,6,77.52288003664094,256,0.6377102222222223,78.16059025886317,78.16059025886317,78.17745692552984,78.19274602891406,78.21858391953906,81.5571170755798,0.6957038828981155,4.034237038938855,0.0,0.0,0.015289103384219516,0.02583789062499875
1048,77.54501213005395,96,4096,45,5,0,5,77.54501213005395,0,1.1580657777777779,78.70307790783173,78.70307790783173,78.72883346338729,78.73524063154082,78.76165534508249,81.2671748356424,1.2166432150285402,3.7221627055884454,0.0,0.0,0.0064071681535295966,0.026414713541669244
1049,77.54672331101676,96,2048,76,0,0,5,77.61467047567179,0,0.5830328888888889,78.19770336456068,78.19770336456068,78.21208114233846,78.23699361641779,78.26352425606623,80.72821043770685,0.7168009450494708,3.1814871266900866,0.06794716465502404,0.0,0.024912474079329172,0.026530639648441934
1050,77.68165723363647,160,1024,32,4,1,2,77.68165723363647,704,0.09996088888888889,77.78161812252536,77.78161812252536,77.79030701141424,77.80572137462924,77.83204071056674,82.00869297216148,0.15038347693027276,4.327035738525012,0.0,0.0,0.015414363215001003,0.02631933593750091
1051,77.72535666056052,96,4672,23,1,1,5,77.72535666056052,256,1.2486826666666666,78.97403932722719,78.97403932722719,79.00299488278274,79.01517456663393,79.04154175413393,81.5542062095841,1.3161850935734094,3.828849549023573,0.0,0.0,0.012179683851186951,0.0263671875
1052,77.73207105230061,160,2432,66,6,1,3,79.8998742475348,256,0.6197404444444444,80.51961469197924,80.51961469197924,80.53612580309036,80.55567604096375,80.58242030365906,84.73178971632646,2.850349251358452,6.999718664025849,2.1678031952341854,0.0,0.019550237873389165,0.026744262695316934
1053,77.75168494756299,64,2176,1,1,1,5,78.97403932722719,2048,0.050083555555555555,79.02412288278275,79.02412288278275,79.03921177167163,79.04154175413393,79.06780770465477,80.72654377468825,1.316122757091776,2.97485882712526,1.2223543796641962,0.0,0.00232998246229954,0.026265950520837578
1054,77.75703754140234,128,768,72,5,1,6,78.70307790783173,256,0.15252622222222223,78.85560413005395,78.85560413005395,78.86287079672061,78.86731908206166,78.8934756982726,82.23749376467885,1.1364381568702555,4.480456223276505,0.9460403664293864,0.0,0.004448285341041469,0.026156616210940342
1055,77.76124057571951,128,3200,14,7,1,6,77.76124057571951,2432,0.23093333333333335,77.99217390905285,77.99217390905285,78.01295168683063,78.03076354557972,78.05707116276722,81.36468011342755,0.2958305870477034,3.6034395377080415,0.0,0.0,0.01781185874908431,0.026307617187498522
1056,77.84715176463332,96,3200,2,3,1,2,78.16059025886317,3072,0.05315555555555555,78.21374581441871,78.21374581441871,78.2345235921965,78.2444222984453,78.27045908229947,80.76619883653125,0.4233073176661435,2.9190470718979213,0.3134384942298425,0.0,0.009898706248804956,0.026036783854166856
1057,77.98609600966236,160,4736,27,4,0,4,77.98609600966236,4544,0.07554133333333334,78.0616373429957,78.0616373429957,78.09094845410681,78.0952609254105,78.12169538721605,82.29989308609377,0.13559937755368878,4.313797076431413,0.0,0.0,0.004312471303691723,0.026434461805550313
1058,77.99219548871818,64,1664,0,6,1,4,80.51961469197924,1536,0.04854755555555555,80.5681622475348,80.5681622475348,80.58040669197925,80.58242030365906,80.60897860444031,82.26161938755044,2.6167831157221286,4.269423898832258,2.5274192032610614,0.0,0.0020136116798141757,0.026558300781246658
1059,78.04960143513694,96,832,64,0,0,0,78.19770336456068,640,0.06382933333333334,78.26153269789401,78.26153269789401,78.26915492011624,78.29005538399592,78.31636192696467,80.77950023262872,0.2667604918277391,2.729898797491785,0.14810192942374556,0.0,0.02090046387968414,0.026306542968754343
1060,78.07192908519255,160,1664,0,7,1,6,78.07192908519255,1536,0.04854755555555555,78.12047664074811,78.12047664074811,78.13272108519256,78.13599694401721,78.16214082422555,82.30423179276629,0.09021173903299484,4.232302707573737,0.0,0.0,0.003275858824650868,0.026143880208337578
1061,78.23978015023744,64,1216,125,1,1,7,79.02412288278275,256,0.27831466666666665,79.30243754944941,79.30243754944941,79.31219310500497,79.33049406533185,79.35659599404279,81.01903205593825,1.1168158438053553,2.779251905700818,0.7843427325453121,0.0,0.018300960326882887,0.02610192871094341
1062,78.30212140395928,160,1408,97,7,1,2,78.30212140395928,256,0.332224,78.63434540395927,78.63434540395927,78.64516762618149,78.65914570703804,78.6851737018297,82.82922622694132,0.38305229787042094,4.527104822982039,0.0,0.0,0.013978080856546171,0.026027994791661513
1063,78.36339710998034,96,896,36,0,1,5,78.36339710998034,576,0.09957688888888888,78.46297399886923,78.46297399886923,78.47095177664701,78.47421143868343,78.50037598946467,80.95947907377456,0.13697887948433163,2.5960819637942194,0.0,0.0,0.0032596620364131468,0.02616455078124602
1064,78.42002475595908,64,4480,63,5,0,5,78.85560413005395,4288,0.07477333333333333,78.93037746338729,78.93037746338729,78.95826635227618,78.97194847659291,78.99831283206166,80.65788194013459,0.5782880761025808,2.2378571841755104,0.43557937409487124,0.0,0.013682124316730437,0.026364355468743383
1065,78.43594624754411,96,2176,1,6,1,1,80.5681622475348,2048,0.050083555555555555,80.61824580309036,80.61824580309036,80.63333469197924,80.63553739350282,80.6620138746226,83.14727466098793,2.2260676270784927,4.711328413443823,2.1322159999906916,0.0,0.002202701523572159,0.0264764811197864
1066,78.47332797839867,96,4352,79,3,1,6,78.47332797839867,256,1.1588337777777777,79.63216175617644,79.63216175617644,79.65933953395422,79.68325928575,79.70971363145313,82.20904229879409,1.2363856530544552,3.7357143203954166,0.0,0.0,0.023919751795773436,0.026454345703129434
1067,78.56660094556598,128,1664,0,6,1,7,80.61824580309036,1536,0.04854755555555555,80.66679335864592,80.66679335864592,80.67903780309037,80.68849084402365,80.71487330775133,84.0297265652848,2.1482723621853523,5.463125619718824,2.05164485752438,0.0,0.009453040933280477,0.02638246372768549
1068,78.60908863108328,64,1664,0,5,1,6,78.93037746338729,1536,0.04854755555555555,78.97892501894285,78.97892501894285,78.9911694633873,78.99831283206166,79.02458561851999,80.68419033857208,0.41549698743671115,2.0751017074887983,0.3212888323040062,0.0,0.00714336867436316,0.026272786458335418
1069,78.63982412015108,160,768,80,7,1,0,78.63982412015108,256,0.15252622222222223,78.7923503423733,78.7923503423733,78.79961700903996,78.81532100000678,78.84118794336615,82.98845620741007,0.2013638232150754,4.348632087258991,0.0,0.0,0.015703990966812853,0.025866943359375227
1070,78.66782326075223,160,1664,8,1,1,0,79.30243754944941,1536,0.04854755555555555,79.35098510500497,79.35098510500497,79.36322954944941,79.38269841103498,79.40874323525372,83.6337070954658,0.7409199745014945,4.965883834713566,0.6346142886971791,0.0,0.019468861585565378,0.026044824218743656
1071,78.68381869984293,128,2432,78,3,1,6,79.63216175617644,2176,0.0864071111111111,79.71856886728756,79.71856886728756,79.73507997839867,79.7361684654375,79.76257022325,83.08579388570816,1.078751523407064,4.401975185865226,0.9483430563335133,0.0,0.0010884870388281342,0.026401757812493543
1072,78.7740086866597,64,3200,2,7,1,3,78.7923503423733,3072,0.05315555555555555,78.84550589792885,78.84550589792885,78.86628367570663,78.86705537500677,78.89306221094427,80.53093729813737,0.11905352428456695,1.7569286114776759,0.01834165571359847,0.0,0.000771699300145201,0.02600683593749409
1073,78.82932865993624,160,1664,8,4,1,1,78.82932865993624,1536,0.04854755555555555,78.8778762154918,78.8778762154918,78.89012065993624,78.9138330147117,78.94016951024742,83.11690483507071,0.11084085031117752,4.287576175134475,0.0,0.0,0.02371235477545497,0.026336495535716153
1074,78.83755537317832,128,3200,10,1,1,6,79.35098510500497,2304,0.2664888888888889,79.61747399389385,79.61747399389385,79.63825177167163,79.64316862587873,79.66930379840477,83.05205533067785,0.8317484252264506,4.214499957499527,0.5134297318266476,0.0,0.0049168542070958665,0.026135172526039696
1075,78.88444347234969,64,4096,70,3,0,5,79.71856886728756,0,1.1580657777777779,80.87663464506534,80.87663464506534,80.9023902006209,80.92444810410936,80.95094937364061,82.59762262105971,2.066505901290924,3.713179148710026,0.8341253949378711,0.0,0.022057903488459374,0.026501269531252092
1076,78.96788816333044,160,4352,59,5,1,7,78.97892501894285,256,1.1588337777777777,80.13775879672062,80.13775879672062,80.1649365744984,80.18168320966583,80.20813454430125,84.39821638023875,1.2402463809708024,5.430328216908308,0.011036855612402974,0.0,0.016746635167436352,0.026451334635410717
1077,79.02076447733576,64,4288,147,5,1,2,80.13775879672062,256,1.140864,81.27862279672061,81.27862279672061,81.30544501894283,81.31973977704864,81.3462931624653,83.00273692874136,2.325528685129541,3.9819724514055963,1.1169943193848582,0.0,0.014294758105805272,0.026553385416661968
1078,79.21719387683848,96,5248,3,1,1,4,79.61747399389385,4544,0.21929955555555558,79.8367735494494,79.8367735494494,79.86892910500497,79.87853682249332,79.90502526650373,82.43940562364659,0.6878313896652486,3.2222117468081137,0.4002801170553738,0.0,0.009607717488350431,0.026488444010411172
1079,79.29379869677304,64,1664,37,5,0,5,81.27862279672061,1472,0.06632533333333333,81.34494813005395,81.34494813005395,81.3571925744984,81.37284703616322,81.39921593264759,83.05504080243928,2.1054172358745546,3.7612421056662413,1.9848240999475735,0.0,0.015654461664823316,0.026368896484370907
1080,79.30461723689298,64,1216,20,1,1,3,79.8367735494494,704,0.15387022222222224,79.99064377167163,79.99064377167163,80.00039932722719,80.01098392535789,80.03734664857218,81.71411939317784,0.7327294116792018,2.4095021562848586,0.5321563125564239,0.0,0.010584598130705558,0.026362723214290895
1081,79.3501582243368,64,1280,129,3,0,,80.87663464506534,256,0.29628444444444446,81.17291908950978,81.17291908950978,81.18303020062089,81.18948277207811,81.2158420656979,82.85449322652848,1.865683841361104,3.504335002191681,1.5264764207285424,0.0,0.0064525714572170045,0.026359293619790947
1082,79.51064852681608,96,512,81,3,0,7,81.17291908950978,0,0.15175822222222224,81.324677311732,81.324677311732,81.33052175617645,81.34764585801561,81.37384919227901,83.82607269430191,1.8632006654629265,4.31542416748583,1.662270562693692,0.0,0.017124101839158357,0.026203334263399825
1083,79.58935684121371,160,5248,3,1,0,1,79.99064377167163,5120,0.05929955555555556,80.04994332722718,80.04994332722718,80.08209888278274,80.0900735598445,80.11658753689528,84.34697829501008,0.5272306956815669,4.757621453796361,0.4012869304579141,0.0,0.007974677061753255,0.026513977050782955
1084,79.60345522575096,96,832,100,5,1,1,81.34494813005395,576,0.0816071111111111,81.42655524116506,81.42655524116506,81.43417746338729,81.4519551904601,81.4781327295226,83.97469514000439,1.8746775037716361,4.371239914253422,1.7414929043029872,0.0,0.017777727072811444,0.026177539062501864
1085,79.60912362789784,160,1664,0,4,1,5,79.60912362789784,1536,0.04854755555555555,79.6576711834534,79.6576711834534,79.66991562789785,79.67513219742189,79.70124245132814,83.88489806423738,0.09211882343029743,4.275774436339532,0.0,0.0,0.005216569524037595,0.026110253906253433
1086,79.77440522117467,96,1536,16,7,1,1,79.77440522117467,512,0.29705244444444445,80.07145766561912,80.07145766561912,80.08299099895245,80.08990449610053,80.11588765039741,82.5925258688684,0.3414824292227365,2.818120647693732,0.0,0.0,0.006913497148076431,0.02598315429688114
1087,79.7892838433685,160,4288,107,4,1,6,79.7892838433685,256,1.140864,80.93014784336849,80.93014784336849,80.95697006559071,80.98174665054688,81.00808805679688,85.22219676680437,1.2188042134283847,5.432912923435879,0.0,0.0,0.024776584956171632,0.02634140624999759
1088,79.8028941430254,128,2048,13,4,0,4,80.93014784336849,1856,0.06747733333333333,80.99762517670182,80.99762517670182,81.0120029544796,81.03442995132814,81.06071527033855,84.42111722927645,1.25782112731315,4.618223086251049,1.1272537003430898,0.0,0.02242699684853733,0.026285319010412422
1089,79.84465070498584,96,832,140,7,1,3,80.07145766561912,256,0.170496,80.24195366561912,80.24195366561912,80.24957588784135,80.27179683008491,80.29770049916974,82.7764106344934,0.45304979418389735,2.931759929507564,0.22680696063328298,0.0,0.022220942243563968,0.02590366908482622
1090,79.92825153126398,96,832,56,3,1,5,81.324677311732,256,0.170496,81.495173311732,81.495173311732,81.50279553395423,81.50487318781472,81.53097945002176,83.97978021383317,1.602727918757779,4.0515286825691845,1.3964257804680216,0.0,0.002077653860496298,0.026106262207036934
1091,79.94869099505999,160,1664,0,0,1,4,79.94869099505999,1536,0.04854755555555555,79.99723855061555,79.99723855061555,80.00948299506,80.0340566291131,80.05974461739434,84.18584103088754,0.11105362233435301,4.237150035827554,0.0,0.0,0.024573634053098203,0.02568798828124841
1092,80.15022230255373,96,3200,6,7,1,2,80.24195366561912,2432,0.23093333333333335,80.47288699895246,80.47288699895246,80.49366477673024,80.50494742997331,80.53093729813737,83.01526797498819,0.3807149955836451,2.865045672434462,0.0917313630653922,0.0,0.01128265324307165,0.02598986816406068
1093,80.20584964082576,64,3200,2,4,1,7,80.99762517670182,3072,0.05315555555555555,81.05078073225737,81.05078073225737,81.07155851003515,81.08700107763022,81.11332683097844,82.77448475043529,0.9074771901526759,2.568635109609531,0.7917755358760559,0.0,0.015442567595073342,0.026325753348217518
1094,80.20742956743146,160,1664,4,0,0,0,80.20742956743146,1536,0.04854755555555555,80.25597712298702,80.25597712298702,80.26822156743147,80.29095848458184,80.31667528145684,84.44710812073129,0.10924571402537708,4.239678553299825,0.0,0.0,0.022736917150368186,0.0257167968750025
1095,80.231075605827,96,4672,47,4,1,0,81.05078073225737,256,1.2486826666666666,82.29946339892403,82.29946339892403,82.32841895447959,82.35247892593752,82.37893717789065,84.9070326345499,2.147861572063647,4.675957028722905,0.8197051264303639,0.0,0.024059971457930374,0.02645825195313023
1096,80.26023351016755,64,1664,0,4,1,0,82.29946339892403,1536,0.04854755555555555,82.34801095447959,82.34801095447959,82.36025539892404,82.37893717789065,82.40530359809154,84.07160734158113,2.1450700879239832,3.811373831413576,2.0392298887564806,0.0,0.018681778966609386,0.026366420200886864
1097,80.42196441329341,128,4736,23,7,1,1,80.47288699895246,4224,0.16443022222222223,80.63731722117468,80.63731722117468,80.6666283322858,80.68636956655256,80.71245233022444,84.0632970765507,0.2904879169310277,3.6413326632572875,0.05092258565905183,0.0,0.019741234266760443,0.026082763671880116
1098,80.49721090168862,128,1664,0,3,1,4,81.495173311732,1536,0.04854755555555555,81.54372086728756,81.54372086728756,81.55596531173201,81.5571170755798,81.58318822513337,84.85241268453628,1.0859773234447516,4.355201782847658,0.9979624100433853,0.0,0.001151763847786924,0.026071149553573036
1099,80.49888204889312,64,2496,78,0,1,3,80.49888204889312,256,0.6377102222222223,81.13659227111535,81.13659227111535,81.15345893778202,81.16611383939956,81.19207445137873,82.82879202890483,0.6931924024856073,2.3299099800117062,0.0,0.0,0.012654901617537462,0.025960611979172654
1100,80.603059170375,160,2176,138,0,0,,81.13659227111535,256,0.5478613333333333,81.68445360444868,81.68445360444868,81.69954249333756,81.71138923002457,81.73738300443863,85.88640504436566,1.134323834063622,5.283345873990655,0.5335331007403425,0.0,0.011846736687004977,0.025993774414061477
1101,80.60855426936529,160,4096,15,4,0,6,82.34801095447959,0,1.1580657777777779,83.50607673225737,83.50607673225737,83.53183228781293,83.53990717882071,83.56644200954987,87.77484444378695,2.9578877401845887,7.166290174421661,1.7394566851143054,0.0,0.008074891007780138,0.02653483072916174
1102,80.63706755540737,128,4288,115,7,1,3,80.63731722117468,256,1.140864,81.77818122117468,81.77818122117468,81.8050034433969,81.80708329423113,81.83324461014911,85.20138019132004,1.1961770547417387,4.564312635912671,0.00024966576731344503,0.0,0.0020798508342352306,0.026161315917974548
1103,80.71676904071353,96,4288,95,4,0,,83.50607673225737,256,1.140864,84.64694073225736,84.64694073225736,84.67376295447959,84.69278145453687,84.71993172309156,87.2177465569597,4.003162682378033,6.5009775162461665,2.78930769154384,0.0,0.019018500057285337,0.027150268554692047
1104,80.76010267537976,128,2176,1,4,1,6,84.64694073225736,2048,0.050083555555555555,84.69702428781292,84.69702428781292,84.7121131767018,84.71993172309156,84.74686482856032,88.0918001148249,3.986762153180564,7.331697439445151,3.8868380568776075,0.0,0.007818546389756875,0.026933105468756935
1105,80.94611364481543,128,2176,1,0,1,4,81.68445360444868,2048,0.050083555555555555,81.73453716000424,81.73453716000424,81.74962604889312,81.76337726713393,81.78938556791519,85.101561131799,0.8432719230997634,4.155447486983576,0.7383399596332509,0.0,0.013751218240813046,0.02600830078125682
1106,80.95670032803575,64,2368,150,7,1,2,81.77818122117468,256,0.6017706666666667,82.37995188784134,82.37995188784134,82.3961074433969,82.4090770773645,82.4352825827356,84.11610654920695,1.4785822546998446,3.1594062211711957,0.8214808931389257,0.0,0.012969633967600203,0.026205505371095228
1107,80.99485327827561,128,512,0,2,0,3,80.99485327827561,0,0.15175822222222224,81.14661150049784,81.14661150049784,81.15245594494229,81.17131654614683,81.19739740552183,84.50557716975177,0.20254412724621318,3.510723891476161,0.0,0.0,0.01886060120453692,0.026080859374999932
1108,81.01120108788268,96,1728,37,0,1,5,81.73453716000424,256,0.42207288888888894,82.15661004889313,82.15661004889313,82.16921004889313,82.17956867338394,82.20555605945165,84.68250514221566,1.1943549715689699,3.6713040543329782,0.7233360721215547,0.0,0.010358624490805823,0.025987386067711782
1109,81.03631466501977,96,256,113,4,0,4,84.69702428781292,0,0.07987911111111111,84.77690339892403,84.77690339892403,84.78132562114625,84.80073250434157,84.82736547960198,87.32334627484164,3.7910508145822064,6.287031609821867,3.6607096227931493,0.0,0.019406883195316027,0.026632975260412195
1110,81.13875833803327,160,4288,119,7,1,0,82.37995188784134,256,1.140864,83.52081588784134,83.52081588784134,83.54763811006356,83.55295840467569,83.57989907850381,87.78615182450456,2.4411407404705443,6.647393486471287,1.2411935498080737,0.0,0.005320294612133125,0.02694067382812193
1111,81.18383377386697,64,3200,2,2,1,4,81.18383377386697,3072,0.05315555555555555,81.23698932942251,81.23698932942251,81.2577671072003,81.27580939282652,81.30203253735776,82.93915830233173,0.1181987634907955,1.7553245284647687,0.0,0.0,0.018042285626222565,0.026223144531243747
1112,81.35744041417385,128,512,45,0,0,5,82.15661004889313,0,0.15175822222222224,82.30836827111536,82.30836827111536,82.3142127155598,82.33550031400894,82.36138487037054,85.67649479724109,1.0039444561966917,4.31905438306724,0.7991696347192772,0.0,0.021287598449134748,0.025884556361603472
1113,81.38768589362745,128,1664,0,4,1,3,84.77690339892403,1536,0.04854755555555555,84.82545095447959,84.82545095447959,84.83769539892404,84.85399894314365,84.88051554470616,88.22286779060616,3.492829651078708,6.83518189697871,3.3892175052965854,0.0,0.016303544219610444,0.02651660156250557
1114,81.45042711535987,160,1600,17,7,1,6,83.52081588784134,256,0.3861333333333334,83.90694922117467,83.90694922117467,83.91883811006356,83.9301722718632,83.9568865296757,88.15724954585872,2.5064594143158274,6.706822430498846,2.070388772481465,0.0,0.01133416179963831,0.026714257812500364
1115,81.4625472566565,96,1152,76,2,1,5,81.4625472566565,256,0.2603448888888889,81.7228921455454,81.7228921455454,81.7322921455454,81.74790070142026,81.77402106274839,84.243273243738,0.31147380609188247,2.780725987081496,0.0,0.0,0.015608555874862873,0.02612036132812534
1116,81.47043935927483,128,512,3,4,0,1,84.82545095447959,0,0.15175822222222224,84.97720917670182,84.97720917670182,84.98305362114627,84.98618156033116,85.01240351903652,88.35413081143949,3.54196415976169,6.883691452164655,3.3550115952047577,0.0,0.0031279391848926252,0.02622195870536359
1117,81.53717561232222,160,3200,14,0,1,7,82.30836827111536,2752,0.14204444444444445,82.4504127155598,82.4504127155598,82.47119049333759,82.49081497639733,82.5167868391903,86.67072028571614,0.9796112268680872,5.133544673393928,0.7711926587931401,0.0,0.019624483059743625,0.02597186279297148
1118,81.55099366444497,64,4288,91,4,1,1,84.97720917670182,256,1.140864,86.11807317670181,86.11807317670181,86.14489539892404,86.16097996992937,86.18721022941598,87.85431451912177,4.636216564971008,6.303320854676798,3.426215512256846,0.0,0.016084571005336556,0.026230259486609953
1119,81.59165518496236,96,1664,0,7,1,4,83.90694922117467,1536,0.04854755555555555,83.95549677673023,83.95549677673023,83.96774122117468,83.98360127576944,84.01016605441528,86.51756671475754,2.4185108694529163,4.925911529795172,2.3152940362123076,0.0,0.015860054594767803,0.026564778645834508
1120,81.62913008944071,64,5248,7,2,1,0,81.7228921455454,256,1.4104106666666667,83.13330281221207,83.13330281221207,83.16545836776763,83.16808261873798,83.19422910311299,84.84688288806774,1.565099013672281,3.217752798627032,0.09376205610469412,0.0,0.0026242509703564565,0.026146484375004775
1121,81.6331527468431,160,5248,7,4,1,2,86.11807317670181,4800,0.14818844444444446,86.26626162114626,86.26626162114626,86.29841717670182,86.31836885106777,86.34476820409512,90.54972858975982,4.711615457252023,8.916575842916728,4.484920429858718,0.0,0.019951674365955796,0.026399353027343864
1122,81.75094607677667,160,1664,0,4,1,7,86.26626162114626,1536,0.04854755555555555,86.31480917670181,86.31480917670181,86.32705362114626,86.34476820409512,86.37110278525832,90.57582233975982,4.620156708481645,8.824876262983153,4.515315544369585,0.0,0.017714582948855195,0.026334581163197868
1123,81.7613298382754,96,2688,30,0,1,2,82.4504127155598,2112,0.176064,82.6264767155598,82.6264767155598,82.64441004889314,82.6466534773739,82.6726657929121,85.15396945699432,0.9113359546366979,3.392639618718917,0.689082877284406,0.0,0.0022434284807673066,0.026012315538196162
1124,81.77580314598507,96,3200,14,2,1,0,83.13330281221207,2176,0.30204444444444445,83.43534725665651,83.43534725665651,83.4561250344343,83.4818726578005,83.50812754061299,85.99513542247995,1.7323243946279234,4.219332276494882,1.3574996662269996,0.0,0.0257476233662004,0.026254882812494884
1125,81.79543534089954,160,5184,11,7,1,2,83.95549677673023,4160,0.30799644444444446,84.26349322117467,84.26349322117467,84.29529322117467,84.3013365296757,84.3280134828007,88.52914573726497,2.532578141901155,6.733710396365424,2.160061435830684,0.0,0.006043308501020306,0.026676953125004843
1126,81.81535540063109,64,5248,7,4,0,4,86.31480917670181,5120,0.05929955555555556,86.37410873225737,86.37410873225737,86.40626428781293,86.42377341242845,86.4502321038347,88.11824279060616,4.634876703203602,6.302887389975069,4.499453776070723,0.0,0.017509124615514793,0.02645869140624768
1127,81.83042030492153,160,2176,1,7,1,0,84.26349322117467,2048,0.050083555555555555,84.31357677673023,84.31357677673023,84.32866566561911,84.35469092420695,84.38126628227987,88.58176072749934,2.5508459773583354,6.751340422577812,2.4330729162531384,0.0,0.02602525858783622,0.02657535807291822
1128,81.90073209858745,64,2560,114,2,1,7,83.43534725665651,256,0.65568,84.09102725665652,84.09102725665652,84.10824947887873,84.11212461092549,84.13838789217549,85.78645564197399,2.237655793588033,3.8857235433865327,1.5346151580690588,0.0,0.0038751320467582673,0.026263281249995885
1129,81.9200234570005,128,1664,8,0,1,4,82.6264767155598,1536,0.04854755555555555,82.67502427111536,82.67502427111536,82.68726871555981,82.69867859673154,82.72467180962217,86.04362298056358,0.804648352621669,4.123599523563087,0.7064532585593071,0.0,0.011409881171729808,0.025993212890625728
1130,82.05024342798251,128,1664,0,2,1,4,84.09102725665652,1536,0.04854755555555555,84.13957481221208,84.13957481221208,84.15181925665652,84.16465166170674,84.1908406265505,87.50015544201119,2.1405971985679884,5.449912014028683,2.0407838286740088,0.0,0.012832405050218654,0.026188964843754547
1131,82.14618492934804,128,5248,7,0,1,4,82.67502427111536,5056,0.07707733333333333,82.7521016044487,82.7521016044487,82.78425716000426,82.80265437798154,82.82879202890483,86.14860955282921,0.6826070995567903,4.002424623481176,0.5288393417673234,0.0,0.01839721797728089,0.026137650923288902
1132,82.14813294012343,64,1664,0,1,1,2,82.14813294012343,1536,0.04854755555555555,82.19668049567899,82.19668049567899,82.20892494012344,82.22551441270909,82.2522132408341,83.92382761955433,0.10408030071066321,1.7756946794308988,0.0,0.0,0.016589472585650356,0.026698828125006457
1133,82.17879053454222,96,3200,2,2,0,2,84.13957481221208,3072,0.05315555555555555,84.19273036776762,84.19273036776762,84.2135081455454,84.2170300796755,84.243273243738,86.72420866466744,2.0644827091957865,4.545418130125228,1.960784277669859,0.0,0.0035219341300916085,0.026243164062506708
1134,82.19962059296296,128,3200,2,0,1,2,82.7521016044487,3072,0.05315555555555555,82.80525716000425,82.80525716000425,82.82603493778203,82.82879202890483,82.85495857720028,86.17466068285154,0.6553379842373204,3.97504008988858,0.5524810114857388,0.0,0.002757091122802535,0.026166548295449843
1135,82.29094914774855,96,5248,3,1,0,1,82.29094914774855,5120,0.05929955555555556,82.3502487033041,82.3502487033041,82.38240425885967,82.38571470567784,82.41255992052159,84.92573129445204,0.12161077277303889,2.634782146703486,0.0,0.0,0.0033104468181761604,0.026845214843746135
1136,82.36642002354098,64,2176,1,2,1,7,84.19273036776762,2048,0.050083555555555555,84.24281392332318,84.24281392332318,84.25790281221207,84.26962260897238,84.29593141198578,85.94296436128202,1.9295113884447943,3.5765443377410406,1.8263103442266413,0.0,0.011719796760317536,0.02630880301339289
1137,82.36734517289159,128,256,11,0,0,7,82.80525716000425,0,0.07987911111111111,82.88513627111536,82.88513627111536,82.88955849333757,82.90729313863494,82.93337423401255,86.2525303117578,0.5660290611209575,3.8851851388662055,0.4379119871126562,0.0,0.01773464529736657,0.026081095377605834
1138,82.40700884267068,128,960,36,7,1,0,84.31357677673023,256,0.20643555555555557,84.52001233228579,84.52001233228579,84.52834566561913,84.54072868462362,84.56714888551647,87.91844796708268,2.1601400428457964,5.511439124412007,1.9065679340595523,0.0,0.01238301900448846,0.026420200892857792
1139,82.41528930691761,96,1536,53,1,1,3,82.41528930691761,256,0.3681635555555556,82.78345286247317,82.78345286247317,82.7949861958065,82.81315982286534,82.83970181505285,85.34327133351454,0.4244125081352337,2.927982026596922,0.0,0.0,0.018173627058843067,0.026541992187503638
1140,82.70973309015294,64,1536,12,2,0,2,84.24281392332318,1344,0.06594133333333334,84.30875525665651,84.30875525665651,84.32028858998984,84.32224070328041,84.34848051040932,85.99513542247995,1.6387474202563794,3.28540233232701,1.5330808331702457,0.0,0.0019521132905708782,0.026239807128902726
1141,82.7704223615412,64,1792,21,6,1,4,82.7704223615412,1088,0.20893155555555556,82.97935391709674,82.97935391709674,82.9923094726523,83.01730444614418,83.04332226840981,84.67968180617021,0.2728999068686164,1.909259444629015,0.0,0.0,0.02499497349188573,0.02601782226562932
1142,82.84631485536266,96,1664,4,2,1,0,84.30875525665651,1536,0.04854755555555555,84.35730281221207,84.35730281221207,84.36954725665652,84.37472080581948,84.40091400243406,86.8793605201362,1.5545991470714,4.033045664773539,1.462440401293847,0.0,0.005173549162961422,0.02619319661458519
1143,83.00194841337533,96,1664,0,6,1,1,83.00194841337533,1536,0.04854755555555555,83.05049596893089,83.05049596893089,83.06274041337534,83.06934057895668,83.09531811801918,85.57112470981603,0.0933697046438482,2.569176296440702,0.0,0.0,0.006600165581346573,0.025977539062495225
1144,83.15949808086113,128,2176,1,1,1,2,83.15949808086113,2048,0.050083555555555555,83.20958163641669,83.20958163641669,83.22467052530557,83.2377802330216,83.26423571804764,86.61051596242079,0.10473763718651696,3.4510178815596646,0.0,0.0,0.013109707716026264,0.02645548502604811
1145,83.18516448113827,160,1664,0,2,1,6,84.35730281221207,1536,0.04854755555555555,84.40585036776763,84.40585036776763,84.41809481221208,84.4271076873299,84.45326369318927,88.60330925060492,1.2680992120509984,5.41814476946665,1.1721383310737963,0.0,0.009012875117818453,0.026156005859377274
1146,83.31082677962354,96,704,148,1,1,2,83.31082677962354,256,0.13455644444444445,83.44538322406798,83.44538322406798,83.45229433517909,83.47589717638097,83.50219760885865,85.99829306203016,0.19137082923511173,2.687466282406618,0.0,0.0,0.023602841201878277,0.02630043247768299
1147,83.63352639357728,128,2176,1,5,1,1,83.63352639357728,2048,0.050083555555555555,83.68360994913284,83.68360994913284,83.69869883802173,83.71286550947053,83.73909923342886,87.09356311883003,0.1055728398515754,3.460036725252749,0.0,0.0,0.014166671448805346,0.02623372395832746
1148,83.72320388479037,64,1344,61,1,1,7,83.72320388479037,256,0.3142542222222222,84.03745810701258,84.03745810701258,84.04792477367926,84.05625388908558,84.08260219637725,85.73556503468642,0.3593983115868866,2.0123611498960514,0.0,0.0,0.008329115406326082,0.026348307291669926
1149,83.77139030902765,128,4416,59,6,1,5,83.77139030902765,256,1.1768035555555554,84.9481938645832,84.9481938645832,84.97572719791654,84.99024918898272,85.01675163038897,88.36254775669103,1.2453613213613153,4.591157447663377,0.0,0.0,0.014521991066175133,0.02650244140625091
1150,83.77345403243746,160,1664,0,5,1,2,83.77345403243746,1536,0.04854755555555555,83.82200158799301,83.82200158799301,83.83424603243746,83.8440390120747,83.87016926109814,88.05716171095243,0.09671522866068472,4.283707678514972,0.0,0.0,0.009792979637239796,0.026130249023438523
1151,83.81548165362622,96,896,56,3,0,3,83.81548165362622,704,0.06402133333333333,83.87950298695955,83.87950298695955,83.88748076473733,83.90303265523941,83.92861468648941,86.38122487064119,0.11313303286318899,2.565743217014969,0.0,0.0,0.015551890502081278,0.025582031249996362
1152,83.82340000685738,128,5248,15,1,1,6,84.03745810701258,5056,0.07707733333333333,84.11453544034592,84.11453544034592,84.14669099590148,84.16165004793976,84.18817348543976,87.53711882700411,0.36477347858237863,3.713718820146724,0.21405810015519933,0.0,0.014959052038278742,0.02652343750000341
1153,84.0055174170531,96,4416,71,6,1,3,84.9481938645832,4160,0.0923591111111111,85.04055297569431,85.04055297569431,85.06808630902765,85.06975797804522,85.09647933221189,87.59996318637853,1.0909619151587862,3.594445769325432,0.9426764475301042,0.0,0.0016716690175684334,0.026721354166667766
1154,84.01217756651488,64,2176,5,1,1,4,84.11453544034592,2048,0.050083555555555555,84.16461899590148,84.16461899590148,84.17970788479036,84.18817348543976,84.21463973299835,85.86682333546766,0.20246216648347115,1.8546457689527784,0.10235787383103911,0.0,0.008465600649401495,0.026466247558587952
1155,84.04973566677815,96,4800,23,5,1,7,84.04973566677815,4480,0.11128888888888888,84.16102455566704,84.16102455566704,84.19069122233371,84.21194562828563,84.23855427086376,86.75396834886475,0.18881860408561124,2.704232682086598,0.0,0.0,0.02125440595192174,0.02660864257812534
1156,84.18636667924423,160,1664,0,3,1,5,84.18636667924423,1536,0.04854755555555555,84.23491423479979,84.23491423479979,84.24715867924424,84.26194256734878,84.28764943583836,88.43325531148942,0.10128275659413077,4.246888632245188,0.0,0.0,0.014783888104545895,0.025706868489578483
1157,84.34430664731373,64,704,120,3,1,7,84.34430664731373,256,0.13455644444444445,84.47886309175817,84.47886309175817,84.48577420286928,84.49332196188003,84.51894134664565,86.1471895051278,0.1746346993319179,1.802882857814069,0.0,0.0,0.007547759010748223,0.025619384765619202
1158,84.5867392388028,64,1856,21,6,0,6,85.04055297569431,1664,0.06690133333333334,85.10745430902764,85.10745430902764,85.12076542013875,85.1232011746598,85.14971948520667,86.80803789340978,0.5629802464038676,2.2212986546069686,0.4538137368915045,0.0,0.0024357545210449416,0.026518310546876478
1159,84.61518509414714,64,4096,3,5,0,1,84.61518509414714,0,1.1580657777777779,85.77325087192492,85.77325087192492,85.79900642748048,85.8253272200825,85.85190827477,87.51122067091337,1.2367231806228602,2.896035576766238,0.0,0.0,0.02632079260202147,0.026581054687497385
1160,84.7093515985457,160,3200,2,3,1,0,84.7093515985457,3072,0.05315555555555555,84.76250715410124,84.76250715410124,84.78328493187902,84.80078680563003,84.82659950094252,88.99688861227067,0.11724790239682648,4.287537013724972,0.0,0.0,0.01750187375100154,0.025812695312495748
1161,84.82419099946779,64,2368,74,5,1,0,85.77325087192492,256,0.6017706666666667,86.37502153859158,86.37502153859158,86.39117709414714,86.41022321617625,86.43672790367624,88.08318026563992,1.6125369042084543,3.2589892661721365,0.9490598724571271,0.0,0.019046122029109824,0.026504687499993906
1162,84.82913999847493,160,2176,1,6,1,5,85.10745430902764,2048,0.050083555555555555,85.1575378645832,85.1575378645832,85.17262675347209,85.1762382840348,85.2026662137223,89.39467509230302,0.3735262152473666,4.565535093828089,0.27831431055271594,0.0,0.0036115305627077987,0.026427929687500296
1163,84.83509561833344,64,832,72,3,1,5,84.83509561833344,256,0.170496,85.00559161833344,85.00559161833344,85.01321384055566,85.03301131734877,85.05873397359876,86.69355174006084,0.22363835526532228,1.8584561217274,0.0,0.0,0.01979747679310151,0.02572265624999659
1164,84.94237294585017,128,2176,1,1,1,6,84.94237294585017,2048,0.050083555555555555,84.99245650140573,84.99245650140573,85.00754539029461,85.03011996632704,85.05621322804579,88.39453606333223,0.11384028219562481,3.4521631174820584,0.0,0.0,0.022574576032425853,0.026093261718756366
1165,85.05950718462256,128,768,128,6,1,5,85.1575378645832,256,0.15252622222222223,85.31006408680543,85.31006408680543,85.31733075347209,85.33481318637854,85.36106806919103,88.70457375766759,0.30156088456847385,3.6450665730450282,0.09803067996064385,0.0,0.017482432906447798,0.026254882812494884
1166,85.13548673208993,160,896,64,0,0,0,85.13548673208993,704,0.06402133333333333,85.19950806542326,85.19950806542326,85.20748584320104,85.23251940119074,85.25861034357355,89.42754819680248,0.12312361148362072,4.292061464712546,0.0,0.0,0.025033557989701194,0.02609094238280818
1167,85.22297119575941,160,5248,3,3,1,1,85.22297119575941,5120,0.05929955555555556,85.28227075131497,85.28227075131497,85.31442630687053,85.31598739156752,85.34202116435398,89.53131877642616,0.11904996859456674,4.308347580666748,0.0,0.0,0.0015610846969877912,0.02603377278646235
1168,85.24262730776731,128,4800,27,1,1,4,85.24262730776731,256,1.284622222222222,86.52724952998953,86.52724952998953,86.5569161966562,86.55693271046766,86.5837240923036,89.90412290415254,1.3410967845362904,4.661495596385237,0.0,0.0,1.65138114596175e-05,0.026791381835934658
1169,85.35040986466234,64,896,60,3,1,1,85.35040986466234,256,0.1884657777777778,85.53887564244012,85.53887564244012,85.5468534202179,85.55030892477065,85.57626128247153,87.21622914891502,0.2258514178091957,1.8658192842526802,0.0,0.0,0.003455504552746902,0.025952357700887774
1170,85.41787137561452,96,3200,2,0,1,3,85.41787137561452,3072,0.05315555555555555,85.47102693117007,85.47102693117007,85.49180470894785,85.49345079767512,85.51959847562651,88.0054404222799,0.10172710001198482,2.5875690466653793,0.0,0.0,0.001646088727270012,0.026147677951385617
1171,85.68878673193838,96,2176,5,0,1,1,85.68878673193838,2048,0.050083555555555555,85.73887028749394,85.73887028749394,85.75395917638282,85.7552640233153,85.78149975465212,88.26814012931115,0.09271302271373827,2.5793533973727705,0.0,0.0,0.0013048469324843381,0.02623573133681134
1172,85.69109354400176,160,3200,2,5,1,0,86.37502153859158,3072,0.05315555555555555,86.42817709414713,86.42817709414713,86.44895487192491,86.4632330794575,86.48974821617625,90.64025248534323,0.7986546721744929,4.949158941341466,0.6839279945898227,0.0,0.01427820753258402,0.02651513671875705
1173,85.77949766061327,96,3200,2,5,0,5,86.42817709414713,3072,0.05315555555555555,86.48133264970268,86.48133264970268,86.50211042748046,86.51626384117625,86.54278658113161,89.01916268751492,0.7632889205183346,3.2396650269016476,0.6486794335338573,0.0,0.01415341369579437,0.026522739955353813
1174,85.78030957742546,96,1664,0,0,1,3,85.78030957742546,1536,0.04854755555555555,85.82885713298101,85.82885713298101,85.84110157742546,85.86020987835003,85.88640504436566,88.37330625344309,0.10609546694020366,2.592996676017634,0.0,0.0,0.01910830092457161,0.02619516601562566
1175,85.86164134085361,128,2176,5,6,1,0,85.86164134085361,2048,0.050083555555555555,85.91172489640917,85.91172489640917,85.92681378529805,85.93991875278478,85.96621758090977,89.31520058058427,0.1045762400561614,3.453559239730666,0.0,0.0,0.013104967486725627,0.02629882812499318
1176,85.87432947984341,160,1664,4,3,1,2,85.87432947984341,1536,0.04854755555555555,85.92287703539897,85.92287703539897,85.93512147984342,85.93964555981529,85.96558684399498,90.16888713580116,0.09125736415157348,4.294557655957746,0.0,0.0,0.004524079971872652,0.025941284179694435
1177,85.8898467969018,128,512,2,1,0,5,86.52724952998953,0,0.15175822222222224,86.67900775221176,86.67900775221176,86.68485219665621,86.69156186085829,86.71813656788953,90.03253599009004,0.8282897709877375,4.142689193188247,0.6374027330877396,0.0,0.006709664202077192,0.026574707031244316
1178,86.09209865314126,64,896,100,3,1,5,86.09209865314126,256,0.1884657777777778,86.28056443091904,86.28056443091904,86.28854220869682,86.30335670657868,86.32931227298494,87.98083155776919,0.23721361984367206,1.888732904627929,0.0,0.0,0.014814497881857847,0.025955566406253183
1179,86.12046692132853,160,512,85,0,0,0,86.12046692132853,0,0.15175822222222224,86.27222514355076,86.27222514355076,86.2780695879952,86.2786418351953,86.30461017829425,90.48210026851007,0.18414325696572575,4.361633347181538,0.0,0.0,0.0005722472000968537,0.025968343098952573
1180,86.12250514456447,128,2176,1,5,1,1,86.48133264970268,2048,0.050083555555555555,86.53141620525824,86.53141620525824,86.54650509414712,86.56930980936822,86.59577587382135,89.90563153575245,0.47327072925688185,3.7831263911879773,0.3588275051382084,0.0,0.02280471522109906,0.02646606445313182
1181,86.22194915379909,128,2176,5,5,1,6,86.53141620525824,2048,0.050083555555555555,86.5814997608138,86.5814997608138,86.59658864970268,86.62224242655573,86.64866451856962,89.95785007648905,0.42671536477052996,3.7359009226899644,0.3094670514591513,0.0,0.025653776853047816,0.026422092013888232
1182,86.2283234286345,128,5248,7,0,0,0,86.27222514355076,5120,0.05929955555555556,86.33152469910631,86.33152469910631,86.36368025466187,86.38251813727864,86.40871589118488,89.7452486362556,0.18039246255038677,3.5169252076210995,0.04390171491625949,0.0,0.018837882616765,0.02619775390624568
1183,86.25937959938584,160,2048,0,0,0,0,86.33152469910631,0,0.5830328888888889,86.9145575879952,86.9145575879952,86.92893536577299,86.93204434170573,86.95816013411645,91.13792727046321,0.6987805347306164,4.878547671077371,0.07214509972047267,0.0,0.003108975932747171,0.02611579241072093
1184,86.26773190340163,128,256,1,5,0,5,86.5814997608138,0,0.07987911111111111,86.66137887192491,86.66137887192491,86.66580109414713,86.67508709886475,86.7013803605835,90.01006557128072,0.4336484571818744,3.7423336678790946,0.3137678574121736,0.0,0.009286004717623086,0.026293261718748795
1185,86.32465125610777,64,4416,87,3,1,6,86.32465125610777,256,1.1768035555555554,87.50145481166332,87.50145481166332,87.52898814499666,87.53153793797752,87.55796306818586,89.23749539472973,1.2333118120780853,2.9128441386219635,0.0,0.0,0.002549792980858001,0.026425130208338032
1186,86.37084786204053,160,1408,25,1,1,6,86.67900775221176,256,0.332224,87.01123175221176,87.01123175221176,87.02205397443397,87.03707113820204,87.06347348195203,91.19874556854056,0.692625619911496,4.827897706500025,0.30815989017122547,0.0,0.015017163768064279,0.02640234374999295
1187,86.49757999289295,160,832,84,5,1,2,86.66137887192491,256,0.170496,86.83187487192491,86.83187487192491,86.83949709414713,86.85866311883002,86.88476116570503,91.03251170688341,0.38718117281207753,4.53493171399046,0.16379887903195822,0.0,0.01916602468288886,0.026098046875006276
1188,86.53060930032096,160,4096,8,2,0,0,86.53060930032096,0,1.1580657777777779,87.68867507809874,87.68867507809874,87.7144306336543,87.73300407482368,87.75944133068306,91.9654943905789,1.2288320303620992,5.434885090257936,0.0,0.0,0.01857344116938009,0.02643725585937773
1189,86.53066970385207,96,2368,126,3,1,5,87.50145481166332,256,0.6017706666666667,88.10322547832999,88.10322547832999,88.11938103388555,88.14059708511294,88.16714754084211,90.70313225298865,1.6364778369900392,4.172462549136583,0.9707851078112526,0.0,0.021216051227398225,0.026550455729164923
1190,86.65464922625213,64,1216,133,1,1,7,87.01123175221176,256,0.27831466666666665,87.28954641887842,87.28954641887842,87.29930197443397,87.30111654835828,87.3273881954937,88.96585178598848,0.6727389692415642,2.311202559736344,0.3565825259596238,0.0,0.0018145739243067283,0.026271647135416742
1191,86.74407618268565,160,3200,2,0,1,5,86.9145575879952,3072,0.05315555555555555,86.96771314355075,86.96771314355075,86.98849092132853,87.01039318378163,87.03656609637929,91.2163702392132,0.2924899136936432,4.472294056527559,0.1704814053095589,0.0,0.021902262453096455,0.026172912597658637
1192,86.76062886671322,160,3200,6,0,1,7,86.96771314355075,256,0.8353777777777779,87.80309092132853,87.80309092132853,87.82386869910631,87.84816857440664,87.87439866338234,92.04579211421323,1.1137697966691178,5.285163247500009,0.20708427683753428,0.0,0.024299875300329177,0.026230088975694343
1193,86.76966989388576,160,1664,8,1,1,0,87.28954641887842,1536,0.04854755555555555,87.33809397443397,87.33809397443397,87.35033841887842,87.35366033091036,87.37986722265143,91.51077427947806,0.6101973287656648,4.741104385592294,0.5198765249926538,0.0,0.003321912031935881,0.026206891741068716
1194,86.79257254708894,160,2176,5,7,1,5,86.79257254708894,2048,0.050083555555555555,86.8426561026445,86.8426561026445,86.85774499153338,86.86121485928878,86.88759018480961,91.05768227697853,0.09501763772067306,4.265109729889588,0.0,0.0,0.0034698677553990365,0.02637532552083144
1195,86.88169762699825,160,2048,55,2,0,0,87.68867507809874,0,0.5830328888888889,88.27170796698763,88.27170796698763,88.28608574476542,88.28828898693305,88.3145873267768,92.52438633393828,1.4328896997785563,5.642688706940035,0.8069774511004937,0.0,0.002203242167638564,0.02629833984374841
1196,86.94254926103733,160,5248,11,3,1,7,88.10322547832999,4672,0.18374400000000002,88.28696947833,88.28696947833,88.31912503388556,88.32646052912335,88.35315849229299,92.59948044634804,1.4106092312556626,5.656931185310711,1.1606762172926608,0.0,0.007335495237796863,0.026697963169638683
1197,87.12442172975585,128,2176,1,2,1,5,88.27170796698763,2048,0.050083555555555555,88.3217915225432,88.3217915225432,88.33688041143208,88.3408861549018,88.36712626720649,91.72670420503202,1.242704537450635,4.602282475276169,1.147286237231782,0.0,0.0040057434697189365,0.026240112304691365
1198,87.24585641657973,128,1280,41,0,1,6,87.80309092132853,1024,0.0829511111111111,87.88604203243965,87.88604203243965,87.89615314355076,87.90062924063928,87.92679969962366,91.26806174311946,0.6809432830439306,4.0222053265397335,0.5572345047488056,0.0,0.0044760970885135976,0.02617045898438164
1199,87.32140266457067,96,5248,7,7,1,0,87.32140266457067,4672,0.18374400000000002,87.50514666457067,87.50514666457067,87.53730222012624,87.5471320142367,87.57368781780812,90.07456772619727,0.2522851532374517,2.7531650616266035,0.0,0.0,0.009829794110459034,0.026555803571426395
1200,87.3721675948824,64,4096,17,2,0,7,88.3217915225432,0,1.1580657777777779,89.47985730032097,89.47985730032097,89.50561285587654,89.5263089250841,89.5528440813341,91.22476836518827,2.180676486451702,3.8526007703058696,0.9496239276607952,0.0,0.02069606920755973,0.026535156250005798
1201,87.43216383104954,96,5248,3,0,1,3,87.88604203243965,5120,0.05929955555555556,87.9453415879952,87.9453415879952,87.97749714355076,87.97914208243616,88.0054404222799,90.50861745601007,0.5732765912303677,3.0764536249605356,0.45387820139011126,0.0,0.0016449388853914115,0.02629833984374841
1202,87.55242279782304,64,4096,6,2,0,0,89.47985730032097,0,1.1580657777777779,90.63792307809875,90.63792307809875,90.66367863365431,90.66776156180285,90.69440648367785,92.36491758393828,3.141983685854811,4.812494786115238,1.9274345024979311,0.0,0.004082928148534393,0.026644921875004002
1203,87.84294092540415,160,832,52,7,1,5,87.84294092540415,256,0.170496,88.01343692540415,88.01343692540415,88.02105914762637,88.02503722489519,88.0514787125254,92.20214267271884,0.20853778712124438,4.359201747314685,0.0,0.0,0.0039780772688118304,0.02644148763020837
1204,87.84925171444998,160,2688,22,3,1,5,88.28696947833,256,0.6916195555555555,88.97858903388556,88.97858903388556,88.99652236721889,88.99688861227067,89.023678976854,93.25369895220742,1.1744272624040235,5.404447237757438,0.43771776388001626,0.0,0.00036624505177940136,0.02679036458333428
1205,88.00980596556829,96,5248,3,6,1,0,88.00980596556829,5120,0.05929955555555556,88.06910552112384,88.06910552112384,88.1012610766794,88.12416728794103,88.15065205356603,90.66354394809728,0.140846087997744,2.6537379825289946,0.0,0.0,0.022906211261627618,0.026484765624999795
1206,88.12867799513346,96,1664,0,2,1,0,90.63792307809875,1536,0.04854755555555555,90.68647063365431,90.68647063365431,90.69871507809876,90.7210518938341,90.74755889253201,93.27348887300079,2.6188808973985545,5.144810877867329,2.5092450829652932,0.0,0.022336815735343407,0.0265069986979114
1207,88.16047734006432,64,2752,22,0,1,3,88.16047734006432,2048,0.2118115555555556,88.37228889561987,88.37228889561987,88.39057778450876,88.39965317727122,88.42600018247956,90.08737370601007,0.26552284241523694,1.9268963659457512,0.0,0.0,0.009075392762454726,0.026347005208336327
1208,88.20816125724805,160,1664,4,3,0,3,88.97858903388556,1536,0.04854755555555555,89.02713658944111,89.02713658944111,89.03938103388556,89.05046982971858,89.077121336415,93.30594748736367,0.8689600791669534,5.0977862301156165,0.7704277766375043,0.0,0.011088795833018139,0.026651506696424576
1209,88.25544267631747,160,2560,38,6,1,7,88.25544267631747,256,0.65568,88.91112267631748,88.91112267631748,88.92834489853969,88.94403616001134,88.97055569126134,93.1807811016501,0.7151130149438671,4.925338425332626,0.0,0.0,0.01569126147164468,0.026519531250002615
1210,88.3505041991919,64,4096,93,2,0,0,90.68647063365431,0,1.1580657777777779,91.84453641143209,91.84453641143209,91.87029196698765,91.88569321870389,91.91229312104764,93.60005820893828,3.5617889218557366,5.249554009746376,2.3359664344624065,0.0,0.015401251716241404,0.026599902343747317
1211,88.44377267725628,160,1344,41,7,1,0,88.44377267725628,256,0.3142542222222222,88.7580268994785,88.7580268994785,88.76849356614517,88.79268715979102,88.81887722326758,92.95709272154697,0.3751045460113005,4.513320044290694,0.0,0.0,0.0241935936458475,0.026190063476562386
1212,88.4942142271204,96,5248,3,3,1,6,89.02713658944111,5120,0.05929955555555556,89.08643614499667,89.08643614499667,89.11859170055223,89.13042581465162,89.15719247724927,91.69675749712928,0.662978250128873,3.2025432700088885,0.5329223623207184,0.0,0.011834114099386284,0.026766662597651703
1213,88.54767491232052,160,4864,27,2,1,1,91.84453641143209,4352,0.16481422222222222,92.00935063365431,92.00935063365431,92.03937285587654,92.04494238862577,92.07160430268827,96.39575059175078,3.523929390367755,7.848075679430266,3.2968614991115714,0.0,0.00556953274923444,0.02666191406250107
1214,88.56859303997355,96,3200,2,4,1,0,88.56859303997355,3072,0.05315555555555555,88.6217485955291,88.6217485955291,88.64252637330688,88.64813105558012,88.67480537198637,91.17907463933201,0.10621233201281655,2.610481599358465,0.0,0.0,0.005604682273244066,0.026674316406243292
1215,88.5887833377956,128,4800,35,6,1,5,88.91112267631748,4224,0.1824,89.09352267631748,89.09352267631748,89.12318934298415,89.1296831326676,89.1563702420426,92.51053217586886,0.5675869042469941,3.921748838073256,0.32233933852187135,0.0,0.006493789683446494,0.02668710937500407
1216,88.64363770102624,160,2176,1,7,1,2,88.7580268994785,2048,0.050083555555555555,88.80811045503405,88.80811045503405,88.82319934392294,88.84506777502538,88.87123310705664,93.00890896503655,0.22759540603040307,4.3652712640103175,0.11438919845225826,0.0,0.021868431102447516,0.026165332031254707
1217,88.80026450582635,160,1664,0,4,1,2,88.80026450582635,1536,0.04854755555555555,88.8488120613819,88.8488120613819,88.86105650582635,88.86153925870512,88.88800105069731,93.07176036640607,0.08773654487096394,4.271495860579719,0.0,0.0,0.00048275287876720085,0.026461791992190342
1218,88.87116475017646,96,256,86,6,0,5,89.09352267631748,0,0.07987911111111111,89.17340178742859,89.17340178742859,89.1778240096508,89.18305783969885,89.20948541131344,91.71039033016574,0.3383206611369758,2.839225579989275,0.22235792614101513,0.0,0.005233830048041455,0.026427571614590306
1219,89.0175732256774,160,5248,15,5,1,1,89.0175732256774,4672,0.18374400000000002,89.2013172256774,89.2013172256774,89.23347278123296,89.25217567579617,89.27834673699408,93.4653980458591,0.26077351131668536,4.447824820181708,0.0,0.0,0.018702894563205064,0.026171061197914014
1220,89.22151022048851,64,2176,1,4,1,7,89.22151022048851,2048,0.050083555555555555,89.27159377604407,89.27159377604407,89.28668266493295,89.31145612882231,89.33784470304107,90.99469706306712,0.11633448255255985,1.7731868425786104,0.0,0.0,0.024773463889360414,0.026388574218756844
1221,89.27820206069386,96,1216,101,5,1,1,89.27820206069386,256,0.27831466666666665,89.55651672736052,89.55651672736052,89.56627228291607,89.59243755730658,89.61853158632444,92.11433613295918,0.3403295256305796,2.836134072265324,0.0,0.0,0.02616527439050742,0.02609402901785529
1222,89.28122696318152,160,1984,29,7,1,3,89.28122696318152,1472,0.15617422222222224,89.43740118540374,89.43740118540374,89.45142340762597,89.47317050940039,89.49931284338477,93.6275217580053,0.21808588020324748,4.346294794823777,0.0,0.0,0.021747101774423072,0.026142333984381594
1223,89.34067227384196,128,2112,13,4,0,4,89.34067227384196,1920,0.06766933333333333,89.40834160717529,89.40834160717529,89.42307494050863,89.44340388272857,89.46973493741608,92.80847248973195,0.12906266357411766,3.4678002158899943,0.0,0.0,0.02032894221994752,0.026331054687503297
1224,89.34637943347477,64,1664,8,6,1,1,89.34637943347477,1536,0.04854755555555555,89.39492698903032,89.39492698903032,89.40717143347477,89.42125553663895,89.4476827827327,91.10784563615532,0.1013033492579325,1.7614662026805519,0.0,0.0,0.01408410316417985,0.02642724609374625
1225,89.62267164545325,160,4736,55,4,1,0,89.62267164545325,256,1.2666524444444445,90.8893240898977,90.8893240898977,90.91863520100881,90.94189875577545,90.96828283780671,95.17731323098941,1.3456111923534593,5.55464158553616,0.0,0.0,0.023263554766643324,0.02638408203125664
1226,89.68538148513025,128,2432,82,5,1,2,89.68538148513025,2048,0.12196266666666666,89.80734415179691,89.80734415179691,89.82385526290803,89.82730139659229,89.85341095469776,93.19981292216119,0.1680294695675144,3.514431437030936,0.0,0.0,0.003446133684263941,0.02610955810547466
1227,89.68761710423911,128,1664,0,1,1,4,89.68761710423911,1536,0.04854755555555555,89.73616465979467,89.73616465979467,89.74840910423912,89.77399741587129,89.80002153696505,93.10061134002493,0.11240443272593836,3.412994235785817,0.0,0.0,0.025588311632176897,0.02602412109375507
1228,89.72641428538937,160,4736,19,6,1,4,89.72641428538937,4096,0.1999857777777778,89.92640006316715,89.92640006316715,89.95571117427826,89.9763302436702,90.00291357700354,94.22678655296147,0.2764992916141722,4.500372267572104,0.0,0.0,0.020619069391941025,0.026583333333334735
1229,89.7576533401764,64,1216,24,1,1,4,89.7576533401764,256,0.27831466666666665,90.03596800684306,90.03596800684306,90.04572356239862,90.05834393279838,90.08409869354057,91.71906236541555,0.32644535336416425,1.9614090252391492,0.0,0.0,0.01262037039975894,0.02575476074218841
1230,89.83208776046058,64,1664,0,6,1,1,89.92640006316715,1536,0.04854755555555555,89.97494761872271,89.97494761872271,89.98719206316716,90.00291357700354,90.02938720981604,91.68411923641574,0.19729944935545518,1.8520314759551582,0.09431230270656954,0.0,0.015721513836382428,0.026473632812496817
1231,89.90410038543862,128,1664,8,5,1,6,89.90410038543862,256,0.40410311111111114,90.30820349654974,90.30820349654974,90.32044794099419,90.32560990721822,90.3518274365151,93.70062953999972,0.4477270510764697,3.7965291545610995,0.0,0.0,0.0051619662240369735,0.026217529296872044
1232,89.97307812796488,64,4352,147,7,1,5,89.97307812796488,256,1.1588337777777777,91.13191190574265,91.13191190574265,91.15908968352043,91.16094936682227,91.18702876135352,92.82778525084385,1.2139506333886345,2.8547071228789633,0.0,0.0,0.001859683301830728,0.02607939453125141
1233,90.03851907395571,96,3200,2,4,0,4,90.8893240898977,3072,0.05315555555555555,90.94247964545325,90.94247964545325,90.96325742323103,90.96828283780671,90.99469706306712,93.49429812682274,0.9561779891114099,3.4557790528670296,0.8508050159419867,0.0,0.00502541457568384,0.026414225260410262
1234,90.15282303228169,96,2048,0,0,0,6,90.15282303228169,0,0.5830328888888889,90.73585592117058,90.73585592117058,90.75023369894836,90.77108693843195,90.7972866454632,93.26278344722104,0.6444636131815145,3.1099604149393514,0.0,0.0,0.02085323948358564,0.026199707031253183
1235,90.16162494909133,64,3200,2,1,1,4,90.16162494909133,3072,0.05315555555555555,90.21478050464688,90.21478050464688,90.23555828242466,90.23863751189994,90.26455655486869,91.90271537648326,0.10293160577735705,1.7410904273919243,0.0,0.0,0.0030792294752757243,0.025919042968752137
1236,90.17341394661746,64,2048,120,5,0,3,90.30820349654974,0,0.5830328888888889,90.89123638543863,90.89123638543863,90.90561416321641,90.92781869628072,90.95393979003073,92.61666022963887,0.7805258434132725,2.4432462830214092,0.13478954993227887,0.0,0.02220453306431125,0.026121093750006708
1237,90.27406803984647,64,2176,5,1,1,7,90.27406803984647,2048,0.050083555555555555,90.32415159540203,90.32415159540203,90.33924048429091,90.34231661346244,90.36826119354056,92.00691654835826,0.09419315369409276,1.7328485085117933,0.0,0.0,0.003076129171532216,0.02594458007811795
1238,90.34428234341222,96,5248,3,5,1,3,90.89123638543863,5120,0.05929955555555556,90.95053594099419,90.95053594099419,90.98269149654975,91.00618344237448,91.03251170688341,93.54443544820285,0.6882293634711942,3.2001531047906298,0.5469540420264138,0.0,0.023491945824730465,0.02632826450893333
1239,90.34785771744802,64,1664,4,7,1,3,91.13191190574265,1536,0.04854755555555555,91.18045946129821,91.18045946129821,91.19270390574266,91.21310864416601,91.23914437007747,92.8795021453751,0.8912866526294465,2.531644427927077,0.7840541882946326,0.0,0.020404738423351887,0.026035725911455643
1240,90.36448867976678,64,256,36,6,0,7,90.36448867976678,0,0.07987911111111111,90.44436779087789,90.44436779087789,90.44879001310011,90.45303174106604,90.47934405796057,92.13519306454073,0.11485537819379488,1.7707043847739499,0.0,0.0,0.004241727965933251,0.026312316894532728
1241,90.47911233599886,96,1664,0,4,1,6,90.94247964545325,1536,0.04854755555555555,90.9910272010088,90.9910272010088,91.00327164545325,91.02117596931713,91.04754421475984,93.54704549010398,0.5684318787609755,3.06793315410512,0.46336730945438376,0.0,0.017904323863874083,0.026368245442711213
1242,90.48079303531173,128,1600,16,0,1,7,90.73585592117058,256,0.3861333333333334,91.12198925450392,91.12198925450392,91.1338781433928,91.13792727046321,91.16407443843195,94.45887758784605,0.683281403120219,3.9780845525343125,0.2550628858588482,0.0,0.004049127070402392,0.02614716796874461
1243,90.51025415929081,96,1664,0,4,0,4,90.9910272010088,1536,0.04854755555555555,91.03957475656436,91.03957475656436,91.05181920100881,91.0739129484838,91.10020263877398,93.60005232604148,0.5899484794831693,3.0897981667506684,0.4807730417179954,0.0,0.02209374747498316,0.026289690290184353
1244,90.56744731392436,64,4352,103,1,1,0,90.56744731392436,256,1.1588337777777777,91.72628109170213,91.72628109170213,91.75345886947991,91.77141474171763,91.79782868214733,93.43871798064993,1.2303813682229645,2.8712706667255645,0.0,0.0,0.017955872237720882,0.02641394042969125
1245,90.56876034433029,96,256,146,0,0,7,91.12198925450392,0,0.07987911111111111,91.20186836561503,91.20186836561503,91.20629058783724,91.2163702392132,91.24221574702571,93.70231225581479,0.6734554026954243,3.1335519114845027,0.5532289101736296,0.0,0.010079651375960452,0.025845507812505275
1246,90.59252344689243,160,4864,35,5,1,6,90.95053594099419,4608,0.0937031111111111,91.0442390521053,91.0442390521053,91.07426127432753,91.0854511600084,91.11205083913786,95.29843625967979,0.5195273922454362,4.705912812787361,0.3580124941017573,0.0,0.011189885680877865,0.02659967912946115
1247,90.70218876750351,160,4352,115,4,1,7,91.03957475656436,256,1.1588337777777777,92.19840853434214,92.19840853434214,92.22558631211992,92.22900302474869,92.25538506994958,96.45694831399722,1.553196302446068,5.754759546493702,0.3373859890608486,0.0,0.0034167126287769634,0.026382045200890047
1248,90.86625052006268,160,1280,93,4,1,0,92.19840853434214,256,0.29628444444444446,92.49469297878657,92.49469297878657,92.50480408989769,92.51923237742727,92.54552449168509,96.74008014993471,1.6792739716224077,5.873829629872034,1.3321580142794573,0.0,0.014428287529582917,0.026292114257813637
1249,90.95600346260225,160,256,108,5,0,3,91.0442390521053,0,0.07987911111111111,91.12411816321641,91.12411816321641,91.12854038543863,91.13865100654859,91.16506720527906,95.35043467276573,0.20906374267680405,4.394431210163475,0.08823558950304289,0.0,0.010110621109959084,0.026416198730473184
1250,91.20128136712889,160,1280,133,5,1,1,91.20128136712889,256,0.29628444444444446,91.49756581157332,91.49756581157332,91.50767692268444,91.5085222223689,91.5348565865182,95.71483347647666,0.3335752193893171,4.513552109347771,0.0,0.0,0.0008452996844567906,0.026334364149306566
1251,91.26913498936761,128,256,21,1,0,6,91.72628109170213,0,0.07987911111111111,91.80616020281325,91.80616020281325,91.81058242503546,91.82424311085826,91.85040004445202,95.14258529022023,0.5812650550844012,3.8734503008526104,0.45714610233451936,0.0,0.013660685822799223,0.026156933593753706
1252,91.77130866910235,96,3200,2,0,1,1,91.77130866910235,3072,0.05315555555555555,91.8244642246579,91.8244642246579,91.84524200243568,91.86356857905697,91.88959904780697,94.35456508784604,0.11829037870461434,2.5832564187436873,0.0,0.0,0.018326576621291224,0.02603046874999393
1253,91.8727536928786,160,1088,36,7,0,7,91.8727536928786,832,0.08237511111111111,91.95512880398971,91.95512880398971,91.96417324843415,91.9683429377858,91.9943187329867,96.10160348001052,0.12156504010809499,4.228849787131921,0.0,0.0,0.0041696893516558475,0.02597579520089255
1254,91.95307129638867,64,3200,10,3,1,1,91.95307129638867,2560,0.1953777777777778,92.14844907416645,92.14844907416645,92.16922685194423,92.17591228228554,92.20252116900429,93.85631565142617,0.2494498726156138,1.9032443550375007,0.0,0.0,0.006685430341306642,0.026608886718747726
1255,92.01173284966865,96,1664,0,3,1,4,92.14844907416645,1536,0.04854755555555555,92.19699662972201,92.19699662972201,92.20924107416646,92.22913054400429,92.2555809346293,94.74689467160846,0.24384808496064636,2.735161821939812,0.1367162244978033,0.0,0.01988946983783535,0.02645039062500132
1256,92.13666730970617,96,1664,8,6,1,5,92.13666730970617,1536,0.04854755555555555,92.18521486526173,92.18521486526173,92.19745930970618,92.21625556454073,92.24297504696261,94.78451189475834,0.1063077372564436,2.6478445850521695,0.0,0.0,0.01879625483455527,0.026719482421881935
1257,92.28473842450808,160,2240,138,1,1,0,92.28473842450808,256,0.5658311111111111,92.85056953561919,92.85056953561919,92.86601398006363,92.86640971242076,92.89247331105358,97.03449937945946,0.6077348865455008,4.749760954951384,0.0,0.0,0.0003957323571341931,0.02606359863281682
1258,92.34704449383612,128,2432,50,3,1,2,92.34704449383612,256,0.6197404444444444,92.96678493828057,92.96678493828057,92.98329604939168,92.99195237017616,93.01812483111367,96.3492670999939,0.6710803372775445,4.002222606157773,0.0,0.0,0.008656320784481863,0.02617246093750225
1259,92.36459711843237,128,5248,3,6,1,5,92.36459711843237,5120,0.05929955555555556,92.42389667398793,92.42389667398793,92.45605222954349,92.45674848446261,92.4836400860251,95.87462134532566,0.11904296759273336,3.510024226893293,0.0,0.0,0.0006962549191200651,0.026891601562496703
1260,92.52451242652799,64,4480,59,3,1,6,92.96678493828057,256,1.1947733333333332,94.1615582716139,94.1615582716139,94.1894471605028,94.19465525103554,94.22107077837929,95.87813295285846,1.6965583518512943,3.3536205263304737,0.4422725117525772,0.0,0.005208090532747178,0.02641552734374386
1261,92.57201333679221,160,1664,4,1,1,7,92.85056953561919,1408,0.0841031111111111,92.93467264673029,92.93467264673029,92.94691709117474,92.97066703663951,92.99668197804576,97.13930504352197,0.42466864125354675,4.567291706729762,0.27855619882697624,0.0,0.023749945464771827,0.026014941406245384
1262,92.60365934498877,96,5248,15,6,1,5,92.60365934498877,5120,0.05929955555555556,92.66295890054433,92.66295890054433,92.69511445609989,92.69789155086886,92.72481811336885,95.26374250883013,0.12115876838008433,2.660083163841364,0.0,0.0,0.002777094768973143,0.02692656249999459
1263,92.69842134711048,96,1664,0,1,1,3,92.93467264673029,1536,0.04854755555555555,92.98322020228585,92.98322020228585,92.9954646467303,92.99668197804576,93.02266358611867,95.48280114308481,0.3242422390081856,2.7843797959743313,0.23625129961980917,0.0,0.0012173313154590915,0.025981608072910944
1264,92.81563917506688,128,3200,2,3,1,0,94.1615582716139,3072,0.05315555555555555,94.21471382716945,94.21471382716945,94.23549160494723,94.24748679400429,94.27393979693397,97.6058745218689,1.458300621867096,4.790235346802021,1.3459190965470214,0.0,0.01199518905706043,0.026453002929685
1265,92.84961164471925,96,1664,0,6,1,1,92.84961164471925,1536,0.04854755555555555,92.8981592002748,92.8981592002748,92.91040364471925,92.91331772274386,92.94006186336885,95.47571614164264,0.09045021864960745,2.6261044969233893,0.0,0.0,0.002914078024602418,0.026744140624998636
1266,92.94046280949922,128,2240,58,6,1,7,92.94046280949922,256,0.5658311111111111,93.50629392061033,93.50629392061033,93.52173836505477,93.5296508282126,93.55636607886363,96.93300126882828,0.6159032693644093,3.9925384593290545,0.0,0.0,0.007912463157822458,0.02671525065103708
1267,93.07732814400987,128,1664,0,3,1,6,94.21471382716945,1536,0.04854755555555555,94.263261382725,94.263261382725,94.27550582716945,94.30039328814492,94.32671897173867,97.65796843462931,1.2493908277288028,4.580640290619442,1.1373856831595788,0.0,0.024887460975463682,0.02632568359375398
1268,93.1073224365306,128,5248,15,6,0,6,93.50629392061033,5120,0.05929955555555556,93.56559347616589,93.56559347616589,93.59774903172145,93.60979804500947,93.63663558686214,97.01323222585953,0.5293131503315465,3.9059097893289305,0.3989714840797376,0.0,0.01204901328802066,0.02683754185267162
1269,93.27117993887072,128,2176,1,3,1,4,94.263261382725,2048,0.050083555555555555,94.31334493828057,94.31334493828057,94.32843382716945,94.35304514361367,94.37932777707721,97.71019214882202,1.1081478382064915,4.439012209951301,0.9920814438542891,0.0,0.024611316444222098,0.026282633463537763
1270,93.37747768262784,64,512,70,7,0,5,93.37747768262784,0,0.15175822222222224,93.52923590485007,93.52923590485007,93.53508034929452,93.55066384784905,93.57628266295322,95.18615155943759,0.1988049803253773,1.808673876809749,0.0,0.0,0.015583498554534003,0.02561881510416697
1271,93.3825445334616,96,1664,0,0,1,3,93.3825445334616,1536,0.04854755555555555,93.43109208901716,93.43109208901716,93.4433365334616,93.44379907222104,93.4696481933148,95.9467998697471,0.08710365985319868,2.5642553362854983,0.0,0.0,0.0004625387594359154,0.025849121093756366
1272,93.42060978883788,96,2176,13,6,1,4,93.56559347616589,256,0.5478613333333333,94.11345480949922,94.11345480949922,94.1285436983881,94.14664165550053,94.1733908620435,96.69409550710952,0.7527810732056253,3.273485718271644,0.1449836873280077,0.0,0.018097957112431118,0.026749206542973525
1273,93.48594888817935,96,2048,4,5,0,1,93.48594888817935,0,0.5830328888888889,94.06898177706825,94.06898177706825,94.08335955484603,94.09198696187472,94.11805776265598,96.60021015058379,0.6321088744766286,3.1142612624044403,0.0,0.0,0.008627407028697576,0.026070800781255343
1274,93.59122242853957,128,1664,0,6,1,0,94.11345480949922,1536,0.04854755555555555,94.16200236505478,94.16200236505478,94.17424680949922,94.20014055686772,94.22678655296147,97.58224931570328,0.6355641244219044,3.991026887163713,0.5222323809596503,0.0,0.025893747368499476,0.02664599609374818
1275,93.63137279774529,64,4352,91,7,1,4,93.63137279774529,256,1.1588337777777777,94.79020657552306,94.79020657552306,94.81738435330084,94.82217776386467,94.84817271829175,96.49404727883865,1.216799920546464,2.8626744810933644,0.0,0.0,0.004793410563834755,0.025994954427076777
1276,93.63411269103389,96,2176,5,0,1,1,93.63411269103389,2048,0.050083555555555555,93.68419624658945,93.68419624658945,93.69928513547833,93.70231225581479,93.72838891597104,96.20799249670021,0.09427622493714694,2.573879805666323,0.0,0.0,0.0030271203364549137,0.02607666015624943
1277,93.68031859345078,64,2176,1,3,0,3,94.31334493828057,2048,0.050083555555555555,94.36342849383612,94.36342849383612,94.37851738272501,94.37932777707721,94.40557938142989,96.06127227577514,0.72526078797911,2.3809536823243604,0.633026344829787,0.0,0.0008103943522002055,0.026251604352680147
1278,93.75851410185417,128,5248,3,5,1,6,94.06898177706825,5120,0.05929955555555556,94.1282813326238,94.1282813326238,94.16043688817936,94.17020082906222,94.19657114156223,97.5164236271463,0.4380570397080561,3.7579095252921206,0.3104676752140705,0.0,0.009763940882862698,0.02637031250000632
1279,93.98955884856781,160,2240,62,3,1,4,94.36342849383612,256,0.5658311111111111,94.92925960494723,94.92925960494723,94.94470404939167,94.95750795285846,94.98380322350579,99.1607192484314,0.9942443749379777,5.171160399863595,0.37386964526831434,0.0,0.01280390346678928,0.026295270647324287
1280,94.02679523269721,96,832,48,1,0,1,94.02679523269721,576,0.0816071111111111,94.10840234380832,94.10840234380832,94.11602456603055,94.13347689178273,94.15914905975148,96.63859082756213,0.13235382705427412,2.6117955948649154,0.0,0.0,0.017452325752188358,0.02567216796875016
1281,94.03442145784305,64,2624,114,6,1,2,94.16200236505478,256,0.6736497777777778,94.83565214283256,94.83565214283256,94.85322992061033,94.86450638415566,94.89112412097207,96.56186516042983,0.8567026631290133,2.5274437025867798,0.12758090721172266,0.0,0.011276463545328852,0.026617736816405113
1282,94.04949373364829,64,2176,1,5,1,3,94.1282813326238,2048,0.050083555555555555,94.17836488817936,94.17836488817936,94.19345377706824,94.19657114156223,94.22289055887994,95.87107308306148,0.17339682523164868,1.8215793494131844,0.07878759897550935,0.0,0.0031173644939883616,0.02631941731770837
1283,94.09686075658688,96,3200,10,0,1,3,94.09686075658688,2688,0.15982222222222223,94.2566829788091,94.2566829788091,94.27746075658688,94.30219897456479,94.32838178706479,96.80901723628354,0.23152103047790717,2.7121564796966595,0.0,0.0,0.024738217977912313,0.026182812499996544
1284,94.15399171250962,160,2048,132,7,0,7,94.79020657552306,0,0.5830328888888889,95.37323946441195,95.37323946441195,95.38761724218973,95.3970617156876,95.42330569355218,99.55158907571365,1.2693139810425578,5.397597363204028,0.6362148630134357,0.0,0.009444473497865147,0.026243977864581325
1285,94.36595403778949,96,5248,11,1,1,3,94.36595403778949,4928,0.1126328888888889,94.47858692667837,94.47858692667837,94.51074248223394,94.51861068084523,94.54460400766814,97.03449937945946,0.17864996987864856,2.6685453416699687,0.0,0.0,0.007868198611291177,0.025993326822913332
1286,94.46098618594858,96,1536,81,5,1,7,94.46098618594858,1088,0.13705244444444445,94.59803863039303,94.59803863039303,94.60957196372637,94.61774041239556,94.64398518081074,97.1213039005838,0.1829989948621602,2.6603177146352124,0.0,0.0,0.008168448669195527,0.026244768415182307
1287,94.52023789938102,128,1536,33,5,1,2,94.59803863039303,1088,0.13705244444444445,94.73509107483748,94.73509107483748,94.74662440817082,94.74896913728395,94.7751541958777,98.09092548261505,0.25491629649668823,3.570687583234033,0.07780073101201879,0.0,0.002344729113133326,0.02618505859375375
1288,94.61785468408983,64,3200,2,6,1,3,94.83565214283256,3072,0.05315555555555555,94.8888076983881,94.8888076983881,94.90958547616589,94.91774234606972,94.94435481351763,96.61479435964858,0.3265001294277994,1.9969396755587496,0.21779745874272294,0.0,0.008156869903828579,0.026612467447918675
1289,94.73537643527729,96,2176,1,7,1,5,95.37323946441195,2048,0.050083555555555555,95.42332301996751,95.42332301996751,95.4384119088564,95.44955015969802,95.47574950051833,97.94509806008865,0.7403730652410445,3.2097216248113654,0.6378630291346639,0.0,0.011138250841625563,0.0261993408203125
1290,94.7929074007337,128,1792,37,5,1,0,94.7929074007337,1536,0.08448711111111111,94.87739451184481,94.87739451184481,94.89035006740036,94.9060868130652,94.93224002487075,98.24810907636504,0.1393326241370545,3.4552016756313435,0.0,0.0,0.015736745664838736,0.02615321180554986
1291,94.9983425759499,160,1408,41,0,1,7,94.9983425759499,1152,0.08333511111111111,95.08167768706102,95.08167768706102,95.09249990928323,95.11297101232522,95.13902045080178,99.310511539669,0.14067787485187466,4.312168963719088,0.0,0.0,0.020471103041984406,0.02604943847656216
1292,95.2992506112682,160,960,64,7,1,0,95.42332301996751,576,0.11754666666666666,95.54086968663418,95.54086968663418,95.54920301996752,95.55435045266677,95.58040523782302,99.7065354624324,0.28115462655480883,4.407284851164192,0.12407240869930547,0.0,0.005147432699246224,0.026054785156247817
1293,95.35931371536148,128,2240,134,1,0,1,95.35931371536148,2048,0.06805333333333334,95.42736704869482,95.42736704869482,95.44281149313926,95.45664017303272,95.48280114308481,98.81529898883446,0.1234874277233331,3.455985273472976,0.0,0.0,0.013828679893464368,0.026160970052089283
1294,95.36344566078166,160,256,110,5,0,5,95.36344566078166,0,0.07987911111111111,95.44332477189278,95.44332477189278,95.447746994115,95.45489268057823,95.48088456290245,99.63745233808378,0.11743890212078156,4.274006677302111,0.0,0.0,0.007145686463232437,0.025991882324220228
1295,95.37845912108287,160,1664,0,4,1,6,95.37845912108287,1536,0.04854755555555555,95.42700667663843,95.42700667663843,95.43925112108288,95.44160034036442,95.46782543802067,99.58449497275838,0.08936631693779873,4.206035851675509,0.0,0.0,0.0023492192815410817,0.02622509765625125
1296,95.43873721369779,160,3200,10,2,1,0,95.43873721369779,256,0.8353777777777779,96.27411499147557,96.27411499147557,96.29489276925335,96.31535557221953,96.34236265229765,100.488397149368,0.9036254385998603,5.049659935670206,0.0,0.0,0.020462802966179083,0.02700708007812125
1297,95.52522091969406,128,3200,2,1,1,6,95.52522091969406,3072,0.05315555555555555,95.57837647524961,95.57837647524961,95.5991542530274,95.61391540089731,95.64019608123586,98.97194352008445,0.11497516154179266,3.4467226003903875,0.0,0.0,0.014761147869919,0.02628068033854447
1298,95.5813146992086,128,1664,0,4,0,4,95.5813146992086,1536,0.04854755555555555,95.62986225476416,95.62986225476416,95.64210669920861,95.65141479348941,95.6775396714191,98.96130447331642,0.09622497221049287,3.3799897741078127,0.0,0.0,0.009308094280797263,0.026124877929689205
1299,95.59703156001821,96,2176,1,0,1,7,95.59703156001821,2048,0.050083555555555555,95.64711511557377,95.64711511557377,95.66220400446265,95.68617145177834,95.71223209630959,98.19635870763773,0.1152005362913826,2.599327147619519,0.0,0.0,0.0239674473156839,0.026060644531256116
1300,95.6747514814345,160,256,0,2,0,4,96.27411499147557,0,0.07987911111111111,96.35399410258668,96.35399410258668,96.3584163248089,96.36937022065703,96.39575059175078,100.53998142671175,0.7209991103162849,4.86522994527725,0.5993635100410728,0.0,0.010953895848132333,0.02638037109375091
1301,95.68353043789544,128,2048,19,7,0,6,95.68353043789544,0,0.5830328888888889,96.26656332678434,96.26656332678434,96.28094110456212,96.28486641946365,96.31101231790116,99.6033040171199,0.6274818800057176,3.9197735792244544,0.0,0.0,0.003925314901536581,0.026145898437505366
1302,95.73617808160442,96,256,2,4,0,1,95.73617808160442,0,0.07987911111111111,95.81605719271553,95.81605719271553,95.82047941493775,95.83429919290347,95.86022682962222,98.31307477186553,0.12404874801779897,2.5768966902611083,0.0,0.0,0.013819777965721869,0.025927636718748204
1303,96.06253668411895,96,4352,95,0,1,4,96.06253668411895,256,1.1588337777777777,97.22137046189673,97.22137046189673,97.2485482396745,97.24940688472104,97.27572166336688,99.7944988443565,1.2131849792479272,3.7319621602375435,0.0,0.0,0.0008586450465344342,0.02631477864584042
1304,96.14817778728286,160,2432,70,4,1,5,96.14817778728286,2048,0.12196266666666666,96.27014045394952,96.27014045394952,96.28665156506064,96.30107136087221,96.32704963235659,100.44354022015423,0.17887184507372922,4.2953624328713715,0.0,0.0,0.014419795811576819,0.02597827148437659
1305,96.14843168419455,96,1664,0,1,1,4,96.14843168419455,1536,0.04854755555555555,96.1969792397501,96.1969792397501,96.20922368419455,96.21849458384003,96.24471800738914,98.73673414508445,0.0962863231945903,2.5883024608899063,0.0,0.0,0.009270899645471786,0.026223423549112113
1306,96.25862847182756,96,3200,2,1,0,1,96.25862847182756,3072,0.05315555555555555,96.31178402738311,96.31178402738311,96.33256180516089,96.34961658439806,96.375884528734,98.86769449664695,0.11725605690644159,2.609066024819384,0.0,0.0,0.017054779237170692,0.026267944335941706
1307,96.26613327525232,128,2176,5,5,1,0,96.26613327525232,2048,0.050083555555555555,96.31621683080787,96.31621683080787,96.33130571969676,96.33974105181147,96.36578576442308,99.69047365969836,0.09965248917076508,3.4243403844460403,0.0,0.0,0.00843533211471481,0.02604471261160768
1308,96.32843521228821,64,2240,130,2,1,1,96.35399410258668,256,0.5658311111111111,96.91982521369779,96.91982521369779,96.93526965814223,96.93859238862578,96.96452695893828,98.61840378999298,0.6360917466500666,2.2899685777047694,0.025558890298469805,0.0,0.0033227304835463656,0.025934570312500682
1309,96.66901462913573,96,1664,4,4,1,1,96.66901462913573,1536,0.04854755555555555,96.71756218469129,96.71756218469129,96.72980662913574,96.74008014993471,96.76584421243471,99.22088803916463,0.09682958329898383,2.5518734100289038,0.0,0.0,0.010273520798975255,0.025764062500002183
1310,96.79183502860059,64,2176,1,0,0,0,97.22137046189673,2048,0.050083555555555555,97.27145401745229,97.27145401745229,97.28654290634117,97.30203693029397,97.32828937170022,98.9906254068565,0.5364543430996349,2.1987903782559073,0.4295354332961381,0.0,0.01549402395279742,0.02625244140625682
1311,96.87779882074054,128,1344,93,4,0,4,96.87779882074054,1152,0.06536533333333333,96.94316415407387,96.94316415407387,96.95363082074054,96.97197429055971,96.9977240464191,100.28692466025839,0.11992522567855701,3.4091258395178556,0.0,0.0,0.018343469819171787,0.025749755859379775
1312,96.88855301863819,160,5248,11,5,1,1,96.88855301863819,4608,0.2015217777777778,97.09007479641596,97.09007479641596,97.12223035197152,97.14741630292755,97.17377079511505,101.36467291332555,0.28521777647685553,4.476119894687358,0.0,0.0,0.025185950956029046,0.02635449218749386
1313,96.97124570631419,64,4864,23,2,1,5,96.97124570631419,4160,0.21814755555555557,97.18939326186975,97.18939326186975,97.21941548409198,97.22389951753203,97.25019822358672,98.90873289155549,0.2789525172725291,1.9374871852412952,0.0,0.0,0.004484033440050439,0.02629870605468909
1314,97.08539497893392,160,2048,29,3,0,7,97.08539497893392,0,0.5830328888888889,97.66842786782281,97.66842786782281,97.6828056456006,97.68410246783243,97.71019214882202,101.9627891540304,0.6247971698880974,4.877394175096484,0.0,0.0,0.0012968222318363587,0.026089680989585418
1315,97.14204269990852,96,1664,16,4,1,0,97.14204269990852,1280,0.11965866666666666,97.26170136657518,97.26170136657518,97.27394581101963,97.28100358743472,97.30676732906419,99.76643344932089,0.1647246291556712,2.6243907494123704,0.0,0.0,0.007057776415095418,0.02576374162946138
1316,97.23510225852289,128,1728,17,6,1,7,97.23510225852289,1408,0.10207288888888888,97.33717514741177,97.33717514741177,97.34977514741178,97.37537626882828,97.40123369070328,100.72510765717462,0.16613143218039284,3.490005398651732,0.0,0.0,0.02560112141649995,0.02585742187500273
1317,97.43538530638754,160,2176,1,4,1,0,97.43538530638754,2048,0.050083555555555555,97.4854688619431,97.4854688619431,97.50055775083199,97.5128948402249,97.53869977186552,101.68024218955526,0.10331446547797896,4.244856883167714,0.0,0.0,0.01233708939291489,0.025804931640621476
1318,97.48135973943924,128,3200,2,0,1,1,97.48135973943924,3072,0.05315555555555555,97.53451529499479,97.53451529499479,97.55529307277257,97.56458331701272,97.59090167638772,100.982396305294,0.10954193694847447,3.5010365658547613,0.0,0.0,0.009290244240148127,0.026318359374997158
1319,97.60725358080501,160,960,60,1,1,3,97.60725358080501,704,0.0819911111111111,97.68924469191612,97.68924469191612,97.69757802524946,97.71759190875635,97.7437187642251,101.88408673123122,0.13646518342008562,4.276833150426214,0.0,0.0,0.02001388350689126,0.026126855468746157
1320,97.8537829698311,64,2432,150,0,1,7,97.8537829698311,256,0.6197404444444444,98.47352341427555,98.47352341427555,98.49003452538666,98.51301398107523,98.53936437170023,100.2233543131065,0.6855814018691291,2.369571343275396,0.0,0.0,0.022979455688570738,0.026350390624998
1321,97.99709466522712,128,2176,1,6,1,4,97.99709466522712,2048,0.050083555555555555,98.04717822078268,98.04717822078268,98.06226710967157,98.07343828054702,98.0993979973439,101.440802343047,0.10230333211677589,3.443707677819873,0.0,0.0,0.011171170875456937,0.025959716796876364
1322,98.06767978196694,128,5248,3,3,1,5,98.06767978196694,5120,0.05929955555555556,98.1269793375225,98.1269793375225,98.15913489307806,98.17957642616577,98.20615162147827,101.61365917356164,0.13847183951132536,3.545979391594699,0.0,0.0,0.020441533087705466,0.026575195312503297
1323,98.24015550294332,160,5248,7,0,1,7,98.47352341427555,5120,0.05929955555555556,98.5328229698311,98.5328229698311,98.56497852538666,98.56571525060649,98.59226847326273,102.85739012039816,0.3521129703194106,4.617234617454841,0.23336791133222334,0.0,0.0007367252198235974,0.026553222656247044
1324,98.26331807251682,64,2560,54,3,0,3,98.26331807251682,2368,0.06901333333333334,98.33233140585016,98.33233140585016,98.34955362807237,98.36561304725953,98.39210950722047,100.06924209999391,0.1287914347036434,1.80592402747709,0.0,0.0,0.01605941918715814,0.026496459960938523
1325,98.31957298072324,96,2176,1,1,1,6,98.31957298072324,2048,0.050083555555555555,98.3696565362788,98.3696565362788,98.38474542516768,98.39704884235009,98.42317555133447,100.89111104356847,0.1036025706112298,2.571538062845235,0.0,0.0,0.012303417182408793,0.02612670898437841
1326,98.50992870847227,160,4096,0,3,0,1,98.50992870847227,0,1.1580657777777779,99.66799448625005,99.66799448625005,99.69375004180561,99.71992969765016,99.74665552772828,104.00913860064499,1.2367268192560061,5.499209892172715,0.0,0.0,0.02617965584454396,0.026725830078120794
1327,98.54036977009272,64,5248,7,6,1,0,98.54036977009272,4928,0.1126328888888889,98.6530026589816,98.6530026589816,98.68515821453717,98.69660624929702,98.7231080396616,100.3860333163543,0.18273826956887262,1.8456635462615765,0.0,0.0,0.011448034759851566,0.026501790364577005
1328,98.59345600778465,96,2176,1,7,1,1,98.59345600778465,2048,0.050083555555555555,98.64353956334021,98.64353956334021,98.6586284522291,98.66948184915115,98.69540592141678,101.15749054055739,0.1019499136321258,2.5640345327727374,0.0,0.0,0.010853396922058778,0.02592407226562443
1329,98.63450444926413,160,1600,81,5,0,5,98.63450444926413,1408,0.06613333333333334,98.70063778259747,98.70063778259747,98.71252667148636,98.72133417402128,98.74750067792753,102.94113586905472,0.11299622866340542,4.306631419790591,0.0,0.0,0.008807502534921241,0.026166503906253524
1330,98.64074696396258,64,2432,98,4,1,2,98.64074696396258,2176,0.0864071111111111,98.7271540750737,98.7271540750737,98.74366518618481,98.75365652409766,98.77961080876564,100.4174666524459,0.1388638448030548,1.7767196884833112,0.0,0.0,0.009991337912850895,0.025954284667975003
1331,98.80851922979241,160,2368,94,1,1,4,98.80851922979241,256,0.6017706666666667,99.41028989645908,99.41028989645908,99.42644545201463,99.43610709430321,99.46202018024071,103.62094079326619,0.6535009504483043,4.812421563473777,0.0,0.0,0.009661642288577355,0.02591308593750341
1332,98.969254540887,160,1664,0,4,1,1,98.969254540887,1536,0.04854755555555555,99.01780209644255,99.01780209644255,99.030046540887,99.03921616416463,99.06516782432088,103.23130424196411,0.09591328343388739,4.2620497010771174,0.0,0.0,0.009169623277628602,0.025951660156252387
1333,99.00984956702358,160,2304,134,1,0,1,99.41028989645908,2112,0.06824533333333334,99.47853522979241,99.47853522979241,99.49433522979241,99.51384781695945,99.53981498004539,103.70044250225057,0.529965413021813,4.690592935226988,0.40044032943549723,0.0,0.01951258716704274,0.025967163085937273
1334,99.04363655704292,96,5248,11,4,1,5,99.04363655704292,256,1.4104106666666667,100.45404722370958,100.45404722370958,100.48620277926514,100.49549725140423,100.52200425010214,103.0241781026412,1.4783676930592264,3.9805415455982853,0.0,0.0,0.009294472139089294,0.0265069986979114
1335,99.0457194279493,128,2176,1,7,0,7,99.0457194279493,2048,0.050083555555555555,99.09580298350485,99.09580298350485,99.11089187239374,99.13618985696365,99.16214864602615,102.47659948424229,0.1164292180768598,3.4308800562929918,0.0,0.0,0.025297984569917276,0.025958789062499932
1336,99.0770889195752,64,1472,41,6,1,0,99.0770889195752,1088,0.11908266666666667,99.19617158624187,99.19617158624187,99.20734936401965,99.22673483002617,99.25304818451836,100.91026390717461,0.1759592649431596,1.8331749875994063,0.0,0.0,0.019385466006525576,0.026313354492188523
1337,99.18829464339845,128,5248,3,3,0,3,99.66799448625005,5120,0.05929955555555556,99.7272940418056,99.7272940418056,99.75944959736117,99.77338184608766,99.80027579140015,103.21737281288456,0.6119811480017034,4.029078169486112,0.47969984285160194,0.0,0.01393224872649057,0.02689394531249434
1338,99.21227712580418,64,2560,78,5,1,0,99.21227712580418,256,0.65568,99.86795712580418,99.86795712580418,99.8851793480264,99.90412405032335,99.93067971438585,101.60109869457555,0.7184025885816681,2.3888215687713767,0.0,0.0,0.01894470229694889,0.026555664062499318
1339,99.2139506146568,64,1664,0,2,1,4,99.2139506146568,1536,0.04854755555555555,99.26249817021235,99.26249817021235,99.2747426146568,99.29715818452425,99.32302830171174,100.95482346772738,0.10907768705494902,1.7408728530705844,0.0,0.0,0.02241556986744797,0.025870117187494657
1340,99.27178992942798,160,3200,2,5,1,0,99.86795712580418,3072,0.05315555555555555,99.92111268135973,99.92111268135973,99.94189045913751,99.95723586672959,99.98379397219834,104.16928866620874,0.71200404277036,4.897498736780761,0.5961671963762001,0.0,0.015345407592079141,0.02655810546875159
1341,99.292861815996,96,2176,1,1,1,7,99.47853522979241,2048,0.050083555555555555,99.52861878534797,99.52861878534797,99.54370767423686,99.56578263141257,99.59176964313133,102.06763678005935,0.2989078271353236,2.77477496406334,0.18567341379640823,0.0,0.02207495717571817,0.025987011718754616
1342,99.39717468583443,64,1088,32,7,1,4,99.39717468583443,640,0.13570844444444444,99.53288313027888,99.53288313027888,99.54192757472332,99.55158907571365,99.57744630227614,101.20919887389073,0.18027161644171485,1.8120241880562986,0.0,0.0,0.009661500990333138,0.02585722656249345
1343,99.42376644789687,160,2688,34,2,1,7,99.42376644789687,256,0.6916195555555555,100.11538600345243,100.11538600345243,100.13331933678576,100.15112986421174,100.1771226620633,104.32848215913361,0.7533562141664305,4.904715711236747,0.0,0.0,0.017810527425979217,0.025992797851557725
1344,99.5818422347008,96,1600,12,2,0,2,100.11538600345243,1408,0.06613333333333334,100.18151933678577,100.18151933678577,100.19340822567466,100.20311594819611,100.22906721772736,102.69600003022738,0.6472249830265611,3.1141577955265802,0.5335437687516276,0.0,0.009707722521454798,0.025951269531248045
1345,99.69125211690704,96,2368,118,1,1,6,99.69125211690704,256,0.6017706666666667,100.2930227835737,100.2930227835737,100.30917833912926,100.31960421344384,100.34563123167301,102.82878563608612,0.6543791147659732,3.1375335191790867,0.0,0.0,0.010425874314577754,0.026027018229171972
1346,99.72552056801949,64,3200,10,6,1,2,99.72552056801949,3072,0.05315555555555555,99.77867612357504,99.77867612357504,99.79945390135282,99.80574142182306,99.83211319916681,101.49383090750013,0.10659263114732198,1.7683103394806352,0.0,0.0,0.006287520470237951,0.026371777343754843
1347,99.74573803622162,64,2624,78,5,0,5,99.92111268135973,2432,0.06920533333333334,99.99031801469306,99.99031801469306,100.00789579247083,100.01035256594834,100.03685608157333,101.70618332999221,0.29111804535170904,1.96044529377059,0.1753746451381062,0.0,0.0024567734775047256,0.02650351562499509
1348,99.82081931731393,128,1664,0,1,1,2,100.2930227835737,1536,0.04854755555555555,100.34157033912926,100.34157033912926,100.35381478357371,100.37165873818343,100.39765594800485,103.72700373271931,0.5768366306909201,3.9061844154053773,0.4722034662597707,0.0,0.01784395460971666,0.02599720982142628
1349,99.90787479429348,160,4800,55,3,1,4,99.90787479429348,4416,0.12906666666666666,100.03694146096015,100.03694146096015,100.06660812762682,100.06924209999391,100.09635391640016,104.35200761919968,0.18847912210668483,4.444132824906205,0.0,0.0,0.0026339723670929516,0.027111816406247158
1350,100.06792999769412,128,1664,0,1,0,1,100.34157033912926,1536,0.04854755555555555,100.39011789468482,100.39011789468482,100.40236233912927,100.42365364610754,100.44962862169348,103.78047101787556,0.3816986239993554,3.7125410201814333,0.27364034143514004,0.0,0.021291306978270086,0.025974975585938864
1351,100.18419044716069,96,1664,4,2,1,4,100.18419044716069,1536,0.04854755555555555,100.23273800271625,100.23273800271625,100.2449824471607,100.25501897553987,100.280947930618,102.74834397553988,0.09675748345730995,2.564153528379194,0.0,0.0,0.01003652837917457,0.02592895507812898
1352,100.21123325012981,96,4608,39,5,1,7,100.21123325012981,4160,0.14626844444444445,100.35750169457425,100.35750169457425,100.38610169457425,100.40795656985458,100.4345906030577,102.94113586905472,0.22335735292789138,2.7299026189249105,0.0,0.0,0.021854875280325814,0.02663403320312341
1353,100.31412510697399,160,2176,1,4,1,1,100.45404722370958,2048,0.050083555555555555,100.50413077926514,100.50413077926514,100.51921966815402,100.52200425010214,100.54840049033652,104.71148717537184,0.2342753833625295,4.397362068397854,0.1399221167355904,0.0,0.002784581948120035,0.026396240234376478
1354,100.59552676936437,160,1664,4,1,1,2,100.59552676936437,1536,0.04854755555555555,100.64407432491993,100.64407432491993,100.65631876936438,100.65744600450597,100.68340683349902,104.87407534730265,0.08788006413465155,4.278548577938281,0.0,0.0,0.0011272351415954063,0.025960828993049745
1355,100.60978775903496,96,1664,4,2,1,1,100.60978775903496,1536,0.04854755555555555,100.65833531459052,100.65833531459052,100.67057975903496,100.69563059663363,100.72154768647738,103.19622056245393,0.1117599274424208,2.5864328034189725,0.0,0.0,0.025050837598669773,0.025917089843744634
1356,100.63543048974397,160,5248,3,6,1,3,100.63543048974397,5120,0.05929955555555556,100.69473004529952,100.69473004529952,100.72688560085508,100.75125365326836,100.77775414154961,104.97456792154402,0.14232365180563988,4.339137431800054,0.0,0.0,0.024368052413279884,0.026500488281243406
1357,100.65750670432251,160,2432,86,3,1,5,100.65750670432251,256,0.6197404444444444,101.27724714876696,101.27724714876696,101.29375825987808,101.31689102577518,101.34386750689497,105.57384970090541,0.6863608025724517,4.916342996582898,0.0,0.0,0.02313276589710256,0.026976481119788787
1358,100.7780209623684,128,1664,4,4,1,2,100.7780209623684,1536,0.04854755555555555,100.82656851792396,100.82656851792396,100.83881296236841,100.86519345908651,100.89147802939901,104.21818676614565,0.11345706703060898,3.440165803777248,0.0,0.0,0.026380496718104496,0.02628457031249809
1359,100.81879459356153,128,1664,8,5,1,6,100.81879459356153,1536,0.04854755555555555,100.86734214911709,100.86734214911709,100.87958659356154,100.88744387454207,100.91396807934117,104.24730502363062,0.09517348577963958,3.428510430069082,0.0,0.0,0.007857280980530845,0.026524204799102336
1360,100.82335962045303,160,5248,11,1,1,4,100.82335962045303,5120,0.05929955555555556,100.88265917600859,100.88265917600859,100.91481473156415,100.91705824815831,100.94318536404373,105.1406969293339,0.11982574359069531,4.317337308880866,0.0,0.0,0.0022435165941629975,0.02612711588541572
1361,100.92274544682418,128,2432,74,2,1,5,100.92274544682418,256,0.6197404444444444,101.54248589126863,101.54248589126863,101.55899700237974,101.57755491303988,101.60355501069613,104.93169407319611,0.6808095638719465,4.008948626371932,0.0,0.0,0.018557910660135235,0.026000097656250887
1362,100.95404657556111,96,1984,21,7,1,6,100.95404657556111,1280,0.20950755555555559,101.16355413111667,101.16355413111667,101.17757635333889,101.18332159524489,101.20919887389073,103.70933283385166,0.2551522983296195,2.7552862582905533,0.0,0.0,0.005745241905998455,0.025877278645836554
1363,100.9544881435295,96,1152,73,0,0,,100.9544881435295,256,0.2603448888888889,101.2148330324184,101.2148330324184,101.2242330324184,101.2308718912315,101.25745856115337,103.7763786946169,0.3029704176238681,2.8218905510873924,0.0,0.0,0.0066388588131047754,0.02658666992186909
1364,100.9572366713527,160,1664,0,6,1,1,100.9572366713527,1536,0.04854755555555555,101.00578422690826,101.00578422690826,101.01802867135271,101.04404157644544,101.07056245046887,105.26086959797631,0.11332577911616681,4.303632926623607,0.0,0.0,0.02601290509272758,0.02652087402343284
1365,101.05220436057957,96,2176,13,6,0,6,101.05220436057957,2048,0.050083555555555555,101.10228791613513,101.10228791613513,101.11737680502401,101.1236056633595,101.15003603445325,103.65958276761917,0.09783167387368508,2.6073784070396044,0.0,0.0,0.006228858335489917,0.02643037109375257
1366,101.05265016986033,160,4544,63,7,1,5,101.16355413111667,4096,0.14607644444444445,101.30963057556112,101.30963057556112,101.33787502000555,101.33938075865635,101.36581223652092,105.54668859615172,0.31316206666059543,4.494038426291397,0.11090396125634072,0.0,0.0015057386507919546,0.02643147786457689
1367,101.12760121927933,160,5248,3,0,1,6,101.2148330324184,5120,0.05929955555555556,101.27413258797395,101.27413258797395,101.30628814352951,101.31063336584087,101.33754628901795,105.57220315750753,0.20994506973862315,4.444601938228203,0.08723181313906991,0.0,0.004345222311357588,0.02691292317707905
1368,101.20376911929692,128,1600,33,5,0,5,101.20376911929692,1408,0.06613333333333334,101.26990245263026,101.26990245263026,101.28179134151915,101.28535821605992,101.31179596020054,104.63776935584788,0.10802684090361936,3.4340002365509577,0.0,0.0,0.0035668745407662072,0.0264377441406225
1369,101.24517323117807,128,4288,75,2,1,7,101.54248589126863,256,1.140864,102.68334989126862,102.68334989126862,102.71017211349084,102.72206936616489,102.74834397553988,106.07665098586351,1.5031707443618103,4.831477754685437,0.29731266009055446,0.0,0.011897252674046399,0.02627460937499393
1370,101.26495344084188,96,3200,10,7,1,6,101.30963057556112,2112,0.31982222222222223,101.62945279778334,101.62945279778334,101.65023057556112,101.65659071959385,101.68305934752354,104.1825498748673,0.41810590668166014,2.917596434025427,0.04467713471923673,0.0,0.006360144032726112,0.026468627929688182
1371,101.68187756292095,128,2048,89,6,0,,101.68187756292095,0,0.5830328888888889,102.26491045180984,102.26491045180984,102.27928822958762,102.28870639578138,102.31508395925793,105.65216862141381,0.6332063963369876,3.9702910584928617,0.0,0.0,0.009418166193754018,0.026377563476557953
1372,101.70615468384801,128,704,152,0,1,3,101.70615468384801,256,0.13455644444444445,101.84071112829245,101.84071112829245,101.84762223940356,101.84898460282004,101.8755125569216,105.24311038407004,0.16935787307359362,3.5369557002220233,0.0,0.0,0.0013623634164758869,0.026527954101567275
1373,101.9025037005923,96,4096,1,0,0,4,101.9025037005923,0,1.1580657777777779,103.06056947837008,103.06056947837008,103.08632503392565,103.0930439289919,103.1194335774294,105.65416775711691,1.2169298768370993,3.7516640565246036,0.0,0.0,0.006718895066256891,0.026389648437501023
1374,101.90482017643637,128,3200,2,7,1,5,101.90482017643637,3072,0.05315555555555555,101.95797573199192,101.95797573199192,101.9787535097697,102.00072096861729,102.02721344908603,105.36346886958923,0.12239327264965993,3.4586486931528526,0.0,0.0,0.021967458847583998,0.02649248046874675
1375,101.97013174340499,64,1664,0,3,1,6,101.97013174340499,1536,0.04854755555555555,102.01867929896055,102.01867929896055,102.030923743405,102.04395541379603,102.07076303098353,103.74447893267623,0.1006312875785369,1.7743471892712392,0.0,0.0,0.013031670391029593,0.02680761718750091
1376,101.98892107679556,64,4864,19,6,0,6,102.26491045180984,4608,0.0937031111111111,102.35861356292095,102.35861356292095,102.38863578514318,102.39421957937512,102.42079819265636,104.08208519739968,0.43187711586080013,2.093164120604115,0.27598937501427656,0.0,0.005583794231938555,0.02657861328124511
1377,102.0602724509088,128,512,49,6,0,7,102.35861356292095,0,0.15175822222222224,102.51037178514318,102.51037178514318,102.51621622958763,102.52711752859386,102.55347674083345,105.8870703792263,0.49320428992464826,3.8267979283175038,0.2983411120121531,0.0,0.010901299006235377,0.026359212239583485
1378,102.07710908218512,64,896,68,0,1,6,103.06056947837008,256,0.1884657777777778,103.24903525614786,103.24903525614786,103.25701303392565,103.27778172196065,103.30398367508565,104.97395877274191,1.2268745929005291,2.8968496905567918,0.9834603961849666,0.0,0.02076868803500531,0.02620195312499618
1379,102.11187060141806,160,896,84,7,1,5,102.11187060141806,256,0.1884657777777778,102.30033637919584,102.30033637919584,102.30831415697362,102.31866296080479,102.34498449400792,106.50779589014354,0.2331138925898557,4.395925288725479,0.0,0.0,0.010348803831163877,0.026321533203130798
1380,102.11246898634529,96,4928,27,5,1,2,102.11246898634529,256,1.3205617777777776,103.43303076412307,103.43303076412307,103.46340854190085,103.48920032217973,103.51562964346878,105.99383478553537,1.4031606571234931,3.8813657991900783,0.0,0.0,0.025791780278879628,0.02642932128905784
1381,102.15991823403591,64,1536,41,3,1,6,102.15991823403591,256,0.3681635555555556,102.52808178959147,102.52808178959147,102.5396151229248,102.55338363645228,102.58002271522832,104.24600273638718,0.4201044811924106,2.0860845023512695,0.0,0.0,0.013768513527480764,0.02663907877604288
1382,102.18628481142181,160,768,112,5,1,4,103.43303076412307,512,0.0814151111111111,103.51444587523419,103.51444587523419,103.52171254190085,103.5420594530391,103.56827869132034,107.69960309608226,1.3819938798985305,5.513318284660443,1.2467459527012608,0.0,0.020346911138247492,0.02621923828124295
1383,102.30744718815112,96,1664,33,3,1,5,102.52808178959147,1024,0.1907697777777778,102.71885156736924,102.71885156736924,102.73109601181369,102.73986744179082,102.76639136757207,105.27694279986375,0.45894417942095345,2.969495611712631,0.22063460144035218,0.0,0.008771429977130651,0.02652392578124818
1384,102.4614949660783,96,1664,0,7,1,3,102.4614949660783,1536,0.04854755555555555,102.51004252163386,102.51004252163386,102.52228696607831,102.52932868346103,102.5556018768204,105.04818105395027,0.09410691074209865,2.5866860878719677,0.0,0.0,0.007041717382719526,0.026273193359372726
1385,102.52676351019326,160,1664,0,7,0,7,102.52676351019326,1536,0.04854755555555555,102.57531106574882,102.57531106574882,102.58755551019327,102.60814972838291,102.6343583639856,106.79390331201854,0.10759485379233524,4.26713980182528,0.0,0.0,0.020594218189643243,0.026208635602685604
1386,102.70803212816412,160,2176,1,6,1,4,102.70803212816412,2048,0.050083555555555555,102.75811568371968,102.75811568371968,102.77320457260856,102.79073162364594,102.81705263369058,106.99276219237734,0.10902050552645903,4.284730064213221,0.0,0.0,0.017527051037376395,0.026321010044640047
1387,102.75145353852871,128,4096,71,6,0,6,102.75811568371968,0,1.1580657777777779,103.91618146149746,103.91618146149746,103.94193701705302,103.94973551827022,103.97620447753361,107.30785535643984,1.224750939004906,4.556401817911137,0.006662145190972524,0.0,0.007798501217195053,0.026468959263397096
1388,102.79016289715017,160,1216,109,2,1,6,102.79016289715017,256,0.27831466666666665,103.06847756381683,103.06847756381683,103.07823311937238,103.09130942964144,103.11753648042269,107.27140339239251,0.327373583272518,4.481240495242346,0.0,0.0,0.013076310269056535,0.026227050781244543
1389,102.9295833054582,160,5248,3,1,1,0,102.9295833054582,5120,0.05929955555555556,102.98888286101375,102.98888286101375,103.02103841656931,103.0388976152528,103.06534899639118,107.28539726996821,0.13576569093298474,4.35581396451002,0.0,0.0,0.017859198683481736,0.02645138113838641
1390,102.96334454215535,96,960,56,4,1,3,102.96334454215535,512,0.13532444444444444,103.0986689865998,103.0986689865998,103.10700231993314,103.12797855837036,103.15380924684692,105.61039292546484,0.19046470469156418,2.647048383309482,0.0,0.0,0.02097623843721408,0.025830688476560226
1391,103.10700738959082,128,2624,54,1,1,3,103.10700738959082,256,0.6736497777777778,103.7806571673686,103.7806571673686,103.79823494514638,103.8074918512089,103.83432815491983,107.20565351299277,0.7273207653290115,4.098646123401949,0.0,0.0,0.009256906062518055,0.026836303710936704
1392,103.14966461302734,96,2176,1,4,1,6,103.14966461302734,2048,0.050083555555555555,103.1997481685829,103.1997481685829,103.21483705747178,103.23130424196411,103.25717985231567,105.71277046452734,0.10751523928833251,2.563105851499998,0.0,0.0,0.016467184492327647,0.025875610351562273
1393,103.24100176894635,160,1664,8,5,0,5,103.51444587523419,1536,0.04854755555555555,103.56299343078975,103.56299343078975,103.5752378752342,103.59449841788285,103.62065068025264,107.75158527381663,0.3796489113062904,4.510583504870283,0.2734441062878403,0.0,0.01926054264865229,0.0261522623697914
1394,103.31976689785388,128,1600,53,6,1,1,103.91618146149746,1088,0.15502222222222223,104.07120368371969,104.07120368371969,104.08309257260858,104.1084007898476,104.13464046618688,107.4642259619086,0.8148735683329988,4.144459064054715,0.5964145636435774,0.0,0.025308217239015107,0.026239676339287143
1395,103.40003317666489,64,1344,89,1,0,,103.7806571673686,256,0.3142542222222222,104.09491138959082,104.09491138959082,104.10537805625749,104.12955972230264,104.15616470277139,105.82702261292765,0.7561315261065005,2.426989436262758,0.380623990703711,0.0,0.02418166604515193,0.02660498046874693
1396,103.40784604952665,64,3200,2,4,1,7,103.40784604952665,3072,0.05315555555555555,103.4610016050822,103.4610016050822,103.48177938285998,103.49008231813598,103.51609921266723,105.1494211527714,0.10825316314057432,1.7415751032447417,0.0,0.0,0.00830293527599224,0.026016894531252888
1397,103.44244451993858,64,1408,89,5,1,1,103.56299343078975,256,0.332224,103.89521743078974,103.89521743078974,103.90603965301196,103.90835779288284,103.9344486829498,105.57568244178537,0.49200416301123084,2.133237921846799,0.12054891085116992,0.0,0.0023181398708800316,0.02609089006696763
1398,103.4434275474416,96,5248,15,0,1,6,103.4434275474416,4544,0.21929955555555558,103.66272710299715,103.66272710299715,103.69488265855271,103.69707156571064,103.7235067870648,106.28904861649191,0.28007923962320547,2.84562106905031,0.0,0.0,0.0021889071579295205,0.026435221354162763
1399,103.46717283920405,160,4352,107,3,1,4,103.46717283920405,256,1.1588337777777777,104.62600661698183,104.62600661698183,104.6531843947596,104.66455254107468,104.6909599303976,109.0086160257752,1.2237870911935431,5.5414431865711435,0.0,0.0,0.01136814631507832,0.026407389322912422
1400,103.50515348868177,96,2240,142,5,1,7,103.89521743078974,256,0.5658311111111111,104.46104854190085,104.46104854190085,104.47649298634529,104.48161703534936,104.50766358482852,106.97496027381662,1.0025100961467501,3.4698067851348497,0.3900639421079717,0.0,0.005124049004066933,0.02604654947916174
1401,103.76948727060478,96,5248,15,3,1,0,104.62600661698183,4800,0.14818844444444446,104.77419506142627,104.77419506142627,104.80635061698183,104.82300420123093,104.84970256548874,107.43428322141322,1.0802152948839563,3.66479595080844,0.8565193463770413,0.0,0.016653584249098685,0.026698364257811136
1402,103.81734182872498,128,1664,0,5,1,7,104.46104854190085,1536,0.04854755555555555,104.50959609745641,104.50959609745641,104.52184054190086,104.53371062258894,104.5597245734818,107.8556904170458,0.7423827447568243,4.038348588320829,0.6437067131758738,0.0,0.011870080688083817,0.026013950892860294
1403,103.8384947190815,64,1664,0,4,1,5,103.8384947190815,1536,0.04854755555555555,103.88704227463705,103.88704227463705,103.8992867190815,103.90641122438598,103.93240056357868,105.55923309473567,0.09390584449718631,1.7207383756541788,0.0,0.0,0.007124505304474837,0.025989339192705074
1404,103.86374169471266,96,3200,2,7,1,4,103.86374169471266,3072,0.05315555555555555,103.9168972502682,103.9168972502682,103.93767502804599,103.94573298033605,103.9720440154923,106.45590563135448,0.10830232077964297,2.5921639366418248,0.0,0.0,0.008057952290059234,0.026311035156254547
1405,103.9921042622934,160,2240,102,1,1,3,104.09491138959082,256,0.5658311111111111,104.66074250070193,104.66074250070193,104.67618694514637,104.6883668512089,104.71489517152139,108.92689385199947,0.7227909092279958,4.934789589706071,0.10280712729742447,0.0,0.012179906062527834,0.026528320312493747
1406,104.02677317649605,96,1664,0,4,0,4,104.02677317649605,1536,0.04854755555555555,104.07532073205161,104.07532073205161,104.08756517649606,104.08834685264118,104.11431385877957,106.5605543471771,0.08754068228351741,2.5337811706810527,0.0,0.0,0.0007816761451238108,0.025967006138387205
1407,104.0617357281163,128,3200,6,1,1,0,104.66074250070193,256,0.8353777777777779,105.49612027847971,105.49612027847971,105.51689805625749,105.53706167542765,105.56351675355265,108.92689385199947,1.501781025436344,4.8651581238831625,0.599006772585625,0.0,0.020163619170162406,0.02645507812499659
1408,104.14127034382106,128,1664,12,7,1,2,104.14127034382106,896,0.22632533333333335,104.3675956771544,104.3675956771544,104.37984012159885,104.39269505715897,104.41889999577505,107.73181766709978,0.2776296519539869,3.590547323278713,0.0,0.0,0.012854935560127956,0.026204938616075424
1409,104.3085460070136,64,1664,0,1,1,4,105.49612027847971,1536,0.04854755555555555,105.54466783403527,105.54466783403527,105.55691227847971,105.56351675355265,105.58986514222453,107.2587378461401,1.2813191352109214,2.9501918391264894,1.1875742714661044,0.0,0.006604475072933269,0.026348388671877387
1410,104.37523284564224,160,832,104,4,1,2,104.37523284564224,256,0.170496,104.54572884564224,104.54572884564224,104.55335106786447,104.55603230651023,104.58194023061738,108.69717849268493,0.2067073849751324,4.321945647042682,0.0,0.0,0.0026812386457635284,0.02590792410714471
1411,104.5387180445434,96,4096,0,1,0,1,105.54466783403527,0,1.1580657777777779,106.70273361181304,106.70273361181304,106.72848916736861,106.75433804261516,106.78092430563599,109.29847148871822,2.2422062610925906,4.7597534441748195,1.005949789491865,0.0,0.02584887524655244,0.02658626302083178
1412,104.54531763265278,160,896,108,4,1,3,104.54572884564224,256,0.1884657777777778,104.73419462342002,104.73419462342002,104.7421724011978,104.7632327808406,104.78904402526024,108.9059662531016,0.24372639260745643,4.3606486204488135,0.0004112129894622285,0.0,0.021060379642790394,0.025811244419642776
1413,104.59530936284351,128,2752,34,7,1,2,104.59530936284351,2496,0.0873671111111111,104.68267647395461,104.68267647395461,104.7009653628435,104.70718654711433,104.73341396410652,108.04197873713326,0.13810460126300939,3.4466693742897547,0.0,0.0,0.006221184270827962,0.026227416992185226
1414,104.61826113916706,160,2496,98,6,1,4,104.61826113916706,256,0.6377102222222223,105.25597136138929,105.25597136138929,105.27283802805596,105.28692789875755,105.31301334797631,109.48456661132268,0.6947522088092484,4.8663054721556165,0.0,0.0,0.014089870701596396,0.026085449218754775
1415,104.62146888422338,128,256,23,2,0,2,104.62146888422338,0,0.07987911111111111,104.70134799533449,104.70134799533449,104.7057702175567,104.72342844819612,104.74945994233674,108.05400241583003,0.1279910581133663,3.4325335316066514,0.0,0.0,0.01765823063941241,0.026031494140625
1416,104.66274157258059,96,256,15,4,0,3,104.73419462342002,0,0.07987911111111111,104.81407373453114,104.81407373453114,104.81849595675335,104.84066797894327,104.86639472454874,107.31380739893493,0.2036531519681546,2.6510658263543405,0.07145305083943754,0.0,0.022172022189920426,0.025726745605467727
1417,104.70586430839559,160,2048,21,1,1,7,106.70273361181304,1216,0.24525511111111112,106.94798872292415,106.94798872292415,106.96236650070193,106.96704181865682,106.99354767803183,111.15782598090573,2.287683369636241,6.451961672510137,1.996869303417455,0.0,0.004675317954891511,0.026505859375006935
1418,104.80723233840102,64,4992,23,3,1,2,104.80723233840102,256,1.3385315555555557,106.14576389395658,106.14576389395658,106.17649722728991,106.20322763059292,106.23062020871792,107.95035402219447,1.4233878703169012,3.143121683793453,0.0,0.0,0.0267304033030058,0.027392578125002842
1419,104.96811042379102,96,1664,0,2,1,1,104.96811042379102,1536,0.04854755555555555,105.01665797934658,105.01665797934658,105.02890242379102,105.03555247163361,105.06147996186799,107.53194953497064,0.09336953807697057,2.563839111179618,0.0,0.0,0.006650047842583717,0.025927490234380457
1420,105.15722041565326,96,4928,19,3,1,6,106.14576389395658,4480,0.14722844444444444,106.29299233840104,106.29299233840104,106.32337011617881,106.34019540403042,106.36759323117886,108.95384795936894,1.2103728155256022,3.7966275437156867,0.9885434783033276,0.0,0.016825287851617077,0.027397827148433862
1421,105.16546772690604,64,1600,49,7,0,7,105.16546772690604,1344,0.0839111111111111,105.24937883801715,105.24937883801715,105.26126772690604,105.28478387203063,105.31101171626891,106.95021800347129,0.1455439893628636,1.7847502765652479,0.0,0.0,0.02351614512458866,0.026227844238277953
1422,105.17390704620914,64,3200,6,1,0,1,106.94798872292415,3072,0.05315555555555555,107.0011442784797,107.0011442784797,107.02192205625748,107.04656086162558,107.07307508281698,108.74162969184322,1.899168036607847,3.5677226456340776,1.7740816767150136,0.0,0.024638805368098815,0.02651422119140534
1423,105.20039330508834,64,3200,14,2,0,2,105.20039330508834,3072,0.05315555555555555,105.25354886064389,105.25354886064389,105.27432663842167,105.29484934663361,105.32090774507111,106.95941283249668,0.12051443998277023,1.7590195274083413,0.0,0.0,0.02052270821194213,0.02605839843749891
1424,105.25089202906156,128,2048,1,4,0,4,105.25089202906156,0,0.5830328888888889,105.83392491795045,105.83392491795045,105.84830269572824,105.86558076726172,105.89115684148047,109.1943875421641,0.6402648124189056,3.9434955131025333,0.0,0.0,0.017278071533482375,0.025576074218747635
1425,105.44284765779697,64,960,108,7,1,4,105.44284765779697,256,0.20643555555555557,105.64928321335253,105.64928321335253,105.65761654668587,105.6766405818288,105.70255771352524,107.34142116528615,0.259710055728263,1.898573507489175,0.0,0.0,0.019024035142933826,0.025917131696431284
1426,105.50455361557593,64,2176,5,7,1,5,105.64928321335253,2048,0.050083555555555555,105.69936676890809,105.69936676890809,105.71445565779698,105.72847533350291,105.75441149072948,107.39348305493459,0.24985787515355184,1.8889294393586624,0.1447295977766032,0.0,0.014019675705938539,0.025936157226567502
1427,105.58885602709712,128,1664,0,4,1,2,105.83392491795045,1536,0.04854755555555555,105.88247247350601,105.88247247350601,105.89471691795046,105.91673340398047,105.94234969629818,109.24691439763285,0.3534936692010575,3.658058370535727,0.24506889085333228,0.0,0.022016486030011606,0.025616292317707234
1428,105.70402578654407,64,1664,8,2,1,5,105.70402578654407,1536,0.04854755555555555,105.75257334209962,105.75257334209962,105.76481778654407,105.79004241303986,105.81606755952423,107.45371955450189,0.11204177298016305,1.7496937679578224,0.0,0.0,0.02522462649578472,0.02602514648437193
1429,105.87324776818147,160,1728,33,0,1,3,105.87324776818147,256,0.42207288888888894,106.29532065707036,106.29532065707036,106.30792065707037,106.30792065707037,106.33376440707038,110.48206200751679,0.4605166388889046,4.608814239335317,0.0,0.0,0.0,0.02584375000000705
1430,105.89496237938184,160,3200,2,2,1,7,105.89496237938184,3072,0.05315555555555555,105.94811793493739,105.94811793493739,105.96889571271517,105.97222869233673,105.99833353329655,110.16010610119088,0.10337115391470775,4.265143721809039,0.0,0.0,0.003332979621561094,0.026104840959817466
1431,105.97379625491453,64,3200,6,7,1,1,105.97379625491453,3072,0.05315555555555555,106.02695181047008,106.02695181047008,106.04772958824786,106.06568346338572,106.0916948566149,107.73181766709978,0.11789860170036093,1.7580214121852435,0.0,0.0,0.01795387513786295,0.02601139322916879
1432,105.98465671857215,96,3200,10,4,1,7,105.98465671857215,2944,0.0887111111111111,106.07336782968326,106.07336782968326,106.09414560746104,106.09605770411068,106.12181209864193,108.59314626612242,0.13715538006977113,2.6084895475502634,0.0,0.0,0.0019120966496330993,0.025754394531247726
1433,106.12397831214246,64,1664,12,2,1,7,106.12397831214246,1472,0.06632533333333333,106.1903036454758,106.1903036454758,106.20254808992024,106.20631529250413,106.23223221493717,107.87146979864252,0.10825390279471492,1.747491486500067,0.0,0.0,0.003767202583887297,0.025916922433040668
1434,106.18788643932908,160,5056,23,0,1,3,106.29532065707036,256,1.3565013333333333,107.65182199040369,107.65182199040369,107.68291087929258,107.70418188753912,107.73085132113287,111.909357792022,1.5429648818037975,5.72147135269293,0.10743421774128592,0.0,0.021271008246543488,0.026669433593752956
1435,106.21534955854251,128,2048,154,7,0,3,106.21534955854251,0,0.5830328888888889,106.79838244743141,106.79838244743141,106.81276022520919,106.81993635238312,106.84596509122241,110.1271414812739,0.6306155326798972,3.911791922731382,0.0,0.0,0.007176127173934788,0.026028738839286802
1436,106.23613530582695,128,2176,5,4,1,7,106.23613530582695,2048,0.050083555555555555,106.28621886138251,106.28621886138251,106.30130775027139,106.30210653223568,106.32790285791928,109.6421301202891,0.09176755209233534,3.4059948144621472,0.0,0.0,0.0007987819642920613,0.025796325683600685
1437,106.30562594155514,128,4480,43,4,1,1,106.30562594155514,4096,0.12810666666666667,106.4337326082218,106.4337326082218,106.4616214971107,106.4826910659271,106.50864500472919,109.82670641423441,0.20301906317405383,3.521080472679273,0.0,0.0,0.021069568816400874,0.025953938802089738
1438,106.42984734391526,128,1664,4,2,1,4,106.42984734391526,1536,0.04854755555555555,106.47839489947081,106.47839489947081,106.49063934391526,106.49142829473627,106.5173368640722,109.84414558221766,0.0874895201569501,3.4142982383024076,0.0,0.0,0.000788950821004164,0.025908569335939546
1439,106.4833267281983,64,3200,2,6,1,2,106.4833267281983,3072,0.05315555555555555,106.53648228375386,106.53648228375386,106.55726006153164,106.57103351399192,106.59739630696068,108.24853992675236,0.11406957876236845,1.7652131985540507,0.0,0.0,0.01377345246028483,0.026362792968754434
1440,106.4893562181578,96,768,148,0,1,1,107.65182199040369,256,0.15252622222222223,107.80434821262591,107.80434821262591,107.81161487929258,107.83753393832038,107.86377352165371,110.35050160015072,1.3744173034959175,3.8611453819929267,1.1624657722458949,0.0,0.025919059027799563,0.02623958333333576
1441,106.51737843578918,96,4736,47,2,1,4,106.51737843578918,4352,0.12887466666666667,106.64625310245584,106.64625310245584,106.67556421356696,106.69871052129876,106.72477855515294,109.21455427362392,0.20740011936375424,2.6971758378347346,0.0,0.0,0.023146307731806814,0.026068033854173223
1442,106.55293675456318,128,2176,1,0,1,4,107.80434821262591,2048,0.050083555555555555,107.85443176818147,107.85443176818147,107.86952065707035,107.89001359326829,107.91620963819017,111.24724617092825,1.3632728836269905,4.694309416365073,1.2514114580627336,0.0,0.02049293619793957,0.026196044921874773
1443,106.67377967078461,160,3200,2,7,1,6,106.79838244743141,3072,0.05315555555555555,106.85153800298696,106.85153800298696,106.87231578076474,106.89802403374473,106.92412077446738,111.03387031428169,0.2503411036827714,4.360090643497074,0.12460277664679609,0.0,0.025708252979995905,0.026096740722650225
1444,106.68270509268874,160,1152,32,6,1,7,106.68270509268874,256,0.2603448888888889,106.94304998157763,106.94304998157763,106.95244998157763,106.96652667805442,106.99276219237734,111.19403633788518,0.3100570996886063,4.511331245196445,0.0,0.0,0.014076696476791994,0.02623551432292004
1445,106.76538119868451,96,1856,37,2,1,5,106.76538119868451,1344,0.15579022222222222,106.92117142090673,106.92117142090673,106.93448253201784,106.95941283249668,106.98540936027446,109.47640546991298,0.2200281615899513,2.7110242712284673,0.0,0.0,0.024930300478843037,0.025996527777778056
1446,106.86427320929437,64,2816,22,5,1,0,106.86427320929437,2432,0.12311466666666666,106.98738787596103,106.98738787596103,107.00603232040548,107.02640998084787,107.052297920301,108.69125291704582,0.18802471100663354,1.8269797077514482,0.0,0.0,0.020377660442392198,0.02588793945312773
1447,106.92008861402678,96,1216,32,7,1,6,106.92008861402678,960,0.0827591111111111,107.0028477251379,107.0028477251379,107.01260328069345,107.02863485614986,107.0547065114233,109.50862937189889,0.13461789739652374,2.58854075787211,0.0,0.0,0.01603157545640954,0.026071655273440797
1448,106.93767045003574,160,1280,125,0,1,1,107.85443176818147,256,0.29628444444444446,108.15071621262591,108.15071621262591,108.16082732373702,108.17819694287766,108.20428307569016,112.38396570217826,1.2666126256544175,5.446295252142519,0.9167613181457313,0.0,0.017369619140637838,0.02608613281249461
1449,106.99380418559161,64,3200,10,3,1,4,106.99380418559161,3072,0.05315555555555555,107.04695974114716,107.04695974114716,107.06773751892494,107.08010812375699,107.10734943235073,108.81682077837937,0.11354524675911648,1.8230165927877522,0.0,0.0,0.012370604832042886,0.027241308593744407
1450,107.0020816790854,128,4672,39,0,1,5,108.15071621262591,256,1.2486826666666666,109.39939887929258,109.39939887929258,109.42835443484813,109.43088209912766,109.45718694938807,112.81087504462617,2.455105270302667,5.808793365540765,1.148634533540502,0.0,0.0025276642795262205,0.0263048502604164
1451,107.22144449207285,160,256,7,7,0,6,107.22144449207285,0,0.07987911111111111,107.30132360318396,107.30132360318396,107.30574582540618,107.31544991962643,107.34142116528615,111.45571369807075,0.11997667321330141,4.234269205997904,0.0,0.0,0.009704094220253978,0.025971245659718534
1452,107.35436351636784,128,2112,21,0,1,1,109.39939887929258,256,0.5298915555555556,109.92929043484813,109.92929043484813,109.94402376818147,109.95707187777349,109.98334601281813,113.32556254462618,2.6289824964502913,5.97119902825834,2.045035362924736,0.0,0.013048109592020296,0.02627413504464471
1453,107.55546957570137,96,1664,0,5,1,4,107.55546957570137,1536,0.04854755555555555,107.60401713125692,107.60401713125692,107.61626157570137,107.621956123426,107.6478379593635,110.13248403683747,0.09236838366213362,2.577014461136102,0.0,0.0,0.0056945477246301834,0.025881835937497044
1454,107.59380949460693,64,1280,24,0,1,1,109.92929043484813,768,0.15406222222222224,110.08335265707035,110.08335265707035,110.09346376818146,110.1147240122601,110.14091956890073,111.802726932647,2.5471100742937978,4.208917438040075,2.3354809402411973,0.0,0.021260244078632695,0.026195556640630002
1455,107.62122934422989,128,4288,83,6,1,0,107.62122934422989,256,1.140864,108.76209334422988,108.76209334422988,108.7889155664521,108.79317615722111,108.81950102701278,112.22157491210393,1.198271682782888,4.600345567874044,0.0,0.0,0.004260590769007422,0.02632486979166515
1456,107.67572658617132,96,960,28,2,1,6,107.67572658617132,256,0.20643555555555557,107.88216214172688,107.88216214172688,107.89049547506022,107.89764548223627,107.92370375046544,110.42282080543195,0.2479771642941131,2.7470942192606316,0.0,0.0,0.007150007176051076,0.026058268229164128
1457,107.7142657742296,128,256,0,7,0,5,107.7142657742296,0,0.07987911111111111,107.79414488534071,107.79414488534071,107.79856710756293,107.80966034288103,107.8354716221779,111.11236103693794,0.12120584794830336,3.3980952627083383,0.0,0.0,0.011093235318099914,0.025811279296874545
1458,107.77475480335339,128,5248,15,6,1,3,108.76209334422988,5120,0.05929955555555556,108.82139289978544,108.82139289978544,108.853548455341,108.87215223143986,108.89878760741642,112.30294624999456,1.1240328040630345,4.5281914466411735,0.9873385408764932,0.0,0.018603776098856883,0.026635375976567843
1459,107.86201946913623,96,1664,0,7,1,5,107.86201946913623,1536,0.04854755555555555,107.91056702469179,107.91056702469179,107.92281146913624,107.93872162217791,107.96453516849488,110.40994843928169,0.1025156993586478,2.5479289701454633,0.0,0.0,0.015910153041673425,0.025813546316967972
1460,108.03802797622969,96,4416,107,5,1,3,108.03802797622969,256,1.1768035555555554,109.21483153178524,109.21483153178524,109.24236486511857,109.25968113970207,109.28618089556144,111.78694855506662,1.2481529193317584,3.7489205788369304,0.0,0.0,0.01731627458349294,0.02649975585937625
1461,108.09796988917857,128,3200,2,6,1,7,108.82139289978544,3072,0.05315555555555555,108.87454845534099,108.87454845534099,108.89532623311877,108.89878760741642,108.92540879882267,112.32957076171331,0.8274389096441013,4.231600872534742,0.7234230106068651,0.0,0.0034613742976574713,0.026621191406249523
1462,108.18405132553083,96,5248,3,2,1,1,108.18405132553083,5120,0.05929955555555556,108.24335088108639,108.24335088108639,108.27550643664195,108.29014343145504,108.3166041248144,110.81854712379133,0.1325527992835731,2.6344957982605024,0.0,0.0,0.014636994813088222,0.026460693359368292
1463,108.51838613878752,64,1664,0,4,1,7,108.51838613878752,1536,0.04854755555555555,108.56693369434308,108.56693369434308,108.57917813878753,108.59314626612242,108.61915359034117,110.2699728937266,0.10076745155365074,1.7515867549390833,0.0,0.0,0.013968127334891278,0.02600732421875307
1464,108.53252204953132,96,2176,1,2,1,0,108.53252204953132,2048,0.050083555555555555,108.58260560508688,108.58260560508688,108.59769449397577,108.60770397833004,108.63411280924521,111.13227036597883,0.10159075971388631,2.599748316447503,0.0,0.0,0.010009484354270626,0.026408830915173098
1465,108.69258434526421,64,5248,11,3,1,1,108.69258434526421,5120,0.05929955555555556,108.75188390081976,108.75188390081976,108.78403945637533,108.78961948443406,108.81682077837937,110.53484063515019,0.12423643311515775,1.842256289885981,0.0,0.0,0.005580028058730591,0.027201293945310567
1466,108.76881687189753,128,2176,5,2,1,4,108.76881687189753,2048,0.050083555555555555,108.81890042745309,108.81890042745309,108.83398931634197,108.84540103469163,108.87177041945726,112.21292920270689,0.10295354755973563,3.444112330809361,0.0,0.0,0.011411718349663147,0.02636938476562989
1467,108.87925558752838,64,2240,122,5,1,3,109.21483153178524,256,0.5658311111111111,109.78066264289635,109.78066264289635,109.79610708734079,109.81627855181144,109.84264980832185,111.4977276891812,0.9633942207934751,2.618472101652827,0.33557594425685977,0.0,0.02017146447064988,0.02637125651041572
1468,109.1037186103822,96,1664,0,2,1,4,109.1037186103822,1536,0.04854755555555555,109.15226616593776,109.15226616593776,109.16451061038221,109.18824112258226,109.21455427362392,111.7097908982054,0.11083566324171557,2.6060722878231957,0.0,0.0,0.023730512200046405,0.026313151041662763
1469,109.1479624047753,64,3200,2,4,1,6,109.1479624047753,3072,0.05315555555555555,109.20111796033085,109.20111796033085,109.22189573810863,109.24691439763285,109.2733504327891,110.92174681950786,0.125388028013802,1.7737844147325603,0.0,0.0,0.02501865952422122,0.02643603515625159
1470,109.26579537844329,64,3200,6,6,1,7,109.26579537844329,256,0.8353777777777779,110.10117315622107,110.10117315622107,110.12195093399885,110.12587813476019,110.15257256835393,111.84174629882268,0.8867771899106458,2.575950920379398,0.0,0.0,0.0039272007613391224,0.02669443359374668
1471,109.2898732522941,128,1664,0,4,1,2,109.2898732522941,1536,0.04854755555555555,109.33842080784966,109.33842080784966,109.3506652522941,109.35266146794535,109.37897435857035,112.68433475896097,0.0891011062762459,3.3944615066668717,0.0,0.0,0.0019962156512463025,0.0263128906249932
1472,109.36104352796592,96,3200,6,2,1,6,109.36104352796592,3008,0.07093333333333333,109.43197686129925,109.43197686129925,109.45275463907703,109.47640546991298,109.50266944696375,112.0009256638304,0.14162591899783195,2.6398821358644824,0.0,0.0,0.023650830835947545,0.026263977050774656
1473,109.47108826885466,128,3200,2,3,1,4,109.47108826885466,3072,0.05315555555555555,109.5242438244102,109.5242438244102,109.54502160218799,109.5600369242127,109.5871062601502,112.96125843300172,0.1160179912955357,3.4901701641470595,0.0,0.0,0.015015322024709121,0.027069335937497385
1474,109.52968669220091,96,2048,112,4,0,5,109.52968669220091,0,0.5830328888888889,110.1127195810898,110.1127195810898,110.12709735886759,110.13965856267191,110.16572045232034,112.63174857732035,0.6360337601194317,3.10206188511944,0.0,0.0,0.01256120380432435,0.026061889648431702
1475,109.67654900544528,96,256,1,1,0,2,109.67654900544528,0,0.07987911111111111,109.75642811655639,109.75642811655639,109.76085033877861,109.76731963324947,109.79290801215572,112.22988896918697,0.11635900671043942,2.553339963741692,0.0,0.0,0.006469294470861087,0.02558837890624943
1476,109.75204368252074,64,2176,1,1,1,2,109.75642811655639,2048,0.050083555555555555,109.80651167211195,109.80651167211195,109.82160056100084,109.84408623481197,109.8698336306453,111.49091606879635,0.11778994812456745,1.7388723862756166,0.0043844340356571365,0.0,0.022485673811132756,0.025747395833334963
1477,109.99917986426014,128,1664,4,5,1,2,109.99917986426014,1536,0.04854755555555555,110.0477274198157,110.0477274198157,110.05997186426015,110.08001308957185,110.10624831906404,113.41660089881661,0.10706845480389404,3.417421034556469,0.0,0.0,0.020041225311700828,0.026235229492186818
1478,110.1524725457977,64,1408,77,4,1,1,110.1524725457977,256,0.332224,110.4846965457977,110.4846965457977,110.49551876801992,110.50523119450786,110.53125975896099,112.15993339177348,0.3787872131632781,2.0074608459757712,0.0,0.0,0.00971242648793691,0.026028564453127956
1479,110.16357245273684,128,1472,97,7,0,7,110.16357245273684,1280,0.06574933333333334,110.22932178607017,110.22932178607017,110.24049956384795,110.25567724787545,110.2813878924067,113.62688270848743,0.11781543966985453,3.463310255750585,0.0,0.0,0.015177684027506189,0.025710644531244498
1480,110.23240754210153,128,2176,1,2,1,1,110.23240754210153,2048,0.050083555555555555,110.28249109765709,110.28249109765709,110.29757998654597,110.31780531994089,110.34405845889178,113.70033056989438,0.11165091679025352,3.4679230277928497,0.0,0.0,0.02022533339491872,0.026253138950892208
1481,110.24430037135131,128,1664,0,5,1,4,110.24430037135131,1536,0.04854755555555555,110.29284792690687,110.29284792690687,110.30509237135132,110.31702700558746,110.3432540563687,113.6507843704963,0.09895368501739199,3.4064839991449816,0.0,0.0,0.01193463423614105,0.026227050781244543
1482,110.47694638744494,64,4352,75,7,1,2,110.47694638744494,4096,0.0921671111111111,110.56911349855605,110.56911349855605,110.59629127633383,110.6153791033442,110.64134892756294,112.30856875991972,0.16440254011800448,1.8316223724747829,0.0,0.0,0.01908782701036671,0.025969824218748272
1483,110.49253275484693,64,1664,4,3,1,5,110.49253275484693,1536,0.04854755555555555,110.54108031040249,110.54108031040249,110.55332475484694,110.56142071327518,110.5876172464783,112.24681641640016,0.09508449163136845,1.754283661553231,0.0,0.0,0.008095958428242511,0.026196533203119543
1484,110.59270073841351,96,4416,31,3,1,6,110.59270073841351,4160,0.0923591111111111,110.68505984952462,110.68505984952462,110.71259318285796,110.71860723671267,110.74512562863976,113.25185250852255,0.15242489022624284,2.659151770109034,0.0,0.0,0.006014053854713097,0.02651839192708394
1485,110.63633798384703,96,5248,7,7,1,6,110.63633798384703,5120,0.05929955555555556,110.69563753940258,110.69563753940258,110.72779309495814,110.74523310725044,110.77147041193794,113.28667421239369,0.13513242809091253,2.6503362285466636,0.0,0.0,0.017440012292297524,0.02623730468749841
1486,110.6477810256228,160,1152,117,4,0,,110.6477810256228,256,0.2603448888888889,110.9081259145117,110.9081259145117,110.9175259145117,110.92174681950786,110.94752538396098,115.12009019515888,0.2997443583381738,4.472309169536075,0.0,0.0,0.004220904996159902,0.025778564453119657
1487,110.66406786518671,160,2048,105,2,0,4,110.66406786518671,0,0.5830328888888889,111.2471007540756,111.2471007540756,111.26147853185338,111.26305588843977,111.28918274390851,115.504412782506,0.6251148787218028,4.840344917319285,0.0,0.0,0.001577356586381029,0.026126855468746157
1488,110.81348673864994,160,5120,23,2,1,0,111.2471007540756,4736,0.13002666666666668,111.37712742074227,111.37712742074227,111.40857186518672,111.41982434547101,111.44618249976789,115.66424803641225,0.6326957611179438,4.850761297762304,0.43361401542566114,0.0,0.011252480284298372,0.02635815429687227
1489,110.94005874761125,64,4352,67,4,1,7,110.94005874761125,256,1.1588337777777777,112.09889252538902,112.09889252538902,112.1260703031668,112.13386718083598,112.15993339177348,113.82348631332295,1.219874644162232,2.883427565711699,0.0,0.0,0.007796877669179025,0.0260662109375005
1490,111.10145713326538,160,896,140,3,1,7,111.10145713326538,640,0.0817991111111111,111.1832562443765,111.1832562443765,111.19123402215428,111.19601299843141,111.2222677591736,115.38870361529337,0.12081062590822,4.287246482027982,0.0,0.0,0.0047789762771373034,0.026254760742190797
1491,111.14278210721403,96,2496,66,2,1,6,111.37712742074227,256,0.6377102222222223,112.0148376429645,112.0148376429645,112.03170430963117,112.0537957810179,112.0801881638304,114.60289033784454,0.9374060566163678,3.46010823063051,0.2343453135282374,0.0,0.022091471386730177,0.026392382812503
1492,111.29748292322773,128,3200,6,4,1,2,112.09889252538902,2624,0.1776,112.27649252538902,112.27649252538902,112.2972703031668,112.31686283513285,112.3431006281016,115.71227867172136,1.0456177048738624,4.414795748493631,0.8014096021612858,0.0,0.019592531966054594,0.02623779296874318
1493,111.55488120105724,128,2176,9,1,1,3,111.55488120105724,1664,0.15675022222222224,111.71163142327947,111.71163142327947,111.72672031216835,111.7425151898901,111.76812773871822,115.060309297963,0.21324653766097867,3.50542809690576,0.0,0.0,0.015794877721745593,0.025612548828121362
1494,111.62214783075851,64,1664,49,7,0,7,111.62214783075851,1472,0.06632533333333333,111.68847316409185,111.68847316409185,111.7007176085363,111.72392740249784,111.75049856949002,113.41729677098743,0.1283507387315126,1.795148940228927,0.0,0.0,0.023209793961541436,0.026571166992184203
1495,111.67356254416165,96,2048,40,4,0,6,112.27649252538902,0,0.5830328888888889,112.85952541427791,112.85952541427791,112.87390319205569,112.89581587875264,112.92214388168233,115.44113609359637,1.248581337520676,3.767573549434715,0.6029299812273621,0.0,0.021912686696950345,0.026328002929687955
1496,111.74162496689173,160,5248,3,2,0,2,112.0148376429645,5120,0.05929955555555556,112.07413719852005,112.07413719852005,112.10629275407561,112.10658103492415,112.13316925106999,116.35326166759715,0.39154428417825216,4.611636700705418,0.27321267607275956,0.0,0.000288280848536715,0.026588216145839283
1497,111.78342632499309,96,3200,6,2,1,4,112.07413719852005,3072,0.05315555555555555,112.1272927540756,112.1272927540756,112.14807053185338,112.15975795549707,112.18634333496135,114.70847464774037,0.4029170099682631,2.925048322747287,0.2907108735269617,0.0,0.011687423643692796,0.026585379464279413
1498,111.78344323576385,128,3200,10,7,1,3,111.78344323576385,3072,0.05315555555555555,111.8365987913194,111.8365987913194,111.85737656909718,111.88336172866971,111.90993350601346,115.2561853207921,0.12649027024960446,3.472742085028244,0.0,0.0,0.025985159572528005,0.02657177734374727
1499,111.82680785842588,128,3200,6,3,1,2,111.82680785842588,2240,0.28426666666666667,112.11107452509255,112.11107452509255,112.13185230287033,112.14149200233767,112.16782237343142,115.49352112017618,0.3410145150055399,3.666713261750303,0.0,0.0,0.009639699467342666,0.02633037109374925
1500,111.9079425237132,64,1664,8,1,1,2,111.9079425237132,1536,0.04854755555555555,111.95649007926876,111.95649007926876,111.96873452371321,111.97304570746822,111.99872783637447,113.62939783962968,0.09078531266126788,1.7214553159164723,0.0,0.0,0.004311183755007164,0.02568212890625432
1501,112.28845625148955,96,1664,0,1,1,5,112.28845625148955,1536,0.04854755555555555,112.33700380704511,112.33700380704511,112.34924825148956,112.3596167523901,112.38551893337969,114.851576876088,0.09706268189013656,2.5631206245984544,0.0,0.0,0.010368500900540312,0.02590218098958985
1502,112.30763944740333,160,1536,97,6,1,7,112.30763944740333,1152,0.11927466666666667,112.42691411407,112.42691411407,112.43844744740333,112.43844744740333,112.46419744740334,116.61653263620545,0.15655800000000397,4.3088931888021165,0.0,0.0,0.0,0.02575000000000216
1503,112.59808343212036,128,768,152,2,1,0,112.59808343212036,256,0.15252622222222223,112.75060965434258,112.75060965434258,112.75787632100925,112.77295996442562,112.79944796665777,116.16605724051381,0.20136453453740444,3.5679738083934467,0.0,0.0,0.015083643416375025,0.026488002232142094
1504,112.62103710140097,160,768,132,0,1,7,112.62103710140097,256,0.15252622222222223,112.7735633236232,112.7735633236232,112.78082999028986,112.784607792022,112.81087504462617,116.92320650621471,0.18983794322519998,4.302169404813739,0.0,0.0,0.0037778017321414836,0.026267252604171176
1505,112.63643973162499,96,5248,15,4,1,6,112.85952541427791,4352,0.27263288888888887,113.1321583031668,113.1321583031668,113.16431385872237,113.18545076644796,113.2120299656667,115.73988755844012,0.5755902340417123,3.1034478268151275,0.22308568265292195,0.0,0.02113690772559096,0.02657919921874452
1506,112.68084626211139,96,1664,0,5,1,1,112.68084626211139,1536,0.04854755555555555,112.72939381766695,112.72939381766695,112.7416382621114,112.74342926795724,112.76927350623849,115.23352409101341,0.08842724412710368,2.55267782890202,0.0,0.0,0.0017910058458454614,0.02584423828125182
1507,112.76939435317918,96,2752,30,7,1,0,112.76939435317918,2304,0.14070044444444446,112.91009479762363,112.91009479762363,112.92838368651252,112.94315372085723,112.96958018570098,115.4666305112218,0.20018583252179667,2.697236158042614,0.0,0.0,0.014770034344707028,0.026426464843751774
1508,113.12845418542774,160,3200,6,5,1,3,113.12845418542774,2944,0.0887111111111111,113.21716529653885,113.21716529653885,113.23794307431663,113.26040680701973,113.28643793494942,117.41956744225037,0.1579837495216765,4.2911132568226265,0.0,0.0,0.02246373270310187,0.026031127929684317
1509,113.15200985452462,128,3200,2,6,1,3,113.15200985452462,3072,0.05315555555555555,113.20516541008017,113.20516541008017,113.22594318785795,113.23692449818459,113.26308831654397,116.59048295358826,0.1110784620193499,3.4384730990636427,0.0,0.0,0.010981310326641847,0.026163818359378865
1510,113.18822217028303,128,2176,5,7,1,2,113.18822217028303,2048,0.050083555555555555,113.23830572583859,113.23830572583859,113.25339461472747,113.26030352554473,113.28667421239369,116.61951473624971,0.09845204211066516,3.431292565966686,0.0,0.0,0.006908910817259084,0.026370686848963487
1511,113.29951399142286,160,2176,5,0,1,7,113.29951399142286,2048,0.050083555555555555,113.34959754697842,113.34959754697842,113.3646864358673,113.37633354071993,113.40205790595431,117.5322836546522,0.10254391453145217,4.232769663229348,0.0,0.0,0.011647104852627876,0.025724365234381708
1512,113.34926301533703,64,1664,0,5,0,5,113.34926301533703,1536,0.04854755555555555,113.39781057089259,113.39781057089259,113.41005501533704,113.41660089881661,113.4426193314338,115.07789860273216,0.09335631609677364,1.7286355873951322,0.0,0.0,0.006545883479574854,0.02601843261719239
1513,113.42498250677787,64,832,96,6,1,7,113.42498250677787,256,0.170496,113.59547850677787,113.59547850677787,113.60310072900009,113.6032623888096,113.62917824167418,115.27843873972108,0.2041957348963166,1.8534562329432163,0.0,0.0,0.00016165980950688663,0.02591585286458553
1514,113.48820407136395,64,2688,114,1,1,6,113.48820407136395,256,0.6916195555555555,114.17982362691951,114.17982362691951,114.19775696025285,114.20079090603592,114.22688042426509,115.86971994249426,0.7386763529011375,2.381515871130304,0.0,0.0,0.0030339457830734773,0.026089518229170494
1515,113.57607750862145,128,1024,56,0,1,4,113.57607750862145,256,0.22440533333333335,113.80048284195479,113.80048284195479,113.80917173084367,113.8137141559543,113.83936926663138,117.1341830687147,0.26329175800992743,3.558105560093253,0.0,0.0,0.004542425110628301,0.025655110677078596
1516,113.58647481534905,64,1664,16,5,1,4,113.58647481534905,640,0.29743644444444445,113.88391125979349,113.88391125979349,113.89615570423794,113.91152737179839,113.9375382360562,115.5709807316384,0.351063420707149,1.9845059162893506,0.0,0.0,0.01537166756044428,0.026010864257813182
1517,113.72667930263505,128,2816,34,3,1,7,113.72667930263505,256,0.7275591111111112,114.45423841374615,114.45423841374615,114.4728828581906,114.47575729367878,114.50191712440795,117.83142794913823,0.7752378217729046,4.104748646503182,0.0,0.0,0.002874435488180893,0.026159830729170608
1518,113.76375532142265,64,4480,107,6,1,5,113.76375532142265,4096,0.12810666666666667,113.89186198808932,113.89186198808932,113.91975087697821,113.94020656198668,113.96644508737731,115.62196881784608,0.20268976595465915,1.8582134964234314,0.0,0.0,0.02045568500847139,0.026238525390624545
1519,113.80289269473535,96,1664,0,5,0,5,113.88391125979349,1536,0.04854755555555555,113.93245881534905,113.93245881534905,113.9447032597935,113.96354958859526,113.98952156125151,116.45226378827903,0.18662886651615906,2.649371093543678,0.08101856505814453,0.0,0.018846328801757295,0.02597197265625084
1520,113.82903403473766,64,1664,0,1,1,5,114.17982362691951,1536,0.04854755555555555,114.22837118247507,114.22837118247507,114.24061562691952,114.2529704307755,114.27899142686925,115.92194211046301,0.44995739213159425,2.0929080757253473,0.35078959218185446,0.0,0.012354803855984642,0.02602099609374875
1521,113.89860086876864,128,1664,53,7,1,6,113.89860086876864,256,0.40410311111111114,114.30270397987975,114.30270397987975,114.3149484243242,114.33823866551867,114.36445680516711,117.68940201768571,0.46585593639846934,3.790801148917069,0.0,0.0,0.023290241194473538,0.026218139648435113
1522,114.03531792096896,96,512,34,5,0,3,114.03531792096896,0,0.15175822222222224,114.18707614319119,114.18707614319119,114.19292058763564,114.19731492062651,114.22317022661609,116.68653954511495,0.18785230564712663,2.6512216241459896,0.0,0.0,0.004394332990869998,0.0258553059895803
1523,114.05728383072537,96,2176,9,6,1,1,114.05728383072537,1152,0.29897244444444443,114.35625627516981,114.35625627516981,114.3713451640587,114.38632789987732,114.41253786081482,116.90392553985129,0.3552540300894549,2.846641709125919,0.0,0.0,0.014982735818620085,0.02620996093750705
1524,114.22849024298795,128,4096,0,0,0,1,114.22849024298795,0,1.1580657777777779,115.38655602076572,115.38655602076572,115.41231157632129,115.43093974189179,115.45695414618866,118.80608394762096,1.2284639032007192,4.577593704633017,0.0,0.0,0.018628165570504507,0.026014404296873295
1525,114.32827064166896,160,1664,0,3,1,1,114.45423841374615,1536,0.04854755555555555,114.50278596930171,114.50278596930171,114.51503041374616,114.52807744341837,114.55415117388712,118.73761421680938,0.22588053221815585,4.4093435751404115,0.125967772077189,0.0,0.013047029672208055,0.026073730468752387
1526,114.35015737719168,64,2496,74,5,1,2,114.35015737719168,2240,0.0865991111111111,114.43675648830279,114.43675648830279,114.45362315496946,114.4558899531786,114.48180136500895,116.11607999921652,0.13164398781727016,1.7659226220248456,0.0,0.0,0.0022667982091348904,0.025911411830350062
1527,114.38036952203959,160,256,38,2,0,6,114.38036952203959,0,0.07987911111111111,114.4602486331507,114.4602486331507,114.46467085537292,114.47101359398293,114.49738796619275,118.69825147530733,0.11701844415316032,4.317881953267744,0.0,0.0,0.006342738610015886,0.026374372209815533
1528,114.41776372873018,160,2560,66,7,1,2,114.41776372873018,256,0.65568,115.07344372873018,115.07344372873018,115.0906659509524,115.09876295751086,115.1249987973546,119.28425231065445,0.7072350686244278,4.866488581924273,0.0,0.0,0.00809700655845802,0.026235839843749886
1529,114.49262252590634,160,2880,22,6,1,5,114.49262252590634,2304,0.17664000000000002,114.66926252590635,114.66926252590635,114.68826252590635,114.70087965768982,114.72712721628358,118.90128594896125,0.23450469037723565,4.408663423054904,0.0,0.0,0.012617131783471791,0.026247558593752274
1530,114.49816325047063,160,2176,1,0,1,2,115.38655602076572,2048,0.050083555555555555,115.43663957632128,115.43663957632128,115.45172846521017,115.45695414618866,115.48297856025117,119.66441597887096,0.9848153097805437,5.1662527284003374,0.8883927702950984,0.0,0.005225680978497849,0.026024414062504775
1531,114.54860876754992,160,4928,35,2,1,5,114.54860876754992,4480,0.14722844444444444,114.69583721199437,114.69583721199437,114.72621498977215,114.73482953055287,114.761360048131,118.96309278390108,0.21275128058107384,4.414484016351153,0.0,0.0,0.008614540780726543,0.026530517578123636
1532,114.67608759120948,64,4992,35,7,1,2,115.07344372873018,4288,0.21853155555555556,115.29197528428574,115.29197528428574,115.32270861761907,115.33461342137804,115.36101586278428,117.01272483669614,0.6849282715748046,2.3366372454866564,0.39735613752070265,0.0,0.011904803758966409,0.02640244140624759
1533,114.70667357928437,96,5248,11,0,1,3,115.43663957632128,4224,0.30818844444444443,115.74482802076572,115.74482802076572,115.77698357632129,115.79530961493867,115.82159566637097,118.33183931871471,1.1149220870865975,3.6251657394303436,0.7299659970369134,0.0,0.018326038617388463,0.02628605143229379
1534,114.7684704988803,96,1792,33,7,1,0,115.29197528428574,1280,0.15559822222222222,115.44757350650796,115.44757350650796,115.46052906206351,115.4666305112218,115.4929322690343,117.97628556260759,0.7244617701539937,3.2078150637272813,0.5235047854054358,0.0,0.006101449158279593,0.026301757812504434
1535,114.87398232987073,160,2176,1,3,1,0,114.87398232987073,2048,0.050083555555555555,114.92406588542629,114.92406588542629,114.93915477431517,114.94531572466838,114.97139345904337,119.16390348857277,0.09741112917264161,4.289921158702043,0.0,0.0,0.006160950353205408,0.02607773437499361
1536,114.89660895634782,64,2816,30,1,1,7,114.89660895634782,256,0.7275591111111112,115.62416806745892,115.62416806745892,115.64281251190337,115.66022970811926,115.68641427843176,117.34952462999426,0.7898053220839358,2.4529156736464444,0.0,0.0,0.017417196215887998,0.02618457031249477
1537,115.15372862124222,128,4736,39,2,1,0,115.15372862124222,256,1.2666524444444445,116.42038106568667,116.42038106568667,116.44969217679778,116.45845600353465,116.48509337332632,119.83083165108857,1.3313647520840988,4.67710302984635,0.0,0.0,0.008763826736867486,0.026637369791671972
1538,115.17671419223116,64,1856,33,7,0,7,115.44757350650796,1664,0.06690133333333334,115.5144748398413,115.5144748398413,115.5277859509524,115.54553724950304,115.57177431004992,117.22081402940447,0.39506011781875827,2.044099837173306,0.2708593142768052,0.0,0.017751298550635397,0.026237060546876023
1539,115.34379788032741,96,2176,5,3,1,0,115.34379788032741,2048,0.050083555555555555,115.39388143588297,115.39388143588297,115.40897032477186,115.41493225298868,115.44112805376993,117.93797105739716,0.09733017344251493,2.5941731770697487,0.0,0.0,0.005961928216819956,0.026195800781252387
1540,115.52392125091322,96,1280,57,5,1,2,115.52392125091322,256,0.29628444444444446,115.82020569535766,115.82020569535766,115.83031680646877,115.83091359296652,115.85683537031028,118.33451737947135,0.33291411939705995,2.8105961285581316,0.0,0.0,0.0005967864977520776,0.025921777343754115
1541,115.61244581270188,128,960,68,7,1,0,115.61244581270188,256,0.20643555555555557,115.81888136825744,115.81888136825744,115.82721470159078,115.83417177098742,115.8603036766794,119.17896813096695,0.24785786397751508,3.566522318265072,0.0,0.0,0.006957069396648308,0.026131905691968882
1542,115.61293689682888,96,1472,89,4,1,5,115.61293689682888,256,0.35019377777777777,115.96313067460666,115.96313067460666,115.97430845238443,115.97430845238443,116.00002720238443,118.49661937593355,0.3870903055555459,2.883682479104664,0.0,0.0,0.0,0.025718749999995794
1543,115.71158200928966,160,1152,44,2,1,5,116.42038106568667,256,0.2603448888888889,116.68072595457556,116.68072595457556,116.69012595457556,116.69820990978465,116.72458185802684,120.89779930245577,1.0129998487371807,5.186217293166109,0.7087990563970124,0.0,0.00808395520908789,0.02637194824218625
1544,115.71240399476424,128,1664,0,0,1,3,115.74482802076572,1536,0.04854755555555555,115.79337557632128,115.79337557632128,115.80562002076573,115.82159566637097,115.84781448612543,119.1960766234022,0.13541049136118488,3.4836726286379616,0.03242402600147898,0.0,0.015975645605237787,0.02621881975446172
1545,115.78571983545265,96,1664,0,6,1,0,115.78571983545265,1536,0.04854755555555555,115.83426739100821,115.83426739100821,115.84651183545266,115.85806830515077,115.88421937936951,118.37031942005963,0.09849954391685856,2.584599584606977,0.0,0.0,0.011556469698106753,0.026151074218745407
1546,115.84745237103587,160,1664,0,2,1,6,116.68072595457556,1536,0.04854755555555555,116.72927351013112,116.72927351013112,116.74151795457557,116.75095429455027,116.77721513439401,120.95019310128389,0.9297627633581413,5.102740730248016,0.8332735835396932,0.0,0.009436339974698171,0.02626083984374361
1547,115.95052463170727,96,2688,26,4,1,3,115.96313067460666,2368,0.10495288888888889,116.06808356349555,116.06808356349555,116.08601689682888,116.10290708519693,116.12892393090006,118.62847769299084,0.1783992991927903,2.6779530612835742,0.012606042899392378,0.0,0.016890188368051895,0.02601684570312557
1548,115.95918431909595,96,3200,2,7,1,6,115.95918431909595,3072,0.05315555555555555,116.0123398746515,116.0123398746515,116.03311765242928,116.04324068839814,116.06942983634737,118.55141332953467,0.11024551725141407,2.5922290104387145,0.0,0.0,0.010123035968859995,0.02618914794922489
1549,116.33423787662069,160,3200,2,5,1,7,116.33423787662069,3072,0.05315555555555555,116.38739343217624,116.38739343217624,116.40817120995402,116.42626945234153,116.45226378827903,120.6318106504907,0.11802591165833576,4.297572773870016,0.0,0.0,0.018098242387509345,0.025994335937497226
1550,116.42402545206998,128,5248,3,4,1,2,116.42402545206998,5120,0.05929955555555556,116.48332500762554,116.48332500762554,116.5154805631811,116.51923521019692,116.54577248233234,119.8912410718971,0.12174703026235534,3.4672156198271153,0.0,0.0,0.0037546470158247303,0.026537272135414014
1551,116.42882627169845,64,3200,2,2,1,5,116.72927351013112,3072,0.05315555555555555,116.78242906568667,116.78242906568667,116.80320684346445,116.80347646251901,116.82978839285755,118.48787508021805,0.4009621211590968,2.0590488085195915,0.3004472384326675,0.0,0.0002696190545634636,0.026311930338536627
1552,116.47198020647194,128,3200,2,1,1,2,116.47198020647194,3072,0.05315555555555555,116.52513576202749,116.52513576202749,116.54591353980527,116.55519406358802,116.58167111436927,119.92459491808019,0.10969090789733116,3.4526147116082484,0.0,0.0,0.009280523782749128,0.026477050781252842
1553,116.71873521734292,96,2048,3,2,0,4,116.78242906568667,0,0.5830328888888889,117.36546195457557,117.36546195457557,117.37983973235335,117.38245172293568,117.40872829938658,119.90893968331514,0.6899930820436566,3.190204465972215,0.06369384834374614,0.0,0.002611990582337853,0.026276576450896982
1554,116.72417603689335,64,2176,1,5,1,3,116.72417603689335,2048,0.050083555555555555,116.77425959244891,116.77425959244891,116.7893484813378,116.79165640709412,116.81788235924256,118.46580305887983,0.09370632234920606,1.7416270219864742,0.0,0.0,0.0023079257563267674,0.026225952148436704
1555,116.7795818925505,128,2944,22,1,1,6,116.7795818925505,2240,0.21238755555555558,116.99196944810605,116.99196944810605,117.0113250036616,117.03185568468177,117.05832541124427,120.39016474229894,0.2787435186937728,3.6105828497484396,0.0,0.0,0.02053068102017619,0.02646972656249602
1556,116.81262048726575,128,1664,16,5,0,5,116.81262048726575,1536,0.04854755555555555,116.8611680428213,116.8611680428213,116.87341248726575,116.89656314537537,116.92270796959411,120.2603047911157,0.11008748232836751,3.447684303849954,0.0,0.0,0.02315065810961414,0.026144824218746976
1557,116.82453279959677,64,5184,23,6,1,2,116.82453279959677,256,1.3924408888888888,118.21697368848565,118.21697368848565,118.24877368848566,118.26383471953879,118.29045516224713,119.94465904427683,1.4659223626503604,3.1201262446800655,0.0,0.0,0.015061031053136276,0.02662044270833519
1558,116.88165472462096,64,5248,11,3,1,0,116.88165472462096,5120,0.05929955555555556,116.94095428017651,116.94095428017651,116.97310983573207,116.98144934283242,117.00785637408242,118.68464383920521,0.12620164946146417,1.8029891145842498,0.0,0.0,0.008339507100345145,0.026407031250002433
1559,116.90025457684445,64,1664,12,4,1,2,116.90025457684445,768,0.2618808888888889,117.16213546573333,117.16213546573333,117.17437991017778,117.18281349795734,117.20917873233235,118.8658781812721,0.308924155487901,1.9656236044276483,0.0,0.0,0.008433587779563823,0.026365234375006708
1560,116.91269068119065,160,3200,10,2,1,7,117.36546195457557,3072,0.05315555555555555,117.41861751013111,117.41861751013111,117.4393952879089,117.46128291713211,117.48759651576492,121.66046360909638,0.5749058345742668,4.747772927905729,0.4527712733849114,0.0,0.0218876292232153,0.02631359863281091
1561,116.91546624353876,160,1280,20,4,1,1,117.16213546573333,640,0.1896177777777778,117.35175324351111,117.35175324351111,117.36186435462223,117.3673803924886,117.3936003143636,121.55696242606378,0.4781340708248365,4.641496182525017,0.24666922219456922,0.0,0.005516037866371448,0.026219921874997
1562,116.96767247189905,64,2880,30,6,1,1,118.21697368848565,2432,0.14108444444444446,118.3580581329301,118.3580581329301,118.3770581329301,118.39732332630963,118.42412833933047,120.07389122201121,1.4564558674314156,3.1062187501121628,1.249301216586602,0.0,0.020265193379529478,0.026805013020833712
1563,116.98992803312721,96,2368,110,5,0,5,116.98992803312721,2112,0.0862151111111111,117.07614314423833,117.07614314423833,117.09229869979389,117.10573541100037,117.13188539472432,119.62395473996241,0.14195736159710748,2.6340267068352006,0.0,0.0,0.013436711206480823,0.02614998372395405
1564,117.10874076317634,160,5248,3,3,1,4,117.10874076317634,5120,0.05929955555555556,117.1680403187319,117.1680403187319,117.20019587428746,117.21913020220742,117.2457334736918,121.48860348857279,0.13699271051545736,4.37986272539645,0.0,0.0,0.018934327919964744,0.026603271484376023
1565,117.18390847718187,96,2176,5,6,1,3,118.3580581329301,2048,0.050083555555555555,118.40814168848566,118.40814168848566,118.42323057737454,118.42412833933047,118.45074809030703,120.92435020638622,1.266839613125157,3.740441729204349,1.1741496557482236,0.0,0.0008977619559260575,0.02661975097656466
1566,117.34879935546161,160,2432,42,4,0,4,117.35175324351111,2240,0.06862933333333333,117.42038257684445,117.42038257684445,117.43689368795556,117.44604162295735,117.47225736188965,121.63555825125908,0.12345800642803795,4.286758895797476,0.0029538880495039166,0.0,0.009147935001792007,0.026215738932293675
1567,117.41632877296482,96,1216,76,6,1,2,118.40814168848566,256,0.27831466666666665,118.68645635515232,118.68645635515232,118.69621191070787,118.71697245554141,118.74339130319765,121.20735045052685,1.327062530232837,3.7910216775620285,0.9918129155208391,0.0,0.020760544833535732,0.026418847656245248
1568,117.42527753740822,128,2688,78,5,0,5,117.42527753740822,2496,0.06939733333333334,117.49467487074155,117.49467487074155,117.51260820407488,117.52380591881287,117.549908702016,120.89656533799071,0.12463116460777712,3.4712878005824876,0.0,0.0,0.011197714737988917,0.026102783203128865
1569,117.45727266542522,128,4864,55,3,0,3,117.45727266542522,4672,0.07592533333333334,117.53319799875855,117.53319799875855,117.56322022098078,117.5650108174418,117.5917297767052,120.98138574768737,0.1344571112799713,3.524113082262147,0.0,0.0,0.0017905964610207548,0.026718959263391184
1570,117.56186677693637,96,1664,0,3,1,2,117.56186677693637,1536,0.04854755555555555,117.61041433249193,117.61041433249193,117.62265877693638,117.64516916007572,117.67177609366948,120.20229395081236,0.10990931673310911,2.6404271738759917,0.0,0.0,0.022510383139348278,0.026606933593754434
1571,117.57499316570326,160,3200,2,4,1,1,117.57499316570326,3072,0.05315555555555555,117.62814872125881,117.62814872125881,117.64892649903659,117.65578120629068,117.68204983073265,121.84499249605075,0.10705666502938982,4.269999330347488,0.0,0.0,0.006854707254092318,0.026268624441968313
1572,117.62781989940176,96,1792,17,6,0,6,118.68645635515232,1600,0.06670933333333334,118.75316568848565,118.75316568848565,118.7661212440412,118.76981063913516,118.79613965931745,121.25884722787059,1.1683197599156898,3.631027328468832,1.058636455750559,0.0,0.0036893950939571596,0.026329020182288332
1573,117.7271124624124,96,3200,2,5,1,4,117.7271124624124,3072,0.05315555555555555,117.78026801796796,117.78026801796796,117.80104579574574,117.81096338951599,117.83713645034189,120.34011997666258,0.11002398792948043,2.613007514250171,0.0,0.0,0.00991759377025403,0.02617306082589721
1574,117.77414892405382,128,2176,1,6,1,5,118.75316568848565,2048,0.050083555555555555,118.80324924404121,118.80324924404121,118.8183381329301,118.822469167781,118.8487609507051,122.13372821745394,1.0746120266512804,4.359579293400117,0.979016764431833,0.0,0.0041310348509000505,0.026291782924104723
1575,117.85265227451188,64,2176,21,3,1,0,117.85265227451188,1152,0.29897244444444443,118.15162471895633,118.15162471895633,118.16671360784521,118.17851304958467,118.20514711766502,119.881743867107,0.3524948431531385,2.0290915925951225,0.0,0.0,0.011799441739455574,0.026634068080355178
1576,117.96099252099673,64,1664,0,1,1,3,117.96099252099673,1536,0.04854755555555555,118.00954007655228,118.00954007655228,118.02178452099673,118.03894992296303,118.06523605577553,119.7161974571427,0.10424353477880288,1.7552049361459723,0.0,0.0,0.017165401966295235,0.02628613281250125
1577,118.26333005074011,160,2048,9,4,0,6,118.26333005074011,0,0.5830328888888889,118.846362939629,118.846362939629,118.86074071740678,118.8658781812721,118.8922897047096,123.06463710868096,0.6289596539694884,4.801307057940846,0.0,0.0,0.00513746386531011,0.026411523437502638
1578,118.32977679699141,160,2176,5,5,1,6,118.32977679699141,2048,0.050083555555555555,118.37986035254697,118.37986035254697,118.39494924143585,118.41332279939323,118.4395626849959,122.61596647731363,0.10978588800449529,4.286189680322224,0.0,0.0,0.018373557957374942,0.02623988560267776
1579,118.447021041899,96,1664,0,6,1,1,118.80324924404121,1536,0.04854755555555555,118.85179679959677,118.85179679959677,118.86404124404122,118.87505322191046,118.90128594896125,121.36167388802684,0.4542649070622389,2.9146528461278365,0.35622820214220496,0.0,0.011011977869245015,0.0262327270507825
1580,118.56204701447129,160,1344,133,6,1,5,118.85179679959677,256,0.3142542222222222,119.16605102181899,119.16605102181899,119.17651768848566,119.1894834936041,119.21561789301816,123.33242677353653,0.6535708785468728,4.770379759065236,0.2897497851254798,0.0,0.012965805118440699,0.026134399414061704
1581,118.56249341741182,96,3200,6,7,1,5,118.56249341741182,3072,0.05315555555555555,118.61564897296736,118.61564897296736,118.63642675074514,118.65508422797217,118.68121769151384,121.17342723741228,0.11872427410202135,2.6109338200004686,0.0,0.0,0.018657477227023378,0.02613346354166879
1582,118.62594497699035,96,2304,62,0,1,3,118.62594497699035,256,0.5838008888888889,119.20974586587924,119.20974586587924,119.22554586587924,119.24834078355846,119.27446968980846,121.75387875905137,0.6485247128181015,3.127933782061021,0.0,0.0,0.022794917679220816,0.02612890624999409
1583,118.69549754438258,96,4416,67,3,1,4,118.69549754438258,4096,0.11013688888888888,118.80563443327146,118.80563443327146,118.8331677666048,118.84403706837188,118.8707355547,121.40922741435404,0.17523801031742892,2.713729869971459,0.0,0.0,0.010869301767073125,0.026698486328129434
1584,118.76090658555565,64,3200,14,7,1,2,118.76090658555565,3072,0.05315555555555555,118.8140621411112,118.8140621411112,118.83483991888897,118.83802872667009,118.8642720128029,120.52141002549821,0.10336542724725462,1.7605034399425676,0.0,0.0,0.003188807781114633,0.026243286132810795
1585,118.77160360042252,64,2176,1,0,1,6,119.20974586587924,2048,0.050083555555555555,119.2598294214348,119.2598294214348,119.27491831032368,119.30059908433971,119.3267065062147,120.96589047780138,0.5551029057921824,2.1942868773788575,0.43814226545671886,0.0,0.02568077401602409,0.026107421874996817
1586,118.83031731346975,128,256,151,6,0,7,119.16605102181899,0,0.07987911111111111,119.2459301329301,119.2459301329301,119.25035235515232,119.26788815669003,119.29391170269697,122.57645543099561,0.4635943892272252,3.7461381175258595,0.3357337083492382,0.0,0.0175358015377185,0.02602354600693957
1587,118.84129582885969,160,1664,0,1,1,6,118.84129582885969,1536,0.04854755555555555,118.88984338441524,118.88984338441524,118.90208782885969,118.90665011827552,118.93282992784583,123.07673757758539,0.09153409898614484,4.235441748725705,0.0,0.0,0.004562289415829923,0.02617980957030852
1588,118.90309303266616,64,832,128,4,1,6,118.90309303266616,256,0.170496,119.07358903266616,119.07358903266616,119.08121125488839,119.1035994703346,119.12984711030856,120.77421584403253,0.22675407764239708,1.8711228113663623,0.0,0.0,0.022388215446213167,0.026247639973959735
1589,118.92801879683029,96,2176,5,3,1,5,118.92801879683029,2048,0.050083555555555555,118.97810235238585,118.97810235238585,118.99319124127473,119.00423531055938,119.03084545285849,121.56709823954935,0.10282665602819918,2.6390794427190656,0.0,0.0,0.01104406928465096,0.026610142299105632
1590,119.02121542333437,96,1664,4,7,1,3,119.02121542333437,1536,0.04854755555555555,119.06976297888993,119.06976297888993,119.08200742333437,119.10048356065445,119.1266445958107,121.6140133376727,0.10542917247633454,2.592797914338334,0.0,0.0,0.01847613732007858,0.026161035156249568
1591,119.04818204854946,96,512,11,3,0,3,119.04818204854946,0,0.15175822222222224,119.19994027077169,119.19994027077169,119.20578471521614,119.21728760315611,119.24377428005343,121.77658977600768,0.19559223150396576,2.728407727458219,0.0,0.0,0.011502887939968787,0.02648667689732065
1592,119.07703788312324,128,1088,56,0,0,0,119.2598294214348,896,0.06459733333333334,119.32442675476814,119.32442675476814,119.33347119921258,119.35281441637096,119.37877852769908,122.6975807610045,0.30174064457584393,3.620542877881263,0.18279153831156236,0.0,0.01934321715837939,0.02596411132812193
1593,119.23612195088351,64,512,102,1,0,1,119.23612195088351,0,0.15175822222222224,119.38788017310574,119.38788017310574,119.39372461755019,119.4041499962052,119.43015126573646,121.05572797472082,0.19402931485294062,1.8196060238373093,0.0,0.0,0.010425378655014583,0.026001269531249704
1594,119.23866145558748,96,5248,15,5,1,4,119.23866145558748,5120,0.05929955555555556,119.29796101114303,119.29796101114303,119.33011656669859,119.3328184397392,119.35928293471687,121.86875204046466,0.12062147912939736,2.6300905848771805,0.0,0.0,0.0027018730406069835,0.02646449497767378
1595,119.2734680391747,160,4096,16,0,0,5,119.32442675476814,0,1.1580657777777779,120.48249253254592,120.48249253254592,120.50824808810148,120.51980562730846,120.54600252672252,124.69548441613844,1.2725344875478157,5.4220163769637395,0.05095871559343834,0.0,0.011557539206975775,0.026196899414060226
1596,119.28903937017293,96,5248,23,3,1,6,119.28903937017293,4864,0.13041066666666667,119.41945003683959,119.41945003683959,119.45160559239515,119.455685273357,119.482310273357,122.01631804749205,0.19327090318407159,2.72727867731912,0.0,0.0,0.004079680961851295,0.02662499999999568
1597,119.36802622730679,160,2624,66,7,0,7,119.36802622730679,2432,0.06920533333333334,119.43723156064011,119.43723156064011,119.45480933841789,119.46850475206071,119.49481786241228,123.6491027454573,0.12679163510549074,4.281076518150513,0.0,0.0,0.013695413642821563,0.026313110351566138
1598,119.37348751092621,64,2752,26,5,1,4,119.37348751092621,256,0.7095893333333334,120.08307684425954,120.08307684425954,120.10136573314843,120.12781037147283,120.15430827883891,121.81643612249592,0.7808207679127008,2.4429486115697046,0.0,0.0,0.026444638324406355,0.026497907366078266
1599,119.71109590769254,64,4480,151,0,1,7,120.48249253254592,4096,0.12810666666666667,120.61059919921259,120.61059919921259,120.63848808810148,120.65079500719128,120.67719197984752,122.33246479420764,0.9660960721549827,2.6213688865151,0.7713966248533808,0.0,0.012306919089795088,0.026396972656243634
1600,119.76018504484121,160,1664,0,0,1,1,120.61059919921259,1536,0.04854755555555555,120.65914675476814,120.65914675476814,120.6713911992126,120.67719197984752,120.70349194729543,124.84957037688994,0.9433069024542249,5.089385332048735,0.8504141543713786,0.0,0.00580078063492806,0.026299967447911854
1601,119.78329574439448,96,4416,135,1,1,7,119.78329574439448,256,1.1768035555555554,120.96009929995003,120.96009929995003,120.98763263328337,121.00360614854894,121.0297023399552,123.52754470649165,1.246406595560714,3.744248962097174,0.0,0.0,0.015973515265571336,0.02609619140625341
1602,119.81202766056693,96,1408,105,2,1,4,119.81202766056693,256,0.332224,120.14425166056692,120.14425166056692,120.15507388278914,120.16929857003389,120.19524937569795,122.67378045479951,0.3832217151310289,2.8617527942325864,0.0,0.0,0.01422468724474868,0.025950805664066934
1603,119.86669374250923,96,1664,0,4,1,0,119.86669374250923,1536,0.04854755555555555,119.91524129806479,119.91524129806479,119.92748574250923,119.94322105236586,119.96918207124607,122.4518768954648,0.10248832873683966,2.5851831529555795,0.0,0.0,0.015735309856623303,0.025961018880209963
1604,120.06296531790555,96,1664,8,0,1,1,120.65914675476814,1536,0.04854755555555555,120.7076943103237,120.7076943103237,120.71993875476815,120.7297924030246,120.75602356931924,123.24562919850452,0.6930582514136887,3.182663880598966,0.5961814368625937,0.0,0.00985364825645263,0.026231166294635955
1605,120.23405282537078,160,1152,56,7,1,0,120.23405282537078,256,0.2603448888888889,120.49439771425968,120.49439771425968,120.50379771425968,120.52141002549821,120.54748485459977,124.68948179121622,0.3134320292289914,4.455428965845442,0.0,0.0,0.017612311238536904,0.026074829101560226
1606,120.26253508199453,64,2176,9,5,1,6,120.26253508199453,2048,0.050083555555555555,120.31261863755009,120.31261863755009,120.32770752643897,120.34011997666258,120.3666348692407,122.02353548773029,0.1040997872461702,1.7610004057357571,0.0,0.0,0.012412450223607152,0.026514892578120453
1607,120.30814426527625,64,1664,0,1,1,4,120.96009929995003,1536,0.04854755555555555,121.00864685550559,121.00864685550559,121.02089129995004,121.0297023399552,121.05572797472082,122.70850043565831,0.7475837094445694,2.4003561703820537,0.6519550346737759,0.0,0.008811040005156201,0.02602563476563091
1608,120.45671214543603,128,3200,14,2,1,7,120.45671214543603,3072,0.05315555555555555,120.50986770099158,120.50986770099158,120.53064547876936,120.53265428292451,120.55873289620577,123.88463802490274,0.10202075076973927,3.427925879466713,0.0,0.0,0.0020088041551531433,0.026078613281256935
1609,120.78247912961815,64,1664,4,5,1,7,120.78247912961815,1536,0.04854755555555555,120.83102668517371,120.83102668517371,120.84327112961816,120.84379385361571,120.87017935166259,122.5128255267928,0.08770022204443251,1.7303463971746424,0.0,0.0,0.0005227239975482689,0.026385498046877842
1610,120.8434607850619,128,4352,131,7,1,3,120.8434607850619,256,1.1588337777777777,122.00229456283967,122.00229456283967,122.02947234061745,122.05526626736021,122.08161490017271,125.39426706139851,1.2381541151108166,4.5508062763366155,0.0,0.0,0.025793926742764484,0.026348632812499773
1611,121.18363385016346,128,1664,0,7,1,1,122.00229456283967,1536,0.04854755555555555,122.05084211839522,122.05084211839522,122.06308656283967,122.08161490017271,122.10782986599303,125.42015146081258,0.9241960158295655,4.236517610649116,0.8186607126762055,0.0,0.018528337333037825,0.026214965820315683
1612,121.20817898148432,128,1344,24,3,1,0,121.20817898148432,960,0.11869866666666666,121.32687764815098,121.32687764815098,121.33734431481766,121.35606416565612,121.38264554586445,124.71712291402848,0.17446656438012553,3.508943932544156,0.0,0.0,0.01871985083846539,0.026581380208327232
1613,121.21474015651738,64,256,141,5,0,,121.21474015651738,0,0.07987911111111111,121.29461926762849,121.29461926762849,121.29904148985071,121.31884424424071,121.34502889593341,122.97514421168863,0.1302887394160308,1.76040405517125,0.0,0.0,0.019802754389999677,0.026184651692702232
1614,121.40199266027068,64,4096,7,3,0,7,121.40199266027068,0,1.1580657777777779,122.56005843804846,122.56005843804846,122.58581399360402,122.60681609436703,122.63315593811703,124.29677105855973,1.231163277846349,2.8947783982890485,0.0,0.0,0.02100210076301323,0.02633984374999443
1615,121.44713989267179,64,1024,68,2,1,7,121.44713989267179,256,0.22440533333333335,121.67154522600512,121.67154522600512,121.680234114894,121.68661302315888,121.71254629138805,123.35732536214233,0.2654063987162658,1.910185469470548,0.0,0.0,0.006378908264878191,0.025933268229167084
1616,121.47935575551752,128,1664,0,7,0,7,122.05084211839522,1536,0.04854755555555555,122.09938967395078,122.09938967395078,122.11163411839523,122.13404532009459,122.16018057400083,125.47201547448445,0.6808248184833161,3.9926597189669337,0.5714863628777067,0.0,0.022411201699355843,0.026135253906247158
1617,121.57908490476576,160,1664,0,6,1,7,121.57908490476576,1536,0.04854755555555555,121.62763246032132,121.62763246032132,121.63987690476577,121.64393202604768,121.66963222136017,125.81236207045802,0.09054731659441018,4.233277165692257,0.0,0.0,0.004055121281908214,0.025700195312495566
1618,121.67281143881658,64,2176,1,2,1,0,121.67281143881658,2048,0.050083555555555555,121.72289499437214,121.72289499437214,121.73798388326102,121.73848004789846,121.76444635649221,123.41010249662894,0.09163491767563414,1.7372910578123566,0.0,0.0,0.0004961646374397333,0.02596630859375182
1619,121.77374498820211,96,1664,0,2,1,6,121.77374498820211,1536,0.04854755555555555,121.82229254375767,121.82229254375767,121.83453698820212,121.84234821196097,121.86828532133596,124.35835091552774,0.09454033313384969,2.584605927325626,0.0,0.0,0.007811223758849906,0.025937109374993383
1620,121.8324521926075,128,5248,3,4,1,3,121.8324521926075,5120,0.05929955555555556,121.89175174816306,121.89175174816306,121.92390730371862,121.94880304292575,121.97529311454034,125.3850838860247,0.14284092193283016,3.5526316934171973,0.0,0.0,0.024895739207124734,0.026490071614588828
1621,121.86827415177282,64,5056,35,6,1,7,121.86827415177282,4672,0.12983466666666665,121.99810881843949,121.99810881843949,122.02919770732838,122.02948622526642,122.05554599089143,123.70131105088028,0.18727183911860834,1.833036899107455,0.0,0.0,0.0002885179380456293,0.026059765625007003
1622,121.8791497413772,128,1664,0,1,1,2,121.8791497413772,1536,0.04854755555555555,121.92769729693276,121.92769729693276,121.93994174137721,121.94933197862706,121.9755033653458,125.3047529584448,0.09635362396859648,3.4256032170675894,0.0,0.0,0.009390237249846223,0.02617138671874386
1623,121.98534638314216,64,3200,2,7,1,5,122.09938967395078,3072,0.05315555555555555,122.15254522950633,122.15254522950633,122.17332300728411,122.18631631618834,122.21252359157896,123.85753940840372,0.22717720843679956,1.8721930252615664,0.11404329080862396,0.0,0.012993308904228229,0.02620727539061818
1624,121.99664221798398,64,3200,2,3,1,7,122.56005843804846,3072,0.05315555555555555,122.613213993604,122.613213993604,122.63399177138179,122.65949627014828,122.68591098368995,124.34942467184098,0.6892687657059753,2.352782453857003,0.5634162200644823,0.0,0.02550449876649452,0.026414713541669244
1625,122.07069244826708,64,2688,38,4,1,6,122.07069244826708,2176,0.15828622222222222,122.2289786704893,122.2289786704893,122.24691200382263,122.26671612886325,122.29316620210544,123.9792024407122,0.22247375383835788,1.9085099924451185,0.0,0.0,0.01980412504062201,0.026450073242187955
1626,122.11447405296924,64,1664,0,7,1,1,122.15254522950633,1536,0.04854755555555555,122.20109278506189,122.20109278506189,122.21333722950634,122.23873135525083,122.26488307121066,123.90947446699748,0.15040901824141883,1.7950004140282374,0.03807117653708758,0.0,0.025394125744497842,0.026151715959827015
1627,122.1278356525007,128,2176,1,6,1,2,122.1278356525007,2048,0.050083555555555555,122.17791920805627,122.17791920805627,122.19300809694515,122.21186737761019,122.23791776823519,125.55230978948704,0.11008211573448534,3.4244741369863334,0.0,0.0,0.0188592806650405,0.02605039062500225
1628,122.13257623321162,128,256,115,3,0,4,122.613213993604,0,0.07987911111111111,122.69309310471512,122.69309310471512,122.69751532693734,122.71232618551286,122.73841920309098,126.08805951884618,0.6058429698793617,3.955483285634557,0.4806377603923835,0.0,0.01481085857552955,0.02609301757811977
1629,122.18735132286062,128,2176,9,5,0,5,122.18735132286062,2048,0.050083555555555555,122.23743487841618,122.23743487841618,122.25252376730506,122.25485921819904,122.28065365179279,125.58626895127198,0.09330232893216817,3.398917628411354,0.0,0.0,0.002335450893980351,0.025794433593745225
1630,122.21705304062958,160,2176,1,2,1,6,122.21705304062958,2048,0.050083555555555555,122.26713659618514,122.26713659618514,122.28222548507402,122.28334547758597,122.30931040271618,126.48789087321003,0.09225736208659896,4.270837832580455,0.0,0.0,0.0011199925119456111,0.02596492513021076
1631,122.4091864998529,160,1664,8,6,1,0,122.4091864998529,1536,0.04854755555555555,122.45773405540845,122.45773405540845,122.4699784998529,122.47239325651644,122.49840806771435,126.63715336510089,0.08922156786145763,4.227966865247993,0.0,0.0,0.0024147566635406292,0.026014811197910603
1632,122.46469602499216,128,5248,7,2,1,7,122.46469602499216,5120,0.05929955555555556,122.52399558054772,122.52399558054772,122.55615113610328,122.56898650948702,122.59518426339326,125.94240698649129,0.13048823840109947,3.4777109614991275,0.0,0.0,0.012835373383737192,0.02619775390624568
1633,122.5301844908239,160,512,83,6,0,6,122.5301844908239,0,0.15175822222222224,122.68194271304613,122.68194271304613,122.68778715749058,122.7073733997456,122.7334026152404,126.86940730913454,0.20321812441649456,4.339222818310645,0.0,0.0,0.019586242255030584,0.02602921549478765
1634,122.57464912645256,160,3200,2,4,1,3,122.57464912645256,3072,0.05315555555555555,122.6278046820081,122.6278046820081,122.64858245978589,122.66510280692314,122.69173500907158,126.97043570080336,0.11708588261902264,4.395786574350808,0.0,0.0,0.01652034713725925,0.026632202148434203
1635,122.59159579367007,128,5248,3,3,1,4,122.69309310471512,5120,0.05929955555555556,122.75239266027067,122.75239266027067,122.78454821582623,122.79060670309099,122.81699478902848,126.16733283427587,0.22539899535841812,3.5757370406058016,0.10149731104505122,0.0,0.0060584872647524435,0.026388085937497863
1636,122.675365671639,96,1664,4,5,0,5,122.675365671639,1536,0.04854755555555555,122.72391322719456,122.72391322719456,122.736157671639,122.74401823512613,122.76969694606363,125.24477266220947,0.09433127442463274,2.569406990570471,0.0,0.0,0.007860563487128047,0.025678710937498295
1637,122.76466927060208,128,512,4,0,0,5,122.76466927060208,0,0.15175822222222224,122.91642749282431,122.91642749282431,122.92227193726876,122.93381757741075,122.95981830983263,126.2360692619811,0.19514903923054305,3.471399991379016,0.0,0.0,0.01154564014198911,0.026000732421877615
1638,122.7928689339895,64,2944,30,2,1,6,122.7928689339895,2496,0.14127644444444445,122.93414537843394,122.93414537843394,122.95350093398949,122.96285719633597,122.98916195359044,124.64893782959024,0.1962930196009438,1.8560688956007425,0.0,0.0,0.009356262346486233,0.026304757254465017
1639,122.7984647405978,96,960,84,7,0,7,122.7984647405978,768,0.06421333333333333,122.86267807393112,122.86267807393112,122.87101140726446,122.89267073862136,122.91874776498855,125.39426706139851,0.12028302439075844,2.595802320800715,0.0,0.0,0.02165933135690068,0.026077026367190115
1640,122.98228161240277,64,4480,135,5,1,1,122.98228161240277,256,1.1947733333333332,124.1770549457361,124.1770549457361,124.204943834625,124.22112858668862,124.24750440049071,125.90201162705323,1.2652227880879394,2.9197300146504546,0.0,0.0,0.01618475206362291,0.02637581380209042
1641,123.00502667884304,96,1664,0,0,1,7,123.00502667884304,1536,0.04854755555555555,123.0535742343986,123.0535742343986,123.06581867884304,123.08982929616076,123.11579472584826,125.56951441172068,0.11076804700522302,2.5644877328776374,0.0,0.0,0.024010617317713923,0.025965429687502706
1642,123.00984270165925,160,3200,2,3,1,4,123.00984270165925,3072,0.05315555555555555,123.0629982572148,123.0629982572148,123.08377603499258,123.10729596090349,123.1337179986639,127.31072118876806,0.12387529700464484,4.300878487108804,0.0,0.0,0.023519925910903794,0.026422037760411854
1643,123.14146399034907,64,2176,1,5,1,2,124.1770549457361,2048,0.050083555555555555,124.22713850129166,124.22713850129166,124.24222739018055,124.24750440049071,124.27380225205322,125.92802546168865,1.1323382617041489,2.7865614713395814,1.0355909553870362,0.0,0.0052770103101664745,0.026297851562503638
1644,123.14512892754443,64,2176,1,2,1,5,123.14512892754443,2048,0.050083555555555555,123.1952124831,123.1952124831,123.21030137198888,123.22592674153687,123.25220548909546,124.91303695068399,0.1070765615510254,1.7679080231395545,0.0,0.0,0.01562536954799043,0.026278747558592386
1645,123.19511543308431,96,5248,15,6,1,5,123.19511543308431,5120,0.05929955555555556,123.25441498863987,123.25441498863987,123.28657054419543,123.30616889128206,123.33242677353653,125.81236207045802,0.13731134045221438,2.617246637373711,0.0,0.0,0.01959834708662811,0.026257882254469678
1646,123.24611398684051,160,4544,43,4,0,4,123.24611398684051,4352,0.07496533333333334,123.32107932017385,123.32107932017385,123.34932376461829,123.35975722586845,123.38668593680595,127.6648647779518,0.14057194996543387,4.418750791111293,0.0,0.0,0.01043346125015887,0.026928710937497158
1647,123.30761225532436,128,4416,95,4,1,0,123.32107932017385,4160,0.0923591111111111,123.41343843128496,123.41343843128496,123.4409717646183,123.46747499930595,123.49445078055595,126.9170943922096,0.18683852523159317,3.609482136885248,0.013467064849493227,0.0,0.026503234687652366,0.026975781250001774
1648,123.37671412219785,128,1664,0,2,1,0,123.37671412219785,1536,0.04854755555555555,123.42526167775341,123.42526167775341,123.43750612219786,123.4629801007956,123.48933005894293,126.82694092203818,0.11261593674507253,3.4502267998403227,0.0,0.0,0.025473978597744917,0.026349958147321217
1649,123.53604082688302,128,3136,18,4,1,2,123.53604082688302,2880,0.0885191111111111,123.62455993799414,123.62455993799414,123.64498216021636,123.6563157219622,123.68322026297783,127.10383596935806,0.14717943609480244,3.5677951424750347,0.0,0.0,0.011333561745843213,0.026904541015625227
1650,123.541017992106,64,256,15,0,0,6,123.541017992106,0,0.07987911111111111,123.62089710321712,123.62089710321712,123.62531932543934,123.63561455006702,123.66144189381701,125.28596873300974,0.12042390171100692,1.7449507409037324,0.0,0.0,0.010295224627682842,0.02582734374999518
1651,123.70155275473628,128,3200,2,1,1,3,123.70155275473628,3072,0.05315555555555555,123.75470831029183,123.75470831029183,123.77548608806961,123.7859846478979,123.81218923774165,127.16014800587784,0.110636483005365,3.45859525114156,0.0,0.0,0.010498559828292287,0.02620458984374352
1652,123.78013881738862,64,1664,0,0,1,2,123.78013881738862,1536,0.04854755555555555,123.82868637294418,123.82868637294418,123.84093081738862,123.84224697194202,123.86807509694202,125.49221131113474,0.08793627955340355,1.7120724937461205,0.0,0.0,0.0013161545533932895,0.025828125000003865
1653,124.02142450663324,160,1728,53,5,1,7,124.22713850129166,256,0.42207288888888894,124.64921139018055,124.64921139018055,124.66181139018056,124.66832861924071,124.6945419004907,128.83874420238803,0.673117393857467,4.81731969575479,0.20571399465842433,0.0,0.006517229060150953,0.026213281249994225
1654,124.09370476888778,64,2176,5,0,1,3,124.09370476888778,2048,0.050083555555555555,124.14378832444334,124.14378832444334,124.15887721333222,124.17805068287952,124.20391773087059,125.82692082448109,0.1102129619828105,1.7332160555933172,0.0,0.0,0.019173469547297373,0.025867047991070535
1655,124.27899954651689,128,1280,32,1,1,7,124.27899954651689,256,0.29628444444444446,124.57528399096132,124.57528399096132,124.58539510207244,124.5985539838354,124.6245754682104,127.98233671030492,0.34557592169350926,3.703337163788035,0.0,0.0,0.013158881762961983,0.02602148437499352
1656,124.35670030949005,64,2688,54,7,1,1,124.35670030949005,256,0.6916195555555555,125.04831986504561,125.04831986504561,125.06625319837894,125.08102720137246,125.10717524824746,126.74799805911987,0.7504749387574066,2.391297749629814,0.0,0.0,0.014774002993519275,0.026148046874993724
1657,124.44967866682357,128,896,96,6,0,6,124.44967866682357,704,0.06402133333333333,124.5137000001569,124.5137000001569,124.52167777793468,124.53749073838027,124.56351254827611,127.86237598938008,0.11383388145253548,3.412697322556511,0.0,0.0,0.015812960445586555,0.026021809895837578
1658,124.55454538471628,160,2176,1,6,1,2,124.55454538471628,2048,0.050083555555555555,124.60462894027184,124.60462894027184,124.61971782916072,124.6415809076511,124.6676102045261,128.80381638419033,0.11306481980982142,4.249270999474049,0.0,0.0,0.021863078490383714,0.02602929687499511
1659,124.70695621661433,128,4096,0,4,0,0,124.70695621661433,0,1.1580657777777779,125.86502199439211,125.86502199439211,125.89077754994767,125.89636525809502,125.92329680106377,129.304588679319,1.2163405844494406,4.597632462704681,0.0,0.0,0.005587708147345438,0.026931542968753774
1660,124.74743199788486,64,1664,0,0,0,0,124.74743199788486,1536,0.04854755555555555,124.79597955344042,124.79597955344042,124.80822399788487,124.82387227421137,124.84957037688994,126.47151994557485,0.10213837900508338,1.7240879476899948,0.0,0.0,0.015648276326501787,0.025698102678575196
1661,124.77730885799915,64,960,100,7,1,3,125.04831986504561,256,0.20643555555555557,125.25475542060117,125.25475542060117,125.26308875393451,125.26407378340372,125.29011146244018,126.92993995365111,0.5128026044410348,2.1526310956519694,0.27101100704646797,0.0,0.000985029469205756,0.026037679036463146
1662,124.80047601082545,128,2176,1,5,1,6,124.80047601082545,2048,0.050083555555555555,124.85055956638101,124.85055956638101,124.86564845526989,124.87804854111572,124.90423994736572,128.21494342113803,0.10376393654027538,3.4144674103125823,0.0,0.0,0.01240008584582597,0.02619140625000682
1663,124.81330895245041,128,5248,23,1,1,3,124.81330895245041,4544,0.21929955555555558,125.03260850800596,125.03260850800596,125.06476406356153,125.06701540961666,125.09342873969479,128.46640401871267,0.2801197872443737,3.653095066262253,0.0,0.0,0.0022513460551323305,0.026413330078128183
1664,124.83704793781234,64,1856,17,2,1,6,124.83704793781234,1280,0.173568,125.01061593781235,125.01061593781235,125.02392704892345,125.04563623453815,125.07200378824909,126.7210163614913,0.23495585043674794,1.883968423678951,0.0,0.0,0.02170918561469648,0.026367553710940683
1665,124.930511632374,128,1664,8,6,0,6,124.930511632374,1536,0.04854755555555555,124.97905918792956,124.97905918792956,124.99130363237401,125.00603549749485,125.03204367620579,128.3328620384872,0.1015320438317815,3.4023504061132,0.0,0.0,0.014731865120836574,0.026008178710938523
1666,125.05422351576858,64,1920,17,3,1,2,125.05422351576858,256,0.4759822222222222,125.53020573799081,125.53020573799081,125.54387240465748,125.56379218486181,125.59012641337743,127.23282548564306,0.5359028976088496,2.178601969874478,0.0,0.0,0.019919780204332938,0.026334228515622726
1667,125.06645303210959,96,4672,51,0,1,4,125.06645303210959,256,1.2486826666666666,126.31513569877626,126.31513569877626,126.34409125433181,126.36527092213736,126.39183244557485,128.91639918315852,1.3253794134652566,3.8499461510489255,0.0,0.0,0.021179667805540703,0.026561523437493406
1668,125.16192472517855,160,2048,1,6,0,5,125.16192472517855,0,0.5830328888888889,125.74495761406745,125.74495761406745,125.75933539184523,125.7603491310049,125.78635535659083,129.92745589602532,0.624430631412281,4.765531170846771,0.0,0.0,0.0010137391596742873,0.02600622558593102
1669,125.26430866919945,96,896,128,1,1,4,125.26430866919945,256,0.1884657777777778,125.45277444697723,125.45277444697723,125.46075222475501,125.46435207953854,125.49066262641354,128.00908296681533,0.22635395721408713,2.7447742976158764,0.0,0.0,0.0035998547835305317,0.026310546874995566
1670,125.28132059279392,160,5248,15,2,1,6,125.28132059279392,256,1.4104106666666667,126.69173125946058,126.69173125946058,126.72388681501614,126.7468894083663,126.77360742594442,130.99324249267622,1.4922868331505015,5.711921899882299,0.0,0.0,0.02300259335015653,0.026718017578119202
1671,125.3062551572634,128,2944,34,0,1,3,126.31513569877626,256,0.7634986666666667,127.07863436544292,127.07863436544292,127.09798992099847,127.0991571526061,127.12602311940297,130.47164071961686,1.8197679621395793,5.165385562353464,1.008880541512866,0.0,0.0011672316076243305,0.02686596679687625
1672,125.33043559634312,160,2176,5,7,1,0,125.33043559634312,2048,0.050083555555555555,125.38051915189868,125.38051915189868,125.39560804078756,125.42015146081258,125.44608322350788,129.59870704349487,0.11564762716476196,4.268271447151747,0.0,0.0,0.024543420025011642,0.025931762695307725
1673,125.4836601479481,96,1024,64,3,1,7,125.53020573799081,512,0.15329422222222222,125.68349996021304,125.68349996021304,125.69218884910192,125.69546821025244,125.72163754618994,128.1919747532212,0.2379773982418385,2.708314605273088,0.04654559004271164,0.0,0.0032793611505184117,0.02616933593749593
1674,125.50399626700958,64,4928,55,1,1,3,125.50399626700958,4096,0.2538951111111111,125.75789137812069,125.75789137812069,125.78826915589846,125.80642727485105,125.83296204047605,127.5055176347841,0.3289657734664644,2.001521367774515,0.0,0.0,0.018158118952584346,0.026534765625001455
1675,125.53593662944101,128,3200,2,0,1,1,127.07863436544292,3072,0.05315555555555555,127.13178992099847,127.13178992099847,127.15256769877625,127.1528895744811,127.17965503672067,130.5243404266481,1.643718407279664,4.9884037972070985,1.5426977360019123,0.0,0.0003218757048415455,0.026765462239580984
1676,125.62767532607474,160,1664,4,6,1,5,125.74495761406745,1536,0.04854755555555555,125.793505169623,125.793505169623,125.80574961406745,125.81236207045802,125.83812923005624,129.97961151823515,0.21045390398150232,4.351936192160409,0.11728228799270823,0.0,0.006612456390570287,0.025767159598217404
1677,125.64791866525782,96,3200,14,2,0,2,126.69173125946058,3072,0.05315555555555555,126.74488681501613,126.74488681501613,126.76566459279391,126.77360742594442,126.80027392985068,129.31463287353557,1.152355264592856,3.666714208277753,1.0438125942027625,0.0,0.007942833150508477,0.02666650390625591
1678,125.67056069162626,64,3200,2,7,1,0,125.67056069162626,3072,0.05315555555555555,125.72371624718181,125.72371624718181,125.7444940249596,125.75751417240112,125.78362281497924,127.42702930911986,0.11306212335297516,1.7564686174935957,0.0,0.0,0.013020147441523022,0.026108642578122954
1679,125.75651421575674,160,1664,0,0,0,0,127.13178992099847,1536,0.04854755555555555,127.18033747655403,127.18033747655403,127.19258192099848,127.20642098724151,127.23294894134308,131.42495216167416,1.4764347255863441,5.668437945917418,1.3752757052417337,0.0,0.013839066243036768,0.026527954101567275
1680,125.86894232494774,160,1600,97,7,1,6,125.86894232494774,1344,0.0839111111111111,125.95285343605885,125.95285343605885,125.96474232494774,125.96639698490112,125.99244327396363,130.14889063724488,0.12350094901589159,4.279948312297137,0.0,0.0,0.0016546599533882045,0.02604628906250639
1681,126.16774588587178,64,2048,8,6,0,6,126.16774588587178,0,0.5830328888888889,126.75077877476068,126.75077877476068,126.76515655253846,126.76598230390296,126.7917828061351,128.4374526146591,0.6240369202633218,2.2697067287873125,0.0,0.0,0.0008257513645020254,0.02580050223214414
1682,126.18513524494097,160,1280,113,1,1,4,126.18513524494097,256,0.29628444444444446,126.4814196893854,126.4814196893854,126.49153080049652,126.4964898725073,126.52288358995521,130.7619820245488,0.3377483450142478,4.57684677960782,0.0,0.0,0.004959072010777277,0.026393717447916742
1683,126.25180549221764,128,5248,3,6,1,3,126.75077877476068,5120,0.05929955555555556,126.81007833031623,126.81007833031623,126.84223388587179,126.84338527544314,126.86940730913454,130.18850409636013,0.6176018169169026,3.9366986041424923,0.49897328254303375,0.0,0.0011513895713477496,0.026022033691404545
1684,126.26340004911403,128,256,65,0,0,4,127.18033747655403,0,0.07987911111111111,127.26021658766514,127.26021658766514,127.26463880988736,127.28600631438995,127.3122548495462,130.65575522157,1.0488548004321814,4.392355172455964,0.9169374274400042,0.0,0.021367504502592283,0.026248535156256025
1685,126.27732729682707,128,4480,95,7,1,4,126.27732729682707,256,1.1947733333333332,127.4721006301604,127.4721006301604,127.4999895190493,127.50489381107299,127.5312601847709,130.86145582279173,1.253932887943833,4.584128525964658,0.0,0.0,0.004904292023695689,0.026366373697911172
1686,126.289056320235,160,2176,5,3,1,7,126.289056320235,2048,0.050083555555555555,126.33913987579056,126.33913987579056,126.35422876467945,126.37555093323421,126.40158865296077,130.56390848299236,0.11253233272576324,4.274852162757355,0.0,0.0,0.02132216855476088,0.02603771972655977
1687,126.3660697277246,96,1664,0,2,1,0,126.74488681501613,1536,0.04854755555555555,126.79343437057169,126.79343437057169,126.80567881501614,126.82694092203818,126.8535875691736,129.3672092895512,0.4875178414490051,3.001139561826605,0.3788170872915373,0.0,0.021262107022039345,0.026646647135422086
1688,126.39003500955502,160,5248,3,1,1,6,126.4814196893854,5120,0.05929955555555556,126.54071924494096,126.54071924494096,126.57287480049652,126.5756724896948,126.60223443165908,130.84193331849409,0.21219942210406373,4.4518983089390645,0.09138467983038367,0.0,0.002797689198274611,0.02656194196428885
1689,126.42462450256055,160,1664,0,4,1,2,126.42462450256055,1536,0.04854755555555555,126.4731720581161,126.4731720581161,126.48541650256055,126.48897199637626,126.51572598400648,130.71743596143145,0.09110148144593211,4.292811458870901,0.0,0.0,0.00355549381571052,0.026753987630215192
1690,126.54746749035218,128,4992,27,0,1,5,127.26021658766514,256,1.3385315555555557,128.5987481432207,128.5987481432207,128.62948147655402,128.65157760345244,128.67804545827013,132.03528962912205,2.130577967917958,5.487822138769872,0.7127490973129653,0.0,0.022096126898418333,0.02646785481769598
1691,126.55757058063739,64,1024,60,3,1,1,126.55757058063739,768,0.08218311111111111,126.6397536917485,126.6397536917485,126.64844258063738,126.66199270569516,126.6879271783514,128.32247738993996,0.13035659771401242,1.7649068093025733,0.0,0.0,0.013550125057776086,0.025934472656246044
1692,126.74821254056941,64,3200,2,2,1,7,126.79343437057169,3072,0.05315555555555555,126.84658992612724,126.84658992612724,126.86736770390502,126.88023470459026,126.9068610473637,128.57696822509808,0.1586485067942931,1.828755684528673,0.04522183000227642,0.0,0.012867000685247376,0.026626342773440115
1693,126.86835798203656,128,512,14,5,0,2,126.86835798203656,0,0.15175822222222224,127.02011620425878,127.02011620425878,127.02596064870323,127.04537458278239,127.07112165309489,130.38570286124215,0.20276367105833515,3.517344879205595,0.0,0.0,0.019413934079153705,0.025747070312505116
1694,126.9050905576902,128,2816,26,2,1,5,126.9050905576902,256,0.7275591111111112,127.6326496688013,127.6326496688013,127.65129411324575,127.65259688720745,127.6791842895512,131.04518072509808,0.7740937318610008,4.140090167407877,0.0,0.0,0.0013027739616973122,0.026587402343750455
1695,126.93611298979685,64,2176,1,3,1,5,126.93611298979685,2048,0.050083555555555555,126.98619654535241,126.98619654535241,127.0012854342413,127.0251197564764,127.05108126363785,128.6932331516587,0.11496827384100072,1.7571201618618346,0.0,0.0,0.0238343222351034,0.025961507161454733
1696,127.1763178165086,96,3008,30,3,1,2,127.1763178165086,2368,0.1948017777777778,127.37111959428638,127.37111959428638,127.39083070539749,127.41391454814305,127.43984794658056,129.93307124631548,0.26353013007195614,2.756753429806878,0.0,0.0,0.023083842745563743,0.025933398437501864
1697,127.18946384690183,96,1664,8,5,1,6,127.18946384690183,1536,0.04854755555555555,127.23801140245739,127.23801140245739,127.25025584690184,127.25136481715738,127.27713117457925,129.75590100577344,0.08766732767742269,2.566437158871608,0.0,0.0,0.0011089702555437952,0.0257663574218725
1698,127.20379850751884,160,3200,14,0,1,2,128.5987481432207,3072,0.05315555555555555,128.65190369877624,128.65190369877624,128.672681476554,128.67804545827013,128.70452725235495,132.9052147837444,1.5007287448361097,5.701416276225572,1.394949635701849,0.0,0.005363981716129729,0.0264817940848161
1699,127.25178837425057,96,5248,3,5,1,1,127.25178837425057,5120,0.05929955555555556,127.31108792980612,127.31108792980612,127.34324348536168,127.35443317653238,127.38056032496988,129.86179416983592,0.1287719507193117,2.6100057955853515,0.0,0.0,0.011189691170699234,0.026127148437495862
1700,127.40369562073654,64,512,112,2,0,5,127.6326496688013,0,0.15175822222222224,127.78440789102353,127.78440789102353,127.79025233546798,127.8121286254887,127.83849556884807,129.49937481689494,0.43479994811153233,2.0956791961584003,0.2289540480647645,0.0,0.021876290020713896,0.026366943359377615
1701,127.43608130479106,160,3200,2,1,1,2,127.43608130479106,3072,0.05315555555555555,127.48923686034661,127.48923686034661,127.51001463812439,127.5319145097841,127.5583393958518,131.78956019023886,0.12225809106074337,4.3534788854477995,0.0,0.0,0.021899871659712744,0.026424886067701436
1702,127.49374515318492,64,1664,12,7,1,4,127.49374515318492,1536,0.04854755555555555,127.54229270874048,127.54229270874048,127.55453715318492,127.55762704675007,127.58385568444538,129.23216293542197,0.0901105312604642,1.7384177822370503,0.0,0.0,0.00308989356514644,0.026228637695311363
1703,127.54869328987402,160,2752,114,7,1,1,127.54869328987402,2304,0.14070044444444446,127.68939373431847,127.68939373431847,127.70768262320736,127.7150061971407,127.74126020104694,131.9384907755912,0.1925669111729178,4.3897974857171675,0.0,0.0,0.00732357393333416,0.02625400390624577
1704,127.66771874853339,160,5248,7,1,1,2,127.66771874853339,4992,0.09485511111111111,127.7625738596445,127.7625738596445,127.79472941520007,127.79618534311743,127.82277693072903,132.0527159519576,0.1550581821956456,4.384997203424206,0.0,0.0,0.0014559279173624873,0.026591587611605405
1705,127.6823509839126,64,512,2,5,0,1,127.6823509839126,0,0.15175822222222224,127.83410920613483,127.83410920613483,127.83995365057928,127.85093249293863,127.87692118108967,129.51837883780468,0.1945701971770717,1.8360278538920767,0.0,0.0,0.010978842359349983,0.02598868815104538
1706,127.69705656702514,128,2176,1,5,1,3,127.83410920613483,2048,0.050083555555555555,127.88419276169039,127.88419276169039,127.89928165057927,127.90291035752196,127.92891042727642,131.25760152660675,0.2318538602512774,3.5605449595816054,0.13705263910968313,0.0,0.003628706942691906,0.026000069754459787
1707,127.70956470193804,64,1664,12,6,1,7,127.70956470193804,1216,0.13743644444444444,127.84700114638248,127.84700114638248,127.85924559082693,127.86237598938008,127.88856090846491,129.53590120852533,0.1789962065268753,1.826336506587296,0.0,0.0,0.0031303985531536682,0.026184919084826674
1708,127.87618999061766,96,4352,119,5,1,7,127.88419276169039,256,1.1588337777777777,129.04302653946817,129.04302653946817,129.07020431724595,129.07287867504425,129.09908066072134,131.59924898754426,1.2228906701036806,3.7230589969265964,0.008002771072725068,0.0,0.002674357798298388,0.026201985677090533
1709,127.92702235585931,160,1664,0,3,1,4,127.92702235585931,1536,0.04854755555555555,127.97556991141487,127.97556991141487,127.98781435585931,128.0105062473618,128.03642885478368,132.2392281409629,0.10940649892437193,4.312205785103586,0.0,0.0,0.022691891502489625,0.02592260742187591
1710,127.97662768722,96,832,120,7,1,3,127.97662768722,512,0.09938488888888888,128.0760125761089,128.0760125761089,128.0836347983311,128.1088675252657,128.13498634036986,130.6222014282605,0.15835865314986108,2.6455737410404936,0.0,0.0,0.02523272693460399,0.026118815104155146
1711,127.99158113784412,64,2176,9,1,1,5,127.99158113784412,2048,0.050083555555555555,128.04166469339967,128.04166469339967,128.05675358228856,128.06308189259659,128.089925805357,129.77775899918146,0.09834466751289028,1.786177861337336,0.0,0.0,0.006328310308020946,0.026843912760426747
1712,127.99860359399376,96,256,78,6,0,5,127.99860359399376,0,0.07987911111111111,128.07848270510488,128.07848270510488,128.0829049273271,128.09805783926848,128.12411411368254,130.60154380990184,0.12551051968877402,2.6029402159080774,0.0,0.0,0.015152911941385128,0.02605627441406
1713,128.0382784431768,64,5056,27,3,1,0,128.0382784431768,4480,0.183168,128.2214464431768,128.2214464431768,128.2525353320657,128.2699817844712,128.29622934306497,129.95943544309281,0.2579508998881579,1.9211569999160076,0.0,0.0,0.01744645240552245,0.026247558593752274
1714,128.08237295702668,160,3200,2,4,1,1,128.08237295702668,3072,0.05315555555555555,128.13552851258223,128.13552851258223,128.15630629036,128.16717727795182,128.1936596998268,132.3691098161019,0.11128674280013229,4.2867368590752335,0.0,0.0,0.010870987591829362,0.02648242187498795
1715,128.10649328057053,128,3200,2,6,1,4,128.10649328057053,3072,0.05315555555555555,128.15964883612608,128.15964883612608,128.18042661390385,128.20228586661221,128.22840012442472,131.53599517708935,0.12190684385419104,3.429501896518815,0.0,0.0,0.021859252708367194,0.026114257812508868
1716,128.1678220423842,64,2496,154,5,1,3,129.04302653946817,256,0.6377102222222223,129.68073676169038,129.68073676169038,129.69760342835704,129.70316174796093,129.72953113272655,131.38897457348176,1.5617090903423616,3.221152531097573,0.8752044970839847,0.0,0.005558319603892414,0.026369384765615678
1717,128.1782020006296,96,2176,13,7,1,6,128.1782020006296,1152,0.29897244444444443,128.47717444507404,128.47717444507404,128.49226333396294,128.50070102135948,128.52681806935055,131.01898951419795,0.34861606872095763,2.8407875135683582,0.0,0.0,0.00843768739653683,0.026117047991078834
1718,128.19207201164062,96,5248,3,1,1,5,128.19207201164062,5120,0.05929955555555556,128.25137156719617,128.25137156719617,128.28352712275174,128.30469468556535,128.3316450203868,130.86844936202087,0.13957300874616863,2.6763773503802497,0.0,0.0,0.021167562813616314,0.026950334821435717
1719,128.29985102429643,128,4736,51,3,1,0,128.29985102429643,4288,0.14665244444444445,128.44650346874087,128.44650346874087,128.47581457985197,128.4808366672837,128.5073845188462,131.86420588347596,0.20753349454977865,3.564354859179531,0.0,0.0,0.005022087431740374,0.026547851562497726
1720,128.47761127976193,160,3200,10,4,1,2,128.47761127976193,3072,0.05315555555555555,128.53076683531748,128.53076683531748,128.55154461309525,128.56446487560808,128.59097281017839,132.7607970719613,0.11336153041645503,4.283185792199362,0.0,0.0,0.012920262512835734,0.026507934570304315
1721,128.5002256240346,160,4096,28,5,0,2,129.68073676169038,0,1.1580657777777779,130.83880253946816,130.83880253946816,130.8645580950237,130.88922141592965,130.9158508104609,135.05728047354685,2.415625186426297,6.557054849512241,1.1805111376557704,0.0,0.02466332090594392,0.026629394531255457
1722,128.5703618131908,96,2176,1,4,1,5,128.5703618131908,2048,0.050083555555555555,128.62044536874635,128.62044536874635,128.63553425763524,128.64399014416276,128.67041016369402,131.16271569233422,0.10004835050321503,2.592353879143417,0.0,0.0,0.008455886527514167,0.026420019531258276
1723,128.62729198111165,96,512,20,3,0,4,128.62729198111165,0,0.15175822222222224,128.77905020333387,128.77905020333387,128.78489464777832,128.7998095188462,128.82622227926285,131.33021568165307,0.1989302981511969,2.702923700541419,0.0,0.0,0.014914871067873037,0.02641276041666174
1724,128.7531882259947,64,2880,26,4,1,2,128.7531882259947,2560,0.10552888888888888,128.8587171148836,128.8587171148836,128.8777171148836,128.881787898069,128.90820928478774,130.5604911372127,0.1550210587930394,1.8073029112179881,0.0,0.0,0.004070783185397886,0.02642138671873795
1725,128.85248685939354,96,1344,85,3,1,0,128.85248685939354,256,0.3142542222222222,129.16674108161575,129.16674108161575,129.17720774828243,129.19605219462744,129.22236316002923,131.7294630449343,0.36987630063569554,2.8769761855407694,0.0,0.0,0.01884444634501392,0.02631096540179101
1726,128.85297377490937,128,256,3,5,0,1,130.83880253946816,0,0.07987911111111111,130.91868165057926,130.91868165057926,130.92310387280148,130.9424806932734,130.9688099901484,134.27702239249214,2.115836215239028,5.42404861758277,1.9858287645587893,0.0,0.019376820471933343,0.02632929687499086
1727,129.00107824654157,64,1344,32,1,0,1,129.00107824654157,1152,0.06536533333333333,129.0664435798749,129.0664435798749,129.0769102465416,129.0838776515252,129.11055929215019,130.78862155091596,0.10948104560861793,1.7875433043743953,0.0,0.0,0.006967404983612369,0.026681640624985903
1728,129.06754153128185,160,1664,4,6,0,6,129.06754153128185,1536,0.04854755555555555,129.1160890868374,129.1160890868374,129.12833353128184,129.14416607494553,129.17029714358392,133.31811041146432,0.10275561230207586,4.25056888018247,0.0,0.0,0.015832543663691467,0.026131068638392208
1729,129.24228224609783,160,1664,0,4,1,3,129.24228224609783,1536,0.04854755555555555,129.2908298016534,129.2908298016534,129.30307424609782,129.304588679319,129.33080954520443,133.4851190283415,0.08852729910660173,4.242836782243671,0.0,0.0,0.0015144332211889378,0.026220865885420608
1730,129.2777762618261,96,1664,0,6,1,4,129.2777762618261,1536,0.04854755555555555,129.32632381738165,129.32632381738165,129.33856826182608,129.35322829592766,129.37932296145502,131.84612017708935,0.10154669962892626,2.568343915263256,0.0,0.0,0.014660034101581232,0.026094665527352845
1731,129.43461353470317,96,1664,4,4,1,6,129.43461353470317,1536,0.04854755555555555,129.48316109025873,129.48316109025873,129.49540553470317,129.51436927827734,129.5405351543934,132.02809682782066,0.1059216196902355,2.5934832931174867,0.0,0.0,0.01896374357417585,0.026165876116067466
1732,129.61783377699078,96,1280,121,6,0,6,129.61783377699078,1088,0.06517333333333333,129.6830071103241,129.6830071103241,129.6931182214352,129.7188523804003,129.74492611086905,132.21232593880808,0.12709233387826657,2.5944921618173,0.0,0.0,0.025734158965093457,0.026073730468738177
1733,129.63455605395586,64,960,112,4,1,5,129.63455605395586,576,0.11754666666666666,129.75210272062253,129.75210272062253,129.76043605395586,129.77605001209432,129.80213301990682,131.45103399067406,0.16757696595095695,1.8164779367182007,0.0,0.0,0.015613958138459338,0.0260830078125025
1734,129.63740920475982,64,4800,47,3,1,2,129.63740920475982,4096,0.21795555555555557,129.85536476031538,129.85536476031538,129.88503142698204,129.9066196471944,129.93307124631548,131.59644615040307,0.29566204155565856,1.9590369456432484,0.0,0.0,0.02158822021235096,0.02645159912108852
1735,129.6386308414662,128,1664,4,5,1,4,130.91868165057926,1536,0.04854755555555555,130.96722920613482,130.96722920613482,130.97947365057925,130.99513977530466,131.02138375316926,134.32904456046091,1.3827529117030508,4.690413718994705,1.2800508091130496,0.0,0.01566612472541351,0.026243977864595536
1736,129.68394521333897,64,1088,28,1,1,2,129.68394521333897,256,0.2423751111111111,129.92632032445007,129.92632032445007,129.93536476889452,129.93853292496271,129.96514941491807,131.63136292461385,0.28120420157910075,1.9474177112748805,0.0,0.0,0.0031681560681988685,0.026616489955358702
1737,129.73598583182675,160,4608,43,7,1,4,129.73598583182675,256,1.230712888888889,130.96669872071564,130.96669872071564,130.99529872071565,131.01898951419795,131.04581715091672,135.35260979414585,1.309831319089966,5.616623962319096,0.0,0.0,0.023690793482302297,0.02682763671876387
1738,129.73703972888887,64,3200,14,4,1,0,129.75210272062253,2880,0.10648888888888888,129.85859160951142,129.85859160951142,129.8793693872892,129.8803849730318,129.90652299386514,131.55629947616515,0.16948326497626454,1.819259747276277,0.015062991733657327,0.0,0.0010155857426070725,0.02613802083334349
1739,129.75484086973097,64,1664,0,3,1,6,129.85536476031538,1536,0.04854755555555555,129.90391231587094,129.90391231587094,129.91615676031537,129.93307124631548,129.95943544309281,131.6229220293093,0.20459457336184528,1.8680811595783382,0.10052389058441236,0.0,0.016914486000104034,0.0263641967773367
1740,129.77773832216897,160,4480,67,7,1,3,130.96669872071564,4160,0.11032888888888889,131.07702760960453,131.07702760960453,131.10491649849342,131.12630299076048,131.15325188398964,135.46190373945834,1.375513561820668,5.684165417289364,1.1889603985466692,0.0,0.021386492267055246,0.02694889322916083
1741,129.8162162456597,64,2176,1,4,0,4,129.85859160951142,2048,0.050083555555555555,129.90867516506697,129.90867516506697,129.92376405395586,129.93266150297973,129.95879285063597,131.60875958823732,0.14257660497628422,1.7925433425776305,0.04237536385173257,0.0,0.008897449023862691,0.026131347656246362
1742,129.83895229693348,96,3200,2,1,1,6,129.92632032445007,3072,0.05315555555555555,129.97947588000562,129.97947588000562,130.0002536577834,130.01838385967253,130.04499488262175,132.5478212253951,0.20604258568826594,2.7088689284616123,0.08736802751658956,0.0,0.018130201889135833,0.02661102294922557
1743,129.89072456662527,64,1664,97,2,1,7,129.89072456662527,1216,0.13743644444444444,130.0281610110697,130.0281610110697,130.04040545551413,130.06671319580119,130.09333168538453,131.74332476806688,0.20260711875926063,1.8526002014416179,0.0,0.0,0.026307740287052184,0.026618489583341898
1744,129.91811030445945,96,1664,16,6,1,5,129.91811030445945,256,0.40410311111111114,130.32221341557056,130.32221341557056,130.334457860015,130.3433805612039,130.36919468880808,132.84300445443307,0.45108438434863274,2.9248941499736247,0.0,0.0,0.008922701188907922,0.02581412760417834
1745,130.1165655612736,96,3200,10,4,0,4,130.1165655612736,3072,0.05315555555555555,130.16972111682915,130.16972111682915,130.19049889460692,130.19399695219846,130.2201719344428,132.7087729020394,0.10360637316918542,2.5922073407658104,0.0,0.0,0.003498057591542647,0.026174982244327794
1746,130.14162140063814,64,1600,41,2,1,3,130.14162140063814,256,0.3861333333333334,130.52775473397148,130.52775473397148,130.53964362286035,130.54592071533244,130.57233648681682,132.20948453369186,0.4307150861786795,2.06786313305372,0.0,0.0,0.006277092472089407,0.026415771484380457
1747,130.18751045553418,160,5248,3,3,1,1,130.18751045553418,5120,0.05929955555555556,130.24681001108974,130.24681001108974,130.2789655666453,130.30010599275798,130.32648404451578,134.5724965003379,0.1389735889815995,4.384986044803725,0.0,0.0,0.02114042611268019,0.026378051757802723
1748,130.19509653984483,128,1664,0,1,1,3,130.19509653984483,1536,0.04854755555555555,130.24364409540038,130.24364409540038,130.25588853984482,130.25790064434048,130.28442684876757,133.61086533346804,0.08933030892274019,3.415768793623215,0.0,0.0,0.00201210449566247,0.02652620442708553
1749,130.27024767662988,64,1664,0,2,1,1,130.52775473397148,1536,0.04854755555555555,130.57630228952704,130.57630228952704,130.58854673397147,130.59875274658245,130.62504864501994,132.2613193969731,0.3548009683900659,1.9910717203432284,0.2575070573415985,0.0,0.010206012610979087,0.026295898437496135
1750,130.58052797169216,96,5248,23,7,1,1,131.07702760960453,4608,0.2015217777777778,131.2785493873823,131.2785493873823,131.31070494293786,131.3149554972709,131.34206035566933,133.91779420169797,0.761532383977169,3.3372662300058096,0.49649963791236473,0.0,0.004250554333026457,0.02710485839844523
1751,130.6090847549186,160,4096,5,6,0,3,130.6090847549186,0,1.1580657777777779,131.76715053269638,131.76715053269638,131.79290608825193,131.79402984505808,131.8200747669331,136.0348482858133,1.2109900120144914,5.425763530894699,0.0,0.0,0.0011237568061517322,0.026044921875012506
1752,130.6399220907822,64,2048,38,2,0,4,130.6399220907822,0,0.5830328888888889,131.22295497967107,131.22295497967107,131.23733275744885,131.2517061157231,131.2775695190434,132.91001934814497,0.6376474282612037,2.270097257362778,0.0,0.0,0.014373358274241355,0.025863403320300904
1753,130.71882615722234,96,1664,0,1,1,2,130.71882615722234,1536,0.04854755555555555,130.7673737127779,130.7673737127779,130.77961815722233,130.78862155091596,130.8152771905644,133.29973427878053,0.09645103334204919,2.5809081215581955,0.0,0.0,0.009003393693632233,0.026655639648424767
1754,130.76401697156896,96,1664,4,2,1,5,131.22295497967107,1536,0.04854755555555555,131.27150253522663,131.27150253522663,131.28374697967106,131.30343341064497,131.32928741455123,133.79211846923872,0.5652704429822677,3.028101497669752,0.45893800810210905,0.0,0.019686430973905544,0.025854003906260914
1755,130.76639367605404,96,1728,49,0,1,7,130.76639367605404,1280,0.13762844444444444,130.90402212049847,130.90402212049847,130.91662212049846,130.92227784526793,130.94872999370543,133.45814368301896,0.1823363176513908,2.6917500069649236,0.0,0.0,0.0056557247694684065,0.026452148437499545
1756,131.02044848155776,128,1344,121,1,1,6,131.02044848155776,256,0.3142542222222222,131.33470270377998,131.33470270377998,131.34516937044665,131.3688862923594,131.39513175831922,134.702234840304,0.3746832767614592,3.6817863587462227,0.0,0.0,0.023716921912750877,0.026245465959817693
1757,131.12599374040428,128,2176,21,2,1,3,131.27150253522663,1472,0.21008355555555558,131.48158609078217,131.48158609078217,131.49667497967107,131.51027911377,131.53617112223353,134.83047735595747,0.4101773818292429,3.704483615553187,0.1455087948223479,0.0,0.013604134098926579,0.025892008463529237
1758,131.22842965144721,96,1408,85,4,1,3,131.22842965144721,256,0.332224,131.5606536514472,131.5606536514472,131.57147587366944,131.58257104192035,131.60875958823732,134.08183826662275,0.38032993679010474,2.853408615175539,0.0,0.0,0.011095168250903953,0.026188546316973316
1759,131.44206136608756,96,2176,1,6,1,4,131.76715053269638,2048,0.050083555555555555,131.81723408825192,131.81723408825192,131.83232297714082,131.84612017708935,131.87220670052685,134.38125168750597,0.43014533443928826,2.9391903214184083,0.32508916660881937,0.0,0.01379719994852735,0.026086523437498954
1760,131.57421916239596,96,2432,126,7,1,3,131.57421916239596,256,0.6197404444444444,132.1939596068404,132.1939596068404,132.2104707179515,132.2119876831433,132.23904884036986,134.8063933227917,0.6648296779738985,3.2321741603957435,0.0,0.0,0.001516965191797226,0.02706115722656932
1761,131.618409574061,64,832,40,0,1,6,131.618409574061,256,0.170496,131.788905574061,131.788905574061,131.79652779628321,131.79812029318455,131.82446575216892,133.48445903132625,0.20605617810792864,1.8660494572652624,0.0,0.0,0.001592496901338336,0.026345458984366132
1762,131.7601503765618,160,1664,0,2,1,1,131.7601503765618,1536,0.04854755555555555,131.80869793211735,131.80869793211735,131.8209423765618,131.82104703369188,131.84693944905646,135.97869187418664,0.08678907249466761,4.218541497624841,0.0,0.0,0.00010465713009466526,0.025892415364580756
1763,131.78148364911422,96,3200,2,6,1,1,131.81723408825192,3072,0.05315555555555555,131.87038964380747,131.87038964380747,131.89116742158524,131.8982937122456,131.92446037891224,134.43490842578723,0.142976729798022,2.653424776673006,0.035750439137700596,0.0,0.007126290660352197,0.026166666666654237
1764,131.92597393332895,96,3200,2,0,1,6,131.92597393332895,3072,0.05315555555555555,131.9791294888845,131.9791294888845,131.99990726666226,132.00889763693453,132.03528962912205,134.54450538549293,0.10931569579310008,2.618531452163978,0.0,0.0,0.00899037027227223,0.02639199218751287
1765,131.99824634167237,96,5248,23,3,1,7,131.99824634167237,5120,0.05929955555555556,132.05754589722793,132.05754589722793,132.0897014527835,132.10486140105408,132.13187686329366,134.67807462533793,0.13363052162128497,2.6798282836655574,0.0,0.0,0.015159948270593304,0.027015462239575072
1766,132.010227400794,64,5248,7,0,1,1,132.010227400794,5120,0.05929955555555556,132.06952695634956,132.06952695634956,132.10168251190512,132.1136378957236,132.14004404806735,133.80256690893043,0.1298166472733442,1.792339508136422,0.0,0.0,0.011955383818474274,0.02640615234375332
1767,132.0618392591282,64,1664,0,4,1,2,132.0618392591282,1536,0.04854755555555555,132.11038681468375,132.11038681468375,132.12263125912818,132.13323335125816,132.1594398942269,133.7962518408415,0.09760063509870065,1.7344125817133147,0.0,0.0,0.010602092129971652,0.026206542968736812
1768,132.0740514529086,160,2176,1,3,1,6,132.0740514529086,2048,0.050083555555555555,132.12413500846415,132.12413500846415,132.13922389735305,132.15889281381448,132.18567076791604,136.39454191049418,0.11161931500743094,4.320490457585578,0.0,0.0,0.01966891646142699,0.026777954101561363
1769,132.1651447922128,160,3200,6,1,1,7,132.1651447922128,3072,0.05315555555555555,132.21830034776835,132.21830034776835,132.23907812554611,132.2606309910201,132.28673675273885,136.42530496679208,0.1215919605260467,4.260160174579283,0.0,0.0,0.0215528654739785,0.02610576171875323
1770,132.23702737464654,64,1984,17,2,1,3,132.23702737464654,1728,0.0850631111111111,132.32209048575766,132.32209048575766,132.33611270797988,132.33913116455122,132.36507550048873,134.00000193278038,0.1280481258421844,1.762974558133834,0.0,0.0,0.0030184565713398115,0.025944335937509777
1771,132.4549142179973,96,2176,5,0,1,3,132.4549142179973,2048,0.050083555555555555,132.50499777355284,132.50499777355284,132.52008666244174,132.5361949269736,132.56255031434338,135.07396754369609,0.10763609634608429,2.6190533256987862,0.0,0.0,0.016108264531851546,0.02635538736979015
1772,132.64275167298487,128,832,152,1,1,2,132.64275167298487,256,0.170496,132.8132476729849,132.8132476729849,132.8208698952071,132.83370037578572,132.85957518047323,136.16314627538583,0.21682350748835688,3.5203946024009554,0.0,0.0,0.012830480578628567,0.025874804687504138
1773,132.79518041239805,128,1536,65,3,1,4,132.79518041239805,256,0.3681635555555556,133.1633439679536,133.1633439679536,133.17487730128695,133.1871675940879,133.213924674166,136.55033829721293,0.4187442617679551,3.755157884814878,0.0,0.0,0.01229029280094096,0.02675708007811295
1774,132.85775770876137,160,2176,5,4,1,0,132.85775770876137,2048,0.050083555555555555,132.90784126431691,132.90784126431691,132.9229301532058,132.94143216310715,132.9673030127165,137.12635901857593,0.10954530395514439,4.2686013098145565,0.0,0.0,0.01850200990133999,0.025870849609361812
1775,132.87048892932145,64,3200,6,0,1,1,132.87048892932145,3072,0.05315555555555555,132.923644484877,132.923644484877,132.94442226265477,132.95782835796317,132.9841783742392,134.65042335424295,0.11368944491775324,1.7799344249214926,0.0,0.0,0.013406095308397425,0.026350016276040833
1776,133.05003204094007,128,2176,1,1,1,3,133.05003204094007,2048,0.050083555555555555,133.1001155964956,133.1001155964956,133.1152044853845,133.118350082817,133.14426064596802,136.45141800390147,0.09422860502795061,3.401385962961399,0.0,0.0,0.003145597432478553,0.025910563151029464
1777,133.15780563576462,160,2368,102,5,1,1,133.15780563576462,256,0.6017706666666667,133.75957630243127,133.75957630243127,133.7757318579868,133.78422652660677,133.81028988109895,137.96011942211464,0.6524842453343354,4.802313786350027,0.0,0.0,0.008494668619960066,0.026063354492180224
1778,133.17678907974258,160,2176,13,4,1,7,133.17678907974258,1984,0.06786133333333334,133.2446504130759,133.2446504130759,133.2597393019648,133.27779129396652,133.30370555177902,137.46915149904467,0.12691647203644152,4.292362419302094,0.0,0.0,0.018051992001716144,0.025914257812502228
1779,133.19615543883586,64,1280,76,0,1,6,133.19615543883586,832,0.13628444444444446,133.3324398832803,133.3324398832803,133.34255099439142,133.35312987163505,133.37938259205916,135.04712013158672,0.1832271532232994,1.850964692750864,0.0,0.0,0.010578877243631268,0.026252720424110976
1780,133.21163013152716,160,2176,1,3,1,1,133.21163013152716,2048,0.050083555555555555,133.2617136870827,133.2617136870827,133.2768025759716,133.2941988440879,133.3208185706504,137.4910756019004,0.10918843912324405,4.279445470373247,0.0,0.0,0.017396268116300462,0.026619726562501
1781,133.61975746814463,128,4864,47,7,1,3,133.61975746814463,256,1.302592,134.92234946814463,134.92234946814463,134.95237169036685,134.97011744388544,134.99743515221877,138.4281317668021,1.3776776840741434,4.808374298657469,0.0,0.0,0.01774575351859653,0.027317708333328028
1782,133.6503030369448,128,1664,0,5,1,4,133.75957630243127,1536,0.04854755555555555,133.80812385798683,133.80812385798683,133.82036830243126,133.83635372387238,133.86236768871612,137.15897440258337,0.21206465177132827,3.508671365638577,0.10927326548647898,0.0,0.015985421441115477,0.026013964843741633
1783,133.67455194126038,64,5248,7,0,0,0,133.67455194126038,5120,0.05929955555555556,133.73385149681593,133.73385149681593,133.7660070523715,133.77589242976376,133.80256690893043,135.48781519994608,0.1280149676700546,1.8132632586857085,0.0,0.0,0.009885377392265582,0.026674479166672427
1784,133.85120054885405,64,2816,78,4,1,5,133.85120054885405,2112,0.21200355555555558,134.0632041044096,134.0632041044096,134.08184854885405,134.10791907716964,134.13409827638839,135.78618128420092,0.2828977275343334,1.934980735346869,0.0,0.0,0.02607052831558576,0.026179199218745453
1785,133.89680308636227,96,256,2,5,0,0,133.89680308636227,0,0.07987911111111111,133.97668219747337,133.97668219747337,133.98110441969558,133.9924448371536,134.0183130825963,136.47626362784376,0.12150999623403891,2.5794605414814953,0.0,0.0,0.011340417458029606,0.025868245442694615
1786,133.90989896475597,64,2176,5,1,1,4,133.90989896475597,2048,0.050083555555555555,133.9599825203115,133.9599825203115,133.9750714092004,134.00008713522587,134.02606125631962,135.66753820246916,0.11616229156365421,1.7576392377131924,0.0,0.0,0.025015726025458207,0.02597412109375341
1787,133.96409038773442,128,1664,16,2,1,6,133.96409038773442,832,0.2441031111111111,134.20819349884553,134.20819349884553,134.22043794328997,134.2338525187179,134.25978057861374,137.58871628824917,0.295690190879327,3.624625900514758,0.0,0.0,0.013414575427930231,0.0259280598958469
1788,134.37360902374334,96,1408,24,5,1,3,134.37360902374334,704,0.20777955555555558,134.5813885792989,134.5813885792989,134.59221080152113,134.6155776415156,134.64155625479685,137.10612886221878,0.2679472310535118,2.73251983847544,0.0,0.0,0.023366839994480415,0.025978613281239404
1789,134.42477034588146,160,3200,6,1,1,0,134.42477034588146,3072,0.05315555555555555,134.477925901437,134.477925901437,134.49870367921477,134.51966233053835,134.54574265280397,138.7024780624952,0.1209723069225106,4.277707716613747,0.0,0.0,0.02095865132358199,0.02608032226561363
1790,134.72681242019743,160,3200,10,2,1,4,134.72681242019743,3072,0.05315555555555555,134.77996797575298,134.77996797575298,134.80074575353075,134.80438262939498,134.83047735595747,139.0391620890304,0.10366493576003677,4.312349668832979,0.0,0.0,0.003636875864231115,0.026094726562490678
1791,134.9000080766308,96,4416,79,5,1,3,134.9000080766308,256,1.1768035555555554,136.07681163218635,136.07681163218635,136.1043449655197,136.111959428625,136.1379779833125,138.6672292853959,1.2379699066817125,3.7672212087651076,0.0,0.0,0.007614463105312552,0.026018554687510687
1792,134.99914584518558,64,896,48,6,1,1,134.99914584518558,256,0.1884657777777778,135.18761162296335,135.18761162296335,135.1955894007411,135.21952268359973,135.24577292774035,136.89147060026642,0.24662708255476673,1.8923247550808355,0.0,0.0,0.023933282858621396,0.026250244140612722
1793,135.05462702794898,128,256,0,1,0,5,135.05462702794898,0,0.07987911111111111,135.13450613906008,135.13450613906008,135.1389283612823,135.14696579733524,135.172957496554,138.4894409531202,0.1183304686050235,3.434813925171227,0.0,0.0,0.008037436052944713,0.025991699218764097
1794,135.1622133399348,96,3200,2,4,1,0,135.1622133399348,3072,0.05315555555555555,135.21536889549034,135.21536889549034,135.2361466732681,135.26026575685714,135.28655689455246,137.78842591310718,0.124343554617667,2.6262125731723813,0.0,0.0,0.024119083589027923,0.026291137695324096
1795,135.26486347608147,96,2944,26,6,1,4,135.26486347608147,2432,0.15905422222222224,135.42391769830368,135.42391769830368,135.44327325385925,135.45579245899037,135.4821080514383,137.9769095651102,0.21724457535682973,2.7120460890287177,0.0,0.0,0.012519205131127364,0.026315592447929248
1796,135.35655534085632,128,5248,3,7,1,3,135.35655534085632,5120,0.05929955555555556,135.41585489641187,135.41585489641187,135.44801045196743,135.46190373945834,135.4893768839896,138.90953069258336,0.1328215431332751,3.552975351727042,0.0,0.0,0.013893287490901685,0.02747314453125682
1797,135.36784966463094,160,3200,2,1,1,4,135.36784966463094,3072,0.05315555555555555,135.4210052201865,135.4210052201865,135.44178299796425,135.45889841452276,135.4849766790317,139.6612153671827,0.1171270144007508,4.2933657025517675,0.0,0.0,0.017115416558510788,0.02607826450892503
1798,135.46831016710837,96,4224,123,2,0,,135.46831016710837,256,1.1228942222222222,136.59120438933058,136.59120438933058,136.61767105599725,136.63420945231167,136.66071498616583,139.20180808512416,1.192404819057458,3.733497918015786,0.0,0.0,0.01653839631441656,0.026505533854162877
1799,135.50861235110966,128,1664,0,7,1,5,135.50861235110966,1536,0.04854755555555555,135.55715990666522,135.55715990666522,135.56940435110965,135.57179924727083,135.59872014570834,139.01302580977085,0.0901077945986799,3.5044134586611904,0.0,0.0,0.0023948961611779396,0.026920898437509777
