id,arrival,output,prompt,session,cluster,switched,old_cluster,p_start,hit_tokens,p_service,p_end,kv_start,kv_end,d_start,first,end,ttft,e2e,p_wait,kv_wait,d_wait,decode_first
0,0.0030202791868560127,96,2048,24,12,0,,0.0030202791868560127,0,0.5830328888888889,0.5860531680757449,0.5860531680757449,0.6004309458535227,0.6004309458535227,0.6264309458535228,3.118833533744148,0.6234106666666668,3.115813254557292,0.0,0.0,0.0,0.026000000000000023
1,0.07132305013554215,96,1152,1,14,0,,0.07132305013554215,0,0.33145600000000003,0.40277905013554216,0.40277905013554216,0.4121790501355422,0.4121790501355422,0.43774155013554217,2.894787611333459,0.36641850000000004,2.823464561197917,0.0,0.0,0.0,0.025562499999999988
2,0.08404592141803452,96,4224,35,10,0,,0.08404592141803452,0,1.1940053333333334,1.2780512547513678,1.2780512547513678,1.3045179214180345,1.3045179214180345,1.3315804214180345,3.872589080272202,1.2475345,3.7885431588541674,0.0,0.0,0.0,0.02706249999999999
3,0.10656443109619756,160,640,0,2,0,,0.10656443109619756,0,0.1876977777777778,0.29426220887397536,0.29426220887397536,0.3008177644295309,0.3008177644295309,0.3261302644295309,4.433609105575364,0.21956583333333335,4.327044674479167,0.0,0.0,0.0,0.025312500000000016
4,0.17509211974169742,64,704,0,0,1,2,0.17509211974169742,0,0.20566755555555558,0.38075967529725296,0.38075967529725296,0.38767078640836405,0.38767078640836405,0.41301453640836405,2.015601124950031,0.23792241666666664,1.8405090052083335,0.0,0.0,0.0,0.025343749999999998
5,0.17769739799041712,128,4224,11,1,0,,0.17769739799041712,0,1.1940053333333334,1.3717027313237504,1.3717027313237504,1.398169397990417,1.398169397990417,1.425231897990417,4.737180463954889,1.2475345,4.559483065964472,0.0,0.0,0.0,0.02706249999999999
6,0.22556955867910614,96,2176,154,3,0,,0.22556955867910614,0,0.6189724444444444,0.8445420031235505,0.8445420031235505,0.8596308920124395,0.8596308920124395,0.8856933920124395,3.3541080125481533,0.6601238333333334,3.128538453869047,0.0,0.0,0.0,0.02606249999999999
7,0.25035663754549403,64,4224,39,15,0,,0.25035663754549403,0,1.1940053333333334,1.4443619708788273,1.4443619708788273,1.470828637545494,1.470828637545494,1.497891137545494,3.181815860852786,1.2475345,2.9314592233072916,0.0,0.0,0.0,0.02706249999999999
8,0.3058055632638616,128,1152,5,6,0,,0.3058055632638616,0,0.33145600000000003,0.6372615632638616,0.6372615632638616,0.6466615632638616,0.6466615632638616,0.6722240632638616,3.950818504995633,0.36641850000000004,3.645012941731771,0.0,0.0,0.0,0.025562500000000044
9,0.33497789888112667,160,640,16,11,0,,0.33497789888112667,0,0.1876977777777778,0.5226756766589045,0.5226756766589045,0.52923123221446,0.52923123221446,0.55454373221446,4.62062468110769,0.2195658333333333,4.285646782226563,0.0,0.0,0.0,0.02531249999999996
10,0.34995475409132315,96,2176,18,4,0,,0.34995475409132315,0,0.6189724444444444,0.9689271985357676,0.9689271985357676,0.9840160874246565,0.9840160874246565,1.0100785874246565,3.4482723862527815,0.6601238333333334,3.0983176321614585,0.0,0.0,0.0,0.02606249999999999
11,0.44157876062370804,128,512,18,8,0,4,0.44157876062370804,0,0.15175822222222224,0.5933369828459303,0.5933369828459303,0.5991814272903747,0.5991814272903747,0.6244314272903747,3.887685496300792,0.18285266666666666,3.446106735677084,0.0,0.0,0.0,0.025249999999999995
12,0.47733967665432137,160,640,20,5,0,,0.47733967665432137,0,0.1876977777777778,0.6650374544320992,0.6650374544320992,0.6715930099876547,0.6715930099876547,0.6969055099876547,4.777389559466822,0.2195658333333333,4.3000498828125,0.0,0.0,0.0,0.02531249999999996
13,0.4883492378699024,96,1152,65,7,0,,0.4883492378699024,0,0.33145600000000003,0.8198052378699024,0.8198052378699024,0.8292052378699024,0.8292052378699024,0.8547677378699025,3.2876738251094864,0.36641850000000004,2.799324587239584,0.0,0.0,0.0,0.025562500000000044
14,0.5047083729189948,128,2304,18,14,1,4,0.5047083729189948,256,0.5838008888888889,1.0885092618078838,1.0885092618078838,1.1043092618078838,1.1281136204480422,1.1539642063855422,4.461992982427209,0.6492558334665474,3.9572846095082146,0.0,0.0,0.023804358640158396,0.025850585937500004
15,0.5175381567552871,160,1152,21,9,0,,0.5175381567552871,0,0.33145600000000003,0.8489941567552872,0.8489941567552872,0.8583941567552872,0.8583941567552872,0.8839566567552872,4.965621649314812,0.3664185000000001,4.448083492559525,0.0,0.0,0.0,0.025562500000000044
16,0.6282524293650558,160,1152,9,13,0,,0.6282524293650558,0,0.33145600000000003,0.9597084293650557,0.9597084293650557,0.9691084293650557,0.9691084293650557,0.9946709293650557,5.101777439781725,0.3664185,4.473525010416669,0.0,0.0,0.0,0.025562500000000044
17,0.6699196530440477,96,768,0,0,0,0,0.6699196530440477,576,0.06363733333333334,0.733556986377381,0.733556986377381,0.7408236530440476,0.7425277200021141,0.7678905129708641,3.2044124856271146,0.09797085992681642,2.5344928325830667,0.0,0.0,0.0017040669580664636,0.025362792968749992
18,0.782257779622345,160,2176,158,5,0,,0.782257779622345,256,0.5478613333333333,1.3301191129556784,1.3301191129556784,1.3452080018445673,1.3552018967064046,1.3808959885032797,5.483440560443383,0.5986382088809347,4.701182780821038,0.0,0.0,0.009993894861837216,0.025694091796875096
19,0.844600085768467,96,4224,15,12,0,,0.844600085768467,0,1.1940053333333334,2.0386054191018004,2.0386054191018004,2.0650720857684672,2.083210242728523,2.1097554087441477,4.646390011608732,1.2651553229756807,3.801789925840265,0.0,0.0,0.018138156960055607,0.026545166015624844
20,0.9499472434735032,128,2176,98,0,0,,0.9499472434735032,256,0.5478613333333333,1.4978085768068365,1.4978085768068365,1.5128974656957255,1.5290013528146142,1.5546074726062808,4.8632477802234675,0.6046602291327776,3.913300536749964,0.0,0.0,0.01610388711888877,0.025606119791666604
21,0.9522402100424254,64,2176,50,6,0,,0.9522402100424254,256,0.5478613333333333,1.5001015433757587,1.5001015433757587,1.5151904322646477,1.5160604890451117,1.5418812898263616,3.1695761140451117,0.5896410797839362,2.2173359040026863,0.0,0.0,0.0008700567804640347,0.02582080078124993
22,0.9713853796912661,64,2176,66,8,0,,0.9713853796912661,0,0.6189724444444444,1.5903578241357106,1.5903578241357106,1.6054467130245995,1.6095622866653747,1.6352283022903746,3.2591151838007915,0.6638429225991085,2.2877298041095253,0.0,0.0,0.004115573640775194,0.025666015624999927
23,1.0499021459087394,64,640,44,7,0,,1.0499021459087394,256,0.11658666666666667,1.166488812575406,1.166488812575406,1.1730443681309617,1.1871246714636523,1.2125655894324023,2.823222653234486,0.1626634435236629,1.7733205073257465,0.0,0.0,0.014080303332690614,0.025440917968750032
24,1.055213141725573,64,4224,3,11,0,,1.055213141725573,256,1.1228942222222222,2.1781073639477952,2.1781073639477952,2.204574030614462,2.2262483220582103,2.2524521794800854,3.8794488022014395,1.1972390377545123,2.8242356604758667,0.0,0.0,0.021674291443748217,0.026203857421875032
25,1.0894496456433074,96,1216,9,13,0,13,1.0894496456433074,1024,0.06498133333333334,1.1544309789766407,1.1544309789766407,1.1641865345321962,1.1736221012400558,1.1992021793650558,3.640799249677557,0.10975253372174842,2.55134960403425,0.0,0.0,0.00943556670785961,0.02558007812499996
26,1.120871863235638,64,2176,122,3,0,,1.120871863235638,256,0.5478613333333333,1.6687331965689713,1.6687331965689713,1.6838220854578603,1.6938730795124395,1.7199433920124394,3.3541080125481533,0.5990715287768014,2.233236149312515,0.0,0.0,0.01005099405457921,0.026070312499999915
27,1.1222862216504352,160,832,0,4,1,0,1.1222862216504352,256,0.170496,1.2927822216504352,1.2927822216504352,1.3004044438726574,1.3228666733621566,1.3486042221902816,5.425468441637828,0.2263180005398464,4.303182219987393,0.0,0.0,0.022462229489499164,0.025737548828125068
28,1.1345446912814718,96,4224,127,2,0,,1.1345446912814718,256,1.1228942222222222,2.257438913503694,2.257438913503694,2.283905580170361,2.3020096589607806,2.3282164460701558,4.832328832137864,1.193671754788684,3.697784140856392,0.0,0.0,0.018104078790419642,0.026206787109375185
29,1.147872717781893,64,896,0,9,1,4,1.147872717781893,256,0.1884657777777778,1.3363384955596709,1.3363384955596709,1.3443162733374487,1.3697369301927873,1.3952418130052873,3.0003943195157037,0.24736909522339423,1.8525216017338106,0.0,0.0,0.025420656855338564,0.025504882812499963
30,1.2258257562707953,96,4288,11,14,1,1,1.2258257562707953,256,1.140864,2.3666897562707954,2.3666897562707954,2.3935119784930174,2.395366550135542,2.421647474614709,4.901140117843876,1.1958217183439137,3.6753143615730806,0.0,0.0,0.0018545716425246717,0.026280924479166856
31,1.301666250573088,128,1216,1,13,1,14,1.301666250573088,256,0.27831466666666665,1.5799809172397548,1.5799809172397548,1.5897364727953103,1.6085498356150558,1.6341400048858892,4.919924412437975,0.33247375431280113,3.6182581618648872,0.0,0.0,0.01881336281974555,0.02559016927083335
32,1.3617560561013737,160,2176,14,7,0,,1.3617560561013737,256,0.5478613333333333,1.909617389434707,1.909617389434707,1.924706278323596,1.9251095347449023,1.9507670868282356,6.044427426870679,0.5890110307268619,4.682671370769305,0.0,0.0,0.00040325642130634165,0.025657552083333313
33,1.4292105161369675,96,4288,3,10,1,11,1.4292105161369675,256,1.140864,2.570074516136968,2.570074516136968,2.59689673835919,2.6040687026680347,2.6311585464180345,5.1103226740222025,1.201948030281067,3.6811121578852353,0.0,0.0,0.007171964308844814,0.027089843749999787
34,1.5238781193703714,64,640,4,4,0,,1.5238781193703714,256,0.11658666666666667,1.640464786037038,1.640464786037038,1.6470203415925937,1.6574928940652816,1.6830929917215316,3.2944043198465316,0.15921487235116016,1.7705262004761602,0.0,0.0,0.010472552472687857,0.025600097656250043
35,1.5352353998645731,160,640,84,9,0,,1.5352353998645731,256,0.11658666666666667,1.6518220665312398,1.6518220665312398,1.6583776220867954,1.6758277505052872,1.7012724119636204,5.796672284080437,0.1660370120990473,4.261436884215865,0.0,0.0,0.017450128418491806,0.02544466145833324
36,1.5782047492298605,64,2176,22,15,0,,1.5782047492298605,256,0.5478613333333333,2.126066082563194,2.126066082563194,2.1411549714520826,2.147537621920494,2.174106225436119,3.834014021660077,0.5959014762062587,2.2558092724302163,0.0,0.0,0.006382650468411466,0.026568603515625178
37,1.626940574650636,160,640,8,5,0,,1.626940574650636,256,0.11658666666666667,1.7435272413173026,1.7435272413173026,1.7500827968728583,1.7663659592064047,1.791938062070988,5.90420411024807,0.16499748742035192,4.277263535597434,0.0,0.0,0.01628316233354643,0.025572102864583224
38,1.7261588558031467,96,640,28,1,0,,1.7261588558031467,256,0.11658666666666667,1.8427455224698133,1.8427455224698133,1.849301078025369,1.858298304240417,1.884489954631042,4.34886489475846,0.15833109882789542,2.6227060389553136,0.0,0.0,0.00899722621504817,0.026191650390624988
39,1.761458858741101,96,4288,127,0,1,2,1.761458858741101,256,1.140864,2.902322858741101,2.902322858741101,2.9291450809633233,2.942390187450031,2.9685902200021146,5.4711690041818,1.2071313612610135,3.7097101454406993,0.0,0.0,0.013245106486707847,0.026200032552083474
40,1.767253052412489,96,4224,75,8,0,,1.767253052412489,256,1.1228942222222222,2.890147274634711,2.890147274634711,2.916613941301378,2.919151642134125,2.9452997541132917,5.486415476769543,1.1780467017008027,3.7191624243570542,0.0,0.0,0.0025377008327467365,0.026148111979166888
41,1.7754569513697884,160,4224,23,9,0,,1.7754569513697884,256,1.1228942222222222,2.898351173592011,2.898351173592011,2.9248178402586777,2.948658967953204,2.9745263995938287,7.120161419822624,1.1990694482240403,5.344704468452836,0.0,0.0,0.023841127694526065,0.025867431640624883
42,1.821815820117913,128,4224,47,13,0,,1.821815820117913,256,1.1228942222222222,2.9447100423401356,2.9447100423401356,2.9711767090068024,2.9911177067088066,3.017095734052557,6.3208906884796425,1.1952799139346437,4.499074868361729,0.0,0.0,0.019940997702004193,0.02597802734375021
43,1.9617588255860174,128,4352,3,6,1,10,1.9617588255860174,256,1.1588337777777777,3.120592603363795,3.120592603363795,3.147770381141573,3.1695761140451117,3.195943789826362,6.5628182608550105,1.2341849642403444,4.6010594352689935,0.0,0.0,0.02180573290353882,0.0263676757812501
44,2.015116325018363,64,1280,1,7,1,13,2.015116325018363,256,0.29628444444444446,2.311400769462807,2.311400769462807,2.3215118805739183,2.335688961828236,2.361344235265736,3.9839818491980283,0.3462279102473733,1.9688655241796655,0.0,0.0,0.014177081254317603,0.02565527343750018
45,2.070576386188126,160,704,4,4,0,4,2.070576386188126,512,0.06344533333333334,2.134021719521459,2.134021719521459,2.14093283063257,2.1439782456277814,2.1695212143777813,6.251333119914736,0.09894482818965544,4.18075673372661,0.0,0.0,0.003045414995211271,0.02554296874999995
46,2.0714842203900905,160,4416,3,5,1,6,2.0714842203900905,256,1.1768035555555554,3.248287775945646,3.248287775945646,3.2758211092789793,3.2759554774355713,3.301945223529321,7.466584072115629,1.2304610031392307,5.395099851725538,0.0,0.0,0.00013436815659195744,0.025989746093749932
47,2.0817147004200374,128,1344,1,3,1,7,2.0817147004200374,256,0.3142542222222222,2.3959689226422594,2.3959689226422594,2.406435589308926,2.4240263998249394,2.4499678060749392,5.723200454651946,0.3682531056549019,3.6414857542319083,0.0,0.0,0.01759081051601319,0.025941406249999854
48,2.0855076549532545,160,1152,13,1,0,,2.0855076549532545,256,0.2603448888888889,2.3458525438421436,2.3458525438421436,2.3552525438421434,2.3560231577560424,2.382011276245626,6.4947190288730425,0.2965036212923713,4.4092113739197885,0.0,0.0,0.0007706139138989876,0.02598811848958338
49,2.1179914456414757,160,4224,115,12,0,,2.1179914456414757,256,1.1228942222222222,3.240885667863698,3.240885667863698,3.267352334530365,3.281330115775398,3.308403602103523,7.5210309133014395,1.1904121564620471,5.403039467659964,0.0,0.0,0.013977781245032794,0.027073486328125007
50,2.1229189131495656,128,2368,18,15,1,14,2.126066082563194,256,0.6017706666666667,2.7278367492298603,2.7278367492298603,2.743992304785416,2.758739037936119,2.7851776772590355,6.094379719902266,0.6622587641094699,3.9714608067527,0.003147169413628248,0.0,0.014746733150702962,0.02643863932291657
51,2.1438023786568716,64,960,0,11,1,9,2.1781073639477952,256,0.20643555555555557,2.384542919503351,2.384542919503351,2.3928762528366843,2.4096855779175854,2.435646678178002,4.05825505220144,0.29184429952113033,1.914452673544568,0.03430498529092363,0.0,0.01680932508090116,0.025961100260416536
52,2.2222801527358937,64,4224,19,2,0,,2.257438913503694,256,1.1228942222222222,3.380333135725916,3.380333135725916,3.406799802392583,3.4293424226326557,3.455848444768072,5.1218468985441135,1.2335682920321784,2.8995667458082197,0.035158760767800334,0.0,0.022542620240072697,0.02650602213541653
53,2.29997244524524,160,1216,21,4,1,9,2.29997244524524,256,0.27831466666666665,2.578287111911907,2.578287111911907,2.5880426674674624,2.6038263901590315,2.6293865464090316,6.71766069559833,0.32941410116379144,4.417688250353089,0.0,0.0,0.015783722691569135,0.025560156250000077
54,2.3068566314254166,160,2048,47,7,0,13,2.311400769462807,0,0.5830328888888889,2.894433658351696,2.894433658351696,2.908811436129474,2.926311520421986,2.952141598546986,7.047550827379674,0.6452849671215692,4.740694195954258,0.0045441380373905105,0.0,0.017500084292512152,0.025830078124999822
55,2.3231409033914363,96,1216,5,1,1,6,2.3458525438421436,256,0.27831466666666665,2.6241672105088103,2.6241672105088103,2.633922766064366,2.6419193166102093,2.667812871297709,5.122920907593281,0.34467196790627286,2.799780004201845,0.022711640450707282,0.0,0.007996550545843473,0.025893554687499876
56,2.336855794735322,64,2048,19,14,0,2,2.3666897562707954,0,0.5830328888888889,2.9497226451596843,2.9497226451596843,2.964100422937462,2.974680921880334,3.001102308599084,4.642948223312626,0.6642465138637621,2.306092428577304,0.029833961535473463,0.0,0.010580498942871941,0.02642138671874994
57,2.3789828722150874,128,768,4,11,1,4,2.384542919503351,256,0.15252622222222223,2.5370691417255733,2.5370691417255733,2.54433580839224,2.5654595036988352,2.591276276159773,5.858222581498314,0.21229340394468554,3.4792397092832266,0.0055600472882635366,0.0,0.02112369530659519,0.02581677246093772
58,2.3934344322200536,64,1024,0,3,1,11,2.3959689226422594,256,0.22440533333333335,2.6203742559755927,2.6203742559755927,2.6290631448644817,2.6315713216999392,2.6574053060749394,4.275878520360653,0.2639708738548858,1.8824440881405993,0.0025344904222057707,0.0,0.002508176835457565,0.025833984375000174
59,2.3944808587720554,64,1152,53,10,0,,2.570074516136968,256,0.2603448888888889,2.830419405025857,2.830419405025857,2.8398194050258567,2.8478948745430346,2.8744785333972014,4.517413006053453,0.479997674625146,2.122932147281398,0.1755936573649124,0.0,0.008075469517177858,0.026583658854166803
60,2.433565773908489,160,1408,1,4,1,3,2.578287111911907,256,0.332224,2.910511111911907,2.910511111911907,2.921333334134129,2.9361465073465314,2.9617331772684063,7.054139830294201,0.5281674033599173,4.620574056385712,0.1447213380034178,0.0,0.014813173212402386,0.02558666992187497
61,2.540548599022768,96,704,8,11,1,5,2.540548599022768,256,0.13455644444444445,2.6751050434672123,2.6751050434672123,2.6820161545783234,2.694548248816023,2.720272369909773,5.1608507553264396,0.17972377088700497,2.6203021563036715,0.0,0.0,0.012532094237699631,0.025724121093749996
62,2.541060896606109,160,1280,9,3,1,13,2.6203742559755927,256,0.29628444444444446,2.916658700420037,2.916658700420037,2.9267698115311482,2.941611360762439,2.967408235762439,7.070284532032898,0.4263473391563304,4.5292236354267885,0.07931335936948392,0.0,0.014841549231290774,0.025796875000000163
63,2.54650811001249,96,1152,17,1,0,,2.6241672105088103,256,0.2603448888888889,2.8845120993976994,2.8845120993976994,2.8939120993976992,2.900876836141459,2.926708086141459,5.380274423218281,0.38019997612896894,2.833766313205791,0.0776591004963203,0.0,0.006964736743759747,0.025831249999999972
64,2.5539880835073965,96,2176,2,15,0,,2.7278367492298603,256,0.5478613333333333,3.275698082563194,3.275698082563194,3.2907869714520825,3.3124347573371606,3.338539086764244,5.807261189628828,0.7845510032568477,3.2532731061214313,0.17384866572246382,0.0,0.021647785885078097,0.026104329427083517
65,2.5713543387085673,64,4288,23,8,1,9,2.890147274634711,256,1.140864,4.031011274634711,4.031011274634711,4.057833496856933,4.0772597150507925,4.104348582238292,5.811558054894544,1.5329942435297248,3.2402037161859765,0.3187929359261439,0.0,0.01942621819385959,0.027088867187499588
66,2.6200035316931465,128,1088,0,7,1,3,2.894433658351696,256,0.2423751111111111,3.136808769462807,3.136808769462807,3.1458532139072517,3.1587998016719863,3.1845736297969864,6.4557076559189746,0.56457009810384,3.835704124225828,0.2744301266585496,0.0,0.012946587764734563,0.025773828125000176
67,2.667865422276704,96,1152,0,9,1,7,2.898351173592011,768,0.11812266666666667,3.0164738402586777,3.0164738402586777,3.0258738402586776,3.0263959471198705,3.052288159033933,5.510450995017937,0.3844227367572288,2.842585572741233,0.2304857513153067,0.0,0.0005221068611929169,0.025892211914062546
68,2.689504536435056,64,1472,1,0,1,4,2.902322858741101,256,0.35019377777777777,3.252516636518879,3.252516636518879,3.2636944142966566,3.2842032571114896,3.3105081073719065,4.968452858348467,0.6210035709368507,2.2789483219134112,0.21281832230604536,0.0,0.020508842814833006,0.026304850260416845
69,2.736848720369211,96,2240,2,13,1,15,2.9447100423401356,256,0.5658311111111111,3.5105411534512467,3.5105411534512467,3.525985597895691,3.536758819990057,3.562768194990057,6.035847817385893,0.825919474620846,3.2989990970166816,0.20786132197092444,0.0,0.01077322209436593,0.026009375000000112
70,2.796685867997026,96,2176,42,11,0,,2.796685867997026,256,0.5478613333333333,3.344547201330359,3.344547201330359,3.3596360902192477,3.3635340886597733,3.3893251856649815,5.832589280717064,0.5926393176679556,3.0359034127200384,0.0,0.0,0.0038979984405256296,0.025791097005208208
71,2.8182299045301704,96,1152,45,10,0,,2.830419405025857,256,0.2603448888888889,3.090764293914746,3.090764293914746,3.100164293914746,3.1137534357409513,3.1400854669909513,5.596165110313125,0.32185556246078084,2.7779352057829545,0.012189500495686456,0.0,0.01358914182620552,0.026332031249999943
72,2.8587354342112614,160,2176,54,1,0,,2.8845120993976994,256,0.5478613333333333,3.4323734327310325,3.4323734327310325,3.447462321619921,3.469277129110209,3.4951558725997924,7.61303637099544,0.636420438388531,4.754300936784178,0.025776665186437953,0.0,0.02181480749028797,0.0258787434895833
73,2.8616499282240007,160,2176,70,4,0,,2.910511111911907,256,0.5478613333333333,3.4583724452452405,3.4583724452452405,3.473461334134129,3.473803025901219,3.499440428244969,7.597948083991186,0.6377905000209685,4.7362981557671855,0.04886118368790626,0.0,0.00034169176708997995,0.025637402343750004
74,2.924043502871872,64,1152,25,3,0,,2.924043502871872,256,0.2603448888888889,3.184388391760761,3.184388391760761,3.193788391760761,3.1996020834186893,3.225363964929106,4.841367900243465,0.3013204620572343,1.9173243973715928,0.0,0.0,0.005813691657928555,0.025761881510416806
75,2.9632246139714553,128,1216,0,14,1,9,2.9632246139714553,256,0.27831466666666665,3.241539280638122,3.241539280638122,3.2512948361936775,3.265343031255334,3.291561537114709,6.5722251031954375,0.3283369231432536,3.609000489223982,0.0,0.0,0.014048195061656443,0.026218505859374908
76,2.9712491355492507,64,1280,5,6,1,1,3.120592603363795,1024,0.0829511111111111,3.203543714474906,3.203543714474906,3.2136548255860173,3.222311953888862,3.2484327221180287,4.889440575308133,0.27718358656877795,1.9181914397588824,0.14934346781454444,0.0,0.008657128302844708,0.026120768229166647
77,3.007764745244536,128,1280,0,9,1,14,3.0164738402586777,1024,0.0829511111111111,3.0994249513697887,3.0994249513697887,3.1095360624809,3.1299677244636204,3.1558080564948705,6.455430584861687,0.14804331125033432,3.4476658396171507,0.008709095014141521,0.0,0.020431661982720506,0.025840332031250135
78,3.01190083683729,96,1216,53,10,0,10,3.090764293914746,1024,0.06498133333333334,3.1557456272480793,3.1557456272480793,3.165501182803635,3.1664179865222013,3.1926031427722013,5.647301503542291,0.18070230593491132,2.635400666705001,0.07886345707745601,0.0,0.0009168037185665057,0.026185156249999952
79,3.0432810541784474,128,1344,0,7,1,9,3.136808769462807,960,0.11869866666666666,3.2555074361294736,3.2555074361294736,3.2659741027961404,3.2876738251094864,3.3134594696407365,6.584378643134883,0.27017841546228905,3.541097588956436,0.09352771528435966,0.0,0.021699722313345937,0.025785644531250096
80,3.058175240359432,160,1216,25,3,0,3,3.184388391760761,1024,0.06498133333333334,3.2493697250940943,3.2493697250940943,3.25912528064965,3.276889192793689,3.3026283110972607,7.408701556772482,0.24445307073782896,4.350526316413051,0.12621315140132916,0.0,0.017763912144039384,0.025739118303571562
81,3.0863700287656095,96,2176,94,12,0,,3.240885667863698,256,0.5478613333333333,3.7887470011970317,3.7887470011970317,3.8038358900859204,3.822892615775398,3.8496356170774817,6.3598465871295655,0.7632655883118722,3.273476558363956,0.15451563909808863,0.0,0.019056725689477805,0.026743001302083513
82,3.094436781489464,128,704,20,14,1,5,3.241539280638122,256,0.13455644444444445,3.3760957250825663,3.3760957250825663,3.3830068361936774,3.396440443364709,3.422485951177209,6.702602544601687,0.3280491696877448,3.608165763112223,0.1471024991486578,0.0,0.013433607171031703,0.026045507812499924
83,3.1002252666846073,96,768,8,5,1,11,3.248287775945646,512,0.0814151111111111,3.329702887056757,3.329702887056757,3.336969553723424,3.3539261805605713,3.3797941493105714,5.85122608290432,0.27956888262596413,2.751000816219713,0.1480625092610386,0.0,0.016956626837147493,0.02586796875000008
84,3.199121524014662,64,4480,3,0,1,5,3.252516636518879,256,1.1947733333333332,4.447289969852212,4.447289969852212,4.475178858741101,4.494731740184405,4.521274098582842,6.17847320340055,1.3221525745681801,2.979351679385888,0.05339511250421669,0.0,0.019552881443304138,0.026542358398437216
85,3.297642470717637,160,1216,13,10,1,1,3.297642470717637,256,0.27831466666666665,3.5759571373843038,3.5759571373843038,3.5857126929398593,3.6116320490222016,3.637725554881577,7.730952423138644,0.34008308416393973,4.433309952421007,0.0,0.0,0.025919356082342304,0.0260935058593752
86,3.3139129512480183,64,832,4,6,1,11,3.3139129512480183,256,0.170496,3.4844089512480183,3.4844089512480183,3.4920311734702407,3.5096672598784453,3.5356134268706327,5.180364647573758,0.2217004756226144,1.8664516963257398,0.0,0.0,0.017636086408204577,0.025946166992187436
87,3.482317586277106,96,1536,1,9,1,0,3.482317586277106,256,0.3681635555555556,3.8504811418326614,3.8504811418326614,3.862014475165995,3.8795355955573703,3.905372672380287,6.376220916892937,0.42305508610318077,2.8939033306158306,0.0,0.0,0.017521120391375433,0.025837076822916583
88,3.541124897302205,64,1600,1,2,1,9,3.541124897302205,256,0.3861333333333334,3.9272582306355384,3.9272582306355384,3.9391471195244274,3.959555638778489,3.9858877920988016,5.640892552840988,0.4447628947965967,2.099767655538783,0.0,0.0,0.02040851925406173,0.026332153320312468
89,3.5563564207247533,128,4224,43,3,0,,3.5563564207247533,256,1.1228942222222222,4.679250642946975,4.679250642946975,4.705717309613642,4.711729716649715,4.7376563768059645,8.039332644012067,1.1812999560812112,4.482976223287313,0.0,0.0,0.006012407036072531,0.02592666015624978
90,3.6129732318779926,96,896,4,4,1,6,3.6129732318779926,576,0.09957688888888888,3.7125501207668816,3.7125501207668816,3.7205278985446593,3.730199021994969,3.755807176291844,6.19960011481491,0.14283394441385155,2.5866268829369172,0.0,0.0,0.00967112345030996,0.025608154296874908
91,3.621038841317765,128,640,76,15,0,,3.621038841317765,256,0.11658666666666667,3.737625507984432,3.737625507984432,3.7441810635399873,3.756274763847577,3.7821873615038273,7.080864745943933,0.16114852018606207,3.459825904626168,0.0,0.0,0.012093700307589828,0.025912597656250203
92,3.6435069208118396,160,1408,0,1,1,7,3.6435069208118396,256,0.332224,3.9757309208118397,3.9757309208118397,3.9865531430340617,3.986944772339376,4.012804565866162,8.131091628156893,0.3692976450543224,4.487584707345054,0.0,0.0,0.0003916293053141118,0.025859793526786135
93,3.6467816620089755,96,1664,1,14,1,2,3.6467816620089755,1024,0.1907697777777778,3.837551439786753,3.837551439786753,3.8497958842311975,3.8653342910209587,3.891348288416792,6.340236699875125,0.24456662640781657,2.6934550378661495,0.0,0.0,0.015538406789761261,0.02601399739583332
94,3.8041597851456643,96,2176,74,4,0,,3.8041597851456643,256,0.5478613333333333,4.352021118478998,4.352021118478998,4.367110007367887,4.370549363791845,4.396232887787381,6.84717729716083,0.5920731026417165,3.0430175120151652,0.0,0.0,0.0034393564239580954,0.02568352399553575
95,3.805433930115399,160,704,16,7,1,11,3.805433930115399,256,0.13455644444444445,3.9399903745598435,3.9399903745598435,3.9469014856709546,3.9582592743282365,3.9839818491980283,8.079494339826972,0.17854791908262913,4.2740604097115735,0.0,0.0,0.011357788657281986,0.025722574869791792
96,3.8099102761267227,64,4352,11,6,1,14,3.8099102761267227,256,1.1588337777777777,4.9687440539045005,4.9687440539045005,4.995921831682279,5.020918846792508,5.047491926219592,6.749656395620637,1.237581650092869,2.939746119493914,0.0,0.0,0.024997015110229448,0.026573079427083535
97,3.8169853333921706,160,4352,23,11,1,8,3.8169853333921706,256,1.1588337777777777,4.975819111169948,4.975819111169948,5.0029968889477265,5.0050802475139395,5.031087205521752,9.143383486446226,1.2141018721295813,5.326398153054055,0.0,0.0,0.0020833585662130005,0.026006958007812386
98,3.8844758177181937,160,4096,78,15,0,,3.8844758177181937,0,1.1580657777777779,5.042541595495972,5.042541595495972,5.068297151051527,5.075564802910078,5.101723006035078,9.262681309141481,1.2172471883168843,5.378205491423287,0.0,0.0,0.007267651858550828,0.026158203125000057
99,3.897489751422129,128,4224,63,5,0,,3.897489751422129,256,1.1228942222222222,5.020383973644352,5.020383973644352,5.0468506403110185,5.063646029193384,5.089879525287134,8.426744309745839,1.1923897738650044,4.52925455832371,0.0,0.0,0.016795388882365536,0.026233496093749586
100,3.933955587498031,96,2240,22,13,1,15,3.933955587498031,256,0.5658311111111111,4.499786698609142,4.499786698609142,4.515231143053587,4.5286093082713075,4.554724542646308,7.018785390628078,0.6207689551482765,3.0848298031300465,0.0,0.0,0.013378165217720728,0.026115234375000185
101,3.9393308592200076,160,256,1,10,0,14,3.9393308592200076,0,0.07987911111111111,4.019209970331119,4.019209970331119,4.0236321925533405,4.027973552928452,4.05374365383991,8.144657745404267,0.1144127946199025,4.20532688618426,0.0,0.0,0.004341360375111236,0.02577010091145837
102,3.9476870310922405,160,960,4,12,1,4,3.9476870310922405,256,0.20643555555555557,4.154122586647796,4.154122586647796,4.16245591998113,4.170589718639982,4.197018917858732,8.377619731660815,0.24933188676649154,4.429932700568575,0.0,0.0,0.008133798658851887,0.0264291992187502
103,4.011711530459249,64,256,30,14,0,,4.011711530459249,0,0.07987911111111111,4.0915906415703605,4.0915906415703605,4.096012863792582,4.099477845708458,4.125368610217387,5.747166875656375,0.11365707975813777,1.735455345197126,0.0,0.0,0.0034649819158758532,0.025890764508928577
104,4.0261196673859745,160,2304,2,9,1,13,4.0261196673859745,256,0.5838008888888889,4.609920556274863,4.609920556274863,4.625720556274863,4.629009065609454,4.654899411591597,8.835040855043978,0.6287797442056222,4.808921187658004,0.0,0.0,0.0032885093345909056,0.025890345982142904
105,4.0371246553239475,128,1472,0,1,0,1,4.0371246553239475,1280,0.06574933333333334,4.102873988657281,4.102873988657281,4.114051766435059,4.116248622785804,4.1420929221022105,7.431286737206377,0.10496826677826299,3.3941620818824294,0.0,0.0,0.002196856350744625,0.025844299316406527
106,4.045177453618973,128,2176,6,2,0,,4.045177453618973,256,0.5478613333333333,4.593038786952307,4.593038786952307,4.608127675841196,4.620223363387864,4.646734837997239,7.937890534611819,0.6015573843782658,3.892713080992846,0.0,0.0,0.01209568754666801,0.026511474609375085
107,4.0529080804536095,160,2240,30,7,0,,4.0529080804536095,256,0.5658311111111111,4.61873919156472,4.61873919156472,4.634183636009165,4.653287610916777,4.679094170161569,8.78510578188427,0.6261860897079599,4.732197701430661,0.0,0.0,0.01910397490761273,0.025806559244792027
108,4.088158867978696,64,1024,4,10,1,12,4.088158867978696,256,0.22440533333333335,4.312564201312029,4.312564201312029,4.321253090200918,4.3372469904284525,4.362983527816845,5.97954925744854,0.2748246598381492,1.8913903894698443,0.0,0.0,0.01599390022753422,0.025736537388392655
109,4.126807427484196,64,4224,7,8,0,,4.126807427484196,256,1.1228942222222222,5.249701649706418,5.249701649706418,5.276168316373085,5.2967421369257925,5.323836863488292,7.012395050337252,1.1970294360040965,2.8855876228530564,0.0,0.0,0.02057382055270729,0.027094726562499893
110,4.178090667871176,160,4224,31,12,0,,4.178090667871176,256,1.1228942222222222,5.300984890093399,5.300984890093399,5.3274515567600655,5.3281177134316495,5.354553504447274,9.519555173904116,1.176462836576098,5.34146450603294,0.0,0.0,0.000666156671583984,0.026435791015624766
111,4.200506197853016,128,2368,2,4,1,9,4.352021118478998,256,0.6017706666666667,4.953791785145665,4.953791785145665,4.9699473407012205,4.987088705309703,5.012841573962047,8.296708416371208,0.8123353761090311,4.096202218518193,0.15151492062598226,0.0,0.01714136460848259,0.025752868652343608
112,4.219406249941912,64,4544,3,9,1,0,4.609920556274863,256,1.212743111111111,5.822663667385974,5.822663667385974,5.850908111830419,5.875217205955438,5.901607049705437,7.569698569887729,1.6822007997635255,3.350292319945817,0.3905143063329515,0.0,0.024309094125018582,0.026389843749999642
113,4.22147311113512,128,640,32,7,0,,4.61873919156472,256,0.11658666666666667,4.735325858231387,4.735325858231387,4.741881413786943,4.756516777583443,4.782254431043265,8.053499083130543,0.5607813199081448,3.8320259719954226,0.3972660804296,0.0,0.014635363796500656,0.025737653459821708
114,4.275865853697107,64,1280,13,1,1,10,4.275865853697107,1024,0.0829511111111111,4.358816964808218,4.358816964808218,4.368928075919329,4.374783491298639,4.400665815517389,6.026762067377507,0.12479996182028152,1.7508962136803996,0.0,0.0,0.005855415379310003,0.025882324218749808
115,4.370758959129366,128,2432,2,14,1,4,4.370758959129366,256,0.6197404444444444,4.99049940357381,4.99049940357381,5.007010514684921,5.0286059381563755,5.054239141281376,8.355353683924603,0.6834801821520102,3.9845947247952376,0.0,0.0,0.021595423471454822,0.025633203125000392
116,4.409681467871588,96,2176,134,10,0,,4.409681467871588,256,0.5478613333333333,4.957542801204921,4.957542801204921,4.97263169009381,4.981245525584702,5.0070599787097025,7.446955230755831,0.5973785108381149,3.0372737628842437,0.0,0.0,0.008613835490892008,0.025814453125000192
117,4.4718817933473325,160,256,129,0,0,,4.4718817933473325,0,0.07987911111111111,4.551760904458444,4.551760904458444,4.556183126680666,4.574360280223467,4.600620338817217,8.753727801382318,0.1287385454698846,4.281846008034986,0.0,0.0,0.01817715354280125,0.026260058593750024
118,4.485600044308165,64,1152,29,13,0,,4.499786698609142,256,0.2603448888888889,4.760131587498031,4.760131587498031,4.769531587498031,4.789783624677558,4.815810805667141,6.4489638085968295,0.330210761358976,1.9633637642886645,0.01418665430097743,0.0,0.020252037179526283,0.026027180989583343
119,4.552117983076483,64,4224,139,1,0,,4.552117983076483,256,1.1228942222222222,5.675012205298706,5.675012205298706,5.701478871965373,5.715241513062031,5.741227027384948,7.379483677310543,1.1891090443084646,2.82736569423406,0.0,0.0,0.013762641096658257,0.02598551432291707
120,4.57176362179347,64,2496,2,0,1,14,4.57176362179347,256,0.6377102222222223,5.209473844015692,5.209473844015692,5.226340510682359,5.2333413674630505,5.2597647073068,6.904588030874508,0.6880010855133305,2.332824409081038,0.0,0.0,0.0070008567806914,0.026423339843749893
121,4.61226146442282,96,2176,34,2,0,,4.61226146442282,256,0.5478613333333333,5.160122797756154,5.160122797756154,5.175211686645043,5.199660130965989,5.225640111434739,7.679581452580569,0.6133786470119187,3.067319988157749,0.0,0.0,0.02444844432094584,0.025979980468750163
122,4.6130071241894015,128,1152,153,3,0,,4.679250642946975,256,0.2603448888888889,4.939595531835864,4.939595531835864,4.948995531835864,4.9714374803215895,4.997362285009089,8.299346413543317,0.38435516081968757,3.6863392893539153,0.06624351875757384,0.0,0.022441948485725227,0.02592480468749958
123,4.658461072353347,96,704,76,13,1,15,4.760131587498031,256,0.13455644444444445,4.894688031942476,4.894688031942476,4.901599143053587,4.919924412437975,4.945901951500475,7.407271108401515,0.2874408791471277,2.7488100360481678,0.10167051514468373,0.0,0.0183252693843885,0.025977539062499666
124,4.715882827748004,64,1536,0,1,0,1,5.675012205298706,1344,0.06594133333333334,5.740953538632039,5.740953538632039,5.752486871965372,5.767213029989114,5.793165736462329,7.431286737206377,1.0772829087143245,2.715403909458373,0.9591293775507017,0.0,0.014726158023742109,0.02595270647321435
125,4.724683490060621,160,2560,2,4,1,0,4.953791785145665,2240,0.10456888888888889,5.058360674034554,5.058360674034554,5.075582896256776,5.090103109606578,5.11591295118644,9.226824859823587,0.39122946112581847,4.502141369762966,0.2291082950850436,0.0,0.014520213349801914,0.025809841579861548
126,4.807443392753927,160,1600,0,7,1,1,4.807443392753927,1216,0.11946666666666667,4.926910059420594,4.926910059420594,4.938798948309483,4.9624316771370145,4.988178198133109,9.09950168032177,0.1807348053791813,4.292058287567843,0.0,0.0,0.023632728827531757,0.02574652099609409
127,4.848237954568254,64,1792,1,3,1,14,4.939595531835864,1216,0.173376,5.112971531835864,5.112971531835864,5.125927087391419,5.1269936326653385,5.152912577977839,6.785234320444356,0.30467462340958473,1.9369963658761025,0.09135757726761007,0.0,0.0010665452739191394,0.025918945312500163
128,4.869812061740445,64,768,16,10,1,7,4.957542801204921,256,0.15252622222222223,5.110069023427143,5.110069023427143,5.117335690093809,5.135918946808661,5.16148402772384,6.775663922162082,0.2916719659833946,1.9058518604216363,0.08773073946447596,0.0,0.018583256714851615,0.02556508091517884
129,4.873106095231082,128,4288,35,6,1,10,4.9687440539045005,256,1.140864,6.1096080539045,6.1096080539045,6.136430276126722,6.1579017569487595,6.185041568146676,9.529014043035074,1.3119354729155948,4.655907947803993,0.09563795867341884,0.0,0.021471480822037314,0.027139811197916863
130,4.874119468442548,64,640,12,11,0,,4.975819111169948,256,0.11658666666666667,5.092405777836615,5.092405777836615,5.098961333392171,5.10911100923269,5.13498063813894,6.757691754675397,0.2608611696963914,1.883572286232849,0.10169964272740017,0.0,0.010149675840518846,0.025869628906249886
131,4.880521375147817,96,1664,0,14,1,7,4.99049940357381,1088,0.172992,5.1634914035738095,5.1634914035738095,5.175735848018254,5.182412481125125,5.208078008468875,7.676197189783979,0.3275566333210582,2.795675814636162,0.10997802842599302,0.0,0.006676633106870611,0.02566552734375005
132,4.918066594835567,160,2624,2,5,1,4,5.020383973644352,256,0.6736497777777778,5.694033751422129,5.694033751422129,5.711611529199907,5.71985645399807,5.746129403216821,9.90363698552709,0.8280628083812536,4.985570390691523,0.10231737880878455,0.0,0.008244924798163744,0.02627294921875034
133,4.92623838732939,64,1664,0,15,1,14,5.042541595495972,256,0.40410311111111114,5.446644706607083,5.446644706607083,5.458889151051528,5.467989119316328,5.494084041191328,7.132960449068933,0.5678456538619381,2.2067220617395433,0.11630320816658202,0.0,0.009099968264799863,0.026094921874999955
134,4.931799304824903,64,1664,0,7,1,15,4.931799304824903,1472,0.06632533333333333,4.998124638158236,4.998124638158236,5.010369082602681,5.013925207410453,5.039679927462536,6.661592168525509,0.10788062263763276,1.729792863700606,0.0,0.0,0.0035561248077717877,0.025754720052082902
135,4.9732432106122735,96,1344,9,2,1,3,5.160122797756154,256,0.3142542222222222,5.474377019978376,5.474377019978376,5.484843686645043,5.485466771590989,5.511369847762864,7.963651276799319,0.5381266371505902,2.9904080661870456,0.18687958714388042,0.0,0.0006230849459463172,0.025903076171874595
136,5.005057985454004,96,704,28,13,1,1,5.005057985454004,256,0.13455644444444445,5.139614429898448,5.139614429898448,5.146525541009559,5.153875974937975,5.179808266604642,7.641428823245265,0.1747502811506383,2.6363708377912616,0.0,0.0,0.007350433928415612,0.025932291666666885
137,5.065688047314348,128,1664,0,7,0,7,5.065688047314348,1536,0.04854755555555555,5.114235602869903,5.114235602869903,5.126480047314348,5.142703690483368,5.168466385795869,8.444818233056141,0.10277833848152085,3.3791301857417935,0.0,0.0,0.016223643169020363,0.025762695312500306
138,5.1777809203856195,160,640,88,4,0,,5.1777809203856195,256,0.11658666666666667,5.294367587052286,5.294367587052286,5.300923142607842,5.3224092619503285,5.348173324450329,9.459297651707267,0.17039240406470935,4.281516731321648,0.0,0.0,0.021486119342486454,0.025764062500000406
139,5.226145643045166,96,256,0,11,0,7,5.226145643045166,0,0.07987911111111111,5.306024754156278,5.306024754156278,5.3104469763785,5.316801683060815,5.342621507279565,7.790697695430605,0.11647586423439904,2.564552052385439,0.0,0.0,0.006354706682315303,0.025819824218750398
140,5.344654906500024,96,4224,147,0,0,,5.344654906500024,256,1.1228942222222222,6.467549128722246,6.467549128722246,6.494015795388913,6.512553525666175,6.538708961864092,9.020292742788572,1.1940540553640684,3.675637836288548,0.0,0.0,0.01853773027726202,0.026155436197917048
141,5.35924130518753,128,4608,3,13,1,9,5.35924130518753,256,1.230712888888889,6.5899541940764195,6.5899541940764195,6.618554194076419,6.628338808596829,6.654371523440579,9.997579995120272,1.2951302182530489,4.638338689932742,0.0,0.0,0.009784614520409463,0.02603271484375025
142,5.4044823893341505,64,1152,33,3,0,,5.4044823893341505,256,0.2603448888888889,5.664827278223039,5.664827278223039,5.674227278223039,5.697323222509088,5.723200454651946,7.356208880991232,0.31871806531779523,1.9517264916570811,0.0,0.0,0.023095944286048997,0.02587723214285731
143,5.41783478245771,64,4288,15,14,1,12,5.41783478245771,256,1.140864,6.558698782457711,6.558698782457711,6.585521004679933,6.598044927414188,6.6241835992891875,8.277672287440227,1.2063488168314773,2.859837504982517,0.0,0.0,0.012523922734255066,0.02613867187499963
144,5.434148927742264,160,1216,29,7,1,13,5.434148927742264,256,0.27831466666666665,5.712463594408931,5.712463594408931,5.722219149964486,5.7353692178271185,5.761126763991891,9.888116544998107,0.3269778362496272,4.453967617255843,0.0,0.0,0.013150067862632397,0.02575754616477255
145,5.4825608110060156,128,2688,2,10,1,5,5.4825608110060156,256,0.6916195555555555,6.174180366561571,6.174180366561571,6.192113699894905,6.20968206994854,6.23540277307354,9.529724330690728,0.7528419620675244,4.047163519684712,0.0,0.0,0.01756837005363554,0.025720703124999744
146,5.494508481627595,96,2240,34,8,1,2,5.494508481627595,256,0.5658311111111111,6.060339592738706,6.060339592738706,6.07578403718315,6.082297800988293,6.108883006066418,8.58939329252475,0.6143745244388228,3.094884810897155,0.0,0.0,0.0065137638051426805,0.026585205078125007
147,5.541272375341202,64,4288,31,12,0,12,5.541272375341202,4096,0.07419733333333334,5.615469708674535,5.615469708674535,5.642291930896757,5.645379432181649,5.6719515024941485,7.336588774629566,0.1306791271529466,1.7953163992883638,0.0,0.0,0.0030875012848916583,0.02657207031249964
148,5.542495018729193,96,704,24,2,0,,5.542495018729193,256,0.13455644444444445,5.677051463173638,5.677051463173638,5.683962574284749,5.692767390080572,5.718556940861822,8.169909740340985,0.17606192213262872,2.6274147216117925,0.0,0.0,0.008804815795823373,0.02578955078124956
149,5.590737816992369,64,256,118,11,0,,5.590737816992369,0,0.07987911111111111,5.67061692810348,5.67061692810348,5.675039150325702,5.678323655717064,5.70403337251394,7.324691266394147,0.11329555552157089,1.7339534494017785,0.0,0.0,0.00328450539136238,0.02570971679687517
150,5.6287251908844,128,2240,6,4,1,2,5.6287251908844,256,0.5658311111111111,6.194556301995511,6.194556301995511,6.210000746439955,6.225453020088347,6.251333119914736,9.536943349406922,0.6226079290303357,3.908218158522522,0.0,0.0,0.015452273648391746,0.025880099826388836
151,5.636350100644772,128,1856,1,15,1,3,5.636350100644772,256,0.45801244444444444,6.094362545089217,6.094362545089217,6.107673656200328,6.1204462889126825,6.146473144381432,9.471274408099816,0.5101230437366606,3.8349243074550445,0.0,0.0,0.012772632712354515,0.026026855468749943
152,5.6929521507534675,96,1664,0,3,1,7,5.6929521507534675,896,0.22632533333333335,5.919277484086801,5.919277484086801,5.931521928531246,5.956355972230071,5.982250852252393,8.455499050262064,0.2892987014989252,2.762546899508597,0.0,0.0,0.024834043698825248,0.025894880022321765
153,5.825426971535411,64,768,24,7,1,2,5.825426971535411,256,0.15252622222222223,5.9779531937576325,5.9779531937576325,5.985219860424299,5.992966652131096,6.018696795360262,7.638881895630542,0.1932698238248518,1.8134549240951312,0.0,0.0,0.00774679170679704,0.025730143229166558
154,5.927429837331739,96,256,94,12,0,12,5.927429837331739,0,0.07987911111111111,6.007308948442851,6.007308948442851,6.0117311706650725,6.017432850150398,6.043769438692065,8.533216183483733,0.11633960136032595,2.6057863461519934,0.0,0.0,0.005701679485325961,0.02633658854166665
155,5.952911869544784,128,2176,10,11,0,,5.952911869544784,256,0.5478613333333333,6.5007732028781176,6.5007732028781176,6.515862091767007,6.526135667435815,6.551904612748315,9.846255882279557,0.5989927432035307,3.893344012734773,0.0,0.0,0.010273575668808377,0.025768945312499625
156,5.988063108808296,128,1152,81,2,0,,5.988063108808296,256,0.2603448888888889,6.248407997697185,6.248407997697185,6.257807997697185,6.26025030023682,6.28600303461182,9.582993236434737,0.297939925803524,3.5949301276264407,0.0,0.0,0.0024423025396353992,0.025752734374999697
157,6.038028373147293,160,1920,1,7,1,15,6.038028373147293,1152,0.22709333333333334,6.265121706480627,6.265121706480627,6.278788373147293,6.301388319981474,6.327106988601266,10.46633311400852,0.28907861545397306,4.428304740861227,0.0,0.0,0.022599946834181317,0.025718668619791885
158,6.07087175042942,96,1664,0,9,1,3,6.07087175042942,1152,0.15521422222222223,6.226085972651642,6.226085972651642,6.238330417096087,6.244719452049187,6.271018768455438,8.781814292543979,0.20014701802601742,2.7109425421145588,0.0,0.0,0.006389034953100392,0.026299316406250384
159,6.082391959249259,160,640,140,5,0,,6.082391959249259,256,0.11658666666666667,6.198978625915926,6.198978625915926,6.2055341814714815,6.226509774310571,6.252984383685571,10.396730084485426,0.17059242443631195,4.314338125236167,0.0,0.0,0.020975592839089785,0.02647460937499968
160,6.103954513238892,128,1152,105,1,0,,6.103954513238892,256,0.2603448888888889,6.364299402127781,6.364299402127781,6.373699402127781,6.390915875971256,6.416865931774828,9.708583302961578,0.3129114185359354,3.6046287897226863,0.0,0.0,0.017216473843475022,0.02595005580357146
161,6.114450649874204,160,4096,16,3,0,10,6.114450649874204,0,1.1580657777777779,7.272516427651982,7.272516427651982,7.298271983207537,7.303935606251648,7.330071999480815,11.461464432671548,1.2156213496066108,5.347013782797344,0.0,0.0,0.005663623044110722,0.02613639322916672
162,6.2191916105646525,160,4224,135,12,0,,6.2191916105646525,256,1.1228942222222222,7.342085832786875,7.342085832786875,7.368552499453542,7.38904605002019,7.41544204611394,11.529985152047725,1.1962504355492873,5.310793541483073,0.0,0.0,0.020493550566648366,0.026395996093749652
163,6.292699957801462,128,4096,154,9,0,3,6.292699957801462,0,1.1580657777777779,7.45076573557924,7.45076573557924,7.476521291134795,7.490000449770541,7.5165660015283535,10.906566286359084,1.2238660437268916,4.613866328557622,0.0,0.0,0.01347915863574567,0.0265655517578125
164,6.3063752339810435,96,2240,14,8,1,7,6.3063752339810435,256,0.5658311111111111,6.872206345092154,6.872206345092154,6.887650789536599,6.906666209191419,6.933097687056002,9.386595074751312,0.6267224530749589,3.080219840770269,0.0,0.0,0.019015419654820676,0.02643147786458311
165,6.309291701491604,160,1344,5,6,0,6,6.309291701491604,1152,0.06536533333333333,6.374657034824938,6.374657034824938,6.3851237014916045,6.4021776358550095,6.4289498526518845,10.588510434404125,0.11965815116028011,4.27921873291252,0.0,0.0,0.017053934363405077,0.026772216796874915
166,6.316098688513517,160,1664,0,10,1,9,6.316098688513517,256,0.40410311111111114,6.720201799624628,6.720201799624628,6.732446244069073,6.74991937463604,6.775663922162082,10.92835482385479,0.45956523364856494,4.612256135341273,0.0,0.0,0.017473130566966866,0.025744547526041828
167,6.3257760942102665,64,768,28,15,1,13,6.3257760942102665,256,0.15252622222222223,6.478302316432488,6.478302316432488,6.485568983099155,6.510900390475183,6.5368027342251835,8.178077514498623,0.211026640014917,1.8523014202883568,0.0,0.0,0.02533140737602846,0.025902343750000334
168,6.326552620198833,128,1664,0,5,1,10,6.326552620198833,256,0.40410311111111114,6.730655731309945,6.730655731309945,6.742900175754389,6.7560947352480705,6.78244473524807,10.085343626152092,0.4558921150492372,3.7587910059532588,0.0,0.0,0.01319455949368109,0.026349999999999874
169,6.340634198129061,160,640,48,4,0,,6.340634198129061,256,0.11658666666666667,6.457220864795728,6.457220864795728,6.463776420351284,6.484792043254579,6.51066438483444,10.620773690079982,0.17003018670537884,4.280139491950921,0.0,0.0,0.021015622903295395,0.025872341579860958
170,6.3479908763947845,128,2752,2,2,1,10,6.3479908763947845,256,0.7095893333333334,7.057580209728118,7.057580209728118,7.075869098617007,7.08457998773682,7.11044424554932,10.41364328526286,0.7624533691545352,4.065652408868076,0.0,0.0,0.008710889119813103,0.02586425781249968
171,6.423573211926654,96,4224,99,7,0,,6.423573211926654,256,1.1228942222222222,7.546467434148877,7.546467434148877,7.5729341008155435,7.587175461168735,7.6130284342590135,10.099097664789772,1.1894552223323593,3.675524452863118,0.0,0.0,0.0142413603531919,0.02585297309027812
172,6.426537768204953,160,2816,2,1,1,2,6.426537768204953,256,0.7275591111111112,7.1540968793160635,7.1540968793160635,7.1727413237605075,7.196995884341793,7.2230641042078645,11.344213083080001,0.7965263360029118,4.917675314875049,0.0,0.0,0.02425456058128539,0.02606821986607155
173,6.431625527141392,160,1664,0,0,1,5,6.467549128722246,640,0.29743644444444445,6.76498557316669,6.76498557316669,6.777230017611135,6.800290179312008,6.826363909780758,10.98519953512953,0.3947383826393658,4.5535740079881375,0.03592360158085395,0.0,0.023060161700873216,0.026073730468749723
174,6.477873978111318,64,640,56,11,0,,6.5007732028781176,256,0.11658666666666667,6.617359869544784,6.617359869544784,6.62391542510034,6.629214378373314,6.654908877071231,8.283560927852477,0.17703489895991265,1.8056869497411592,0.02289922476679962,0.0,0.005298953272974138,0.0256944986979164
175,6.546675891214979,64,4352,35,6,0,6,6.546675891214979,4160,0.07438933333333334,6.621065224548312,6.621065224548312,6.64824300232609,6.669371971792511,6.696132958120637,8.355213947703968,0.14945706690565785,1.808538056488989,0.0,0.0,0.021128969466420955,0.02676098632812529
176,6.556880535511614,128,1664,0,4,1,0,6.556880535511614,704,0.27965866666666667,6.8365392021782805,6.8365392021782805,6.848783646622725,6.873052855196544,6.898920958223888,10.182481767646946,0.342040422712274,3.625601232135332,0.0,0.0,0.02426920857381898,0.02586810302734399
177,6.597231223833054,128,2304,30,15,1,7,6.597231223833054,256,0.5838008888888889,7.181032112721943,7.181032112721943,7.196832112721943,7.211312499850182,7.237432494967369,10.562679597831957,0.6402012711343152,3.9654483739989033,0.0,0.0,0.014480387128239514,0.026119995117187322
178,6.657852456664545,96,2304,94,14,1,12,6.657852456664545,256,0.5838008888888889,7.241653345553434,7.241653345553434,7.257453345553434,7.283194504237104,7.309522873377729,9.781541330408977,0.6516704167131833,3.123688873744432,0.0,0.0,0.025741158683669774,0.026328369140625085
179,6.70019792520132,64,1152,37,13,0,,6.70019792520132,256,0.2603448888888889,6.960542814090209,6.960542814090209,6.969942814090209,6.992841250003078,7.018785390628078,8.664372670901518,0.31858746542675753,1.9641747457001975,0.0,0.0,0.022898435912868997,0.025944140624999612
180,6.845306931786531,64,1984,1,11,1,7,6.845306931786531,256,0.493952,7.3392589317865315,7.3392589317865315,7.353281154008754,7.376559430456647,7.402501032019146,9.039081728633727,0.5571941002326151,2.1937747968471957,0.0,0.0,0.023278276447892488,0.025941601562499805
181,6.864412023456506,128,704,12,6,1,11,6.864412023456506,256,0.13455644444444445,6.9989684679009505,6.9989684679009505,7.005879579012062,7.0159902172352195,7.042303205516469,10.357138950029123,0.17789118205996335,3.492726926572617,0.0,0.0,0.010110638223157942,0.026312988281249616
182,6.865603858357672,128,1408,5,5,1,6,6.865603858357672,256,0.332224,7.197827858357672,7.197827858357672,7.208650080579894,7.23046944227932,7.256716349831404,10.55258330714168,0.3911124914737316,3.6869794487840073,0.0,0.0,0.021819361699425777,0.026246907552083698
183,6.879779708655417,96,2240,98,10,1,0,6.879779708655417,256,0.5658311111111111,7.445610819766528,7.445610819766528,7.461055264210972,7.472709747357394,7.498532501263644,9.976521693971977,0.6187527926082268,3.0967419853165596,0.0,0.0,0.01165448314642159,0.025822753906250107
184,6.903505380168837,64,1664,0,0,1,4,6.903505380168837,1536,0.04854755555555555,6.952052935724392,6.952052935724392,6.964297380168837,6.982642230093258,7.00860963731982,8.648566668569817,0.10510425715098304,1.7450612884009802,0.0,0.0,0.018344849924420537,0.025967407226562322
185,6.904896122243342,96,2304,34,4,1,8,6.904896122243342,256,0.5838008888888889,7.48869701113223,7.48869701113223,7.50449701113223,7.520174219245093,7.546098352545874,10.00196473883835,0.6412022303025324,3.097068616595008,0.0,0.0,0.015677208112863106,0.025924133300780916
186,6.920326343294901,160,640,124,8,0,,6.920326343294901,256,0.11658666666666667,7.036913009961568,7.036913009961568,7.043468565517124,7.064602081587252,7.0904424136185025,11.204620986209644,0.17011607032360132,4.284294642914743,0.0,0.0,0.0211335160701287,0.025840332031250135
187,7.006762807032129,96,1664,0,13,1,0,7.006762807032129,256,0.40410311111111114,7.410865918143241,7.410865918143241,7.4231103625876855,7.433344838870265,7.459353627932765,9.970968911135897,0.4525908209006353,2.9642061041037673,0.0,0.0,0.01023447628257923,0.026008789062499815
188,7.0482712893222015,96,4096,9,0,0,2,7.0482712893222015,0,1.1580657777777779,8.20633706709998,8.20633706709998,8.232092622655536,8.255619402944818,8.281812469351069,10.777939769504526,1.2335411800288671,3.7296684801823243,0.0,0.0,0.023526780289282456,0.02619306640625041
189,7.067013613512527,96,1664,0,6,1,13,7.067013613512527,256,0.40410311111111114,7.471116724623639,7.471116724623639,7.4833611690680835,7.48969871332897,7.5159186352039695,9.99507807763329,0.4489050216914423,2.9280644641207623,0.0,0.0,0.006337544260886396,0.026219921874999663
190,7.155632577267545,128,2240,42,8,1,11,7.155632577267545,256,0.5658311111111111,7.721463688378655,7.721463688378655,7.7369081328231,7.762462433149753,7.788376007368503,11.074279677615893,0.632743430100958,3.9186471003483483,0.0,0.0,0.025554300326652957,0.025913574218749957
191,7.157499723661802,64,4352,15,2,1,14,7.157499723661802,256,1.1588337777777777,8.31633350143958,8.31633350143958,8.343511279217358,8.351790111434735,8.3781550202889,10.026349584090987,1.2206552966270987,2.8688498604291848,0.0,0.0,0.008278832217376575,0.026364908854166202
192,7.172336742627655,160,2048,1,1,1,11,7.172336742627655,256,0.5119217777777778,7.684258520405432,7.684258520405432,7.69863629818321,7.716671462141273,7.74260395725846,11.861870858958904,0.570267214630805,4.689534116331249,0.0,0.0,0.018035163958062483,0.025932495117187315
193,7.19032852554654,128,4672,3,15,1,13,7.19032852554654,256,1.2486826666666666,8.439011192213206,8.439011192213206,8.467966747768761,8.468306355644456,8.494917195488206,11.814877281983733,1.3045886699416664,4.624548756437194,0.0,0.0,0.0003396078756949805,0.0266108398437499
194,7.260408313497547,64,768,76,5,1,13,7.260408313497547,256,0.15252622222222223,7.412934535719769,7.412934535719769,7.420201202386435,7.440458374570986,7.466584072115629,9.097688938652087,0.20617575861808213,1.8372806251545404,0.0,0.0,0.02025717218455103,0.02612569754464289
195,7.266711231379756,160,704,140,14,1,5,7.266711231379756,256,0.13455644444444445,7.401267675824201,7.401267675824201,7.408178786935312,7.414841232752729,7.440974631190229,11.58009504134648,0.17426339981047256,4.313383809966724,0.0,0.0,0.006662445817417151,0.026133398437499622
196,7.397192473650848,64,1664,0,3,1,6,7.397192473650848,1536,0.04854755555555555,7.445740029206403,7.445740029206403,7.457984473650848,7.461483783334982,7.487759759897482,9.128989203256857,0.09056728624663446,1.7317967296060095,0.0,0.0,0.003499309684134033,0.026275976562500247
197,7.415068274401758,64,832,8,11,1,5,7.415068274401758,576,0.0816071111111111,7.496675385512869,7.496675385512869,7.504297607735092,7.506272321081647,7.532126731888939,9.169084658321225,0.11705845748718069,1.754016383919467,0.0,0.0,0.001974713346554857,0.025854410807292005
198,7.442834575595771,160,256,3,12,0,15,7.442834575595771,0,0.07987911111111111,7.522713686706883,7.522713686706883,7.527135908929105,7.547243803926439,7.573239507051439,11.683942950596832,0.13040493145566767,4.24110837500106,0.0,0.0,0.02010789499733434,0.02599570312499999
199,7.485094450664161,160,4416,23,13,1,11,7.485094450664161,256,1.1768035555555554,8.661898006219717,8.661898006219717,8.68943133955305,8.690934438479642,8.717694692385892,12.91926802409163,1.2326002417217312,5.434173573427469,0.0,0.0,0.0015030989265927275,0.026760253906250142
200,7.507528274033074,64,4416,15,6,1,2,7.507528274033074,256,1.1768035555555554,8.68433182958863,8.68433182958863,8.711865162921962,8.719342121532096,8.745583625438346,10.383095883622874,1.2380553514052721,2.8755676095897993,0.0,0.0,0.007476958610133977,0.026241503906250685
201,7.586833703945791,128,1664,0,10,1,3,7.586833703945791,1536,0.04854755555555555,7.635381259501346,7.635381259501346,7.647625703945791,7.653479278607394,7.679303171836561,11.008799159792291,0.09246946789077004,3.4219654558465002,0.0,0.0,0.005853574661602856,0.025823893229167005
202,7.653968239548336,160,2112,1,3,1,1,7.653968239548336,1664,0.13878044444444446,7.79274868399278,7.79274868399278,7.807482017326113,7.829391888803732,7.855632774220399,11.977655296386825,0.20166453467206313,4.323687056838489,0.0,0.0,0.021909871477618914,0.026240885416666693
203,7.662441755362113,160,4096,114,5,0,,7.662441755362113,0,1.1580657777777779,8.82050753313989,8.82050753313989,8.846263088695446,8.86416061833959,8.890106256360422,13.04368958155574,1.2276645009983094,5.3812478261936265,0.0,0.0,0.017897529644143262,0.025945638020832718
204,7.70640998095247,128,4096,16,9,0,10,7.70640998095247,0,1.1580657777777779,8.864475758730247,8.864475758730247,8.890231314285803,8.916117026918979,8.943130210512729,12.342355633689813,1.2367202295602588,4.635945652737343,0.0,0.0,0.025885712633176183,0.027013183593750156
205,7.734222849159794,96,1664,0,14,1,10,7.734222849159794,1536,0.04854755555555555,7.782770404715349,7.782770404715349,7.795014849159794,7.8072421116589785,7.833372971033978,10.301214792323043,0.09915012187418437,2.5669919431632486,0.0,0.0,0.012227262499184377,0.026130859374999815
206,7.742371842827705,160,1088,4,11,1,10,7.742371842827705,640,0.13570844444444444,7.878080287272149,7.878080287272149,7.887124731716593,7.894690078243105,7.9206113835816465,12.04884597017018,0.17823954075394166,4.306474127342476,0.0,0.0,0.0075653465265119735,0.025921305338541423
207,7.7605296269134785,128,2880,2,7,1,1,7.7605296269134785,256,0.7455288888888889,8.506058515802367,8.506058515802367,8.525058515802368,8.549392647118642,8.575581042300934,11.915228418370502,0.8150514153874555,4.154698791457023,0.0,0.0,0.02433413131627482,0.026188395182291657
208,7.7921437059910135,64,1344,13,1,0,1,7.7921437059910135,1152,0.06536533333333333,7.857509039324347,7.857509039324347,7.867975705991014,7.872273757063148,7.898153346906898,9.527448049055332,0.10600964091588416,1.7353043430643185,0.0,0.0,0.0042980510721344345,0.025879589843749606
209,7.824697854806846,96,1152,49,10,0,,7.824697854806846,256,0.2603448888888889,8.085042743695736,8.085042743695736,8.094442743695735,8.118844512982392,8.144657745404267,10.635969936159473,0.3199598905974206,2.8112720813526266,0.0,0.0,0.024401769286656716,0.025813232421874943
210,7.855925330341354,160,640,116,12,0,,7.855925330341354,256,0.11658666666666667,7.972511997008021,7.972511997008021,7.979067552563577,7.989237163301439,8.015125916556647,12.122121324387754,0.15920058621529254,4.2661959940464,0.0,0.0,0.010169610737862378,0.025888753255207675
211,7.917006333001004,96,512,34,8,0,4,7.917006333001004,0,0.15175822222222224,8.068764555223227,8.068764555223227,8.07460899966767,8.099376983931,8.125162921431,10.579003115115894,0.20815658842999607,2.6619967821148895,0.0,0.0,0.024767984263329268,0.025785937500000244
212,7.9519500035168065,160,512,43,4,0,3,7.9519500035168065,0,0.15175822222222224,8.103708225739028,8.103708225739028,8.109552670183472,8.115938457875112,8.141761272816519,12.261810571590402,0.18981126929971204,4.309860568073596,0.0,0.0,0.006385787691639777,0.02582281494140659
213,7.971020368054344,128,4288,7,14,1,8,7.971020368054344,256,1.140864,9.111884368054344,9.111884368054344,9.138706590276566,9.154648117518352,9.18076518294804,12.508271310877737,1.2097448148936962,4.537250942823393,0.0,0.0,0.01594152724178599,0.026117065429687614
214,7.983161035508409,64,768,12,3,1,6,7.983161035508409,256,0.15252622222222223,8.13568725773063,8.13568725773063,8.142953924397297,8.143610573699569,8.169565326303735,9.80207019981564,0.18640429079532606,1.8189091643072315,0.0,0.0,0.0006566493022717168,0.02595475260416613
215,8.024826647385389,64,1472,9,12,1,2,8.024826647385389,256,0.35019377777777777,8.375020425163166,8.375020425163166,8.386198202940944,8.403585649629564,8.429510779837898,10.059595090896302,0.404684132452509,2.034768443510913,0.0,0.0,0.01738744668861969,0.02592513020833387
216,8.030555490828498,160,1152,4,1,1,11,8.030555490828498,256,0.2603448888888889,8.290900379717387,8.290900379717387,8.300300379717386,8.312501174055331,8.33834775608658,12.456451181224526,0.3077922652580831,4.425895690396029,0.0,0.0,0.012200794337944743,0.025846582031249454
217,8.170023589501875,160,4416,11,11,1,6,8.170023589501875,256,1.1768035555555554,9.34682714505743,9.34682714505743,9.374360478390763,9.375768252071225,9.402045433060808,13.56194819184987,1.2320218435589325,5.391924602347995,0.0,0.0,0.0014077736804622987,0.02627718098958276
218,8.175456950237992,128,4800,3,8,1,15,8.175456950237992,256,1.284622222222222,9.460079172460214,9.460079172460214,9.489745839126881,9.514525576053398,9.540552187381524,12.852711243836128,1.3650952371435316,4.677254293598136,0.0,0.0,0.024779736926516804,0.02602661132812578
219,8.182566074414918,160,4864,3,10,1,8,8.182566074414918,4160,0.21814755555555557,8.400713629970474,8.400713629970474,8.430735852192695,8.455920050091766,8.482100632774058,12.684198752891254,0.2995345583591398,4.501632678476335,0.0,0.0,0.02518419789907078,0.026180582682291842
220,8.344273715418861,160,960,16,3,1,10,8.344273715418861,256,0.20643555555555557,8.550709270974417,8.550709270974417,8.55904260430775,8.559778347137067,8.585728933074567,12.702387935275711,0.2414552176557052,4.35811421985685,0.0,0.0,0.0007357428293168766,0.025950585937499326
221,8.39623114988778,128,2944,2,4,1,7,8.39623114988778,2432,0.15905422222222224,8.555285372110003,8.555285372110003,8.574640927665559,8.580207021281922,8.60606529764911,11.89654250518415,0.20983414776132925,3.50031135529637,0.0,0.0,0.005566093616362622,0.025858276367188182
222,8.411009949696588,160,2304,14,0,1,8,8.411009949696588,256,0.5838008888888889,8.994810838585478,8.994810838585478,9.010610838585478,9.020292742788572,9.046623797476071,13.19624976299411,0.6356138477794833,4.7852398132975225,0.0,0.0,0.009681904203093339,0.026331054687499744
223,8.41137170119837,160,1472,5,1,1,5,8.41137170119837,1088,0.11908266666666667,8.530454367865037,8.530454367865037,8.541632145642815,8.54513799046158,8.570966929263664,12.687977267069018,0.15959522806529414,4.276605565870648,0.0,0.0,0.003505844818764814,0.025828938802083812
224,8.416452016906849,160,1280,29,2,1,7,8.416452016906849,256,0.29628444444444446,8.712736461351293,8.712736461351293,8.722847572462404,8.747315013778486,8.773500438583174,12.90607499099202,0.3570484216763248,4.4896229740851705,0.0,0.0,0.024467441316081917,0.02618542480468733
225,8.418570879641257,128,896,8,12,1,11,8.418570879641257,256,0.1884657777777778,8.607036657419034,8.607036657419034,8.615014435196812,8.63753395692123,8.663507426973313,11.941436672695048,0.24493654733205616,3.522865793053791,0.0,0.0,0.022519521724417402,0.02597347005208306
226,8.453703769355213,64,4352,7,10,1,14,8.453703769355213,256,1.1588337777777777,9.612537547132991,9.612537547132991,9.63971532491077,9.66055782678448,9.68688546350323,11.359760911094375,1.2331816941480174,2.9060571417391614,0.0,0.0,0.020842501873710617,0.026327636718750824
227,8.488345266363448,96,1216,33,15,1,3,8.488345266363448,256,0.27831466666666665,8.766659933030114,8.766659933030114,8.77641548858567,8.787668660331958,8.814080769706958,11.290908043702487,0.32573550334351076,2.8025627773390394,0.0,0.0,0.01125317174628826,0.02641210937500027
228,8.509337030440102,96,2240,54,7,1,1,8.509337030440102,256,0.5658311111111111,9.075168141551213,9.075168141551213,9.090612585995657,9.09950168032177,9.12575138735302,11.623356022537166,0.6164143569129177,3.114018992097064,0.0,0.0,0.008889094326113067,0.026249707031249514
229,8.5470291889238,128,2368,30,1,1,15,8.5470291889238,256,0.6017706666666667,9.148799855590466,9.148799855590466,9.164955411146021,9.165167287336583,9.191053029524083,12.482339295063813,0.6440238406002834,3.9353101061400135,0.0,0.0,0.00021187619056206586,0.025885742187499616
230,8.559966326539719,64,640,148,3,0,,8.559966326539719,256,0.11658666666666667,8.676552993206386,8.676552993206386,8.683108548761941,8.689536159637065,8.715382432423523,10.346280393268023,0.15541610588380372,1.7863140667283037,0.0,0.0,0.006427610875123335,0.025846272786457902
231,8.588866671799687,96,2048,5,4,0,1,8.588866671799687,0,0.5830328888888889,9.171899560688576,9.171899560688576,9.186277338466354,9.200940419719421,9.226824859823587,11.687310734350817,0.6379581880238998,3.0984440625511294,0.0,0.0,0.014663081253067034,0.025884440104166018
232,8.623552581356602,96,1664,0,12,1,14,8.623552581356602,256,0.40410311111111114,9.027655692467713,9.027655692467713,9.039900136912157,9.053168071504563,9.079125242263492,11.529985152047725,0.4555726609068902,2.9064325706911234,0.0,0.0,0.01326793459240605,0.025957170758928783
233,8.70129615373619,64,2304,6,13,1,4,8.70129615373619,256,0.5838008888888889,9.285097042625079,9.285097042625079,9.30089704262508,9.306543813479644,9.333153676760894,10.995166054690586,0.6318575230247045,2.2938699009543964,0.0,0.0,0.005646770854564664,0.0266098632812497
234,8.708611725612016,128,640,100,6,0,,8.708611725612016,256,0.11658666666666667,8.825198392278683,8.825198392278683,8.831753947834239,8.850554523875847,8.87664322830293,12.159448617997874,0.16803150269091383,3.4508368923858583,0.0,0.0,0.018800576041607897,0.026088704427083442
235,8.75049586271477,64,1600,5,2,1,1,8.75049586271477,256,0.3861333333333334,9.136629196048103,9.136629196048103,9.148518084936992,9.166340404403487,9.192451244247236,10.826851293075359,0.44195538153246616,2.0763554303605893,0.0,0.0,0.017822319466494818,0.02611083984374929
236,8.75771591995129,128,2368,14,3,1,0,8.75771591995129,256,0.6017706666666667,9.359486586617956,9.359486586617956,9.375642142173511,9.387578558725608,9.413489284637066,12.702387935275711,0.6557733646857766,3.9446720153244215,0.0,0.0,0.011936416552096318,0.0259107259114586
237,8.88609780609003,128,1216,49,15,1,10,8.88609780609003,256,0.27831466666666665,9.164412472756696,9.164412472756696,9.174168028312252,9.183901570488208,9.210183390149666,12.517998864014984,0.3240855840596364,3.6319010579249547,0.0,0.0,0.009733542175956345,0.026281819661457817
238,8.898465625387201,64,1216,81,5,1,2,8.898465625387201,256,0.27831466666666665,9.176780292053868,9.176780292053868,9.186535847609424,9.201927024589587,9.227909934745837,10.865024225110426,0.3294443093586352,1.9665585997232249,0.0,0.0,0.015391176980163124,0.025982910156249872
239,8.92346091833387,160,2176,38,6,0,,8.92346091833387,256,0.5478613333333333,9.471322251667203,9.471322251667203,9.486411140556092,9.502918618927932,9.529014043035074,13.650085336747878,0.6055531247012045,4.7266244184140085,0.0,0.0,0.016507478371840634,0.02609542410714205
240,8.99679985946532,160,4224,119,9,0,,8.99679985946532,256,1.1228942222222222,10.119694081687541,10.119694081687541,10.146160748354207,10.159228843325232,10.186273439679399,14.426665456280958,1.189473580214079,5.429865596815638,0.0,0.0,0.013068094971025346,0.027044596354166117
241,9.044937709853077,96,2240,74,0,1,4,9.044937709853077,256,0.5658311111111111,9.610768820964187,9.610768820964187,9.626213265408632,9.652372820913572,9.678653338491696,12.152051667290987,0.633715628638619,3.1071139574379103,0.0,0.0,0.026159555504939647,0.02628051757812422
242,9.07870100077445,128,512,0,12,0,12,9.07870100077445,0,0.15175822222222224,9.230459222996672,9.230459222996672,9.236303667441115,9.260839109450995,9.286711301833808,12.562466148606504,0.20801030105935858,3.483765147832054,0.0,0.0,0.02453544200987956,0.025872192382813353
243,9.084020872812197,64,3008,2,7,1,4,9.084020872812197,2752,0.08813511111111111,9.172155983923307,9.172155983923307,9.191867095034418,9.20450343813427,9.230791279931145,10.887024520258521,0.1467704071189484,1.8030036474463245,0.0,0.0,0.012636343099851288,0.02628784179687571
244,9.112386175881372,64,2048,2,14,0,7,9.112386175881372,0,0.5830328888888889,9.695419064770261,9.695419064770261,9.70979684254804,9.729336349940228,9.755438596033978,11.397195261073044,0.6430524201526051,2.2848090851916716,0.0,0.0,0.019539507392188682,0.02610224609374967
245,9.13519393681657,96,832,12,2,1,3,9.136629196048103,256,0.170496,9.307125196048103,9.307125196048103,9.314747418270326,9.323012767684734,9.349008617294109,11.811839492945147,0.2138146804775385,2.6766455561285767,0.0014352592315329815,0.0,0.008265349414408263,0.025995849609374844
246,9.143339447888627,64,1152,61,1,0,,9.148799855590466,256,0.2603448888888889,9.409144744479356,9.409144744479356,9.418544744479355,9.424046681867834,9.449896291242833,11.083973214915943,0.3065568433542065,1.9406337670273164,0.005460407701839642,0.0,0.005501937388478595,0.02584960937499936
247,9.145796538926282,64,1664,0,15,1,12,9.164412472756696,1536,0.04854755555555555,9.212960028312253,9.212960028312253,9.225204472756698,9.236465698092374,9.262681309141481,10.900112540540288,0.11688477021519894,1.754316001614006,0.018615933830414377,0.0,0.011261225335676528,0.02621561104910697
248,9.248360178288902,64,1664,0,4,1,15,9.248360178288902,1536,0.04854755555555555,9.296907733844458,9.296907733844458,9.309152178288903,9.33014590474546,9.355975277575322,10.982749113257068,0.10761509928641999,1.734388934968166,0.0,0.0,0.020993726456557837,0.025829372829861086
249,9.261359296374039,160,960,8,15,1,12,9.261359296374039,256,0.20643555555555557,9.467794851929595,9.467794851929595,9.476128185262928,9.497372259662317,9.523365667865441,13.658346859736707,0.2620063714914025,4.396987563362668,0.0,0.0,0.021244074399389135,0.025993408203124346
250,9.271076887288048,160,2240,158,7,1,5,9.271076887288048,256,0.5658311111111111,9.836907998399159,9.836907998399159,9.852352442843603,9.861845967431142,9.888116544998107,14.06025862670383,0.617039657710059,4.789181739415781,0.0,0.0,0.009493524587538715,0.02627057756696516
251,9.308687652715541,96,2368,6,5,1,13,9.308687652715541,256,0.6017706666666667,9.910458319382208,9.910458319382208,9.926613874937763,9.92956042302709,9.955523069511464,12.439153155774491,0.6468354167959234,3.13046550305895,0.0,0.0,0.002946548089326484,0.025962646484375185
252,9.351745060518326,64,1664,0,12,1,4,9.351745060518326,1536,0.04854755555555555,9.400292616073882,9.400292616073882,9.412537060518327,9.416079587966617,9.441947752029117,11.064524621448761,0.09020269151079141,1.7127795609304357,0.0,0.0,0.0035425274482907554,0.025868164062499588
253,9.380390096544236,160,1664,5,13,1,2,9.380390096544236,256,0.40410311111111114,9.784493207655347,9.784493207655347,9.796737652099791,9.812214711917143,9.838672524417143,14.012068268232255,0.4582824278729074,4.631678171688019,0.0,0.0,0.015477059817351702,0.026457812500000344
254,9.398741187474482,160,1664,0,4,1,12,9.398741187474482,1536,0.04854755555555555,9.447288743030038,9.447288743030038,9.459533187474483,9.485184614597893,9.511063737861782,13.664069800106029,0.11232255038730088,4.2653286126315475,0.0,0.0,0.025651427123410286,0.025879123263889525
255,9.403452563238405,64,4224,27,2,0,,9.403452563238405,256,1.1228942222222222,10.526346785460627,10.526346785460627,10.552813452127292,10.567426000106611,10.59341574620036,12.230549649195147,1.1899631829619555,2.8270970859567424,0.0,0.0,0.014612547979318435,0.02598974609374949
256,9.4089463183684,128,704,44,11,1,7,9.4089463183684,256,0.13455644444444445,9.543502762812844,9.543502762812844,9.550413873923956,9.559718772904557,9.585765159623307,12.891304515092058,0.17681884125490654,3.4823581967236574,0.0,0.0,0.009304898980600385,0.02604638671875037
257,9.419938247393768,160,1216,37,3,1,13,9.419938247393768,256,0.27831466666666665,9.698252914060435,9.698252914060435,9.70800846961599,9.724456081512066,9.750326965998674,13.865675238413111,0.3303887186049064,4.445736991019343,0.0,0.0,0.016447611896076353,0.025870884486607792
258,9.45405156028473,96,2176,106,1,0,,9.45405156028473,256,0.5478613333333333,10.001912893618064,10.001912893618064,10.017001782506952,10.019663381086577,10.045609321376755,12.508172872537772,0.5915577610920248,3.0541213122530415,0.0,0.0,0.00266159857962478,0.02594594029017827
259,9.497911220831778,96,1152,93,8,0,,9.497911220831778,256,0.2603448888888889,9.758256109720667,9.758256109720667,9.767656109720667,9.774813661990896,9.800751357303396,12.277022755647886,0.3028401364716178,2.779111534816108,0.0,0.0,0.007157552270228962,0.025937695312499898
260,9.605915120253263,128,4096,7,12,0,10,9.605915120253263,0,1.1580657777777779,10.76398089803104,10.76398089803104,10.789736453586595,10.805600671253446,10.831490869007352,14.148128860195044,1.225575748754089,4.542213739941781,0.0,0.0,0.015864217666850422,0.025890197753906108
261,9.630967347060622,128,1280,21,4,0,4,9.630967347060622,1088,0.06517333333333333,9.696140680393956,9.696140680393956,9.706251791505068,9.717872670695986,9.743696780939041,13.053098608699779,0.11272943387841927,3.422131261639157,0.0,0.0,0.011620879190918032,0.025824110243055642
262,9.656773500752863,128,896,12,6,1,2,9.656773500752863,576,0.09957688888888888,9.756350389641751,9.756350389641751,9.76432816741953,9.788227910222576,9.81408247216454,13.097612485185374,0.15730897141167688,3.440838984432512,0.0,0.0,0.023899742803045854,0.025854561941963894
263,9.692693397034592,160,1664,0,15,1,4,9.692693397034592,1536,0.04854755555555555,9.741240952590148,9.741240952590148,9.753485397034593,9.757328314349815,9.78330006379178,13.916718302259028,0.09060666675718743,4.224024905224436,0.0,0.0,0.0038429173152216833,0.025971749441964675
264,9.69708102400124,64,1408,13,11,1,1,9.69708102400124,256,0.332224,10.029305024001241,10.029305024001241,10.040127246223463,10.05448830415456,10.08043361665456,11.711505882279559,0.3833525926533188,2.0144248582783177,0.0,0.0,0.01436105793109732,0.025945312499999318
265,9.743735239443643,128,1216,4,0,1,1,9.743735239443643,256,0.27831466666666665,10.02204990611031,10.02204990611031,10.031805461665865,10.046631854116695,10.072780877554194,13.378840607720674,0.32904563811055176,3.6351053682770313,0.0,0.0,0.014826392450830284,0.026149023437499253
266,9.776064643154708,160,1024,8,3,1,15,9.776064643154708,256,0.22440533333333335,10.000469976488041,10.000469976488041,10.00915886537693,10.00968413210731,10.035573222509095,14.151022601694363,0.259508579354387,4.374957958539655,0.0,0.0,0.0005252667303796699,0.025889090401784998
267,9.827618296008726,96,768,140,14,0,14,9.827618296008726,576,0.06363733333333334,9.89125562934206,9.89125562934206,9.898522296008727,9.911976511073041,9.93792231185429,12.428049142908987,0.11030401584556415,2.6004308469002613,0.0,0.0,0.013454215064314212,0.025945800781249417
268,9.836789481003533,64,4096,0,4,0,15,9.836789481003533,0,1.1580657777777779,10.99485525878131,10.99485525878131,11.020610814336866,11.034473820288317,11.0605263919029,12.71071237823103,1.2237369108993672,2.873922897227496,0.0,0.0,0.013863005951451512,0.026052571614583186
269,9.908589079149047,128,4288,99,10,1,7,9.908589079149047,256,1.140864,11.049453079149048,11.049453079149048,11.07627530137127,11.090659023073542,11.117882004844375,14.446828972850325,1.209292925695328,4.538239893701277,0.0,0.0,0.014383721702271757,0.0272229817708336
270,9.928669906386272,64,4480,15,15,1,6,9.928669906386272,256,1.1947733333333332,11.123443239719606,11.123443239719606,11.151332128608495,11.159964591321534,11.186152416842368,12.83161791163403,1.2574825104560965,2.902948005247758,0.0,0.0,0.008632462713039857,0.026187825520834096
271,9.939174174848272,128,2176,1,6,1,3,9.939174174848272,256,0.5478613333333333,10.487035508181606,10.487035508181606,10.502124397070494,10.511350278154122,10.537084653154123,13.835324716630687,0.5979104783058506,3.896150541782415,0.0,0.0,0.009225881083628096,0.025734375000000753
272,9.971398476215004,128,1728,5,8,1,13,9.971398476215004,256,0.42207288888888894,10.393471365103894,10.393471365103894,10.406071365103895,10.423402529178396,10.449334739464854,13.758646999974523,0.47793626324985006,3.7872485237595193,0.0,0.0,0.01733116407450197,0.025932210286457646
273,9.979013400365119,64,1280,4,13,1,0,9.979013400365119,256,0.29628444444444446,10.275297844809563,10.275297844809563,10.285408955920675,10.287764077151522,10.313957802737459,11.96834208008121,0.33494440237234,1.9893286797160918,0.0,0.0,0.002355121230847246,0.026193725585937244
274,10.05563751977214,96,3136,2,14,1,7,10.05563751977214,2304,0.2485191111111111,10.304156630883252,10.304156630883252,10.324578853105475,10.327191354823043,10.353279245448043,12.852963449549616,0.2976417256759021,2.7973259297774753,0.0,0.0,0.0026125017175679943,0.026087890624999943
275,10.168008870728755,64,640,80,5,0,,10.168008870728755,256,0.11658666666666667,10.284595537395422,10.284595537395422,10.291151092950978,10.293226829277092,10.3191019106573,11.96459563624324,0.15109303992854528,1.7965867655144852,0.0,0.0,0.0020757363261143524,0.025875081380208442
276,10.176529400101234,128,4096,5,7,0,8,10.176529400101234,0,1.1580657777777779,11.334595177879013,11.334595177879013,11.360350733434569,11.385474552810605,11.411903874099668,14.734364304717225,1.2353744739984336,4.557834904615991,0.0,0.0,0.02512381937603614,0.026429321289063168
277,10.201996422492803,128,1344,29,3,1,2,10.201996422492803,256,0.3142542222222222,10.516250644715026,10.516250644715026,10.526717311381692,10.528202349648232,10.554145360250912,13.839822048308944,0.35214893775810907,3.6378256258161414,0.0,0.0,0.0014850382665407835,0.02594301060267945
278,10.230905072231902,64,2432,14,1,1,3,10.230905072231902,256,0.6197404444444444,10.850645516676346,10.850645516676346,10.867156627787457,10.87613722316247,10.90212745753747,12.533951876444021,0.6712223853055672,2.3030468042121193,0.0,0.0,0.008980595375012612,0.025990234374999588
279,10.248326476633437,64,1664,0,0,1,15,10.248326476633437,1536,0.04854755555555555,10.296874032188994,10.296874032188994,10.309118476633438,10.334297967397942,10.360395379507317,11.996162181613904,0.1120689028738795,1.7478357049804671,0.0,0.0,0.02517949076450421,0.02609741210937422
280,10.254990503977826,64,256,46,9,0,,10.254990503977826,0,0.07987911111111111,10.334869615088937,10.334869615088937,10.33929183731116,10.348551271710647,10.375118532452834,12.044739748273146,0.12012802847500836,1.7897492442953205,0.0,0.0,0.009259434399487176,0.02656726074218696
281,10.31424341658424,64,1344,4,11,1,13,10.31424341658424,960,0.11869866666666666,10.432942083250907,10.432942083250907,10.443408749917573,10.44371926118581,10.469612620560811,12.101244700638931,0.15536920397657106,1.787001284054691,0.0,0.0,0.00031051126823733455,0.025893359375000813
282,10.360431607505717,128,4096,0,13,0,0,10.360431607505717,0,1.1580657777777779,11.518497385283496,11.518497385283496,11.544252940839051,11.545968300784333,11.572393837893708,14.900259064130694,1.2119622303879911,4.539827456624977,0.0,0.0,0.0017153599452814916,0.02642553710937534
283,10.365967092507537,128,2432,34,5,1,4,10.365967092507537,256,0.6197404444444444,10.985707536951981,10.985707536951981,11.002218648063092,11.022100885266678,11.04828362452449,14.36393093897761,0.6823165320169533,3.997963846470073,0.0,0.0,0.019882237203585618,0.02618273925781267
284,10.368523268594764,160,2176,1,0,1,6,10.368523268594764,1344,0.2456391111111111,10.614162379705874,10.614162379705874,10.629251268594762,10.64749913927294,10.673596586259547,14.831926016249321,0.3050733176647835,4.463402747654557,0.0,0.0,0.018247870678177236,0.026097446986607764
285,10.455077866794333,64,4928,3,14,1,10,10.455077866794333,256,1.3205617777777776,11.775639644572111,11.775639644572111,11.806017422349889,11.817412912440233,11.844042795252733,13.511472360682427,1.3889649284583996,3.056394493888094,0.0,0.0,0.011395490090343685,0.026629882812500227
286,10.475219578176967,128,2432,6,8,1,5,10.475219578176967,256,0.6197404444444444,11.094960022621411,11.094960022621411,11.111471133732522,11.126382216678394,11.152461318240894,14.456264899551345,0.677241740063927,3.9810453213743777,0.0,0.0,0.014911082945872067,0.02607910156249993
287,10.477597293548373,160,960,12,6,0,6,10.487035508181606,768,0.06421333333333333,10.551248841514939,10.551248841514939,10.559582174848272,10.562819516435374,10.588510434404125,14.733621917151524,0.11091314085575199,4.256024623603151,0.009438214633233244,0.0,0.003237341587102094,0.02569091796875078
288,10.50512837493238,64,4096,2,9,0,14,10.50512837493238,0,1.1580657777777779,11.663194152710158,11.663194152710158,11.688949708265714,11.699254274640332,11.725827150616894,13.417216546775753,1.2206987756845145,2.912088171843374,0.0,0.0,0.010304566374617963,0.026572875976562216
289,10.509297020256996,96,1280,37,11,1,3,10.509297020256996,256,0.29628444444444446,10.80558146470144,10.80558146470144,10.815692575812552,10.832170921342058,10.858025657670183,13.344831655391538,0.3487286374131866,2.8355346351345414,0.0,0.0,0.016478345529506555,0.025854736328124517
290,10.537876198843499,128,1664,0,3,1,0,10.537876198843499,1536,0.04854755555555555,10.586423754399055,10.586423754399055,10.5986681988435,10.606032846300018,10.631960824815643,13.91753412513186,0.09408462597214395,3.3796579262883615,0.0,0.0,0.007364647456517659,0.025927978515625227
291,10.545994306128117,128,768,20,2,1,14,10.545994306128117,256,0.15252622222222223,10.69852052835034,10.69852052835034,10.705787195017006,10.72337180088786,10.74924094151286,14.043833877710766,0.2032466353847422,3.4978395715826487,0.0,0.0,0.01758460587085331,0.025869140624999787
292,10.608578467818026,128,4224,51,6,0,,10.608578467818026,256,1.1228942222222222,11.731472690040247,11.731472690040247,11.757939356706913,11.770425180497874,11.796356658362457,15.129427092932776,1.1877781905444316,4.52084862511475,0.0,0.0,0.012485823790960637,0.025931477864583385
293,10.630059802358247,96,1408,4,0,1,11,10.630059802358247,1088,0.10111288888888889,10.731172691247135,10.731172691247135,10.741994913469357,10.75189185690687,10.777939769504526,13.248310212212859,0.14787996714627916,2.618250409854612,0.0,0.0,0.009896943437512462,0.026047912597656264
294,10.687100768852096,64,1216,45,12,1,10,10.76398089803104,256,0.27831466666666665,11.042295564697707,11.042295564697707,11.052051120253262,11.064524621448761,11.090388452015167,12.718807457200256,0.4032876831630716,2.0317066883481605,0.07688012917894405,0.0,0.012473501195499281,0.025863830566406065
295,10.713420106873732,160,1664,0,1,1,3,10.850645516676346,1408,0.0841031111111111,10.934748627787457,10.934748627787457,10.946993072231901,10.954109391131219,10.980081179325664,15.101011468845421,0.2666610724519316,4.387591361971689,0.137225409802614,0.0,0.00711631889931752,0.02597178819444501
296,10.730810160082514,96,1408,29,3,0,3,10.730810160082514,1216,0.06555733333333334,10.796367493415847,10.796367493415847,10.807189715638069,10.81347034630002,10.839375077202797,13.297070217254255,0.10856491712028316,2.566260057171741,0.0,0.0,0.006280630661951392,0.025904730902777118
297,10.737478499374545,128,4224,91,11,0,,10.80558146470144,256,1.1228942222222222,11.928475686923662,11.928475686923662,11.954942353590328,11.970546409623307,11.996645774857681,15.38365413260508,1.2591672754831365,4.646175633230536,0.06810296532689541,0.0,0.015604056032978875,0.026099365234374616
298,10.901892401625634,96,2240,10,2,1,11,10.901892401625634,256,0.5658311111111111,11.467723512736745,11.467723512736745,11.48316795718119,11.500039281356608,11.525976781356608,13.992303115992016,0.6240843797309736,3.0904107143663815,0.0,0.0,0.016871324175419034,0.025937499999999503
299,10.962135440449623,128,4224,107,0,0,,10.962135440449623,256,1.1228942222222222,12.085029662671845,12.085029662671845,12.111496329338511,12.125914623020154,12.152051667290987,15.497342642225886,1.1899162268413637,4.535207201776263,0.0,0.0,0.01441829368164349,0.026137044270832632
300,10.966721588037329,96,2176,1,3,1,0,10.966721588037329,1984,0.06786133333333334,11.034582921370662,11.034582921370662,11.04967181025955,11.072539627984046,11.098464530327796,13.555680446746445,0.131742942290467,2.588958858709116,0.0,0.0,0.022867817724495865,0.02592490234374978
301,10.98910679354099,64,2176,126,5,0,,10.98910679354099,256,0.5478613333333333,11.536968126874324,11.536968126874324,11.552057015763213,11.572040948743242,11.598207843274492,13.250838409680739,0.6091010497335017,2.2617316161397483,0.0,0.0,0.019983932980029095,0.02616689453125076
302,11.007304901580422,128,1344,21,1,1,4,11.007304901580422,256,0.3142542222222222,11.321559123802645,11.321559123802645,11.332025790469311,11.344213083080001,11.370140146068282,14.659975373816591,0.36283524448785975,3.652670472236169,0.0,0.0,0.012187292610690292,0.025927062988280625
303,11.037349846469947,96,3200,2,4,1,14,11.037349846469947,2816,0.12426666666666666,11.161616513136615,11.161616513136615,11.182394290914392,11.190796574194568,11.216924503882067,13.717889136043528,0.17957465741211998,2.6805392895735807,0.0,0.0,0.008402283280176448,0.02612792968749922
304,11.038060808430155,128,4288,27,3,1,2,11.038060808430155,256,1.140864,12.178924808430155,12.178924808430155,12.205747030652377,12.209673362793072,12.235601314181961,15.533689715952175,1.1975405057518067,4.49562890752202,0.0,0.0,0.003926332140695266,0.025927951388888815
305,11.060492814147104,64,1280,81,12,1,5,11.060492814147104,256,0.29628444444444446,11.356777258591547,11.356777258591547,11.366888369702659,11.374922814808139,11.400765316978278,13.033277183762756,0.3402725028311746,1.9727843696156526,0.0,0.0,0.008034445105479904,0.02584250217013917
306,11.094650779732502,128,256,15,10,0,15,11.094650779732502,0,0.07987911111111111,11.174529890843614,11.174529890843614,11.178952113065836,11.199553879844377,11.226253831016251,14.549619597850324,0.13160305128374894,3.4549688181178215,0.0,0.0,0.02060176677854031,0.026699951171874403
307,11.099798708472557,96,1664,0,8,1,1,11.099798708472557,256,0.40410311111111114,11.503901819583668,11.503901819583668,11.516146264028112,11.519689833865895,11.545859462772144,14.01701482979688,0.44606075429958736,2.917216121324323,0.0,0.0,0.0035435698377828118,0.026169628906249187
308,11.10475136731152,64,2432,18,15,0,15,11.123443239719606,2240,0.06862933333333333,11.19207257305294,11.19207257305294,11.20858368416405,11.212340730644453,11.23852934671588,12.88349535304028,0.13377797940436054,1.7787439857287595,0.018691872408085786,0.0,0.003757046480401982,0.026188616071427973
309,11.117748180164883,160,2176,90,7,0,,11.334595177879013,256,0.5478613333333333,11.882456511212347,11.882456511212347,11.897545400101235,11.915228418370502,11.941629785558002,16.081505466826602,0.8238816053931188,4.9637572866617194,0.2168469977141303,0.0,0.01768301826926688,0.026401367187499858
310,11.17318884653246,160,4480,7,4,1,10,11.17318884653246,256,1.1947733333333332,12.367962179865794,12.367962179865794,12.395851068754682,12.419532495418528,12.446000952449777,16.734756701961498,1.2728121059173176,5.561567855429038,0.0,0.0,0.02368142666384543,0.02646845703124967
311,11.201810328066987,128,704,56,1,1,11,11.321559123802645,256,0.13455644444444445,11.456115568247089,11.456115568247089,11.463026679358201,11.473853280833906,11.499717701406823,14.789716933526412,0.29790737333983586,3.587906605459425,0.11974879573565822,0.0,0.010826601475704578,0.025864420572917268
312,11.26807744508965,64,832,20,15,1,2,11.26807744508965,256,0.170496,11.43857344508965,11.43857344508965,11.446195667311873,11.448605309327485,11.47476441926052,13.116251296120634,0.20668697417086968,1.8481738510309835,0.0,0.0,0.0024096420156123344,0.02615910993303494
313,11.276046019236148,64,4992,3,10,1,14,11.276046019236148,4736,0.09408711111111111,11.37013313034726,11.37013313034726,11.400866463680593,11.412864915000625,11.439638840781875,13.102729026328753,0.16359282154572696,1.8266830070926048,0.0,0.0,0.011998451320032189,0.026773925781249375
314,11.34723138488624,160,1856,5,12,1,8,11.356777258591547,256,0.45801244444444444,11.814789703035991,11.814789703035991,11.828100814147103,11.838376544346833,11.864140844012011,16.015496169765356,0.5169094591257721,4.668264784879117,0.009545873705308239,0.0,0.010275730199730049,0.02576429966517857
315,11.377417259353859,64,3200,2,2,1,4,11.467723512736745,2624,0.1776,11.645323512736745,11.645323512736745,11.666101290514522,11.681612035262857,11.707656550236816,13.346785049585769,0.33023929088295745,1.9693677902319102,0.09030625338288623,0.0,0.015510744748334915,0.02604451497395921
316,11.47682821927854,64,1664,0,8,0,8,11.503901819583668,1536,0.04854755555555555,11.552449375139224,11.552449375139224,11.564693819583669,11.572029579959644,11.598140501183602,13.241348125346544,0.12131228190506249,1.7645199060680046,0.027073600305127954,0.0,0.007335760375974942,0.026110921223958528
317,11.557121873967017,96,640,144,10,0,,11.557121873967017,256,0.11658666666666667,11.673708540633683,11.673708540633683,11.680264096189239,11.680626145469374,11.707111692344373,14.187421420766993,0.1499898183773567,2.630299546799977,0.0,0.0,0.00036204928013461313,0.0264855468749996
318,11.567566217908523,128,4544,7,1,1,4,11.567566217908523,256,1.212743111111111,12.780309329019634,12.780309329019634,12.808553773464078,12.816138074360682,12.842167981587243,16.13896640009852,1.2746017636787208,4.571400182189999,0.0,0.0,0.007584300896603224,0.026029907226561733
319,11.591603622340399,160,3200,2,15,1,2,11.591603622340399,2048,0.3376,11.929203622340399,11.929203622340399,11.949981400118176,11.970702477296234,11.996759327184627,16.110428088810373,0.405155704844228,4.518824466469974,0.0,0.0,0.020721077178057712,0.026056849888393074
320,11.69022319153036,64,1920,5,13,1,12,11.69022319153036,1536,0.12042666666666667,11.810649858197026,11.810649858197026,11.824316524863693,11.836676064456208,11.863008291018708,13.517479156904129,0.1727850994883493,1.8272559653737694,0.0,0.0,0.012359539592514679,0.026332226562500338
321,11.710968026011484,96,2176,82,5,0,,11.710968026011484,256,0.5478613333333333,12.258829359344817,12.258829359344817,12.273918248233706,12.28120989405574,12.30753255030574,14.78137625147761,0.5965645242942568,3.0704082254661262,0.0,0.0,0.007291645822034454,0.02632265625000052
322,11.71386325796062,160,2496,18,2,1,15,11.71386325796062,256,0.6377102222222223,12.351573480182843,12.351573480182843,12.36844014684951,12.38621786208577,12.41221874099202,16.520416475715784,0.6983554830314009,4.806553217755164,0.0,0.0,0.01777771523626015,0.02600087890625069
323,11.741920126362762,128,4224,55,9,0,,11.741920126362762,256,1.1228942222222222,12.864814348584984,12.864814348584984,12.89128101525165,12.910657879783564,12.937723634991897,16.281578575351823,1.195803508629135,4.53965844898906,0.0,0.0,0.019376864531913895,0.027065755208333542
324,11.817214975623683,96,1472,4,10,1,0,11.817214975623683,896,0.172416,11.989630975623683,11.989630975623683,12.000808753401461,12.024976340781876,12.051339377891251,14.523933074412824,0.23412440226756814,2.706718098789141,0.0,0.0,0.0241675873804148,0.026363037109375043
325,11.910915683414082,128,1984,5,8,1,13,11.910915683414082,1600,0.12061866666666667,12.031534350080749,12.031534350080749,12.04555657230297,12.068220579308603,12.094319142366638,15.385607952006703,0.18340345895255616,3.474692268592621,0.0,0.0,0.022664007005632314,0.02609856305803504
326,12.037689073660626,96,1664,0,14,1,8,12.037689073660626,1536,0.04854755555555555,12.086236629216183,12.086236629216183,12.098481073660627,12.110368478846484,12.136839181971483,14.626785021117689,0.09915010831085702,2.5890959474570625,0.0,0.0,0.011887405185856181,0.026470703124999773
327,12.068494226158574,64,4224,151,12,0,,12.068494226158574,256,1.1228942222222222,13.191388448380795,13.191388448380795,13.217855115047461,13.218684898606503,13.245364911627336,14.903757278163793,1.1768706854687618,2.835263052005219,0.0,0.0,0.0008297835590411751,0.026680013020833115
328,12.078271956034829,128,4288,55,11,1,9,12.078271956034829,256,1.140864,13.21913595603483,13.21913595603483,13.245958178257052,13.264520498164975,13.291290395625913,16.6550892702539,1.2130184395910835,4.5768173142190705,0.0,0.0,0.018562319907923452,0.026769897460937386
329,12.097395215481042,96,1216,61,7,1,1,12.097395215481042,256,0.27831466666666665,12.375709882147708,12.375709882147708,12.385465437703264,12.390527734776752,12.416733789464251,14.888845261748473,0.31933857398320953,2.791450046267432,0.0,0.0,0.005062297073488153,0.026206054687499147
330,12.165190663413789,128,2048,25,15,0,3,12.165190663413789,0,0.5830328888888889,12.748223552302678,12.748223552302678,12.762601330080455,12.779376630942066,12.805497027147423,16.084404651310372,0.6403063637336341,3.9192139878965833,0.0,0.0,0.016775300861610276,0.02612039620535711
331,12.168591155322655,128,4288,139,6,1,1,12.168591155322655,256,1.140864,13.309455155322656,13.309455155322656,13.336277377544878,13.359748715654126,13.386140512529126,16.719724350419764,1.2175493572064706,4.551133195097108,0.0,0.0,0.023471338109247952,0.02639179687500004
332,12.223130450208034,128,1152,97,13,0,,12.223130450208034,256,0.2603448888888889,12.483475339096923,12.483475339096923,12.492875339096923,12.498520302737461,12.524844033206211,15.828870978193194,0.3017135829981772,3.6057405279851604,0.0,0.0,0.005644963640538236,0.02632373046875003
333,12.403160601523462,64,2048,88,10,0,4,12.403160601523462,0,0.5830328888888889,12.98619349041235,12.98619349041235,13.000571268190129,13.024312522422504,13.05045086877667,14.678892058787826,0.6472902672532079,2.2757314572643637,0.0,0.0,0.023741254232374942,0.02613834635416623
334,12.462315789904862,64,1152,41,0,0,,12.462315789904862,256,0.2603448888888889,12.722660678793751,12.722660678793751,12.73206067879375,12.753324225884736,12.779374762994111,14.43371849671807,0.31705897308924946,1.9714027068132083,0.0,0.0,0.021263547090985213,0.026050537109375327
335,12.502788051207682,128,1216,65,13,1,7,12.502788051207682,256,0.27831466666666665,12.781102717874349,12.781102717874349,12.790858273429905,12.814437294924963,12.840644244794754,16.141860675458815,0.3378561935870721,3.639072624251133,0.0,0.0,0.023579021495057972,0.026206949869791885
336,12.530777024531885,160,5056,3,4,1,10,12.530777024531885,256,1.3565013333333333,13.887278357865219,13.887278357865219,13.918367246754107,13.935594214168528,13.962936255184154,18.232093530768548,1.4321592306522692,5.7013165062366635,0.0,0.0,0.017226967414421424,0.02734204101562554
337,12.53721688226833,128,1664,0,8,1,14,12.53721688226833,1536,0.04854755555555555,12.585764437823887,12.585764437823887,12.598008882268331,12.617461313590592,12.643598241603986,15.931730152527535,0.10638135933565529,3.394513270259205,0.0,0.0,0.01945243132226082,0.0261369280133934
338,12.629468164186001,160,1664,0,14,1,8,12.629468164186001,1536,0.04854755555555555,12.678015719741557,12.678015719741557,12.690260164186002,12.69450617415899,12.720914499354302,16.86173913043069,0.09144633516830147,4.232270966244688,0.0,0.0,0.004246009972987963,0.026408325195312443
339,12.631677196058838,128,256,155,3,0,,12.631677196058838,0,0.07987911111111111,12.71155630716995,12.71155630716995,12.715978529392173,12.728340711503389,12.754190442948701,16.055770111459985,0.12251324688986287,3.424092915401147,0.0,0.0,0.012362182111216313,0.02584973144531233
340,12.678071386479784,128,1024,12,7,1,6,12.678071386479784,256,0.22440533333333335,12.902476719813118,12.902476719813118,12.911165608702007,12.91474160196425,12.94081425821425,16.237318845732855,0.2627428717344653,3.5592474592530703,0.0,0.0,0.0035759932622436708,0.026072656249999326
341,12.693127670633931,160,512,5,5,0,8,12.693127670633931,0,0.15175822222222224,12.844885892856153,12.844885892856153,12.850730337300597,12.86091096827449,12.88705217921199,17.022121808118232,0.19392450857805876,4.328994137484301,0.0,0.0,0.010180630973893656,0.026141210937499437
342,12.69627587088394,160,512,76,2,0,5,12.69627587088394,0,0.15175822222222224,12.848034093106161,12.848034093106161,12.853878537550605,12.85430838942952,12.880191446070144,16.980803072395474,0.18391557518620516,4.284527201511535,0.0,0.0,0.00042985187891453336,0.025883056640624957
343,12.732287169336056,160,4288,63,0,1,5,12.732287169336056,256,1.140864,13.873151169336056,13.873151169336056,13.899973391558278,13.904092886366508,13.93056712953057,18.097111939023378,1.1982799601945135,5.364824769687322,0.0,0.0,0.004119494808229263,0.02647424316406166
344,12.734100930685544,96,2176,1,15,1,3,12.748223552302678,1728,0.13897244444444445,12.887195996747122,12.887195996747122,12.90228488563601,12.90937894679028,12.935292765149654,15.387254307188345,0.20119183446410993,2.6531533765028,0.01412262161713329,0.0,0.007094061154269582,0.02591381835937412
345,12.755175588540242,128,2176,26,14,0,,12.755175588540242,256,0.5478613333333333,13.303036921873575,13.303036921873575,13.318125810762464,13.327439523768366,13.353728464198053,16.65273620074319,0.5985528756578109,3.8975606122029465,0.0,0.0,0.009313713005902002,0.026288940429687102
346,12.781613791904094,160,1152,133,8,0,,12.781613791904094,256,0.2603448888888889,13.041958680792984,13.041958680792984,13.051358680792983,13.060168926127796,13.086050204029581,17.20605010695462,0.30443641212548656,4.424436315050526,0.0,0.0,0.00881024533481245,0.025881277901785182
347,12.78355954530421,96,1472,13,3,1,11,12.78355954530421,256,0.35019377777777777,13.133753323081987,13.133753323081987,13.144931100859765,13.167852552323701,13.193695108747313,15.663900287241237,0.4101355634431041,2.8803407419370277,0.0,0.0,0.02292145146393665,0.025842556423611995
348,12.841611480158688,96,2048,0,1,0,14,12.841611480158688,0,0.5830328888888889,13.424644369047577,13.424644369047577,13.439022146825355,13.440990613423178,13.467023914204429,15.931449690029078,0.6254124340457405,3.08983820987039,0.0,0.0,0.0019684665978232374,0.026033300781250546
349,12.841684159652482,96,4096,29,13,0,3,12.841684159652482,0,1.1580657777777779,13.99974993743026,13.99974993743026,14.025505492985815,14.038152578128088,14.0644661767609,16.534034259443192,1.2227820171084183,3.69235009979071,0.0,0.0,0.012647085142273085,0.026313598632812685
350,12.875443221583701,128,1664,0,5,1,14,12.875443221583701,1536,0.04854755555555555,12.923990777139258,12.923990777139258,12.936235221583702,12.939336065930739,12.965423712415115,16.265299713391673,0.08998049083141346,3.389856491807972,0.0,0.0,0.003100844347036613,0.02608764648437578
351,12.876573680002847,128,2240,50,2,1,6,12.876573680002847,256,0.5658311111111111,13.442404791113958,13.442404791113958,13.457849235558403,13.475600967554517,13.501431436304516,16.776551729622035,0.6248577563016688,3.899978049619188,0.0,0.0,0.017751731996114017,0.025830468749999724
352,12.894032032655009,160,256,34,9,0,5,12.894032032655009,0,0.07987911111111111,12.97391114376612,12.97391114376612,12.978333365988343,12.991856610252315,13.018438275291377,17.181799173845118,0.12440624263636835,4.287767141190109,0.0,0.0,0.01352324426397189,0.02658166503906223
353,12.903592678310568,96,256,0,15,0,5,12.903592678310568,0,0.07987911111111111,12.98347178942168,12.98347178942168,12.987894011643903,13.013037149915277,13.038839954044741,15.490193062768702,0.13524727573417294,2.5866003844581336,0.0,0.0,0.02514313827137471,0.025802804129464008
354,12.990768083395853,128,1536,29,7,1,3,12.990768083395853,1088,0.13705244444444445,13.127820527840298,13.127820527840298,13.13935386117363,13.149413086339248,13.175435628656956,16.47190665497764,0.18466754526110307,3.4811385715817877,0.0,0.0,0.010059225165617747,0.026022542317708286
355,13.028961874530424,96,4352,55,5,1,11,13.028961874530424,256,1.1588337777777777,14.187795652308202,14.187795652308202,14.21497343008598,14.233341583508862,14.259458478040113,16.73571763331355,1.230496603509689,3.7067557587831246,0.0,0.0,0.018368153422882116,0.026116894531250878
356,13.058748536932749,128,3200,2,9,1,15,13.058748536932749,2176,0.30204444444444445,13.360792981377193,13.360792981377193,13.38157075915497,13.390632855369503,13.417216546775753,16.745306149291547,0.35846800984300486,3.686557612358799,0.0,0.0,0.009062096214533355,0.026583691406250054
357,13.125903117455486,128,640,72,15,0,,13.125903117455486,256,0.11658666666666667,13.242489784122153,13.242489784122153,13.249045339677709,13.271454421120636,13.297243832392956,16.576381051049957,0.17134071493746994,3.4504779335944704,0.0,0.0,0.022409081442926748,0.025789411272320706
358,13.147031406635755,128,832,24,10,1,7,13.147031406635755,256,0.170496,13.317527406635755,13.317527406635755,13.325149628857977,13.33561281539125,13.361412538698543,16.63266910956907,0.21438113206278864,3.485637702933314,0.0,0.0,0.010463186533273827,0.02579972330729241
359,13.186654161898828,160,1088,8,8,1,3,13.186654161898828,256,0.2423751111111111,13.429029273009938,13.429029273009938,13.438073717454383,13.44849395867988,13.474337359907558,17.598835873556183,0.28768319800873066,4.412181711657356,0.0,0.0,0.01042024122549634,0.025843401227678697
360,13.211452083657486,96,2176,58,7,0,,13.211452083657486,256,0.5478613333333333,13.75931341699082,13.75931341699082,13.774402305879708,13.800123128656958,13.826161842384638,16.289464597685978,0.6147097587271517,3.078012514028492,0.0,0.0,0.025720822777250518,0.026038713727679408
361,13.240316551140586,128,2304,98,3,1,10,13.240316551140586,256,0.5838008888888889,13.824117440029475,13.824117440029475,13.839917440029476,13.865675238413111,13.89160443763186,17.212696673959986,0.651287886491275,3.9723801228194002,0.0,0.0,0.025757798383635233,0.025929199218749588
362,13.399322955858613,128,1600,29,15,1,7,13.399322955858613,256,0.3861333333333334,13.785456289191947,13.785456289191947,13.797345178080835,13.813384457392957,13.8392171861876,17.124429325789542,0.4398942303289868,3.725106369930929,0.0,0.0,0.016039279312121124,0.0258327287946436
363,13.450501509470481,160,1216,105,12,1,1,13.450501509470481,256,0.27831466666666665,13.728816176137148,13.728816176137148,13.738571731692703,13.75237793246067,13.778793703945045,17.917862543463272,0.3282921944745638,4.467361033992791,0.0,0.0,0.013806200767966459,0.026415771484375128
364,13.47336930277926,96,3200,2,11,1,9,13.47336930277926,256,0.8353777777777779,14.308747080557037,14.308747080557037,14.329524858334814,14.347914744584248,14.374841990677998,16.861003983795566,0.9014726878987389,3.3876346810163067,0.0,0.0,0.01838988624943383,0.026927246093750412
365,13.474835932511827,128,1664,0,14,1,5,13.474835932511827,1536,0.04854755555555555,13.523383488067383,13.523383488067383,13.535627932511828,13.537383005213677,13.563269479823052,16.86173913043069,0.08843354731122588,3.386903197918862,0.0,0.0,0.0017550727018491585,0.025886474609375654
366,13.482268869775204,128,2304,10,6,1,2,13.482268869775204,256,0.5838008888888889,14.066069758664094,14.066069758664094,14.081869758664094,14.101126311682771,14.127594695471833,17.44926224104476,0.645325825696629,3.966993371269556,0.0,0.0,0.01925655301867657,0.026468383789062244
367,13.48706263166933,64,2240,78,10,0,,13.48706263166933,256,0.5658311111111111,14.05289374278044,14.05289374278044,14.068338187224885,14.084003033490207,14.109856897887529,15.734798626170639,0.6227942662181984,2.2477359945013085,0.0,0.0,0.01566484626532194,0.025853864397321402
368,13.493260689327624,64,5120,3,9,1,4,13.493260689327624,4416,0.21891555555555559,13.71217624488318,13.71217624488318,13.743620689327624,13.761395990135126,13.788078997947625,15.450292428007144,0.2948183086200018,1.95703173867952,0.0,0.0,0.017775300807501893,0.026683007812499326
369,13.557909920240098,96,768,88,1,1,4,13.557909920240098,256,0.15252622222222223,13.71043614246232,13.71043614246232,13.717702809128987,13.727383777485677,13.75331183738151,16.21619442744227,0.19540191714141208,2.6582845072021737,0.0,0.0,0.0096809683566903,0.02592805989583269
370,13.56738868849344,64,2048,2,2,0,11,13.56738868849344,0,0.5830328888888889,14.150421577382328,14.150421577382328,14.164799355160106,14.173217015731597,14.199125585067534,15.826450934421137,0.631736896574095,2.259062245927698,0.0,0.0,0.008417660571490515,0.02590856933593777
371,13.702205318982593,64,1664,0,8,1,14,13.702205318982593,1536,0.04854755555555555,13.750752874538149,13.750752874538149,13.762997318982594,13.784486762344315,13.810323048616636,15.437558635600453,0.10811772963404387,1.7353533166178607,0.0,0.0,0.021489443361721428,0.025836286272321374
372,13.710677395789373,160,3200,2,14,1,11,13.710677395789373,3008,0.07093333333333333,13.781610729122706,13.781610729122706,13.802388506900483,13.82216108138555,13.848187057948051,17.993223040400927,0.13750966215867777,4.282545644611554,0.0,0.0,0.019772574485067196,0.02602597656250083
373,13.772412358539002,96,1280,105,1,1,12,13.772412358539002,1024,0.0829511111111111,13.855363469650113,13.855363469650113,13.865474580761225,13.882959461079425,13.908846737865138,16.370975590249188,0.13643437932613622,2.5985632317101857,0.0,0.0,0.01748488031820017,0.025887276785713453
374,13.797929862555016,64,1536,4,12,1,10,13.797929862555016,832,0.20816355555555557,14.006093418110572,14.006093418110572,14.017626751443904,14.042978274257546,14.069265188320045,15.703899001796609,0.2713353257650297,1.9059691392415932,0.0,0.0,0.025351522813641836,0.026286914062499278
375,13.805513345723735,160,1280,53,9,1,10,13.805513345723735,256,0.29628444444444446,14.10179779016818,14.10179779016818,14.11190890127929,14.135002533103876,14.161514902895542,18.29161449425063,0.3560015571718065,4.486101148526895,0.0,0.0,0.023093631824584904,0.026512369791666046
376,13.807899132691983,96,1664,0,8,0,8,13.807899132691983,1536,0.04854755555555555,13.856446688247539,13.856446688247539,13.868691132691984,13.887834837121101,13.913669859093757,16.37402979445462,0.10577072640177398,2.5661306617626387,0.0,0.0,0.019143704429117392,0.025835021972655525
377,13.858277249219872,96,640,68,7,0,,13.858277249219872,256,0.11658666666666667,13.974863915886539,13.974863915886539,13.981419471442095,13.982404378656955,14.00835530639133,16.47190665497764,0.1500780571714575,2.6136294057577683,0.0,0.0,0.000984907214860442,0.025950927734374574
378,13.862536784920627,160,1152,8,14,1,8,13.862536784920627,256,0.2603448888888889,14.122881673809516,14.122881673809516,14.132281673809516,14.134505026698047,14.160458639979296,18.308646031472357,0.29792185505866975,4.44610924655173,0.0,0.0,0.0022233528885315934,0.025953613281249233
379,13.953170288605046,160,1536,9,15,1,12,13.953170288605046,256,0.3681635555555556,14.321333844160602,14.321333844160602,14.332867177493934,14.355815795748612,14.381637503337897,18.526342639591626,0.42846721473285143,4.57317235098658,0.0,0.0,0.0229486182546772,0.02582170758928548
380,14.01966088651416,160,4352,127,8,1,0,14.01966088651416,256,1.1588337777777777,15.178494664291938,15.178494664291938,15.205672442069716,15.229719489395094,15.255699679127238,19.408892440939002,1.236038792613078,5.389231554424843,0.0,0.0,0.024047047325378657,0.025980189732143444
381,14.025168238729604,128,4096,17,7,0,1,14.025168238729604,0,1.1580657777777779,15.183234016507381,15.183234016507381,15.208989572062936,15.223894871123473,15.249875258493265,18.590958432553904,1.2247070197636614,4.5657901938243,0.0,0.0,0.014905299060536947,0.025980387369791913
382,14.059008228654777,96,3200,2,0,1,14,14.059008228654777,2368,0.2487111111111111,14.307719339765889,14.307719339765889,14.328497117543666,14.35422142640557,14.38071996156182,16.87898488901718,0.32171173290704225,2.8199766603624017,0.0,0.0,0.025724308861903467,0.026498535156250114
383,14.095138902750833,160,4608,15,4,1,15,14.095138902750833,256,1.230712888888889,15.325851791639721,15.325851791639721,15.354451791639722,15.358027807918528,15.385356095678945,19.60584188882596,1.2902171929281128,5.5107029860751275,0.0,0.0,0.0035760162788065486,0.02732828776041707
384,14.09668782877646,64,4224,87,3,0,,14.09668782877646,256,1.1228942222222222,15.219582050998682,15.219582050998682,15.246048717665348,15.271074969858427,15.297334247202176,16.951619818491235,1.2006464184257162,2.8549319897147747,0.0,0.0,0.0250262521930793,0.026259277343749332
385,14.11669572249064,64,2112,5,1,1,8,14.11669572249064,1344,0.22766933333333336,14.344365055823973,14.344365055823973,14.359098389157307,14.374901216101746,14.400814607215027,16.035233001661023,0.2841188847243874,1.9185372791703834,0.0,0.0,0.01580282694443902,0.025913391113281392
386,14.1684867754589,160,1344,53,12,1,9,14.1684867754589,256,0.3142542222222222,14.482740997681123,14.482740997681123,14.49320766434779,14.513509719570042,14.539522805507541,18.67488976514296,0.37103603004864105,4.5064029896840605,0.0,0.0,0.02030205522225259,0.026013085937499625
387,14.185436957644388,64,640,92,13,0,,14.185436957644388,256,0.11658666666666667,14.302023624311055,14.302023624311055,14.30857917986661,14.327629018557777,14.353746694339028,15.984800421552569,0.16830973669464022,1.7993634639081808,0.0,0.0,0.019049838691167054,0.026117675781250682
388,14.194467745036809,160,2368,10,10,1,6,14.194467745036809,256,0.6017706666666667,14.796238411703476,14.796238411703476,14.81239396725903,14.833509246287825,14.859408823110742,18.990288624543027,0.6649410780739338,4.795820879506218,0.0,0.0,0.02111527902879473,0.025899576822917325
389,14.194920610333064,128,2432,10,6,1,10,14.194920610333064,2176,0.0864071111111111,14.281327721444175,14.281327721444175,14.297838832555286,14.312887053870272,14.339302385901522,17.659742319169762,0.14438177556845844,3.4648217088366984,0.0,0.0,0.015048221314986066,0.02641533203125057
390,14.207332970307906,64,1280,33,9,1,15,14.207332970307906,256,0.29628444444444446,14.50361741475235,14.50361741475235,14.513728525863462,14.532241042218455,14.558507806541373,16.203833641269792,0.3511748362334668,1.9965006709618862,0.0,0.0,0.018512516354993735,0.026266764322917524
391,14.241381466337634,128,640,36,14,0,,14.241381466337634,256,0.11658666666666667,14.3579681330043,14.3579681330043,14.364523688559856,14.368105124354294,14.393970916765008,17.702803397543786,0.15258945042737437,3.461421931206152,0.0,0.0,0.003581435794437482,0.025865792410714405
392,14.253387114228795,160,2048,38,5,0,6,14.253387114228795,0,0.5830328888888889,14.836420003117684,14.836420003117684,14.850797780895462,14.859646271008861,14.88571450831355,19.050013409680734,0.6323273940847542,4.796626295451938,0.0,0.0,0.008848490113399166,0.026068237304688324
393,14.268024854163036,96,1664,0,2,1,8,14.268024854163036,512,0.332992,14.601016854163037,14.601016854163037,14.613261298607481,14.613729100692535,14.639625096786284,17.084943209114222,0.37160024262324853,2.816918354951186,0.0,0.0,0.00046780208505303733,0.02589599609374993
394,14.2856833005656,96,704,124,6,1,8,14.2856833005656,256,0.13455644444444445,14.420239745010043,14.420239745010043,14.427150856121155,14.444968596839024,14.471207366370274,16.952867416826013,0.18552406580467462,2.6671841162604135,0.0,0.0,0.017817740717868347,0.026238769531250483
395,14.326635320835363,128,704,84,13,1,9,14.326635320835363,256,0.13455644444444445,14.461191765279807,14.461191765279807,14.468102876390919,14.484342397464028,14.51033352702132,17.7999664720548,0.1836982061859569,3.473331151219435,0.0,0.0,0.016239521073108776,0.025991129557292325
396,14.36769283381351,96,1664,0,0,1,2,14.36769283381351,1536,0.04854755555555555,14.416240389369067,14.416240389369067,14.428484833813512,14.43371849671807,14.46026224671807,16.956886012064054,0.09256941290455956,2.589193178250543,0.0,0.0,0.0052336629045584004,0.026543750000000088
397,14.408273188098544,96,1088,12,11,1,7,14.408273188098544,512,0.171264,14.579537188098545,14.579537188098545,14.58858163254299,14.590277537552998,14.616859080521747,17.091527372467443,0.20858589242320313,2.6832541843688986,0.0,0.0,0.0016959050100080475,0.02658154296874926
398,14.466624624573166,128,704,68,15,1,7,14.466624624573166,256,0.13455644444444445,14.60118106901761,14.60118106901761,14.608092180128722,14.614054844297721,14.639821079649284,17.940043567326004,0.17319645507611803,3.473418942752838,0.0,0.0,0.005962664168999154,0.025766235351563083
399,14.57747678840785,160,2176,130,14,0,,14.57747678840785,256,0.5478613333333333,15.125338121741184,15.125338121741184,15.140427010630072,15.14432896643019,15.170237030046263,19.33721055435182,0.5927602416384126,4.75973376594397,0.0,0.0,0.0039019558001189836,0.025908063616071786
400,14.581874128731457,96,3200,2,12,1,0,14.581874128731457,256,0.8353777777777779,15.417251906509234,15.417251906509234,15.438029684287011,15.444653396327855,15.470575759609105,17.944056879400772,0.8887016308776481,3.362182750669316,0.0,0.0,0.0066237120408434436,0.02592236328124997
401,14.60338441000947,96,2240,82,6,1,5,14.60338441000947,256,0.5658311111111111,15.16921552112058,15.16921552112058,15.184659965565025,15.20805075015934,15.23423659000309,17.712398325029138,0.6308521799936191,3.109013915019668,0.0,0.0,0.023390784594313985,0.026185839843750003
402,14.609813045474999,128,2304,38,0,1,6,14.609813045474999,256,0.5838008888888889,15.193613934363889,15.193613934363889,15.209413934363889,15.231782583632134,15.258336392225884,18.56107720323778,0.6485233467508849,3.9512641577627807,0.0,0.0,0.022368649268244667,0.026553808593750006
403,14.668434956690628,160,512,2,1,0,12,14.668434956690628,0,0.15175822222222224,14.82019317891285,14.82019317891285,14.826037623357294,14.841798150974327,14.867726443385042,18.98550926421683,0.19929148669441332,4.317074307526202,0.0,0.0,0.01576052761703295,0.025928292410714704
404,14.671172482636027,160,4096,66,13,0,8,14.671172482636027,0,1.1580657777777779,15.829238260413806,15.829238260413806,15.854993815969362,15.88056848795882,15.90664807780257,20.03169716866938,1.2354755951665428,5.360524686033351,0.0,0.0,0.02557467198945851,0.02607958984375003
405,14.751613083393334,96,1664,0,9,1,0,14.751613083393334,1536,0.04854755555555555,14.80016063894889,14.80016063894889,14.812405083393335,14.821202305239286,14.847408778453572,17.310604105485744,0.09579569506023766,2.5589910220924104,0.0,0.0,0.008797221845950887,0.026206473214285708
406,14.766022038728071,128,1216,8,11,1,14,14.766022038728071,704,0.15387022222222224,14.919892260950293,14.919892260950293,14.929647816505849,14.935875682084246,14.962264744584246,18.26391274844401,0.1962427058561751,3.4978907097159393,0.0,0.0,0.006227865578397385,0.026389062499999838
407,14.856228978959994,128,4416,35,15,1,6,14.856228978959994,256,1.1768035555555554,16.03303253451555,16.03303253451555,16.060565867848883,16.084404651310372,16.110428088810373,19.469859810815585,1.2541991098503793,4.613630831855591,0.0,0.0,0.023838783461489044,0.026023437500001023
408,14.868792132735848,96,640,128,2,0,,14.868792132735848,256,0.11658666666666667,14.985378799402515,14.985378799402515,14.99193435495807,15.002220311630035,15.02802516189045,17.475850191536097,0.1592330291546027,2.6070580588002485,0.0,0.0,0.010285956671964414,0.02580485026041579
409,14.897430107288406,64,256,77,10,0,,14.897430107288406,0,0.07987911111111111,14.977309218399517,14.977309218399517,14.98173144062174,14.988914031444075,15.014622161326887,16.63266910956907,0.11719205403848143,1.7352390022806627,0.0,0.0,0.0071825908223353,0.025708129882811903
410,14.934247257429755,128,1408,21,1,0,1,14.934247257429755,1216,0.06555733333333334,14.999804590763087,14.999804590763087,15.01062681298531,15.023306451755579,15.04920763583761,18.337446066672182,0.11496037840785434,3.4031988092424275,0.0,0.0,0.012679638770269008,0.02590118408203068
411,14.987502607064023,128,1408,53,5,1,12,14.987502607064023,256,0.332224,15.319726607064023,15.319726607064023,15.330548829286245,15.355026275891674,15.381025787610424,18.707852521008853,0.393523180546401,3.7203499139448297,0.0,0.0,0.024477446605429165,0.0259995117187497
412,15.091296702183117,160,1664,29,10,1,15,15.091296702183117,256,0.40410311111111114,15.495399813294227,15.495399813294227,15.507644257738672,15.528887298045635,15.554624505076886,19.700833717316456,0.46332780289376885,4.6095370151333395,0.0,0.0,0.021243040306963223,0.025737207031250264
413,15.09336759354354,64,512,92,2,0,13,15.09336759354354,0,0.15175822222222224,15.245125815765762,15.245125815765762,15.250970260210206,15.260290786890447,15.286020558095805,16.904097628059535,0.19265296455226455,1.810730034515995,0.0,0.0,0.009320526680241414,0.025729771205357466
414,15.114536857851768,128,2176,5,9,1,1,15.114536857851768,256,0.5478613333333333,15.662398191185101,15.662398191185101,15.67748708007399,15.684304146757144,15.71031628403393,18.98991804242771,0.5957794261821618,3.875381184575943,0.0,0.0,0.006817066683154849,0.026012137276785197
415,15.115676478448997,64,640,120,11,0,,15.115676478448997,256,0.11658666666666667,15.232263145115663,15.232263145115663,15.238818700671219,15.252576658646749,15.278791176875917,16.912140409576818,0.16311469842692006,1.7964639311278212,0.0,0.0,0.013757957975530033,0.02621451822916754
416,15.182681284972372,128,3200,2,1,1,12,15.182681284972372,2688,0.15982222222222223,15.342503507194595,15.342503507194595,15.363281284972372,15.385986357238275,15.411977690246088,18.70106276589093,0.22929640527371653,3.51838148091856,0.0,0.0,0.02270507226590368,0.025991333007812756
417,15.217449316549775,128,2048,20,14,0,15,15.217449316549775,0,0.5830328888888889,15.800482205438664,15.800482205438664,15.814859983216442,15.8180973118543,15.8440279759168,19.17882627700807,0.6265786593670253,3.9613769604582956,0.0,0.0,0.0032373286378586386,0.025930664062499886
418,15.227382744912394,64,768,44,6,1,11,15.227382744912394,256,0.15252622222222223,15.379908967134616,15.379908967134616,15.387175633801283,15.391361882971841,15.417415431148925,17.056843653805178,0.19003268623653113,1.8294609088927842,0.0,0.0,0.0041862491705586535,0.026053548177083385
419,15.232041396122048,160,2560,18,8,1,2,15.232041396122048,256,0.65568,15.887721396122048,15.887721396122048,15.90494361834427,15.905679045756703,15.931730152527535,20.086062037293175,0.6996887564054877,4.854020641171127,0.0,0.0,0.0007354274124331539,0.026051106770832888
420,15.277447684439874,128,2176,5,3,1,9,15.277447684439874,256,0.5478613333333333,15.825309017773208,15.825309017773208,15.840397906662096,15.846864154428733,15.872984515756858,19.17930724524905,0.5955368313169842,3.901859560809175,0.0,0.0,0.006466247766637068,0.02612036132812534
421,15.324381947219836,160,4288,51,7,1,6,15.324381947219836,256,1.140864,16.465245947219834,16.465245947219834,16.492068169442057,16.49893009247764,16.525988930368264,20.712169149164758,1.2016069831484284,5.387787201944922,0.0,0.0,0.006861923035582862,0.027058837890624687
422,15.33839301694234,128,896,24,11,1,10,15.33839301694234,256,0.1884657777777778,15.526858794720118,15.526858794720118,15.534836572497897,15.539873566198834,15.5658117172405,18.86776264264974,0.22741870029815914,3.5293696257073996,0.0,0.0,0.005036993700937131,0.025938151041666302
423,15.384736049562306,128,640,52,0,0,,15.384736049562306,256,0.11658666666666667,15.501322716228973,15.501322716228973,15.507878271784529,15.523759756483699,15.54995633851495,18.843420743974384,0.16522028895264285,3.458684694412078,0.0,0.0,0.015881484699169945,0.026196582031250415
424,15.386040411367825,64,1472,21,2,1,1,15.386040411367825,256,0.35019377777777777,15.736234189145602,15.736234189145602,15.74741196692338,15.749239935885983,15.774976447116451,17.397478609504848,0.38893603574862645,2.0114381981370233,0.0,0.0,0.001827968962603066,0.02573651123046794
425,15.391382763194315,128,4224,83,5,0,,15.391382763194315,256,1.1228942222222222,16.514276985416537,16.514276985416537,16.540743652083204,16.551898590344802,16.5781569887823,19.91773777491511,1.1867742255879854,4.526355011720796,0.0,0.0,0.011154938261597636,0.026258398437498442
426,15.45001778214677,64,4608,7,4,1,1,15.45001778214677,4352,0.09293511111111111,15.54295289325788,15.54295289325788,15.57155289325788,15.576667781876862,15.603979427384674,17.2867360003866,0.15396164523790468,1.836718218239831,0.0,0.0,0.005114888618981794,0.027311645507811733
427,15.466097699829195,160,1536,21,1,1,2,15.466097699829195,1280,0.0837191111111111,15.549816810940307,15.549816810940307,15.56135014427364,15.567935942199217,15.593903498622828,19.71731419585746,0.12780579879363252,4.251216496028263,0.0,0.0,0.006585797925577452,0.025967556423610816
428,15.519083015328338,96,1664,0,6,1,9,15.519083015328338,1536,0.04854755555555555,15.567630570883894,15.567630570883894,15.579875015328339,15.599803940263511,15.625826401201012,18.106242726070807,0.10674338587267407,2.587159710742469,0.0,0.0,0.019928924935172176,0.026022460937500824
429,15.537628428773157,64,4224,111,12,0,,15.537628428773157,256,1.1228942222222222,16.66052265099538,16.66052265099538,16.686989317662047,16.69073656690077,16.716985224127335,18.362429437994525,1.1793567953541775,2.8248010092213676,0.0,0.0,0.0037472492387244927,0.026248657226563665
430,15.57970102073664,128,896,76,0,1,5,15.57970102073664,256,0.1884657777777778,15.768166798514418,15.768166798514418,15.776144576292197,15.785747549452449,15.81182168682224,19.100828284431973,0.23212066608559923,3.521127263695332,0.0,0.0,0.009602973160252049,0.026074137369791472
431,15.593126642601401,160,4480,23,10,1,13,15.593126642601401,256,1.1947733333333332,16.787899975934735,16.787899975934735,16.815788864823624,16.840778484569068,16.867184897329484,21.052397576365934,1.2740582547280823,5.459270933764532,0.0,0.0,0.024989619745444003,0.026406412760415776
432,15.607667770659745,64,1664,0,11,1,6,15.607667770659745,832,0.2441031111111111,15.851770881770856,15.851770881770856,15.8640153262153,15.877107615678003,15.903033257419075,17.533722440826818,0.29536548675933005,1.9260546701670727,0.0,0.0,0.013092289462703022,0.025925641741071814
433,15.622538162406238,96,2176,1,4,1,15,15.622538162406238,1280,0.26341688888888887,15.885955051295127,15.885955051295127,15.901043940184016,15.90443975453311,15.93150625843936,18.442061195699107,0.30896809603312114,2.819523033292869,0.0,0.0,0.003395814349094195,0.02706650390624965
434,15.640341528871847,64,1600,4,1,1,12,15.640341528871847,1024,0.1728,15.813141528871848,15.813141528871848,15.825030417760736,15.82763347909158,15.853586799404079,17.48207179037475,0.21324527053223186,1.841730261502903,0.0,0.0,0.002603061330843204,0.025953320312499528
435,15.672961886381938,160,1152,69,9,0,,15.672961886381938,256,0.2603448888888889,15.933306775270827,15.933306775270827,15.942706775270826,15.94444749218125,15.970407697259375,20.073674390083962,0.2974458108774378,4.4007125037020245,0.0,0.0,0.0017407169104242115,0.025960205078124687
436,15.690038550023898,96,4480,35,2,1,15,15.736234189145602,256,1.1947733333333332,16.931007522478936,16.931007522478936,16.958896411367824,16.980803072395474,17.006837374153285,19.498023775520466,1.3167988241293873,3.8079852254965676,0.04619563912170399,0.0,0.021906661027649932,0.02603430175781085
437,15.762393650590678,96,2368,38,6,1,0,15.762393650590678,2048,0.10399288888888888,15.866386539479567,15.866386539479567,15.882542095035122,15.886077866044758,15.912121750322102,18.395585336747892,0.14972809973142454,2.6331916861572147,0.0,0.0,0.0035357710096359796,0.026043884277344276
438,15.795828185158665,96,1280,8,0,1,11,15.795828185158665,256,0.29628444444444446,16.09211262960311,16.09211262960311,16.102223740714223,16.12474942119724,16.15076483693385,18.61239912009046,0.3549366517751835,2.816570934931793,0.0,0.0,0.022525680483017396,0.026015415736608816
439,15.799819977881539,128,5184,3,14,1,9,15.800482205438664,4800,0.13021866666666668,15.93070087210533,15.93070087210533,15.96250087210533,15.973688620448051,15.999799731559163,19.33721055435182,0.19997975367762422,3.5373905764702815,0.0006622275571253056,0.0,0.011187748342720738,0.02611111111111164
440,15.809246647894836,128,1600,9,1,1,15,15.813141528871848,256,0.3861333333333334,16.19927486220518,16.19927486220518,16.21116375109407,16.21619442744227,16.241989419071736,19.53407860015433,0.4327427711768994,3.7248319522594944,0.0038948809770111836,0.0,0.005030676348201979,0.025794991629464192
441,15.820182974987768,64,2176,5,3,0,3,15.825309017773208,2048,0.050083555555555555,15.875392573328764,15.875392573328764,15.890481462217652,15.899105365366234,15.925214935678733,17.576198920053738,0.10503196069096532,1.75601594506597,0.005126042785439822,0.0,0.008623903148581746,0.026109570312499386
442,15.865151329598918,64,1664,0,13,1,11,15.865151329598918,1536,0.04854755555555555,15.913698885154474,15.913698885154474,15.925943329598919,15.93272815592757,15.958764044599445,17.59354924735242,0.09361271500052659,1.7283979177535027,0.0,0.0,0.0067848263286514054,0.02603588867187412
443,15.902721812674352,160,4288,151,11,1,12,15.902721812674352,256,1.140864,17.04358581267435,17.04358581267435,17.070408034896573,17.091527372467443,17.11753494082682,21.31564853132162,1.214813128152466,5.4129267186472685,0.0,0.0,0.02111933757086959,0.026007568359375455
444,15.913010948683004,96,768,84,4,1,13,15.913010948683004,256,0.15252622222222223,16.065537170905227,16.065537170905227,16.072803837571893,16.093915535783108,16.12070297067894,18.625929970113166,0.20769202199593728,2.712919021430162,0.0,0.0,0.021111698211214502,0.026787434895833684
445,15.951017227845126,128,704,80,8,1,5,15.951017227845126,256,0.13455644444444445,16.08557367228957,16.08557367228957,16.092484783400682,16.114348804871284,16.14031470656399,19.46082375604317,0.18929747871886526,3.509806528198043,0.0,0.0,0.02186402147060207,0.025965901692707405
446,15.959672382214613,64,512,3,9,0,14,15.959672382214613,0,0.15175822222222224,16.111430604436837,16.111430604436837,16.117275048881282,16.126179181634377,16.1520635132316,17.77493108651253,0.19239113101698635,1.8152587042979178,0.0,0.0,0.008904132753094984,0.025884331597222143
447,16.003302692165754,160,4096,22,14,0,13,16.003302692165754,0,1.1580657777777779,17.161368469943532,17.161368469943532,17.187124025499088,17.202496129128605,17.228823696092892,21.418310961252864,1.2255210039271383,5.41500826908711,0.0,0.0,0.015372103629516687,0.026327566964287286
448,16.033187742962838,160,704,36,13,1,14,16.033187742962838,256,0.13455644444444445,16.167744187407283,16.167744187407283,16.174655298518395,16.19447908366194,16.22059578288069,20.344499740283965,0.1874080399178517,4.311311997321127,0.0,0.0,0.01982378514354366,0.026116699218750483
449,16.14370974289952,64,4352,47,6,1,13,16.14370974289952,256,1.1588337777777777,17.302543520677297,17.302543520677297,17.329721298455073,17.34411445458643,17.370400668779137,19.030717660966644,1.2266909258796161,2.8870079180671233,0.0,0.0,0.014393156131355056,0.026286214192708712
450,16.174108199092405,64,2496,10,3,1,6,16.174108199092405,256,0.6377102222222223,16.811818421314626,16.811818421314626,16.82868508798129,16.846295013803736,16.872625482553737,18.50734472083499,0.6985172834613316,2.3332365217425846,0.0,0.0,0.017609925822444694,0.026330468750000335
451,16.183286402642317,64,1344,8,15,1,0,16.183286402642317,832,0.15425422222222224,16.337540624864538,16.337540624864538,16.348007291531204,16.369455920841624,16.39531985313329,18.045974231388502,0.21203345049097422,1.8626878287461857,0.0,0.0,0.02144862931042013,0.02586393229166717
452,16.229391043566093,128,960,24,4,1,11,16.229391043566093,256,0.20643555555555557,16.435826599121647,16.435826599121647,16.44415993245498,16.468984057918526,16.495588968632813,19.84547116942492,0.26619792506672013,3.6160801258588258,0.0,0.0,0.024824125463545954,0.026604910714286945
453,16.232468942346046,128,4352,19,8,1,2,16.232468942346046,256,1.1588337777777777,17.391302720123825,17.391302720123825,17.4184804979016,17.440974057149933,17.467283139181184,20.789029338725467,1.2348141968351385,4.556560396379421,0.0,0.0,0.022493559248331962,0.026309082031250597
454,16.237864157403997,128,1152,109,0,0,,16.237864157403997,256,0.2603448888888889,16.498209046292885,16.498209046292885,16.507609046292885,16.515031926777596,16.540997136738532,19.822475280339713,0.303132979334535,3.5846111229357156,0.0,0.0,0.007422880484710959,0.025965209960936875
455,16.252005720356884,64,1664,0,1,1,13,16.252005720356884,1536,0.04854755555555555,16.30055327591244,16.30055327591244,16.312797720356883,16.319377323647625,16.345176212807782,17.974386792816155,0.09317049245089848,1.722381072459271,0.0,0.0,0.006579603290742142,0.025798889160157046
456,16.476942128601436,128,1152,12,13,1,11,16.476942128601436,256,0.2603448888888889,16.737287017490324,16.737287017490324,16.746687017490324,16.767080646161947,16.792910333661947,20.08363466866938,0.3159682050605106,3.606692540067943,0.0,0.0,0.02039362867162353,0.02582968749999992
457,16.486198099781202,128,2176,5,9,1,3,16.486198099781202,2048,0.050083555555555555,16.536281655336758,16.536281655336758,16.551370544225648,16.564781002807177,16.59056884460405,19.86739021039646,0.10437074482284814,3.3811921106152596,0.0,0.0,0.013410458581528673,0.025787841796873323
458,16.51717370446708,128,1664,0,7,1,1,16.51717370446708,1536,0.04854755555555555,16.565721260022634,16.565721260022634,16.57796570446708,16.580108070993266,16.60675243948285,19.95229246343187,0.0895787350157704,3.4351187589647907,0.0,0.0,0.002142366526186379,0.026644368489584735
459,16.52351980917406,160,2304,78,1,1,10,16.52351980917406,256,0.5838008888888889,17.10732069806295,17.10732069806295,17.123120698062948,17.145732495941157,17.171601819671626,21.325206529841836,0.6480820104975642,4.8016867206677745,0.0,0.0,0.022611797878209217,0.025869323730468352
460,16.58577825638078,160,5248,3,15,1,14,16.58577825638078,4544,0.21929955555555558,16.805077811936336,16.805077811936336,16.83723336749189,16.862038375268707,16.888275273055164,21.11058725687213,0.30249701667438345,4.524809000491349,0.0,0.0,0.024805007776816268,0.026236897786457547
461,16.590813925149185,128,1664,0,4,1,7,16.590813925149185,1536,0.04854755555555555,16.63936148070474,16.63936148070474,16.651605925149184,16.655228686824778,16.681737536922434,20.031272097159288,0.09092361177324904,3.4404581720101035,0.0,0.0,0.003622761675593722,0.026508850097656023
462,16.641928002182528,64,3200,2,0,1,1,16.641928002182528,3072,0.05315555555555555,16.695083557738084,16.695083557738084,16.71586133551586,16.722767278340097,16.74880232608315,18.381004937612783,0.10687432390062312,1.7390769354302549,0.0,0.0,0.0069059428242361776,0.026035047743054207
463,16.704849719628857,96,4224,103,5,0,,16.704849719628857,256,1.1228942222222222,17.82774394185108,17.82774394185108,17.854210608517747,17.863223370618233,17.889708355969795,20.38708201319636,1.1848586363409375,3.682232293567502,0.0,0.0,0.009012762100486071,0.026484985351562074
464,16.732813963714896,64,2240,46,9,0,,16.732813963714896,256,0.5658311111111111,17.29864507482601,17.29864507482601,17.314089519270453,17.336347171891994,17.36214909246491,18.98991804242771,0.6293351287500144,2.257104078712814,0.0,0.0,0.022257652621540558,0.02580192057291697
465,16.745101799016847,96,704,72,12,1,15,16.745101799016847,256,0.13455644444444445,16.879658243461293,16.879658243461293,16.886569354572405,16.900739496588276,16.926810297369524,19.412908808111705,0.18170849835267688,2.667807009094858,0.0,0.0,0.014170142015871079,0.026070800781248238
466,16.75049939614894,128,1280,17,0,1,1,16.75049939614894,256,0.29628444444444446,17.046783840593385,17.046783840593385,17.056894951704496,17.060823093537266,17.086763523224764,20.365219947998444,0.3362641270758253,3.614720551849505,0.0,0.0,0.003928141832769683,0.025940429687498323
467,16.759821167788242,96,256,10,4,0,3,16.759821167788242,0,0.07987911111111111,16.839700278899354,16.839700278899354,16.844122501121575,16.86677365229632,16.893018525343194,19.39191718179471,0.13319735755495188,2.6320960140064678,0.0,0.0,0.022651151174745365,0.026244873046874062
468,16.77582955221417,96,1664,0,13,1,4,16.77582955221417,1536,0.04854755555555555,16.824377107769724,16.824377107769724,16.83662155221417,16.844571173505695,16.870399217125488,19.32686269601313,0.0945696649113188,2.5510331437989606,0.0,0.0,0.007949621291526654,0.02582804361979285
469,16.804073228135703,160,3200,2,7,1,0,16.804073228135703,2880,0.10648888888888888,16.910562117024593,16.910562117024593,16.93133989480237,16.95317366344118,16.979802691761492,21.154915731196013,0.1757294636257889,4.35084250306031,0.0,0.0,0.02183376863881037,0.02662902832031122
470,16.833515177832307,128,960,20,10,1,15,16.833515177832307,256,0.20643555555555557,17.03995073338786,17.03995073338786,17.048284066721195,17.052043458527404,17.078218385285215,20.41525758613156,0.24470320745290763,3.5817424082992524,0.0,0.0,0.0037593918062093223,0.02617492675781108
471,16.888214227369925,128,2304,50,15,1,2,16.888214227369925,256,0.5838008888888889,17.472015116258813,17.472015116258813,17.487815116258812,17.492973173445794,17.519267525659334,20.901632829788795,0.6310532982894088,4.01341860241887,0.0,0.0,0.005158057186982035,0.02629435221354015
472,16.926941749043394,64,1408,8,3,1,15,16.926941749043394,896,0.15444622222222223,17.081387971265617,17.081387971265617,17.09221019348784,17.108479681772483,17.134533197397484,18.76544286536624,0.2075914483540906,1.8385011163228455,0.0,0.0,0.016269488284642364,0.026053515625001467
473,16.996177635506893,64,4096,0,12,0,13,16.996177635506893,0,1.1580657777777779,18.15424341328467,18.15424341328467,18.179998968840227,18.204645258307025,18.23094140088515,19.89257018506483,1.2347637653782577,2.8963925495579375,0.0,0.0,0.02464628946679781,0.026296142578125625
474,17.033875801879837,64,1344,17,13,1,0,17.033875801879837,256,0.3142542222222222,17.34813002410206,17.34813002410206,17.358596690768724,17.36122481933903,17.38703669154885,19.01580078195063,0.35316088966901305,1.9819249800707937,0.0,0.0,0.0026281285703042556,0.02581187220982173
475,17.034078249432294,64,2496,6,4,1,8,17.034078249432294,2112,0.12215466666666666,17.15623291609896,17.15623291609896,17.173099582765627,17.181744355421323,17.20799153424077,18.863456895336377,0.17391328480847434,1.8293786459040824,0.0,0.0,0.008644772655696187,0.02624717881944605
476,17.060776058046034,160,1152,125,7,0,,17.060776058046034,256,0.2603448888888889,17.321120946934922,17.321120946934922,17.33052094693492,17.35266035777712,17.37908193980837,21.546790731196005,0.31830588176233476,4.48601467314997,0.0,0.0,0.02213941084219684,0.02642158203125078
477,17.086025975758673,96,1664,0,2,1,13,17.086025975758673,1536,0.04854755555555555,17.134573531314228,17.134573531314228,17.146817975758673,17.163230318489223,17.189255953254847,19.678487740364215,0.10322997749617357,2.5924617646055417,0.0,0.0,0.016412342730550478,0.026025634765623806
478,17.19521104059419,64,2432,30,10,1,1,17.19521104059419,256,0.6197404444444444,17.814951485038637,17.814951485038637,17.83146259614975,17.837503663605528,17.863692823761777,19.515838722199273,0.6684817831675858,2.3206276816050817,0.0,0.0,0.00604106745577937,0.026189160156249613
479,17.283007219078705,96,640,152,3,0,,17.283007219078705,256,0.11658666666666667,17.39959388574537,17.39959388574537,17.406149441300926,17.420890033334988,17.446773627084987,19.903066685353217,0.16376640800628195,2.620059466274512,0.0,0.0,0.014740592034062416,0.025883593749998823
480,17.31454369500092,160,4672,7,4,0,4,17.31454369500092,4480,0.07534933333333334,17.389893028334253,17.389893028334253,17.418848583889808,17.443464027730354,17.469715763841464,21.674029850367997,0.15517206884054247,4.359486155367076,0.0,0.0,0.02461544384054548,0.02625173611111009
481,17.35450600193985,128,512,3,0,0,15,17.35450600193985,0,0.15175822222222224,17.506264224162074,17.506264224162074,17.51210866860652,17.527825534943513,17.55369706272129,20.831117077602244,0.1991910607814411,3.476611075662394,0.0,0.0,0.01571686633699443,0.02587152777777746
482,17.365900564806036,160,2176,1,1,1,4,17.365900564806036,1920,0.08563911111111111,17.451539675917147,17.451539675917147,17.466628564806037,17.48207179037475,17.507978711761467,21.669414244685584,0.14207814695543064,4.303513679879547,0.0,0.0,0.015443225568713359,0.02590692138671713
483,17.521184510443327,64,1664,0,7,1,2,17.521184510443327,1536,0.04854755555555555,17.56973206599888,17.56973206599888,17.581976510443326,17.590472174183372,17.616795904652122,19.271805600522647,0.09561139420879528,1.7506210900793207,0.0,0.0,0.008495663740045956,0.02632373046875003
484,17.545249149965493,64,832,44,9,1,6,17.545249149965493,256,0.170496,17.715745149965493,17.715745149965493,17.723367372187713,17.723427250016996,17.749178924124138,19.37629108930271,0.20392977415864522,1.8310419393372186,0.0,0.0,5.987782928329466e-05,0.025751674107141298
485,17.56907297272105,64,1152,85,6,0,,17.56907297272105,256,0.2603448888888889,17.829417861609937,17.829417861609937,17.838817861609936,17.844360401852057,17.870546437008308,19.537067921383315,0.30147346428725896,1.967994948662266,0.0,0.0,0.005542540242121419,0.026186035156250398
486,17.574139561317793,128,1344,37,13,1,11,17.574139561317793,1024,0.10092088888888888,17.675060450206683,17.675060450206683,17.68552711687335,17.696798921831586,17.722590076965513,21.02346077544021,0.1484505156477205,3.449321214122417,0.0,0.0,0.011271804958237652,0.025791155133926935
487,17.584594176275235,160,2048,16,1,0,3,17.584594176275235,0,0.5830328888888889,18.167627065164126,18.167627065164126,18.182004842941904,18.20774330788312,18.233682883078433,22.410012584529333,0.6490887068031981,4.825418408254098,0.0,0.0,0.025738464941216677,0.02593957519531287
488,17.585322136464356,64,4736,7,15,1,4,17.585322136464356,256,1.2666524444444445,18.851974580908802,18.851974580908802,18.88128569201991,18.90410224245621,18.931170235620275,20.613884259755313,1.3458480991559192,3.028562123290957,0.0,0.0,0.02281655043629982,0.02706799316406361
489,17.612684505069275,64,1664,0,8,1,7,17.612684505069275,1536,0.04854755555555555,17.66123206062483,17.66123206062483,17.673476505069274,17.678300351095245,17.704654159688996,19.356589218282753,0.09196965461972084,1.7439047132134782,0.0,0.0,0.004823846025971079,0.026353808593750472
490,17.633850446503786,128,1664,0,14,1,8,17.633850446503786,1536,0.04854755555555555,17.68239800205934,17.68239800205934,17.694642446503785,17.702803397543786,17.72920274185182,21.07190332778932,0.09535229534803591,3.438052881285536,0.0,0.0,0.008160951040000697,0.02639934430803592
491,17.645688199153646,96,2048,0,2,0,14,17.645688199153646,0,0.5830328888888889,18.228721088042533,18.228721088042533,18.24309886582031,18.244767916145474,18.27111573515589,20.739336983528275,0.6254275360022454,3.093648784374629,0.0,0.0,0.0016690503251624023,0.02634781901041805
492,17.765673681094903,96,1216,77,14,0,,17.765673681094903,256,0.27831466666666665,18.04398834776157,18.04398834776157,18.053743903317127,18.07232069665093,18.098577114061644,20.594033210601822,0.3329034329667415,2.828359529506919,0.0,0.0,0.018576793333803465,0.02625641741071405
493,17.845945100410706,128,1024,24,8,1,4,17.845945100410706,256,0.22440533333333335,18.07035043374404,18.07035043374404,18.079039322632926,18.100019882345247,18.12623789992337,21.43617366071207,0.28029279951266517,3.5902285603013624,0.0,0.0,0.020980559712320712,0.02621801757812392
494,17.874071879103614,160,4800,7,4,1,15,17.874071879103614,4544,0.0935111111111111,17.967582990214726,17.967582990214726,17.997249656881394,18.021115015143547,18.047485620612296,22.257554752711755,0.17341374150868205,4.383482873608141,0.0,0.0,0.02386535826215308,0.02637060546874892
495,17.88579425692583,64,2176,1,11,1,1,17.88579425692583,1856,0.10341688888888889,17.98921114581472,17.98921114581472,18.00430003470361,18.029197538483068,18.055275053131506,19.71889545514974,0.1694807962056757,1.8331011982239112,0.0,0.0,0.024897503779456542,0.026077514648438438
496,17.947443533383,96,1664,0,9,1,14,17.947443533383,1536,0.04854755555555555,17.995991088938556,17.995991088938556,18.008235533383,18.03326523364795,18.059097962442593,20.51296556846938,0.11165442905959111,2.565522035086378,0.0,0.0,0.025029700264948218,0.0258327287946436
497,17.95278922308845,128,2176,5,3,1,9,17.95278922308845,2048,0.050083555555555555,18.002872778644004,18.002872778644004,18.017961667532894,18.04129852942874,18.06718583411624,21.370952818165723,0.11439661102779297,3.4181635950772744,0.0,0.0,0.02333686189584583,0.025887304687501
498,18.02474351328187,160,3200,2,0,1,7,18.02474351328187,3072,0.05315555555555555,18.077899068837425,18.077899068837425,18.098676846615202,18.122833008359315,18.148648004019037,22.262219071223583,0.1239044907371678,4.237475557941714,0.0,0.0,0.024156161744112836,0.02581499565972223
499,18.153191122488092,64,4224,131,10,0,,18.153191122488092,256,1.1228942222222222,19.276085344710314,19.276085344710314,19.30255201137698,19.304777394074275,19.331158351105525,20.99959313300656,1.1779672286174332,2.8464020105184673,0.0,0.0,0.002225382697293554,0.02638095703125032
500,18.16466151694431,160,768,92,5,1,13,18.16466151694431,256,0.15252622222222223,18.31718773916653,18.31718773916653,18.324454405833198,18.340027813977606,18.366297833508856,22.501887865595915,0.20163631656454584,4.337226348651605,0.0,0.0,0.015573408144408774,0.026270019531249744
501,18.223023585094534,96,4416,47,4,1,6,18.223023585094534,256,1.1768035555555554,19.39982714065009,19.39982714065009,19.427360473983423,19.44527645913846,19.47203614338325,21.992965397243,1.2490125582887153,3.769941812148467,0.0,0.0,0.01791598515503523,0.026759684244790805
502,18.323211061555718,96,2176,1,7,1,11,18.323211061555718,1792,0.12119466666666667,18.444405728222385,18.444405728222385,18.459494617111275,18.48575293590212,18.51205357764319,20.998338094477262,0.1888425160874725,2.6751270329215444,0.0,0.0,0.026258318790844726,0.026300641741070052
503,18.34284667470471,160,1408,37,8,1,13,18.34284667470471,256,0.332224,18.67507067470471,18.67507067470471,18.685892896926934,18.70315782179837,18.72930967726712,22.87578203822323,0.3864630025624116,4.532935363518522,0.0,0.0,0.01726492487143716,0.02615185546875054
504,18.364108723935118,128,4352,51,13,1,7,18.364108723935118,256,1.1588337777777777,19.522942501712897,19.522942501712897,19.550120279490674,19.560352930388127,19.58653457101313,22.894405209033955,1.2224258470780107,4.530296485098837,0.0,0.0,0.01023265089745351,0.02618164062500128
505,18.38549001091919,160,1664,0,2,1,9,18.38549001091919,1536,0.04854755555555555,18.434037566474746,18.434037566474746,18.44628201091919,18.455564140103807,18.48178105904912,22.609783972460573,0.0962910481299275,4.224293961541381,0.0,0.0,0.009282129184615684,0.02621691894531253
506,18.42497750615588,64,2176,5,12,1,3,18.42497750615588,1728,0.13897244444444445,18.563949950600325,18.563949950600325,18.579038839489215,18.596754633307025,18.622799188971086,20.28990172803358,0.1978216828152064,1.8649242218777005,0.0,0.0,0.01771579381781052,0.026044555664061164
507,18.444099021521758,128,2240,90,3,1,7,18.444099021521758,256,0.5658311111111111,19.00993013263287,19.00993013263287,19.025374577077315,19.049750970834985,19.0756612491553,22.395101068491233,0.6315622276335411,3.9510020469694744,0.0,0.0,0.0243763937576702,0.025910278320314006
508,18.45665671041859,160,2368,22,14,1,13,18.45665671041859,256,0.6017706666666667,19.058427377085255,19.058427377085255,19.074582932640812,19.099783726784857,19.126130755244677,23.31231218311857,0.6694740448260887,4.855655472699983,0.0,0.0,0.025200794144044636,0.02634702845982062
509,18.46022339989821,160,1472,37,1,1,8,18.46022339989821,256,0.35019377777777777,18.81041717767599,18.81041717767599,18.82159495545377,18.830408469015936,18.856257380846294,23.034008092341836,0.39603398094808284,4.573784692443624,0.0,0.0,0.008813513562166975,0.025848911830358645
510,18.500161636015285,96,704,32,2,1,7,18.500161636015285,256,0.13455644444444445,18.63471808045973,18.63471808045973,18.641629191570843,18.665313163541303,18.691358573697553,21.15429510527307,0.19119693768226753,2.6541334692577863,0.0,0.0,0.023683971970459794,0.02604541015625017
511,18.506797664127316,128,5248,3,6,1,15,18.506797664127316,4224,0.30818844444444443,18.81498610857176,18.81498610857176,18.847141664127314,18.87011561018539,18.89688139794581,22.332624269039563,0.3900837338184928,3.8258266049122476,0.0,0.0,0.022973946058076677,0.026765787760417936
512,18.582839862928775,64,2496,14,7,1,1,18.582839862928775,2048,0.13993244444444444,18.72277230737322,18.72277230737322,18.739638974039885,18.74802142083515,18.77420599114765,20.424008179112676,0.1913661282188741,1.8411683161839,0.0,0.0,0.008382446795266674,0.026184570312498323
513,18.586865180149175,96,3200,2,11,1,0,18.586865180149175,3072,0.05315555555555555,18.64002073570473,18.64002073570473,18.660798513482508,18.683552071360676,18.709866402415365,21.23651210554037,0.12300122226618981,2.6496469253911954,0.0,0.0,0.02275355787816835,0.026314331054688722
514,18.58804068051464,96,1152,145,5,0,,18.58804068051464,256,0.2603448888888889,18.84838556940353,18.84838556940353,18.85778556940353,18.86631126124323,18.89255296046198,21.365826397961985,0.304512279947339,2.777785717447344,0.0,0.0,0.008525691839700755,0.02624169921875108
515,18.609492300742744,96,1600,21,9,1,1,18.609492300742744,1024,0.1728,18.782292300742743,18.782292300742743,18.794181189631633,18.808907788521463,18.834764931378604,21.293388094511048,0.22527263063586034,2.683895793768304,0.0,0.0,0.014726598889829745,0.02585714285714147
516,18.622548289623236,64,1664,4,0,1,1,18.622548289623236,1280,0.11965866666666666,18.742206956289902,18.742206956289902,18.754451400734347,18.766366405246707,18.79205069654135,20.416970314209383,0.16950240691811302,1.7944220245861473,0.0,0.0,0.011915004512360383,0.02568429129464178
517,18.6630029491487,96,4672,15,12,1,4,18.6630029491487,4096,0.182016,18.845018949148702,18.845018949148702,18.873974504704258,18.884102655767958,18.91053832471327,21.432882685064833,0.24753537556456706,2.769879735916131,0.0,0.0,0.01012815106370013,0.02643566894531091
518,18.700084745937453,96,1536,13,8,1,3,18.700084745937453,256,0.3681635555555556,19.068248301493007,19.068248301493007,19.07978163482634,19.095486923360873,19.121594955587437,21.592511063055817,0.4215102096499841,2.892426317118364,0.0,0.0,0.01570528853453368,0.026108032226563438
519,18.723501260308797,96,4480,11,1,1,11,18.81041717767599,4096,0.12810666666666667,18.938523844342658,18.938523844342658,18.966412733231547,18.98550926421683,19.011626730734687,21.511086607966835,0.2881254704258893,2.7875853476580374,0.08691591736719317,0.0,0.019096530985283522,0.026117466517856514
520,18.77056885360106,128,1664,0,2,0,2,18.77056885360106,1536,0.04854755555555555,18.819116409156614,18.819116409156614,18.83136085360106,18.8476412885413,18.87365072864547,22.16667264433557,0.1030818750444098,3.396103790734511,0.0,0.0,0.016280434940242117,0.02600944010416839
521,18.93847015706548,160,4096,79,11,0,,18.93847015706548,0,1.1580657777777779,20.09653593484326,20.09653593484326,20.122291490398815,20.148747017649743,20.17566026634766,24.37713057129093,1.237190109282178,5.438660414225449,0.0,0.0,0.026455527250927702,0.026913248697916003
522,18.976036528911465,64,1280,49,7,1,15,18.976036528911465,256,0.29628444444444446,19.27232097335591,19.27232097335591,19.282432084467022,19.29805836744973,19.324221871914016,20.97223994994601,0.34818534300255166,1.9962034210345472,0.0,0.0,0.015626282982708517,0.026163504464285836
523,18.990325516357554,160,1664,0,0,1,2,18.990325516357554,1536,0.04854755555555555,19.03887307191311,19.03887307191311,19.051117516357554,19.07507626155251,19.100828284431973,23.222515527696793,0.11050276807441861,4.232190011339238,0.0,0.0,0.023958745194956776,0.025752022879462544
524,19.064107918588167,128,1664,9,15,1,1,19.064107918588167,1408,0.0841031111111111,19.14821102969928,19.14821102969928,19.160455474143724,19.17480414675309,19.201624947534338,22.524441076316574,0.13751702894617068,3.4603331577284067,0.0,0.0,0.014348672609365565,0.026820800781248266
525,19.093710890771185,128,1728,9,9,1,15,19.093710890771185,256,0.42207288888888894,19.515783779660072,19.515783779660072,19.52838377966007,19.53135798383396,19.55720368695896,22.889431429471976,0.4634927961877757,3.7957205387007917,0.0,0.0,0.002974204173888495,0.02584570312500034
526,19.140554949735602,96,4288,155,2,0,,19.140554949735602,256,1.140864,20.281418949735603,20.281418949735603,20.308241171957825,20.322716866340777,20.34875602649703,22.819973108202763,1.2082010767614264,3.6794181584671612,0.0,0.0,0.014475694382952042,0.02603916015625174
527,19.163650097910867,64,5248,3,1,1,6,19.163650097910867,256,1.4104106666666667,20.574060764577535,20.574060764577535,20.60621632013309,20.610038316951208,20.6365196808835,22.305358971248083,1.4728695829726313,3.1417088733372154,0.0,0.0,0.003821996818118123,0.026481363932290947
528,19.197269658054545,96,4416,51,6,1,13,19.197269658054545,4096,0.11013688888888888,19.307406546943433,19.307406546943433,19.334939880276767,19.349649301591647,19.376421925289563,21.957367188961438,0.17915226723501831,2.7600975309068936,0.0,0.0,0.014709421314879734,0.026772623697915776
529,19.3474525662693,96,2560,6,15,1,4,19.3474525662693,256,0.65568,20.0031325662693,20.0031325662693,20.020354788491524,20.031250924096835,20.057891549096833,22.524441076316574,0.710438982827533,3.1769885100472735,0.0,0.0,0.010896135605310775,0.026640624999998863
530,19.354802779702805,96,1664,0,8,1,0,19.354802779702805,1536,0.04854755555555555,19.40335033525836,19.40335033525836,19.415594779702804,19.434869654480668,19.46082375604317,21.93198118024332,0.10602097634036411,2.5771784005405145,0.0,0.0,0.019274874777863715,0.02595410156250111
531,19.356444485497374,64,704,48,0,1,4,19.356444485497374,256,0.13455644444444445,19.49100092994182,19.49100092994182,19.49791204105293,19.51360041984864,19.539337306009354,21.168951657796622,0.18289282051198086,1.8125071722992487,0.0,0.0,0.015688378795708502,0.02573688616071479
532,19.37452643317207,128,2624,10,5,1,3,19.37452643317207,256,0.6736497777777778,20.048176210949848,20.048176210949848,20.065753988727625,20.07391892725886,20.10001316554011,23.384529827556477,0.7254867323680401,4.010003394384409,0.0,0.0,0.0081649385312339,0.02609423828124946
533,19.38599599696829,128,4224,143,14,0,,19.38599599696829,256,1.1228942222222222,20.508890219190512,20.508890219190512,20.53535688585718,20.54130772232057,20.567670222320572,23.914879775194464,1.1816742253522818,4.528883778226174,0.0,0.0,0.00595083646339134,0.026362500000001177
534,19.409457406151976,64,2176,5,12,0,12,19.409457406151976,2048,0.050083555555555555,19.459540961707532,19.459540961707532,19.474629850596422,19.493301386236705,19.519915888189832,21.194474970221084,0.11045848203785624,1.7850175640691077,0.0,0.0,0.018671535640283565,0.026614501953126535
535,19.43161203636017,160,3200,2,3,1,11,19.43161203636017,256,0.8353777777777779,20.26698981413795,20.26698981413795,20.287767591915728,20.294674351368844,20.32093590735843,24.47166361305658,0.8893238709982576,5.04005157669641,0.0,0.0,0.006906759453116251,0.026261555989584906
536,19.47162041718808,128,2048,89,7,0,,19.47162041718808,0,0.5830328888888889,20.054653306076972,20.054653306076972,20.06903108385475,20.083426496634996,20.109622157907317,23.43634466999809,0.6380017407192362,3.964724252810008,0.0,0.0,0.01439541278024592,0.026195661272321757
537,19.52521206059672,160,3200,2,6,1,3,19.52521206059672,256,0.8353777777777779,20.360589838374498,20.360589838374498,20.381367616152275,20.385677784664566,20.41278683414373,24.68285231769717,0.8875747735470121,5.15764025710045,0.0,0.0,0.004310168512290602,0.027109049479165037
538,19.52572537312374,96,4096,7,12,0,4,19.52572537312374,0,1.1580657777777779,20.68379115090152,20.68379115090152,20.709546706457076,20.717034540533582,20.7438345079815,23.22536390658177,1.2181091348577588,3.699638533458028,0.0,0.0,0.007487834076506772,0.026799967447917794
539,19.63559350578791,160,1280,65,10,1,13,19.63559350578791,256,0.29628444444444446,19.931877950232355,19.931877950232355,19.941989061343467,19.966951067576872,19.99331813300656,24.154365028932894,0.3577246272186514,4.518771523144984,0.0,0.0,0.024962006233405276,0.026367065429688807
540,19.651443375441836,96,512,15,4,0,12,19.651443375441836,0,0.15175822222222224,19.80320159766406,19.80320159766406,19.809046042108506,19.81905165445096,19.84547116942492,22.362443912868002,0.19402779398308212,2.711000537426166,0.0,0.0,0.010005612342453674,0.026419514973959224
541,19.718312668679612,160,2560,14,0,1,7,19.718312668679612,2176,0.12234666666666667,19.840659335346277,19.840659335346277,19.8578815575685,19.874000508204297,19.899833376507868,24.029916825129828,0.18152070782825547,4.311604156450215,0.0,0.0,0.01611895063579638,0.025832868303570677
542,19.730037369210894,160,2176,1,8,1,7,19.730037369210894,256,0.5478613333333333,20.277898702544228,20.277898702544228,20.292987591433118,20.294104615418178,20.320121298360885,24.474979088578205,0.5900839291499906,4.744941719367311,0.0,0.0,0.0011170239850599728,0.026016682942707092
543,19.78634838215699,64,2240,26,13,1,14,19.78634838215699,256,0.5658311111111111,20.352179493268103,20.352179493268103,20.367623937712548,20.370922591846465,20.397236068408965,22.037114193408954,0.6108876862519743,2.250765811251963,0.0,0.0,0.0032986541339177222,0.026313476562499716
544,19.788790121380643,64,4096,129,9,0,,19.788790121380643,0,1.1580657777777779,20.94685589915842,20.94685589915842,20.972611454713977,20.978122306750628,21.004353426542295,22.677989372180313,1.215563305161652,2.8891992507996704,0.0,0.0,0.005510852036650249,0.026231119791667368
545,19.876706632911315,64,1664,0,4,1,8,19.876706632911315,1536,0.04854755555555555,19.92525418846687,19.92525418846687,19.937498632911314,19.951865114737416,19.97833362059679,21.64734304791264,0.10162698768547429,1.7706364150013236,0.0,0.0,0.014366481826101563,0.026468505859373437
546,19.911081827612946,96,2176,1,0,1,8,19.911081827612946,2048,0.050083555555555555,19.961165383168503,19.961165383168503,19.976254272057393,19.977334911106084,20.003198192356084,22.46992073137983,0.09211636474313778,2.5588389037668833,0.0,0.0,0.0010806390486912676,0.02586328125000037
547,19.91294305297676,96,2304,54,10,1,7,19.931877950232355,256,0.5838008888888889,20.515678839121243,20.515678839121243,20.53147883912124,20.54854616035031,20.575071795115935,23.05963136542843,0.6621287421391742,3.146688312451669,0.018934897255594052,0.0,0.01706732122906729,0.026525634765626194
548,19.920598730923228,160,960,76,15,1,0,20.0031325662693,512,0.13532444444444444,20.138457010713744,20.138457010713744,20.146790344047076,20.164458931909333,20.190906278914543,24.301198051763002,0.2703075479913153,4.380599320839774,0.08253383534607295,0.0,0.017668587862257112,0.026447347005209565
549,19.971547456957346,160,1664,21,5,1,9,20.048176210949848,256,0.40410311111111114,20.45227932206096,20.45227932206096,20.464523766505405,20.49013963038386,20.515916974133862,24.634640276775222,0.5443695171765164,4.6630928198178765,0.07662875399250169,0.0,0.025615863878456935,0.025777343750000625
550,19.982413500635843,160,4416,19,7,1,8,20.054653306076972,256,1.1768035555555554,21.231456861632527,21.231456861632527,21.25899019496586,21.28405391478976,21.310325399164757,25.485402619681867,1.3279118985289138,5.502989119046024,0.07223980544112862,0.0,0.025063719823897657,0.026271484374998266
551,19.98278765141561,128,2176,1,11,1,0,20.09653593484326,2048,0.050083555555555555,20.146619490398816,20.146619490398816,20.161708379287706,20.17566026634766,20.202361194082034,23.557674801434157,0.21957354266642426,3.5748871500185473,0.11374828342765042,0.0,0.013951887059953094,0.026700927734374602
552,19.98841087979151,128,1664,0,4,0,4,19.98841087979151,1536,0.04854755555555555,20.036958435347064,20.036958435347064,20.04920287979151,20.057861062003038,20.08432102294054,23.450188704534664,0.09591014314903035,3.461777824743155,0.0,0.0,0.008658182211529919,0.026459960937501137
553,20.046951983161726,128,1472,8,0,1,3,20.046951983161726,1152,0.10130488888888889,20.148256872050617,20.148256872050617,20.159434649828395,20.184254832981082,20.210105527425526,23.508417801692325,0.1631535442637997,3.4614658185305984,0.0,0.0,0.024820183152687747,0.025850694444443434
554,20.102685084564534,96,3200,2,4,1,6,20.102685084564534,3072,0.05315555555555555,20.15584064012009,20.15584064012009,20.176618417897867,20.19016574950304,20.21664245151197,22.73394179698258,0.11395736694743519,2.631256712418047,0.0,0.0,0.013547331605174406,0.026476702008928044
555,20.11989942268048,64,2176,150,3,0,,20.26698981413795,256,0.5478613333333333,20.814851147471284,20.814851147471284,20.829940036360174,20.846269566212598,20.872489048634474,22.5251380383573,0.7525896259539948,2.405238615676822,0.14709039145747127,0.0,0.016329529852423974,0.026219482421875995
556,20.19707563681471,160,2624,6,8,1,15,20.277898702544228,2304,0.10476088888888889,20.382659591433118,20.382659591433118,20.400237369210895,20.424192912944218,20.450249483814755,24.605529930863362,0.2531738470000455,4.408454294048653,0.08082306572951836,0.0,0.023955543733322315,0.026056570870537143
557,20.256487742484317,128,1216,12,15,1,13,20.256487742484317,256,0.27831466666666665,20.534802409150984,20.534802409150984,20.54455796470654,20.561220406518707,20.587552088996386,23.861893643280858,0.3310643465120684,3.6054059007965407,0.0,0.0,0.016662441812165696,0.026331682477678697
558,20.26052975388682,64,2048,1,0,0,11,20.26052975388682,0,0.5830328888888889,20.84356264277571,20.84356264277571,20.857940420553486,20.883086153123077,20.90907352756504,22.54775499477269,0.6485437736782202,2.287225240885867,0.0,0.0,0.02514573256959096,0.025987374441964306
559,20.27910291477238,64,2176,1,11,0,11,20.27910291477238,2048,0.050083555555555555,20.329186470327937,20.329186470327937,20.344275359216827,20.362577014394535,20.389152990957037,22.04893066022787,0.11005007618465612,1.7698277454554905,0.0,0.0,0.018301655177708653,0.026575976562501324
560,20.3746749905062,160,4352,151,4,1,11,20.3746749905062,256,1.1588337777777777,21.53350876828398,21.53350876828398,21.560686546061756,21.56760171490483,21.594181670959514,25.81262163910498,1.2195066804533141,5.437946648598778,0.0,0.0,0.006915168843072195,0.026579956054685994
561,20.376924182171212,160,1344,33,2,1,9,20.376924182171212,256,0.3142542222222222,20.691178404393433,20.691178404393433,20.7016450710601,20.713355538215776,20.739336983528275,24.883237024218392,0.36241280135706333,4.50631284204718,0.0,0.0,0.011710467155676696,0.025981445312499574
562,20.41614347638268,128,512,0,13,0,4,20.41614347638268,0,0.15175822222222224,20.567901698604903,20.567901698604903,20.57374614304935,20.581444076221462,20.607494613330836,23.904767269580827,0.19135113694815686,3.4886237931981476,0.0,0.0,0.007697933172114091,0.02605053710937355
563,20.472378865927148,128,4352,27,6,1,3,20.472378865927148,256,1.1588337777777777,21.631212643704927,21.631212643704927,21.658390421482704,21.660330942216646,21.687461191240082,25.082831652937124,1.2150823253129346,4.610452787009976,0.0,0.0,0.0019405207339424635,0.027130249023436193
564,20.472683957039646,96,1664,0,5,1,4,20.472683957039646,1536,0.04854755555555555,20.5212315125952,20.5212315125952,20.533475957039645,20.54169480616511,20.56747996241511,23.020751995525227,0.09479600537546418,2.5480680384855816,0.0,0.0,0.008218849125466221,0.025785156249998664
565,20.52977932445711,64,3200,2,8,1,4,20.52977932445711,256,0.8353777777777779,21.36515710223489,21.36515710223489,21.385934880012666,21.410189494975462,21.43617366071207,23.086677871556567,0.9063943362549587,2.5568985470994576,0.0,0.0,0.02425461496279624,0.025984165736606002
566,20.539525357348378,160,1088,16,11,1,3,20.539525357348378,512,0.171264,20.71078935734838,20.71078935734838,20.719833801792824,20.734685119863286,20.76109267194662,24.95429294224517,0.22156731459824286,4.4147675848967936,0.0,0.0,0.014851318070462582,0.02640755208333445
567,20.557116597768612,160,2048,11,14,0,1,20.557116597768612,0,0.5830328888888889,21.1401494866575,21.1401494866575,21.154527264435277,21.179022142893487,21.205607836252863,25.37202924506054,0.6484912384842509,4.814912647291926,0.0,0.0,0.024494878458209968,0.026585693359375995
568,20.592085164667477,160,3200,2,10,1,8,20.592085164667477,2560,0.1953777777777778,20.787462942445256,20.787462942445256,20.808240720223033,20.81382448066281,20.84036139472531,24.9857075884567,0.24827623005783295,4.393622423789225,0.0,0.0,0.005583760439776597,0.026536914062500472
569,20.604099470439607,128,896,44,5,1,9,20.604099470439607,256,0.1884657777777778,20.792565248217386,20.792565248217386,20.800543025995164,20.82535838038386,20.851090069836985,24.137725433025224,0.24699059939737822,3.5336259625856172,0.0,0.0,0.02481535438869642,0.025731689453124318
570,20.730759300481285,64,1792,9,15,1,9,20.730759300481285,1536,0.08448711111111111,20.815246411592398,20.815246411592398,20.828201967147955,20.849379132802188,20.875505737154867,22.498680456199388,0.14474643667358222,1.7679211557181027,0.0,0.0,0.02117716565423322,0.02612660435267955
571,20.73276144654339,96,832,28,13,1,15,20.73276144654339,576,0.0816071111111111,20.8143685576545,20.8143685576545,20.82199077987672,20.84197141997146,20.86789700590896,23.33361267973708,0.13513555936557253,2.6008512331936906,0.0,0.0,0.01998064009474021,0.025925585937500273
572,20.777330195058774,96,256,2,12,0,10,20.777330195058774,0,0.07987911111111111,20.857209306169885,20.857209306169885,20.861631528392106,20.877841669439835,20.904225092291398,23.37979715155945,0.12689489723262426,2.6024669565006775,0.0,0.0,0.01621014104772911,0.0263834228515627
573,20.857696819852087,128,512,71,2,0,,20.857696819852087,0,0.15175822222222224,21.00945504207431,21.00945504207431,21.015299486518757,21.025022237434527,21.050875834439736,24.35578878203089,0.19317901458764908,3.498091962178801,0.0,0.0,0.009722750915770462,0.025853597005209394
574,20.922080930739256,128,2048,0,11,0,5,20.922080930739256,0,0.5830328888888889,21.505113819628143,21.505113819628143,21.51949159740592,21.525116304759116,21.551264839915365,24.901836399276423,0.6291839091761098,3.979755468537167,0.0,0.0,0.005624707353195646,0.026148535156249153
575,20.960241617530897,160,4480,51,1,1,6,20.960241617530897,256,1.1947733333333332,22.15501495086423,22.15501495086423,22.18290383975312,22.198960143123085,22.225618834529335,26.374953928317375,1.2653772169984379,5.414712310786477,0.0,0.0,0.016056303369964553,0.026658691406250767
576,20.969937326301313,160,1664,4,10,1,0,20.969937326301313,1344,0.10188088888888888,21.071818215190202,21.071818215190202,21.084062659634647,21.104628858918016,21.130669264191454,25.2699652056442,0.16073193789014084,4.300027879342888,0.0,0.0,0.020566199283369002,0.026040405273437983
577,21.03134372367284,160,512,0,15,0,5,21.03134372367284,0,0.15175822222222224,21.183101945895064,21.183101945895064,21.18894639033951,21.213860889684632,21.23958558043984,25.342664085989192,0.2082418567669997,4.311320362316351,0.0,0.0,0.024914499345122465,0.025724690755208002
578,21.070637899487807,96,1664,0,0,1,5,21.070637899487807,1536,0.04854755555555555,21.11918545504336,21.11918545504336,21.131429899487806,21.142981870198966,21.168951657796622,23.638635086848577,0.09831375830881584,2.5679971873607705,0.0,0.0,0.011551970711160209,0.025969787597656335
579,21.07146780493965,128,2304,26,5,1,13,21.07146780493965,256,0.5838008888888889,21.65526869382854,21.65526869382854,21.671068693828538,21.675080108899486,21.70091287257136,25.000909384848143,0.6294450676317105,3.9294415799084916,0.0,0.0,0.0040114150709484875,0.02583276367187537
580,21.101556517374146,96,4416,55,9,1,5,21.101556517374146,4096,0.11013688888888888,21.211693406263034,21.211693406263034,21.23922673959637,21.240455477323547,21.26692154177667,23.795747835721976,0.16536502440252576,2.69419131834783,0.0,0.0,0.0012287377271782418,0.026466064453124716
581,21.13830275090827,128,2048,14,13,0,0,21.13830275090827,0,0.5830328888888889,21.72133563979716,21.72133563979716,21.73571341757494,21.751129232471456,21.777125423877706,25.082935775440202,0.638822672969436,3.9446330245319317,0.0,0.0,0.015415814896517332,0.02599619140625009
582,21.213977394113776,96,3200,2,3,1,10,21.213977394113776,3072,0.05315555555555555,21.26713294966933,21.26713294966933,21.28791072744711,21.29206717363447,21.318361900196972,23.7979589960861,0.10438450608319627,2.5839816019723223,0.0,0.0,0.004156446187362661,0.02629472656250087
583,21.219514188350605,96,2240,150,12,1,3,21.219514188350605,256,0.5658311111111111,21.785345299461717,21.785345299461717,21.80078974390616,21.824047235846084,21.85013284782525,24.31348734873207,0.6306186594746457,3.0939731603814664,0.0,0.0,0.02325749193992266,0.026085611979166146
584,21.234492677808408,128,4480,55,2,1,9,21.234492677808408,256,1.1947733333333332,22.429266011141742,22.429266011141742,22.45715490003063,22.47860233183557,22.504837683398073,25.82774426705694,1.2703450055896646,4.593251589248531,0.0,0.0,0.021447431804940464,0.026235351562501563
585,21.244676204521298,64,4224,159,10,0,,21.244676204521298,256,1.1228942222222222,22.36757042674352,22.36757042674352,22.394037093410187,22.407247267121143,22.433511622589894,24.076613808229766,1.1888354180685958,2.831937603708468,0.0,0.0,0.013210173710955786,0.026264355468750722
586,21.285756625029535,128,512,16,15,0,11,21.285756625029535,0,0.15175822222222224,21.43751484725176,21.43751484725176,21.443359291696204,21.445400684606508,21.471061329137758,24.743610196015233,0.18530470410822275,3.457853570985698,0.0,0.0,0.0020413929103035855,0.025660644531249943
587,21.321268548651126,160,2432,22,9,1,14,21.321268548651126,256,0.6197404444444444,21.941008993095572,21.941008993095572,21.957520104206683,21.96053490440688,21.98710094444594,26.198399819073913,0.6658323957948156,4.877131270422787,0.0,0.0,0.0030148002001979535,0.026566040039060823
588,21.32185916433053,160,1408,17,0,1,13,21.32185916433053,1152,0.08333511111111111,21.40519427544164,21.40519427544164,21.416016497663865,21.42952678335466,21.455540394194504,25.59278398821576,0.13368122986397424,4.270924823885231,0.0,0.0,0.013510285690795598,0.026013610839843437
589,21.32276659456446,96,2304,82,14,1,6,21.32276659456446,256,0.5838008888888889,21.906567483453347,21.906567483453347,21.922367483453346,21.9469519117737,21.973311042633075,24.46263695990429,0.6505444480686151,3.1398703653398314,0.0,0.0,0.02458442832035246,0.026359130859376023
590,21.330945697131945,160,1600,13,7,1,8,21.330945697131945,256,0.3861333333333334,21.71707903046528,21.71707903046528,21.72896791935417,21.732960653071,21.759286173904332,25.93142182773618,0.4283404767723873,4.600476130604235,0.0,0.0,0.003992733716831509,0.02632552083333195
591,21.412083725779773,96,2176,86,3,0,,21.412083725779773,256,0.5478613333333333,21.959945059113107,21.959945059113107,21.975033948001997,21.976873106251656,22.003165782032905,24.47166361305658,0.591082056253132,3.059579887276808,0.0,0.0,0.0018391582496590786,0.026292675781249386
592,21.420485033875305,160,4096,95,8,0,,21.420485033875305,0,1.1580657777777779,22.578550811653084,22.578550811653084,22.60430636720864,22.612840311102694,22.639195096258945,26.792921617769384,1.2187100623836393,5.372436583894078,0.0,0.0,0.008533943894054374,0.02635478515625067
593,21.627325865629732,160,2368,26,15,1,5,21.627325865629732,256,0.6017706666666667,22.2290965322964,22.2290965322964,22.245252087851956,22.266783497106506,22.29251976419635,26.418497554181148,0.665193898566617,4.791171688551415,0.0,0.0,0.02153140925454977,0.02573626708984378
594,21.628729133042917,96,2240,86,0,1,3,21.628729133042917,256,0.5658311111111111,22.19456024415403,22.19456024415403,22.210004688598474,22.210147510893723,22.23618304691803,24.70755381243451,0.607453913875112,3.0788246793915945,0.0,0.0,0.00014282229524908985,0.026035536024306083
595,21.684982723057043,160,3200,2,11,1,3,21.684982723057043,3072,0.05315555555555555,21.7381382786126,21.7381382786126,21.758916056390376,21.76047069929037,21.78669189069662,25.9753038099907,0.10170916763957649,4.290321086933655,0.0,0.0,0.001554642899993297,0.026221191406250455
596,21.71025977183739,64,4096,68,4,0,15,21.71025977183739,0,1.1580657777777779,22.868325549615168,22.868325549615168,22.894081105170724,22.919481103623205,22.94615281586279,24.625993587347164,1.2358930440253992,2.9157338155097747,0.0,0.0,0.025399998452481753,0.0266717122395832
597,21.742199766594904,96,1664,0,6,1,0,21.742199766594904,1536,0.04854755555555555,21.79074732215046,21.79074732215046,21.802991766594904,21.82311976057602,21.849988803544772,24.389104514962796,0.10778903694986752,2.6469047483678914,0.0,0.0,0.020127993981116532,0.0268690429687517
598,21.765075292637313,96,4096,36,13,0,13,21.765075292637313,0,1.1580657777777779,22.92314107041509,22.92314107041509,22.948896625970647,22.971166439502706,22.997107479541768,25.478566268604265,1.2320321869044548,3.713490975966952,0.0,0.0,0.022269813532059146,0.02594104003906139
599,21.78480278610303,96,1216,41,7,1,0,21.78480278610303,256,0.27831466666666665,22.063117452769696,22.063117452769696,22.072873008325253,22.075230509841834,22.10137784870902,24.5893225764341,0.3165750626059918,2.804519790331071,0.0,0.0,0.0023575015165810953,0.026147338867186676
600,21.79681598690593,160,1664,0,5,1,6,21.79681598690593,1536,0.04854755555555555,21.845363542461484,21.845363542461484,21.85760798690593,21.881755890149485,21.907589107225377,26.046956829509607,0.11077312031944686,4.2501408426036775,0.0,0.0,0.024147903243555646,0.025833217075891923
601,21.80614765545771,64,5248,3,11,1,1,21.80614765545771,4096,0.343744,22.14989165545771,22.14989165545771,22.182047211013266,22.20645673444662,22.232930530019534,23.903370881233265,0.4267828745618232,2.0972232257755543,0.0,0.0,0.02440952343335212,0.026473795572915293
602,21.80863112982284,160,1856,9,12,1,15,21.80863112982284,1344,0.15579022222222222,21.96442135204506,21.96442135204506,21.977732463156173,21.980568231939838,22.00661120068984,26.140684275272864,0.19798007086700053,4.3320531454500255,0.0,0.0,0.0028357687836653156,0.02604296875000145
603,21.81826259906837,160,3200,2,6,1,11,21.81826259906837,3072,0.05315555555555555,21.871418154623925,21.871418154623925,21.8921959324017,21.90372835432602,21.930547527503105,26.165358252639503,0.11228492843473603,4.3470956535711345,0.0,0.0,0.01153242192431847,0.02681917317708482
604,21.835948105973845,96,2432,26,14,1,15,21.906567483453347,2048,0.12196266666666666,22.028530150120012,22.028530150120012,22.045041261231123,22.0523913648987,22.0787177320862,24.56664770209179,0.24276962611235575,2.730699596117944,0.07061937747950253,0.0,0.007350103667576491,0.02632636718750092
605,21.851325296147216,160,4608,11,9,1,1,21.941008993095572,256,1.230712888888889,23.17172188198446,23.17172188198446,23.20032188198446,23.209810335721976,23.236694613065726,27.436817857578372,1.38536931691851,5.585492561431156,0.08968369694835587,0.0,0.00948845373751439,0.02688427734375054
606,21.8543993415596,160,256,4,3,0,10,21.959945059113107,0,0.07987911111111111,22.039824170224218,22.039824170224218,22.04424639244644,22.055752598439156,22.08185188229332,26.197892981236144,0.22745254073372223,4.343493639676545,0.1055457175535075,0.0,0.0115062059927169,0.026099283854165378
607,21.86951550303028,96,4224,59,7,0,,22.063117452769696,256,1.1228942222222222,23.186011674991917,23.186011674991917,23.212478341658585,23.22617533406059,23.252522892654337,25.748228582293475,1.3830073896240584,3.8787130792631963,0.19360194973941702,0.0,0.013696992402003616,0.026347558593748488
608,21.87741127716829,96,2176,5,1,1,12,22.15501495086423,1984,0.06786133333333334,22.222876284197564,22.222876284197564,22.237965173086454,22.252278014216834,22.278818248591833,24.747985288638642,0.401406971423544,2.870574011470353,0.27760367369594263,0.0,0.014312841130379894,0.026540234374998306
609,21.885058306666195,64,4352,99,11,1,10,22.14989165545771,256,1.1588337777777777,23.308725433235487,23.308725433235487,23.335903211013264,23.345270862050782,23.371855683479353,25.033246974053206,1.4867973768131577,3.1481886673870108,0.264833348791516,0.0,0.009367651037518243,0.026584821428571104
610,21.89897417599231,160,4672,11,6,1,9,21.89897417599231,4224,0.14646044444444445,22.045434620436755,22.045434620436755,22.07439017599231,22.09108984521144,22.117925050289564,26.349818430590894,0.2189508742972528,4.450844254598582,0.0,0.0,0.01669966921912902,0.026835205078125313
611,21.972666604990998,160,2240,118,0,0,,22.19456024415403,256,0.5658311111111111,22.760391355265142,22.760391355265142,22.775835799709586,22.781155873678934,22.80711430001822,26.960268753840754,0.8344476950272224,4.987602148849756,0.2218936391630315,0.0,0.005320073969347305,0.02595842633928669
612,21.986276112320443,128,1280,12,13,1,15,22.92314107041509,1024,0.0829511111111111,23.006092181526203,23.006092181526203,23.016203292637314,23.02304900786208,23.04892762114333,26.36716221586989,1.0626515088228885,4.380886103549447,0.9368649580946489,0.0,0.006845715224766735,0.025878613281250296
613,21.991312980621405,160,1920,9,12,0,12,21.991312980621405,1728,0.06709333333333334,22.058406313954737,22.058406313954737,22.072072980621403,22.08474303662734,22.11076647412734,26.245734637996076,0.11945349350593659,4.254421657374671,0.0,0.0,0.012670056005937624,0.026023437500001023
614,21.997551801521503,160,2176,1,15,1,11,22.2290965322964,2048,0.050083555555555555,22.279180087851955,22.279180087851955,22.294268976740845,22.31825651956744,22.34402990281397,26.47107895764097,0.34647810129246537,4.4735271561194665,0.23154473077489612,0.0,0.023987542826596098,0.025773383246527004
615,22.020459756686726,160,2496,22,5,1,9,22.020459756686726,256,0.6377102222222223,22.658169978908948,22.658169978908948,22.675036645575613,22.68326978291362,22.70922702342701,26.85602587247836,0.6887672667402853,4.835566115791632,0.0,0.0,0.008233137338006458,0.02595724051339232
616,22.022663357917466,64,1344,49,14,1,7,22.028530150120012,256,0.3142542222222222,22.342784372342233,22.342784372342233,22.3532510390089,22.368339997711203,22.394559561513287,24.045151573464555,0.37189620359582065,2.0224882155470887,0.005866792202546378,0.0,0.015088958702303756,0.026219563802083456
617,22.048186633159045,128,2688,10,3,1,5,22.048186633159045,2368,0.10495288888888889,22.153139522047933,22.153139522047933,22.171072855381265,22.186253900522487,22.212385736459986,25.502920394740606,0.16419910330094112,3.4547337615815614,0.0,0.0,0.015181045141222427,0.026131835937498238
618,22.057400250259583,128,4352,31,6,1,12,22.057400250259583,256,1.1588337777777777,23.216234028037363,23.216234028037363,23.24341180581514,23.26680297997706,23.293573487789562,26.6644340447402,1.2361732375299788,4.607033794480618,0.0,0.0,0.02339117416192238,0.026770507812500455
619,22.059335138222618,160,1664,0,12,1,5,22.059335138222618,1536,0.04854755555555555,22.107882693778173,22.107882693778173,22.120127138222617,22.13679039990859,22.162779494960674,26.298345477839828,0.10344435673805563,4.239010339617209,0.0,0.0,0.01666326168597365,0.02598909505208269
620,22.145939162782913,160,256,108,10,0,,22.36757042674352,0,0.07987911111111111,22.44744953785463,22.44744953785463,22.451871760076852,22.459776466339893,22.4858517430326,26.620230228430668,0.3399125802496883,4.474291065647755,0.22163126396060662,0.0,0.00790470626304085,0.02607527669270837
621,22.14617378390554,64,5248,3,6,1,11,23.216234028037363,5120,0.05929955555555556,23.275533583592917,23.275533583592917,23.307689139148472,23.32034448388331,23.347228970490452,25.02974062336123,1.201055186584913,2.8835668394556926,1.0700602441318239,0.0,0.012655344734838536,0.026884486607141156
622,22.1634374344514,160,1280,45,2,1,12,22.429266011141742,256,0.29628444444444446,22.725550455586188,22.725550455586188,22.7356615666973,22.74141178007776,22.76759840117151,26.914183834114233,0.6041609667201122,4.750746399662834,0.26582857669034254,0.0,0.005750213380462554,0.026186621093749807
623,22.167818439322897,64,512,131,3,0,10,22.167818439322897,0,0.15175822222222224,22.31957666154512,22.31957666154512,22.325421105989566,22.343052240366234,22.36907641028811,24.004841347431583,0.20125797096521225,1.8370229081086862,0.0,0.0,0.017631134376667745,0.026024169921875284
624,22.22055100745582,160,2752,10,14,1,3,22.342784372342233,256,0.7095893333333334,23.052373705675567,23.052373705675567,23.070662594564457,23.0764396070862,23.102688211996917,27.251449101831373,0.8821372045410953,5.0308980943755515,0.12223336488641223,0.0,0.005777012521743785,0.02624860491071601
625,22.261269866975766,64,640,64,12,0,,22.261269866975766,256,0.11658666666666667,22.377856533642433,22.377856533642433,22.384412089197987,22.396703323085674,22.4225999469696,24.052933149513322,0.16133007999383508,1.7916632825375558,0.0,0.0,0.01229123388768727,0.025896623883927106
626,22.271420554928532,64,256,0,1,0,12,22.271420554928532,0,0.07987911111111111,22.351299666039644,22.351299666039644,22.355721888261865,22.357915611873082,22.383963854060582,24.01880362185572,0.11254329913204941,1.7473830669271884,0.0,0.0,0.0021937236112172798,0.02604824218749968
627,22.288084531652736,64,2560,34,15,1,5,22.288084531652736,256,0.65568,22.943764531652736,22.943764531652736,22.96098675387496,22.986266759910322,23.012012435133535,24.639832852265233,0.7239279034807993,2.351748320612497,0.0,0.0,0.025280006035362845,0.025745675223213027
628,22.333440735894953,128,2624,18,3,1,8,22.333440735894953,256,0.6736497777777778,23.007090513672733,23.007090513672733,23.02466829145051,23.04512501752397,23.071169032590934,26.35314821282097,0.7377282966959804,4.0197074769260155,0.0,0.0,0.020456726073458498,0.026044015066965187
629,22.348566431110925,160,1664,13,8,1,7,22.578550811653084,1408,0.0841031111111111,22.662653922764196,22.662653922764196,22.67489836720864,22.691906131415195,22.718171756415195,26.870639530715813,0.3696053253042706,4.522073099604889,0.22998438054215953,0.0,0.01700776420655359,0.026265625000000625
630,22.442817443867312,64,1088,24,1,1,8,22.442817443867312,256,0.2423751111111111,22.685192554978425,22.685192554978425,22.69423699942287,22.696501354060583,22.722445494685584,24.356861544219,0.27962805081827113,1.9140441003516884,0.0,0.0,0.0022643546377132395,0.0259441406250005
631,22.461189666670563,96,4800,15,5,1,12,22.658169978908948,256,1.284622222222222,23.94279220113117,23.94279220113117,23.972458867797837,23.980735198650226,24.0068990170096,26.49269384122836,1.5457093503390382,4.031504174557796,0.19698031223838441,0.0,0.008276330852389435,0.026163818359375313
632,22.495591197778285,128,1664,0,12,0,12,22.495591197778285,1536,0.04854755555555555,22.54413875333384,22.54413875333384,22.556383197778285,22.57798994417942,22.603879043300516,25.90466169226505,0.1082878455222307,3.409070494486766,0.0,0.0,0.02160674640113669,0.025889099121094716
633,22.542864805317162,64,2176,1,10,1,15,22.542864805317162,256,0.5478613333333333,23.090726138650496,23.090726138650496,23.105815027539386,23.11177072089718,23.137839812694054,24.777943265540035,0.5949750073768918,2.235078460222873,0.0,0.0,0.005955693357794445,0.026069091796873778
634,22.575453894858434,96,4736,11,12,1,6,22.575453894858434,256,1.2666524444444445,23.84210633930288,23.84210633930288,23.87141745041399,23.896597281767786,23.92265203902225,26.403905438777326,1.3471981441638157,3.8284515439188915,0.0,0.0,0.02517983135379609,0.026054757254463823
635,22.608767741825204,160,2176,5,1,0,1,22.685192554978425,2048,0.050083555555555555,22.73527611053398,22.73527611053398,22.75036499942287,22.774335240779333,22.80030032866996,26.95000679696971,0.1915325868447546,4.341239055144506,0.07642481315322058,0.0,0.023970241356462196,0.025965087890625682
636,22.624403820895903,64,4224,67,2,0,,22.725550455586188,256,1.1228942222222222,23.84844467780841,23.84844467780841,23.874911344475077,23.88432149687464,23.91050997343714,25.566922489713185,1.2861061525412367,2.942518668817282,0.10114663469028429,0.0,0.009410152399563998,0.02618847656249912
637,22.67683428030978,160,2304,46,0,1,9,22.760391355265142,256,0.5838008888888889,23.34419224415403,23.34419224415403,23.35999224415403,23.37839931675929,23.404402037183395,27.565738919856383,0.727567756873615,4.8889046395466025,0.0835570749553618,0.0,0.01840707260526031,0.02600272042410623
638,22.701870423006273,96,2176,1,4,1,10,22.868325549615168,2048,0.050083555555555555,22.918409105170724,22.918409105170724,22.933497994059614,22.94615281586279,22.972672591253414,25.497533748479977,0.27080216824714043,2.795663325473704,0.16645512660889494,0.0,0.012654821803174343,0.026519775390625
639,22.73045028423723,160,2176,5,10,1,1,23.090726138650496,256,0.5478613333333333,23.63858747198383,23.63858747198383,23.65367636087272,23.659324187694054,23.68540112686816,27.823875573482752,0.9549508426309323,5.093425289245523,0.3602758544132669,0.0,0.005647826821334689,0.02607693917410714
640,22.755647804663056,128,2688,6,8,0,8,22.755647804663056,2496,0.06939733333333334,22.82504513799639,22.82504513799639,22.842978471329722,22.849507205633945,22.87578203822323,26.19469367587486,0.12013423356017583,3.4390458712118033,0.0,0.0,0.0065287343042221835,0.0262748325892872
641,22.79910823702351,160,1152,149,1,0,,22.79910823702351,256,0.2603448888888889,23.0594531259124,23.0594531259124,23.068853125912398,23.086017760310586,23.111949482315794,27.26576485361033,0.3128412452922831,4.466656616586821,0.0,0.0,0.017164634398188383,0.025931722005207547
642,22.80842389829751,128,4416,27,15,1,6,22.943764531652736,256,1.1768035555555554,24.12056808720829,24.12056808720829,24.148101420541625,24.17128524484336,24.19726682966479,27.526531422298703,1.3888429313672823,4.718107524001194,0.13534063335522717,0.0,0.02318382430173571,0.025981584821430204
643,22.83359827995519,160,640,104,3,0,,23.007090513672733,256,0.11658666666666667,23.1236771803394,23.1236771803394,23.130232735894953,23.149304007479326,23.175258292147294,27.282476977236893,0.3416600121921043,4.448878697281703,0.17349223371754263,0.0,0.01907127158437305,0.025954284667967897
644,22.840539177138538,128,1664,0,14,1,12,23.052373705675567,1536,0.04854755555555555,23.10092126123112,23.10092126123112,23.113165705675566,23.12893730518888,23.155132251477944,26.466510495060543,0.3145930743394061,3.625971317922005,0.2118345285370289,0.0,0.015771599513314527,0.02619494628906338
645,22.895212169659732,128,1664,0,1,1,14,23.0594531259124,1536,0.04854755555555555,23.108000681467953,23.108000681467953,23.120245125912398,23.137881692602253,23.163797219946,26.479356467379873,0.2685850502862692,3.5841442977201403,0.16424095625266588,0.0,0.01763656668985547,0.02591552734374858
646,22.91138424775384,128,2624,34,0,1,15,23.34419224415403,256,0.6736497777777778,24.01784202193181,24.01784202193181,24.035419799709587,24.055946488215763,24.082026859309515,27.408112503840755,1.1706426115556745,4.496728256086914,0.4328079964001894,0.0,0.020526688506176782,0.02608037109375161
647,23.037322388561293,128,1664,4,8,1,10,23.037322388561293,256,0.40410311111111114,23.441425499672405,23.441425499672405,23.45366994411685,23.455177969212816,23.48141763392636,26.792921617769384,0.44409524536506595,3.755599229208091,0.0,0.0,0.0015080250959655928,0.02623966471354322
648,23.089061147293755,64,3200,2,4,1,6,23.089061147293755,3072,0.05315555555555555,23.14221670284931,23.14221670284931,23.162994480627088,23.18484837250341,23.21138020844091,24.89299554047216,0.12231906114715585,1.8039343931784053,0.0,0.0,0.02185389187632225,0.02653183593750086
649,23.12538938877119,64,1664,4,13,1,8,23.12538938877119,1152,0.15521422222222223,23.280603610993413,23.280603610993413,23.292848055437858,23.30774060942458,23.33361267973708,24.977022933643326,0.20822329096588987,1.8516335448721364,0.0,0.0,0.014892553986722845,0.025872070312498607
650,23.130484652263696,128,1664,0,9,1,1,23.17172188198446,1536,0.04854755555555555,23.220269437540015,23.220269437540015,23.23251388198446,23.236694613065726,23.263311312284475,26.6190945735382,0.13282666002077903,3.4886099212745023,0.041237229720763935,0.0,0.004180731081266487,0.026616699218749318
651,23.131402778199313,96,1664,0,7,1,9,23.186011674991917,1536,0.04854755555555555,23.23455923054747,23.23455923054747,23.246803674991916,23.252522892654337,23.278781681716836,25.774352198829934,0.1473789035175237,2.6429494206306217,0.05460889679260461,0.0,0.0057192176624205615,0.026258789062499233
652,23.21219705468839,64,2304,42,11,1,8,23.308725433235487,2048,0.0860231111111111,23.394748544346598,23.394748544346598,23.410548544346597,23.425026791180247,23.45155541666853,25.11178676897508,0.23935836198014115,1.8995897142866909,0.09652837854709873,0.0,0.014478246833650843,0.026528625488282387
653,23.21336862989542,96,4096,3,4,0,6,23.21336862989542,0,1.1580657777777779,24.3714344076732,24.3714344076732,24.397189963228755,24.411773665472165,24.438549446722163,26.935994490667476,1.225180816826743,3.7226258607720553,0.0,0.0,0.014583702243410102,0.026775781249998687
654,23.247892188255474,160,1536,37,3,1,1,23.247892188255474,1088,0.13705244444444445,23.384944632699916,23.384944632699916,23.39647796603325,23.408868826815265,23.434804753464572,27.541792337169927,0.1869125652090986,4.293900148914453,0.0,0.0,0.012390860782016233,0.025935926649307106
655,23.307695974602996,128,1664,0,1,1,7,23.307695974602996,1536,0.04854755555555555,23.35624353015855,23.35624353015855,23.368487974602996,23.371139016821,23.397045510961625,26.71451760019237,0.08934953635862897,3.406821625589373,0.0,0.0,0.002651042218005273,0.025906494140624403
656,23.324009128158604,160,2432,38,9,1,6,23.324009128158604,256,0.6197404444444444,23.94374957260305,23.94374957260305,23.96026068371416,23.98080236046156,24.00717797081312,28.201146796380453,0.683168842654517,4.877137668221849,0.0,0.0,0.02054167674739915,0.026375610351561107
657,23.39680408008662,64,2240,114,14,0,,23.39680408008662,256,0.5658311111111111,23.962635191197734,23.962635191197734,23.978079635642178,23.99303431621009,24.019092700696696,25.65775317084179,0.6222886206100746,2.260949090755169,0.0,0.0,0.014954680567910827,0.02605838448660691
658,23.425886450593712,160,512,3,7,0,6,23.425886450593712,0,0.15175822222222224,23.577644672815936,23.577644672815936,23.58348911726038,23.594164884841838,23.620294116612673,27.787202809181494,0.19440766601896087,4.361316358587782,0.0,0.0,0.010675767581457052,0.026129231770834593
659,23.52128369041073,96,1536,8,8,1,0,23.52128369041073,960,0.172608,23.69389169041073,23.69389169041073,23.705425023744063,23.717596589004483,23.743770486883946,26.220668393756803,0.22248679647321623,2.699384703346073,0.0,0.0,0.01217156526042018,0.026173897879463226
660,23.526103228762953,160,640,112,6,0,,23.526103228762953,256,0.11658666666666667,23.64268989542962,23.64268989542962,23.649245450985173,23.669880895713664,23.696574438194133,27.886978717630512,0.17047120943118088,4.36087548886756,0.0,0.0,0.02063544472849088,0.02669354248046929
661,23.53483550084285,64,1664,4,3,1,13,23.53483550084285,256,0.40410311111111114,23.93893861195396,23.93893861195396,23.951183056398406,23.95312623241422,23.978983545782278,25.605833968959356,0.4441480449394284,2.070998468116507,0.0,0.0,0.0019431760158141742,0.025857313368057078
662,23.57015076582004,96,4864,15,13,1,5,23.57015076582004,256,1.302592,24.87274276582004,24.87274276582004,24.90276498804226,24.924232601612076,24.950627523487075,27.448935734750094,1.3804767576670365,3.8787849689300558,0.0,0.0,0.02146761356981486,0.026394921874999255
663,23.601873443447914,64,1344,45,11,1,2,23.601873443447914,256,0.3142542222222222,23.916127665670135,23.916127665670135,23.9265943323368,23.929799917691597,23.95611897461124,25.60916793759487,0.35424553116332547,2.0072944941469544,0.0,0.0,0.003205585354795204,0.026319056919643202
664,23.61742573426109,64,1664,0,1,0,1,23.61742573426109,1536,0.04854755555555555,23.665973289816645,23.665973289816645,23.67821773426109,23.682049173071,23.707950431751556,25.349268003482393,0.09052469749046566,1.7318422692213034,0.0,0.0,0.003831438809910992,0.025901258680555372
665,23.680790357920745,96,3200,2,7,1,4,23.680790357920745,3072,0.05315555555555555,23.7339459134763,23.7339459134763,23.75472369125408,23.777079761143924,23.803273818063566,26.29865608066587,0.12248346014282063,2.617865722745126,0.0,0.0,0.022356069889845287,0.026194056919642605
666,23.719008353900133,96,2496,38,10,1,9,23.719008353900133,256,0.6377102222222223,24.356718576122354,24.356718576122354,24.37358524278902,24.38803192346414,24.414039573203723,26.88205194067025,0.6950312193035906,3.1630435867701188,0.0,0.0,0.014446680675121115,0.026007649739582916
667,23.814827058952496,128,768,32,8,1,2,23.814827058952496,256,0.15252622222222223,23.967353281174717,23.967353281174717,23.974619947841383,23.97935754045538,24.005435848560847,27.311012996117597,0.19060878960835126,3.4961859371651016,0.0,0.0,0.004737592613995645,0.026078308105468295
668,23.8561443623255,128,1664,0,6,1,1,23.8561443623255,1536,0.04854755555555555,23.904691917881056,23.904691917881056,23.9169363623255,23.936838293174603,23.963438282323906,27.31645580038256,0.10729391999840487,3.460311438057058,0.0,0.0,0.019901930849101745,0.026599989149303838
669,23.862819132538437,96,4544,35,1,1,2,23.862819132538437,256,1.212743111111111,25.07556224364955,25.07556224364955,25.103806688093993,25.113061948794893,25.139305112857393,27.634687530786668,1.2764859803189559,3.7718683982482304,0.0,0.0,0.009255260700900436,0.026243164062499602
670,23.88962060591167,160,4096,9,7,0,12,23.88962060591167,0,1.1580657777777779,25.04768638368945,25.04768638368945,25.073441939245004,25.089181219012225,25.115592561088118,29.296918336525245,1.2259719551764476,5.407297730613575,0.0,0.0,0.015739279767220893,0.026411342075892463
671,23.91088977163223,128,640,96,12,0,,23.91088977163223,256,0.11658666666666667,24.027476438298898,24.027476438298898,24.03403199385445,24.052933149513322,24.078986372169574,27.39761911065233,0.16809660053734277,3.4867293390200977,0.0,0.0,0.018901155658870294,0.026053222656251762
672,23.953781696217487,128,2048,16,2,0,11,23.953781696217487,0,0.5830328888888889,24.536814585106377,24.536814585106377,24.551192362884155,24.56715011015589,24.59348800078089,27.89950658802049,0.6397063045634042,3.9457248918030032,0.0,0.0,0.01595774727173449,0.026337890625001137
673,23.96403155252326,160,1408,33,11,1,2,23.96403155252326,256,0.332224,24.29625555252326,24.29625555252326,24.307077774745483,24.324637041017493,24.350883562013586,28.480425317035895,0.38685200949032605,4.516393764512635,0.0,0.0,0.01755926627200921,0.026246520996092926
674,24.015187955876343,128,704,128,5,1,2,24.015187955876343,256,0.13455644444444445,24.149744400320788,24.149744400320788,24.1566555114319,24.164025530681474,24.190166643962723,27.511532382895027,0.17497868808638017,3.496344427018684,0.0,0.0,0.007370019249574256,0.02614111328124835
675,24.033573388447273,128,2752,6,6,1,8,24.033573388447273,256,0.7095893333333334,24.743162721780607,24.743162721780607,24.761451610669496,24.763004173165918,24.789675620919823,28.12111319028676,0.7561022324725499,4.087539801839487,0.0,0.0,0.001552562496421217,0.026671447753905397
676,24.083426999349264,160,4352,155,9,1,2,24.083426999349264,256,1.1588337777777777,25.242260777127044,25.242260777127044,25.26943855490482,25.27378148643812,25.300326115344372,29.4946994330992,1.2168991159951084,5.411272433749936,0.0,0.0,0.004342931533301453,0.026544628906250978
677,24.203975747868796,128,832,36,14,1,13,24.203975747868796,512,0.09938488888888888,24.303360636757684,24.303360636757684,24.310982858979905,24.332513145730182,24.358536932002504,27.66777644558137,0.15456118413370845,3.463800697712575,0.0,0.0,0.021530286750277128,0.02602378627232227
678,24.219595828734523,64,2688,14,8,1,0,24.219595828734523,2112,0.176064,24.395659828734523,24.395659828734523,24.413593162067855,24.422755184498346,24.44886689239765,26.090639574312362,0.229271063663127,1.8710437455778397,0.0,0.0,0.009162022430491135,0.026111707899303838
679,24.255696188671998,160,2560,22,12,1,5,24.255696188671998,256,0.65568,24.911376188671998,24.911376188671998,24.92859841089422,24.938686567482073,24.96477034259368,29.143510101863264,0.7090741539216836,4.887813913191266,0.0,0.0,0.010088156587851671,0.02608377511160853
680,24.2870910147063,128,1728,13,5,1,8,24.2870910147063,256,0.42207288888888894,24.709163903595186,24.709163903595186,24.721763903595185,24.739450237712724,24.76559395516064,28.09884533048617,0.47850294045434083,3.811754315779872,0.0,0.0,0.017686334117538394,0.02614371744791555
681,24.299727388263154,160,1152,24,15,1,1,24.299727388263154,256,0.2603448888888889,24.56007227715204,24.56007227715204,24.56947227715204,24.587850639653624,24.613841501818804,28.792523609798703,0.3141141135556502,4.492796221535549,0.0,0.0,0.018378362501582757,0.025990862165180317
682,24.310300525174593,64,1664,0,0,1,6,24.310300525174593,1536,0.04854755555555555,24.358848080730148,24.358848080730148,24.371092525174593,24.39502939837201,24.42107041399701,26.0655402498415,0.11076988882241778,1.7552397246669074,0.0,0.0,0.02393687319741744,0.02604101562500105
683,24.342111470900203,96,1152,101,3,0,,24.342111470900203,256,0.2603448888888889,24.60245635978909,24.60245635978909,24.61185635978909,24.62643460915033,24.652198002007474,27.10145665252986,0.31008653110727025,2.759345181629655,0.0,0.0,0.014578249361239415,0.025763392857143685
684,24.408579816727045,96,5248,3,11,1,6,24.408579816727045,5120,0.05929955555555556,24.4678793722826,24.4678793722826,24.500034927838154,24.507779636581105,24.534089817245167,27.012780567803194,0.12551000051812267,2.6042007510761493,0.0,0.0,0.00774470874295119,0.02631018066406199
685,24.438866983603916,128,2176,1,14,1,4,24.438866983603916,1536,0.1923057777777778,24.631172761381695,24.631172761381695,24.646261650270585,24.67048188177929,24.69645876980012,28.006872246362622,0.2575917861962047,3.5680052627587067,0.0,0.0,0.02422023150870345,0.02597688802083198
686,24.457575659093315,64,1664,0,10,1,0,24.457575659093315,1536,0.04854755555555555,24.50612321464887,24.50612321464887,24.518367659093315,24.54408514612039,24.570067428486464,26.20322462947233,0.11249176939314864,1.7456489703790155,0.0,0.0,0.025717487027076658,0.025982282366072695
687,24.4671349402788,160,1600,8,4,1,8,24.4671349402788,256,0.3861333333333334,24.853268273612134,24.853268273612134,24.865157162501024,24.866462337347162,24.89299554047216,29.055398201604973,0.42586060019336003,4.588263261326173,0.0,0.0,0.001305174846137902,0.026533203124998295
688,24.520650030710826,64,2048,9,8,1,12,24.520650030710826,256,0.5119217777777778,25.032571808488605,25.032571808488605,25.046949586266383,25.048892444814257,25.07496641942363,26.714827379488135,0.554316388712806,2.194177348777309,0.0,0.0,0.0019428585478742377,0.026073974609374773
689,24.536292587806365,64,4096,156,0,0,,24.536292587806365,0,1.1580657777777779,25.694358365584144,25.694358365584144,25.7201139211397,25.723361380793886,25.749654935481384,27.408112503840755,1.2133623476750195,2.87181991603439,0.0,0.0,0.003247459654186713,0.0262935546874985
690,24.586755062996854,64,704,112,11,1,6,24.586755062996854,256,0.13455644444444445,24.7213115074413,24.7213115074413,24.72822261855241,24.74458884068267,24.770795546411836,26.416218067803197,0.18404048341498225,1.8294630048063425,0.0,0.0,0.016366222130258734,0.026206705729165947
691,24.627623192865823,96,4352,63,10,1,0,24.627623192865823,256,1.1588337777777777,25.7864569706436,25.7864569706436,25.813634748421375,25.838404170487955,25.864504170487955,28.347986388912442,1.236880977622132,3.7203631960466197,0.0,0.0,0.02476942206657995,0.026099999999999568
692,24.689107829052954,96,2176,1,2,1,14,24.689107829052954,1472,0.21008355555555558,24.89919138460851,24.89919138460851,24.9142802734974,24.936229699999643,24.962639856249645,27.432479732551734,0.27353202719669056,2.7433719034987796,0.0,0.0,0.02194942650224263,0.02641015625000165
693,24.74080238840477,64,1728,29,15,1,10,24.74080238840477,1472,0.0842951111111111,24.82509749951588,24.82509749951588,24.83769749951588,24.847901797577734,24.873937523489193,26.523712583943052,0.13313513508442298,1.7829101955382818,0.0,0.0,0.010204298061854189,0.026035725911459195
694,24.753154189076636,128,2176,5,11,1,10,24.753154189076636,256,0.5478613333333333,25.30101552240997,25.30101552240997,25.31610441129886,25.321287159600075,25.347455698011533,28.635632150648245,0.5943015089348975,3.8824779615716096,0.0,0.0,0.005182748301216122,0.02616853841145783
695,24.757486514905587,64,2368,54,5,1,10,24.757486514905587,256,0.6017706666666667,25.359257181572254,25.359257181572254,25.37541273712781,25.393072959066895,25.419222454509605,27.065149895915855,0.6617359396040179,2.3076633810102685,0.0,0.0,0.01766022193908512,0.02614949544270928
696,24.762013797360137,128,1344,12,3,1,13,24.762013797360137,640,0.20758755555555558,24.969601352915692,24.969601352915692,24.980068019582358,24.98716654274408,25.012922524189392,28.29694719208064,0.25090872682925536,3.534933394720504,0.0,0.0,0.0070985231617228806,0.025755981445310994
697,24.79962227551415,96,4288,135,14,1,12,24.79962227551415,256,1.140864,25.94048627551415,25.94048627551415,25.967308497736372,25.969077877873044,25.995254147404292,28.473733476831374,1.1956318718901429,3.674111201317224,0.0,0.0,0.0017693801366718276,0.02617626953124841
698,24.80384930205184,160,1792,29,6,1,15,24.80384930205184,256,0.4400426666666667,25.243891968718508,25.243891968718508,25.256847524274065,25.267917509056915,25.294279185954235,29.46155996763051,0.4904298839023937,4.657710665578669,0.0,0.0,0.011069984782849929,0.026361676897320052
699,24.829854420666894,96,4800,11,15,1,12,24.829854420666894,256,1.284622222222222,26.114476642889116,26.114476642889116,26.144143309555783,26.15473088286419,26.181124437551688,28.687677255632035,1.3512700168847935,3.857822834965141,0.0,0.0,0.010587573308406206,0.026393554687498266
700,24.85778497382578,96,1664,0,4,1,10,24.85778497382578,1536,0.04854755555555555,24.906332529381334,24.906332529381334,24.91857697382578,24.919514217229974,24.945892049261225,27.43575403656591,0.08810707543544538,2.577969062740131,0.0,0.0,0.0009372434041949873,0.026377832031251103
701,24.86346706011351,96,832,32,13,1,8,24.87274276582004,256,0.170496,25.04323876582004,25.04323876582004,25.05086098804226,25.056626205127703,25.082935775440202,27.581242049854264,0.2194687153266912,2.7177749897407537,0.00927570570652847,0.0,0.005765217085443197,0.02630957031249892
702,24.876952951879982,128,768,124,2,1,6,24.89919138460851,256,0.15252622222222223,25.05171760683073,25.05171760683073,25.058984273497398,25.06828536406214,25.094525028775685,28.39551532825486,0.2175720768957028,3.5185623763748772,0.022238432728528323,0.0,0.00930109056474393,0.02623966471354322
703,24.902416719923263,64,2816,10,12,1,14,24.911376188671998,256,0.7275591111111112,25.63893529978311,25.63893529978311,25.657579744227554,25.66921684091957,25.69534898203285,27.345418182917953,0.7929322621095878,2.4430014629946903,0.008959468748734878,0.0,0.011637096692016513,0.026132141113279772
704,24.9080697181045,96,1664,8,8,1,4,25.032571808488605,1408,0.0841031111111111,25.116674919599717,25.116674919599717,25.12891936404416,25.153191272939257,25.179237930925368,27.648586970726974,0.2711682128208679,2.7405172526224746,0.1245020903841052,0.0,0.024271908895094896,0.026046657986110944
705,25.01306640659651,160,2176,5,3,1,11,25.01306640659651,2048,0.050083555555555555,25.063149962152067,25.063149962152067,25.078238851040958,25.09019339821283,25.11598517338644,29.2384240335985,0.10291876678993006,4.225357627001987,0.0,0.0,0.01195454717187161,0.025791775173612308
706,25.085051518820443,64,256,0,4,0,4,25.085051518820443,0,0.07987911111111111,25.164930629931554,25.164930629931554,25.169352852153775,25.183314510198727,25.209487605901852,26.856461385198727,0.12443608708140985,1.771409866378285,0.0,0.0,0.013961658044951974,0.026173095703125426
707,25.094639709159818,64,2048,1,13,0,2,25.094639709159818,0,0.5830328888888889,25.67767259804871,25.67767259804871,25.692050375826486,25.713994491260515,25.740115340869888,27.395535832406345,0.6454756317100703,2.3008961232465275,0.0,0.0,0.021944115434028078,0.026120849609373664
708,25.109353827394383,64,2304,114,7,1,14,25.109353827394383,256,0.5838008888888889,25.69315471628327,25.69315471628327,25.70895471628327,25.721964631400617,25.748228582293475,27.39485539707212,0.6388747548990921,2.285501569677738,0.0,0.0,0.013009915117347504,0.026263950892857935
709,25.23678717393679,160,2368,46,2,1,0,25.23678717393679,256,0.6017706666666667,25.838557840603457,25.838557840603457,25.854713396159013,25.879331913541314,25.905198808072566,30.05834735950486,0.6684116341357758,4.821560185568071,0.0,0.0,0.02461851738230081,0.02586689453125146
710,25.248074646632844,160,2496,30,1,1,10,25.248074646632844,2240,0.0865991111111111,25.334673757743957,25.334673757743957,25.351540424410622,25.375582863508434,25.40188441205754,29.563597285560967,0.15380976542469682,4.3155226389281225,0.0,0.0,0.024042439097812007,0.026301548549106712
711,25.31194678190358,160,2560,30,3,1,1,25.31194678190358,256,0.65568,25.96762678190358,25.96762678190358,25.984849004125802,25.991584875767394,26.01737167996661,30.160686029041205,0.7054248980630327,4.848739247137626,0.0,0.0,0.006735871641591729,0.025786804199217528
712,25.346042549533355,160,3200,2,4,1,7,25.346042549533355,3072,0.05315555555555555,25.39919810508891,25.39919810508891,25.419975882866687,25.445067439886227,25.471300350042476,29.632871346136223,0.1252578005091216,4.286828796602869,0.0,0.0,0.02509155701953958,0.02623291015624929
713,25.3811970368951,160,1664,0,8,1,4,25.3811970368951,1536,0.04854755555555555,25.429744592450653,25.429744592450653,25.441989036895098,25.465783395335087,25.491811910960088,29.621117293573885,0.11061487406498927,4.239920256678786,0.0,0.0,0.023794358439989338,0.026028515625000637
714,25.468741717834515,64,4928,15,6,1,13,25.468741717834515,4288,0.20056177777777778,25.669303495612294,25.669303495612294,25.69968127339007,25.71613242256138,25.74263193428013,27.39474126180834,0.27389021644561495,1.9259995439738233,0.0,0.0,0.016451149171309964,0.026499511718750313
715,25.481248611935495,128,832,68,9,1,15,25.481248611935495,256,0.170496,25.651744611935495,25.651744611935495,25.659366834157716,25.672002189563123,25.69836319216729,29.04342648388045,0.21711458023179375,3.5621778719449537,0.0,0.0,0.012635355405407722,0.026361002604165407
716,25.50099403988006,128,4608,35,4,1,1,25.50099403988006,256,1.230712888888889,26.731706928768947,26.731706928768947,26.760306928768948,26.77760982269873,26.803893188584144,30.129535750433096,1.3028991487040855,4.628541710553037,0.0,0.0,0.017302893929780794,0.026283365885415577
717,25.530724736202636,128,512,16,11,0,11,25.530724736202636,0,0.15175822222222224,25.68248295842486,25.68248295842486,25.688327402869305,25.714255632907367,25.740358253350074,29.022700021741993,0.20963351714743794,3.4919752855393575,0.0,0.0,0.025928230038061884,0.026102620442706836
718,25.5928785910612,96,3200,2,1,1,4,25.5928785910612,3072,0.05315555555555555,25.646034146616756,25.646034146616756,25.666811924394533,25.691233672660218,25.717572967093812,28.21067763340323,0.12469437603261113,2.6177990423420283,0.0,0.0,0.02442174826568433,0.026339294433594063
719,25.653775887625105,96,4288,79,5,0,,25.653775887625105,256,1.140864,26.794639887625106,26.794639887625106,26.821462109847328,26.82985595060336,26.85602587247836,29.379055535564294,1.2022499848532533,3.725279647939189,0.0,0.0,0.008393840756031778,0.02616992187499889
720,25.656878751530478,64,2176,1,8,1,2,25.656878751530478,2048,0.050083555555555555,25.706962307086034,25.706962307086034,25.722051195974924,25.72609052424134,25.75212656827543,27.388958552758222,0.09524781674495131,1.7320798012277443,0.0,0.0,0.0040393282664155095,0.026036044034089656
721,25.687567036304294,160,3200,2,12,1,1,25.687567036304294,3072,0.05315555555555555,25.74072259185985,25.74072259185985,25.761500369637627,25.773748335060194,25.799930029938665,29.995756602514305,0.11236299363437041,4.308189566210011,0.0,0.0,0.01224796542256712,0.02618169487847055
722,25.709358218040965,64,1024,20,9,1,10,25.709358218040965,256,0.22440533333333335,25.933763551374298,25.933763551374298,25.942452440263185,25.962000073677707,25.98824267970449,27.647459784661702,0.27888446166352665,1.9381015666207375,0.0,0.0,0.019547633414521925,0.026242606026784188
723,25.732639979568276,96,1664,0,6,1,8,25.732639979568276,1536,0.04854755555555555,25.78118753512383,25.78118753512383,25.793431979568275,25.79563242256138,25.822056901728047,28.302159577005508,0.0894169221597707,2.569519597437232,0.0,0.0,0.002200442993103735,0.02642447916666768
724,25.734054236019354,96,2752,14,13,1,8,25.734054236019354,256,0.7095893333333334,26.443643569352687,26.443643569352687,26.461932458241577,26.47229144764072,26.498590031625096,29.03818321196364,0.7645357956057417,3.3041289759442876,0.0,0.0,0.010358989399144036,0.026298583984374346
725,25.734617978470677,160,1664,4,7,1,3,25.734617978470677,256,0.40410311111111114,26.13872108958179,26.13872108958179,26.150965534026234,26.16778059238462,26.19395471347837,30.373872438087744,0.45933673500769245,4.639254459617067,0.0,0.0,0.016815058358385926,0.026174121093749392
726,25.73772533008257,160,3200,2,0,1,12,25.73772533008257,3072,0.05315555555555555,25.790880885638124,25.790880885638124,25.8116586634159,25.828538529231384,25.8548785357418,30.05499733456993,0.11715320565923193,4.317272004487361,0.0,0.0,0.01687986581548273,0.026340006510416458
727,25.741692118342097,128,1664,0,10,1,6,25.7864569706436,1536,0.04854755555555555,25.835004526199153,25.835004526199153,25.847248970643598,25.864504170487955,25.89055666072233,29.206697163652027,0.14886454238023106,3.4650050453099297,0.04476485230150118,0.0,0.01725519984435664,0.02605249023437395
728,25.842467592338995,160,896,28,11,1,13,25.842467592338995,256,0.1884657777777778,26.030933370116774,26.030933370116774,26.038911147894552,26.053307911553198,26.079216114678196,30.18583642310918,0.23674852233920163,4.343368830770185,0.0,0.0,0.014396763658645284,0.025908203124998863
729,25.89441291799848,64,1664,4,1,1,7,25.89441291799848,1472,0.06632533333333333,25.96073825133181,25.96073825133181,25.972982695776256,25.9809927668985,26.007278302922806,27.66090049116613,0.1128653849243264,1.7664875731676517,0.0,0.0,0.008010071122242834,0.026285536024307277
730,25.90699073302199,96,2240,70,8,1,4,25.90699073302199,256,0.5658311111111111,26.4728218441331,26.4728218441331,26.488266288577545,26.506667722370082,26.53268068894994,28.996090132929353,0.6256899559279532,3.089099399907365,0.0,0.0,0.018401433792536892,0.02601296657985941
731,25.919927519351532,96,2304,66,12,1,8,25.919927519351532,256,0.5838008888888889,26.50372840824042,26.50372840824042,26.51952840824042,26.534656171199202,26.5608024602617,29.063358734675766,0.6408749409101695,3.1434312153242345,0.0,0.0,0.01512776295878382,0.02614628906249905
732,25.94547050176958,64,1856,29,6,0,6,25.94547050176958,1664,0.06690133333333334,26.012371835102915,26.012371835102915,26.025682946214026,26.03347031318638,26.059846924514506,27.70562756203155,0.11437642274492532,1.760157060261971,0.0,0.0,0.007787366972355159,0.026376611328124966
733,25.973882394510852,64,1664,0,0,1,10,25.973882394510852,1536,0.04854755555555555,26.022429950066407,26.022429950066407,26.03467439451085,26.039272253189715,26.0655402498415,27.72417275774701,0.09165785533064863,1.7502903632361573,0.0,0.0,0.004597858678863531,0.026267996651785808
734,25.98465491952533,96,1664,8,2,1,8,25.98465491952533,256,0.40410311111111114,26.388758030636442,26.388758030636442,26.401002475080887,26.422639237760066,26.448505611457982,28.920652047004857,0.4638506919326524,2.935997127479528,0.0,0.0,0.021636762679179355,0.02586637369791589
735,25.98783675129844,128,3200,2,9,1,0,25.98783675129844,3072,0.05315555555555555,26.040992306853994,26.040992306853994,26.06177008463177,26.066973427472348,26.09325772923016,29.44164425731795,0.1054209779317219,3.453807506019512,0.0,0.0,0.005203342840577108,0.026284301757812045
736,25.992299829433833,128,2112,9,14,1,8,25.992299829433833,256,0.5298915555555556,26.522191384989387,26.522191384989387,26.53692471832272,26.54530151068554,26.57151947943554,29.867007589787104,0.5792196500017077,3.874707760353271,0.0,0.0,0.00837679236282085,0.026217968750000153
737,25.994472169557074,128,1408,45,3,1,11,25.994472169557074,256,0.332224,26.326696169557074,26.326696169557074,26.337518391779298,26.35314821282097,26.378932043736146,29.685353314197457,0.3844598741790719,3.6908811446403824,0.0,0.0,0.015629821041670766,0.02578383091517722
738,26.118560437836255,160,1664,0,1,1,0,26.118560437836255,1536,0.04854755555555555,26.16710799339181,26.16710799339181,26.179352437836254,26.191290726967942,26.217532475014817,30.376639417257397,0.09897203717856229,4.258078979421143,0.0,0.0,0.011938289131688151,0.026241748046874847
739,26.122790725867315,96,1216,97,10,1,13,26.122790725867315,256,0.27831466666666665,26.40110539253398,26.40110539253398,26.41086094808954,26.41205314509733,26.438073571529625,28.919556701412443,0.3152828456623098,2.796765975545128,0.0,0.0,0.0011921970077928279,0.026020426432292965
740,26.151361192820836,64,2176,5,6,1,3,26.151361192820836,1216,0.28119466666666665,26.432555859487504,26.432555859487504,26.447644748376394,26.454732004809642,26.480943050816588,28.12111319028676,0.3295818579957519,1.9697519974659237,0.0,0.0,0.007087256433248257,0.026211046006945793
741,26.161080448337536,160,2176,1,0,1,8,26.161080448337536,2048,0.050083555555555555,26.211164003893092,26.211164003893092,26.226252892781982,26.249925422367543,26.276228086988077,30.480358011653262,0.11514763865054078,4.319277563315726,0.0,0.0,0.023672529585560653,0.02630266462053399
742,26.166592613394972,128,2176,1,11,1,0,26.166592613394972,2048,0.050083555555555555,26.216676168950528,26.216676168950528,26.231765057839418,26.234675587334447,26.260608762557663,29.540148190687308,0.09401614916269097,3.3735555772923362,0.0,0.0,0.002910529495029124,0.0259331752232157
743,26.21635533807814,160,4096,44,9,0,5,26.21635533807814,0,1.1580657777777779,27.37442111585592,27.37442111585592,27.400176671411476,27.410347014944445,27.436817857578372,31.669621511549725,1.2204625195002308,5.453266173471583,0.0,0.0,0.010170343532969639,0.02647084263392685
744,26.23506443639622,96,2176,1,15,1,11,26.23506443639622,2048,0.050083555555555555,26.285147991951778,26.285147991951778,26.300236880840668,26.313099535207936,26.339448307529363,28.84517859026745,0.10438387113314107,2.61011415387123,0.0,0.0,0.012862654367268078,0.02634877232142685
745,26.248426985054497,160,2880,10,7,1,12,26.248426985054497,256,0.7455288888888889,26.993955873943385,26.993955873943385,27.012955873943383,27.02875471347837,27.05490158847837,31.241526093221676,0.8064746034238723,4.993099108167179,0.0,0.0,0.015798839534987508,0.02614687499999846
746,26.256524620526584,64,704,108,11,0,,26.256524620526584,256,0.13455644444444445,26.39108106497103,26.39108106497103,26.39799217608214,26.416218067803197,26.442150196709445,28.066796410785894,0.18562557618286135,1.8102717902593106,0.0,0.0,0.018225891721055376,0.02593212890624841
747,26.282982059832992,96,1664,0,1,0,1,26.282982059832992,1536,0.04854755555555555,26.331529615388547,26.331529615388547,26.34377405983299,26.34874853946794,26.374953928317375,28.860978833180013,0.09197186848438221,2.577996773347021,0.0,0.0,0.004974479634949347,0.026205388849433575
748,26.30378698326881,96,4288,39,0,1,15,26.30378698326881,256,1.140864,27.44465098326881,27.44465098326881,27.471473205491034,27.48664936907513,27.51301206438763,30.02840163144493,1.20922508111882,3.724614648176118,0.0,0.0,0.01517616358409768,0.026362695312499795
749,26.346840903477055,128,1664,0,15,1,1,26.346840903477055,1536,0.04854755555555555,26.39538845903261,26.39538845903261,26.407632903477054,26.418497554181148,26.444788011770434,29.80009975725963,0.09794710829337916,3.4532588537825752,0.0,0.0,0.010864650704093037,0.02629045758928683
750,26.37135523041527,160,1664,0,3,1,15,26.37135523041527,1536,0.04854755555555555,26.419902785970823,26.419902785970823,26.432147230415268,26.456286466169182,26.482075589704337,30.640357781970895,0.11072035928906843,4.2690025515556265,0.0,0.0,0.02413923575391408,0.025789123535155056
751,26.516633280211252,128,2368,42,8,1,11,26.516633280211252,2112,0.0862151111111111,26.602848391322365,26.602848391322365,26.61900394687792,26.636737438081884,26.662766930269385,29.958823801665403,0.1461336500581325,3.442190521454151,0.0,0.0,0.017733491203962615,0.026029492187500836
752,26.566303885935394,128,4352,43,2,1,3,26.566303885935394,256,1.1588337777777777,27.72513766371317,27.72513766371317,27.752315441490946,27.768861080207987,27.794989205207987,31.162671903775696,1.2286853192725928,4.596368017840302,0.0,0.0,0.016545638717040845,0.026128124999999613
753,26.56726037346091,64,1600,37,6,1,3,26.56726037346091,256,0.3861333333333334,26.953393706794245,26.953393706794245,26.965282595683135,26.97758687677145,27.003650787361728,28.640748688333634,0.436390413900817,2.073488314872723,0.0,0.0,0.012304281088315605,0.026063910590277573
754,26.61091306073781,160,2176,1,15,0,15,26.61091306073781,2048,0.050083555555555555,26.660996616293367,26.660996616293367,26.676085505182257,26.6821562362868,26.708507473265968,30.91596850725963,0.09759441252815648,4.30505544652182,0.0,0.0,0.00607073110454337,0.02635123697916697
755,26.702861619971493,128,2176,5,10,1,6,26.702861619971493,2048,0.050083555555555555,26.75294517552705,26.75294517552705,26.76803406441594,26.777368997961915,26.803539001217125,30.131532385006192,0.10067738124563164,3.428670765034699,0.0,0.0,0.009334933545975588,0.026170003255209906
756,26.754401566504885,64,704,96,14,1,12,26.754401566504885,256,0.13455644444444445,26.88895801094933,26.88895801094933,26.895869122060443,26.91239750677929,26.938475469018872,28.576262285425123,0.1840739025139868,1.821860718920238,0.0,0.0,0.016528384718846212,0.02607796223958303
757,26.766638956617747,128,2176,1,3,1,15,26.766638956617747,2048,0.050083555555555555,26.816722512173303,26.816722512173303,26.831811401062193,26.843174588727777,26.869000597842362,30.18711901243964,0.10236164122461489,3.420480055821894,0.0,0.0,0.011363187665583752,0.02582600911458499
758,26.804311573627302,64,4672,35,1,1,4,26.804311573627302,4416,0.0931271111111111,26.897438684738415,26.897438684738415,26.92639424029397,26.95000679696971,26.976317282809553,28.627851461528227,0.1720057091822511,1.8235398879009246,0.0,0.0,0.023612556675740137,0.026310485839843523
759,26.854594600838684,128,5248,3,13,1,11,26.854594600838684,4480,0.23707733333333336,27.091671934172016,27.091671934172016,27.12382748972757,27.1299025316251,27.1564636644376,30.560310425505307,0.3018690635989145,3.7057158246666226,0.0,0.0,0.006075041897528166,0.02656113281249972
760,26.945917062967055,96,1664,0,8,1,3,26.945917062967055,1536,0.04854755555555555,26.99446461852261,26.99446461852261,27.006709062967055,27.026104862747065,27.052003160738135,29.517052788133036,0.10608609777107958,2.5711357251659805,0.0,0.0,0.019395799780010492,0.025898297991069796
761,26.949618381437443,64,2304,86,11,1,0,26.949618381437443,256,0.5838008888888889,27.53341927032633,27.53341927032633,27.54921927032633,27.551862599053194,27.577602693919268,29.204063595960747,0.627984312481825,2.2544452145233045,0.0,0.0,0.002643328726865235,0.025740094866073093
762,27.0139678187461,96,5248,3,5,1,13,27.0139678187461,4288,0.29041066666666665,27.304378485412766,27.304378485412766,27.33653404096832,27.352582187582524,27.37907266609815,29.910330307699713,0.3651048473520504,2.8963624889536135,0.0,0.0,0.016048146614203063,0.026490478515626137
763,27.173620327310704,96,4480,47,12,1,4,27.173620327310704,256,1.1947733333333332,28.36839366064404,28.36839366064404,28.396282549532927,28.39900631768358,28.425574554988266,30.93205437269659,1.2519542276775617,3.7584340453858864,0.0,0.0,0.002723768150652006,0.02656823730468716
764,27.181758021608356,64,256,14,4,0,13,27.181758021608356,0,0.07987911111111111,27.261637132719468,27.261637132719468,27.26605935494169,27.27895042328466,27.30508313812841,28.950611531683098,0.12332511652005351,1.7688535100747416,0.0,0.0,0.012891068342970158,0.026132714843750904
765,27.183293909922966,96,2688,18,10,1,3,27.183293909922966,256,0.6916195555555555,27.87491346547852,27.87491346547852,27.892846798811853,27.90241207250619,27.92861842016244,30.423277062740567,0.7453245102394739,3.239983152817601,0.0,0.0,0.009565273694338572,0.026206347656248852
766,27.21600194160095,128,4928,7,15,1,4,27.21600194160095,4608,0.11167288888888889,27.32767483048984,27.32767483048984,27.358052608267617,27.367447089151383,27.39395992397281,30.759123292415882,0.17795798237186133,3.543121350814932,0.0,0.0,0.009394480883766931,0.0265128348214283
767,27.236384735742774,64,1664,0,1,1,8,27.236384735742774,1536,0.04854755555555555,27.28493229129833,27.28493229129833,27.297176735742774,27.318591095239796,27.344929779321827,28.990549552581054,0.1085450435790527,1.75416481683828,0.0,0.0,0.021414359497022417,0.026338684082030994
768,27.292698130608695,160,4096,15,6,0,6,27.292698130608695,0,1.1580657777777779,28.450763908386474,28.450763908386474,28.47651946394203,28.483252106302384,28.5095003159378,32.7039934393102,1.2168021853291044,5.411295308701508,0.0,0.0,0.006732642360354646,0.02624820963541552
769,27.313153532841607,160,1472,17,14,1,0,27.313153532841607,256,0.35019377777777777,27.663347310619386,27.663347310619386,27.674525088397164,27.69394001980012,27.72001501980012,31.842876486271486,0.4068614869585119,4.529722953429879,0.0,0.0,0.019414931402955915,0.026074999999998738
770,27.35123017393591,160,4480,27,7,1,15,27.35123017393591,256,1.1947733333333332,28.546003507269244,28.546003507269244,28.573892396158133,28.580549977150245,28.607186207618994,32.785138039836276,1.2559560336830842,5.433907865900366,0.0,0.0,0.006657580992111889,0.026636230468749744
771,27.445650511650513,128,1152,113,8,0,,27.445650511650513,256,0.2603448888888889,27.7059954005394,27.7059954005394,27.7153954005394,27.726564631859787,27.752471956078537,31.046909018369277,0.3068214444280244,3.6012585067187644,0.0,0.0,0.011169231320387496,0.02590732421874975
772,27.50285458818345,128,3200,2,3,1,9,27.50285458818345,3072,0.05315555555555555,27.556010143739005,27.556010143739005,27.576787921516782,27.593696634044928,27.619736603352965,30.96302896523913,0.1168820151695158,3.4601743770556794,0.0,0.0,0.016908712528145742,0.026039969308037314
773,27.512025906153315,128,2304,150,15,1,12,27.512025906153315,256,0.5838008888888889,28.095826795042203,28.095826795042203,28.111626795042202,28.133822763444538,28.16019190406954,31.519527589290878,0.6481659979162231,4.007501683137562,0.0,0.0,0.022195968402336064,0.026369140625000398
774,27.53189500583441,160,2176,1,4,1,3,27.53189500583441,2048,0.050083555555555555,27.581978561389967,27.581978561389967,27.597067450278857,27.6191972738706,27.64537627777685,31.799285555120594,0.11348127194244029,4.267390549286183,0.0,0.0,0.022129823591743758,0.026179003906250387
775,27.605466253495823,160,1664,0,1,0,1,27.605466253495823,1536,0.04854755555555555,27.654013809051378,27.654013809051378,27.666258253495823,27.687175556270297,27.713384959172082,31.858768418838498,0.1079187056762585,4.253302165342674,0.0,0.0,0.020917302774474678,0.02620940290178453
776,27.633771659861686,160,3200,2,0,1,3,27.633771659861686,3072,0.05315555555555555,27.686927215417242,27.686927215417242,27.70770499319502,27.72417275774701,27.750759793879823,31.96850156634077,0.11698813401813624,4.334729906479083,0.0,0.0,0.01646776455199017,0.026587036132813324
777,27.640937023958173,128,5056,15,13,1,6,27.640937023958173,4736,0.11205688888888889,27.752993912847064,27.752993912847064,27.784082801735952,27.796995956104265,27.824133163135514,31.216901441130304,0.18319613917734046,3.5759644171721305,0.0,0.0,0.012913154368312973,0.027137207031248778
778,27.68982129555581,160,512,7,5,0,15,27.68982129555581,0,0.15175822222222224,27.841579517778033,27.841579517778033,27.84742396222248,27.860695794353358,27.88715490079867,32.066648577556485,0.1973336052428607,4.376827282000676,0.0,0.0,0.013271832130879346,0.02645910644531213
779,27.696319709222635,64,640,132,9,0,,27.696319709222635,256,0.11658666666666667,27.812906375889302,27.812906375889302,27.819461931444856,27.832918769036702,27.859217597161702,29.52089035106795,0.16289788793906723,1.824570641845316,0.0,0.0,0.013456837591846238,0.026298828125000284
780,27.780205971970886,128,1664,0,1,0,1,27.780205971970886,1536,0.04854755555555555,27.82875352752644,27.82875352752644,27.840997971970886,27.84443929789976,27.870601651415384,31.18344602300516,0.090395679444498,3.403240051034274,0.0,0.0,0.0034413259288754716,0.026162353515623238
781,27.826712498617617,128,4288,59,3,1,7,27.826712498617617,256,1.140864,28.967576498617618,28.967576498617618,28.99439872083984,29.002058520205644,29.028319401902074,32.403583660877146,1.201606903284457,4.576871162259529,0.0,0.0,0.007659799365804076,0.02626088169643026
782,27.8677433193788,96,704,104,14,1,3,27.8677433193788,256,0.13455644444444445,28.002299763823245,28.002299763823245,28.009210874934357,28.032942070581374,28.058867070581375,30.512562277287106,0.19112375120257497,2.6448189579083063,0.0,0.0,0.023731195647016534,0.025925000000000864
783,27.901737669698463,64,1408,49,0,1,14,27.901737669698463,256,0.332224,28.233961669698463,28.233961669698463,28.244783891920687,28.25600625384076,28.28242119524701,29.94829049863243,0.3806835255485481,2.0465528289339687,0.0,0.0,0.011222361920072643,0.026414941406251558
784,27.915111231065755,160,1664,0,8,1,1,27.915111231065755,1536,0.04854755555555555,27.96365878662131,27.96365878662131,27.975903231065754,27.985659846703534,28.01155543589624,32.14059993633803,0.09644420483048677,4.225488705272273,0.0,0.0,0.009756615637780186,0.02589558919270729
785,27.955504187170874,128,768,96,4,1,14,27.955504187170874,256,0.15252622222222223,28.108030409393095,28.108030409393095,28.11529707605976,28.1166818441831,28.1427345785581,31.460880574651842,0.18723039138722442,3.5053763874809682,0.0,0.0,0.00138476812333721,0.026052734374999886
786,27.960148662908537,64,2176,1,11,1,4,27.960148662908537,2048,0.050083555555555555,28.010232218464093,28.010232218464093,28.025321107352983,28.041007897602302,28.066796410785894,29.695496969984184,0.10664774787735709,1.7353483070756468,0.0,0.0,0.01568679024931896,0.025788513183591988
787,27.987429224122106,96,1664,0,2,1,8,27.987429224122106,1536,0.04854755555555555,28.03597677967766,28.03597677967766,28.048221224122106,28.05639941028611,28.082482320442363,30.592554716275696,0.09505309632025671,2.60512549215359,0.0,0.0,0.008178186164006007,0.026082910156251415
788,28.002850364635826,160,2496,26,13,1,14,28.002850364635826,2112,0.12215466666666666,28.125005031302493,28.125005031302493,28.141871697969158,28.149817733448018,28.17673008696364,32.38449382045508,0.1738797223278148,4.381643455819251,0.0,0.0,0.007946035478859415,0.026912353515623266
789,28.023250660143223,128,4096,74,5,0,0,28.023250660143223,0,1.1580657777777779,29.181316437921,29.181316437921,29.207071993476557,29.21853429532992,29.245286614665858,32.56607432625441,1.2220359545226351,4.542823666111186,0.0,0.0,0.011462301853363499,0.026752319335937358
790,28.029848959688692,128,4864,11,10,1,15,28.029848959688692,256,1.302592,29.332440959688693,29.332440959688693,29.362463181910915,29.364038960527026,29.390647521724944,32.7608354053745,1.3607985620362513,4.730986445685808,0.0,0.0,0.0015757786161110232,0.02660856119791788
791,28.095997996894017,128,1664,4,1,0,1,28.095997996894017,1536,0.04854755555555555,28.14454555244957,28.14454555244957,28.156789996894016,28.158419766649757,28.184548455885867,31.494871804255162,0.08855045899185043,3.398873807361145,0.0,0.0,0.0016297697557412505,0.026128689236109892
792,28.207236435031433,64,1664,0,8,1,2,28.207236435031433,1536,0.04854755555555555,28.255783990586988,28.255783990586988,28.268028435031432,28.27053818329208,28.296426506394756,29.93289209128594,0.08919007136332269,1.7256556562545065,0.0,0.0,0.002509748260646205,0.02588832310267719
793,28.445356922724997,96,1408,12,11,1,3,28.445356922724997,960,0.13666844444444445,28.582025367169443,28.582025367169443,28.592847589391667,28.609785261697354,28.635632150648245,31.085583151624803,0.19027522792324802,2.640226228899806,0.0,0.0,0.0169376723056871,0.025846888950891156
794,28.527538116031785,128,4096,8,0,0,2,28.527538116031785,0,1.1580657777777779,29.685603893809564,29.685603893809564,29.71135944936512,29.73599492571576,29.76253016334597,33.129035623957954,1.2349920473141864,4.601497507926169,0.0,0.0,0.02463547635064245,0.026535237630209707
795,28.5424990479244,64,2176,1,14,1,11,28.5424990479244,2048,0.050083555555555555,28.592582603479958,28.592582603479958,28.607671492368848,28.62770190131054,28.653507931583977,30.280589621037105,0.11100888365957573,1.7380905731127037,0.0,0.0,0.020030408941693167,0.02580603027343642
796,28.543770442411137,128,4288,71,2,0,,28.543770442411137,256,1.140864,29.684634442411138,29.684634442411138,29.71145666463336,29.71274921497361,29.73933075794236,33.15984643177049,1.195560315531221,4.616075989359352,0.0,0.0,0.001292550340249221,0.02658154296874926
797,28.652274269458466,96,4352,135,9,1,14,28.652274269458466,256,1.1588337777777777,29.811108047236246,29.811108047236246,29.838285825014022,29.84539132763045,29.87247628856795,32.412371104648685,1.2202020191094824,3.760096835190218,0.0,0.0,0.007105502616425952,0.02708496093750057
798,28.741076084387657,128,4544,23,8,1,10,28.741076084387657,4160,0.12829866666666667,28.869374751054323,28.869374751054323,28.897619195498766,28.91789274523404,28.94395805285123,32.24515299623386,0.2028819684635721,3.504076911846205,0.0,0.0,0.02027354973527551,0.026065307617187727
799,28.759428723834485,128,1664,0,7,1,8,28.759428723834485,1536,0.04854755555555555,28.80797627939004,28.80797627939004,28.820220723834485,28.820293629493992,28.846768629493994,32.184105813273774,0.08733990565950833,3.424677089439289,0.0,0.0,7.290565950768269e-05,0.02647500000000136
800,28.884155658269858,64,1664,8,4,1,2,28.884155658269858,1472,0.06632533333333333,28.95048099160319,28.95048099160319,28.962725436047634,28.976862312933097,29.00304045420914,30.651952742620594,0.11888479593928025,1.767797084350736,0.0,0.0,0.014136876885462613,0.026178141276041345
801,28.893583159039228,64,4544,27,15,1,7,28.893583159039228,4288,0.09274311111111111,28.98632627015034,28.98632627015034,29.014570714594782,29.029869386165885,29.056422218197135,30.73265185686901,0.16283905915790697,1.8390686978297808,0.0,0.0,0.015298671571102318,0.026552832031249807
802,28.91919012426399,128,2368,78,11,1,1,28.91919012426399,256,0.6017706666666667,29.52096079093066,29.52096079093066,29.537116346486215,29.540148190687308,29.56601208228887,32.833251953553145,0.64682195802488,3.914061829289153,0.0,0.0,0.003031844201093037,0.025863891601563438
803,28.921557145176546,64,2880,14,6,1,13,28.921557145176546,256,0.7455288888888889,29.667086034065434,29.667086034065434,29.686086034065433,29.70474014341176,29.731454498880513,31.391218984557597,0.8098973537039669,2.4696618393810503,0.0,0.0,0.01865410934632905,0.02671435546875145
804,29.005738315794197,64,3200,2,1,1,0,29.005738315794197,3072,0.05315555555555555,29.058893871349753,29.058893871349753,29.07967164912753,29.094272404143556,29.12030943213835,30.768491223898017,0.11457111634415185,1.7627529081038205,0.0,0.0,0.014600755016026312,0.026037027994792794
805,29.03660930505701,160,1344,65,8,1,10,29.03660930505701,256,0.3142542222222222,29.35086352727923,29.35086352727923,29.361330193945896,29.386984733933815,29.41299736821116,33.54832430157241,0.37638806315414897,4.511714996515398,0.0,0.0,0.025654539987918668,0.02601263427734324
806,29.07694522982377,160,4352,71,3,1,2,29.07694522982377,256,1.1588337777777777,30.23577900760155,30.23577900760155,30.262956785379327,30.266729364002142,30.293413934314643,34.512418817127156,1.2164687044908717,5.435473587303385,0.0,0.0,0.0037725786228151037,0.02668457031250071
807,29.166917302889615,128,2048,15,4,0,13,29.166917302889615,0,0.5830328888888889,29.749950191778503,29.749950191778503,29.76432796955628,29.789825691839347,29.8159543051206,33.14032913422216,0.6490370022309833,3.973411831332548,0.0,0.0,0.025497722283066793,0.02612861328125149
808,29.175428060079817,64,1664,8,7,1,4,29.175428060079817,256,0.40410311111111114,29.57953117119093,29.57953117119093,29.591775615635374,29.612973024025244,29.639208375587746,31.293973358846674,0.463780315507929,2.1185452987668576,0.0,0.0,0.021197408389870276,0.026235351562501563
809,29.19815610106101,128,2368,66,14,1,12,29.19815610106101,256,0.6017706666666667,29.799926767727676,29.799926767727676,29.816082323283233,29.841113156193355,29.867007589787104,33.1709809052168,0.6688514887260943,3.972824804155792,0.0,0.0,0.025030832910122314,0.025894433593748545
810,29.26589659134594,96,4928,11,1,1,10,29.26589659134594,4352,0.182784,29.44868059134594,29.44868059134594,29.479058369123717,29.484879093596682,29.51111800263686,31.988903672744744,0.24522141129092034,2.723007081398805,0.0,0.0,0.005820724472965111,0.02623890904017756
811,29.317531674727356,64,1664,4,5,1,1,29.317531674727356,256,0.40410311111111114,29.721634785838468,29.721634785838468,29.733879230282913,29.751875034262213,29.778303378988774,31.417068206462734,0.46077170426141834,2.099536531735378,0.0,0.0,0.017995803979300007,0.026428344726561193
812,29.35111584771494,128,1664,0,13,1,7,29.35111584771494,1536,0.04854755555555555,29.399663403270495,29.399663403270495,29.41190784771494,29.417736109099057,29.444525171599057,32.77316952032486,0.09340932388411716,3.4220536726099233,0.0,0.0,0.005828261384117184,0.026789062500000682
813,29.39962201057978,160,2240,126,15,1,5,29.39962201057978,256,0.5658311111111111,29.965453121690892,29.965453121690892,29.980897566135337,29.987289942806505,30.013903419369004,34.237858375423684,0.6142814087892248,4.838236364843905,0.0,0.0,0.006392376671168876,0.026613476562499017
814,29.483330604524163,160,1664,0,12,1,13,29.483330604524163,1536,0.04854755555555555,29.531878160079717,29.531878160079717,29.544122604524162,29.547257660457014,29.573808767227845,33.70161162367315,0.09047816270368259,4.218281019148989,0.0,0.0,0.0031350559328515715,0.026551106770831723
815,29.48749219050915,128,1664,0,10,1,12,29.48749219050915,1536,0.04854755555555555,29.536039746064706,29.536039746064706,29.54828419050915,29.550309142818694,29.576721252193693,32.94582886240575,0.08922906168454148,3.458336671896596,0.0,0.0,0.0020249523095436928,0.026412109374998494
816,29.491957922467055,128,1408,65,8,0,8,29.491957922467055,1216,0.06555733333333334,29.55751525580039,29.55751525580039,29.568337478022613,29.569127913691073,29.595122359491853,32.893411785296365,0.10316443702479816,3.4014538628293103,0.0,0.0,0.0007904356684598213,0.02599444580078014
817,29.505152866327364,128,2048,48,1,0,0,29.505152866327364,0,0.5830328888888889,30.08818575521625,30.08818575521625,30.10256353299403,30.114549922279718,30.14075667451186,33.42420458420307,0.635603808184495,3.9190517178757034,0.0,0.0,0.011986389285688404,0.02620675223214164
818,29.50631567957981,64,704,52,13,1,0,29.50631567957981,256,0.13455644444444445,29.640872124024256,29.640872124024256,29.647783235135368,29.65885524972406,29.685358765349058,31.3466084723803,0.17904308576924777,1.84029279280049,0.0,0.0,0.011072014588691559,0.02650351562499864
819,29.507786024126162,160,2176,1,11,1,14,29.52096079093066,2048,0.050083555555555555,29.571044346486214,29.571044346486214,29.586133235375105,29.591876462171683,29.617780856702932,33.706672363709394,0.10999483257677056,4.1988863395832325,0.013174766804496585,0.0,0.005743226796578682,0.025904394531249153
820,29.586403257332115,160,512,18,12,0,10,29.586403257332115,0,0.15175822222222224,29.73816147955434,29.73816147955434,29.744005923998785,29.759680186498677,29.785908946264303,33.91232321221482,0.199505688932188,4.325919954882707,0.0,0.0,0.015674262499892677,0.02622875976562611
821,29.587596347267166,160,2944,10,10,1,7,29.587596347267166,2240,0.21238755555555558,29.79998390282272,29.79998390282272,29.819339458378277,29.840869201412442,29.86729068578744,34.08674822275731,0.2796943385202759,4.499151875490142,0.0,0.0,0.021529743034164994,0.026421484374999693
822,29.65511495797794,64,512,22,8,0,12,29.65511495797794,0,0.15175822222222224,29.806873180200164,29.806873180200164,29.81271762464461,29.829214112770313,29.855132874977343,31.488244955869277,0.2000179169994034,1.8331299978913371,0.0,0.0,0.01649648812570348,0.02591876220703071
823,29.672853780915716,64,2048,1,7,0,11,29.672853780915716,0,0.5830328888888889,30.255886669804603,30.255886669804603,30.27026444758238,30.295250856056494,30.32145756178566,31.9754469591071,0.6486037808699443,2.3025931781913833,0.0,0.0,0.024986408474113375,0.026206705729165947
824,29.71031649530742,64,896,32,6,1,13,29.71031649530742,256,0.1884657777777778,29.8987822730852,29.8987822730852,29.906760050862978,29.918468659036762,29.944760000182594,31.6004387111201,0.2344435048751734,1.8901222158126778,0.0,0.0,0.01170860817378383,0.026291341145832092
825,29.75097265218488,128,2304,126,5,1,15,29.75097265218488,2048,0.0860231111111111,29.83699576329599,29.83699576329599,29.85279576329599,29.85759134285596,29.883960581137213,33.190160412563934,0.1329879289523319,3.4391877603790526,0.0,0.0,0.00479557955997123,0.026369238281251484
826,29.75146008599807,96,1344,16,12,1,11,29.75146008599807,256,0.3142542222222222,30.06571430822029,30.06571430822029,30.076180974886956,30.10014885511847,30.126137380509093,32.5823900416419,0.3746772945110237,2.830929955643832,0.0,0.0,0.023967880231513305,0.02598852539062335
827,29.8155506963707,160,768,108,11,0,11,29.8155506963707,576,0.06363733333333334,29.879188029704032,29.879188029704032,29.8864546963707,29.90238661842168,29.92815234107793,34.01447529339689,0.11260164470722955,4.198924597026192,0.0,0.0,0.015931922050981484,0.025765722656249324
828,29.923148576549934,128,4992,11,2,1,1,29.923148576549934,256,1.3385315555555557,31.26168013210549,31.26168013210549,31.292413465438823,31.298277372525696,31.32555740182257,34.70920922473923,1.4024088252726372,4.786060648189299,0.0,0.0,0.005863907086872899,0.02728002929687534
829,29.968681875414685,160,2176,110,0,0,,29.968681875414685,256,0.5478613333333333,30.51654320874802,30.51654320874802,30.53163209763691,30.53398545305951,30.560549255142845,34.75727252174442,0.5918673797281606,4.788590646329734,0.0,0.0,0.002353355422602732,0.02656380208333431
830,29.981780423237293,64,3200,2,13,1,1,29.981780423237293,2112,0.31982222222222223,30.301602645459514,30.301602645459514,30.32238042323729,30.348105347380308,30.37462927316156,32.021024744934245,0.39284884992426683,2.039244321696952,0.0,0.0,0.025724924143016636,0.026523925781251734
831,30.001752928463656,96,4544,47,4,1,12,30.001752928463656,4288,0.09274311111111111,30.094496039574768,30.094496039574768,30.12274048401921,30.129535750433096,30.155651961370594,32.642110384222164,0.15389903290693852,2.640357455758508,0.0,0.0,0.006795266413885059,0.026116210937498607
832,30.036217085616123,64,2816,6,14,1,6,30.036217085616123,256,0.7275591111111112,30.763776196727235,30.763776196727235,30.78242064117168,30.798264181583978,30.824373068302727,32.46665529486524,0.7881559826866038,2.430438209249118,0.0,0.0,0.015843540412298296,0.02610888671874889
833,30.103907665960573,160,4544,55,15,1,2,30.103907665960573,256,1.212743111111111,31.316650777071686,31.316650777071686,31.34489522151613,31.36047534319713,31.386982830176297,35.65835935198618,1.2830751642157239,5.554451686025605,0.0,0.0,0.015580121681001202,0.026507486979166828
834,30.170492664927153,160,1664,0,5,1,10,30.170492664927153,1536,0.04854755555555555,30.219040220482707,30.219040220482707,30.231284664927152,30.24915391609815,30.2751698340669,34.411147182467204,0.10467716913974812,4.240654517540051,0.0,0.0,0.01786925117099969,0.026015917968749136
835,30.17539444091619,160,256,40,11,0,,30.17539444091619,0,0.07987911111111111,30.2552735520273,30.2552735520273,30.259695774249522,30.26334277076543,30.28903691139043,34.374323966899496,0.11364247047423959,4.198929525983306,0.0,0.0,0.00364699651590783,0.025694140624999307
836,30.249424834809613,128,5056,11,10,1,2,30.249424834809613,4736,0.11205688888888889,30.361481723698503,30.361481723698503,30.39257061258739,30.396577551021817,30.423277062740567,33.79810564463231,0.17385222793095423,3.548680809822695,0.0,0.0,0.0040069384344256775,0.026699511718749847
837,30.249919354535542,128,2176,1,8,1,11,30.249919354535542,2048,0.050083555555555555,30.3000029100911,30.3000029100911,30.31509179897999,30.32125039671749,30.34716613332463,33.654424887509904,0.0972467787890885,3.404505532974362,0.0,0.0,0.006158597737499605,0.025915736607142748
838,30.287514168909944,128,2368,114,12,1,7,30.287514168909944,256,0.6017706666666667,30.88928483557661,30.88928483557661,30.905440391132167,30.90602019300909,30.93205437269659,34.23452731377732,0.6445402037866472,3.947013144867377,0.0,0.0,0.0005798018769240798,0.02603417968749966
839,30.397280584732123,160,256,1,1,0,8,30.397280584732123,0,0.07987911111111111,30.477159695843234,30.477159695843234,30.481581918065455,30.481702893819897,30.50780682797168,34.60913615507361,0.1105262432395584,4.211855570341484,0.0,0.0,0.00012097575444158792,0.026103934151784358
840,30.479367791964506,96,1664,0,9,1,5,30.479367791964506,1536,0.04854755555555555,30.52791534752006,30.52791534752006,30.540159791964506,30.5497590034117,30.576428274245036,33.09485735139347,0.09706048228052921,2.6154895594289655,0.0,0.0,0.009599211447195444,0.02666927083333448
841,30.512827589558114,160,832,92,5,0,5,30.512827589558114,640,0.06382933333333334,30.57665692289145,30.57665692289145,30.58427914511367,30.587398935629402,30.61331853198357,34.748973110201575,0.10049094242545564,4.236145520643461,0.0,0.0,0.0031197905157327455,0.02591959635416785
842,30.521905062886248,96,704,100,1,1,6,30.521905062886248,256,0.13455644444444445,30.656461507330693,30.656461507330693,30.663372618441805,30.664440686788645,30.690452588644114,33.14204668334742,0.1685475257578659,2.620141620461169,0.0,0.0,0.0010680683468393681,0.026011901855468977
843,30.54248007872394,64,1216,153,4,1,3,30.54248007872394,256,0.27831466666666665,30.820794745390607,30.820794745390607,30.830550300946165,30.835338728948717,30.861417439886218,32.510068465276845,0.318937361162277,1.9675883865529045,0.0,0.0,0.004788428002552081,0.026078710937500915
844,30.566360854193327,160,1152,57,11,0,,30.566360854193327,256,0.2603448888888889,30.826705743082215,30.826705743082215,30.836105743082214,30.85443154029668,30.88011309954147,34.97257982627449,0.3137522453481445,4.406218972081163,0.0,0.0,0.018325797214465922,0.02568155924479143
845,30.59292234803128,96,3008,10,3,1,10,30.59292234803128,2560,0.14146844444444445,30.734390792475725,30.734390792475725,30.754101903586836,30.775154331450064,30.801992100004753,33.323988397205284,0.20906975197347322,2.7310660491740038,0.0,0.0,0.021052427863228473,0.02683776855468878
846,30.605384488004727,128,1280,61,13,1,7,30.605384488004727,256,0.29628444444444446,30.901668932449173,30.901668932449173,30.911780043560285,30.928672437224055,30.954872632536556,34.25172294643163,0.3494881445318292,3.6463384584269,0.0,0.0,0.016892393663770378,0.026200195312501506
847,30.65387738264058,64,1664,0,8,1,9,30.65387738264058,1536,0.04854755555555555,30.702424938196135,30.702424938196135,30.71466938264058,30.735960776181773,30.761870444150524,32.400627117327616,0.10799306150994425,1.746749734687036,0.0,0.0,0.021291393541194026,0.025909667968750938
848,30.67034805313348,64,2048,0,6,0,8,30.67034805313348,0,0.5830328888888889,31.253380942022368,31.253380942022368,31.267758719800145,31.286265859557595,31.31250340838572,32.96241547707062,0.642155355252239,2.292067423937141,0.0,0.0,0.018507139757449664,0.026237548828124346
849,30.69714727061967,128,3200,2,7,1,13,30.69714727061967,3072,0.05315555555555555,30.750302826175226,30.750302826175226,30.771080603953003,30.794277906837745,30.820604566993996,34.15524118925033,0.12345729637432612,3.458093918630663,0.0,0.0,0.023197302884742754,0.026326660156250625
850,30.71079931465626,64,1088,20,10,1,9,30.71079931465626,832,0.08237511111111111,30.793174425767372,30.793174425767372,30.802218870211817,30.825105676021817,30.851645910396815,32.52150483896825,0.14084659574055536,1.810705524311988,0.0,0.0,0.0228868058099998,0.026540234374998306
851,30.77198897428014,96,4416,127,5,1,8,30.77198897428014,256,1.1768035555555554,31.948792529835696,31.948792529835696,31.97632586316903,31.98815834318148,32.014321266358564,34.489586879732826,1.242332292078423,3.717597905452685,0.0,0.0,0.011832480012451185,0.026162923177082575
852,30.880741938044448,64,2816,18,0,1,10,30.880741938044448,256,0.7275591111111112,31.60830104915556,31.60830104915556,31.626945493600005,31.650085550715765,31.67661753313764,33.33796205624962,0.7958755950931931,2.457220118205175,0.0,0.0,0.023140057115760726,0.02653198242187571
853,30.96112271588045,160,2368,50,8,1,15,30.96112271588045,256,0.6017706666666667,31.562893382547117,31.562893382547117,31.579048938102673,31.592565268369277,31.61865727450767,35.782901124489065,0.6575345586272192,4.8217784086086155,0.0,0.0,0.01351633026660437,0.026092006138391355
854,30.970265465945232,64,3200,2,9,1,7,30.970265465945232,3072,0.05315555555555555,31.023421021500788,31.023421021500788,31.044198799278565,31.056558645338786,31.083208181471598,32.75446745881535,0.11294271552636559,1.7842019928701163,0.0,0.0,0.012359846060221003,0.026649536132811846
855,30.99196032043005,160,2304,154,1,1,3,30.99196032043005,256,0.5838008888888889,31.575761209318937,31.575761209318937,31.591561209318936,31.598760280817665,31.624758897354123,35.72095182890174,0.632798576924074,4.72899150847169,0.0,0.0,0.007199071498728671,0.02599861653645874
856,31.032373112431866,96,1664,0,7,1,8,31.032373112431866,1536,0.04854755555555555,31.08092066798742,31.08092066798742,31.093165112431866,31.11023005527525,31.136488286302036,33.618478005656584,0.10411517387017,2.586104893224718,0.0,0.0,0.017064942843383335,0.02625823102678737
857,31.048598296571587,64,2176,1,12,1,8,31.048598296571587,256,0.5478613333333333,31.59645962990492,31.59645962990492,31.61154851879381,31.627063772110652,31.652874611954402,33.28206865492315,0.6042763153828155,2.233470358351564,0.0,0.0,0.015515253316841893,0.02581083984374999
858,31.04999867313009,128,2176,5,14,1,10,31.04999867313009,256,0.5478613333333333,31.597860006463424,31.597860006463424,31.612948895352314,31.63399074408398,31.660099752873045,34.981597148706385,0.6101010797429538,3.931598475576294,0.0,0.0,0.02104184873166659,0.026109008789063637
859,31.05147050923125,96,640,60,11,0,,31.05147050923125,256,0.11658666666666667,31.168057175897918,31.168057175897918,31.174612731453472,31.188291159437306,31.213908428317513,33.655214355896895,0.16243791908626193,2.603743846665644,0.0,0.0,0.013678427983833785,0.025617268880207433
860,31.081225836959867,128,1216,69,13,1,9,31.081225836959867,256,0.27831466666666665,31.359540503626533,31.359540503626533,31.36929605918209,31.372693311247488,31.39868032296624,34.690921921041,0.3174544860063726,3.6096960840811363,0.0,0.0,0.003397252065397538,0.025987011718751063
861,31.282009606343316,64,256,89,4,0,,31.282009606343316,0,0.07987911111111111,31.361888717454427,31.361888717454427,31.366310939676648,31.383094197698718,31.409022501735176,33.06079593109716,0.12701289539186078,1.7787863247538453,0.0,0.0,0.016783258022069703,0.025928304036458627
862,31.381896514866266,64,2176,1,11,1,12,31.381896514866266,2048,0.050083555555555555,31.431980070421822,31.431980070421822,31.447068959310712,31.47010797258835,31.495793449708888,33.116131348084394,0.11389693484262153,1.734234833218128,0.0,0.0,0.023039013277639242,0.02568547712053615
863,31.42288591047168,64,2176,1,3,1,11,31.42288591047168,2048,0.050083555555555555,31.472969466027237,31.472969466027237,31.488058354916127,31.50138671263496,31.528094598377148,33.19226622923653,0.105208687905467,1.7693803187648491,0.0,0.0,0.013328357718833672,0.026707885742187187
864,31.426631096212294,128,2880,18,10,1,0,31.426631096212294,2560,0.10552888888888888,31.53215998510118,31.53215998510118,31.55115998510118,31.568416808834314,31.594946105709315,34.95272063486668,0.1683150094970216,3.526089538654386,0.0,0.0,0.017256823733134752,0.02652929687500105
865,31.445407401137537,64,3072,10,9,1,3,31.445407401137537,256,0.7994382222222223,32.24484562335976,32.24484562335976,32.26491229002642,32.27974293082056,32.30626758902368,33.968503347487214,0.8608601878861464,2.5230959463496774,0.0,0.0,0.01483064079413765,0.026524658203122442
866,31.453126041527764,64,1664,0,7,0,7,31.453126041527764,1536,0.04854755555555555,31.501673597083318,31.501673597083318,31.513918041527763,31.53069533150293,31.556918150513347,33.19888803983628,0.10379210898558355,1.745761998308513,0.0,0.0,0.01677728997516681,0.026222819010417453
867,31.462880346032303,128,1664,0,6,1,7,31.462880346032303,1536,0.04854755555555555,31.511427901587858,31.511427901587858,31.523672346032303,31.548267324401348,31.5743527736201,34.87832896409628,0.11147242758779541,3.41544861806398,0.0,0.0,0.024594978369044895,0.026085449218751222
868,31.554716819921463,96,2560,26,15,1,13,31.554716819921463,2240,0.10456888888888889,31.65928570881035,31.65928570881035,31.676507931032575,31.679566163509627,31.706099366634625,34.237858375423684,0.15138254671316176,2.683141555502221,0.0,0.0,0.0030582324770520586,0.026533203124998295
869,31.592687127446723,64,256,1,13,0,3,31.592687127446723,0,0.07987911111111111,31.672566238557835,31.672566238557835,31.676988460780056,31.68456967843499,31.71041790434645,33.344068446106114,0.11773077689972666,1.7513813186593907,0.0,0.0,0.007581217654934136,0.025848225911460077
870,31.616251639375225,96,2368,98,2,1,3,31.616251639375225,256,0.6017706666666667,32.21802230604189,32.21802230604189,32.234177861597445,32.25336892526008,32.280285754687156,34.78713510364548,0.6640341153119316,3.1708834642702577,0.0,0.0,0.01919106366263179,0.026916829427079847
871,31.64160832042044,160,5248,3,4,1,5,31.64160832042044,4928,0.1126328888888889,31.754241209309328,31.754241209309328,31.786396764864882,31.799285555120594,31.825604500433094,36.01618505056331,0.18399618001265594,4.37457673014287,0.0,0.0,0.012888790255711768,0.02631894531250012
872,31.675763069940963,96,768,56,3,1,1,31.675763069940963,256,0.15252622222222223,31.828289292163184,31.828289292163184,31.83555595882985,31.8486273132209,31.875073699939648,34.3793743835334,0.19931062999868487,2.7036113135924396,0.0,0.0,0.013071354391048118,0.026446386718749437
873,31.686326015384523,128,2304,90,11,1,3,31.686326015384523,256,0.5838008888888889,32.27012690427341,32.27012690427341,32.28592690427341,32.2922854279455,32.31803951730097,35.6025173262745,0.6317135019164439,3.916191310889978,0.0,0.0,0.00635852367209111,0.025754089355466192
874,31.70061907843983,64,256,32,7,0,6,31.70061907843983,0,0.07987911111111111,31.78049818955094,31.78049818955094,31.78492041177316,31.79294549426335,31.819015667254423,33.45921579862534,0.11839658881459414,1.7585967201855084,0.0,0.0,0.00802508249018885,0.026070172991072837
875,31.757176552877496,160,512,6,14,0,14,31.757176552877496,0,0.15175822222222224,31.90893477509972,31.90893477509972,31.914779219544165,31.921532736271487,31.947510031193364,36.13026418158399,0.19033347831586767,4.373087628706493,0.0,0.0,0.006753516727322051,0.025977294921876393
876,31.7668208580798,128,5056,7,12,1,15,31.7668208580798,256,1.3565013333333333,33.12332219141313,33.12332219141313,33.15441108030202,33.17730166273565,33.203492678360654,36.59923540297003,1.4366718202808535,4.832414544890231,0.0,0.0,0.02289058243363229,0.02619101562500248
877,31.814452305264954,64,4544,51,13,1,1,31.814452305264954,4224,0.11052088888888889,31.924973194153843,31.924973194153843,31.953217638598286,31.96892701892978,31.994975637791388,33.631804652160795,0.18052333252643393,1.8173523468958415,0.0,0.0,0.015709380331493605,0.026048618861608475
878,31.870981622325285,64,4608,27,8,1,15,31.870981622325285,256,1.230712888888889,33.10169451121418,33.10169451121418,33.130294511214174,33.15347933086928,33.179798910947405,34.8482237156349,1.3088172886221194,2.9772420933096164,0.0,0.0,0.023184819655106992,0.026319580078123295
879,31.878259446533438,96,1664,4,10,1,5,31.878259446533438,1536,0.04854755555555555,31.926807002088992,31.926807002088992,31.939051446533437,31.939871398678065,31.966304155374495,34.47942522471043,0.08804470884105697,2.601165778176995,0.0,0.0,0.0008199521446279334,0.02643275669642975
880,32.014841634129354,96,1664,0,14,1,6,32.014841634129354,1536,0.04854755555555555,32.06338918968491,32.06338918968491,32.07563363412935,32.07740383002149,32.10335050970899,34.58489480495638,0.0885088755796346,2.5700531708270233,0.0,0.0,0.001770195892135007,0.025946679687500307
881,32.08189722964505,64,1792,13,4,1,5,32.08189722964505,256,0.4400426666666667,32.521939896311714,32.521939896311714,32.53489545186727,32.53657737640966,32.562959895940914,34.22788064789403,0.4810626662958626,2.1459834182489814,0.0,0.0,0.0016819245423889129,0.02638251953125348
882,32.08706842592615,128,4352,39,10,1,0,32.08706842592615,256,1.1588337777777777,33.24590220370393,33.24590220370393,33.27307998148171,33.291254033304185,33.317938701272936,36.66207530667192,1.2308702753467884,4.575006880745775,0.0,0.0,0.01817405182247711,0.026684667968751796
883,32.10986821833799,128,704,64,1,1,12,32.10986821833799,256,0.13455644444444445,32.244424662782436,32.244424662782436,32.251335773893544,32.27132652430724,32.29693746180724,35.56562443632361,0.1870692434692458,3.4557562179856163,0.0,0.0,0.019990750413697356,0.025610937499997988
884,32.11627826434933,64,4416,39,7,1,10,32.11627826434933,256,1.1768035555555554,33.29308181990489,33.29308181990489,33.32061515323822,33.328243508586276,33.35443699003159,35.02214548612533,1.2381587256822542,2.905867221775999,0.0,0.0,0.007628355348053617,0.026193481445311306
885,32.118079578932374,160,2176,5,3,1,14,32.118079578932374,2048,0.050083555555555555,32.168163134487926,32.168163134487926,32.18325202337682,32.192468426502145,32.218856121814646,36.40158739622871,0.10077654288227222,4.283507817296339,0.0,0.0,0.009216403125329009,0.026387695312500625
886,32.125906934547146,160,1664,0,0,1,14,32.125906934547146,1536,0.04854755555555555,32.174454490102704,32.174454490102704,32.186698934547145,32.20705137102827,32.23338547747358,36.425669288625,0.10747854292643666,4.299762354077856,0.0,0.0,0.020352436481125835,0.026334106445311534
887,32.14785752671088,64,2944,6,15,1,14,32.14785752671088,2432,0.15905422222222224,32.3069117489331,32.3069117489331,32.32626730448866,32.34304272600962,32.36956115862681,34.05015634905649,0.22170363191592912,1.9022988223456139,0.0,0.0,0.01677542152096123,0.02651843261718767
888,32.19042574739822,128,1344,81,6,1,12,32.19042574739822,256,0.3142542222222222,32.50467996962045,32.50467996962045,32.51514663628711,32.520960358255515,32.54710647641958,35.837939036640925,0.35668072902135606,3.6475132892427027,0.0,0.0,0.005813721968401353,0.02614611816406409
889,32.211230680089706,160,1664,0,5,1,0,32.211230680089706,1536,0.04854755555555555,32.259778235645264,32.259778235645264,32.272022680089705,32.27731537443149,32.30356374682732,36.45410042953751,0.09233306673761632,4.242869749447806,0.0,0.0,0.005292694341783033,0.026248372395833997
890,32.29927547824932,64,2176,1,13,1,3,32.29927547824932,1088,0.3167502222222222,32.616025700471546,32.616025700471546,32.631114589360436,32.64351091029882,32.66944165574153,34.303504928853506,0.3701661774922087,2.0042294506041856,0.0,0.0,0.01239632093838594,0.025930745442707348
891,32.30989570905715,96,1664,0,2,1,5,32.30989570905715,1536,0.04854755555555555,32.35844326461271,32.35844326461271,32.37068770905715,32.38795795520799,32.41460053333299,34.91738185657517,0.10470482427583505,2.607486147518017,0.0,0.0,0.0172702461508365,0.02664257812499926
892,32.31305049751079,160,4096,1,0,0,13,32.31305049751079,0,1.1580657777777779,33.471116275288566,33.471116275288566,33.49687183084412,33.51978944882775,33.54610764544233,37.752495509328135,1.2330571479315466,5.439445011817348,0.0,0.0,0.022917617983630123,0.026318196614582234
893,32.34991057288167,128,3136,10,3,1,9,32.34991057288167,2880,0.0885191111111111,32.43842968399278,32.43842968399278,32.458851906215,32.4823011413459,32.50858979694486,35.85510546263497,0.15867922406319224,3.505194889753298,0.0,0.0,0.02344923513089725,0.026288655598960986
894,32.4020757620153,96,2176,9,14,0,14,32.4020757620153,1984,0.06786133333333334,32.469937095348634,32.469937095348634,32.485025984237524,32.492496237248055,32.518381881779305,35.00815159206576,0.11630611976400473,2.6060758300504574,0.0,0.0,0.00747025301053128,0.025885644531250307
895,32.491732281986785,160,1024,44,1,1,5,32.491732281986785,256,0.22440533333333335,32.71613761532012,32.71613761532012,32.72482650420901,32.732398106338486,32.7579978784739,36.85871974882361,0.26626559648711634,4.366987466836825,0.0,0.0,0.007571602129473831,0.025599772135414867
896,32.53917796060935,128,768,104,5,1,14,32.53917796060935,256,0.15252622222222223,32.69170418283157,32.69170418283157,32.69897084949824,32.72263360359816,32.748608538494,36.059151699068764,0.20943057788464614,3.519973738459413,0.0,0.0,0.02366275409992369,0.025974934895835133
897,32.54857896291566,64,5248,3,14,1,4,32.54857896291566,5056,0.07707733333333333,32.625656296249,32.625656296249,32.65781185180455,32.673706002873054,32.699873971623056,34.34977419948763,0.1512950087073932,1.8011952365719708,0.0,0.0,0.015894151068501117,0.026167968750002046
898,32.633036842865394,64,1664,0,11,1,2,32.633036842865394,1536,0.04854755555555555,32.68158439842095,32.68158439842095,32.69382884286539,32.704409451383,32.73017697525453,34.34865876507658,0.09714013238913566,1.7156219222111844,0.0,0.0,0.010580608517607004,0.025767523871529363
899,32.64792701328979,64,4288,67,3,1,2,32.64792701328979,256,1.140864,33.78879101328979,33.78879101328979,33.81561323551201,33.82383776243966,33.85030670775216,35.51504406126778,1.2023796944623726,2.8671170479779917,0.0,0.0,0.008224526927648412,0.026468945312501546
900,32.66420372810881,128,5120,7,15,1,12,32.66420372810881,4800,0.11224888888888888,32.7764526169977,32.7764526169977,32.80789706144215,32.820449220150245,32.847170997494,36.28600957985076,0.1829672693851876,3.6218058517419536,0.0,0.0,0.012552158708096783,0.02672177734375225
901,32.687313574030036,128,2944,14,9,1,6,32.687313574030036,256,0.7634986666666667,33.4508122406967,33.4508122406967,33.470167796252255,33.49263567170597,33.51911565217472,36.83430015622047,0.8318020781446833,4.146986582190436,0.0,0.0,0.02246787545371376,0.026479980468749886
902,32.71732450078553,128,2176,5,2,1,3,32.71732450078553,1472,0.21008355555555558,32.927408056341086,32.927408056341086,32.942496945229976,32.94755463489549,32.97408940052049,36.30718660917932,0.25676489973496075,3.5898621083937883,0.0,0.0,0.00505768966551301,0.026534765625001455
903,32.7687881767913,128,2176,62,4,0,,32.7687881767913,256,0.5478613333333333,33.31664951012463,33.31664951012463,33.33173839901352,33.354237337347165,33.38075198578466,36.71570751150082,0.6119638089933659,3.94691933470952,0.0,0.0,0.0224989383336478,0.026514648437498067
904,32.84265835099925,128,1152,20,1,1,10,32.84265835099925,256,0.2603448888888889,33.10300323988814,33.10300323988814,33.11240323988814,33.116445957900986,33.14204668334742,36.41822682890174,0.2993883323481654,3.575568477902486,0.0,0.0,0.0040427180128475015,0.025600725446430772
905,32.92054573797216,160,2176,1,6,1,13,32.92054573797216,2048,0.050083555555555555,32.970629293527715,32.970629293527715,32.985718182416605,32.988167186054994,33.01402281756541,37.140850878623816,0.09347707959324936,4.220305140651654,0.0,0.0,0.002449003638389513,0.025855631510417254
906,32.97347023546417,160,4608,51,14,1,13,32.97347023546417,256,1.230712888888889,34.20418312435306,34.20418312435306,34.232783124353055,34.2443080536543,34.27067385769076,38.538219300399085,1.29720362222659,5.564749064934915,0.0,0.0,0.011524929301245379,0.02636580403645894
907,33.018713519742036,64,1664,0,5,1,11,33.018713519742036,1536,0.04854755555555555,33.067261075297594,33.067261075297594,33.079505519742035,33.086327125733575,33.11228471501929,34.748973110201575,0.09357119527725644,1.7302595904595393,0.0,0.0,0.006821605991540025,0.02595758928571712
908,33.07434731597116,160,1664,0,6,1,5,33.07434731597116,1536,0.04854755555555555,33.12289487152672,33.12289487152672,33.13513931597116,33.14330829933625,33.169155345234685,37.29684877436414,0.09480802926352538,4.222501458392983,0.0,0.0,0.008168983365088422,0.02584704589843767
909,33.092225693444334,96,1280,77,2,1,14,33.092225693444334,256,0.29628444444444446,33.38851013788878,33.38851013788878,33.39862124899989,33.423711177864234,33.449947505989236,35.94053366321578,0.3577218125449022,2.8483079697714473,0.0,0.0,0.02508992886434669,0.026236328125001762
910,33.25227131217979,128,4416,63,12,1,10,33.25227131217979,256,1.1768035555555554,34.42907486773535,34.42907486773535,34.45660820106868,34.481939423152326,34.50926388604295,37.895371511368474,1.2569925738631582,4.64310019918868,0.0,0.0,0.025331222083643468,0.02732446289062551
911,33.280887497803796,160,2048,0,13,0,6,33.280887497803796,0,0.5830328888888889,33.86392038669268,33.86392038669268,33.87829816447046,33.88980351283788,33.915655441548815,38.099250697082674,0.6347679437450182,4.818363199278878,0.0,0.0,0.011505348367421675,0.025851928710935113
912,33.29957035181168,128,2432,54,6,1,5,33.29957035181168,256,0.6197404444444444,33.91931079625613,33.91931079625613,33.93582190736724,33.94479377296906,33.97072101906281,37.2708815705881,0.6711506672511263,3.971311218776421,0.0,0.0,0.008971865601814955,0.025927246093750966
913,33.315697363439824,128,2048,2,8,0,9,33.315697363439824,0,0.5830328888888889,33.89873025232871,33.89873025232871,33.913108030106486,33.92171736797865,33.94820532370782,37.25528442527032,0.6325079602679935,3.939587061830494,0.0,0.0,0.008609337872165668,0.0264879557291664
914,33.31616886202795,64,3200,2,1,1,9,33.31616886202795,3072,0.05315555555555555,33.369324417583506,33.369324417583506,33.39010219536129,33.39843177449325,33.42420458420307,35.04948023059444,0.10803572217511714,1.7333113685664898,0.0,0.0,0.008329579131959974,0.025772809709820876
915,33.49162415563161,96,4096,29,15,0,6,33.49162415563161,0,1.1580657777777779,34.64968993340939,34.64968993340939,34.67544548896495,34.67629587542368,34.70356687151743,37.28501141090545,1.2119427158858187,3.793387255273835,0.0,0.0,0.0008503864587368071,0.027270996093747613
916,33.551562816922214,96,4608,23,0,1,8,33.551562816922214,256,1.230712888888889,34.7822757058111,34.7822757058111,34.8108757058111,34.83659820533817,34.86331011940067,37.380284523,1.3117473024784587,3.8287217060777863,0.0,0.0,0.025722499527070397,0.02671191406250273
917,33.55977977295168,64,2176,1,9,1,6,33.55977977295168,1408,0.22786133333333336,33.787641106285015,33.787641106285015,33.802729995173905,33.81042766389346,33.83677239045596,35.48313573681013,0.27699261750428406,1.923355963858448,0.0,0.0,0.007697668719558237,0.026344726562498977
918,33.60954194901131,128,512,3,10,0,14,33.60954194901131,0,0.15175822222222224,33.76130017123353,33.76130017123353,33.76714461567797,33.771652763772934,33.79810564463231,37.12824572845392,0.18856369562099928,3.5187037794426104,0.0,0.0,0.00450814809496336,0.026452880859373806
919,33.80227044836371,160,2944,18,11,1,10,33.80227044836371,256,0.7634986666666667,34.56576911503037,34.56576911503037,34.58512467058593,34.60741429893074,34.63349437705574,38.76886343281282,0.8312239286920331,4.966592984449115,0.0,0.0,0.02228962834481507,0.02608007812499835
920,33.860264860061925,128,2176,9,2,1,14,33.860264860061925,1216,0.28119466666666665,34.14145952672859,34.14145952672859,34.15654841561748,34.15851293567673,34.18473168567673,37.51057248157515,0.324466825614806,3.650307621513228,0.0,0.0,0.001964520059253516,0.02621874999999818
921,33.913140823217724,160,512,8,4,0,7,33.913140823217724,0,0.15175822222222224,34.064899045439944,34.064899045439944,34.070743489884386,34.09683206390966,34.12304080414403,38.27679157725603,0.20989998092630913,4.363650754038304,0.0,0.0,0.026088574025273203,0.026208740234373806
922,33.936734887969315,128,2176,1,1,1,9,33.936734887969315,2048,0.050083555555555555,33.98681844352487,33.98681844352487,34.00190733241376,34.01600536545307,34.04178828956021,37.32773207792518,0.10505340159089371,3.3909971899558613,0.0,0.0,0.014098033039310565,0.02578292410714056
923,33.938179607048774,96,512,57,7,0,11,33.938179607048774,0,0.15175822222222224,34.089937829270994,34.089937829270994,34.095782273715436,34.102544411906585,34.12889255643783,36.59714446073471,0.19071294938905936,2.658964853685937,0.0,0.0,0.006762138191149347,0.026348144531247897
924,33.94970773809432,64,4288,103,5,0,5,33.94970773809432,4096,0.07419733333333334,34.02390507142765,34.02390507142765,34.05072729364987,34.07176702063685,34.09787025724399,35.74593880844376,0.14816251914967182,1.7962310703494424,0.0,0.0,0.021039726986977314,0.026103236607141866
925,34.01504757750751,64,1664,0,13,1,6,34.01504757750751,1536,0.04854755555555555,34.06359513306307,34.06359513306307,34.07583957750751,34.09663261440038,34.122479782369126,35.75543575567642,0.10743220486161675,1.7403881781689137,0.0,0.0,0.0207930368928686,0.025847167968748863
926,34.01952565413531,128,1536,17,6,1,14,34.01952565413531,256,0.3681635555555556,34.38768920969086,34.38768920969086,34.399222543024194,34.411558909687805,34.43746393898468,37.73872797358289,0.41793828484937023,3.7192023194475823,0.0,0.0,0.012336366663610931,0.02590502929687233
927,34.02597577666802,160,1664,0,9,1,13,34.02597577666802,1536,0.04854755555555555,34.07452333222358,34.07452333222358,34.08676777666802,34.09978752717471,34.125897227695546,38.263311892409085,0.09992145102752659,4.237336115741066,0.0,0.0,0.013019750506693129,0.026109700520834167
928,34.04803010317192,64,4096,10,10,0,3,34.04803010317192,0,1.1580657777777779,35.2060958809497,35.2060958809497,35.23185143650525,35.241100029397934,35.26757952158543,36.92198636972996,1.2195494184135143,2.8739562665580394,0.0,0.0,0.009248592892681984,0.02647949218749801
929,34.147781358655735,160,2176,1,3,1,1,34.147781358655735,2048,0.050083555555555555,34.19786491421129,34.19786491421129,34.21295380310018,34.22092321165841,34.247330519601114,38.42660049844226,0.09954916094537936,4.278819139786528,0.0,0.0,0.007969408558231805,0.02640730794270496
930,34.26114420135717,64,5184,7,14,1,15,34.26114420135717,4160,0.30799644444444446,34.56914064580161,34.56914064580161,34.60094064580161,34.61108865261263,34.63755037136263,36.321973491479824,0.37640617000545973,2.060829290122655,0.0,0.0,0.010148006811022015,0.026461718749999363
931,34.26948991044856,64,2048,118,1,0,0,34.26948991044856,0,0.5830328888888889,34.85252279933745,34.85252279933745,34.866900577115224,34.86808472278194,34.8939969019114,36.521763938276735,0.6245069914628374,2.2522740278281717,0.0,0.0,0.0011841456667127659,0.025912179129463198
932,34.33788511391617,160,3200,2,7,1,1,34.33788511391617,3072,0.05315555555555555,34.39104066947173,34.39104066947173,34.41181844724951,34.417374978312836,34.443706521281584,38.5841525417894,0.10582140736541135,4.246267427873228,0.0,0.0,0.005556531063326986,0.026331542968748067
933,34.45401276364633,160,4096,4,13,0,10,34.45401276364633,0,1.1580657777777779,35.61207854142411,35.61207854142411,35.63783409697967,35.65026615932226,35.67655782598892,39.944599980936836,1.22254506234259,5.4905872172905035,0.0,0.0,0.0124320623425902,0.026291666666665492
934,34.504316283118015,128,1408,81,7,1,6,34.504316283118015,256,0.332224,34.83654028311801,34.83654028311801,34.847362505340236,34.86507761503158,34.89125437284408,38.186911086711284,0.38693808972606547,3.6825948035932683,0.0,0.0,0.01771510969134482,0.026176757812500284
935,34.52024792183888,96,5184,15,2,1,13,34.52024792183888,4224,0.2902186666666667,34.81046658850555,34.81046658850555,34.842266588505545,34.86489523548142,34.89113830188767,37.3805602745439,0.3708903800487917,2.860312352705023,0.0,0.0,0.022628646975874744,0.02624306640625207
936,34.5746979583536,64,3008,6,6,1,15,34.5746979583536,2624,0.12369066666666667,34.69838862502027,34.69838862502027,34.718099736131386,34.722451487812805,34.748442070960124,36.38435464536489,0.17374411260652067,1.8096566870112838,0.0,0.0,0.004351751681419103,0.025990583147319057
937,34.591044204218136,64,2176,1,9,1,3,34.591044204218136,2048,0.050083555555555555,34.64112775977369,34.64112775977369,34.65621664866258,34.6743137316018,34.70041968863305,36.34101426173572,0.10937548441491174,1.7499700575175865,0.0,0.0,0.018097082939220854,0.026105957031248295
938,34.61545257498643,128,2176,5,4,1,2,34.61545257498643,256,0.5478613333333333,35.16331390831976,35.16331390831976,35.17840279720865,35.20178038747737,35.22804418142268,38.538207739365404,0.6125916064362542,3.9227551643789766,0.0,0.0,0.02337759026872277,0.02626379394531142
939,34.63614253545702,160,3072,6,5,1,6,34.63614253545702,2240,0.2483271111111111,34.88446964656813,34.88446964656813,34.90453631323479,34.905737270357825,34.93195907211564,39.12641769841771,0.29581653665862007,4.4902751629606925,0.0,0.0,0.0012009571230322535,0.026221801757813523
940,34.63924276301882,128,1664,0,8,1,9,34.63924276301882,1536,0.04854755555555555,34.68779031857438,34.68779031857438,34.70003476301882,34.7165684421974,34.7428985203224,38.03381030417657,0.1036557573035779,3.3945675411577483,0.0,0.0,0.016533679178579064,0.026330078124999545
941,34.684504725959094,160,1664,4,12,1,10,34.684504725959094,1408,0.0841031111111111,34.768607837070206,34.768607837070206,34.78085228151465,34.78253537041795,34.80935942640754,39.02881533461065,0.12485470044844504,4.344310608651554,0.0,0.0,0.0016830889033059293,0.026824055989585815
942,34.7237932308703,160,1664,8,3,1,7,34.7237932308703,1280,0.11965866666666666,34.843451897536966,34.843451897536966,34.85569634198141,34.856464959705285,34.88280226439279,39.05836221719226,0.1590090335224872,4.334568986321962,0.0,0.0,0.0007686177238781511,0.026337304687501728
943,34.75021001227472,160,832,124,6,1,2,34.75021001227472,576,0.0816071111111111,34.83181712338583,34.83181712338583,34.839439345608056,34.85240928636191,34.87832896409628,39.012725872423424,0.12811895182156263,4.262515860148703,0.0,0.0,0.012969940753855269,0.02591967773437176
944,34.78648985161459,160,1664,4,9,1,12,34.78648985161459,256,0.40410311111111114,35.1905929627257,35.1905929627257,35.20283740717014,35.222641368320545,35.24869683707055,39.38766179475284,0.46220698545595695,4.601171943138247,0.0,0.0,0.019803961150401506,0.026055468750001864
945,34.79352486248218,64,4736,35,14,1,1,34.79352486248218,256,1.2666524444444445,36.060177306926626,36.060177306926626,36.08948841803774,36.10339345404493,36.13026418158399,37.84217340196159,1.3367393191018095,3.0486485394794087,0.0,0.0,0.013905036007187732,0.0268707275390625
946,34.925774877356154,160,1344,25,8,1,3,34.925774877356154,256,0.3142542222222222,35.24002909957838,35.24002909957838,35.250495766245045,35.264542726051566,35.290474854957814,39.4143380548276,0.36469997760165995,4.488563177471448,0.0,0.0,0.014046959806520931,0.02593212890624841
947,34.991686718169724,64,4608,47,15,1,4,34.991686718169724,256,1.230712888888889,36.22239960705861,36.22239960705861,36.25099960705861,36.25872946917368,36.28600957985076,37.97413201637419,1.2943228616810387,2.9824452982044676,0.0,0.0,0.007729862115070318,0.027280110677082803
948,35.0012980216993,96,1664,0,0,1,8,35.0012980216993,1536,0.04854755555555555,35.04984557725486,35.04984557725486,35.0620900216993,35.07702301002568,35.10351336647099,37.61896474760938,0.10221534477169314,2.617666725910084,0.0,0.0,0.014932988326378904,0.026490356445314944
949,35.032386656317,128,4480,19,6,1,7,35.032386656317,256,1.1947733333333332,36.22715998965033,36.22715998965033,36.25504887853922,36.27970523130239,36.305866852396136,39.61427601619513,1.2734801960791344,4.581889359878126,0.0,0.0,0.024656352763166467,0.026161621093748977
950,35.082913172496525,64,1856,13,11,1,4,35.082913172496525,1280,0.173568,35.25648117249653,35.25648117249653,35.269792283607636,35.288332755961996,35.31451211794116,36.94793485557138,0.2315989454446381,1.8650216830748576,0.0,0.0,0.01854047235435985,0.02617936197916748
951,35.151330832044316,128,3200,2,5,1,7,35.151330832044316,2496,0.21315555555555557,35.36448638759987,35.36448638759987,35.38526416537765,35.40403499985001,35.430332363131264,38.78305809555313,0.2790015310869478,3.6317272635088145,0.0,0.0,0.018770834472363163,0.026297363281251762
952,35.18883644203329,64,1472,49,7,1,0,35.18883644203329,1152,0.10130488888888889,35.29014133092218,35.29014133092218,35.30131910869996,35.30645359159408,35.33227011991439,36.96028083768784,0.14343367788109873,1.771444395654548,0.0,0.0,0.005134482894121106,0.02581652832031267
953,35.20473231182166,160,4480,39,3,1,7,35.20473231182166,256,1.1947733333333332,36.39950564515499,36.39950564515499,36.42739453404388,36.427559564197466,36.453937168364135,40.65522058307768,1.2492048565424767,5.45048827125602,0.0,0.0,0.0001650301535889298,0.02637760416666879
954,35.212529367336245,128,1664,8,1,1,3,35.212529367336245,256,0.40410311111111114,35.61663247844736,35.61663247844736,35.6288769228918,35.643306565229864,35.66918783150591,38.97040452258664,0.4566584641696636,3.757875155250396,0.0,0.0,0.014429642338065207,0.025881266276044812
955,35.2251276148918,96,1664,0,2,1,0,35.2251276148918,1536,0.04854755555555555,35.273675170447355,35.273675170447355,35.285919614891796,35.28618922962204,35.31242936634079,37.796245577278285,0.08730175144899022,2.571117962386488,0.0,0.0,0.0002696147302430063,0.02624013671874792
956,35.311220083017474,128,4544,19,4,1,6,35.311220083017474,256,1.212743111111111,36.523963194128584,36.523963194128584,36.55220763857303,36.558613273219564,36.58479442556332,39.895249878037276,1.2735743425458423,4.584029795019802,0.0,0.0,0.006405634646533542,0.026181152343752956
957,35.31858609825646,160,1472,53,10,1,5,35.31858609825646,1088,0.11908266666666667,35.437668764923124,35.437668764923124,35.4488465427009,35.45294963877293,35.47924187510105,39.600995998171186,0.16065577684459242,4.282409899914725,0.0,0.0,0.004103096072029189,0.02629223632812483
958,35.355925347471775,96,1664,0,9,1,2,35.355925347471775,1536,0.04854755555555555,35.40447290302733,35.40447290302733,35.416717347471774,35.43109879019554,35.45711701936221,37.924193780662435,0.1011916718904331,2.56826843319066,0.0,0.0,0.01438144272376718,0.02601822916666663
959,35.36253429187751,128,2176,1,12,1,9,35.36253429187751,2048,0.050083555555555555,35.41261784743306,35.41261784743306,35.42770673632195,35.453283254532536,35.47992607679816,38.84421013441534,0.11739178492064894,3.4816758425378325,0.0,0.0,0.02557651821058471,0.026642822265621646
960,35.37707382094456,128,3008,14,0,1,9,35.37707382094456,2432,0.17702400000000001,35.55409782094456,35.55409782094456,35.57380893205568,35.58042327858036,35.60691673561161,38.966953500864584,0.22984291466705287,3.589879679920024,0.0,0.0,0.006614346524685288,0.0264934570312505
961,35.377789152456536,160,1152,121,8,0,,35.377789152456536,256,0.2603448888888889,35.638134041345424,35.638134041345424,35.64753404134542,35.65357592917657,35.67943999167657,39.80567036509546,0.3016508392200308,4.427881212638923,0.0,0.0,0.006041887831145232,0.025864062499998397
962,35.39610447132841,64,896,124,11,1,6,35.39610447132841,256,0.1884657777777778,35.584570249106186,35.584570249106186,35.59254802688396,35.6025173262745,35.62845254762867,37.25767020713388,0.2323480763002621,1.8615657358054705,0.0,0.0,0.009969299390540698,0.02593522135416748
963,35.46661209440869,64,704,40,2,0,,35.46661209440869,256,0.13455644444444445,35.60116853885313,35.60116853885313,35.60807964996424,35.62734909290329,35.65344512154912,37.301612813606404,0.18683302714043037,1.8350007191977156,0.0,0.0,0.01926944293904853,0.02609602864583138
964,35.46813549038838,64,1472,12,7,1,11,35.46813549038838,896,0.172416,35.640551490388376,35.640551490388376,35.65172926816615,35.667929421672206,35.693731863078455,37.32409421659409,0.22559637269007737,1.8559587262057136,0.0,0.0,0.016200153506055415,0.025802441406248988
965,35.487838635409936,96,4608,19,5,1,4,35.487838635409936,256,1.230712888888889,36.718551524298825,36.718551524298825,36.74715152429882,36.77279769516251,36.799588548027096,39.30999064763646,1.3117499126171595,3.8221520122265247,0.0,0.0,0.0256461708636877,0.026790852864586157
966,35.54685533312596,64,3200,2,10,1,5,35.54685533312596,3072,0.05315555555555555,35.60001088868152,35.60001088868152,35.6207886664593,35.63700554697605,35.663354570413546,37.309252238870585,0.11649923728758438,1.7623969057446232,0.0,0.0,0.016216880516751075,0.02634902343749701
967,35.58089601721583,160,2176,9,9,1,2,35.58089601721583,1600,0.17452800000000002,35.75542401721583,35.75542401721583,35.77051290610472,35.795219525872625,35.82123840608096,39.96660718863305,0.24034238886513037,4.3857111714172206,0.0,0.0,0.02470661976790467,0.026018880208333428
968,35.601708488773426,160,3136,6,12,1,5,35.601708488773426,256,0.817408,36.419116488773426,36.419116488773426,36.43953871099565,36.466053762345034,36.49268911390753,40.680295147668694,0.8909806251341053,5.078586658895269,0.0,0.0,0.026515051349385033,0.026635351562497078
969,35.61629689293857,160,1664,0,0,1,9,35.61629689293857,1536,0.04854755555555555,35.66484444849413,35.66484444849413,35.67708889293857,35.68640003639286,35.71278162818974,39.914785708825896,0.09648473525116685,4.298488815887325,0.0,0.0,0.009311143454290516,0.026381591796877046
970,35.69846191838526,96,1216,121,11,1,8,35.69846191838526,256,0.27831466666666665,35.97677658505193,35.97677658505193,35.98653214060749,35.991596916118255,36.01745226279794,38.47933910013053,0.3189903444126756,2.780877181745268,0.0,0.0,0.005064775510767561,0.025855346679684033
971,35.70110437440837,128,2176,102,2,0,,35.70110437440837,256,0.5478613333333333,36.2489657077417,36.2489657077417,36.26405459663059,36.28101432727828,36.30718660917932,39.616056889127236,0.6060822347709518,3.9149525147188697,0.0,0.0,0.01695973064769163,0.02617228190104015
972,35.70206802899252,160,4288,87,13,1,3,35.70206802899252,256,1.140864,36.84293202899252,36.84293202899252,36.869754251214744,36.89617452520768,36.92289880906184,41.2125737602337,1.2208307800693206,5.510505731241182,0.0,0.0,0.02642027399293312,0.02672428385416481
973,35.759125043803266,64,1728,21,10,1,5,35.759125043803266,256,0.42207288888888894,36.18119793269216,36.18119793269216,36.193797932692156,36.2167968555698,36.24307061859063,37.874774841642164,0.4839455747873629,2.1156497978388984,0.0,0.0,0.022998922877640382,0.026273763020832064
974,35.881519409114695,160,1664,0,7,1,0,35.881519409114695,1536,0.04854755555555555,35.93006696467025,35.93006696467025,35.942311409114694,35.95178313260971,35.97759172635971,40.14735548775295,0.0960723172450173,4.265836078638252,0.0,0.0,0.009471723495018125,0.025808593749999886
975,35.89672742465639,160,2368,82,1,1,14,35.89672742465639,256,0.6017706666666667,36.49849809132306,36.49849809132306,36.514653646878614,36.521763938276735,36.54768068632361,40.691976762053734,0.6509532616672189,4.795249337397344,0.0,0.0,0.007110291398120694,0.025916748046874716
976,35.910952228149405,96,2624,26,8,1,15,35.910952228149405,256,0.6736497777777778,36.58460200592718,36.58460200592718,36.60217978370496,36.607928468239066,36.63381684714532,39.10290763490573,0.7228646189959136,3.1919554067563283,0.0,0.0,0.005748684534104598,0.025888378906252285
977,35.92530782429041,96,3200,2,0,1,10,35.92530782429041,3072,0.05315555555555555,35.97846337984596,35.97846337984596,35.99924115762374,36.00301136451786,36.02942382266518,38.546141391489584,0.10411599837477326,2.6208335671991776,0.0,0.0,0.003770206894117223,0.02641245814731974
978,35.94788888660854,96,1088,44,9,1,1,35.94788888660854,704,0.11793066666666667,36.065819553275205,36.065819553275205,36.074863997719646,36.08145406363304,36.10740788617768,38.576098806471585,0.15951899956914417,2.628209919863046,0.0,0.0,0.006590065913393062,0.0259538225446434
979,35.98911516245083,128,1664,8,11,1,1,35.98911516245083,1088,0.172992,36.16210716245083,36.16210716245083,36.17435160689527,36.19845336143075,36.2243032637745,39.534457378125325,0.23518810132367207,3.545342215674495,0.0,0.0,0.02410175453547936,0.02584990234375084
980,36.004851043770174,96,5120,11,0,1,10,36.004851043770174,256,1.3744711111111112,37.37932215488129,37.37932215488129,37.41076659932573,37.43302895659375,37.45958974760938,39.96754868083111,1.4547387038392046,3.962697637060934,0.0,0.0,0.022262357268019173,0.02656079101562625
981,36.054755867135775,64,2048,6,7,0,12,36.054755867135775,0,0.5830328888888889,36.63778875602466,36.63778875602466,36.652166533802436,36.67492268339096,36.700861892375336,38.345343459758155,0.6461060252395612,2.29058759262238,0.0,0.0,0.02275614958852401,0.02593920898437574
982,36.07137021353945,64,3072,14,14,1,0,36.07137021353945,256,0.7994382222222223,36.870808435761674,36.870808435761674,36.89087510242834,36.89542319851107,36.92246486517774,38.618002991805334,0.8510946516382845,2.546632778265881,0.0,0.0,0.004548096082729103,0.027041666666669073
983,36.12454718601619,64,1280,97,9,1,10,36.12454718601619,256,0.29628444444444446,36.42083163046063,36.42083163046063,36.43094274157174,36.44476198308989,36.47065539826846,38.106956632922476,0.3461082122522754,1.9824094469062885,0.0,0.0,0.013819241518149283,0.025893415178572354
984,36.19132125671143,96,1664,4,11,1,9,36.19132125671143,1216,0.13743644444444444,36.32875770115588,36.32875770115588,36.34100214560032,36.353560099712006,36.37940620973805,38.84771948750032,0.18808495302661754,2.656398230788888,0.0,0.0,0.012557954111684921,0.025846110026044755
985,36.20418759421024,160,2176,5,10,1,4,36.20418759421024,2048,0.050083555555555555,36.25427114976579,36.25427114976579,36.26936003865468,36.29561960947605,36.321864447645694,40.42721861954395,0.11767685343545509,4.223031025333711,0.0,0.0,0.02625957082136665,0.026244838169645845
986,36.230457993085224,128,2368,154,15,1,1,36.230457993085224,256,0.6017706666666667,36.83222865975189,36.83222865975189,36.84838421530745,36.85604473610076,36.8828634209966,40.227419906999195,0.6524054279113756,3.996961913913971,0.0,0.0,0.007660520793315584,0.026818684895836498
987,36.27078493216604,160,704,60,10,1,11,36.27078493216604,256,0.13455644444444445,36.40534137661048,36.40534137661048,36.41225248772159,36.42684868313677,36.45298302151568,40.55606627579395,0.1821980893496402,4.285281343627915,0.0,0.0,0.014596195415180091,0.02613433837890966
988,36.279089081897794,128,2176,9,6,1,9,36.279089081897794,256,0.5478613333333333,36.826950415231124,36.826950415231124,36.842039304120014,36.85436441098989,36.88047301869078,40.18668727979725,0.6013839367929847,3.9075981978994534,0.0,0.0,0.012325106869873537,0.026108607700891184
989,36.28645115116725,160,1920,13,2,1,11,36.28645115116725,256,0.4759822222222222,36.76243337338947,36.76243337338947,36.776100040056136,36.77854315214807,36.80469199654911,40.94578988066369,0.518240845381861,4.65933872949644,0.0,0.0,0.0024431120919317095,0.02614884440104248
990,36.35176714381776,128,2176,1,11,1,12,36.35176714381776,2048,0.050083555555555555,36.40185069937331,36.40185069937331,36.4169395882622,36.43109989463388,36.4569781730937,39.77309009296908,0.10521102927594228,3.4213229491513175,0.0,0.0,0.014160306371678644,0.025878278459821047
991,36.353482614587,96,3136,14,3,1,14,36.39950564515499,2240,0.2662968888888889,36.66580253404388,36.66580253404388,36.6862247562661,36.69135757852038,36.717777256254756,39.21687325234851,0.3642946416677546,2.863390637761512,0.04602303056798718,0.0,0.005132822254282132,0.026419677734374147
992,36.359553233878735,128,4544,39,12,1,3,36.419116488773426,256,1.212743111111111,37.631859599884535,37.631859599884535,37.66010404432898,37.68262737074347,37.70921867933722,41.04610439246036,1.3496654454584842,4.686551158581622,0.05956325489469094,0.0,0.022523326414486178,0.02659130859375125
993,36.380564530344266,64,3200,2,9,1,0,36.42083163046063,3072,0.05315555555555555,36.47398718601619,36.47398718601619,36.49476496379397,36.49654930172829,36.52252720700172,38.159180056471584,0.14196267665745665,1.778615526127318,0.040267100116366805,0.0,0.001784337934317648,0.02597790527343591
994,36.41078900261206,128,2432,114,1,1,12,36.49849809132306,256,0.6197404444444444,37.1182385357675,37.1182385357675,37.13474964687862,37.14516554960486,37.1712450173783,40.48415170625016,0.760456014766234,4.073362703638097,0.08770908871099437,0.0,0.010415902726244042,0.026079467773435283
995,36.42978603340405,160,896,92,4,1,5,36.523963194128584,256,0.1884657777777778,36.71242897190636,36.71242897190636,36.72040674968414,36.741911287542486,36.76792386078467,40.90633353689144,0.3381378273806206,4.476547503487389,0.0941771607245343,0.0,0.02150453785834827,0.02601257324218409
996,36.431765499446904,160,4352,87,8,1,13,36.58460200592718,256,1.1588337777777777,37.74343578370496,37.74343578370496,37.77061356148274,37.77257934714532,37.798700245582815,41.95913616448161,1.366934746135911,5.527370665034709,0.15283650648027702,0.0,0.001965785662576991,0.02612089843749743
997,36.43194493371787,160,768,100,6,1,1,36.826950415231124,512,0.0814151111111111,36.90836552634224,36.90836552634224,36.9156321930089,36.93269169893632,36.95870988741288,41.10288974678013,0.5267649536950074,4.670944813062256,0.39500548151325177,0.0,0.017059505927413454,0.026018188476562898
998,36.47638671956563,96,4288,159,7,1,10,36.63778875602466,256,1.140864,37.77865275602466,37.77865275602466,37.805474978246885,37.81913559843003,37.84540210233628,40.35804181587795,1.3690153827706482,3.881655096312315,0.16140203645903028,0.0,0.013660620183145511,0.02626650390624974
999,36.50280629841039,128,4416,43,9,1,2,36.50280629841039,256,1.1768035555555554,37.67960985396595,37.67960985396595,37.70714318729928,37.71553362441244,37.74161443495931,41.091317393711165,1.2388081365489185,4.588511095300774,0.0,0.0,0.008390437113156679,0.026080810546872613
1000,36.51934434787722,64,768,60,11,1,10,36.51934434787722,512,0.0814151111111111,36.600759458988335,36.600759458988335,36.608026125655,36.61225809775888,36.638076457133884,38.26958714700553,0.118732109256662,1.7502427991283085,0.0,0.0,0.004231972103880821,0.025818359375001876
1001,36.70355294519959,128,1024,76,10,1,15,36.70355294519959,256,0.22440533333333335,36.92795827853293,36.92795827853293,36.93664716742182,36.94780725189142,36.97358271227088,40.24648033829395,0.2700297670712928,3.5429273930943594,0.0,0.0,0.011160084469601372,0.025775460379463766
1002,36.72399287602447,128,1664,0,3,1,7,36.72399287602447,1536,0.04854755555555555,36.772540431580026,36.772540431580026,36.78478487602447,36.79703921914538,36.82333902383288,40.17739957884591,0.09934614780841144,3.4534067028214395,0.0,0.0,0.012254343120915223,0.02629980468749693
1003,36.8398380764342,96,2176,146,4,0,,36.8398380764342,256,0.5478613333333333,37.38769940976753,37.38769940976753,37.40278829865642,37.418396883245606,37.44442959808936,39.92111267100603,0.6045915216551592,3.0812745945718305,0.0,0.0,0.015608584589188013,0.026032714843751137
1004,36.89920081378429,64,768,52,5,1,13,36.89920081378429,256,0.15252622222222223,37.05172703600651,37.05172703600651,37.05899370267318,37.067523932141675,37.093964850110424,38.75657538070938,0.19476403632613426,1.8573745669250883,0.0,0.0,0.008530229468497907,0.026440917968749034
1005,36.946905355631735,128,2048,2,11,0,9,36.946905355631735,0,0.5830328888888889,37.52993824452062,37.52993824452062,37.544316022298396,37.56816727744638,37.59406264574995,40.92980855116291,0.6471572901182157,3.982903195531172,0.0,0.0,0.023851255147981476,0.025895368303572752
1006,37.17686281268358,64,2176,142,2,0,,37.17686281268358,256,0.5478613333333333,37.72472414601691,37.72472414601691,37.7398130349058,37.744261934700155,37.770253511848594,39.40833032662724,0.5933906991650133,2.231467513943656,0.0,0.0,0.004448899794354588,0.025991577148438694
1007,37.18657424042308,96,2176,1,15,1,11,37.18657424042308,2048,0.050083555555555555,37.23665779597863,37.23665779597863,37.25174668486752,37.25837627906951,37.28501141090545,39.7808876804367,0.0984371704823701,2.5943134400136216,0.0,0.0,0.006629594201989164,0.026635131835938353
1008,37.30881961076043,128,768,64,10,1,1,37.30881961076043,256,0.15252622222222223,37.46134583298265,37.46134583298265,37.46861249964932,37.48925546152684,37.5149152108758,40.788651236731454,0.20609560011536843,3.4798316259710234,0.0,0.0,0.02064296187752035,0.02565974934896076
1009,37.31581803313448,160,2240,110,5,1,0,37.31581803313448,256,0.5658311111111111,37.881649144245586,37.881649144245586,37.89709358869003,37.91387549464167,37.940259479016675,42.104013935164346,0.6244414458821979,4.788195902029869,0.0,0.0,0.016781905951638976,0.026383984375002
1010,37.35065156371141,96,1664,0,1,1,3,37.35065156371141,1536,0.04854755555555555,37.39919911926697,37.39919911926697,37.41144356371141,37.43201039823768,37.45801662382362,39.9360434734795,0.10736506011220825,2.5853919097680915,0.0,0.0,0.02056683452627084,0.026006225585938125
1011,37.411465616226415,64,5248,3,14,0,14,37.411465616226415,5120,0.05929955555555556,37.47076517178197,37.47076517178197,37.502920727337525,37.51750506700065,37.544685364852214,39.23131878770377,0.13321974862579822,1.8198531714773551,0.0,0.0,0.014584339663123558,0.02718029785156517
1012,37.45629643337278,64,2176,1,6,1,15,37.45629643337278,2048,0.050083555555555555,37.50637998892833,37.50637998892833,37.52146887781722,37.53071430170789,37.55671430170789,39.19597994143384,0.10041786833511424,1.7396835080610629,0.0,0.0,0.009245423890668292,0.026000000000003354
1013,37.45994037139004,96,4672,27,13,1,8,37.45994037139004,256,1.2486826666666666,38.70862303805671,38.70862303805671,38.73757859361226,38.74931319708267,38.77646830775976,41.345728667460264,1.3165279363697167,3.885788296070224,0.0,0.0,0.011734603470408445,0.02715511067708576
1014,37.500970282971934,128,1408,16,4,1,12,37.500970282971934,256,0.332224,37.83319428297193,37.83319428297193,37.844016505194155,37.86101944183936,37.88700153819353,41.193248608506025,0.38603125522159587,3.6922783255340903,0.0,0.0,0.01700293664520558,0.025982096354169926
1015,37.532271103409826,64,1664,4,3,1,11,37.532271103409826,1536,0.04854755555555555,37.580818658965384,37.580818658965384,37.593063103409825,37.612560215239135,37.63879141641101,39.29601692910632,0.10652031300118381,1.7637458256964962,0.0,0.0,0.019497111829309688,0.02623120117187483
1016,37.53392377604732,64,2176,1,10,1,6,37.53392377604732,2048,0.050083555555555555,37.58400733160287,37.58400733160287,37.59909622049176,37.61755909108413,37.643278468874314,39.26450490349112,0.10935469282699728,1.7305811274438057,0.0,0.0,0.018462870592372838,0.025719377790181852
1017,37.54506540637877,128,1472,16,0,1,4,37.54506540637877,256,0.35019377777777777,37.895259184156544,37.895259184156544,37.90643696193432,37.912192774953134,37.93863086089063,41.28314568138914,0.3935654545118652,3.7380802750103754,0.0,0.0,0.005755813018815559,0.026438085937499523
1018,37.55872184148369,128,2176,5,15,1,10,37.55872184148369,256,0.5478613333333333,38.10658317481702,38.10658317481702,38.12167206370591,38.130896664811694,38.157003598405446,41.492893073619356,0.5982817569217573,3.934171232135668,0.0,0.0,0.009224601105785268,0.026106933593752046
1019,37.57618778013528,64,2624,30,1,1,3,37.57618778013528,2368,0.08698311111111111,37.66317089124639,37.66317089124639,37.68074866902417,37.69209462675331,37.71815976347206,39.36310548519825,0.14197198333678074,1.7869177050629688,0.0,0.0,0.011345957729140821,0.026065136718749216
1020,37.59695872495598,128,1344,77,14,1,2,37.59695872495598,1088,0.0831431111111111,37.680101836067095,37.680101836067095,37.69056850273376,37.70777740586784,37.73465562852409,41.09970300459364,0.1376969035681057,3.5027442796376604,0.0,0.0,0.01720890313407608,0.026878222656250728
1021,37.66726869763559,96,1472,33,6,1,11,37.66726869763559,256,0.35019377777777777,38.01746247541337,38.01746247541337,38.02864025319114,38.05126645014539,38.07725961420789,40.55196673943266,0.4099909165722977,2.8846980417970656,0.0,0.0,0.022626196954249167,0.02599316406249841
1022,37.771938458791915,64,1216,85,9,1,6,37.771938458791915,256,0.27831466666666665,38.05025312545858,38.05025312545858,38.06000868101414,38.08090255577404,38.106956632922476,39.755006277174715,0.33501817413056045,1.9830678183827999,0.0,0.0,0.020893874759899234,0.026054077148437216
1023,37.793599866937804,64,4096,114,14,0,1,37.793599866937804,0,1.1580657777777779,38.95166564471558,38.95166564471558,38.97742120027114,38.99083502305533,39.017591370711585,40.68253280370079,1.2239915037737816,2.888932936762984,0.0,0.0,0.013413822784194451,0.0267563476562529
1024,37.87542879631273,64,1664,8,12,1,11,37.87542879631273,768,0.2618808888888889,38.13730968520162,38.13730968520162,38.14955412964606,38.159786794571595,38.18610466566535,39.842269729141904,0.3106758693526146,1.9668409328291716,0.0,0.0,0.010232664925531765,0.026317871093752387
1025,37.89242231050259,128,4096,10,10,0,3,37.89242231050259,0,1.1580657777777779,39.05048808828037,39.05048808828037,39.07624364383592,39.08316213005362,39.109066775700946,42.39773919013547,1.2166444651983568,4.505316879632879,0.0,0.0,0.0069184862176996376,0.025904645647322866
1026,37.910170188368355,96,5248,3,11,1,14,37.910170188368355,5120,0.05929955555555556,37.96946974392391,37.96946974392391,38.001625299479464,38.00845494485709,38.03456596780631,40.53855391249103,0.12439577943795399,2.6283837241226777,0.0,0.0,0.006829645377628424,0.02611102294921608
1027,37.95719620445797,160,1984,13,1,1,2,37.95719620445797,1216,0.22728533333333337,38.18448153779131,38.18448153779131,38.19850376001353,38.21349013456581,38.23954734485227,42.388084550139666,0.2823511403942973,4.430888345681694,0.0,0.0,0.014986374552279358,0.02605721028646002
1028,37.95773376948428,64,3200,10,3,0,3,37.95773376948428,3008,0.07093333333333333,38.028667102817614,38.028667102817614,38.049444880595395,38.05855704141101,38.084842685942256,39.74906233926257,0.12710891645797773,1.791328569778294,0.0,0.0,0.009112160815611503,0.026285644531249375
1029,38.043532074082215,128,4608,55,7,1,15,38.043532074082215,256,1.230712888888889,39.2742449629711,39.2742449629711,39.3028449629711,39.3259132839769,39.352662307414406,42.69140499947169,1.3091302333321906,4.647872925389478,0.0,0.0,0.023068321005801806,0.026749023437503183
1030,38.101730423671846,128,1344,97,2,1,9,38.101730423671846,256,0.3142542222222222,38.41598464589407,38.41598464589407,38.42645131256074,38.447315727017866,38.473266654752244,41.786748303515246,0.37153623108039824,3.6850178798434,0.0,0.0,0.0208644144571295,0.025950927734378126
1031,38.13642679079664,96,3008,18,4,1,11,38.13642679079664,2048,0.28369066666666665,38.420117457463306,38.420117457463306,38.43982856857442,38.45965769053728,38.4858405518654,40.95861755381852,0.3494137610687602,2.8221907630218794,0.0,0.0,0.019829121962857243,0.026182861328123863
1032,38.17093325965927,128,832,60,8,1,11,38.17093325965927,256,0.170496,38.34142925965927,38.34142925965927,38.349051481881496,38.37429858542657,38.40033569480157,41.721289403413905,0.22940243514229763,3.550356143754634,0.0,0.0,0.025247103545076754,0.026037109374996703
1033,38.186883903150346,96,1664,0,5,1,1,38.186883903150346,1536,0.04854755555555555,38.235431458705904,38.235431458705904,38.247675903150345,38.256905377454174,38.283199404146885,40.77395172813311,0.09631550099653907,2.5870678249827677,0.0,0.0,0.009229474303829477,0.026294026692710304
1034,38.19045256835248,64,2176,1,0,1,10,38.19045256835248,2048,0.050083555555555555,38.24053612390803,38.24053612390803,38.25562501279692,38.25592597807813,38.28230675607292,39.941140770674856,0.09185418772044329,1.7506882023223795,0.0,0.0,0.0003009652812124841,0.026380777994788218
1035,38.204028571169225,64,4096,1,11,0,0,38.204028571169225,0,1.1580657777777779,39.362094348947004,39.362094348947004,39.38784990450256,39.40207642109407,39.428599077344074,41.085993016843716,1.2245705061748495,2.881964445674491,0.0,0.0,0.014226516591513416,0.02652265625000183
1036,38.22322042589204,64,704,116,6,1,12,38.22322042589204,256,0.13455644444444445,38.35777687033648,38.35777687033648,38.36468798144759,38.38921566889539,38.415121500368606,40.056227249105284,0.19190107447656857,1.8330068232132462,0.0,0.0,0.024527687447800872,0.025905831473217233
1037,38.23698188709938,96,4672,19,3,1,5,38.23698188709938,256,1.2486826666666666,39.48566455376605,39.48566455376605,39.514620109321605,39.53508968301257,39.561834556059445,42.06776218929048,1.3248526689600624,3.8307803021910942,0.0,0.0,0.020469573690967025,0.026744873046872897
1038,38.345048605716514,128,3072,18,15,1,4,38.345048605716514,2304,0.23054933333333336,38.57559793904985,38.57559793904985,38.595664605716514,38.60089617653044,38.62710796852263,41.96594636603007,0.2820593628061161,3.6208977603135537,0.0,0.0,0.005231570813926112,0.02621179199218915
1039,38.37379845710073,128,2048,2,9,0,9,38.37379845710073,0,0.5830328888888889,38.95683134598962,38.95683134598962,38.971209123767395,38.995219900221585,39.021379275221584,42.402794403802304,0.6475808181208507,4.028995946701571,0.0,0.0,0.024010776454190363,0.026159374999998875
1040,38.43254884627304,96,2176,9,5,1,6,38.43254884627304,256,0.5478613333333333,38.98041017960637,38.98041017960637,38.99549906849526,39.02110545883438,39.04747967758438,41.5286527046956,0.6149308313113337,3.096103858422559,0.0,0.0,0.025606390339113716,0.02637421875000001
1041,38.60499961572923,96,5248,15,6,1,2,38.60499961572923,4800,0.14818844444444446,38.75318806017367,38.75318806017367,38.785343615729225,38.80376756621682,38.82988731719338,41.31362021553013,0.22488770146415504,2.708620599800902,0.0,0.0,0.01842395048759471,0.026119750976562273
1042,38.610072759721064,64,1664,4,8,1,3,38.610072759721064,1536,0.04854755555555555,38.65862031527662,38.65862031527662,38.67086475972106,38.68677612448907,38.712780681780735,40.35464057993921,0.10270792205967183,1.744567820218144,0.0,0.0,0.015911364768008696,0.026004557291663843
1043,38.63250725964172,160,1664,0,4,1,5,38.63250725964172,1536,0.04854755555555555,38.68105481519728,38.68105481519728,38.69329925964172,38.69539221202166,38.721526896266454,42.87603823252946,0.08901963662473378,4.24353097288774,0.0,0.0,0.002092952379939561,0.026134684244794926
1044,38.66175766314099,64,4352,139,1,1,6,38.66175766314099,4096,0.0921671111111111,38.7539247742521,38.7539247742521,38.78110255202988,38.78686155383664,38.81308051310003,40.45813238426355,0.151322849959044,1.796374721122561,0.0,0.0,0.00575900180675859,0.026218959263395902
1045,38.6882955309746,64,1664,0,0,1,4,38.6882955309746,1536,0.04854755555555555,38.73684308653016,38.73684308653016,38.7490875309746,38.756887094614584,38.78314368641146,40.43785141520611,0.09484815543685698,1.749555884231512,0.0,0.0,0.007799563639984797,0.026256591796872897
1046,38.71095845553825,128,2176,1,2,1,0,38.71095845553825,2048,0.050083555555555555,38.7610420110938,38.7610420110938,38.77613089998269,38.78471587350224,38.81069419381474,42.131654553515254,0.09973573827649318,3.4206960979770074,0.0,0.0,0.008584973519553785,0.025978320312496805
1047,38.76144001832047,128,2496,54,15,1,6,38.76144001832047,256,0.6377102222222223,39.399150240542696,39.399150240542696,39.41601690720936,39.43991570778044,39.466141391374194,42.80410086054271,0.704701373053723,4.04266084222224,0.0,0.0,0.02389880057108229,0.02622568359375066
1048,38.772506065026974,96,4096,45,13,0,3,38.772506065026974,0,1.1580657777777779,39.93057184280475,39.93057184280475,39.95632739836031,39.97182581101496,39.99897668992121,42.53451427130141,1.2264706248942332,3.7620082062744373,0.0,0.0,0.015498412654650906,0.02715087890624801
1049,38.77336165550838,96,2048,76,8,0,10,38.77336165550838,0,0.5830328888888889,39.35639454439727,39.35639454439727,39.37077232217504,39.38837589662448,39.4143380548276,41.90627385979411,0.6409763993192215,3.1329122042857307,0.0,0.0,0.017603574449438497,0.025962158203121533
1050,38.840828616818236,160,1024,32,4,1,6,38.840828616818236,256,0.22440533333333335,39.065233950151566,39.065233950151566,39.073922839040456,39.08746374522478,39.11351403819353,43.27116998708675,0.27268542137529295,4.430341370268515,0.0,0.0,0.013540906184324797,0.026050292968747613
1051,38.86267833028026,96,4672,23,0,0,0,38.86267833028026,4480,0.07534933333333334,38.938027663613596,38.938027663613596,38.96698321916915,38.99315984852083,39.01954575346875,41.52354587670165,0.156867423188487,2.660867546421386,0.0,0.0,0.026176629351681413,0.02638590494791515
1052,38.866035526150306,160,2432,66,12,1,14,38.866035526150306,2176,0.0864071111111111,38.95244263726142,38.95244263726142,38.968953748372535,38.9761248072669,39.00246982679815,43.157342038944726,0.13643430064784212,4.291306512794421,0.0,0.0,0.007171058894364535,0.02634501953124868
1053,38.875842473781496,64,2176,1,6,1,2,38.875842473781496,2048,0.050083555555555555,38.92592602933705,38.92592602933705,38.94101491822594,38.96049339629495,38.98660939021856,40.630451016776405,0.11076691643706482,1.7546085429949088,0.0,0.0,0.019478478069011373,0.02611599392361086
1054,38.87851877070117,128,768,72,1,1,12,38.87851877070117,256,0.15252622222222223,39.03104499292339,39.03104499292339,39.03831165959006,39.04924680774289,39.07539901198396,42.388084550139666,0.19688024128279125,3.5095657794384962,0.0,0.0,0.010935148152832141,0.026152204241071786
1055,38.880620287859756,128,3200,14,2,1,3,38.880620287859756,256,0.8353777777777779,39.715998065637535,39.715998065637535,39.736775843415316,39.745640222460565,39.77171944609338,43.11893189726525,0.8910991582336223,4.238311609405493,0.0,0.0,0.008864379045249393,0.026079223632812898
1056,38.92357588231666,96,3200,2,14,1,9,38.95166564471558,3072,0.05315555555555555,39.00482120027114,39.00482120027114,39.02559897804892,39.04434820664908,39.07105682481315,41.5702445084999,0.14748094249648602,2.646668626183235,0.02808976239892047,0.0,0.01874922860016426,0.026708618164065
1057,38.99304800483118,160,4736,27,9,1,13,38.99304800483118,256,1.2666524444444445,40.25970044927563,40.25970044927563,40.28901156038674,40.31255128042992,40.33939844839867,44.55400191752069,1.3463504435674878,5.560953912689506,0.0,0.0,0.023539720043181944,0.026847167968746533
1058,38.99609774435909,64,1664,0,5,1,0,38.99609774435909,1536,0.04854755555555555,39.04464529991465,39.04464529991465,39.05688974435909,39.07385438461563,39.10013579737605,40.747844236503646,0.10403805301695712,1.7517464921445551,0.0,0.0,0.0169646402565391,0.026281412760418732
1059,39.02480071756847,96,832,64,12,1,10,39.02480071756847,512,0.09938488888888888,39.12418560645736,39.12418560645736,39.131807828679584,39.1346576197669,39.16090830336065,41.643252146366606,0.13610758579218185,2.6184514287981386,0.0,0.0,0.002849791087314202,0.02625068359375149
1060,39.035964542596275,160,1664,0,6,1,5,39.035964542596275,1536,0.04854755555555555,39.08451209815183,39.08451209815183,39.096756542596275,39.11751298179843,39.143668146728984,43.29808537550037,0.10770360413270907,4.262120832904095,0.0,0.0,0.02075643920215242,0.026155164930557362
1061,39.11989007511872,64,1216,125,0,1,7,39.11989007511872,256,0.27831466666666665,39.398204741785385,39.398204741785385,39.40796029734094,39.4153929214375,39.44167235782143,41.09727768008706,0.3217822827027135,1.9773876049683423,0.0,0.0,0.007432624096558982,0.026279436383930488
1062,39.15106070197964,160,1408,97,14,1,2,39.15106070197964,256,0.332224,39.483284701979635,39.483284701979635,39.49410692420186,39.49552207546419,39.521761211206375,43.680254476606606,0.3707005092267366,4.529193774626968,0.0,0.0,0.0014151512623286067,0.026239135742187614
1063,39.18169855499017,96,896,36,1,1,14,39.18169855499017,256,0.1884657777777778,39.37016433276795,39.37016433276795,39.378142110545724,39.389237809417,39.415271291559854,41.89045905507673,0.23357273656968403,2.708760500086562,0.0,0.0,0.01109569887127293,0.026033482142857167
1064,39.21001237797954,64,4480,63,5,1,12,39.21001237797954,4096,0.12810666666666667,39.338119044646206,39.338119044646206,39.366007933535094,39.38786943181615,39.4140753888474,41.06162213828936,0.20406301086786272,1.8516097603098203,0.0,0.0,0.021861498281054992,0.026205957031251614
1065,39.217973123772055,96,2176,1,10,1,6,39.217973123772055,2048,0.050083555555555555,39.26805667932761,39.26805667932761,39.2831455682165,39.29038201937654,39.31628603723368,41.77627206192676,0.0983129134616263,2.5582989381547065,0.0,0.0,0.007236451160039792,0.025904017857143913
1066,39.236663989199336,96,4352,79,4,1,5,39.236663989199336,256,1.1588337777777777,40.395497766977115,40.395497766977115,40.422675544754895,40.43748669444352,40.46352738454769,42.95551113292009,1.226863395348353,3.718847143720751,0.0,0.0,0.014811149688625846,0.026040690104167652
1067,39.28330047278299,128,1664,0,6,0,6,39.28330047278299,1536,0.04854755555555555,39.33184802833855,39.33184802833855,39.34409247278299,39.352974204129154,39.37910218807013,42.69821816474888,0.09580171528713777,3.41491769196589,0.0,0.0,0.008881731346164656,0.02612798394097382
1068,39.30454431554164,64,1664,0,12,1,6,39.30454431554164,1536,0.04854755555555555,39.3530918710972,39.3530918710972,39.36533631554164,39.37093135023565,39.39711266533982,41.04610439246036,0.09256834979817796,1.7415600769187165,0.0,0.0,0.005595034694010792,0.02618131510416788
1069,39.31991206007554,160,768,80,10,1,8,39.31991206007554,256,0.15252622222222223,39.47243828229776,39.47243828229776,39.479704948964425,39.497627834108684,39.52346914270243,43.6362943124383,0.20355708262689376,4.316382252362764,0.0,0.0,0.01792288514425877,0.02584130859374767
1070,39.333911630376114,160,1664,8,7,1,12,39.333911630376114,1536,0.04854755555555555,39.38245918593167,39.38245918593167,39.394703630376114,39.40616181913315,39.43267781034409,43.60604953072169,0.09876617996797421,4.272137900345577,0.0,0.0,0.011458188757039522,0.026515991210935397
1071,39.341909349921465,128,2432,78,5,1,11,39.341909349921465,256,0.6197404444444444,39.96164979436591,39.96164979436591,39.978160905477026,39.99072997869115,40.01694221827448,43.34000018190913,0.6750328683530142,3.9980908319876676,0.0,0.0,0.012569073214123705,0.026212239583330188
1072,39.38700434332985,64,3200,2,8,1,14,39.38700434332985,3072,0.05315555555555555,39.440159898885405,39.440159898885405,39.460937676663185,39.466355144671354,39.49245662579114,41.141512210798574,0.10545228246129312,1.7545078674687247,0.0,0.0,0.005417468008168669,0.02610148111978816
1073,39.41466432996812,160,1664,8,11,1,7,39.41466432996812,1536,0.04854755555555555,39.46321188552368,39.46321188552368,39.47545632996812,39.48164585468782,39.508051372265946,43.66127863037298,0.09338704229782735,4.246614300404865,0.0,0.0,0.006189524719701467,0.02640551757812659
1074,39.41877768658916,128,3200,10,1,1,3,39.41877768658916,256,0.8353777777777779,40.25415546436694,40.25415546436694,40.27493324214472,40.27504957699513,40.30119920032102,43.62385042606198,0.8824215137318632,4.2050727394728185,0.0,0.0,0.00011633485041073754,0.026149623325892435
1075,39.442221736174844,64,4096,70,0,0,8,39.442221736174844,0,1.1580657777777779,40.60028751395262,40.60028751395262,40.62604306950818,40.647695816247776,40.67412037679465,42.34713095970946,1.2318986406198036,2.9049092235346166,0.0,0.0,0.021652746739597717,0.02642456054687159
1076,39.48394408166522,160,4352,59,15,1,3,39.48394408166522,256,1.1588337777777777,40.642777859443,40.642777859443,40.66995563722078,40.67438930804086,40.70089309222055,44.88405973937004,1.2169490105553251,5.400115657704816,0.0,0.0,0.0044336708200773955,0.02650378417968824
1077,39.51038223866788,64,4288,147,6,1,0,39.51038223866788,256,1.140864,40.65124623866788,40.65124623866788,40.6780684608901,40.68281063591703,40.70917381951078,42.35761435615513,1.1987915808429008,2.847232117487252,0.0,0.0,0.004742175026926532,0.02636318359375167
1078,39.60859693841924,96,5248,3,14,1,11,39.60859693841924,5120,0.05929955555555556,39.667896493974794,39.667896493974794,39.70005204953035,39.705448833276684,39.731955766870435,42.22345192339945,0.12335882845119528,2.6148549849802123,0.0,0.0,0.005396783746334677,0.026506933593751114
1079,39.64689934838652,64,1664,37,8,1,6,39.64689934838652,1280,0.11965866666666666,39.766558015053185,39.766558015053185,39.778802459497626,39.77960514467135,39.80567036509546,41.457690107934,0.15877101670893978,1.81079075954748,0.0,0.0,0.0008026851737241714,0.026065220424108304
1080,39.65230861844649,64,1216,20,11,1,1,39.65230861844649,256,0.27831466666666665,39.93062328511316,39.93062328511316,39.940378840668714,39.95940698750033,39.98582065937533,41.62903110278122,0.3335120409288379,1.9767224843347293,0.0,0.0,0.0190281468316158,0.0264136718749981
1081,39.6750791121684,64,1280,129,7,0,,39.6750791121684,256,0.29628444444444446,39.97136355661284,39.97136355661284,39.98147466772395,39.98962641874253,40.01597280546128,41.66607824165919,0.3408936932928839,1.9909991294907954,0.0,0.0,0.008151751018580455,0.02634638671874967
1082,39.75532426340804,96,512,81,10,0,7,39.75532426340804,0,0.15175822222222224,39.90708248563026,39.90708248563026,39.912926930074704,39.93708263321582,39.96286308975879,42.423470077412254,0.20753882635074916,2.6681458140042125,0.0,0.0,0.024155703141119034,0.02578045654296801
1083,39.79467842060686,160,5248,3,2,1,14,39.79467842060686,256,1.4104106666666667,41.20508908727352,41.20508908727352,41.237244642829076,41.25938656035119,41.28587935820275,45.51889772571578,1.4912009375958917,5.7242193051089245,0.0,0.0,0.02214191752211292,0.026492797851560113
1084,39.80172761287548,96,832,100,12,1,6,39.80172761287548,256,0.170496,39.97222361287548,39.97222361287548,39.979845835097706,39.99983330336065,40.025952932266904,42.504223972538476,0.22422531939142232,2.7024963596629945,0.0,0.0,0.01998746826294706,0.02611962890625108
1085,39.80456181394892,160,1664,0,14,1,12,39.80456181394892,1536,0.04854755555555555,39.85310936950448,39.85310936950448,39.86535381394892,39.89100762233919,39.917401665307935,44.068540386204816,0.11283985135901275,4.263978572255894,0.0,0.0,0.025653808390266875,0.02639404296874659
1086,39.88720261058734,96,1536,16,3,1,0,39.88720261058734,832,0.20816355555555557,40.095366166142895,40.095366166142895,40.10689949947623,40.124313153064655,40.150856121814655,42.63860939213646,0.26365351122731795,2.7514067815491217,0.0,0.0,0.01741365358842728,0.026542968750000284
1087,39.89464192168425,160,4288,107,8,1,0,39.89464192168425,256,1.140864,41.03550592168425,41.03550592168425,41.06232814390647,41.06241235728295,41.08877848684024,45.29659601148683,1.1941365651559934,5.4019540898025795,0.0,0.0,8.421337648201188e-05,0.026366129557288787
1088,39.9014470715127,128,2048,13,13,1,1,39.93057184280475,256,0.5119217777777778,40.44249362058253,40.44249362058253,40.456871398360306,40.460616338358705,40.48748608933527,43.86169244512954,0.5860390178225714,3.960245373616843,0.02912477129205371,0.0,0.003744939998398422,0.026869750976565854
1089,39.92232535249292,96,832,140,11,1,14,39.93062328511316,256,0.170496,40.10111928511316,40.10111928511316,40.10874150733538,40.117896342969075,40.144144552604494,42.615527034739614,0.2218192001115753,2.693201682246695,0.008297932620237702,0.0,0.009154835633694347,0.026248209635419073
1090,39.96412576563199,96,832,56,5,1,3,39.96412576563199,256,0.170496,40.13462176563199,40.13462176563199,40.142243987854215,40.148010740409894,40.1741103497849,42.65337208946122,0.209984584152906,2.689246323829231,0.0,0.0,0.0057667525556794885,0.02609960937500233
1091,39.974345497529995,160,1664,0,7,1,14,39.974345497529995,1536,0.04854755555555555,40.022893053085554,40.022893053085554,40.035137497529995,40.04231968046128,40.068577899862326,44.23842697212793,0.09423240233233088,4.264081474597937,0.0,0.0,0.007182182931288139,0.026258219401043448
1092,40.075111151276865,96,3200,6,10,1,12,40.075111151276865,256,0.8353777777777779,40.910488929054644,40.910488929054644,40.931266706832425,40.944341422278335,40.97041398087208,43.43089131764663,0.8953028295952166,3.355780166369769,0.0,0.0,0.013074715445910101,0.026072558593746464
1093,40.10292482041288,64,3200,2,12,1,8,40.10292482041288,3072,0.05315555555555555,40.156080375968436,40.156080375968436,40.17685815374622,40.18268095961066,40.20886678550352,41.85299472449161,0.10594196509063636,1.7500699040787282,0.0,0.0,0.005822805864440284,0.026185825892859782
1094,40.10371478371573,160,1664,4,14,1,8,40.10371478371573,256,0.40410311111111114,40.50781789482684,40.50781789482684,40.520062339271284,40.524599419214184,40.550920429258824,44.692369487767316,0.44720564554309306,4.588654704051585,0.0,0.0,0.004537079942899425,0.026321010044640047
1095,40.1155378029135,96,4672,47,7,1,15,40.1155378029135,256,1.2486826666666666,41.36422046958017,41.36422046958017,41.39317602513572,41.403915839315445,41.4302975775967,43.92388107369044,1.3147597746831963,3.8083432707769376,0.0,0.0,0.010739814179721918,0.0263817382812519
1096,40.130116755083776,64,1664,0,3,1,7,40.130116755083776,1536,0.04854755555555555,40.178664310639334,40.178664310639334,40.190908755083775,40.204166505929244,40.23069519245268,41.88477146663423,0.10057843736890248,1.754654711550451,0.0,0.0,0.013257750845468763,0.02652868652343443
1097,40.210982206646705,128,4736,23,11,1,0,40.210982206646705,4224,0.16443022222222223,40.37541242886893,40.37541242886893,40.40472353998004,40.40665350442741,40.433058359338126,43.74067218506048,0.22207615269142167,3.529689978413778,0.0,0.0,0.0019299644473704802,0.02640485491071587
1098,40.24860545084431,128,1664,0,5,1,3,40.24860545084431,1536,0.04854755555555555,40.29715300639987,40.29715300639987,40.30939745084431,40.33071825994114,40.35678497136693,43.6881775907633,0.10817952052261859,3.439572139918994,0.0,0.0,0.02132080909683509,0.026066711425784206
1099,40.24944102444656,64,2496,78,1,1,5,40.25415546436694,2176,0.10437688888888888,40.358532353255825,40.358532353255825,40.37539901992249,40.379650999986204,40.405810973130734,42.04771605377465,0.15636994868417275,1.7982750293280887,0.004714439920377345,0.0,0.004251980063713745,0.026159973144530113
1100,40.3015295851875,160,2176,138,3,0,,40.3015295851875,256,0.5478613333333333,40.84939091852083,40.84939091852083,40.86447980740972,40.865587119536016,40.891826255278204,45.03278620691509,0.5902966700907015,4.731256621727589,0.0,0.0,0.0011073121262938912,0.026239135742187614
1101,40.30427713468264,160,4096,15,12,0,6,40.30427713468264,0,1.1580657777777779,41.46234291246042,41.46234291246042,41.48809846801598,41.512704734257234,41.53884623816349,45.69608237097597,1.234569103480844,5.3918052362933295,0.0,0.0,0.024606266241256947,0.026141503906252694
1102,40.318533777703685,128,4288,115,9,1,12,40.318533777703685,256,1.140864,41.459397777703686,41.459397777703686,41.48621999992591,41.491607921054914,41.518432465325745,44.8652456396189,1.1998986876220599,4.546711861915213,0.0,0.0,0.005387921129006656,0.026824544270830586
1103,40.358384520356765,96,4288,95,5,0,,40.358384520356765,256,1.140864,41.499248520356765,41.499248520356765,41.52607074257899,41.5286527046956,41.5548003609456,44.06690700157059,1.196415840588834,3.7085224812138264,0.0,0.0,0.0025819621166149886,0.026147656249996487
1104,40.38005133768988,128,2176,1,11,1,10,40.38005133768988,2048,0.050083555555555555,40.43013489324543,40.43013489324543,40.44522378213432,40.459463702530094,40.48582661756916,43.79328744384954,0.10577527987928192,3.4132361061596654,0.0,0.0,0.014239920395773709,0.026362915039065626
1105,40.47305682240771,128,2176,1,4,1,11,40.47305682240771,2048,0.050083555555555555,40.523140377963266,40.523140377963266,40.538229266852156,40.54165238454769,40.5676978644584,43.91444537771175,0.09464104205068935,3.4413885553040373,0.0,0.0,0.003423117695533051,0.02604547991071371
1106,40.478350164017876,64,2368,150,13,1,15,40.478350164017876,256,0.6017706666666667,41.08012083068454,41.08012083068454,41.0962763862401,41.105625127421206,41.13236155320246,42.80037771531183,0.654011389184582,2.3220275512939565,0.0,0.0,0.009348741181106845,0.026736425781251683
1107,40.49742663913781,128,512,0,14,0,5,40.50781789482684,0,0.15175822222222224,40.65957611704906,40.65957611704906,40.665420561493505,40.68253280370079,40.708602279147215,44.016592436986066,0.21117564000940803,3.5191657978482596,0.010391255689036427,0.0,0.01711224220728269,0.026069475446426793
1108,40.50560054394134,96,1728,37,1,1,8,40.50560054394134,1344,0.11985066666666666,40.625451210608006,40.625451210608006,40.638051210608005,40.640047702343914,40.6660119880582,43.149063221743404,0.16041144411686048,2.643462677802063,0.0,0.0,0.0019964917359089895,0.025964285714287882
1109,40.51815733250989,96,256,113,11,0,8,40.51815733250989,0,0.07987911111111111,40.598036443621,40.598036443621,40.60245866584322,40.61711494764728,40.643170062393374,43.11034691999352,0.12501272988348688,2.592189587483631,0.0,0.0,0.014656281804057869,0.02605511474609301
1110,40.569379169016635,160,4288,119,4,1,9,40.569379169016635,256,1.140864,41.710243169016636,41.710243169016636,41.73706539123886,41.742568310654455,41.768917822373204,46.00530201833675,1.1995386533565693,5.435922849320114,0.0,0.0,0.005502919415597773,0.026349511718748886
1111,40.59191688693348,64,3200,2,0,1,12,40.60028751395262,3072,0.05315555555555555,40.65344306950818,40.65344306950818,40.67422084728596,40.70054542562277,40.72699835531027,42.39997747663654,0.13508146837678936,1.8080605897030608,0.008370627019139931,0.0,0.02632457833681201,0.026452929687501125
1112,40.678720207086926,128,512,45,15,0,3,40.678720207086926,0,0.15175822222222224,40.830478429309146,40.830478429309146,40.83632287375359,40.85992605120492,40.886181812923674,44.22116782165777,0.20746160583674822,3.542447614570847,0.0,0.0,0.023603177451335,0.026255761718751103
1113,40.693842946813724,128,1664,0,6,1,5,40.693842946813724,1536,0.04854755555555555,40.74239050236928,40.74239050236928,40.754634946813724,40.76190165154203,40.788174275239946,44.10771652784412,0.09433132842622172,3.413873581030394,0.0,0.0,0.007266704728309037,0.02627262369791339
1114,40.725213557679936,160,1600,17,1,1,6,40.725213557679936,1024,0.1728,40.89801355767994,40.89801355767994,40.90990244656883,40.92527803158499,40.951182328459986,45.142726547946275,0.2259687707800495,4.417512990266339,0.0,0.0,0.015375585016158766,0.025904296874998067
1115,40.73127362832825,96,1152,76,11,1,10,40.73127362832825,256,0.2603448888888889,40.99161851721714,40.99161851721714,41.00101851721714,41.00799228442184,41.03399204028121,43.50299619454709,0.30271841195295934,2.771722566218834,0.0,0.0,0.0069737672046983334,0.025999755859373863
1116,40.73521967963742,128,512,3,3,0,2,40.84939091852083,0,0.15175822222222224,41.00114914074305,41.00114914074305,41.006993585187494,41.02302925820789,41.049072910551644,44.35043482345155,0.31385323091422634,3.615215143814133,0.11417123888341507,0.0,0.016035673020397212,0.026043652343751944
1117,40.76858780616111,160,3200,14,0,1,2,40.76858780616111,2880,0.10648888888888888,40.87507669505,40.87507669505,40.89585447282778,40.912182534997775,40.93865698161236,45.1637898650294,0.17006917545125333,4.395202058868293,0.0,0.0,0.016328062169996826,0.026474446614585645
1118,40.77549683222249,64,4288,91,14,1,11,40.77549683222249,256,1.140864,41.91636083222249,41.91636083222249,41.94318305444471,41.96109265303115,41.987325319046775,43.62846175199723,1.2118284868242881,2.8529649197747418,0.0,0.0,0.017909598586442144,0.02623266601562335
1119,40.79582759248118,96,1664,0,6,0,6,40.79582759248118,1536,0.04854755555555555,40.84437514803674,40.84437514803674,40.85661959248118,40.8669950760212,40.89320364186941,43.37637102003162,0.09737604938823097,2.580543427550438,0.0,0.0,0.010375483540016717,0.02620856584821496
1120,40.814565044720354,64,5248,7,15,1,14,40.830478429309146,4992,0.09485511111111111,40.925333540420255,40.925333540420255,40.95748909597581,40.964952027767424,40.991427206803884,42.64731275426016,0.17686216208353045,1.8327477095398095,0.015913384588792212,0.0,0.007462931791614835,0.026475179036459906
1121,40.81657637342155,160,5248,7,1,1,15,40.89801355767994,4416,0.2548551111111111,41.15286866879105,41.15286866879105,41.185024224346606,41.210252152678734,41.23636842465139,45.43836738220967,0.419792051229841,4.621791008788122,0.08143718425839097,0.0,0.025227928332128613,0.026116271972654204
1122,40.875473038388336,160,1664,0,10,1,6,40.910488929054644,1536,0.04854755555555555,40.9590364846102,40.9590364846102,40.97128092905464,40.99648702774708,41.022517057043956,45.14161574798517,0.14704401865562033,4.266142709596835,0.03501589066630828,0.0,0.025206098692436285,0.026030029296876478
1123,40.8806649191377,96,2688,30,11,1,1,40.99161851721714,256,0.6916195555555555,41.683238072772696,41.683238072772696,41.70117140610603,41.70674521410935,41.73270901154238,44.21576530843287,0.8520440924046824,3.335100389295171,0.1109535980794405,0.0,0.005573808003319414,0.025963797433036007
1124,40.88790157299253,96,3200,14,8,1,0,41.03550592168425,2560,0.1953777777777778,41.23088369946203,41.23088369946203,41.25166147723981,41.27312891001733,41.299493330590245,43.80852138583578,0.41159175759771216,2.920619812843249,0.1476043486917149,0.0,0.021467432777519946,0.02636442057291788
1125,40.89771767044977,160,5184,11,13,1,0,41.08012083068454,256,1.3924408888888888,42.472561719573434,42.472561719573434,42.50436171957343,42.507814930481096,42.53451427130141,46.73572044108379,1.636796600851639,5.83800277063402,0.1824031602347702,0.0,0.0034532109076650386,0.026699340820314887
1126,40.907677700315546,64,5248,7,6,1,1,40.907677700315546,256,1.4104106666666667,42.31808836698221,42.31808836698221,42.350243922537764,42.35761435615513,42.38381171943638,44.03010881300037,1.4761340191208348,3.122431112684822,0.0,0.0,0.0073704336173676666,0.026197363281248442
1127,40.915210152460766,160,2176,1,0,1,4,40.915210152460766,2048,0.050083555555555555,40.96529370801632,40.96529370801632,40.98038259690521,40.991607339685274,41.018024192363846,45.24332770682627,0.10281403990308036,4.328117554365505,0.0,0.0,0.011224742780065355,0.02641685267857241
1128,40.95036604929373,64,2560,114,14,1,1,41.91636083222249,2112,0.14012444444444444,42.05648527666693,42.05648527666693,42.073707498889156,42.09226086592177,42.11849810085481,43.75800356979857,1.1681320515610807,2.8076375205048407,0.9659947829287603,0.0,0.018553367032616563,0.02623723493303487
1129,40.96001172850025,128,1664,8,2,1,11,41.20508908727352,1536,0.04854755555555555,41.25363664282908,41.25363664282908,41.26588108727352,41.28587935820275,41.312236487109,44.69116108020796,0.3522247586087488,3.731149351707714,0.24507735877327264,0.0,0.019998270929228568,0.026357128906248306
1130,41.025121713991254,128,1664,0,15,1,10,41.025121713991254,1536,0.04854755555555555,41.07366926954681,41.07366926954681,41.08591371399125,41.09733280576222,41.12371540899883,44.45940319097595,0.09859369500757253,3.434281476984694,0.0,0.0,0.011419091770967782,0.026382603236605462
1131,41.07309246467402,128,5248,7,0,1,6,41.07309246467402,256,1.4104106666666667,42.48350313134068,42.48350313134068,42.51565868689624,42.53167791608967,42.55842645124592,45.9316568572169,1.4853339865719022,4.858564392542881,0.0,0.0,0.01601922919343224,0.026748535156251307
1132,41.074066470061716,64,1664,0,10,1,15,41.074066470061716,1536,0.04854755555555555,41.122614025617274,41.122614025617274,41.134858470061715,41.15267452774708,41.17867599259083,42.81057823170913,0.10460952252911682,1.7365117616474137,0.0,0.0,0.01781605768536565,0.026001464843751876
1133,41.08939526727111,96,3200,2,3,1,0,41.08939526727111,3072,0.05315555555555555,41.142550822826664,41.142550822826664,41.163328600604444,41.17929849648914,41.20543106484851,43.67702273849062,0.11603579757740334,2.5876274712195126,0.0,0.0,0.01596989588469455,0.0261325683593725
1134,41.09981029648148,128,3200,2,1,1,3,41.15286866879105,3072,0.05315555555555555,41.206024224346606,41.206024224346606,41.22680200212439,41.23636842465139,41.26253471154375,44.60710131543139,0.16272441506227153,3.507291018949914,0.053058372309571666,0.0,0.00956642252700135,0.026166286892362223
1135,41.145474573874274,96,5248,3,0,1,2,42.48350313134068,4352,0.27263288888888887,42.75613602022957,42.75613602022957,42.788291575785124,42.79918524030842,42.82614092878498,45.34968337088877,1.6806663549107057,4.204208797014495,1.3380285574664086,0.0,0.010893664523294433,0.026955688476562045
1136,41.18321001177049,64,2176,1,3,1,0,41.18321001177049,2048,0.050083555555555555,41.233293567326044,41.233293567326044,41.248382456214934,41.25769766641101,41.28382148058512,42.923445655157295,0.1006114688146269,1.7402356433868036,0.0,0.0,0.009315210196078283,0.02612381417410603
1137,41.183672586445795,128,256,11,7,0,13,41.36422046958017,0,0.07987911111111111,41.44409958069128,41.44409958069128,41.448521802913504,41.456679804159194,41.482852899862316,44.81884884712794,0.29918031341652096,3.635176260682144,0.18054788313437342,0.0,0.008158001245689661,0.026173095703121874
1138,41.20350442133534,128,960,36,15,1,1,41.20350442133534,256,0.20643555555555557,41.4099399768909,41.4099399768909,41.41827331022423,41.44034473377561,41.46661865955686,44.80429103277282,0.2631142382215188,3.600786611437478,0.0,0.0,0.02207142355138103,0.026273925781246987
1139,41.20764465345881,96,1536,53,10,0,10,41.20764465345881,1344,0.06594133333333334,41.27358598679214,41.27358598679214,41.285119320125474,41.30869064102833,41.33466323624317,43.790636402282054,0.12701858278436617,2.582991748823247,0.0,0.0,0.023571320902853188,0.02597259521484574
1140,41.35486654507647,64,1536,12,1,1,7,41.35486654507647,256,0.3681635555555556,41.72303010063202,41.72303010063202,41.734563433965356,41.75978693593611,41.785920383201734,43.43870119510495,0.43105383812526554,2.0838346500284786,0.0,0.0,0.025223501970756956,0.026133447265621612
1141,41.3852111807706,64,1792,21,3,1,10,41.3852111807706,256,0.4400426666666667,41.82525384743726,41.82525384743726,41.83820940299282,41.85866892757173,41.88477146663423,43.52100017989687,0.4995602858636303,2.1357889991262766,0.0,0.0,0.02045952457891076,0.026102539062499375
1142,41.42315742768133,96,1664,4,8,1,14,41.42315742768133,1536,0.04854755555555555,41.47170498323689,41.47170498323689,41.48394942768133,41.484162764184,41.510525801293376,44.021173078544116,0.08736837361204408,2.5980156508627843,0.0,0.0,0.00021333650266797122,0.02636303710937682
1143,41.500974206687665,96,1664,0,12,1,10,41.500974206687665,1536,0.04854755555555555,41.549521762243224,41.549521762243224,41.561766206687665,41.564988230350984,41.59107571407494,44.06954760535098,0.09010150738727418,2.568573398663311,0.0,0.0,0.003222023663319362,0.02608748372395553
1144,41.57974904043056,128,2176,1,15,1,3,41.57974904043056,2048,0.050083555555555555,41.629832595986116,41.629832595986116,41.644921484875006,41.65067829962382,41.67694795294413,45.01652284700892,0.09719891251356927,3.4367738065783584,0.0,0.0,0.005756814748814065,0.026269653320312614
1145,41.592582240569136,160,1664,0,8,1,12,41.592582240569136,1536,0.04854755555555555,41.641129796124694,41.641129796124694,41.653374240569136,41.66871427785587,41.695001596494265,45.897589199963384,0.10241935592512874,4.305006959394248,0.0,0.0,0.015340037286733832,0.026287318638395618
1146,41.65541338981177,96,704,148,10,1,3,41.65541338981177,256,0.13455644444444445,41.78996983425621,41.78996983425621,41.79688094536732,41.802235161815155,41.82812127021359,44.280640894469556,0.1727078804018234,2.6252275046577864,0.0,0.0,0.005354216447834403,0.025886108398438523
1147,41.81676319678864,128,2176,1,8,1,15,41.81676319678864,2048,0.050083555555555555,41.866846752344195,41.866846752344195,41.881935641233085,41.90627385979411,41.93270476799724,45.29659601148683,0.1159415712085945,3.4798328146981845,0.0,0.0,0.024338218561027247,0.02643090820312466
1148,41.86160194239518,64,1344,61,15,1,13,41.86160194239518,256,0.3142542222222222,42.17585616461741,42.17585616461741,42.18632283128407,42.20207457473542,42.22824065139557,43.87840650241062,0.36663870900039086,2.016804560015437,0.0,0.0,0.015751743451346556,0.026166076660153692
1149,41.885695154513826,128,4416,59,2,1,15,41.885695154513826,256,1.1768035555555554,43.062498710069384,43.062498710069384,43.090032043402715,43.09212623320275,43.11893189726525,46.50281984485641,1.2332367427514228,4.617124690342585,0.0,0.0,0.002094189800033064,0.02680566406250051
1150,41.88672701621873,160,1664,0,11,1,8,41.88672701621873,1536,0.04854755555555555,41.935274571774286,41.935274571774286,41.94751901621873,41.966405161095956,41.9923543188108,46.18464494710474,0.10562730259206887,4.297917930886015,0.0,0.0,0.018886144877228617,0.025949157714840965
1151,41.90774082681311,96,896,56,12,1,5,41.90774082681311,256,0.1884657777777778,42.09620660459089,42.09620660459089,42.104184382368665,42.11428256628848,42.14027524206973,44.61730512488222,0.232534415256616,2.709564298069111,0.0,0.0,0.01009818391981554,0.025992675781246533
1152,41.91170000342869,128,5248,15,7,1,6,41.91170000342869,256,1.4104106666666667,43.322110670095356,43.322110670095356,43.35426622565091,43.36878878853419,43.39514914009669,46.799223969198245,1.4834491366679998,4.887523965769553,0.0,0.0,0.014522562883279022,0.02636035156250216
1153,42.00275870852655,96,4416,71,4,1,3,42.00275870852655,256,1.1768035555555554,43.17956226408211,43.17956226408211,43.20709559741544,43.218186100368,43.24467779958675,45.79421178396175,1.241919091060204,3.7914530754352,0.0,0.0,0.011090502952562531,0.026491699218752274
1154,42.00608878325744,64,2176,5,11,1,15,42.00608878325744,2048,0.050083555555555555,42.05617233881299,42.05617233881299,42.07126122770188,42.09615583248267,42.12211975392364,43.766955778810484,0.11603097066620194,1.7608669955530445,0.0,0.0,0.02489460478079053,0.025963921440968818
1155,42.024867833389074,96,4800,23,5,1,11,42.024867833389074,256,1.284622222222222,43.3094900556113,43.3094900556113,43.33915672227796,43.34000018190913,43.3667801298258,45.91318998845675,1.3419122964367247,3.8883221550676765,0.0,0.0,0.0008434596311701625,0.026779947916665492
1156,42.093183339622115,160,1664,0,1,1,11,42.093183339622115,1536,0.04854755555555555,42.14173089517767,42.14173089517767,42.153975339622114,42.17875273590356,42.204917503698695,46.41658032515053,0.1117341640765801,4.323396985528412,0.0,0.0,0.024777396281443487,0.026164767795137323
1157,42.172153323656865,64,704,120,9,1,11,42.172153323656865,256,0.13455644444444445,42.30670976810131,42.30670976810131,42.313620879212415,42.323395844231996,42.34986154247418,44.005089936028874,0.17770821881731536,1.8329366123720092,0.0,0.0,0.009774965019580861,0.026465698242184033
1158,42.2933696194014,64,1856,21,14,1,3,42.2933696194014,256,0.45801244444444444,42.751382063845845,42.751382063845845,42.76469317495695,42.76979372027445,42.795798882104805,44.43250552292356,0.5024292627034015,2.1391359035221598,0.0,0.0,0.0051005453174965965,0.02600516183035495
1159,42.30759254707357,64,4096,3,11,0,0,42.30759254707357,0,1.1580657777777779,43.46565832485135,43.46565832485135,43.4914138804069,43.50299619454709,43.529375379814944,45.196358326010994,1.2217828327413756,2.888765778937426,0.0,0.0,0.011582314140184735,0.026379185267856542
1160,42.35467579927285,160,3200,2,15,1,1,42.35467579927285,3072,0.05315555555555555,42.4078313548284,42.4078313548284,42.428609132606184,42.43758684280183,42.463800872749744,46.66728840942366,0.10912507347689626,4.312612610150815,0.0,0.0,0.008977710195644306,0.026214029947915662
1161,42.412095499733894,64,2368,74,10,1,0,42.412095499733894,256,0.6017706666666667,43.01386616640056,43.01386616640056,43.03002172195612,43.04283711842788,43.06870398040705,44.69949538665705,0.6566084806731567,2.287399886923154,0.0,0.0,0.012815396471765439,0.025866861979167766
1162,42.414569999237465,160,2176,1,1,1,8,42.414569999237465,2048,0.050083555555555555,42.46465355479302,42.46465355479302,42.47974244368191,42.493249589202165,42.519513322112324,46.73313372451808,0.10494332287485975,4.318563725280619,0.0,0.0,0.01350714552025778,0.026263732910159376
1163,42.41754780916672,64,832,72,3,1,1,42.41754780916672,256,0.170496,42.58804380916672,42.58804380916672,42.595666031388944,42.61273167171235,42.63860939213646,44.27240662520936,0.22106158296973888,1.8548588160426434,0.0,0.0,0.01706564032340907,0.025877720424105632
1164,42.47118647292508,128,2176,1,12,1,1,42.47118647292508,2048,0.050083555555555555,42.521270028480636,42.521270028480636,42.536358917369526,42.556497898319726,42.58262055456973,45.90637468868431,0.11143408164464574,3.4351882157592257,0.0,0.0,0.02013898095020039,0.026122656250002763
1165,42.52975359231128,128,768,128,6,1,5,42.52975359231128,256,0.15252622222222223,42.6822798145335,42.6822798145335,42.68954648120017,42.69821816474888,42.72432187568638,46.040312178653274,0.1945682833750979,3.5105585863419932,0.0,0.0,0.008671683548712394,0.026103710937498192
1166,42.567743366044965,160,896,64,9,1,12,42.567743366044965,256,0.1884657777777778,42.756209143822744,42.756209143822744,42.76418692160052,42.77526754833355,42.801583588372615,46.920223194182384,0.23384022232765034,4.352479828137419,0.0,0.0,0.011080626733033228,0.026316040039063182
1167,42.61148559787971,160,5248,3,15,1,0,42.61148559787971,5120,0.05929955555555556,42.67078515343526,42.67078515343526,42.702940708990816,42.72545209752188,42.751667863580906,46.96498665161116,0.14018226570119907,4.353501053731456,0.0,0.0,0.022511388531064824,0.02621576605902476
1168,42.621313653883654,128,4800,27,8,1,9,42.621313653883654,4480,0.11128888888888888,42.73260254277254,42.73260254277254,42.762269209439204,42.77396995354412,42.800437889742035,46.159353115979016,0.17912423585838155,3.5380394620953624,0.0,0.0,0.011700744104913952,0.026467936197917652
1169,42.67520493233117,64,896,60,1,1,8,42.67520493233117,256,0.1884657777777778,42.86367071010895,42.86367071010895,42.87164848788672,42.88725685238576,42.9134352920559,44.58035515192693,0.2382303597247315,1.905150219595761,0.0,0.0,0.015608364499037464,0.026178439670140108
1170,42.70893568780726,96,3200,2,13,1,15,42.70893568780726,3072,0.05315555555555555,42.76209124336282,42.76209124336282,42.7828690211406,42.80037771531183,42.82709174525975,45.33611661505142,0.11815605745248803,2.6271809272441544,0.0,0.0,0.017508694171233685,0.02671402994791805
1171,42.84439336596919,96,2176,5,12,1,11,42.84439336596919,2048,0.050083555555555555,42.89447692152474,42.89447692152474,42.90956581041363,42.92225951941347,42.94837784623639,45.431277683475976,0.10398448026720075,2.5868843175067866,0.0,0.0,0.01269370899984068,0.02611832682291748
1172,42.84554677200088,160,3200,2,3,1,13,42.84554677200088,3072,0.05315555555555555,42.898702327556435,42.898702327556435,42.919480105334216,42.923445655157295,42.94942091557396,47.097653557175505,0.10387414357307989,4.252106785174625,0.0,0.0,0.003965549823078618,0.02597526041666498
1173,42.88974883030664,96,3200,2,15,1,3,42.88974883030664,3072,0.05315555555555555,42.94290438586219,42.94290438586219,42.96368216363997,42.98757571405834,43.01382723315556,45.52090756516213,0.12407840284892302,2.6311587348554966,0.0,0.0,0.023893550418364384,0.026251519097222342
1174,42.89015478871273,96,1664,0,6,1,1,42.89015478871273,1536,0.04854755555555555,42.938702344268286,42.938702344268286,42.95094678871273,42.959277246780125,42.98533649157179,45.464299971622026,0.09518170285906535,2.574145182909298,0.0,0.0,0.008330458067398183,0.02605924479166788
1175,42.930820670426804,128,2176,5,14,1,12,42.930820670426804,2048,0.050083555555555555,42.98090422598236,42.98090422598236,42.99599311487125,43.00385775487266,43.029873929189066,46.33114731979856,0.09905325876226101,3.400326649371756,0.0,0.0,0.007864640001415069,0.02601617431640335
1176,42.937164739921705,160,1664,4,0,1,8,42.937164739921705,1536,0.04854755555555555,42.98571229547726,42.98571229547726,42.997956739921705,43.01484441999592,43.04157459577717,47.24639245292003,0.10440985585546514,4.309227712998322,0.0,0.0,0.016887680074212597,0.02673017578125325
1177,42.9449233984509,128,512,2,9,0,15,42.9449233984509,0,0.15175822222222224,43.09668162067312,43.09668162067312,43.10252606511756,43.11741415477887,43.14352206493512,46.430847434633776,0.19859866648422297,3.4859240361828796,0.0,0.0,0.014888089661312165,0.026107910156248693
1178,43.04604932657063,64,896,100,13,1,12,43.04604932657063,256,0.1884657777777778,43.23451510434841,43.23451510434841,43.242492882126186,43.25458263067642,43.28098375372329,44.93994718145767,0.234934427152659,1.8938978548870367,0.0,0.0,0.01208974855023115,0.02640112304687392
1179,43.060233460664264,160,512,85,0,0,9,43.060233460664264,0,0.15175822222222224,43.211991682886485,43.211991682886485,43.217836127330926,43.22869949812092,43.25518623314696,47.45631081229502,0.1949527724826936,4.396077351630758,0.0,0.0,0.010863370789991222,0.026486735026040265
1180,43.061252572282235,128,2176,1,6,1,12,43.061252572282235,2048,0.050083555555555555,43.11133612783779,43.11133612783779,43.12642501672668,43.14170221422805,43.167764853736976,46.48777083750744,0.10651228145474079,3.426518265225205,0.0,0.0,0.015277197501369244,0.026062639508928953
1181,43.110974576899544,128,2176,5,14,0,14,43.110974576899544,2048,0.050083555555555555,43.161058132455096,43.161058132455096,43.176147021343986,43.185981228993754,43.21200558880278,46.513386138157934,0.10103101190323827,3.40241156125839,0.0,0.0,0.00983420764976728,0.026024359809028397
1182,43.11416171431725,128,5248,7,1,1,0,43.11416171431725,5120,0.05929955555555556,43.1734612698728,43.1734612698728,43.20561682542836,43.22772441559106,43.25409480404592,46.628322233632666,0.1399330897286717,3.5141605193154177,0.0,0.0,0.022107590162704582,0.02637038845485762
1183,43.12968979969292,160,2048,0,3,0,6,43.12968979969292,0,0.5830328888888889,43.712722688581806,43.712722688581806,43.72710046635958,43.72873221114687,43.75461658614687,47.90118407475363,0.6249267864539476,4.771494275060711,0.0,0.0,0.0016317447872893354,0.02588437499999685
1184,43.13386595170081,128,256,1,15,0,6,43.13386595170081,0,0.07987911111111111,43.213745062811924,43.213745062811924,43.21816728503415,43.223856964058335,43.24999978632396,46.61333596801742,0.11613383462314886,3.479470016316604,0.0,0.0,0.005689679024186489,0.026142822265626364
1185,43.162325628053885,64,4416,87,8,0,8,43.162325628053885,4224,0.07458133333333333,43.23690696138722,43.23690696138722,43.26444029472055,43.27694423739828,43.30351845614828,44.98082184156495,0.14119282809439682,1.818496213511068,0.0,0.0,0.012503942677732027,0.026574218749999545
1186,43.18542393102027,160,1408,25,12,1,8,43.18542393102027,256,0.332224,43.517647931020264,43.517647931020264,43.52847015324249,43.54880541785098,43.5748378885541,47.74044093217389,0.3894139575338329,4.555017001153622,0.0,0.0,0.02033526460849089,0.026032470703121646
1187,43.248789996446476,160,832,84,10,1,4,43.248789996446476,256,0.170496,43.419285996446476,43.419285996446476,43.4269082186687,43.43089131764663,43.45656498301122,47.59983632903986,0.20777498656474336,4.351046332593384,0.0,0.0,0.003983098977933253,0.02567366536458593
1188,43.26530465016048,160,4096,8,4,0,2,43.26530465016048,0,1.1580657777777779,44.42337042793826,44.42337042793826,44.449125983493815,44.45756549489925,44.48467291677425,48.67261759450862,1.2193682666137704,5.407312944348142,0.0,0.0,0.00843951140543453,0.02710742187500159
1189,43.265334851926035,96,2368,126,6,1,5,43.265334851926035,256,0.6017706666666667,43.8671055185927,43.8671055185927,43.88326107414826,43.89933488721912,43.92548869581287,46.40873958750744,0.6601538438868317,3.143404735581406,0.0,0.0,0.016073813070860865,0.026153808593747385
1190,43.327324613126066,64,1216,133,2,1,8,43.327324613126066,256,0.27831466666666665,43.60563927979273,43.60563927979273,43.61539483534829,43.62947958606733,43.6560348839189,45.329925923957965,0.32871027079283266,2.002601310831899,0.0,0.0,0.014084750719042916,0.02655529785156574
1191,43.37203809134282,160,3200,2,15,0,15,43.37203809134282,3072,0.05315555555555555,43.42519364689838,43.42519364689838,43.44597142467616,43.45915994257396,43.4853449123893,47.71172573852522,0.11330682104647849,4.339687647182394,0.0,0.0,0.013188517897802399,0.026184969815339798
1192,43.38031443335661,160,3200,6,0,1,10,43.38031443335661,256,0.8353777777777779,44.21569221113439,44.21569221113439,44.23646998891217,44.26204398054279,44.288557861681184,48.489388986123146,0.9082434283245746,5.109074552766536,0.0,0.0,0.025573991630622572,0.026513881138392037
1193,43.38483494694288,160,1664,8,13,1,2,43.38483494694288,256,0.40410311111111114,43.78893805805399,43.78893805805399,43.801182502498435,43.809108753723294,43.83540035528579,48.016168829755664,0.4505654083429107,4.631333882812783,0.0,0.0,0.007926251224859016,0.0262916015624981
1194,43.39628627354447,160,2176,5,9,1,14,43.39628627354447,2048,0.050083555555555555,43.44636982910002,43.44636982910002,43.46145871798891,43.482969330560124,43.50907536897158,47.61853030913773,0.11278909542711091,4.222244035593263,0.0,0.0,0.021510612571212562,0.026106038411455756
1195,43.44084881349912,160,2048,55,14,0,7,43.44084881349912,0,0.5830328888888889,44.02388170238801,44.02388170238801,44.038259480165785,44.04256382370482,44.068540386204816,48.21898345261106,0.6276915727056931,4.77813463911194,0.0,0.0,0.004304343539033084,0.02597656249999858
1196,43.471274630518664,160,5248,11,1,1,13,43.471274630518664,4800,0.14818844444444446,43.61946307496311,43.61946307496311,43.65161863051866,43.67670512751287,43.703275012766774,47.91258492080715,0.23200038224810982,4.4413102902884845,0.0,0.0,0.02508649699420573,0.026569885253906023
1197,43.562210864877926,128,2176,1,9,1,6,43.562210864877926,2048,0.050083555555555555,43.61229442043348,43.61229442043348,43.62738330932237,43.63961288524762,43.66571521504673,46.94610628570024,0.1035043501688051,3.383895420822313,0.0,0.0,0.012229575925253755,0.02610232979910876
1198,43.62292820828986,128,1280,41,5,1,7,43.62292820828986,256,0.29628444444444446,43.91921265273431,43.91921265273431,43.92932376384542,43.933372659122675,43.96007855104976,47.33911622311076,0.3371503427598981,3.7161880148208937,0.0,0.0,0.004048895277257714,0.02670589192708661
1199,43.660701332285335,96,5248,7,7,1,1,43.660701332285335,256,1.4104106666666667,45.071111998952,45.071111998952,45.10326755450755,45.12235861275294,45.14993722603419,47.698141531047206,1.4892358937488552,4.037440198761871,0.0,0.0,0.019091058245386705,0.027578613281249886
1200,43.6860837974412,64,4096,17,11,0,1,43.6860837974412,0,1.1580657777777779,44.84414957521898,44.84414957521898,44.869905130774534,44.876757740073494,44.903388436688076,46.588105437013596,1.2173046392468763,2.9020216395723963,0.0,0.0,0.006852609298960033,0.02663069661458195
1201,43.71608191552477,96,5248,3,15,0,15,43.71608191552477,5120,0.05929955555555556,43.77538147108032,43.77538147108032,43.80753702663588,43.82579395358249,43.85209998385593,46.37397059413349,0.13601806833116115,2.657888678608721,0.0,0.0,0.01825692694661285,0.026306030273438807
1202,43.77621139891152,64,4096,6,1,0,0,43.77621139891152,0,1.1580657777777779,44.9342771766893,44.9342771766893,44.960032732244855,44.981882728191806,45.008688810781095,46.68087757217433,1.2324774118695743,2.904666173262811,0.0,0.0,0.02184999594695114,0.02680608258928885
1203,43.921470462702075,160,832,52,9,1,5,43.921470462702075,256,0.170496,44.091966462702075,44.091966462702075,44.0995886849243,44.11001897248721,44.13613427661667,48.24337308257523,0.21466381391459777,4.321902619873157,0.0,0.0,0.010430287562911644,0.026115304129461947
1204,43.92462585722499,160,2688,22,3,1,12,43.92462585722499,256,0.6916195555555555,44.61624541278054,44.61624541278054,44.634178746113875,44.639134693243214,44.66539909754009,48.804010874418815,0.7407732403151002,4.879385017193826,0.0,0.0,0.004955947129339222,0.02626440429687449
1205,44.004902982784145,96,5248,3,10,1,15,44.004902982784145,4864,0.13041066666666667,44.135313649450815,44.135313649450815,44.16746920500637,44.17630046478205,44.202384839782056,46.68602639251642,0.19748185699791065,2.6811234097322725,0.0,0.0,0.008831259775682554,0.02608437500000349
1206,44.06433899756673,96,1664,0,13,1,6,44.06433899756673,1536,0.04854755555555555,44.11288655312229,44.11288655312229,44.12513099756673,44.12521539434829,44.15146187872329,46.656471975682,0.08712288115656008,2.5921329781152735,0.0,0.0,8.439678155980346e-05,0.02624648437500099
1207,44.08023867003216,64,2752,22,15,1,3,44.08023867003216,2048,0.2118115555555556,44.292050225587715,44.292050225587715,44.310339114476605,44.32707231384527,44.353537512708904,46.0270918099538,0.27329884267674487,1.946853139921643,0.0,0.0,0.016733199368665908,0.026465198863633077
1208,44.104080628624025,160,1664,4,2,1,0,44.104080628624025,256,0.40410311111111114,44.50818373973514,44.50818373973514,44.52042818417958,44.532633638801705,44.55905365833296,48.804091923306935,0.45497302970893116,4.700011294682909,0.0,0.0,0.01220545462212641,0.02642001953125117
1209,44.127721338158736,160,2560,38,6,1,10,44.127721338158736,2240,0.10456888888888889,44.23229022704763,44.23229022704763,44.24951244926985,44.262937963390996,44.288885521984746,48.470681669213185,0.16116418382600983,4.342960331054449,0.0,0.0,0.013425514121145454,0.02594755859374942
1210,44.17525209959595,64,4096,93,12,0,8,44.17525209959595,0,1.1580657777777779,45.33331787737373,45.33331787737373,45.359073432929286,45.378470163944726,45.404873679569725,47.06587794389264,1.2296215799737737,2.890625844296686,0.0,0.0,0.019396731015440594,0.026403515624998875
1211,44.22188633862814,160,1344,41,8,1,5,44.22188633862814,256,0.3142542222222222,44.53614056085036,44.53614056085036,44.54660722751703,44.55583616448162,44.582394107189955,48.72120320549725,0.360507768561817,4.499316866869108,0.0,0.0,0.009228936964589707,0.026557942708336668
1212,44.2471071135602,96,5248,3,5,1,10,44.2471071135602,5120,0.05929955555555556,44.30640666911575,44.30640666911575,44.33856222467131,44.35834791953934,44.385200458601844,46.91763176673055,0.1380933450416464,2.6705246531703537,0.0,0.0,0.019785694868033943,0.026852539062502956
1213,44.27383745616026,160,4864,27,0,1,8,44.27383745616026,256,1.302592,45.576429456160255,45.576429456160255,45.60645167838248,45.613058615029395,45.639605782998146,49.86341283052418,1.3657683268378875,5.589575374363925,0.0,0.0,0.006606936646917916,0.026547167968750784
1214,44.284296519986775,96,3200,2,13,1,15,44.284296519986775,3072,0.05315555555555555,44.33745207554233,44.33745207554233,44.35822985332011,44.36145133184829,44.3877541476035,46.893038312177545,0.10345762761672717,2.60874179219077,0.0,0.0,0.003221478528182331,0.026302815755208542
1215,44.2943916688978,128,4800,35,6,1,14,44.2943916688978,4224,0.1824,44.4767916688978,44.4767916688978,44.50645833556447,44.52243552198475,44.54861984815662,47.89624426686943,0.254228179258817,3.6018525979716287,0.0,0.0,0.015977186420279565,0.026184326171872385
1216,44.32181885051312,160,2176,1,9,0,9,44.32181885051312,2048,0.050083555555555555,44.37190240606867,44.37190240606867,44.38699129495756,44.39731417338007,44.42342757670038,48.53241161610388,0.10160872618725847,4.210592765590761,0.0,0.0,0.010322878422506676,0.026113403320309203
1217,44.400132252913174,160,1664,0,14,1,13,44.400132252913174,1536,0.04854755555555555,44.44867980846873,44.44867980846873,44.46092425291317,44.48454019089231,44.510517144017314,48.66109111862669,0.11038489110413963,4.260958865713519,0.0,0.0,0.023615937979137414,0.025976953125002922
1218,44.43558237508823,96,256,86,10,0,11,44.43558237508823,0,0.07987911111111111,44.51546148619934,44.51546148619934,44.51988370842157,44.543265406188304,44.5693025155633,47.049382715758604,0.13372014047507008,2.613800340670373,0.0,0.0,0.023381697766737375,0.026037109374996703
1219,44.5087866128387,160,5248,15,5,1,7,44.5087866128387,4672,0.18374400000000002,44.692530612838695,44.692530612838695,44.72468616839425,44.73432790000809,44.76136305625809,48.979618127407626,0.2525764434193931,4.470831514568928,0.0,0.0,0.009641731613839966,0.02703515625000108
1220,44.610755110244256,64,2176,1,4,1,9,44.610755110244256,2048,0.050083555555555555,44.66083866579981,44.66083866579981,44.6759275546887,44.70154986989925,44.72839935720394,46.39747755544613,0.117644246959685,1.7867224452018746,0.0,0.0,0.025622315210554802,0.026849487304687614
1221,44.63910103034693,96,1216,101,9,1,3,44.63910103034693,256,0.27831466666666665,44.917415697013595,44.917415697013595,44.92717125256915,44.9424595068064,44.96817769877069,47.411361168512734,0.3290766684237596,2.772260138165805,0.0,0.0,0.015288254237248111,0.025718191964287485
1222,44.64061348159076,160,1984,29,14,1,6,44.64061348159076,256,0.493952,45.13456548159076,45.13456548159076,45.148587703812986,45.16050571823607,45.18650923386107,49.33886292852253,0.5458957522703045,4.698249446931769,0.0,0.0,0.011918014423081047,0.026003515624999807
1223,44.67033613692098,128,2112,13,13,0,13,44.67033613692098,1920,0.06766933333333333,44.738005470254315,44.738005470254315,44.75273880358765,44.75604483770767,44.78231513625678,48.12107068522441,0.11197899933579691,3.45073454830343,0.0,0.0,0.003306034120022616,0.02627029854910745
1224,44.67318971673738,64,1664,8,15,1,13,44.67318971673738,1216,0.13743644444444444,44.81062616118183,44.81062616118183,44.82287060562627,44.830935618276285,44.857497434682536,46.533305206298664,0.18430771794515266,1.8601154895612808,0.0,0.0,0.00806501265001458,0.026561816406250216
1225,44.811335822726626,160,4736,55,10,1,7,44.811335822726626,256,1.2666524444444445,46.07798826717107,46.07798826717107,46.107299378282185,46.13192580657892,46.15830666595392,50.346110973292106,1.3469708432272967,5.53477515056548,0.0,0.0,0.02462642829673456,0.026380859375002785
1226,44.842690742565125,128,2432,82,5,1,1,44.842690742565125,2048,0.12196266666666666,44.96465340923179,44.96465340923179,44.98116452034291,45.00470143516434,45.03157096641434,48.39654615475138,0.18888022384921754,3.553855412186252,0.0,0.0,0.023536914821434607,0.026869531250000023
1227,44.843808552119555,128,1664,0,3,1,14,44.843808552119555,1536,0.04854755555555555,44.89235610767511,44.89235610767511,44.904600552119554,44.92806999597759,44.95424831629009,48.26235622877149,0.11043976417053614,3.418547676651933,0.0,0.0,0.0234694438580334,0.026178320312503445
1228,44.863207142694684,160,4736,19,2,1,3,44.863207142694684,4096,0.1999857777777778,45.06319292047246,45.06319292047246,45.09250403158357,45.11617865833296,45.142895357551716,49.39729114205693,0.2796882148570319,4.534083999362245,0.0,0.0,0.023674626749389915,0.026716699218752638
1229,44.8788266700882,64,1216,24,8,1,15,44.8788266700882,896,0.10053688888888888,44.97936355897709,44.97936355897709,44.98911911453265,45.007263247814954,45.03356378492433,46.67390191968995,0.15473711483613073,1.7950752496017515,0.0,0.0,0.018144133282305575,0.026300537109378297
1230,44.91604388023029,64,1664,0,6,1,3,44.91604388023029,1536,0.04854755555555555,44.96459143578585,44.96459143578585,44.97683588023029,44.993828100109745,45.01996684173921,46.67330306406994,0.10392296150892122,1.7572591838396505,0.0,0.0,0.016992219879455206,0.026138741629466722
1231,44.95205019271931,128,1664,8,4,1,15,44.95205019271931,1536,0.04854755555555555,45.00059774827487,45.00059774827487,45.01284219271931,45.023775944118,45.05042272146175,48.38409562185237,0.09837252874243774,3.432045429133055,0.0,0.0,0.010933751398688685,0.02664677734374976
1232,44.98653906398244,64,4352,147,13,1,6,44.98653906398244,256,1.1588337777777777,46.14537284176022,46.14537284176022,46.172550619538,46.18040255255142,46.206916712707674,47.86068225749004,1.2203776487252327,2.8741431935075994,0.0,0.0,0.00785193301341991,0.026514160156253297
1233,45.019259536977856,96,3200,2,15,1,13,45.019259536977856,3072,0.05315555555555555,45.07241509253341,45.07241509253341,45.09319287031119,45.09614497835658,45.12268897792255,47.65862881469709,0.1034294409446943,2.639369277719233,0.0,0.0,0.002952108045384705,0.02654399956597331
1234,45.076411516140844,96,2048,0,8,0,6,45.076411516140844,0,0.5830328888888889,45.65944440502973,45.65944440502973,45.673822182807505,45.688666934338386,45.71478050855713,48.1756914704712,0.6383689924162894,3.099279954330356,0.0,0.0,0.014844751530880274,0.026113574218747715
1235,45.08081247454567,64,3200,2,1,1,15,45.08081247454567,3072,0.05315555555555555,45.13396803010122,45.13396803010122,45.154745807879,45.16969383310253,45.19660371033467,46.86379195205715,0.11579123578900408,1.782979477511482,0.0,0.0,0.014948025223525008,0.026909877232142776
1236,45.08670697330873,64,2048,120,3,0,9,45.08670697330873,0,0.5830328888888889,45.669739862197616,45.669739862197616,45.68411763997539,45.68768732996197,45.713849244024466,47.3572648853005,0.627142270715737,2.270557911991773,0.0,0.0,0.0035696899865769183,0.02616191406249868
1237,45.137034019923234,64,2176,5,6,1,9,45.137034019923234,2048,0.050083555555555555,45.18711757547879,45.18711757547879,45.20220646436768,45.20295170502046,45.22908433441499,46.88692574473401,0.09205031449175749,1.749891724810773,0.0,0.0,0.0007452406527832522,0.026132629394531648
1238,45.17214117170611,96,5248,3,11,1,5,45.17214117170611,5120,0.05929955555555556,45.23144072726166,45.23144072726166,45.26359628281722,45.27567741780787,45.302492033693284,47.85352963134954,0.13035086198717494,2.681388459643429,0.0,0.0,0.012081134990651776,0.026814615885413673
1239,45.17392885872401,64,1664,4,5,1,2,45.17392885872401,1536,0.04854755555555555,45.22247641427957,45.22247641427957,45.23472085872401,45.24654479453934,45.27324181602371,46.94389259029826,0.09931295729970202,1.7699637315742507,0.0,0.0,0.011823935815328923,0.026697021484373806
1240,45.18224433988339,64,256,36,9,0,15,45.18224433988339,0,0.07987911111111111,45.2621234509945,45.2621234509945,45.266545673216726,45.276834088279614,45.302483685447584,46.920223194182384,0.12023934556419391,1.7379788542989942,0.0,0.0,0.010288415062888134,0.025649597167969773
1241,45.23955616799943,96,1664,0,4,1,6,45.23955616799943,1536,0.04854755555555555,45.28810372355499,45.28810372355499,45.30034816799943,45.316917350368,45.343429557399254,47.83484093435238,0.10387338939982271,2.595284766352947,0.0,0.0,0.016569182368570523,0.0265122070312529
1242,45.24039651765587,128,1600,16,2,1,3,45.24039651765587,256,0.3861333333333334,45.6265298509892,45.6265298509892,45.63841873987809,45.652821065559536,45.67935597766891,49.07235510690068,0.4389594600130451,3.831958589244813,0.0,0.0,0.01440232568144495,0.026534912109376307
1243,45.255127079645405,96,1664,0,7,1,4,45.255127079645405,1536,0.04854755555555555,45.30367463520096,45.30367463520096,45.315919079645404,45.343001190877935,45.36999370389877,47.90530486112533,0.11486662425336647,2.6501777814799254,0.0,0.0,0.027082111232530792,0.026992513020836384
1244,45.28372365696218,64,4352,103,14,1,5,45.28372365696218,256,1.1588337777777777,46.44255743473996,46.44255743473996,46.46973521251774,46.48715830612668,46.513386138157934,48.16695171432981,1.2296624811957528,2.8832280573676314,0.0,0.0,0.01742309360894012,0.02622783203125323
1245,45.28438017216514,96,256,146,1,0,4,45.28438017216514,0,0.07987911111111111,45.364259283276255,45.364259283276255,45.36868150549848,45.384986522834666,45.41167670838154,47.91258492080715,0.1272965362163987,2.6282047486420055,0.0,0.0,0.016305017336186722,0.026690185546875966
1246,45.296261723446214,160,4864,35,15,1,6,45.296261723446214,4288,0.182592,45.478853723446214,45.478853723446214,45.508875945668436,45.52090756516213,45.54754444667255,49.7579150288898,0.25128272322633904,4.461653305443583,0.0,0.0,0.012031619493697576,0.026636881510420096
1247,45.35109438375176,160,4352,115,6,1,9,45.35109438375176,256,1.1588337777777777,46.50992816152954,46.50992816152954,46.53710593930732,46.54057064219494,46.56711615000744,50.74166649994235,1.216021766255686,5.39057211619059,0.0,0.0,0.0034647028876264585,0.02654550781250009
1248,45.43312526003134,160,1280,93,5,1,8,45.43312526003134,256,0.29628444444444446,45.729409704475785,45.729409704475785,45.73952081558689,45.753871698836214,45.780423526403176,49.97442508541544,0.3472982663718369,4.541299825384101,0.0,0.0,0.0143508832493211,0.02655182756696206
1249,45.47800173130113,160,256,108,9,0,11,45.47800173130113,0,0.07987911111111111,45.55788084241224,45.55788084241224,45.56230306463446,45.58466148085774,45.61025799778482,49.737835037327834,0.1322562664836937,4.259833306026707,0.0,0.0,0.022358416223276834,0.02559651692708087
1250,45.60064068356444,160,1280,133,11,1,2,45.60064068356444,256,0.29628444444444446,45.89692512800889,45.89692512800889,45.907036239119996,45.91936296468287,45.94588896565943,50.17755953043807,0.34524828209498537,4.576918846873625,0.0,0.0,0.012326725562871843,0.02652600097655977
1251,45.63456749468381,128,256,21,1,0,14,45.63456749468381,0,0.07987911111111111,45.71444660579492,45.71444660579492,45.71886882801714,45.73050500776771,45.75688641645912,49.08712715713528,0.12231892177531023,3.4525596624514705,0.0,0.0,0.011636179750567521,0.026381408691406705
1252,45.88565433455118,96,3200,2,0,1,1,45.88565433455118,3072,0.05315555555555555,45.93880989010673,45.93880989010673,45.95958766788451,45.984227413857525,46.010568722451275,48.515861642373146,0.12491438790009823,2.630207307821969,0.0,0.0,0.024639745973011884,0.026341308593750057
1253,45.9363768464393,160,1088,36,8,1,15,45.9363768464393,256,0.2423751111111111,46.17875195755041,46.17875195755041,46.18779640199485,46.21089364332277,46.23660470289308,50.35952555250245,0.30022785645378036,4.423148706063145,0.0,0.0,0.023097241327917573,0.0257110595703125
1254,45.976535648194336,64,3200,10,9,1,1,45.976535648194336,2944,0.0887111111111111,46.065246759305445,46.065246759305445,46.086024537083226,46.0966845928369,46.122386497133775,47.74772403472367,0.145850848939439,1.7711883865293316,0.0,0.0,0.010660055753675124,0.02570190429687358
1255,46.00586642483432,96,1664,0,3,1,7,46.00586642483432,1536,0.04854755555555555,46.05441398038988,46.05441398038988,46.06665842483432,46.08016731043072,46.10627709233176,48.57189905801256,0.10041066749743521,2.5660326331782386,0.0,0.0,0.013508885596394293,0.02610978190104163
1256,46.068333654853085,96,1664,8,4,0,4,46.068333654853085,1536,0.04854755555555555,46.11688121040864,46.11688121040864,46.129125654853084,46.136270035914876,46.162388590602376,48.64630314138362,0.09405493574929125,2.5779694865305345,0.0,0.0,0.00714438106179216,0.026118554687499795
1257,46.14236921225404,160,2240,138,12,1,3,46.14236921225404,256,0.5658311111111111,46.70820032336515,46.70820032336515,46.723644767809596,46.72409050899681,46.75037892045514,50.91957711381452,0.6080097082011022,4.77720790156048,0.0,0.0,0.00044574118721385503,0.026288411458331495
1258,46.17352224691806,128,2432,50,1,1,8,46.17352224691806,256,0.6197404444444444,46.79326269136251,46.79326269136251,46.80977380247362,46.8115127528384,46.83765210830715,50.15898098200507,0.6641298613890854,3.9854587350870077,0.0,0.0,0.0017389503647748938,0.026139355468750125
1259,46.182298559216186,128,5248,3,11,0,11,46.182298559216186,5120,0.05929955555555556,46.24159811477174,46.24159811477174,46.273753670327295,46.29162509033391,46.31857540771672,49.704138762208906,0.13627684850053612,3.5218402029927205,0.0,0.0,0.017871420006613903,0.026950317382812727
1260,46.262256213263996,64,4480,59,2,0,2,46.262256213263996,4288,0.07477333333333333,46.33702954659733,46.33702954659733,46.36491843548622,46.36943507923141,46.39611105579391,48.08422595651006,0.13385484252991375,1.8219697432460649,0.0,0.0,0.004516643745191118,0.02667597656250109
1261,46.286006668396105,160,1664,4,13,1,5,46.286006668396105,1536,0.04854755555555555,46.33455422395166,46.33455422395166,46.346798668396104,46.36601192755142,46.39242878022999,50.54544275553691,0.10642211183388639,4.259436087140806,0.0,0.0,0.019213259155314688,0.02641685267857241
1262,46.301829672494385,96,5248,15,9,1,5,46.301829672494385,256,1.4104106666666667,47.71224033916105,47.71224033916105,47.744395894716604,47.74772403472367,47.77380643218461,50.26779434722366,1.4719767596902216,3.9659646747292783,0.0,0.0,0.003328140007063496,0.026082397460939433
1263,46.34921067355524,96,1664,0,3,0,3,46.34921067355524,1536,0.04854755555555555,46.3977582291108,46.3977582291108,46.41000267355524,46.419632561081755,46.445705314988004,48.906705991606316,0.09649464143276276,2.5574953180510747,0.0,0.0,0.009629887526514835,0.026072753906248636
1264,46.40781958753344,128,3200,2,5,1,0,46.40781958753344,3072,0.05315555555555555,46.460975143088994,46.460975143088994,46.481752920866775,46.494442592623415,46.520888253895734,49.870301916470126,0.11306866636229529,3.4624823289366873,0.0,0.0,0.012689671756639598,0.0264456612723194
1265,46.42480582235962,96,1664,0,8,1,3,46.42480582235962,1536,0.04854755555555555,46.47335337791518,46.47335337791518,46.48559782235962,46.493742154064954,46.519477798596206,48.98153157463787,0.09467197623658308,2.556725752278247,0.0,0.0,0.008144331705331354,0.025735644531252433
1266,46.47023140474961,128,2240,58,7,0,7,46.47023140474961,2048,0.06805333333333334,46.53828473808294,46.53828473808294,46.55372918252739,46.55814767525293,46.58493197701075,49.90277926704981,0.11470057226113539,3.432547862300197,0.0,0.0,0.004418492725541512,0.026784301757814433
1267,46.538664072004934,128,1664,0,13,1,8,46.538664072004934,1536,0.04854755555555555,46.58721162756049,46.58721162756049,46.599456072004934,46.60378117978357,46.63012633359216,49.95079073730775,0.0914622615872247,3.4121266653028144,0.0,0.0,0.004325107778633708,0.026345153808591704
1268,46.5536612182653,128,5248,15,2,1,9,46.5536612182653,5056,0.07707733333333333,46.63073855159863,46.63073855159863,46.66289410715419,46.68863344348922,46.715383345832976,50.1256658979163,0.16172212756767834,3.572004679651002,0.0,0.0,0.025739336335036,0.026749902343752296
1269,46.63558996943536,128,2176,1,3,1,4,46.63558996943536,2048,0.050083555555555555,46.68567352499091,46.68567352499091,46.7007624138798,46.70645970951926,46.732535881394256,50.011866147856324,0.09694591195889757,3.376276178420966,0.0,0.0,0.005697295639457423,0.026076171874997556
1270,46.68873884131392,64,512,70,0,0,8,46.68873884131392,0,0.15175822222222224,46.84049706353614,46.84049706353614,46.84634150798058,46.85374840995128,46.87992126151378,48.542289376748144,0.19118242019985843,1.8535505354342234,0.0,0.0,0.007406901970696822,0.02617285156249949
1271,46.6912722667308,96,1664,0,10,1,13,46.6912722667308,1536,0.04854755555555555,46.73981982228636,46.73981982228636,46.7520642667308,46.76398293548517,46.78992592864923,49.28910231211279,0.0986536619184335,2.59783004538199,0.0,0.0,0.011918668754368866,0.025942993164065342
1272,46.71030489441894,96,2176,13,14,1,13,46.71030489441894,256,0.5478613333333333,47.25816622775227,47.25816622775227,47.27325511664116,47.27495474167356,47.30118189011106,49.782329399876694,0.5908769956921205,3.0720245054577546,0.0,0.0,0.0016996250324012863,0.02622714843749918
1273,46.742974444089676,96,2048,4,5,0,13,46.742974444089676,0,0.5830328888888889,47.32600733297856,47.32600733297856,47.34038511075634,47.365634533657634,47.39204957272013,49.89633524166544,0.6490751286304572,3.1533607975757647,0.0,0.0,0.025249422901296725,0.02641503906249909
1274,46.79561121426978,128,1664,0,6,1,10,46.79561121426978,1536,0.04854755555555555,46.84415876982534,46.84415876982534,46.85640321426978,46.86038131114026,46.88692574473401,50.21752589819384,0.09131453046422422,3.421914683924058,0.0,0.0,0.003978096870476122,0.026544433593748806
1275,46.81568639887264,64,4352,91,13,1,14,46.81568639887264,256,1.1588337777777777,47.97452017665042,47.97452017665042,48.0016979544282,48.016168829755664,48.042393561200974,49.69270886881816,1.2267071623283314,2.8770224699455156,0.0,0.0,0.014470875327461385,0.026224731445310567
1276,46.817056345516946,96,2176,5,4,1,6,46.817056345516946,2048,0.050083555555555555,46.8671399010725,46.8671399010725,46.88222878996139,46.89404737966488,46.920171989039886,49.400878824977376,0.10311564352294056,2.58382247946043,0.0,0.0,0.011818589703494808,0.02612460937500316
1277,46.84015929672539,64,2176,1,8,1,3,46.84015929672539,2048,0.050083555555555555,46.89024285228094,46.89024285228094,46.90533174116983,46.90582770093995,46.93165777906495,48.565385139091,0.09149848233955993,1.7252258423656102,0.0,0.0,0.0004959597701201801,0.025830078124997158
1278,46.87925705092709,128,5248,3,2,1,11,46.87925705092709,5120,0.05929955555555556,46.93855660648264,46.93855660648264,46.9707121620382,46.982909224739224,47.00979903593714,50.41868860299443,0.13054198501005487,3.5394315520673416,0.0,0.0,0.01219706270102705,0.026889811197918334
1279,46.994779424283905,160,2240,62,12,1,4,46.994779424283905,256,0.5658311111111111,47.560610535395014,47.560610535395014,47.57605497983946,47.58450099076764,47.61048976029889,51.80212275183535,0.6157103360149847,4.807343327551443,0.0,0.0,0.008446010928174985,0.025988769531252842
1280,47.013397616348605,96,832,48,3,1,0,47.013397616348605,256,0.170496,47.183893616348605,47.183893616348605,47.19151583857083,47.201672111863004,47.22760302006613,49.67578558145007,0.2142054037175214,2.662387965101466,0.0,0.0,0.010156273292174944,0.02593090820312227
1281,47.017210728921526,64,2624,114,11,1,14,47.017210728921526,256,0.6736497777777778,47.6908605066993,47.6908605066993,47.70843828447708,47.71960690185735,47.74639047119329,49.410639372560475,0.7291797422717607,2.3934286436389485,0.0,0.0,0.011168617380263868,0.02678356933594017
1282,47.024746866824145,64,2176,1,15,1,8,47.024746866824145,2048,0.050083555555555555,47.0748304223797,47.0748304223797,47.08991931126859,47.09936653442366,47.126040240478346,48.78786314900699,0.10129337365420099,1.7631162821828426,0.0,0.0,0.009447223155071072,0.02667370605468733
1283,47.04843037829344,96,3200,10,0,1,9,47.04843037829344,256,0.8353777777777779,47.88380815607122,47.88380815607122,47.904585933849,47.906375021279395,47.93287052909189,50.46763421724293,0.8844401507984543,3.4192038389494925,0.0,0.0,0.0017890874303958526,0.02649550781249843
1284,47.07699585625481,160,2048,132,10,0,9,47.07699585625481,0,0.5830328888888889,47.6600287451437,47.6600287451437,47.67440652292147,47.67958974700861,47.70598004648778,51.89413382136688,0.6289841902329698,4.817137965112067,0.0,0.0,0.005183224087140559,0.026390299479167822
1285,47.182977018894746,96,5248,11,1,0,1,47.182977018894746,5120,0.05929955555555556,47.2422765744503,47.2422765744503,47.274432130005856,47.280282186432146,47.3066225184634,49.79495933486965,0.1236454995686529,2.611982315974906,0.0,0.0,0.005850056426289996,0.02634033203125341
1286,47.23049309297429,96,1536,81,7,0,7,47.23049309297429,1280,0.0837191111111111,47.3142122040854,47.3142122040854,47.32574553741873,47.32951531034408,47.35584258085189,49.82468844673731,0.12534948787759959,2.59419535376302,0.0,0.0,0.003769772925345194,0.026327270507813694
1287,47.26011894969051,128,1536,33,6,0,6,47.26011894969051,1344,0.06594133333333334,47.32606028302384,47.32606028302384,47.337593616357175,47.34017330332776,47.36665611582776,50.68893765879652,0.10653716613725095,3.428818709106011,0.0,0.0,0.002579686970584305,0.026482812499999397
1288,47.30892734204492,64,3200,2,8,1,5,47.30892734204492,3072,0.05315555555555555,47.36208289760047,47.36208289760047,47.382860675378254,47.3966826814087,47.42264256096599,49.05981575432537,0.11371521892107239,1.750888412280453,0.0,0.0,0.013822006030444811,0.025959879557291288
1289,47.367688217638644,96,2176,1,15,0,15,47.367688217638644,2048,0.050083555555555555,47.4177717731942,47.4177717731942,47.43286066208309,47.44616279907209,47.47271934204084,49.964990224202296,0.10503112440219553,2.597302006563652,0.0,0.0,0.01330213698900451,0.02655654296874843
1290,47.39645370036685,128,1792,37,4,1,1,47.39645370036685,256,0.4400426666666667,47.83649636703351,47.83649636703351,47.84945192258907,47.861053824977375,47.88719952810238,51.19771573903988,0.4907458277355303,3.8012620386730305,0.0,0.0,0.01160190238830694,0.026145703125003195
1291,47.49917128797495,160,1408,41,2,1,8,47.49917128797495,256,0.332224,47.83139528797495,47.83139528797495,47.84221751019717,47.84362537057256,47.87035681588506,52.10398954700485,0.3711855279101073,4.604818259029898,0.0,0.0,0.0014078603753873153,0.026731445312499602
1292,47.6496253056341,160,960,64,6,1,9,47.6496253056341,256,0.20643555555555557,47.85606086118966,47.85606086118966,47.864394194522994,47.86992232676526,47.89624426686943,52.05064901249815,0.24661896123532756,4.401023706864045,0.0,0.0,0.0055281322422686685,0.026321940104168107
1293,47.67965685768074,128,2240,134,8,1,10,47.67965685768074,256,0.5658311111111111,48.24548796879185,48.24548796879185,48.2609324132363,48.279534634533704,48.30551860263266,51.61498972428445,0.6258617449519193,3.9353328666037086,0.0,0.0,0.01860222129740663,0.025983968098955756
1294,47.68172283039083,160,256,110,3,0,5,47.68172283039083,0,0.07987911111111111,47.761601941501944,47.761601941501944,47.76602416372417,47.772042229050506,47.79786962162863,51.93762627969227,0.11614679123779581,4.255903449301435,0.0,0.0,0.006018065326337307,0.0258273925781225
1295,47.689229560541435,160,1664,0,7,1,6,47.689229560541435,1536,0.04854755555555555,47.73777711609699,47.73777711609699,47.750021560541434,47.7758700466722,47.80175603300033,51.93376277128158,0.11252647245889591,4.244533210740144,0.0,0.0,0.025848486130769288,0.02588598632812733
1296,47.719368606848896,160,3200,10,5,1,0,47.719368606848896,2496,0.21315555555555557,47.93252416240445,47.93252416240445,47.95330194018223,47.97330396725138,47.999752941860756,52.17872864521827,0.2803843350118598,4.4593600383693754,0.0,0.0,0.020002027069153883,0.02644897460937301
1297,47.76261045984703,128,3200,2,10,1,8,47.76261045984703,3072,0.05315555555555555,47.81576601540259,47.81576601540259,47.83654379318037,47.83793886810237,47.86437441497737,51.21223319473928,0.10176395513033754,3.4496227348922446,0.0,0.0,0.0013950749220015268,0.026435546874999716
1298,47.7906573496043,128,1664,0,11,1,7,47.7906573496043,1536,0.04854755555555555,47.83920490515986,47.83920490515986,47.8514493496043,47.85352963134954,47.879866423341724,51.23573116129744,0.08920907373742182,3.4450738116931348,0.0,0.0,0.0020802817452363342,0.026336791992186193
1299,47.798515780009105,96,2176,1,12,1,15,47.798515780009105,2048,0.050083555555555555,47.84859933556466,47.84859933556466,47.86368822445355,47.87096949662701,47.897061781783265,50.389567348189516,0.09854600177416017,2.5910515681804114,0.0,0.0,0.00728127217346497,0.026092285156252615
1300,47.83737574071725,160,256,0,15,0,11,47.83737574071725,0,0.07987911111111111,47.91725485182836,47.91725485182836,47.921677074050585,47.92388914998355,47.95006236775699,52.09089621378564,0.11268662703974286,4.2535204730683915,0.0,0.0,0.002212075932966684,0.02617321777344017
1301,47.84176521894772,128,2048,19,9,0,2,47.84176521894772,0,0.5830328888888889,48.42479810783661,48.42479810783661,48.43917588561438,48.45373961903357,48.479963129775754,51.82159496571325,0.6381979108280333,3.9798297467655317,0.0,0.0,0.014563733419187486,0.02622351074218443
1302,47.86808904080221,96,256,2,1,0,10,47.86808904080221,0,0.07987911111111111,47.94796815191332,47.94796815191332,47.95239037413555,47.9652172450259,47.991236165924335,50.47054668838528,0.12314712512212367,2.6024576475830656,0.0,0.0,0.012826870890350506,0.02601892089843716
1303,48.03126834205948,96,4352,95,0,1,5,48.03126834205948,256,1.1588337777777777,49.190102119837256,49.190102119837256,49.217279897615036,49.217478585732515,49.244529529742934,51.74790228364918,1.2132611876834574,3.7166339415897056,0.0,0.0,0.00019868811747869586,0.027050944010419187
1304,48.07408889364143,160,2432,70,4,1,8,48.07408889364143,2048,0.12196266666666666,48.1960515603081,48.1960515603081,48.212562671419214,48.22713810232112,48.253296468206536,52.4139580893003,0.17920757456510472,4.339869195658871,0.0,0.0,0.014575430901906827,0.02615836588541498
1305,48.074215842097274,96,1664,0,3,1,11,48.074215842097274,1536,0.04854755555555555,48.12276339765283,48.12276339765283,48.135007842097274,48.15914968580274,48.18495058912305,50.640637632231325,0.11073474702577357,2.5664217901340507,0.0,0.0,0.024141843705464794,0.025800903320309487
1306,48.12931423591378,96,3200,2,1,1,10,48.12931423591378,3072,0.05315555555555555,48.18246979146934,48.18246979146934,48.20324756924712,48.225428426666525,48.251559969635274,50.73239681859361,0.12224573372149194,2.603082582679825,0.0,0.0,0.02218085741940712,0.026131542968748533
1307,48.13306663762616,128,2176,5,7,1,4,48.13306663762616,256,0.5478613333333333,48.68092797095949,48.68092797095949,48.69601685984838,48.70837338326075,48.73432394478419,52.03781924914616,0.6012573071580292,3.904752611520003,0.0,0.0,0.0123565234123717,0.025950561523437443
1308,48.164217606144106,64,2240,130,6,1,14,48.164217606144106,256,0.5658311111111111,48.730048717255215,48.730048717255215,48.74549316169966,48.75740676686944,48.78348059499444,50.42611085913134,0.6192629888503305,2.2618932529872353,0.0,0.0,0.011913605169773689,0.02607382812499992
1309,48.334507314567865,96,1664,4,10,1,13,48.334507314567865,1536,0.04854755555555555,48.38305487012342,48.38305487012342,48.395299314567865,48.41963369232112,48.445953223571124,50.949690877030946,0.11144590900325824,2.6151835624630806,0.0,0.0,0.024334377753255865,0.02631953125000308
1310,48.395917514300294,64,2176,1,14,1,12,48.395917514300294,2048,0.050083555555555555,48.446001069855846,48.446001069855846,48.461089958744736,48.478966362767316,48.50498272018919,50.14759738490274,0.10906520588889634,1.7516798706024446,0.0,0.0,0.01787640402258006,0.026016357421873693
1311,48.43889941037027,128,1344,93,13,1,5,48.43889941037027,256,0.3142542222222222,48.75315363259249,48.75315363259249,48.76362029925916,48.77799207194316,48.80411853678691,52.11813659505514,0.36521912641664045,3.6792371846848724,0.0,0.0,0.014371772684000916,0.02612646484374892
1312,48.444276509319096,160,5248,11,3,1,1,48.444276509319096,256,1.4104106666666667,49.85468717598576,49.85468717598576,49.886842731541314,49.90716644082507,49.93334063516101,54.164842751046436,1.4890641258419137,5.72056624172734,0.0,0.0,0.020323709283758262,0.026174194335936818
1313,48.485622853157096,64,4864,23,2,1,5,48.485622853157096,256,1.302592,49.78821485315709,49.78821485315709,49.818237075379315,49.82899817330693,49.85608130318974,51.525653446744435,1.3704584500326433,3.040030593587339,0.0,0.0,0.01076109792761315,0.027083129882811363
1314,48.54269748946696,160,2048,29,8,0,14,48.54269748946696,0,0.5830328888888889,49.12573037835585,49.12573037835585,49.14010815613362,49.16320540276287,49.18910449130453,53.33728927126797,0.6464070018375736,4.79459178180101,0.0,0.0,0.023097246629248502,0.025899088541663673
1315,48.57102134995426,96,1664,16,4,1,2,48.57102134995426,1280,0.11965866666666666,48.690680016620924,48.690680016620924,48.702924461065365,48.72473917653988,48.750738444118,51.22427189138363,0.17971709416374182,2.6532505414293723,0.0,0.0,0.021814715474512525,0.025999267578121987
1316,48.61755112926144,128,1728,17,9,1,1,48.61755112926144,256,0.42207288888888894,49.039624018150334,49.039624018150334,49.05222401815033,49.05756623849971,49.0837243195544,52.43764656076534,0.466173190292956,3.820095431503894,0.0,0.0,0.005342220349376703,0.026158081054688864
1317,48.71769265319377,160,2176,1,12,1,14,48.71769265319377,2048,0.050083555555555555,48.767776208749325,48.767776208749325,48.782865097638215,48.78449000443952,48.81058766068952,53.02064703801466,0.09289500749574842,4.302954384820886,0.0,0.0,0.0016249068013038936,0.026097656250001933
1318,48.74067986971962,128,3200,2,10,1,1,48.74067986971962,3072,0.05315555555555555,48.79383542527518,48.79383542527518,48.81461320305296,48.840804786071125,48.86717132252946,52.208873079179384,0.1264914528098373,3.4681932094597627,0.0,0.0,0.02619158301816782,0.0263665364583332
1319,48.803626790402504,160,960,60,1,0,1,48.803626790402504,768,0.06421333333333333,48.86784012373584,48.86784012373584,48.87617345706917,48.878863485260275,48.90489473526028,53.05231246800766,0.10126794485777424,4.24868567760516,0.0,0.0,0.002690028191103977,0.026031250000002615
1320,48.92689148491555,64,2432,150,15,1,13,48.92689148491555,2176,0.0864071111111111,49.013298596026665,49.013298596026665,49.02980970713778,49.05009703572574,49.076313466389806,50.714568007405425,0.149421981474255,1.7876765224898747,0.0,0.0,0.020287328587961895,0.026216430664064205
1321,48.99854733261356,128,2176,1,14,1,12,48.99854733261356,2048,0.050083555555555555,49.048630888169114,49.048630888169114,49.063719777058004,49.07815492071003,49.10422352422565,52.40447239420334,0.10567619161209052,3.4059250615897767,0.0,0.0,0.014435143652022475,0.026068603515625455
1322,49.03383989098347,128,5248,3,11,1,2,49.03383989098347,5120,0.05929955555555556,49.09313944653903,49.09313944653903,49.12529500209458,49.14460665771673,49.17120773193548,52.53187483805524,0.1373678409520096,3.4980349470717655,0.0,0.0,0.019311655622146873,0.02660107421875324
1323,49.12007775147166,160,5248,7,12,1,7,49.12007775147166,4928,0.1126328888888889,49.23271064036055,49.23271064036055,49.264866195916106,49.28042896928327,49.30682701615827,53.52187478634055,0.18674926468661113,4.401797034868885,0.0,0.0,0.01556277336716505,0.026398046875002024
1324,49.13165903625841,64,2560,54,1,1,15,49.13165903625841,2048,0.15790222222222222,49.28956125848063,49.28956125848063,49.306783480702855,49.32298692276027,49.34920282445298,50.99309164281235,0.21754378819456832,1.8614326065539402,0.0,0.0,0.016203442057417305,0.0262159016927086
1325,49.15978649036162,96,2176,1,6,1,14,49.15978649036162,2048,0.050083555555555555,49.20987004591717,49.20987004591717,49.22495893480606,49.22681038015069,49.252889644473605,51.73637331960381,0.09310315411198644,2.5765868292421885,0.0,0.0,0.0018514453446272228,0.02607926432291663
1326,49.25496435423614,160,4096,0,13,0,3,49.25496435423614,0,1.1580657777777779,50.413030132013915,50.413030132013915,50.43878568756947,50.44067159668275,50.466863653974414,54.66497864188363,1.2118992997382776,5.410014287647492,0.0,0.0,0.0018859091132767958,0.026192057291666515
1327,49.27018488504636,64,5248,7,9,1,12,49.27018488504636,256,1.4104106666666667,50.680595551713026,50.680595551713026,50.71275110726858,50.73496817534867,50.761461502171585,52.43764656076534,1.491276617125223,3.1674616757189753,0.0,0.0,0.02221706808008861,0.02649332682291572
1328,49.296728003892326,96,2176,1,8,1,6,49.296728003892326,2048,0.050083555555555555,49.34681155944788,49.34681155944788,49.36190044833677,49.3704117829712,49.39635465406495,51.87721628678445,0.09962665017262395,2.5804882828921265,0.0,0.0,0.00851133463443432,0.025942871093747044
1329,49.317252224632064,160,1600,81,5,1,7,49.317252224632064,1088,0.15502222222222223,49.472274446854286,49.472274446854286,49.484163335743176,49.504229943813876,49.53037476803262,53.69742685834141,0.21312254340055858,4.380174633709345,0.0,0.0,0.020066608070699488,0.026144824218746976
1330,49.32037348198129,64,2432,98,14,1,2,49.32037348198129,256,0.6197404444444444,49.94011392642574,49.94011392642574,49.95662503753685,49.96490874557982,49.991027723444404,51.62675964308727,0.6706542414631116,2.3063861611059764,0.0,0.0,0.008283708042966964,0.02611897786458428
1331,49.404259614896205,160,2368,94,7,1,14,49.404259614896205,256,0.6017706666666667,50.00603028156287,50.00603028156287,50.02218583711843,50.032627899862305,50.05866077746647,54.20296229695121,0.6544011625702666,4.7987026820550085,0.0,0.0,0.010442062743877045,0.02603287760416606
1332,49.4846272704435,160,1664,0,0,1,3,49.4846272704435,1536,0.04854755555555555,49.533174825999055,49.533174825999055,49.545419270443496,49.56917894380543,49.59592503755543,53.76793949881845,0.11129776711193529,4.283312228374953,0.0,0.0,0.02375967336193696,0.026746093749999034
1333,49.50492478351179,160,2304,134,5,1,8,49.50492478351179,256,0.5838008888888889,50.08872567240068,50.08872567240068,50.104525672400676,50.10540408932169,50.131577266405024,54.30156114440447,0.6266524828932347,4.796636360892677,0.0,0.0,0.0008784169210116488,0.02617317708333644
1334,49.52181827852146,96,5248,11,4,1,3,49.52181827852146,256,1.4104106666666667,50.93222894518812,50.93222894518812,50.96438450074368,50.98652140310238,51.01291898611019,53.54457674164404,1.4911007075887355,4.022758463122585,0.0,0.0,0.022136902358703026,0.026397583007813807
1335,49.52285971397465,128,2176,1,15,1,8,49.52285971397465,2048,0.050083555555555555,49.5729432695302,49.5729432695302,49.58803215841909,49.60074461873355,49.6269384663898,52.92367220894933,0.1040787524151554,3.40081249497468,0.0,0.0,0.012712460314460827,0.02619384765625199
1336,49.5385444597876,64,1472,41,6,1,2,49.5385444597876,256,0.35019377777777777,49.88873823756538,49.88873823756538,49.89991601534315,49.90502994395277,49.931068587925985,51.57922083634488,0.39252412813838333,2.040676376557279,0.0,0.0,0.005113928609617346,0.02603864397321587
1337,49.594147321699225,128,5248,3,12,1,11,49.594147321699225,256,1.4104106666666667,51.00455798836589,51.00455798836589,51.036713543921444,51.05266630652285,51.07952140906191,54.43802888790305,1.4853740873626862,4.843881566203827,0.0,0.0,0.01595276260140821,0.026855102539059317
1338,49.60613856290209,64,2560,78,1,0,1,49.60613856290209,2368,0.06901333333333334,49.67515189623542,49.67515189623542,49.69237411845764,49.71627671768215,49.7425037684634,51.383441374257664,0.1363652055613116,1.7773028113555753,0.0,0.0,0.023902599224506105,0.02622705078125165
1339,49.6069753073284,64,1664,0,10,1,0,49.6069753073284,1536,0.04854755555555555,49.655522862883956,49.655522862883956,49.6677673073284,49.68632252695654,49.712695655211746,51.369340323645524,0.10572034788334861,1.7623650163171263,0.0,0.0,0.018555219628140662,0.026373128255208655
1340,49.63589496471399,160,3200,2,8,1,10,49.63589496471399,3072,0.05315555555555555,49.68905052026955,49.68905052026955,49.70982829804733,49.733656411877455,49.75972867750245,53.9088222912875,0.12383371278846056,4.272927326573509,0.0,0.0,0.023828113830127506,0.02607226562499676
1341,49.646430907998,96,2176,1,11,1,15,49.646430907998,2048,0.050083555555555555,49.696514463553555,49.696514463553555,49.711603352442445,49.73051001871932,49.75680445231307,52.26785428955264,0.11037354431506685,2.621423381554635,0.0,0.0,0.01890666627687665,0.026294433593747613
1342,49.698587342917214,64,1088,32,0,1,4,49.698587342917214,256,0.2423751111111111,49.94096245402832,49.94096245402832,49.950006898472765,49.96948607271168,49.99575853364918,51.64282855318043,0.29717119073196585,1.9442412102632147,0.0,0.0,0.019479174238917096,0.026272460937498465
1343,49.71188322394843,160,2688,34,1,1,0,49.71188322394843,256,0.6916195555555555,50.40350277950399,50.40350277950399,50.42143611283732,50.44452658747382,50.47054668838528,54.618827792482186,0.7586634644368431,4.906944568533753,0.0,0.0,0.02309047463649705,0.026020100911459565
1344,49.7909211173504,96,1600,12,15,1,1,49.7909211173504,1088,0.15502222222222223,49.94594333957262,49.94594333957262,49.95783222846151,49.964990224202296,49.990794789631984,52.45485482613683,0.19987367228158348,2.6639337087864305,0.0,0.0,0.007157995740783463,0.025804565429687898
1345,49.84562605845352,96,2368,118,8,1,0,49.84562605845352,256,0.6017706666666667,50.447396725120186,50.447396725120186,50.46355228067574,50.464339029064945,50.49053395093995,52.97345101443203,0.6449078924864295,3.127824955978511,0.0,0.0,0.0007867483892027849,0.026194921875003274
1346,49.862760284009745,64,3200,10,10,1,5,49.862760284009745,2816,0.12426666666666666,49.98702695067641,49.98702695067641,50.00780472845419,50.02921128021175,50.05561690242157,51.71091246720021,0.1928566184118239,1.8481521831904644,0.0,0.0,0.02140655175755768,0.0264056222098219
1347,49.87286901811081,64,2624,78,11,1,1,49.87286901811081,2240,0.12253866666666667,49.995407684777476,49.995407684777476,50.01298546255526,50.01977564371932,50.04607173746932,51.7117833841397,0.17320271935850684,1.838914366028888,0.0,0.0,0.006790181164063824,0.026296093749998306
1348,49.91040965865697,128,1664,0,2,1,10,49.91040965865697,1536,0.04854755555555555,49.958957214212525,49.958957214212525,49.971201658656966,49.99150427682255,50.0183356244788,53.375395797004856,0.10792596582183478,3.4649861383478893,0.0,0.0,0.020302618165587205,0.026831347656248283
1349,49.95393739714674,160,4800,55,3,1,10,49.95393739714674,256,1.284622222222222,51.238559619368964,51.238559619368964,51.26822628603563,51.27383685098133,51.30054437051258,55.55007126667144,1.3466069733658443,5.596133869524699,0.0,0.0,0.005610564945705221,0.026707519531250057
1350,50.03396499884706,128,1664,0,14,1,2,50.03396499884706,1536,0.04854755555555555,50.08251255440262,50.08251255440262,50.09475699884706,50.09550851771524,50.12155270716836,53.42202806698515,0.08758770832130125,3.388063068138088,0.0,0.0,0.000751518868177925,0.026044189453124034
1351,50.092095223580344,96,1664,4,0,1,10,50.092095223580344,1536,0.04854755555555555,50.1406427791359,50.1406427791359,50.15288722358034,50.15340355318043,50.17958675630543,52.66583476249033,0.08749153272508892,2.573739538909983,0.0,0.0,0.0005163296000887385,0.026183203125000887
1352,50.105616625064904,96,4608,39,2,1,12,50.105616625064904,256,1.230712888888889,51.33632951395379,51.33632951395379,51.36492951395379,51.36628137643193,51.392842167447554,53.91237943958297,1.2872255423826502,3.8067628145180663,0.0,0.0,0.0013518624781383437,0.02656079101562625
1353,50.157062553486995,160,2176,1,6,1,11,50.157062553486995,2048,0.050083555555555555,50.20714610904255,50.20714610904255,50.22223499793144,50.24359865210009,50.26967035968938,54.42844971236794,0.11260780620238364,4.271387158880948,0.0,0.0,0.0213636541686526,0.02607170758928845
1354,50.297763384682185,160,1664,4,14,1,0,50.297763384682185,1536,0.04854755555555555,50.34631094023774,50.34631094023774,50.358555384682184,50.381875705215236,50.4078538546293,54.54729858157934,0.11009046994711724,4.249535196897156,0.0,0.0,0.023320320533052552,0.0259781494140654
1355,50.30489387951748,96,1664,4,5,1,14,50.30489387951748,1536,0.04854755555555555,50.35344143507304,50.35344143507304,50.36568587951748,50.36715783281127,50.39324450273315,52.88480756076886,0.08835062321566767,2.5799136812513837,0.0,0.0,0.00147195329379457,0.026086669921873806
1356,50.317715244871984,160,5248,3,6,1,12,50.317715244871984,5120,0.05929955555555556,50.37701480042754,50.37701480042754,50.40917035598309,50.42611085913134,50.45239134183223,54.61298445357888,0.13467609696024851,4.295269208706898,0.0,0.0,0.016940503148248354,0.026280482700890673
1357,50.32875335216126,160,2432,86,0,1,11,50.32875335216126,2112,0.10418488888888888,50.432938241050145,50.432938241050145,50.44944935216126,50.46763421724293,50.49373890474293,54.66342001639658,0.16498555258167613,4.334666664235321,0.0,0.0,0.01818486508167183,0.026104687500001944
1358,50.3890104811842,128,1664,4,11,1,5,50.3890104811842,1536,0.04854755555555555,50.43755803673976,50.43755803673976,50.4498024811842,50.46851436442244,50.49483955973494,53.8419381751088,0.10582907855074097,3.4529276939246003,0.0,0.0,0.01871188323823958,0.026325195312502103
1359,50.40939729678077,128,1664,8,10,1,4,50.40939729678077,256,0.40410311111111114,50.81350040789188,50.81350040789188,50.82574485233632,50.84491199868273,50.87110598584791,54.22990188777313,0.46170868906714446,3.820504590992364,0.0,0.0,0.019167146346411812,0.026193987165179067
1360,50.41167981022652,160,5248,11,15,1,4,50.41167981022652,4672,0.18374400000000002,50.595423810226514,50.595423810226514,50.62757936578207,50.63606761678042,50.662233925374174,54.81584058227523,0.2505541151476578,4.404160772048712,0.0,0.0,0.008488250998354374,0.026166308593751353
1361,50.46137272341209,128,2432,74,7,1,10,50.46137272341209,256,0.6197404444444444,51.081113167856536,51.081113167856536,51.09762427896765,51.100376272258146,51.12646282010971,54.43876560098767,0.6650900966976181,3.977392877575582,0.0,0.0,0.002751993290495136,0.026086547851562614
1362,50.477023287780554,96,1984,21,1,1,14,50.477023287780554,1408,0.17395200000000002,50.650975287780554,50.650975287780554,50.66499751000278,50.680083016510274,50.70623967341132,53.18377070368475,0.22921638563076385,2.7067474159041964,0.0,0.0,0.015085506507496405,0.026156656901044073
1363,50.47724407176475,96,1152,73,13,0,,50.47724407176475,256,0.2603448888888889,50.73758896065364,50.73758896065364,50.74698896065364,50.756222052411914,50.78230929199525,53.283117373049926,0.305065220230496,2.8058733012851746,0.0,0.0,0.009233091758275691,0.026087239583333144
1364,50.47861833567635,160,1664,0,8,1,14,50.47861833567635,1536,0.04854755555555555,50.52716589123191,50.52716589123191,50.53941033567635,50.542925259533696,50.569057665132654,54.70686672488126,0.09043932945630218,4.228248389204907,0.0,0.0,0.003514923857345309,0.026132405598957575
1365,50.52610218028978,96,2176,13,6,1,14,50.52610218028978,256,0.5478613333333333,51.07396351362311,51.07396351362311,51.089052402512,51.1084767538486,51.13465749929131,53.61761965749443,0.6085553190015247,3.091517477204647,0.0,0.0,0.019424351336596146,0.026180745442708542
1366,50.526325084930164,160,4544,63,5,0,5,50.526325084930164,4352,0.07496533333333334,50.601290418263495,50.601290418263495,50.62953486270794,50.65413805742065,50.68045544023315,54.85353670941562,0.15413035530298913,4.327211624485457,0.0,0.0,0.024603194712710774,0.02631738281250051
1367,50.563800609639664,160,5248,3,11,1,6,50.563800609639664,5120,0.05929955555555556,50.62310016519522,50.62310016519522,50.65525572075077,50.67912959879744,50.705664266766185,54.9016459876088,0.14186365712652105,4.337845377969138,0.0,0.0,0.023873878046664743,0.026534667968746817
1368,50.60188455964846,128,1600,33,14,1,6,50.60188455964846,256,0.3861333333333334,50.988017892981794,50.988017892981794,50.999906781870685,51.00548605677774,51.03143420130899,54.33795922611059,0.4295496416605289,3.7360746664621303,0.0,0.0,0.005579274907056231,0.02594814453124883
1369,50.622586615589036,128,4288,75,0,1,8,50.622586615589036,256,1.140864,51.763450615589036,51.763450615589036,51.79027283781126,51.799840597451265,51.826091451943455,55.1659831511622,1.2035048363544192,4.543396535573166,0.0,0.0,0.009567759640006557,0.02625085449219
1370,50.63247672042094,96,3200,10,8,1,10,50.63247672042094,256,0.8353777777777779,51.46785449819872,51.46785449819872,51.4886322759765,51.51014946200766,51.53635879515498,54.01225734988125,0.9038820747340424,3.3797806294603134,0.0,0.0,0.021517186031161373,0.02620933314732099
1371,50.84093878146047,128,2048,89,5,0,,50.84093878146047,0,0.5830328888888889,51.42397167034936,51.42397167034936,51.438349448127134,51.4438719441394,51.47014863684774,54.800823525821876,0.6292098553872663,3.9598847443614034,0.0,0.0,0.005522496012268618,0.026276692708336213
1372,50.853077341924006,128,704,152,15,1,3,50.853077341924006,256,0.13455644444444445,50.98763378636845,50.98763378636845,50.99454489747956,51.0023001851398,51.0282972554523,54.33602515258773,0.17521991352829502,3.482947810663724,0.0,0.0,0.007755287660245358,0.025997070312499204
1373,50.95125185029615,96,4096,1,9,0,6,50.95125185029615,0,1.1580657777777779,52.10931762807393,52.10931762807393,52.13507318362949,52.142492426650755,52.16932217925492,54.69630329904659,1.2180703289587669,3.745051448750438,0.0,0.0,0.007419243021267619,0.02682975260416498
1374,50.95241008821819,128,3200,2,13,1,8,50.95241008821819,3072,0.05315555555555555,51.00556564377374,51.00556564377374,51.02634342155152,51.043208543297325,51.069418626305136,54.42649747558898,0.11700853808694944,3.474087387370794,0.0,0.0,0.016865121745802014,0.026210083007811136
1375,50.985065871702496,64,1664,0,11,1,8,50.985065871702496,1536,0.04854755555555555,51.033613427258054,51.033613427258054,51.045857871702495,51.050659383953686,51.07709674444476,52.74110384196148,0.09203087274226363,1.756037970258987,0.0,0.0,0.004801512251191298,0.026437360491073036
1376,50.99446053839778,64,4864,19,1,1,2,50.99446053839778,256,1.302592,52.29705253839778,52.29705253839778,52.32707476062,52.34364075576808,52.36995496475245,54.022984042482186,1.3754944263546705,3.0285235040844043,0.0,0.0,0.01656599514807766,0.026314208984373977
1377,51.0301362254544,128,512,49,14,0,7,51.0301362254544,0,0.15175822222222224,51.18189444767662,51.18189444767662,51.18773889212106,51.21308488490274,51.23891992722045,54.54729858157934,0.20878370176605188,3.517162356124942,0.0,0.0,0.025345992781680593,0.025835042317709167
1378,51.03855454109256,64,896,68,4,1,9,51.03855454109256,256,0.1884657777777778,51.22702031887034,51.22702031887034,51.23499809664811,51.25117716482113,51.27759350596696,52.94673738617529,0.23903896487440335,1.9081828450827345,0.0,0.0,0.01617906817301673,0.02641634114583269
1379,51.05593530070903,160,896,84,15,1,10,51.05593530070903,256,0.1884657777777778,51.24440107848681,51.24440107848681,51.252378856264585,51.26229286092106,51.28820073852523,55.45301317342106,0.23226543781619569,4.397077872712032,0.0,0.0,0.009914004656472741,0.025907877604169016
1380,51.056234493172646,96,4928,27,10,1,0,51.056234493172646,256,1.3205617777777776,52.37679627095042,52.37679627095042,52.4071740487282,52.41558987605438,52.44221389949188,54.98424783503875,1.3859794063192368,3.928013341866105,0.0,0.0,0.008415827326182068,0.026624023437499034
1381,51.07995911701796,64,1536,41,12,1,6,51.07995911701796,256,0.3681635555555556,51.44812267257351,51.44812267257351,51.459656005906844,51.48240654089785,51.5090468729291,53.17856786669769,0.4290877559111408,2.098608749679734,0.0,0.0,0.022750534991004656,0.02664033203124916
1382,51.09314240571091,160,768,112,13,1,11,51.09314240571091,256,0.15252622222222223,51.24566862793313,51.24566862793313,51.252935294599794,51.279116868492636,51.305163450523885,55.50786086844613,0.21202104481297823,4.414718462735223,0.0,0.0,0.026181573892841925,0.026046582031248988
1383,51.15372359407556,96,1664,33,11,1,14,51.15372359407556,1280,0.11965866666666666,51.273382260742224,51.273382260742224,51.285626705186665,51.28880179931827,51.31523448626024,53.8156627844838,0.16151089218467973,2.6619391904082406,0.0,0.0,0.0031750941316062153,0.02643268694196621
1384,51.23074748303915,96,1664,0,6,1,11,51.23074748303915,1536,0.04854755555555555,51.27929503859471,51.27929503859471,51.29153948303915,51.291752225853806,51.3178832944922,53.80035807825336,0.08713581145304516,2.5696105952142076,0.0,0.0,0.00021274281465366585,0.026131068638392208
1385,51.26338175509663,160,1664,0,7,1,6,51.26338175509663,1536,0.04854755555555555,51.31192931065219,51.31192931065219,51.32417375509663,51.335172781047206,51.36120803495346,55.51576199119414,0.09782627985682524,4.252380236097508,0.0,0.0,0.010999025950575003,0.026035253906250944
1386,51.35401606408206,160,2176,1,14,1,6,51.35401606408206,2048,0.050083555555555555,51.40409961963761,51.40409961963761,51.4191885085265,51.41977889531941,51.44564977980602,55.59138702558976,0.09163371572395818,4.2373709615077,0.0,0.0,0.0005903867929077933,0.025870884486607792
1387,51.375726769264354,128,4096,71,4,0,4,51.375726769264354,0,1.1580657777777779,52.53379254704213,52.53379254704213,52.55954810259769,52.57310896820655,52.599793538519044,55.97105719063028,1.2240667692546907,4.595330421365929,0.0,0.0,0.013560865608859274,0.026684570312497158
1388,51.395081448575084,160,1216,109,15,1,0,51.395081448575084,256,0.27831466666666665,51.67339611524175,51.67339611524175,51.68315167079731,51.702793186441895,51.728663303629396,55.90184754842107,0.33358185505431237,4.506766099845983,0.0,0.0,0.019641515644586605,0.025870117187501762
1389,51.4647916527291,160,5248,3,13,1,11,51.4647916527291,5120,0.05929955555555556,51.52409120828465,51.52409120828465,51.55624676384021,51.56565612630514,51.59195983724264,55.79890969657113,0.12716818451354328,4.334118043842032,0.0,0.0,0.009409362464936066,0.026303710937497726
1390,51.48167227107768,96,960,56,3,1,12,51.48167227107768,640,0.09976888888888888,51.581441159966566,51.581441159966566,51.5897744932999,51.59435931191883,51.62076153359852,54.164842751046436,0.13908926252084086,2.6831704799687586,0.0,0.0,0.004584818618930342,0.026402221679688864
1391,51.55350369479541,128,2624,54,2,1,1,51.55350369479541,256,0.6736497777777778,52.227153472573185,52.227153472573185,52.244731250350966,52.263342574348606,52.28981002226527,55.65960388619755,0.7363063274698618,4.106100191402142,0.0,0.0,0.018611323997639317,0.026467447916665776
1392,51.57483230651367,96,2176,1,6,1,14,51.57483230651367,2048,0.050083555555555555,51.62491586206922,51.62491586206922,51.64000475095811,51.65782484025113,51.68400717842077,54.16664356002419,0.10917487190710062,2.591811253510521,0.0,0.0,0.017820089293017816,0.026182338169640218
1393,51.620500884473174,160,1664,8,7,1,10,51.620500884473174,1536,0.04854755555555555,51.66904844002873,51.66904844002873,51.68129288447317,51.699710769328455,51.725714594198244,55.88386306541288,0.10521370972507071,4.263362180939708,0.0,0.0,0.01841788485528184,0.026003824869789582
1394,51.65988344892694,128,1600,53,5,1,10,51.65988344892694,1280,0.10168888888888888,51.76157233781583,51.76157233781583,51.77346122670472,51.785507035285235,51.81171839131202,55.14025375043125,0.15183494238507933,3.4803703015043084,0.0,0.0,0.012045808580516848,0.026211356026784927
1395,51.700016588332446,64,1344,89,8,0,,51.700016588332446,256,0.3142542222222222,52.01427081055467,52.01427081055467,52.024737477221336,52.0347148219407,52.060867084310495,53.70127997357917,0.36085049597804897,2.001263385246723,0.0,0.0,0.009977344719366954,0.0261522623697914
1396,51.70392302476333,64,3200,2,11,1,13,51.70392302476333,3072,0.05315555555555555,51.75707858031888,51.75707858031888,51.77785635809666,51.791170347030324,51.81764781633836,53.47489974039898,0.11372479157503079,1.7709767156356548,0.0,0.0,0.013313988933660426,0.026477469308034074
1397,51.72122225996929,64,1408,89,12,1,8,51.72122225996929,256,0.332224,52.053446259969284,52.053446259969284,52.06426848219151,52.069792429569716,52.09634565222596,53.756915557824925,0.37512339225667546,2.0356932978556372,0.0,0.0,0.0055239473782080495,0.026553222656247044
1398,51.7217137737208,96,5248,15,14,1,2,51.7217137737208,4160,0.3259662222222222,52.04767999594302,52.04767999594302,52.079835551498576,52.091548705587265,52.11762299409173,54.60001700605851,0.3959092203709318,2.878303232337707,0.0,0.0,0.011713154088688782,0.026074288504467802
1399,51.73358641960203,160,4352,107,13,1,8,51.73358641960203,256,1.1588337777777777,52.892420197379806,52.892420197379806,52.919597975157586,52.937786888023886,52.96434784179993,57.156787510001195,1.2307614221979009,5.423201090399168,0.0,0.0,0.0181889128663002,0.026560953776041174
1400,51.752576744340885,96,2240,142,15,1,2,51.752576744340885,256,0.5658311111111111,52.318407855451994,52.318407855451994,52.33385229989644,52.35081646118147,52.37682531999844,54.86878748982731,0.6242485756575533,3.116210745486427,0.0,0.0,0.01696416128503131,0.02600885881696513
1401,51.88474363530239,96,5248,15,3,1,14,51.88474363530239,256,1.4104106666666667,53.295154301969056,53.295154301969056,53.32730985752461,53.3324137145881,53.359431170642786,55.89388571979643,1.4746875353403937,4.009142084494037,0.0,0.0,0.005103857063488704,0.027017456054686306
1402,51.90867091436249,128,1664,0,7,0,7,51.90867091436249,1536,0.04854755555555555,51.95721846991805,51.95721846991805,51.96946291436249,51.985826736125325,52.01182274849512,55.3320965859207,0.10315183413263185,3.4234256715582134,0.0,0.0,0.01636382176283746,0.025996012369795096
1403,51.91924735954075,64,1664,0,6,1,7,51.91924735954075,1536,0.04854755555555555,51.967794915096306,51.967794915096306,51.98003935954075,51.99835736908297,52.02450294664993,53.669779813744434,0.10525558710918403,1.750532454203686,0.0,0.0,0.01831800954222018,0.026145577566964562
1404,51.93187084735633,96,3200,2,11,0,11,51.93187084735633,3072,0.05315555555555555,51.985026402911885,51.985026402911885,52.005804180689665,52.02948514892764,52.055977092287016,54.55680565557755,0.12410624493068667,2.6249348082212194,0.0,0.0,0.02368096823797572,0.02649194335937466
1405,51.9960521311467,160,2240,102,5,1,2,51.9960521311467,256,0.5658311111111111,52.56188324225781,52.56188324225781,52.577327686702255,52.59716093688494,52.623308188559044,56.782969814884375,0.627256057412346,4.786917683737677,0.0,0.0,0.019833250182685447,0.0261472516741037
1406,52.013386588248025,96,1664,0,6,0,6,52.013386588248025,1536,0.04854755555555555,52.06193414380358,52.06193414380358,52.074178588248024,52.07689551314919,52.10308043223401,54.586384844203884,0.08969384398598379,2.5729982559558593,0.0,0.0,0.00271692490116493,0.02618491908481957
1407,52.03086786405815,128,3200,6,7,1,0,52.03086786405815,256,0.8353777777777779,52.86624564183593,52.86624564183593,52.88702341961371,52.89513282336491,52.92121615669824,56.252059563738776,0.8903482926400912,4.221191699680624,0.0,0.0,0.00810940375119884,0.026083333333332348
1408,52.07063517191053,128,1664,12,0,1,15,52.07063517191053,256,0.40410311111111114,52.474738283021644,52.474738283021644,52.486982727466085,52.50878505545908,52.53495878592783,55.869087692177835,0.46432361401729594,3.798452520267304,0.0,0.0,0.021802327992993753,0.0261737304687486
1409,52.1542730035068,64,1664,0,11,1,6,52.1542730035068,1536,0.04854755555555555,52.20282055906236,52.20282055906236,52.2150650035068,52.24143436767764,52.26785428955264,53.92100780401505,0.11358128604583584,1.766734800508246,0.0,0.0,0.026369364170840015,0.026419921874996533
1410,52.18761642282112,160,832,104,8,1,5,52.18761642282112,256,0.170496,52.35811242282112,52.35811242282112,52.36573464504335,52.374732318685496,52.40078344870782,56.513582882340344,0.21316702588669756,4.325966459519222,0.0,0.0,0.008997673642149095,0.026051130022324287
1411,52.2693590222717,96,4096,0,2,0,11,52.2693590222717,0,1.1580657777777779,53.42742480004948,53.42742480004948,53.453180355605035,53.455780562629855,53.48264449492152,56.00267883736942,1.2132854726498223,3.7333198150977225,0.0,0.0,0.0026002070248196674,0.02686393229166839
1412,52.27265881632639,160,896,108,6,1,11,52.27265881632639,256,0.1884657777777778,52.46112459410417,52.46112459410417,52.469102371881945,52.46972056895276,52.495818469343384,56.66462878137836,0.22315965301699237,4.39196996505197,0.0,0.0,0.0006181970708141193,0.026097900390624318
1413,52.297654681421754,128,2752,34,14,1,1,52.297654681421754,256,0.7095893333333334,53.00724401475509,53.00724401475509,53.02553290364398,53.03035130045334,53.056472742975664,56.37153839277726,0.7588180615539102,4.073883711355506,0.0,0.0,0.0048183968093624685,0.0261214425223244
1414,52.30913056958353,160,2496,98,9,1,14,52.30913056958353,256,0.6377102222222223,52.946840791805755,52.946840791805755,52.96370745847242,52.97784675607784,53.00446369943721,57.2144966258695,0.6953331298536796,4.9053660562859704,0.0,0.0,0.014139297605417767,0.026616943359371703
1415,52.31073444211169,128,256,23,12,0,2,52.31073444211169,0,0.07987911111111111,52.3906135532228,52.3906135532228,52.395035775445024,52.41502241003847,52.44134288529889,55.75723567501241,0.13060844318719944,3.4465012329007223,0.0,0.0,0.019986634593443853,0.026320475260419585
1416,52.33137078629029,96,256,15,11,0,3,52.33137078629029,0,0.07987911111111111,52.411249897401404,52.411249897401404,52.41567211962363,52.426617351076075,52.45293099039899,54.95434178839005,0.12156020410869672,2.62297100209976,0.0,0.0,0.01094523145244608,0.02631363932291464
1417,52.352932154197795,160,2048,21,1,0,1,52.352932154197795,1856,0.06747733333333333,52.42040948753113,52.42040948753113,52.434787265308906,52.44890052139308,52.47515345108058,56.620123821128026,0.12222129688278471,4.2671916669302306,0.0,0.0,0.014113256084172576,0.02625292968750159
1418,52.40361616920051,64,4992,23,15,1,2,52.40361616920051,256,1.3385315555555557,53.742147724756066,53.742147724756066,53.772881058089396,53.78308695504308,53.80936918160558,55.479615126546065,1.4057530124050714,3.075998957345554,0.0,0.0,0.010205896953685567,0.026282226562500455
1419,52.48405521189551,96,1664,0,8,1,11,52.48405521189551,1536,0.04854755555555555,52.53260276745107,52.53260276745107,52.54484721189551,52.557100482748,52.583124774740185,55.04110347153305,0.09906956284467583,2.55704825963754,0.0,0.0,0.012253270852490061,0.026024291992186477
1420,52.57861020782663,96,4928,19,10,1,1,52.57861020782663,256,1.3205617777777776,53.899171985604404,53.899171985604404,53.929549763382184,53.93393850886688,53.96084182917938,56.508987011471035,1.3822316213527515,3.930376803644407,0.0,0.0,0.004388745484696699,0.02690332031249909
1421,52.58273386345302,64,1600,49,6,1,7,52.58273386345302,256,0.3861333333333334,52.968867196786356,52.968867196786356,52.980756085675246,52.99177135020276,53.01784274777221,54.6654914522768,0.4351088843191846,2.0827575888237746,0.0,0.0,0.011015264527515,0.026071397569445764
1422,52.58695352310457,64,3200,6,12,1,7,52.58695352310457,3008,0.07093333333333333,52.657886856437905,52.657886856437905,52.678664634215686,52.7045744933718,52.73093414738966,54.38580110469992,0.14398062428509206,1.7988475815953535,0.0,0.0,0.025909859156115544,0.02635965401785967
1423,52.60019665254417,64,3200,14,11,1,8,52.60019665254417,256,0.8353777777777779,53.43557443032195,53.43557443032195,53.45635220809973,53.47489974039898,53.50110935256416,55.169851554015054,0.9009127000199868,2.5696549014708836,0.0,0.0,0.018547532299251657,0.026209612165175145
1424,52.62544601453078,128,2048,1,0,0,6,52.62544601453078,0,0.5830328888888889,53.20847890341967,53.20847890341967,53.22285668119744,53.24357914725595,53.2697925261622,56.59916679374034,0.6443465116314187,3.9737207792095575,0.0,0.0,0.02072246605850836,0.026213378906248863
1425,52.72142382889849,64,960,108,1,1,6,52.72142382889849,256,0.20643555555555557,52.927859384454045,52.927859384454045,52.93619271778738,52.94778968154933,52.973919645742036,54.618827792482186,0.25249581684354894,1.8974039635836988,0.0,0.0,0.01159696376195285,0.0261299641927053
1426,52.752276807787965,64,2176,5,5,1,7,52.752276807787965,1280,0.26341688888888887,53.015693696676855,53.015693696676855,53.030782585565746,53.04202386936261,53.06820802114832,54.72190433636875,0.3159312133603578,1.9696275285807872,0.0,0.0,0.0112412837968634,0.02618415178571354
1427,52.79442801354856,128,1664,0,8,0,8,52.79442801354856,1536,0.04854755555555555,52.84297556910412,52.84297556910412,52.85522001354856,52.86942421321675,52.895430181098696,56.1756283738768,0.10100216755013491,3.3812003603282363,0.0,0.0,0.01420419966819253,0.026005967881943093
1428,52.85201289327203,64,1664,8,12,1,7,52.85201289327203,1536,0.04854755555555555,52.90056044882759,52.90056044882759,52.91280489327203,52.91546539738966,52.94176007512404,54.5917032043093,0.08974718185200459,1.7396903110372648,0.0,0.0,0.002660504117628193,0.026294677734377103
1429,52.936623884090736,160,1728,33,4,1,11,52.936623884090736,256,0.42207288888888894,53.35869677297963,53.35869677297963,53.371296772979626,53.38363972992529,53.410461344508626,57.60551141193793,0.4738374604178901,4.668887527847197,0.0,0.0,0.012342956945666117,0.026821614583333542
1430,52.94748118969092,160,3200,2,7,1,11,52.94748118969092,3072,0.05315555555555555,53.000636745246474,53.000636745246474,53.021414523024255,53.02555437284408,53.05170825119229,57.22216668799473,0.10422706150136918,4.2746854983038105,0.0,0.0,0.004139849819821961,0.026153878348210924
1431,52.986898127457266,64,3200,6,13,1,12,52.986898127457266,2176,0.30204444444444445,53.288942571901714,53.288942571901714,53.309720349679495,53.30987625976868,53.33660282226868,55.008269413368005,0.34970469481141464,2.021371285910739,0.0,0.0,0.00015591008918391935,0.02672656250000216
1432,52.99232835928608,96,3200,10,1,1,8,52.99232835928608,3072,0.05315555555555555,53.04548391484163,53.04548391484163,53.06626169261941,53.07856139378892,53.104862988841,55.57740962841969,0.1125346295549221,2.5850812691336102,0.0,0.0,0.012299701169503408,0.026301595052082405
1433,53.06198915607123,64,1664,12,12,1,0,53.06198915607123,256,0.40410311111111114,53.46609226718234,53.46609226718234,53.47833671162678,53.49554345263519,53.52187478634055,55.15597322384054,0.4598856302693193,2.0939840677693127,0.0,0.0,0.017206741008408244,0.02633133370535745
1434,53.09394321966454,160,5056,23,6,1,15,53.09394321966454,256,1.3565013333333333,54.45044455299787,54.45044455299787,54.48153344188676,54.50703308639138,54.53348318404763,58.72009413084823,1.4395399643830942,5.626150911183693,0.0,0.0,0.025499644504620278,0.026450097656251614
1435,53.10767477927126,128,2048,154,9,0,15,53.10767477927126,0,0.5830328888888889,53.690707668160144,53.690707668160144,53.70508544593792,53.72330574045284,53.749726150609085,57.106620649307004,0.6420513713378284,3.9989458700357474,0.0,0.0,0.018220294514918578,0.02642041015624841
1436,53.118067652913474,128,2176,5,8,1,5,53.118067652913474,1856,0.10341688888888889,53.22148454180236,53.22148454180236,53.23657343069125,53.25929659548672,53.285293665799216,56.565936397965345,0.16722601288574168,3.4478687450518706,0.0,0.0,0.022723164795465323,0.025997070312499204
1437,53.15281297077757,128,4480,43,7,1,9,53.15281297077757,256,1.1947733333333332,54.3475863041109,54.3475863041109,54.37547519299979,54.386135229893924,54.41245017130017,57.74633971045566,1.2596372005226044,4.59352673967809,0.0,0.0,0.010660036894137193,0.026314941406248238
1438,53.21492367195763,128,1664,4,14,1,11,53.21492367195763,1536,0.04854755555555555,53.263471227513186,53.263471227513186,53.27571567195763,53.291587698332805,53.31767479550077,56.63293315189184,0.10275112354314331,3.418009479934213,0.0,0.0,0.015872026375177484,0.026087097167966533
1439,53.24166336409915,64,3200,2,5,1,7,53.24166336409915,3072,0.05315555555555555,53.29481891965471,53.29481891965471,53.31559669743249,53.33007639447422,53.35631253949375,55.010278652775,0.11464917539459663,1.7686152886758464,0.0,0.0,0.014479697041728912,0.02623614501953142
1440,53.2446781090789,96,768,148,1,1,10,53.2446781090789,256,0.15252622222222223,53.39720433130112,53.39720433130112,53.404470997967785,53.421038477122245,53.44723891657537,55.912116781739996,0.2025608074964751,2.667438672661099,0.0,0.0,0.01656747915446033,0.026200439453127444
1441,53.25868921789459,96,4736,47,0,1,7,53.25868921789459,256,1.2666524444444445,54.52534166233904,54.52534166233904,54.55465277345015,54.55734013358408,54.58385937186533,57.06599345389659,1.3251701539707383,3.807304236001997,0.0,0.0,0.00268736013392612,0.02651923828125291
1442,53.27646837728159,128,2176,1,8,1,6,53.27646837728159,2048,0.050083555555555555,53.32655193283714,53.32655193283714,53.34164082172603,53.36327785769375,53.38927509076667,56.671111202652845,0.11280671348507809,3.394642825371257,0.0,0.0,0.021637035967721374,0.025997233072914128
1443,53.336889835392306,160,3200,2,14,1,5,53.336889835392306,3072,0.05315555555555555,53.39004539094786,53.39004539094786,53.41082316872564,53.42202806698515,53.44820354305937,57.609245326371,0.11131370766706539,4.272355490978697,0.0,0.0,0.01120489825950699,0.026175476074222104
1444,53.34135254634437,160,1152,32,13,1,0,53.34135254634437,704,0.13590044444444443,53.47725299078881,53.47725299078881,53.48665299078881,53.496972451174926,53.523535648719566,57.70099591308899,0.1821831023751983,4.359643366744621,0.0,0.0,0.010319460386114088,0.02656319754463965
1445,53.382690599342254,96,1856,37,5,1,4,53.382690599342254,256,0.45801244444444444,53.8407030437867,53.8407030437867,53.854014154897804,53.85522087340837,53.881472277216965,56.3653977934,0.4987816778747103,2.9827071940577454,0.0,0.0,0.001206718510566418,0.02625140380859392
1446,53.432136604647184,64,2816,22,3,1,15,53.432136604647184,2560,0.0875591111111111,53.519695715758296,53.519695715758296,53.53834016020274,53.5485670349006,53.57545912474435,55.25652756549956,0.14332252009716484,1.8243909608523765,0.0,0.0,0.010226874697856658,0.02689208984374858
1447,53.46004430701339,96,1216,32,4,1,13,53.46004430701339,896,0.10053688888888888,53.56058119590228,53.56058119590228,53.57033675145784,53.571008870550294,53.59716186534196,56.10257371081257,0.1371175583285691,2.6425294037991804,0.0,0.0,0.000672119092456569,0.026152994791665662
1448,53.46883522501787,160,1280,125,1,1,0,53.46883522501787,256,0.29628444444444446,53.765119669462315,53.765119669462315,53.77523078057342,53.787889063059744,53.81401315625171,57.959880518719174,0.34517793123384166,4.491045293701305,0.0,0.0,0.012658282486320616,0.02612409319196729
1449,53.49690209279581,64,3200,10,2,1,1,53.49690209279581,2112,0.31982222222222223,53.81672431501803,53.81672431501803,53.83750209279581,53.8587908165361,53.88558488391891,55.554093925260055,0.38868279112310233,2.057191832464248,0.0,0.0,0.021288723740291005,0.026794067382809317
1450,53.5010408395427,128,4672,39,11,1,2,53.5010408395427,256,1.2486826666666666,54.74972350620937,54.74972350620937,54.778679061764926,54.7949672766713,54.8216362219838,58.256907502908284,1.3205953824410983,4.75586666336558,0.0,0.0,0.016288214906374776,0.02666894531250108
1451,53.610722246036424,160,256,7,8,0,9,53.610722246036424,0,0.07987911111111111,53.690601357147536,53.690601357147536,53.69502357936976,53.70127997357917,53.72722105430834,57.8496966518716,0.11649880827191339,4.238974405835172,0.0,0.0,0.006256394209408711,0.025941080729168675
1452,53.67718175818392,128,2112,21,13,1,1,53.67718175818392,256,0.5298915555555556,54.20707331373948,54.20707331373948,54.22180664707281,54.24092655273742,54.267435219729606,57.59744480631816,0.5902534615456858,3.920263048134238,0.0,0.0,0.01911990566460986,0.02650866699218568
1453,53.77773478785068,96,1664,0,9,1,8,53.77773478785068,1536,0.04854755555555555,53.82628234340624,53.82628234340624,53.83852678785068,53.85541267404658,53.88168293771846,56.384237942601274,0.1039481498677759,2.606503154750591,0.0,0.0,0.016885886195900923,0.026270263671875682
1454,53.796904747303465,64,1280,24,14,1,8,53.796904747303465,256,0.29628444444444446,54.09318919174791,54.09318919174791,54.10330030285902,54.12893730770781,54.15506333852378,55.79915997480851,0.3581585912203167,2.002255227505046,0.0,0.0,0.025637004848789502,0.026126030815973422
1455,53.810614672114944,128,4288,83,12,1,5,53.810614672114944,256,1.140864,54.951478672114945,54.951478672114945,54.97830089433717,54.999750079309294,55.02578604936138,58.4430207498822,1.2151713772464348,4.632406077767257,0.0,0.0,0.021449184972127,0.026035970052085133
1456,53.83786329308566,96,960,28,8,1,11,53.83786329308566,256,0.20643555555555557,54.04429884864122,54.04429884864122,54.05263218197455,54.0637636975375,54.089481959256254,56.539685909684096,0.25161866617059303,2.7018226165984345,0.0,0.0,0.011131515562951222,0.025718261718751023
1457,53.8571328871148,128,256,0,3,0,9,53.8571328871148,0,0.07987911111111111,53.93701199822591,53.93701199822591,53.94143422044814,53.951999652088105,53.97860333047352,57.33069073281727,0.12147044335871726,3.473557845702466,0.0,0.0,0.010565431639967926,0.026603678385413332
1458,53.887377401676694,128,5248,15,4,1,3,53.887377401676694,4480,0.23707733333333336,54.124454735010026,54.124454735010026,54.15661029056558,54.17265128591488,54.199165079860194,57.55303519821025,0.3117876781834994,3.6656577965335586,0.0,0.0,0.016040995349300147,0.026513793945312614
1459,53.931009734568114,96,1664,0,1,1,9,53.931009734568114,1536,0.04854755555555555,53.97955729012367,53.97955729012367,53.991801734568114,53.996895480470464,54.022984042482186,56.48869254671396,0.09197430791407157,2.557682812145849,0.0,0.0,0.005093745902350122,0.02608856201172216
1460,54.01901398811484,96,4416,107,9,1,13,54.01901398811484,256,1.1768035555555554,55.1958175436704,55.1958175436704,55.22335087700373,55.24308259592159,55.26940351877315,57.80608605458044,1.2503895306583104,3.7870720664655977,0.0,0.0,0.01973171891786052,0.026320922851560624
1461,54.048984944589286,128,3200,2,2,1,14,54.048984944589286,3072,0.05315555555555555,54.10214050014484,54.10214050014484,54.12291827792262,54.12541524687464,54.152029626757454,57.49896533639286,0.10304468216816787,3.449980391803571,0.0,0.0,0.002496968952016232,0.026614379882815342
1462,54.092025662765415,96,5248,3,15,1,13,54.092025662765415,5120,0.05929955555555556,54.15132521832097,54.15132521832097,54.183480773876525,54.20366117379309,54.23013299298952,56.74830250447575,0.13810733022410204,2.656276841710337,0.0,0.0,0.020180399916561953,0.0264718191964306
1463,54.25919306939376,64,1664,0,10,1,1,54.25919306939376,1536,0.04854755555555555,54.30774062494932,54.30774062494932,54.31998506939376,54.33960696589813,54.36649612605438,56.04885395483041,0.10730305666061923,1.7896608854366534,0.0,0.0,0.019621896504368408,0.026889160156251535
1464,54.26626102476566,96,2176,1,2,1,8,54.26626102476566,2048,0.050083555555555555,54.316344580321214,54.316344580321214,54.331433469210104,54.33834395781214,54.364851086718396,56.86697766549442,0.09859006195273423,2.6007166407287556,0.0,0.0,0.006910488602038356,0.026507128906253286
1465,54.346292172632104,64,5248,11,8,1,15,54.346292172632104,256,1.4104106666666667,55.75670283929877,55.75670283929877,55.78885839485432,55.81200679184555,55.83797658816251,57.489087276871594,1.4916844155304076,3.1427951042394895,0.0,0.0,0.02314839699122473,0.025969796316964278
1466,54.384408435948764,128,2176,5,4,1,8,54.384408435948764,2048,0.050083555555555555,54.434491991504316,54.434491991504316,54.449580880393206,54.46432987478207,54.49075770681332,57.84215399006293,0.10634927086455548,3.457745554114169,0.0,0.0,0.014748994388860126,0.026427832031252763
1467,54.43962779376419,64,2240,122,5,1,3,54.43962779376419,256,0.5658311111111111,55.0054589048753,55.0054589048753,55.020903349319745,55.03624789105625,55.062248623478126,56.70479745160313,0.622620829713938,2.265169657838939,0.0,0.0,0.015344541736503459,0.026000732421877615
1468,54.5518593051911,96,1664,0,2,1,10,54.5518593051911,1536,0.04854755555555555,54.60040686074666,54.60040686074666,54.6126513051911,54.62994923124964,54.65634506458297,57.155597335090775,0.10448575939187066,2.6037380298996737,0.0,0.0,0.017297926058539304,0.026395833333332064
1469,54.57398120238765,64,3200,2,4,1,2,54.57398120238765,3072,0.05315555555555555,54.627136757943205,54.627136757943205,54.647914535720986,54.64933495290707,54.67578807790707,56.34065310534382,0.10180687551942214,1.766671902956169,0.0,0.0,0.0014204171860825454,0.026453125000003297
1470,54.63289768922164,64,3200,6,10,1,13,54.63289768922164,3072,0.05315555555555555,54.6860532447772,54.6860532447772,54.70683102255498,54.71609964167938,54.74291226374969,56.427120556392914,0.1100145745280443,1.7942228671712712,0.0,0.0,0.00926861912439847,0.026812622070309544
1471,54.64493662614705,128,1664,0,7,1,2,54.64493662614705,1536,0.04854755555555555,54.69348418170261,54.69348418170261,54.70572862614705,54.72838840372204,54.75464642548543,58.08380862321607,0.10970979933838265,3.438871997069022,0.0,0.0,0.02265977757499371,0.02625802176338965
1472,54.68052176398296,96,3200,6,15,1,10,54.68052176398296,2816,0.12426666666666666,54.80478843064962,54.80478843064962,54.825566208427404,54.84230571899398,54.86878748982731,57.371535772704924,0.18826572584435297,2.6910140087219645,0.0,0.0,0.0167395105665733,0.02648177083333536
1473,54.73554413442733,128,3200,2,3,1,4,54.73554413442733,3072,0.05315555555555555,54.788699689982884,54.788699689982884,54.809477467760665,54.83054709674956,54.85716721393706,58.20711224160633,0.12162307950973172,3.471568107179003,0.0,0.0,0.021069628988897193,0.026620117187498238
1474,54.764843346100456,96,2048,112,4,0,13,54.764843346100456,0,0.5830328888888889,55.34787623498934,55.34787623498934,55.36225401276712,55.36374071462582,55.39014040770618,57.89481502521918,0.6252970616057212,3.129971679118725,0.0,0.0,0.0014867018587025882,0.026399693080357167
1475,54.83827450272264,96,256,1,0,0,2,54.83827450272264,0,0.07987911111111111,54.91815361383375,54.91815361383375,54.92257583605598,54.92929281913095,54.9555897917872,57.42375077811535,0.1173152890645568,2.5854762753927076,0.0,0.0,0.0067169830749733705,0.02629697265624742
1476,54.87602184126037,64,2176,1,7,1,2,54.87602184126037,2048,0.050083555555555555,54.92610539681592,54.92610539681592,54.94119428570481,54.964728177717575,54.990965604475385,56.64537948096348,0.11494376321501676,1.7693576397031094,0.0,0.0,0.023533892012764568,0.0262374267578096
1477,54.99958993213007,128,1664,4,13,1,14,54.99958993213007,1536,0.04854755555555555,55.04813748768563,55.04813748768563,55.06038193213007,55.06101736258675,55.08729836844613,58.40116837402649,0.08770843631605629,3.401578441896419,0.0,0.0,0.000635430456682684,0.026281005859374318
1478,55.07623627289885,64,1408,77,14,0,14,55.07623627289885,1216,0.06555733333333334,55.141793606232184,55.141793606232184,55.15261582845441,55.174551088089764,55.20059967207414,56.84338824629288,0.12436339917528727,1.7671519733940286,0.0,0.0,0.02193525963535592,0.026048583984376705
1479,55.08178622636842,128,1472,97,15,1,14,55.08178622636842,256,0.35019377777777777,55.4319800041462,55.4319800041462,55.44315778192397,55.45301317342106,55.479615126546065,58.79550580618707,0.39782890017764316,3.713719579818651,0.0,0.0,0.009855391497090693,0.026601953125002353
1480,55.11620377105076,128,2176,1,6,1,7,55.11620377105076,2048,0.050083555555555555,55.166287326606316,55.166287326606316,55.181376215495206,55.1950861788393,55.22143025436013,58.56216981444198,0.1052264833093659,3.4459660433912163,0.0,0.0,0.013709963344091136,0.026344075520832178
1481,55.12215018567566,128,1664,0,0,1,7,55.12215018567566,1536,0.04854755555555555,55.170697741231216,55.170697741231216,55.18294218567566,55.19207079764658,55.21810380545908,58.52513881522472,0.09595361978342254,3.402988629549064,0.0,0.0,0.009128611970922407,0.02603300781250084
1482,55.23847319372247,64,4352,75,10,1,0,55.23847319372247,256,1.1588337777777777,56.39730697150025,56.39730697150025,56.42448474927803,56.427120556392914,56.454408886471036,58.1627260251429,1.215935692748566,2.924252831420432,0.0,0.0,0.0026358071148848694,0.027288330078121703
1483,55.24626637742347,64,1664,4,7,1,13,55.24626637742347,1536,0.04854755555555555,55.294813932979025,55.294813932979025,55.307058377423466,55.3320965859207,55.358333036116015,57.01204207861973,0.11206665869254806,1.7657757011962616,0.0,0.0,0.025038208497235814,0.026236450195312955
1484,55.296350369206756,96,4416,31,3,1,6,55.296350369206756,256,1.1768035555555554,56.473153924762315,56.473153924762315,56.500687258095645,56.514932594796434,56.54124004922352,59.05217270710112,1.2448896800167617,3.755822337894365,0.0,0.0,0.014245336700788869,0.0263074544270836
1485,55.318168991923514,96,5248,7,9,0,9,55.318168991923514,5120,0.05929955555555556,55.37746854747907,55.37746854747907,55.40962410303462,55.42733930978878,55.45391128244503,57.992923261611686,0.1357422905215131,2.6747542696881723,0.0,0.0,0.017715206754154167,0.026571972656249443
1486,55.3238905128114,160,1152,117,14,0,,55.3238905128114,256,0.2603448888888889,55.58423540170029,55.58423540170029,55.59363540170029,55.61742657637101,55.64338702558976,59.81916572897051,0.31949651277835756,4.495275216159108,0.0,0.0,0.023791174670719784,0.025960449218750625
1487,55.332033932593355,160,2048,105,13,0,1,55.332033932593355,0,0.5830328888888889,55.91506682148224,55.91506682148224,55.929444599260016,55.92975076102426,55.95588650321176,60.087196006094935,0.6238525706184035,4.75516207350158,0.0,0.0,0.0003061617642430292,0.026135742187499034
1488,55.40674336932497,160,5120,23,11,1,6,55.40674336932497,4608,0.16558222222222224,55.57232559154719,55.57232559154719,55.60377003599164,55.606519522765055,55.63391747198381,59.881327710776574,0.22717410265883586,4.474584341451603,0.0,0.0,0.0027494867734176864,0.02739794921875216
1489,55.47002937380562,64,4352,67,12,1,3,55.47002937380562,256,1.1588337777777777,56.6288631515834,56.6288631515834,56.65604092936118,56.67917854610616,56.706303301965534,58.415941892460324,1.2362739281599104,2.9459125186547013,0.0,0.0,0.023137616744975276,0.027124755859375682
1490,55.55072856663269,160,896,140,6,1,11,55.55072856663269,256,0.1884657777777778,55.73919434441047,55.73919434441047,55.747172122188246,55.7484143038393,55.77453942590961,59.9441637632422,0.22381085927691657,4.393435196609509,0.0,0.0,0.0012421816510510553,0.02612512207031159
1491,55.571391053607016,96,2496,66,2,1,12,55.571391053607016,256,0.6377102222222223,56.20910127582924,56.20910127582924,56.225967942495906,56.23828137643192,56.26447143990848,58.76294214303348,0.6930803863014674,3.1915510894264614,0.0,0.0,0.012313433936014917,0.026190063476562386
1492,55.64874146161387,128,3200,6,9,1,15,55.64874146161387,256,0.8353777777777779,56.484119239391646,56.484119239391646,56.50489701716943,56.51810329904659,56.54483542795283,59.91857692372106,0.8960939663389667,4.269835462107196,0.0,0.0,0.013206281877160109,0.026732128906246544
1493,55.77744060052862,128,2176,9,15,1,5,55.77744060052862,1664,0.15675022222222224,55.93419082275084,55.93419082275084,55.94927971163973,55.95511659138982,55.9816086568195,59.292228364780826,0.2041680562908823,3.5147877642522047,0.0,0.0,0.005836879750084734,0.02649206542968585
1494,55.811073915379254,64,1664,49,7,1,6,55.811073915379254,1344,0.10188088888888888,55.91295480426814,55.91295480426814,55.92519924871258,55.93659206931913,55.96287834164056,57.61494871924472,0.1518044262613074,1.8038748038654688,0.0,0.0,0.011392820606552334,0.026286272321428328
1495,55.83678127208083,96,2048,40,5,0,2,55.83678127208083,0,0.5830328888888889,56.419814160969715,56.419814160969715,56.43419193874749,56.443823330509375,56.469918545353124,58.92679684125156,0.6331372732722969,3.090015569170731,0.0,0.0,0.009631391761885766,0.02609521484374966
1496,55.87081248344587,160,5248,3,1,1,15,55.87081248344587,5120,0.05929955555555556,55.93011203900142,55.93011203900142,55.96226759455698,55.963836345542084,55.990122356284274,60.20032379671396,0.11930987283840722,4.3295113132680925,0.0,0.0,0.0015687509851076697,0.026286010742190058
1497,55.89171316249654,96,3200,6,4,1,9,55.89171316249654,2368,0.2487111111111111,56.14042427360766,56.14042427360766,56.16120205138544,56.18188796862507,56.208347604041734,58.71351473225043,0.31663444154519027,2.8218015697538874,0.0,0.0,0.02068591723963209,0.026459635416664185
1498,55.89172161788193,128,3200,10,6,1,2,55.89172161788193,2304,0.2664888888888889,56.158210506770814,56.158210506770814,56.178988284548595,56.19260778528461,56.21882702356586,59.554744957438636,0.32710540568393043,3.663023339556709,0.0,0.0,0.013619500736012924,0.026219238281250057
1499,55.91340392921294,128,3200,6,11,1,4,55.91340392921294,256,0.8353777777777779,56.74878170699072,56.74878170699072,56.7695594847685,56.78507225714006,56.812205720681725,60.16618187744324,0.8988017914687845,4.252777948230303,0.0,0.0,0.015512772371558015,0.027133463541666458
1500,55.9539712618566,64,1664,8,14,1,12,55.9539712618566,1024,0.1907697777777778,56.14474103963438,56.14474103963438,56.156985484078824,56.16355987715226,56.18955548262101,57.84755709394913,0.23558422076440877,1.8935858320925263,0.0,0.0,0.006574393073435658,0.025995605468750682
1501,56.144228125744775,96,1664,0,1,1,0,56.144228125744775,1536,0.04854755555555555,56.19277568130033,56.19277568130033,56.205020125744774,56.22671842562021,56.252913640463966,58.75331489371917,0.10868551471919119,2.6090867679743965,0.0,0.0,0.02169829987543892,0.02619521484375298
1502,56.153819723701666,160,1536,97,7,1,15,56.153819723701666,256,0.3681635555555556,56.52198327925722,56.52198327925722,56.53351661259055,56.54068960931169,56.56686134480276,60.75443056332024,0.4130416211010939,4.600610839618575,0.0,0.0,0.007172996721138247,0.02617173549106866
1503,56.29904171606018,128,768,152,13,1,15,56.29904171606018,256,0.15252622222222223,56.4515679382824,56.4515679382824,56.45883460494907,56.478703886024256,56.50472138276905,59.800924765860564,0.20567966670886761,3.5018830498003837,0.0,0.0,0.019869281075187928,0.026017496744792368
1504,56.310518550700486,160,768,132,0,1,9,56.310518550700486,256,0.15252622222222223,56.46304477292271,56.46304477292271,56.47031143958937,56.495343551552835,56.52129862967784,60.684810739052836,0.21078007897735063,4.374292188352349,0.0,0.0,0.025032111963462,0.025955078125001307
1505,56.318219865812495,96,5248,15,14,1,4,56.318219865812495,5120,0.05929955555555556,56.37751942136805,56.37751942136805,56.409674976923604,56.42337520918351,56.449568243037675,58.9591801007153,0.13134837722518,2.6409602349028063,0.0,0.0,0.013700232259907352,0.02619303385416316
1506,56.340423131055694,96,1664,0,15,1,1,56.340423131055694,1536,0.04854755555555555,56.38897068661125,56.38897068661125,56.40121513105569,56.405548109944505,56.43191090291325,58.89987904837457,0.09148777185755819,2.5594559173188784,0.0,0.0,0.004332978888811567,0.02636279296874733
1507,56.38469717658959,96,2752,30,6,1,11,56.38469717658959,256,0.7095893333333334,57.094286509922924,57.094286509922924,57.11257539881181,57.11359936243305,57.1399996554018,59.6327721616797,0.7553024788122116,3.2480749850901134,0.0,0.0,0.0010239636212361347,0.026400292968752126
1508,56.56422709271387,160,3200,6,13,1,11,56.56422709271387,3072,0.05315555555555555,56.61738264826943,56.61738264826943,56.63816042604721,56.66083661714405,56.68693490118423,60.81655705752723,0.12270780847035923,4.252329964813356,0.0,0.0,0.022676191096842047,0.026098284040180886
1509,56.57600492726231,128,3200,2,14,1,3,56.57600492726231,3072,0.05315555555555555,56.629160482817866,56.629160482817866,56.64993826059565,56.65919448001684,56.68550641035539,60.02723604147051,0.1095014830930765,3.4512311142081984,0.0,0.0,0.009256219421196477,0.026311930338543732
1510,56.59411108514151,128,2176,5,4,0,4,56.59411108514151,2048,0.050083555555555555,56.644194640697066,56.644194640697066,56.659283529585956,56.68436345690632,56.71074277005736,60.064639699698354,0.11663168491584486,3.470528614556841,0.0,0.0,0.02507992732036257,0.026379313151039696
1511,56.64975699571143,160,2176,5,0,1,4,56.64975699571143,256,0.5478613333333333,57.19761832904476,57.19761832904476,57.21270721793365,57.218797653115345,57.24441508475597,61.416811731891386,0.5946580890445432,4.767054736179958,0.0,0.0,0.0060904351816972735,0.02561743164062591
1512,56.674631507668515,64,1664,0,5,1,15,56.674631507668515,1536,0.04854755555555555,56.72317906322407,56.72317906322407,56.735423507668514,56.75697323285313,56.782969814884375,58.40829977093906,0.10833830721585969,1.7336682632705447,0.0,0.0,0.021549725184613067,0.02599658203124733
1513,56.71249125338893,64,832,96,15,1,4,56.71249125338893,256,0.170496,56.88298725338893,56.88298725338893,56.89060947561116,56.904664320882006,56.93059518025701,58.56116156790583,0.2181039268680749,1.8486703145168946,0.0,0.0,0.01405484527084866,0.025930859375002058
1514,56.744102035681976,64,2688,114,8,1,11,56.744102035681976,256,0.6916195555555555,57.43572159123753,57.43572159123753,57.45365492457086,57.462720089371594,57.489087276871594,59.13670267400702,0.7449852411896174,2.3926006383250424,0.0,0.0,0.00906516480073094,0.0263671875
1515,56.788038754310726,128,1024,56,4,1,3,56.788038754310726,256,0.22440533333333335,57.012444087644056,57.012444087644056,57.02113297653295,57.02733261380735,57.05359175164217,60.40676440672961,0.2655529973314472,3.618725652418881,0.0,0.0,0.0061996372744062,0.02625913783482048
1516,56.793237407674525,64,1664,16,14,1,4,56.793237407674525,256,0.40410311111111114,57.19734051878564,57.19734051878564,57.20958496323008,57.213518031449134,57.23985470137101,58.90630307783584,0.44661729369648384,2.113065670161312,0.0,0.0,0.003933068219055258,0.026336669921875
1517,56.863339651317524,128,2816,34,2,1,14,56.863339651317524,2048,0.22978133333333337,57.09312098465086,57.09312098465086,57.11176542909531,57.12932548450484,57.155597335090775,60.50512280709597,0.2922576837732507,3.641783155778448,0.0,0.0,0.017560055409532538,0.026271850585935397
1518,56.881877660711325,64,4480,107,9,0,9,56.881877660711325,4288,0.07477333333333333,56.95665099404466,56.95665099404466,56.98453988293355,56.999356326390334,57.02617167469763,58.70579635731481,0.14429401398630404,1.823918696603485,0.0,0.0,0.014816443456787454,0.02681534830729504
1519,56.901446347367674,96,1664,0,5,0,5,56.901446347367674,1536,0.04854755555555555,56.94999390292323,56.94999390292323,56.96223834736767,56.964347744571874,56.99022730186354,59.44571643760573,0.08878095449586709,2.544270090238058,0.0,0.0,0.0021093972042010023,0.0258795572916668
1520,56.91451701736883,64,1664,0,1,1,5,56.91451701736883,1536,0.04854755555555555,56.96306457292439,56.96306457292439,56.97530901736883,56.98917443961761,57.015400880047295,58.67299340934417,0.10088386267846516,1.7584763919753428,0.0,0.0,0.013865422248777293,0.02622644042968858
1521,56.94930043438432,128,1664,53,13,1,5,56.94930043438432,256,0.40410311111111114,57.35340354549543,57.35340354549543,57.36564798993987,57.39012979515744,57.41604246256816,60.71188160179806,0.4667420281838375,3.7625811674137424,0.0,0.0,0.02448180521756882,0.025912667410715073
1522,57.01765896048448,96,512,34,5,0,2,57.01765896048448,0,0.15175822222222224,57.1694171827067,57.1694171827067,57.175261627151144,57.19728133832187,57.22300680218906,59.67959251182449,0.20534784170457954,2.661933551340006,0.0,0.0,0.022019711170727874,0.025725463867189546
1523,57.028641915362684,96,2176,9,3,1,15,57.028641915362684,1152,0.29897244444444443,57.32761435980713,57.32761435980713,57.34270324869602,57.357580869536015,57.38419545286935,59.89036098835112,0.3555535375066654,2.8617190729884356,0.0,0.0,0.014877620839996553,0.026614583333333997
1524,57.11424512149397,128,4096,0,12,0,1,57.11424512149397,0,1.1580657777777779,58.27231089927175,58.27231089927175,58.29806645482731,58.30752815548116,58.33463085730408,61.69472188106709,1.2203857358101047,4.580476759573116,0.0,0.0,0.009461700653851324,0.027102701822919073
1525,57.16413532083448,160,1664,0,9,1,1,57.16413532083448,1536,0.04854755555555555,57.21268287639004,57.21268287639004,57.22492732083448,57.24163517567419,57.26850890614294,61.46730948510499,0.10437358530845842,4.303174164270509,0.0,0.0,0.016707854839708602,0.026873730468750523
1526,57.17507868859584,64,2496,74,7,0,7,57.17507868859584,2304,0.06882133333333333,57.24390002192917,57.24390002192917,57.26076668859584,57.27451629736973,57.30070047705723,58.943409453294194,0.1256217884613875,1.768330764698355,0.0,0.0,0.013749608773892419,0.026184179687497533
1527,57.19018476101979,160,256,38,11,0,6,57.19018476101979,0,0.07987911111111111,57.270063872130905,57.270063872130905,57.27448609435313,57.30069156052548,57.327329866189544,61.4795758064797,0.13714510516975054,4.289391045459908,0.0,0.0,0.026205466172349645,0.026638305664064887
1528,57.20888186436509,160,2560,66,1,1,2,57.20888186436509,256,0.65568,57.864561864365086,57.864561864365086,57.88178408658731,57.90739038200042,57.93363520621917,62.167131193012324,0.7247533418540826,4.958249328647234,0.0,0.0,0.025606295413112434,0.026244824218750296
1529,57.24631126295317,160,2880,22,10,1,3,57.24631126295317,256,0.7455288888888889,57.99184015184206,57.99184015184206,58.01084015184206,58.02882099584603,58.055601025142906,62.19299119208857,0.809289762189735,4.946679929135399,0.0,0.0,0.017980844003972152,0.026780029296872954
1530,57.24908162523531,160,2176,1,15,1,6,57.24908162523531,2048,0.050083555555555555,57.299165180790865,57.299165180790865,57.314254069679755,57.31961666463201,57.34557597452784,61.47628948131728,0.0964943492925272,4.227207856081968,0.0,0.0,0.005362594952252664,0.02595930989583195
1531,57.27430438377496,160,4928,35,4,1,15,57.27430438377496,4480,0.14722844444444444,57.421532828219405,57.421532828219405,57.451910605997185,57.473804363249315,57.500214153288375,61.70976360106554,0.22590976951341446,4.435459217290578,0.0,0.0,0.02189375725212983,0.026409790039060965
1532,57.33804379560474,64,4992,35,14,1,4,57.33804379560474,4608,0.12964266666666666,57.46768646227141,57.46768646227141,57.49841979560474,57.503248256058505,57.529746791214755,59.19539567688718,0.19170299561001514,1.8573518812824403,0.0,0.0,0.004828460453765615,0.026498535156250114
1533,57.353336789642185,96,5248,11,0,1,8,57.353336789642185,4992,0.09485511111111111,57.448191900753294,57.448191900753294,57.48034745630885,57.5010657195216,57.527285812295034,60.031331198037215,0.17394902265284884,2.67799440839503,0.0,0.0,0.020718263212749832,0.02622009277343551
1534,57.38423524944015,96,1792,33,5,1,4,57.38423524944015,256,0.4400426666666667,57.824277916106816,57.824277916106816,57.83723347166237,57.840564419376555,57.86632955609531,60.33401360557449,0.4820943066551564,2.9497783561343383,0.0,0.0,0.0033309477141827415,0.025765136718753467
1535,57.436991164935364,160,2176,1,6,1,15,57.436991164935364,2048,0.050083555555555555,57.48707472049092,57.48707472049092,57.50216360937981,57.50965502649555,57.5360051241518,61.6863281442876,0.09901395921643541,4.249336979352236,0.0,0.0,0.007491417115744525,0.026350097656248295
1536,57.44830447817391,64,2816,30,2,1,6,57.44830447817391,256,0.7275591111111112,58.17586358928502,58.17586358928502,58.19450803372947,58.20956103951786,58.23590283639286,59.89813688587202,0.7875983582189505,2.4498324076981106,0.0,0.0,0.015053005788388418,0.026341796875001933
1537,57.57686431062111,128,4736,39,4,1,11,57.57686431062111,256,1.2666524444444445,58.84351675506556,58.84351675506556,58.87282786617667,58.89799959553168,58.924595420726995,62.29103947997179,1.347731110105883,4.714175169350682,0.0,0.0,0.025171729355008665,0.026595825195315115
1538,57.58835709611558,64,1856,33,7,1,5,57.58835709611558,256,0.45801244444444444,58.04636954056002,58.04636954056002,58.05968065167113,58.08380862321607,58.10978160498691,59.76311601253899,0.521424508871327,2.174758916423407,0.0,0.0,0.024127971544942284,0.025972981770834735
1539,57.67189894016371,96,2176,5,3,1,0,57.67189894016371,2048,0.050083555555555555,57.72198249571926,57.72198249571926,57.73707138460815,57.756850889067266,57.78333294473133,60.285784572335494,0.11143400456762009,2.6138856321717867,0.0,0.0,0.019779504459116026,0.026482055664061477
1540,57.76196062545661,96,1280,57,11,0,11,57.76196062545661,1024,0.0829511111111111,57.844911736567724,57.844911736567724,57.85502284767883,57.86019851853329,57.88664236618954,60.37222367431824,0.1246817407329317,2.6102630488616327,0.0,0.0,0.005175670854455916,0.026443847656253183
1541,57.80622290635094,128,960,68,9,1,4,57.80622290635094,704,0.0819911111111111,57.88821401746205,57.88821401746205,57.89654735079538,57.91330578114294,57.93984445301794,61.283567297604996,0.1336215466670012,3.477344391254057,0.0,0.0,0.016758430347557862,0.02653867187500225
1542,57.80646844841444,96,1472,89,13,1,12,57.80646844841444,256,0.35019377777777777,58.15666222619222,58.15666222619222,58.16784000396999,58.167966713870236,58.19387605631815,60.659693369376186,0.387407607903711,2.8532249209617433,0.0,0.0,0.00012670990024332696,0.02590934244791754
1543,57.85579100464483,160,1152,44,14,1,9,57.85579100464483,256,0.2603448888888889,58.116135893533716,58.116135893533716,58.125535893533716,58.14028385176162,58.16672297936579,62.30786708918256,0.31093197472095824,4.45207608453773,0.0,0.0,0.014747958227907532,0.02643912760416356
1544,57.85620199738212,128,1664,0,6,1,9,57.85620199738212,1536,0.04854755555555555,57.90474955293768,57.90474955293768,57.91699399738212,57.93131518274555,57.957595177165196,61.2713566599126,0.1013931797830736,3.415154662530476,0.0,0.0,0.014321185363428413,0.026279994419645902
1545,57.89285991772633,96,1664,0,8,1,6,57.89285991772633,1536,0.04854755555555555,57.941407473281885,57.941407473281885,57.953651917726326,57.9549788784341,57.981046017105974,60.481383850764836,0.08818609937964794,2.588523933038509,0.0,0.0,0.0013269607077717183,0.026067138671876933
1546,57.923726185517936,160,1664,0,15,1,8,57.923726185517936,1536,0.04854755555555555,57.972273741073494,57.972273741073494,57.984518185517935,57.99160178832993,58.01743902791326,62.167965334646894,0.09371284239532685,4.244239149128958,0.0,0.0,0.007083602811995604,0.02583723958333195
1547,57.975262315853634,96,2688,26,3,1,8,57.975262315853634,256,0.6916195555555555,58.66688187140919,58.66688187140919,58.68481520474252,58.709659767648,58.73607895710112,61.23969330443185,0.7608166412474873,3.2644309885782192,0.0,0.0,0.02484456290547854,0.02641918945312227
1548,57.97959215954798,96,3200,2,0,1,14,57.97959215954798,3072,0.05315555555555555,58.03274771510353,58.03274771510353,58.05352549288131,58.07802055350597,58.10431772147472,60.60667524100596,0.12472556192674489,2.6270830814579824,0.0,0.0,0.024495060624659004,0.02629716796874959
1549,58.167118938310345,160,3200,2,5,1,0,58.167118938310345,3072,0.05315555555555555,58.2202744938659,58.2202744938659,58.24105227164368,58.25286520062656,58.278769741642186,62.42669566937657,0.11165080333184108,4.259576731066225,0.0,0.0,0.011812928982877224,0.025904541015627558
1550,58.21201272603499,128,5248,3,9,1,1,58.21201272603499,4992,0.09485511111111111,58.3068678371461,58.3068678371461,58.339023392701655,58.36078727528356,58.38732350575231,61.73044018171958,0.17531077971732145,3.518427455684588,0.0,0.0,0.02176388258190798,0.026536230468749977
1551,58.21441313584923,64,3200,2,15,1,5,58.21441313584923,3072,0.05315555555555555,58.26756869140478,58.26756869140478,58.288346469182564,58.30168088989243,58.327626760428146,59.970488765171446,0.11321362457891837,1.7560756293222184,0.0,0.0,0.013334420709867345,0.025945870535714732
1552,58.23599010323597,128,3200,2,1,1,15,58.23599010323597,3072,0.05315555555555555,58.289145658791526,58.289145658791526,58.309923436569306,58.3292655284848,58.35568867301605,61.74179682498777,0.11969856978007698,3.505806721751803,0.0,0.0,0.0193420919154903,0.026423144531250387
1553,58.35936760867146,96,2048,3,11,0,9,58.35936760867146,0,0.5830328888888889,58.94240049756035,58.94240049756035,58.956778275338124,58.96523562790828,58.99142859665828,61.454050659995325,0.6320609879868186,3.0946830513238623,0.0,0.0,0.008457352570154342,0.026192968750002876
1554,58.36208801844668,64,2176,1,5,1,6,58.36208801844668,256,0.5478613333333333,58.90994935178001,58.90994935178001,58.9250382406689,58.92679684125156,58.95272994672031,60.597379084090115,0.5906419282736337,2.2352910656434375,0.0,0.0,0.0017586005826615292,0.02593310546875216
1555,58.38979094627525,128,2944,22,0,1,10,58.38979094627525,256,0.7634986666666667,59.15328961294191,59.15328961294191,59.17264516849747,59.18561244803722,59.21204018241222,62.534012708453886,0.8222492361369689,4.144221762178638,0.0,0.0,0.012967279539751075,0.026427734374998124
1556,58.40631024363287,128,1664,16,13,1,14,58.40631024363287,256,0.40410311111111114,58.810413354743986,58.810413354743986,58.82265779918843,58.841900014651486,58.86781025228169,62.174599928620964,0.46150000864881946,3.7682896849880905,0.0,0.0,0.019242215463059154,0.025910237630206723
1557,58.41226639979838,64,5184,23,8,1,11,58.41226639979838,4416,0.23688533333333336,58.64915173313172,58.64915173313172,58.680951733131714,58.6850433315591,58.71160762192368,60.37833697576484,0.29934122212529957,1.9660705759664552,0.0,0.0,0.0040915984273866,0.026564290364582632
1558,58.44082736231048,64,5248,11,10,1,0,58.44082736231048,4928,0.1126328888888889,58.55346025119937,58.55346025119937,58.58561580675492,58.611740185299155,58.6387299313929,60.29471626068048,0.19790256908242299,1.853888898370002,0.0,0.0,0.026124378544231774,0.026989746093747158
1559,58.45012728842222,64,1664,12,6,1,12,58.45012728842222,832,0.2441031111111111,58.69423039953333,58.69423039953333,58.70647484397777,58.72009413084823,58.74612749673365,60.38667479839845,0.29600020831142615,1.9365475099762293,0.0,0.0,0.013619286870458325,0.026033365885417936
1560,58.45634534059533,160,3200,10,7,1,6,58.45634534059533,2752,0.14204444444444445,58.59838978503977,58.59838978503977,58.61916756281755,58.629343779466076,58.65547183122389,62.8859732065494,0.19912649062856502,4.429627865954075,0.0,0.0,0.010176216648524417,0.02612805175781574
1561,58.45773312176938,160,1280,20,14,1,11,58.45773312176938,576,0.20739555555555558,58.66512867732494,58.66512867732494,58.675239788436045,58.69560807051162,58.72193968323483,62.854317186838806,0.26420656146544985,4.396584065069426,0.0,0.0,0.020368282075573063,0.026331612723211606
1562,58.483836235949525,64,2880,30,2,0,2,58.483836235949525,2688,0.06997333333333333,58.553809569282855,58.553809569282855,58.57280956928285,58.57839062936161,58.604753666470984,60.2676796918616,0.12091743052145887,1.783843455912077,0.0,0.0,0.005581060078753808,0.02636303710937682
1563,58.49496401656361,96,2368,110,15,1,5,58.49496401656361,256,0.6017706666666667,59.096734683230274,59.096734683230274,59.11289023878583,59.13527650931208,59.16143393118708,61.63536665300627,0.6664699146234696,3.1404026364426656,0.0,0.0,0.022386270526247642,0.026157421874998477
1564,58.55437038158817,160,5248,3,1,1,9,58.55437038158817,5120,0.05929955555555556,58.613669937143726,58.613669937143726,58.64582549269928,58.6463754894223,58.67299340934417,62.9153301676217,0.11862302775600142,4.360959786033526,0.0,0.0,0.0005499967230164771,0.026617919921875455
1565,58.59195423859094,96,2176,5,12,1,3,58.59195423859094,2048,0.050083555555555555,58.64203779414649,58.64203779414649,58.65712668303538,58.6590539530072,58.68558837683533,61.19226712846292,0.09363413824438993,2.6003128898719865,0.0,0.0,0.0019272699718229092,0.02653442382812443
1566,58.674399677730804,160,2432,42,9,1,8,58.674399677730804,256,0.6197404444444444,59.29414012217525,59.29414012217525,59.310651233286364,59.312511201064815,59.338856513564814,63.5092588991675,0.6644568358340095,4.8348592214366946,0.0,0.0,0.0018599677784507662,0.026345312499998386
1567,58.70816438648241,96,1216,76,10,1,11,58.70816438648241,896,0.10053688888888888,58.8087012753713,58.8087012753713,58.818456830926856,58.827671825924156,58.85419884415332,61.322259444506734,0.14603445767091472,2.6140950580243256,0.0,0.0,0.009214994997300607,0.026527018229167254
1568,58.71263876870411,128,2688,78,2,1,11,58.71263876870411,256,0.6916195555555555,59.404258324259665,59.404258324259665,59.422191657593,59.423090255012646,59.449477584114206,62.815448723204604,0.7368388154100955,4.1028099545004935,0.0,0.0,0.0008985974196491497,0.026387329101559942
1569,58.72863633271261,128,4864,55,7,1,3,58.72863633271261,4480,0.12925866666666666,58.857894999379276,58.857894999379276,58.8879172216015,58.89064626970045,58.917027617356695,62.310071106940036,0.1883912846440836,3.581434774227425,0.0,0.0,0.0027290480989492494,0.026381347656247556
1570,58.780933388468185,96,1664,0,3,1,15,58.780933388468185,1536,0.04854755555555555,58.82948094402374,58.82948094402374,58.841725388468184,58.84176059772612,58.86806040241362,61.374049586983936,0.08712701394543387,2.5931161985157516,0.0,0.0,3.520925793765173e-05,0.02629980468749693
1571,58.78749658285163,160,3200,2,14,1,1,58.78749658285163,3072,0.05315555555555555,58.84065213840719,58.84065213840719,58.86142991618497,58.87993961348037,58.90630307783584,63.03781984797162,0.11880649498420581,4.250323265119988,0.0,0.0,0.018509697295399974,0.026363464355469546
1572,58.81390994970088,96,1792,17,12,1,9,58.81390994970088,256,0.4400426666666667,59.25395261636754,59.25395261636754,59.2669081719231,59.26946923621033,59.29579133907491,61.79929902950459,0.48188138937403124,2.98538907980371,0.0,0.0,0.002561064287228021,0.02632210286458303
1573,58.8635562312062,96,3200,2,6,1,14,58.8635562312062,3072,0.05315555555555555,58.91671178676176,58.91671178676176,58.93748956453954,58.95441200194199,58.98052472515627,61.4533566599126,0.11696849395006836,2.589800428706397,0.0,0.0,0.016922437402449475,0.026112723214282596
1574,58.88707446202691,128,2176,1,1,1,5,58.88707446202691,2048,0.050083555555555555,58.93715801758246,58.93715801758246,58.95224690647135,58.969357862469174,58.996176417156676,62.38086127113732,0.10910195512976628,3.4937868091104107,0.0,0.0,0.017110955997821975,0.026818554687501717
1575,58.92632613725594,64,2176,21,8,1,13,58.92632613725594,256,0.5478613333333333,59.47418747058927,59.47418747058927,59.48927635947816,59.51036527166327,59.53684867010077,61.17629920721015,0.6105225328448256,2.2499730699542084,0.0,0.0,0.02108891218510678,0.026483398437498806
1576,58.98049626049836,64,1664,0,10,1,3,58.98049626049836,1536,0.04854755555555555,59.02904381605392,59.02904381605392,59.04128826049836,59.06643256811166,59.09278425268197,60.73130297710532,0.11228799218361019,1.7508067166069594,0.0,0.0,0.02514430761329578,0.026351684570315115
1577,59.131665025370054,160,2048,9,13,0,3,59.131665025370054,0,0.5830328888888889,59.71469791425894,59.71469791425894,59.729075692036716,59.74904885905253,59.774986568315924,63.91470317917899,0.6433215429458699,4.783038153808938,0.0,0.0,0.019973167015812976,0.025937709263395448
1578,59.164888398495705,160,2176,5,5,1,12,59.164888398495705,2048,0.050083555555555555,59.21497195405126,59.21497195405126,59.23006084294015,59.23802633343906,59.26398588747552,63.41506637250156,0.0990974889798153,4.250177974005858,0.0,0.0,0.007965490498911265,0.02595955403646144
1579,59.2235105209495,96,1664,0,6,1,10,59.2235105209495,1536,0.04854755555555555,59.27205807650506,59.27205807650506,59.2843025209495,59.2939154896652,59.31999623917692,61.7898084177251,0.09648571822742014,2.5662978967755947,0.0,0.0,0.009612968715700276,0.02608074951172057
1580,59.281023507235645,160,1344,133,14,1,11,59.281023507235645,256,0.3142542222222222,59.59527772945787,59.59527772945787,59.605744396124535,59.61152770813718,59.637480751756975,63.76523281183881,0.3564572445213301,4.484209304603162,0.0,0.0,0.005783312012646036,0.025953043619793448
1581,59.28124670870591,96,3200,6,7,1,13,59.28124670870591,3072,0.05315555555555555,59.33440226426146,59.33440226426146,59.355180042039244,59.3661145314192,59.39256560563795,61.93538038428378,0.11131889693204045,2.6541336755778744,0.0,0.0,0.010934489379955892,0.02645107421874826
1582,59.31297248849518,96,2304,62,0,1,12,59.31297248849518,256,0.5838008888888889,59.896773377384065,59.896773377384065,59.912573377384064,59.925773580849715,59.95216225272471,62.430293470172636,0.6391897642295348,3.1173209816774587,0.0,0.0,0.013200203465650873,0.02638867187499727
1583,59.34774877219129,96,4416,67,3,1,12,59.34774877219129,4160,0.0923591111111111,59.440107883302396,59.440107883302396,59.46764121663573,59.46949301960112,59.495793605538616,62.03128982135894,0.14804483334732765,2.6835410491676512,0.0,0.0,0.0018518029653904478,0.02630058593749851
1584,59.38045329277782,64,3200,14,5,1,11,59.38045329277782,256,0.8353777777777779,60.2158310705556,60.2158310705556,60.23660884833338,60.255260968855744,60.281511359480746,61.93192717979324,0.9010580667029231,2.551473887015419,0.0,0.0,0.018652120522361315,0.026250390625001785
1585,59.38580180021126,64,2176,1,11,1,1,59.38580180021126,2048,0.050083555555555555,59.435885355766814,59.435885355766814,59.450974244655704,59.46298553025203,59.48916448533015,61.1200073657245,0.10336268511888846,1.7342055655132356,0.0,0.0,0.012011285596322807,0.026178955078123067
1586,59.415158656734874,128,256,151,10,0,4,59.415158656734874,0,0.07987911111111111,59.495037767845986,59.495037767845986,59.49945999006821,59.51447761205697,59.54059060033822,62.80299024807815,0.12543194360334553,3.3878315913432786,0.0,0.0,0.01501762198876122,0.026112988281248306
1587,59.42064791442984,160,1664,0,15,1,6,59.42064791442984,1536,0.04854755555555555,59.4691954699854,59.4691954699854,59.48143991442984,59.501595552280826,59.52769652884333,63.70630700131357,0.10704861441348612,4.285659086883726,0.0,0.0,0.02015563785098351,0.02610097656250332
1588,59.45154651633308,64,832,128,4,1,6,59.45154651633308,256,0.170496,59.62204251633308,59.62204251633308,59.629664738555306,59.64286727131294,59.66923611896919,61.33498501219836,0.21768960263610637,1.8834384958652777,0.0,0.0,0.013202532757631502,0.026368847656250693
1589,59.46400939841514,96,2176,5,1,1,5,59.46400939841514,2048,0.050083555555555555,59.514092953970696,59.514092953970696,59.529181842859586,59.53265004996917,59.55935114046396,62.0871836832467,0.09534174204881651,2.6231742848315562,0.0,0.0,0.003468207109584398,0.026701090494789526
1590,59.510607711667184,96,1664,4,11,1,7,59.510607711667184,1536,0.04854755555555555,59.55915526722274,59.55915526722274,59.57139971166718,59.59388518845515,59.62001388544176,62.085676392417206,0.10940617377457329,2.5750686807500216,0.0,0.0,0.02248547678796342,0.026128696986610578
1591,59.52409102427473,96,512,11,10,0,10,59.52409102427473,0,0.15175822222222224,59.67584924649695,59.67584924649695,59.681693690941394,59.69727878393197,59.7232507891403,62.16741892646357,0.19915976486556985,2.6433279021888367,0.0,0.0,0.015585092990576754,0.025972005208330984
1592,59.53851894156162,128,1088,56,8,1,4,59.53851894156162,256,0.2423751111111111,59.78089405267273,59.78089405267273,59.78993849711717,59.80170950994452,59.82795889959296,63.13835031398098,0.2894399580313376,3.5998313724193594,0.0,0.0,0.011771012827352934,0.026249389648434374
1593,59.61806097544176,64,512,102,15,0,5,59.61806097544176,0,0.15175822222222224,59.76981919766398,59.76981919766398,59.77566364210842,59.78873314993707,59.81469677298395,61.44983342662978,0.19663579754219285,1.831772451188023,0.0,0.0,0.01306950782865357,0.02596362304687716
1594,59.61933072779374,96,5248,15,7,1,14,59.61933072779374,5120,0.05929955555555556,59.67863028334929,59.67863028334929,59.71078583890485,59.73647400407545,59.76311601253899,62.310071106940036,0.143785284745249,2.6907403791462983,0.0,0.0,0.025688165170599575,0.026642008463539923
1595,59.63673401958735,160,4096,16,2,0,13,59.63673401958735,0,1.1580657777777779,60.79479979736513,60.79479979736513,60.820555352920685,60.82114526803347,60.84781445748659,65.05594048210214,1.2110804378992412,5.4192064625147935,0.0,0.0,0.0005899151127835012,0.026669189453123465
1596,59.644519685086465,96,5248,23,3,1,8,59.644519685086465,256,1.4104106666666667,61.05493035175313,61.05493035175313,61.08708590730868,61.105987860095915,61.1327279724006,63.73315912474435,1.4882082873141371,4.088639439657882,0.0,0.0,0.018901952787231835,0.026740112304686647
1597,59.68401311365339,160,2624,66,9,1,1,59.68401311365339,256,0.6736497777777778,60.35766289143117,60.35766289143117,60.37524066920895,60.39186134754919,60.41815617176794,64.58673339422269,0.7341430581145474,4.902720280569298,0.0,0.0,0.016620678340238726,0.026294824218751955
1598,59.686743755463105,64,2752,26,12,1,3,59.686743755463105,256,0.7095893333333334,60.39633308879644,60.39633308879644,60.41462197768533,60.42810367631449,60.45444730424418,62.11827656856709,0.7677035487810713,2.431532813103985,0.0,0.0,0.01348169862916393,0.026343627929684033
1599,59.85554795384627,64,4480,151,13,1,4,59.85554795384627,256,1.1947733333333332,61.0503212871796,61.0503212871796,61.07821017606849,61.10186687198035,61.1282228290116,62.77527424502721,1.272674875165329,2.919726291180943,0.0,0.0,0.02365669591186048,0.02635595703124949
1600,59.880092522420604,160,1664,0,14,1,15,59.880092522420604,1536,0.04854755555555555,59.92864007797616,59.92864007797616,59.9408845224206,59.94927168600176,59.97525931621009,64.10213974543257,0.09516679378948822,4.222047223011963,0.0,0.0,0.008387163581154766,0.025987630208334167
1601,59.89164787219724,96,4416,135,1,1,9,59.89164787219724,256,1.1768035555555554,61.0684514277528,61.0684514277528,61.09598476108613,61.10254401155771,61.129190414552504,63.65654147133263,1.2375425423552642,3.764893599135391,0.0,0.0,0.006559250471582345,0.026646402994792595
1602,59.90601383028346,96,1408,105,10,1,1,59.90601383028346,256,0.332224,60.23823783028346,60.23823783028346,60.24906005250568,60.26877569148405,60.29471626068048,62.7259983535469,0.3887024303970179,2.819984523263436,0.0,0.0,0.019715638978368588,0.025940569196428953
1603,59.933346871254614,96,1664,0,4,1,14,59.933346871254614,1536,0.04854755555555555,59.98189442681017,59.98189442681017,59.99413887125461,60.01207557209419,60.038357391755646,62.55306706786242,0.10501052050103254,2.6197201966078083,0.0,0.0,0.017936700839577213,0.02628181966145604
1604,60.031482658952775,96,1664,8,14,0,14,60.031482658952775,1536,0.04854755555555555,60.080030214508334,60.080030214508334,60.092274658952775,60.10482324850176,60.1306781475903,62.59415175715131,0.09919548863752681,2.5626690981985334,0.0,0.0,0.012548589548984523,0.025854899088542993
1605,60.11702641268539,160,1152,56,8,0,8,60.11702641268539,960,0.06478933333333334,60.18181574601872,60.18181574601872,60.19121574601872,60.195501624202336,60.22161949529609,64.39166553963666,0.10459308261069822,4.274639126951271,0.0,0.0,0.004285878183615921,0.026117871093752854
1606,60.131267540997264,64,2176,9,15,1,3,60.131267540997264,2048,0.050083555555555555,60.18135109655282,60.18135109655282,60.19643998544171,60.203081636265196,60.22896379772353,61.874533889334394,0.09769625672626603,1.74326634833713,0.0,0.0,0.006641650823489442,0.025882161458333997
1607,60.15407213263813,64,1664,0,6,1,4,60.15407213263813,1536,0.04854755555555555,60.202619688193685,60.202619688193685,60.21486413263813,60.230628899960955,60.25663532899741,61.893308417725095,0.10256319635928435,1.7392362850869674,0.0,0.0,0.015764767322828277,0.02600642903645678
1608,60.228356072718015,128,3200,14,4,1,5,60.228356072718015,256,0.8353777777777779,61.063733850495794,61.063733850495794,61.084511628273575,61.09618969969836,61.12272055907336,64.47874186441189,0.894364486355343,4.250385791693873,0.0,0.0,0.011678071424782388,0.02653085937500066
1609,60.39123956480908,64,1664,4,10,1,11,60.39123956480908,1536,0.04854755555555555,60.439787120364635,60.439787120364635,60.452031564809076,60.47438577565443,60.5000752985339,62.11634470771357,0.10883573372482402,1.7251051429044963,0.0,0.0,0.02235421084535716,0.025689522879467575
1610,60.42173039253095,128,4352,131,11,1,10,60.42173039253095,256,1.1588337777777777,61.580564170308726,61.580564170308726,61.607741948086506,61.608821411948455,61.635309204917206,65.04382849202659,1.2135788123862596,4.622098099495645,0.0,0.0,0.0010794638619486818,0.026487792968751478
1611,60.59181692508173,128,1664,0,9,1,6,60.59181692508173,1536,0.04854755555555555,60.64036448063729,60.64036448063729,60.65260892508173,60.654831562392935,60.68105006825231,64.0057900445358,0.08923314317058129,3.41397311945407,0.0,0.0,0.0022226373112061992,0.026218505859375796
1612,60.60408949074216,128,1344,24,8,1,14,60.60408949074216,1088,0.0831431111111111,60.687232601853275,60.687232601853275,60.69769926851994,60.712978577327334,60.7386940314289,64.07025043953901,0.13460454068673755,3.4661609487968477,0.0,0.0,0.015279308807393477,0.02571545410156517
1613,60.60737007825869,64,256,141,5,0,,60.60737007825869,0,0.07987911111111111,60.6872491893698,60.6872491893698,60.691671411592026,60.70306625856928,60.72916476931147,62.37429518109532,0.12179469105277718,1.7669251028366304,0.0,0.0,0.011394846977253792,0.026098510742187386
1614,60.70099633013534,64,4096,7,12,0,9,60.70099633013534,0,1.1580657777777779,61.85906210791312,61.85906210791312,61.884817663468674,61.90477852169209,61.93146406856709,63.63124727169209,1.2304677384317486,2.93025094155675,0.0,0.0,0.019960858223413425,0.02668554687500091
1615,60.72356994633589,64,1024,68,6,1,9,60.72356994633589,256,0.22440533333333335,60.94797527966922,60.94797527966922,60.95666416855811,60.95972216167971,60.98568318055992,62.61874689428759,0.26211323422402444,1.8951769479516969,0.0,0.0,0.003057993121593938,0.025961018880209963
1616,60.73967787775876,128,1664,0,14,1,9,60.73967787775876,1536,0.04854755555555555,60.78822543331432,60.78822543331432,60.80046987775876,60.80307691061113,60.82893705291024,64.12806625910444,0.08925917515148285,3.3883883813456848,0.0,0.0,0.0026070328523744024,0.025860142299109157
1617,60.78954245238288,160,1664,0,0,1,14,60.78954245238288,1536,0.04854755555555555,60.83809000793844,60.83809000793844,60.85033445238288,60.868527698688254,60.89466624849294,65.04201824812093,0.10512379611005684,4.252475795738043,0.0,0.0,0.018193246305372668,0.026138549804684885
1618,60.83640571940829,64,2176,1,10,1,11,60.83640571940829,2048,0.050083555555555555,60.88648927496384,60.88648927496384,60.90157816385273,60.91099983582928,60.93672842120874,62.5489270644844,0.10032270180045089,1.7125213450761123,0.0,0.0,0.009421671976546975,0.025728585379461322
1619,60.886872494101056,96,1664,0,7,1,0,60.886872494101056,1536,0.04854755555555555,60.935420049656614,60.935420049656614,60.947664494101055,60.97080361019525,60.997605172695245,63.510960185716065,0.11073267859418934,2.62408769161501,0.0,0.0,0.023139116094192502,0.026801562499997544
1620,60.91622609630375,128,5248,3,8,1,1,60.91622609630375,4672,0.18374400000000002,61.09997009630375,61.09997009630375,61.132125651859305,61.1502077033039,61.17629920721015,64.5265340059685,0.2600731109063972,3.6103079096647477,0.0,0.0,0.01808205144459407,0.026091503906251035
1621,60.93413707588641,64,5056,35,15,1,14,60.93413707588641,4736,0.11205688888888889,61.0461939647753,61.0461939647753,61.07728285366419,61.08334905162978,61.10947209850478,62.783736037771895,0.17533502261836986,1.8495989618854836,0.0,0.0,0.006066197965594711,0.026123046875
1622,60.9395748706886,128,1664,0,9,1,7,60.9395748706886,1536,0.04854755555555555,60.98812242624416,60.98812242624416,61.0003668706886,61.02193507801794,61.04810144241526,64.37501572541689,0.10852657172665658,3.4354408547282844,0.0,0.0,0.02156820732933795,0.02616636439731934
1623,60.99267319157108,64,3200,2,5,1,6,60.99267319157108,3072,0.05315555555555555,61.045828747126635,61.045828747126635,61.066606524904415,61.06848984255365,61.0946866198974,62.73976158734532,0.10201342832632321,1.7470883957742416,0.0,0.0,0.0018833176492378811,0.026196777343749034
1624,60.99832110899199,64,3200,2,14,1,5,60.99832110899199,3072,0.05315555555555555,61.05147666454754,61.05147666454754,61.072254442325324,61.08756533137006,61.11351796808881,62.75050136652631,0.11519685909681954,1.7521802575343202,0.0,0.0,0.01531088904473421,0.025952636718749034
1625,61.03534622413354,64,2688,38,7,1,6,61.03534622413354,256,0.6916195555555555,61.726965779689095,61.726965779689095,61.74489911302243,61.74824716488274,61.774979017096285,63.43304465837232,0.7396327929627446,2.3976984342387766,0.0,0.0,0.003348051860314172,0.026731852213544016
1626,61.05723702648462,64,1664,0,0,1,9,61.05723702648462,1536,0.04854755555555555,61.10578458204018,61.10578458204018,61.11802902648462,61.12993516939138,61.15601241548513,62.79214014986014,0.09877538900050808,1.734903123375517,0.0,0.0,0.011906142906759953,0.02607724609374884
1627,61.06391782625035,128,2176,1,6,1,10,61.06391782625035,2048,0.050083555555555555,61.114001381805906,61.114001381805906,61.129090270694796,61.14145954774742,61.16743799361795,64.49186905411833,0.1035201673675985,3.427951227867972,0.0,0.0,0.012369277052620475,0.025978445870535438
1628,61.06628811660581,128,256,115,10,0,6,61.06628811660581,0,0.07987911111111111,61.14616722771692,61.14616722771692,61.15058944993915,61.16830766228017,61.19396507194814,64.4574171035469,0.1276769553423307,3.3911289869410908,0.0,0.0,0.01771821234102333,0.025657409667971365
1629,61.09367566143031,128,2176,9,2,1,15,61.09367566143031,2048,0.050083555555555555,61.14375921698586,61.14375921698586,61.15884810587475,61.16788281686159,61.194354008267844,64.55829344162906,0.10067834683753318,3.4646177801987506,0.0,0.0,0.009034710986838945,0.02647119140625165
1630,61.10852652031479,160,2176,1,9,1,6,61.10852652031479,2048,0.050083555555555555,61.15861007587034,61.15861007587034,61.17369896475923,61.17894058862062,61.20509653344484,65.37860265110513,0.09657001313004798,4.270076130790336,0.0,0.0,0.005241623861387268,0.026155944824218125
1631,61.20459324992645,160,1664,8,5,1,14,61.20459324992645,640,0.29743644444444445,61.50202969437089,61.50202969437089,61.51427413881533,61.5401065417724,61.56624659711095,65.69540741195935,0.36165334718450026,4.490814162032905,0.0,0.0,0.025832402957071565,0.026140055338544244
1632,61.23234801249608,128,5248,7,15,1,9,61.23234801249608,5120,0.05929955555555556,61.29164756805164,61.29164756805164,61.32380312360719,61.34460149303603,61.370908744012596,64.72888343128008,0.13856073151651316,3.496535418783999,0.0,0.0,0.020798369428838726,0.026307250976564944
1633,61.26509224541195,160,512,83,13,0,12,61.26509224541195,0,0.15175822222222224,61.41685046763417,61.41685046763417,61.42269491207861,61.444532399324096,61.47061662783972,65.60755676455844,0.20552438242776816,4.342464519146489,0.0,0.0,0.02183748724548451,0.026084228515621533
1634,61.28732456322628,160,3200,2,1,1,14,61.28732456322628,3072,0.05315555555555555,61.340480118781834,61.340480118781834,61.361257896559614,61.36903001416188,61.395668616282414,65.61929875486126,0.10834405305613615,4.331974191634984,0.0,0.0,0.007772117602264927,0.026638602120534927
1635,61.29579789683503,128,5248,3,3,1,8,61.29579789683503,256,1.4104106666666667,62.7062085635017,62.7062085635017,62.73836411905725,62.748505153390184,62.776082301827685,66.17181597928302,1.480284404992652,4.876018082447992,0.0,0.0,0.010141034332932009,0.027577148437501364
1636,61.3376828358195,96,1664,4,4,1,10,61.3376828358195,768,0.2618808888888889,61.59956372470839,61.59956372470839,61.61180816915283,61.62991848387804,61.65653303465929,64.1618627628494,0.31885019883979027,2.8241799270298955,0.0,0.0,0.018110314725213073,0.02661455078124675
1637,61.38233463530104,128,512,4,10,0,4,61.38233463530104,0,0.15175822222222224,61.53409285752326,61.53409285752326,61.539937301967704,61.553245423859416,61.57886078030473,64.84810704495315,0.1965261450036877,3.4657724096521108,0.0,0.0,0.013308121891711266,0.02561535644531432
1638,61.39643446699475,64,2944,30,2,0,2,61.39643446699475,2752,0.07016533333333333,61.46659980032808,61.46659980032808,61.48595535588364,61.51204639108035,61.53851392037722,63.212806633360856,0.14207945338247185,1.8163721663661079,0.0,0.0,0.02609103519670697,0.026467529296873238
1639,61.3992323702989,96,960,84,0,1,15,61.3992323702989,256,0.20643555555555557,61.605667925854455,61.605667925854455,61.61400125918779,61.625370325641384,61.65132169282889,64.11620389672119,0.25208932252999006,2.7169715264222916,0.0,0.0,0.011369066453596588,0.025951367187502683
1640,61.491140806201386,64,4480,135,8,1,1,61.491140806201386,256,1.1947733333333332,62.68591413953472,62.68591413953472,62.713803028423605,62.71653626775702,62.74287005681952,64.41866714398934,1.2517292506181334,2.9275263377879526,0.0,0.0,0.002733239333416293,0.02633378906249817
1641,61.50251333942152,96,1664,0,13,1,0,61.50251333942152,1536,0.04854755555555555,61.55106089497708,61.55106089497708,61.56330533942152,61.574958424714715,61.60099026065222,64.07093901902275,0.09847692123069862,2.5684256796012264,0.0,0.0,0.011653085293197307,0.026031835937502024
1642,61.504921350829626,160,3200,2,15,1,1,61.504921350829626,3072,0.05315555555555555,61.55807690638518,61.55807690638518,61.57885468416296,61.58232919485895,61.608847679791985,65.79151958036863,0.1039263289623591,4.286598229539003,0.0,0.0,0.003474510695987476,0.026518484933035325
1643,61.57073199517453,64,2176,1,6,1,9,61.57073199517453,2048,0.050083555555555555,61.620815550730086,61.620815550730086,61.635904439618976,61.6604140817876,61.6863281442876,63.33017210587613,0.11559614911306682,1.759440110701597,0.0,0.0,0.02450964216862417,0.025914062500000057
1644,61.57256446377222,64,2176,1,1,1,6,61.57256446377222,2048,0.050083555555555555,61.62264801932777,61.62264801932777,61.63773690821666,61.662081492956524,61.68865278201903,63.364558072895136,0.11608831824680976,1.791993609122919,0.0,0.0,0.024344584739864672,0.0265712890625025
1645,61.597557716542156,96,5248,15,2,1,7,61.597557716542156,5120,0.05929955555555556,61.65685727209771,61.65685727209771,61.689012827653265,61.69732935006472,61.72401860787722,64.2437215015249,0.12646089133506422,2.646163784982747,0.0,0.0,0.008316522411455196,0.026689257812499534
1646,61.623056993420256,160,4544,43,9,1,7,61.623056993420256,4288,0.09274311111111111,61.71580010453137,61.71580010453137,61.744044548975815,61.75649408796958,61.78274254174562,65.96119341910178,0.1596855483253634,4.338136425681519,0.0,0.0,0.012449538993763554,0.026248453776041458
1647,61.65380612766218,128,4416,95,14,1,0,61.65380612766218,256,1.1768035555555554,62.83060968321774,62.83060968321774,62.85814301655107,62.88033537531537,62.90658156672162,66.20041780300323,1.252775439059441,4.546611675341055,0.0,0.0,0.02219235876430048,0.026246191406251285
1648,61.68835706109893,128,1664,0,5,1,13,61.68835706109893,1536,0.04854755555555555,61.736904616654485,61.736904616654485,61.749149061098926,61.74924065635574,61.77533726628877,65.07098218874506,0.08698020518984606,3.3826251276461363,0.0,0.0,9.159525681212699e-05,0.026096609933034642
1649,61.76802041344151,128,3136,18,4,1,15,61.76802041344151,2880,0.0885191111111111,61.85653952455262,61.85653952455262,61.876961746774846,61.894566335440544,61.92099446044055,65.26966305581814,0.15297404699903439,3.5016426423766305,0.0,0.0,0.017604588665697918,0.026428125000002467
1650,61.770508996053,64,256,15,10,0,2,61.770508996053,0,0.07987911111111111,61.850388107164115,61.850388107164115,61.85481032938634,61.86066192776566,61.886228008494825,63.49935587307815,0.11571901244182214,1.7288468770251484,0.0,0.0,0.005851598379322809,0.025566080729163332
1651,61.85077637736814,128,3200,2,13,1,15,61.85077637736814,3072,0.05315555555555555,61.9039319329237,61.9039319329237,61.92470971070148,61.939448561433466,61.96557453799596,65.27028583821915,0.11479816062782078,3.4195094608510104,0.0,0.0,0.01473885073198744,0.026125976562497044
1652,61.89006940869431,64,1664,0,9,1,5,61.89006940869431,1536,0.04854755555555555,61.93861696424987,61.93861696424987,61.95086140869431,61.96649539005291,61.992684912932376,63.63970109887453,0.10261550423806653,1.7496316901802231,0.0,0.0,0.015633981358604387,0.026189522879462857
1653,62.01071225331662,160,1728,53,15,1,13,62.01071225331662,256,0.42207288888888894,62.43278514220551,62.43278514220551,62.44538514220551,62.4636225612094,62.4902959987094,66.64564733915768,0.47958374539278026,4.634935085841057,0.0,0.0,0.018237419003888533,0.026673437500001285
1654,62.04685238444389,64,2176,5,0,1,1,62.04685238444389,2048,0.050083555555555555,62.09693593999944,62.09693593999944,62.11202482888833,62.11852979829764,62.144507418740346,63.77530203253313,0.09765503429645861,1.7284496480892457,0.0,0.0,0.006504969409306227,0.025977620442709792
1655,62.13949977325844,128,1280,32,2,1,4,62.13949977325844,576,0.20739555555555558,62.346895328814,62.346895328814,62.35700643992511,62.364707279752224,62.39122933378868,65.7314416156122,0.25172956053023654,3.591941842353755,0.0,0.0,0.007700839827116113,0.026522054036455245
1656,62.178350154745026,64,2688,54,11,1,2,62.178350154745026,256,0.6916195555555555,62.86996971030058,62.86996971030058,62.88790304363391,62.89990246663596,62.92663293538596,64.61292736897971,0.7482827806409347,2.434577214234686,0.0,0.0,0.011999423002045262,0.026730468750002956
1657,62.224839333411786,128,896,96,13,1,15,62.224839333411786,256,0.1884657777777778,62.413305111189565,62.413305111189565,62.42128288896734,62.43643635440222,62.462497877839716,65.76386731143343,0.23765854442793,3.539027978021643,0.0,0.0,0.015153465434877944,0.026061523437498124
1658,62.27727269235814,160,2176,1,6,1,1,62.27727269235814,2048,0.050083555555555555,62.32735624791369,62.32735624791369,62.34244513680258,62.35934992163134,62.38528742163134,66.58561996557665,0.10801472927320077,4.308347273218516,0.0,0.0,0.016904784828760455,0.025937499999997726
1659,62.353478108307165,128,4096,0,4,0,9,62.353478108307165,0,1.1580657777777779,63.511543886084944,63.511543886084944,63.5372994416405,63.55360075926867,63.58010527587023,66.93404744709417,1.2266271675630662,4.580569338787008,0.0,0.0,0.016301317628169443,0.0265045166015625
1660,62.37371599894243,64,1664,0,0,1,9,62.37371599894243,1536,0.04854755555555555,62.42226355449799,62.42226355449799,62.43450799894243,62.45623927095389,62.482163261839304,64.11620389672119,0.10844726289687401,1.7424878977787586,0.0,0.0,0.021731272011457747,0.02592399088541697
1661,62.38865442899957,64,960,100,7,1,13,62.38865442899957,256,0.20643555555555557,62.59508998455513,62.59508998455513,62.60342331788846,62.625261536627534,62.65133050635409,64.29205881852857,0.26267607735452003,1.9034043895290012,0.0,0.0,0.021838218739070214,0.026068969726559033
1662,62.400238005412724,128,2176,1,5,1,6,62.400238005412724,2048,0.050083555555555555,62.45032156096828,62.45032156096828,62.46541044985717,62.478878286564075,62.50496441937658,65.80022953807543,0.10472641396385285,3.3999915326627033,0.0,0.0,0.013467836706908543,0.026086132812501717
1663,62.40665447622521,128,5248,23,10,1,3,62.40665447622521,4352,0.27263288888888887,62.67928736511409,62.67928736511409,62.71144292066965,62.7259983535469,62.7516618301094,66.05876909968717,0.345007353884192,3.652114623461962,0.0,0.0,0.014555432877251917,0.025663476562499454
1664,62.41852396890617,64,1856,17,9,1,12,62.41852396890617,1600,0.08467911111111111,62.503203080017286,62.503203080017286,62.516514191128394,62.516577909584164,62.54274099552166,64.19014292268251,0.12421702661549006,1.7716189537763398,0.0,0.0,6.371845577035629e-05,0.0261630859374975
1665,62.465255816187,128,1664,8,1,1,5,62.465255816187,1536,0.04854755555555555,62.51380337174256,62.51380337174256,62.526047816187,62.54206952309045,62.5687278238717,65.93727987465293,0.10347200768469378,3.4720240584659265,0.0,0.0,0.01602170690344451,0.026658300781249977
1666,62.52711175788429,64,1920,17,15,1,9,62.52711175788429,256,0.4759822222222222,63.00309398010651,63.00309398010651,63.01676064677318,63.022020705740644,63.04839101824064,64.70266720406654,0.5212792603563514,2.1755554461822513,0.0,0.0,0.0052600589674653975,0.026370312499999216
1667,62.533226516054796,96,4672,51,12,1,14,62.533226516054796,256,1.2486826666666666,63.78190918272146,63.78190918272146,63.81086473827702,63.81086473827702,63.83814598827702,66.3241204023395,1.304919472222224,3.7908938862847066,0.0,0.0,0.0,0.027281250000001478
1668,62.580962362589275,160,2048,1,5,0,5,62.580962362589275,0,0.5830328888888889,63.16399525147816,63.16399525147816,63.17837302925594,63.181238638126565,63.20721754437657,67.35020537977928,0.6262551817872932,4.769243017190007,0.0,0.0,0.0028656088706284777,0.02597890625000332
1669,62.632154334599726,96,896,128,0,1,4,62.632154334599726,256,0.1884657777777778,62.820620112377505,62.820620112377505,62.82859789015528,62.84375733736014,62.86949229829764,65.35958025983967,0.23733796369791094,2.727425925239949,0.0,0.0,0.015159447204858623,0.025734960937498386
1670,62.64066029639696,160,5248,15,6,1,2,62.64066029639696,5120,0.05929955555555556,62.699959851952514,62.699959851952514,62.73211540750807,62.74914891251675,62.77560093888394,66.98230033899554,0.13494064248698123,4.341640042598584,0.0,0.0,0.01703350500868339,0.026452026367188353
1671,62.6531275786317,128,2944,34,13,1,2,62.6531275786317,256,0.7634986666666667,63.41662624529836,63.41662624529836,63.43598180085392,63.44721301455846,63.47316125674596,66.79079016299592,0.8200336781142639,4.137662584364222,0.0,0.0,0.011231213704540721,0.025948242187503467
1672,62.66521779817156,160,2176,5,2,1,0,62.66521779817156,2048,0.050083555555555555,62.715301353727114,62.715301353727114,62.730390242616004,62.73606046985639,62.76252273269121,66.93673734315126,0.09730493451964861,4.271519544979704,0.0,0.0,0.005670227240386794,0.026462262834819228
1673,62.74183007397405,96,1024,64,9,1,6,62.74183007397405,768,0.08218311111111111,62.824013185085164,62.824013185085164,62.832702073974055,62.856736112709164,62.8828311647925,65.37860265110513,0.14100109081844892,2.636772577131076,0.0,0.0,0.024034038735109675,0.026095052083334735
1674,62.75199813350479,64,4928,55,1,1,7,62.75199813350479,256,1.3205617777777776,64.07255991128257,64.07255991128257,64.10293768906034,64.12855367836387,64.1551741210722,65.83235018715293,1.4031759875674155,3.0803520536481344,0.0,0.0,0.025615989303531705,0.02662044270833519
1675,62.767968314720505,128,3200,2,8,1,13,62.767968314720505,3072,0.05315555555555555,62.82112387027606,62.82112387027606,62.84190164805384,62.84821009588202,62.87458403793931,66.25341465608011,0.10661572321880186,3.485446341359605,0.0,0.0,0.00630844782817519,0.026373942057290378
1676,62.81383766303737,160,1664,4,6,1,4,62.81383766303737,704,0.27965866666666667,63.09349632970404,63.09349632970404,63.10574077414848,63.11952171525113,63.14585130509488,67.34815743534972,0.33201364205751105,4.534319772312351,0.0,0.0,0.013780941102652378,0.02632958984374767
1677,62.82395933262891,96,3200,14,2,1,4,62.82395933262891,3072,0.05315555555555555,62.877114888184465,62.877114888184465,62.897892665962246,62.921365715392106,62.9478579028921,65.4463332171747,0.12389857026319362,2.6223738845457873,0.0,0.0,0.023473049429860282,0.026492187499997044
1678,62.83528034581313,64,3200,2,7,1,8,62.83528034581313,3072,0.05315555555555555,62.88843590136869,62.88843590136869,62.90921367914647,62.91185813493482,62.93791282243482,64.58455784196607,0.10263247662168595,1.749277496152942,0.0,0.0,0.0026444557883493758,0.026054687500000284
1679,62.87825710787837,160,1664,0,10,1,0,62.87825710787837,1536,0.04854755555555555,62.92680466343393,62.92680466343393,62.93904910787837,62.957703382843775,62.983495668000025,67.13235401412169,0.10523856012165567,4.254096906243319,0.0,0.0,0.018654274965406614,0.02579228515624976
1680,62.93447116247387,160,1600,97,3,1,7,62.93447116247387,256,0.3861333333333334,63.3206044958072,63.3206044958072,63.33249338469609,63.355315211983935,63.38230088906727,67.59280982693927,0.4478297265933975,4.658338664465404,0.0,0.0,0.02282182728784221,0.02698567708333144
1681,63.08387294293589,64,2048,8,9,0,1,63.08387294293589,0,0.5830328888888889,63.66690583182478,63.66690583182478,63.68128360960255,63.69195172666471,63.718062017192054,65.37860265110513,0.6341890742561631,2.2947297081692355,0.0,0.0,0.010668117062159865,0.026110290527341817
1682,63.09256762247048,160,1280,113,10,1,8,63.09256762247048,256,0.29628444444444446,63.38885206691493,63.38885206691493,63.39896317802604,63.42203922268753,63.44781095120315,67.60472803755918,0.3552433287326693,4.512160415088701,0.0,0.0,0.02307604466149371,0.025771728515621817
1683,63.12590274610882,128,5248,3,7,1,3,63.12590274610882,256,1.4104106666666667,64.53631341277548,64.53631341277548,64.56846896833105,64.58455784196607,64.61212034196608,67.98784849138013,1.486217595857255,4.8619457452713135,0.0,0.0,0.016088873635027312,0.027562500000001933
1684,63.13170002455701,128,256,65,14,0,8,63.13170002455701,0,0.07987911111111111,63.211579135668124,63.211579135668124,63.21600135789035,63.22088881769818,63.24683754816693,66.53487581081573,0.11513752360991703,3.4031757862587213,0.0,0.0,0.0048874598078327836,0.025948730468748238
1685,63.138663648413534,128,4480,95,11,1,14,63.138663648413534,256,1.1947733333333332,64.33343698174687,64.33343698174687,64.36132587063577,64.37080334554221,64.39770406168805,67.74965710530782,1.259040413274512,4.610993456894285,0.0,0.0,0.009477474906447014,0.026900716145831893
1686,63.1445281601175,160,2176,5,0,1,2,63.1445281601175,2048,0.050083555555555555,63.194611715673055,63.194611715673055,63.209700604561945,63.22983302095389,63.25562867525077,67.47156785517078,0.11110051513326624,4.327039695053273,0.0,0.0,0.020132416391945185,0.025795654296878467
1687,63.1830348638623,96,1664,0,2,1,10,63.1830348638623,1536,0.04854755555555555,63.231582419417855,63.231582419417855,63.243826863862296,63.26581184169419,63.292216487341506,65.78337960389345,0.10918162347920912,2.6003447400311543,0.0,0.0,0.021984977831891683,0.026404645647318148
1688,63.19501750477751,160,5248,3,8,1,7,63.19501750477751,5120,0.05929955555555556,63.254317060333065,63.254317060333065,63.28647261588862,63.29757619288723,63.32428607244452,67.55340811659909,0.12926856766701178,4.3583906118215765,0.0,0.0,0.011103576998607423,0.02670987955729487
1689,63.212312251280274,160,1664,0,15,1,2,63.212312251280274,1536,0.04854755555555555,63.26085980683583,63.26085980683583,63.27310425128027,63.2857458033969,63.31202721615732,67.45920056181393,0.09971496487704457,4.246888310533656,0.0,0.0,0.012641552116626542,0.026281412760418732
1690,63.27373374517609,128,4992,27,0,1,10,63.27373374517609,4736,0.09408711111111111,63.367820856287196,63.367820856287196,63.398554189620526,63.410412854938265,63.4364459883088,66.7995886885041,0.1627122431327095,3.5258549433280137,0.0,0.0,0.011858665317738826,0.02603313337053237
1691,63.278785290318694,64,1024,60,14,1,1,63.278785290318694,256,0.22440533333333335,63.50319062365203,63.50319062365203,63.51187951254092,63.53230580988568,63.55818463475547,65.18823323269075,0.2793993444367757,1.9094479423720543,0.0,0.0,0.02042629734475554,0.02587882486979254
1692,63.374106270284706,64,3200,2,2,1,7,63.374106270284706,3072,0.05315555555555555,63.42726182584026,63.42726182584026,63.44803960361804,63.45065461513168,63.47708198329575,65.13418547721933,0.10297571301104114,1.760079206934627,0.0,0.0,0.0026150115136402974,0.026427368164064546
1693,63.43417899101828,128,512,14,5,0,2,63.43417899101828,0,0.15175822222222224,63.5859372132405,63.5859372132405,63.59178165768494,63.59668441449375,63.622492324650004,66.92942680370042,0.18831333363172575,3.4952478126821447,0.0,0.0,0.004902756808810693,0.025807910156252944
1694,63.4525452788451,128,2816,26,6,1,12,63.4525452788451,256,0.7275591111111112,64.18010438995621,64.18010438995621,64.19874883440066,64.20141319474332,64.22781583146208,67.58384405644347,0.7752705526169805,4.131298777598367,0.0,0.0,0.0026643603426634854,0.026402636718756867
1695,63.46805649489843,64,2176,1,8,1,5,63.46805649489843,2048,0.050083555555555555,63.51814005045398,63.51814005045398,63.53322893934287,63.53798268702785,63.564603850532315,65.24227232209574,0.09654735563388783,1.7742158271973167,0.0,0.0,0.0047537476849797144,0.026621163504465528
1696,63.5881589082543,96,3008,30,3,1,2,63.5881589082543,2432,0.17702400000000001,63.7651829082543,63.7651829082543,63.78489401936542,63.7865277770881,63.81314073281726,66.32997613553303,0.2249818245629598,2.7418172272787302,0.0,0.0,0.0016337577226792632,0.026612955729163446
1697,63.594731923450915,96,1664,8,10,1,1,63.594731923450915,1536,0.04854755555555555,63.64327947900647,63.64327947900647,63.655523923450914,63.680642201203156,63.706527617869824,66.18920664619014,0.11179569441890891,2.5944747227392284,0.0,0.0,0.025118277752241625,0.025885416666667993
1698,63.60189925375942,160,3200,14,13,1,2,63.60189925375942,2624,0.1776,63.77949925375942,63.77949925375942,63.8002770315372,63.810532838777206,63.83657469145578,68.0139334735428,0.23467543769636023,4.412034219783386,0.0,0.0,0.010255807240007186,0.026041852678574173
1699,63.62589418712528,96,5248,3,0,1,8,63.62589418712528,5120,0.05929955555555556,63.68519374268084,63.68519374268084,63.71734929823639,63.72284268194719,63.74907211309954,66.2656363447541,0.12317792597425381,2.6397421576288167,0.0,0.0,0.005493383710799549,0.026229431152344773
1700,63.70184781036827,64,512,112,15,0,13,63.70184781036827,0,0.15175822222222224,63.85360603259049,63.85360603259049,63.85945047703493,63.864527997407315,63.89071289324065,65.53160209989987,0.18886508287237547,1.8297542895316,0.0,0.0,0.005077520372381628,0.026184895833331723
1701,63.71804065239553,160,3200,2,2,0,2,63.71804065239553,3072,0.05315555555555555,63.771196207951085,63.771196207951085,63.791973985728866,63.794248487202,63.82069651237561,67.9910793841669,0.1026558599800822,4.273038731771365,0.0,0.0,0.0022745014731313518,0.026448025173614553
1702,63.74687257659246,64,1664,12,14,1,6,63.74687257659246,256,0.40410311111111114,64.15097568770356,64.15097568770356,64.16322013214801,64.1799554192607,64.2058675286357,65.83733626003449,0.45899495204323415,2.0904636834420316,0.0,0.0,0.016735287112680908,0.02591210937499966
1703,63.77434664493701,160,2752,114,8,0,8,63.77434664493701,2560,0.06958933333333334,63.843935978270345,63.843935978270345,63.862224867159235,63.88409589852339,63.91068793953902,68.13823342584388,0.13634129460200484,4.363886780906867,0.0,0.0,0.02187103136415658,0.02659204101562551
1704,63.833859374266694,160,5248,7,9,1,15,63.833859374266694,5120,0.05929955555555556,63.89315892982225,63.89315892982225,63.925314485377804,63.9269619195358,63.95323747292122,68.15671030549501,0.11937809865452209,4.3228509312283165,0.0,0.0,0.0016474341579950647,0.02627555338541754
1705,63.8411754919563,64,512,2,4,0,2,63.8411754919563,0,0.15175822222222224,63.99293371417852,63.99293371417852,63.99877815862296,64.00424394774522,64.03050420165147,65.69090914956814,0.18932870969516813,1.8497336576118428,0.0,0.0,0.0054657891222618105,0.026260253906244202
1706,63.84852828351257,128,2176,1,5,1,8,63.84852828351257,2048,0.050083555555555555,63.898611839068124,63.898611839068124,63.913700727957014,63.9322253324625,63.95808096397292,67.27138897352928,0.10955268046034661,3.4228606900167122,0.0,0.0,0.018524604505486764,0.025855631510417254
1707,63.85478235096902,64,1664,12,0,1,14,63.85478235096902,1536,0.04854755555555555,63.903329906524576,63.903329906524576,63.91557435096902,63.932808938225094,63.9590067531665,65.62567226597807,0.10422440219748097,1.7708899150090502,0.0,0.0,0.01723458725607685,0.02619781494140483
1708,63.93809499530883,96,4352,119,10,1,4,63.93809499530883,256,1.1588337777777777,65.0969287730866,65.0969287730866,65.12410655086438,65.13671068264847,65.16312738186723,67.65744161177794,1.2250323865583965,3.7193466164691102,0.0,0.0,0.012604131784087258,0.02641669921875689
1709,63.963511177929654,160,1664,0,3,1,15,63.963511177929654,1536,0.04854755555555555,64.0120587334852,64.0120587334852,64.02430317792965,64.02606195677559,64.0524780944709,68.25302418240803,0.08896691654124567,4.289513004478373,0.0,0.0,0.001758778845939446,0.02641613769530693
1710,63.98831384361,96,832,120,2,1,9,63.98831384361,256,0.170496,64.15880984361,64.15880984361,64.16643206583223,64.1910201343374,64.21737057379053,66.69920245545595,0.22905673018053108,2.710888611845945,0.0,0.0,0.02458806850518158,0.02635043945312532
1711,63.99579056892206,64,2176,9,13,1,2,63.99579056892206,1088,0.3167502222222222,64.31254079114429,64.31254079114429,64.32762968003317,64.331734429179,64.35781336798108,65.99936233096469,0.36202279905901946,2.0035717620426254,0.0,0.0,0.004104749145824371,0.026078938802086782
1712,63.99930179699688,96,256,78,12,0,2,63.99930179699688,0,0.07987911111111111,64.07918090810799,64.07918090810799,64.0836031303302,64.08369921093326,64.10990477733951,66.58091776562075,0.11060298034262672,2.581615968623872,0.0,0.0,9.608060305765775e-05,0.02620556640624727
1713,64.0191392215884,64,5056,27,0,0,0,64.0191392215884,4864,0.07650133333333334,64.09564055492174,64.09564055492174,64.12672944381063,64.1425789781014,64.16911071638265,65.8396052086864,0.14997149479424365,1.8204659870979896,0.0,0.0,0.015849534290765632,0.026531738281249773
1714,64.04118647851334,160,3200,2,4,1,2,64.04118647851334,3072,0.05315555555555555,64.09434203406889,64.09434203406889,64.11511981184667,64.13555010008898,64.1618627628494,68.34720565021917,0.12067628433605648,4.306019171705827,0.0,0.0,0.020430288242309302,0.026312662760417993
1715,64.05324664028527,128,3200,2,9,1,4,64.05324664028527,3072,0.05315555555555555,64.10640219584081,64.10640219584081,64.1271799736186,64.13743127988737,64.16378685714432,67.51925046662784,0.11054021685905013,3.466003826342572,0.0,0.0,0.010251306268770577,0.02635557725695037
1716,64.0839110211921,64,2496,154,5,1,15,64.0839110211921,256,0.6377102222222223,64.72162124341432,64.72162124341432,64.73848791008099,64.75984772829584,64.78576862673334,66.43032784536709,0.7018576055412495,2.3464168241749945,0.0,0.0,0.021359818214847337,0.025920898437505002
1717,64.0891010003148,96,2176,13,15,1,6,64.0891010003148,256,0.5478613333333333,64.63696233364813,64.63696233364813,64.65205122253701,64.6764868190219,64.70266720406654,67.1705508222306,0.6135662037517449,3.081449821915797,0.0,0.0,0.02443559648489213,0.02618038504463982
1718,64.09603600582031,96,5248,3,8,1,0,64.09603600582031,5120,0.05929955555555556,64.15533556137586,64.15533556137586,64.18749111693143,64.20385883797651,64.23068690194135,66.75861500834016,0.13465089612104464,2.6625790025198484,0.0,0.0,0.01636772104508566,0.026828063964842386
1719,64.14992551214822,128,4736,51,3,1,12,64.14992551214822,256,1.2666524444444445,65.41657795659266,65.41657795659266,65.44588906770377,65.4532321227912,65.47984862669746,68.83636793240802,1.3299231145492456,4.686442420259809,0.0,0.0,0.007343055087432049,0.026616503906254252
1720,64.23880563988097,160,3200,10,1,1,7,64.23880563988097,3072,0.05315555555555555,64.29196119543651,64.29196119543651,64.3127389732143,64.31490703122846,64.34151555173626,68.57324536944459,0.10270991185529965,4.334439729563627,0.0,0.0,0.002168058014163421,0.026608520507807043
1721,64.2501128120173,160,4096,28,6,0,8,64.2501128120173,0,1.1580657777777779,65.40817858979509,65.40817858979509,65.43393414535065,65.44541202286833,65.47200909318083,69.64719535038878,1.2218962811635237,5.397082538371478,0.0,0.0,0.01147787751767737,0.02659707031250491
1722,64.2851809065954,96,2176,1,0,1,5,64.2851809065954,2048,0.050083555555555555,64.33526446215096,64.33526446215096,64.35035335103984,64.35484655622639,64.38132305769123,66.9055056806916,0.09614215109583313,2.620324774096204,0.0,0.0,0.004493205186548721,0.026476501464841817
1723,64.31364599055583,96,512,20,14,0,14,64.31364599055583,0,0.15175822222222224,64.46540421277805,64.46540421277805,64.4712486572225,64.49093295832319,64.51671733332319,66.97287315782094,0.20307134276735894,2.659227167265115,0.0,0.0,0.019684301100681978,0.025784375000000637
1724,64.37659411299735,64,2880,26,4,1,6,64.37659411299735,256,0.7455288888888889,65.12212300188624,65.12212300188624,65.14112300188624,65.16415543863064,65.19053161050564,66.85513719318791,0.8139374975082916,2.478543080190562,0.0,0.0,0.023032436744401252,0.02637617187500041
1725,64.42624342969677,96,1344,85,9,0,9,64.42624342969677,1088,0.0831431111111111,64.50938654080788,64.50938654080788,64.51985320747455,64.53395775945707,64.56034533269926,67.06772393667991,0.13410190300248814,2.641480506983143,0.0,0.0,0.014104551982512703,0.026387573242189433
1726,64.42648688745469,128,256,3,8,0,8,64.42648688745469,0,0.07987911111111111,64.5063659985658,64.5063659985658,64.51078822078802,64.5265340059685,64.55308527549975,67.92381968886471,0.12659838804506762,3.4973328014100247,0.0,0.0,0.015745785180484972,0.02655126953125375
1727,64.50053912327078,64,1344,32,0,1,2,64.50053912327078,960,0.11869866666666666,64.61923778993744,64.61923778993744,64.62970445660412,64.64611492780843,64.67250506452717,66.3451873213166,0.17196594125638853,1.8446481980458174,0.0,0.0,0.01641047120430983,0.026390136718745794
1728,64.53377076564092,160,1664,4,2,1,6,64.53377076564092,1536,0.04854755555555555,64.58231832119648,64.58231832119648,64.59456276564093,64.61075205979313,64.6369357077966,68.79184964783877,0.10316494215567218,4.25807888219785,0.0,0.0,0.016189294152198386,0.026183648003467397
1729,64.62114112304891,160,1664,0,14,1,3,64.62114112304891,1536,0.04854755555555555,64.66968867860447,64.66968867860447,64.68193312304892,64.69722163019819,64.72301394790652,68.8461478974043,0.10187282485760818,4.2250067743553785,0.0,0.0,0.015288507149264774,0.02579231770833701
1730,64.63888813091305,96,1664,0,12,1,14,64.63888813091305,1536,0.04854755555555555,64.6874356864686,64.6874356864686,64.69968013091305,64.71276757030827,64.7388499270791,67.20191613801659,0.09996179616605616,2.56302800710354,0.0,0.0,0.013087439395221168,0.026082356770828596
1731,64.71730676735159,96,1664,4,11,1,2,64.71730676735159,1536,0.04854755555555555,64.76585432290715,64.76585432290715,64.7780987673516,64.80323815999533,64.82996846598492,67.32828991780782,0.11266169863333175,2.610983150456235,0.0,0.0,0.025139392643737324,0.026730305989588032
1732,64.80891688849539,96,1280,121,8,1,11,64.80891688849539,1024,0.0829511111111111,64.8918679996065,64.8918679996065,64.90197911071762,64.9248543184685,64.9512795416828,67.4738371763089,0.14236265318740493,2.6649202878135156,0.0,0.0,0.022875207750885806,0.026425223214289417
1733,64.81727802697793,64,960,112,15,1,13,64.81727802697793,256,0.20643555555555557,65.02371358253349,65.02371358253349,65.03204691586683,65.04013636096758,65.06599858427487,66.69788635282956,0.24872055729693443,1.8806083258516253,0.0,0.0,0.008089445100750936,0.025862223307285603
1734,64.81870460237991,64,4800,47,2,1,0,64.81870460237991,256,1.284622222222222,66.10332682460214,66.10332682460214,66.1329934912688,66.14738643983095,66.17365851014345,67.83451248963564,1.3549539077635444,3.0158078872557326,0.0,0.0,0.014392948562147012,0.026272070312501228
1735,64.8193154207331,128,1664,4,7,1,11,64.8193154207331,1536,0.04854755555555555,64.86786297628866,64.86786297628866,64.88010742073311,64.88777219743483,64.9144623829817,68.27976877946607,0.09514696224859165,3.4604533587329627,0.0,0.0,0.0076647767017163915,0.02669018554686886
1736,64.84197260666949,64,1088,28,12,1,8,64.84197260666949,256,0.2423751111111111,65.0843477177806,65.0843477177806,65.09339216222504,65.10405419140201,65.1300042646442,66.76159842968325,0.2880316579747131,1.9196258230137602,0.0,0.0,0.010662029176970123,0.025950073242185567
1737,64.86799291591338,160,4608,43,1,1,9,64.86799291591338,256,1.230712888888889,66.09870580480226,66.09870580480226,66.12730580480226,66.15003182777792,66.17695492348105,70.42590080564251,1.308962007567672,5.557907889729137,0.0,0.0,0.022726022975660953,0.026923095703125455
1738,64.86851986444444,64,3200,14,14,1,13,64.86851986444444,2944,0.0887111111111111,64.95723097555555,64.95723097555555,64.97800875333333,64.9809639804586,65.00687092800324,66.63827423203969,0.138351063558801,1.7697543675952545,0.0,0.0,0.0029552271252697437,0.025906947544640957
1739,64.87742043486548,64,1664,0,13,1,12,64.87742043486548,1536,0.04854755555555555,64.92596799042104,64.92596799042104,64.93821243486549,64.95776372605398,64.98381464681292,66.6310028094803,0.10639421194743193,1.7535823746148083,0.0,0.0,0.01955129118849186,0.02605092075893367
1740,64.88886916108449,160,4480,67,0,1,3,64.88886916108449,256,1.1947733333333332,66.08364249441782,66.08364249441782,66.11153138330671,66.13215042353015,66.15884663121244,70.37801495803537,1.2699774701279551,5.489145796950879,0.0,0.0,0.02061904022343697,0.026696207682292084
1741,64.90810812282984,64,2176,1,5,1,0,64.90810812282984,2048,0.050083555555555555,64.9581916783854,64.9581916783854,64.97328056727429,64.99315339235834,65.01909583620599,66.66672105128227,0.11098771337614721,1.758612928452422,0.0,0.0,0.019872825084050305,0.025942443847654317
1742,64.91947614846674,96,3200,2,9,0,9,64.91947614846674,3072,0.05315555555555555,64.97263170402229,64.97263170402229,64.99340948180007,65.00907547011555,65.03549624648274,67.54580320100284,0.11602009801599422,2.626327052536098,0.0,0.0,0.015665988315475943,0.02642077636718909
1743,64.94536228331263,64,1664,97,11,1,3,64.94536228331263,256,0.40410311111111114,65.34946539442375,65.34946539442375,65.3617098388682,65.36196032796408,65.38824060140158,67.04040466390157,0.44287831808894396,2.0950423805889358,0.0,0.0,0.0002504890958903161,0.02628027343749295
1744,64.95905515222972,96,1664,16,1,1,13,66.09870580480226,256,0.40410311111111114,66.50280891591338,66.50280891591338,66.51505336035783,66.52699960121542,66.5535570556425,69.07819572751751,1.5945019034127768,4.119140575287787,1.1396506525725414,0.0,0.01194624085759699,0.026557454427077687
1745,65.0582827806368,96,3200,10,7,1,1,65.0582827806368,3072,0.05315555555555555,65.11143833619235,65.11143833619235,65.13221611397013,65.15469602555983,65.18134690446608,67.69561194352858,0.12306412382928045,2.637329162891774,0.0,0.0,0.02247991158969853,0.02665087890625273
1746,65.07081070031907,64,1600,41,14,1,12,65.07081070031907,256,0.3861333333333334,65.4569440336524,65.4569440336524,65.4688329225413,65.47397542019074,65.49992659206573,67.12799864610218,0.42911589174666176,2.057187945783113,0.0,0.0,0.005142497649444522,0.025951171874993406
1747,65.09375522776709,160,5248,3,8,0,8,65.09375522776709,5120,0.05929955555555556,65.15305478332264,65.15305478332264,65.1852103388782,65.18912852326761,65.21570017854106,69.45043948053139,0.12194495077396539,4.356684252764296,0.0,0.0,0.00391818438940561,0.026571655273443184
1748,65.09754826992241,128,1664,0,13,0,13,65.09754826992241,1536,0.04854755555555555,65.14609582547797,65.14609582547797,65.15834026992242,65.1661847640004,65.19220930013321,68.54172481468864,0.0946610302108013,3.444176544766222,0.0,0.0,0.007844494077986042,0.026024536132808862
1749,65.13512383831494,64,1664,0,9,1,13,65.13512383831494,1536,0.04854755555555555,65.1836713938705,65.1836713938705,65.19591583831495,65.22045535292804,65.24681201525443,66.90912676871116,0.11168817693949507,1.7740029303962217,0.0,0.0,0.024539514613096003,0.026356662326392666
1750,65.29026398584608,96,5248,23,5,1,10,65.29026398584608,4672,0.18374400000000002,65.47400798584609,65.47400798584609,65.50616354140165,65.5122623924281,65.53842450180309,68.03685819553448,0.24816051595701083,2.7465942096883964,0.0,0.0,0.006098851026450802,0.026162109374993747
1751,65.3045423774593,160,4096,5,15,0,0,65.3045423774593,0,1.1580657777777779,66.46260815523708,66.46260815523708,66.48836371079264,66.48917888212644,66.51525573759518,70.69338073759518,1.210713360135884,5.388838360135878,0.0,0.0,0.0008151713337980482,0.026076855468744498
1752,65.3199610453911,64,2048,38,12,0,7,65.3199610453911,0,0.5830328888888889,65.90299393427999,65.90299393427999,65.91737171205777,65.93469872265202,65.96067128124577,67.59110347525616,0.6407102358546695,2.2711424298650655,0.0,0.0,0.017327010594243575,0.02597255859375025
1753,65.35941307861117,96,1664,0,10,1,9,65.35941307861117,1536,0.04854755555555555,65.40796063416673,65.40796063416673,65.42020507861118,65.42732122952347,65.45364170478389,67.9457309672467,0.09422862617272187,2.5863178886355342,0.0,0.0,0.007116150912295893,0.026320475260419585
1754,65.38200848578448,96,1664,4,9,1,7,65.38200848578448,1536,0.04854755555555555,65.43055604134004,65.43055604134004,65.44280048578449,65.45836290501137,65.48483988603816,67.99663584260439,0.10283140025367743,2.614627356819909,0.0,0.0,0.01556241922688173,0.026476981026789304
1755,65.38319683802702,96,1728,49,7,0,7,65.38319683802702,1536,0.06651733333333333,65.44971417136036,65.44971417136036,65.46231417136036,65.47453879899733,65.50099229020827,68.01423411149732,0.1177954521812552,2.631037273470298,0.0,0.0,0.012224627636967966,0.02645349121094398
1756,65.51022424077888,128,1344,121,14,1,8,65.51022424077888,256,0.3142542222222222,65.8244784630011,65.8244784630011,65.83494512966777,65.83733626003449,65.8632674821327,69.16300043646679,0.3530432413538165,3.652776195687906,0.0,0.0,0.0023911303667176753,0.025931222098208195
1757,65.56299687020214,128,2176,21,9,1,8,65.56299687020214,1472,0.21008355555555558,65.7730804257577,65.7730804257577,65.78816931464658,65.80260174429708,65.82903246939473,69.18085410432313,0.2660355991925911,3.61785723412099,0.0,0.0,0.014432429650497625,0.026430725097654317
1758,65.61421482572361,96,1408,85,4,1,9,65.61421482572361,256,0.332224,65.9464388257236,65.9464388257236,65.95726104794582,65.95775403889105,65.98419129475043,68.4778349226801,0.3699764690268239,2.8636200969564953,0.0,0.0,0.0004929909452329184,0.02643725585937773
1759,65.72103068304378,96,2176,1,10,1,5,65.72103068304378,2048,0.050083555555555555,65.77111423859934,65.77111423859934,65.78620312748822,65.79585231676306,65.82214179778984,68.31447852584044,0.10111111474606105,2.593447842796664,0.0,0.0,0.009649189274838932,0.026289481026779526
1760,65.78710958119798,96,2432,126,7,1,6,65.78710958119798,256,0.6197404444444444,66.40685002564243,66.40685002564243,66.42336113675354,66.42717209977857,66.45358645524732,68.97924241227857,0.6664768740493372,3.1921328310805848,0.0,0.0,0.0038109630250318105,0.026414355468745043
1761,65.8092047870305,64,832,40,8,1,2,65.8092047870305,256,0.170496,65.9797007870305,65.9797007870305,65.98732300925272,65.98840611115823,66.0149047683848,67.68510611464596,0.20569998135430012,1.8759013276154661,0.0,0.0,0.001083101905507533,0.02649865722656841
1762,65.8800751882809,160,1664,0,6,1,10,65.8800751882809,1536,0.04854755555555555,65.92862274383646,65.92862274383646,65.9408671882809,65.95083985489957,65.97731389461312,70.13902445195129,0.0972387063322202,4.258949263670388,0.0,0.0,0.009972666618665471,0.026474039713548336
1763,65.89074182455711,96,3200,2,3,1,9,65.89074182455711,3072,0.05315555555555555,65.94389738011266,65.94389738011266,65.96467515789044,65.98565497435371,66.01227061562975,68.51826392850178,0.12152879107263459,2.6275221039446706,0.0,0.0,0.020979816463267298,0.026615641276038104
1764,65.96298696666447,96,3200,2,5,1,3,65.96298696666447,3072,0.05315555555555555,66.01614252222002,66.01614252222002,66.0369202999978,66.06245528677334,66.08872872427334,68.58791337131572,0.1257417576088642,2.624926404651248,0.0,0.0,0.025534986775539892,0.02627343749999511
1765,65.99912317083619,96,5248,23,13,1,5,65.99912317083619,4288,0.29041066666666665,66.28953383750286,66.28953383750286,66.32168939305842,66.33983474307405,66.36630212588655,68.88827193382927,0.36717895505036324,2.889148762993088,0.0,0.0,0.018145350015629447,0.026467382812498386
1766,66.005113700397,64,5248,7,8,1,9,66.005113700397,4096,0.343744,66.348857700397,66.348857700397,66.38101325595257,66.38585048197297,66.4124733457425,68.08499205214596,0.40735964534549396,2.0798783517489596,0.0,0.0,0.004837226020399044,0.026622863769532046
1767,66.0309196295641,64,1664,0,12,1,6,66.0309196295641,1536,0.04854755555555555,66.07946718511965,66.07946718511965,66.0917116295641,66.1165168867145,66.14246561718326,67.77452535025616,0.11154598761916645,1.7436057206920594,0.0,0.0,0.024805257150404714,0.025948730468755343
1768,66.0370257264543,160,2176,1,3,1,10,66.0370257264543,2048,0.050083555555555555,66.08710928200986,66.08710928200986,66.10219817089875,66.11873806354642,66.14527677727409,70.33180567654864,0.10825105081978847,4.2947799500943376,0.0,0.0,0.016539892647671195,0.02653871372767469
1769,66.0825723961064,160,3200,6,10,1,7,66.0825723961064,3072,0.05315555555555555,66.13572795166195,66.13572795166195,66.15650572943973,66.163062393958,66.18920664619014,70.38727515669981,0.10663425008374361,4.304702760593415,0.0,0.0,0.006556664518271305,0.026144252232143117
1770,66.11851368732327,64,1984,17,6,1,15,66.11851368732327,1408,0.17395200000000002,66.29246568732327,66.29246568732327,66.3064879095455,66.3215208444829,66.34792855932666,68.00042520878722,0.22941487200338884,1.8819115214639481,0.0,0.0,0.015032934937408982,0.02640771484375648
1771,66.22745710899865,96,2176,5,4,1,0,66.22745710899865,2048,0.050083555555555555,66.27754066455421,66.27754066455421,66.29262955344309,66.30147645100043,66.32784383381292,68.81923091877385,0.10038672481427113,2.591773809775205,0.0,0.0,0.008846897557333477,0.026367382812495066
1772,66.32137583649244,128,832,152,11,1,13,66.32137583649244,256,0.170496,66.49187183649244,66.49187183649244,66.49949405871466,66.51875427327657,66.54483215413595,69.81100427327657,0.22345631764351026,3.4896284367841304,0.0,0.0,0.019260214561910516,0.02607788085937557
1773,66.39759020619903,128,1536,65,2,1,8,66.39759020619903,256,0.3681635555555556,66.76575376175458,66.76575376175458,66.77728709508791,66.77867279237002,66.80501566346376,70.10763968690127,0.4074254572647362,3.7100494807022386,0.0,0.0,0.0013856972821031377,0.026342871093746112
1774,66.42887885438068,160,2176,5,5,1,4,66.42887885438068,2048,0.050083555555555555,66.47896240993624,66.47896240993624,66.49405129882513,66.50918526724209,66.53544001054566,70.71487504123759,0.10656115616497175,4.285996186856906,0.0,0.0,0.015133968416961352,0.026254743303567807
1775,66.43524446466073,64,3200,6,9,1,10,66.43524446466073,3072,0.05315555555555555,66.48840002021628,66.48840002021628,66.50917779799406,66.51381304800803,66.54016387808616,68.20943247346376,0.10491941342543498,1.774188008803037,0.0,0.0,0.004635250013976133,0.02635083007812966
1776,66.52501602047003,128,2176,1,14,1,3,66.52501602047003,2048,0.050083555555555555,66.5750995760256,66.5750995760256,66.59018846491448,66.61239622097199,66.63827423203969,69.96577143256054,0.11325821156965787,3.4407554120905104,0.0,0.0,0.022207756057511574,0.02587801106770371
1777,66.57890281788231,160,2368,102,5,0,5,66.57890281788231,2112,0.0862151111111111,66.66511792899342,66.66511792899342,66.68127348454898,66.69300604477185,66.71927306486114,70.89850199436259,0.14037024697883282,4.319599176480281,0.0,0.0,0.011732560222867505,0.026267020089292714
1778,66.58839453987129,160,2176,13,4,1,15,66.58839453987129,1664,0.15675022222222224,66.74514476209352,66.74514476209352,66.7602336509824,66.77616404865667,66.80248794188583,70.97366890705511,0.21409340201454086,4.3852743671838255,0.0,0.0,0.015930397674267738,0.0263238932291614
1779,66.59807771941793,64,1280,76,6,1,10,66.59807771941793,256,0.29628444444444446,66.89436216386237,66.89436216386237,66.90447327497348,66.92961109513394,66.95595547292412,68.59846732304503,0.35787775350618745,2.0003896036270987,0.0,0.0,0.025137820160452407,0.026344377790181284
1780,66.60581506576358,160,2176,1,3,1,14,66.60581506576358,2048,0.050083555555555555,66.65589862131914,66.65589862131914,66.67098751020802,66.67231666287678,66.69860816678303,70.8806460085799,0.0927931010194527,4.2748309428163225,0.0,0.0,0.0013291526687595479,0.02629150390625057
1781,66.80987873407231,128,4864,47,14,1,2,66.80987873407231,256,1.302592,68.11247073407232,68.11247073407232,68.14249295629455,68.16319721381053,68.18945844427928,71.61112787787306,1.3795797102069685,4.801249143800746,0.0,0.0,0.02070425751598748,0.026261230468747954
1782,66.8251515184724,128,1664,0,15,1,12,66.8251515184724,1536,0.04854755555555555,66.87369907402795,66.87369907402795,66.8859435184724,66.90851591012122,66.93471720406653,70.26989636259518,0.10956568559413427,3.4447448441227806,0.0,0.0,0.022572391648822077,0.026201293945305792
1783,66.83727597063019,64,5248,7,0,1,8,66.83727597063019,5120,0.05929955555555556,66.89657552618574,66.89657552618574,66.9287310817413,66.9321716963166,66.95913686558744,68.64852814162911,0.12186089495725128,1.8112521709989267,0.0,0.0,0.003440614575296763,0.02696516927083792
1784,66.92560027442703,64,2816,78,9,1,2,66.92560027442703,256,0.7275591111111112,67.65315938553813,67.65315938553813,67.67180382998258,67.6785040066669,67.70501230744814,69.36568418244813,0.7794120330211172,2.4400839080211085,0.0,0.0,0.0067001766843191035,0.026508300781244998
1785,66.94840154318113,96,256,2,5,0,5,66.94840154318113,0,0.07987911111111111,67.02828065429225,67.02828065429225,67.03270287651446,67.03515466828375,67.06140097129715,69.55598368381571,0.11299942811601227,2.6075821406345767,0.0,0.0,0.0024517917692890023,0.026246303013394368
1786,66.95494948237798,64,2176,5,10,1,5,66.95494948237798,2048,0.050083555555555555,67.00503303793354,67.00503303793354,67.02012192682243,67.02760247952348,67.05378963075115,68.71083838912169,0.09884014837317068,1.7558889067437065,0.0,0.0,0.007480552701053966,0.02618715122767412
1787,66.98204519386721,128,1664,16,8,1,1,66.98204519386721,256,0.40410311111111114,67.38614830497832,67.38614830497832,67.39839274942277,67.4210051450589,67.44742091654328,70.8270683867814,0.46537572267607175,3.845023192914198,0.0,0.0,0.0226123956361306,0.026415771484380457
1788,67.18680451187167,96,1408,24,13,1,8,67.18680451187167,256,0.332224,67.51902851187167,67.51902851187167,67.52985073409388,67.53793762393343,67.56437768740999,70.04581343773553,0.37757317553831626,2.8590089258638614,0.0,0.0,0.00808688983954653,0.026440063476556475
1789,67.21238517294073,160,3200,6,1,1,9,67.21238517294073,256,0.8353777777777779,68.04776295071851,68.04776295071851,68.06854072849629,68.09472486163209,68.12130518389772,72.36934758298628,0.9089200109569902,5.156962410045551,0.0,0.0,0.026184133135799925,0.02658032226563023
1790,67.36340621009872,160,3200,10,12,1,7,67.36340621009872,2688,0.15982222222222223,67.52322843232093,67.52322843232093,67.54400621009871,67.56495910676658,67.59110347525616,71.81822261588117,0.22769726515744537,4.454816405782452,0.0,0.0,0.020952896667864707,0.026144368489582348
1791,67.4500040383154,96,4416,79,5,1,4,67.4500040383154,4160,0.0923591111111111,67.5423631494265,67.5423631494265,67.56989648275984,67.58703194227928,67.61348840386782,70.1127366135032,0.16348436555242074,2.6627325751878033,0.0,0.0,0.01713545951943729,0.02645646158853765
1792,67.49957292259279,64,896,48,6,1,3,67.49957292259279,256,0.1884657777777778,67.68803870037057,67.68803870037057,67.69601647814835,67.71448858769347,67.74048038456847,69.38242484257628,0.2409074619756808,1.8828519199834943,0.0,0.0,0.018472109545115245,0.025991796875004525
1793,67.52731351397449,128,256,0,0,0,15,67.52731351397449,0,0.07987911111111111,67.6071926250856,67.6071926250856,67.61161484730782,67.63592771845202,67.66256606480619,70.98236847366036,0.1352525508316944,3.4550549596858673,0.0,0.0,0.024312871144203996,0.026638346354161513
1794,67.5811066699674,96,3200,2,4,1,5,67.5811066699674,3072,0.05315555555555555,67.63426222552295,67.63426222552295,67.65504000330073,67.66544832600042,67.69166365803167,70.18967720783635,0.11055698806427472,2.6085705378689568,0.0,0.0,0.010408322699689165,0.026215332031256366
1795,67.63243173804074,96,2944,26,3,1,4,67.63243173804074,2560,0.12349866666666667,67.7559304047074,67.7559304047074,67.77528596026295,67.77760914334553,67.8040169395695,70.30567066678302,0.17158520152875667,2.673238928742279,0.0,0.0,0.0023231830825807265,0.026407796223963942
1796,67.67827767042816,128,5248,3,7,1,8,67.67827767042816,5120,0.05929955555555556,67.73757722598371,67.73757722598371,67.76973278153928,67.77479810075513,67.80142769059889,71.27041526384107,0.1231500201707263,3.5921375934129145,0.0,0.0,0.0050653192158591764,0.026629589843750523
1797,67.68392483231547,160,3200,2,10,1,4,67.68392483231547,3072,0.05315555555555555,67.73708038787102,67.73708038787102,67.7578581656488,67.7620602641217,67.78829747115294,72.01142994185608,0.10437263883747505,4.32750510954061,0.0,0.0,0.004202098472902094,0.02623720703124377
1798,67.73415508355419,96,4224,123,8,0,,67.73415508355419,256,1.1228942222222222,68.85704930577641,68.85704930577641,68.88351597244308,68.88661135553139,68.91345543105221,71.45044924615641,1.1793003474980281,3.7162941626022246,0.0,0.0,0.0030953830883078126,0.02684407552082746
1799,67.75430617555483,128,1664,0,15,0,15,67.75430617555483,1536,0.04854755555555555,67.80285373111039,67.80285373111039,67.81509817555484,67.82913073759518,67.85535306832435,71.18491296415768,0.10104689276951717,3.4306067886028444,0.0,0.0,0.014032562040341645,0.02622233072916913
